Timestamp,Schedule_Mode,FPS,Leaf_Lat_ms,Pest_Lat_ms,CPU_%,RAM_MB,Temp_C,Freq_MHz,GPU_%,GPU_MHz,Batt_Voltage_mV,Batt_Current_mA,Batt_Percent,Batt_State,Leaf_Detections,Pest_Detections
18:17:58.576,staggered,0.0,0.0,0.0,0.0,994.2,54.5,2400,0.0,0.0,16193,-509,81,discharging,None,None
18:17:59.079,staggered,0.0,0.0,0.0,0.0,994.2,54.5,2400,0.0,0.0,16203,-368,81,discharging,None,None
18:17:59.583,staggered,0.0,0.0,0.0,0.0,994.2,54.5,2400,0.0,0.0,16204,-318,81,discharging,None,None
18:18:00.086,staggered,0.0,0.0,0.0,0.5,994.2,54.0,2400,0.0,0.0,16205,-316,81,discharging,None,None
18:18:00.590,staggered,0.0,0.0,0.0,0.0,994.2,54.0,2400,0.0,0.0,16205,-316,81,discharging,None,None
18:18:01.093,staggered,0.0,0.0,0.0,0.0,989.4,54.0,2400,0.0,0.0,16207,-311,81,discharging,None,None
18:18:01.597,staggered,0.0,0.0,0.0,0.0,989.4,53.5,1500,0.0,0.0,16212,-289,81,discharging,None,None
18:18:02.100,staggered,0.0,0.0,0.0,0.0,987.8,52.9,1500,0.0,0.0,16214,-261,81,discharging,None,None
18:18:02.604,staggered,0.0,0.0,0.0,0.0,987.8,52.9,1500,0.0,0.0,16216,-251,81,discharging,None,None
18:18:03.108,staggered,0.0,0.0,0.0,0.0,987.8,51.8,1500,0.0,0.0,16216,-250,81,discharging,None,None
18:18:03.611,staggered,0.0,0.0,0.0,0.0,988.0,52.4,1500,0.0,0.0,16217,-250,81,discharging,None,None
18:18:04.115,staggered,0.0,0.0,0.0,0.0,984.2,51.8,1500,0.0,0.0,16216,-250,81,discharging,None,None
18:18:04.618,staggered,0.0,0.0,0.0,0.0,984.2,51.8,1500,0.0,0.0,16217,-250,81,discharging,None,None
18:18:05.122,staggered,0.0,0.0,0.0,0.0,982.8,51.2,1500,0.0,0.0,16216,-250,81,discharging,None,None
18:18:05.626,staggered,0.0,0.0,0.0,1.0,984.0,52.4,1500,0.0,0.0,16215,-250,81,discharging,None,None
18:18:06.130,staggered,0.0,0.0,0.0,1.0,982.0,51.2,1500,0.0,0.0,16216,-251,81,discharging,None,None
18:18:06.633,staggered,0.0,0.0,0.0,0.0,982.0,51.8,1500,0.0,0.0,16215,-252,81,discharging,None,None
18:18:07.137,staggered,0.0,0.0,0.0,0.5,980.5,51.2,1500,0.0,0.0,16216,-252,81,discharging,None,None
18:18:07.641,staggered,0.0,0.0,0.0,0.5,981.2,51.2,1600,0.0,0.0,16217,-249,81,discharging,None,None
18:18:08.145,staggered,0.0,0.0,0.0,0.5,979.8,50.7,1500,0.0,0.0,16217,-250,81,discharging,None,None
18:18:08.648,staggered,0.0,0.0,0.0,0.5,980.0,51.2,1500,0.0,0.0,16217,-252,81,discharging,None,None
18:18:09.152,staggered,0.0,0.0,0.0,0.5,977.5,51.2,1500,0.0,0.0,16217,-251,81,discharging,None,None
18:18:09.656,staggered,0.0,0.0,0.0,0.0,977.5,50.7,1500,0.0,0.0,16218,-250,81,discharging,None,None
18:18:10.159,staggered,0.0,0.0,0.0,0.0,974.4,51.8,1500,0.0,0.0,16217,-249,81,discharging,None,None
18:18:10.663,staggered,0.0,0.0,0.0,0.0,974.4,50.7,1500,0.0,0.0,16218,-249,81,discharging,None,None
18:18:11.167,staggered,0.0,0.0,0.0,0.5,973.1,51.8,1500,0.0,0.0,16217,-249,81,discharging,None,None
18:18:11.670,staggered,0.0,0.0,0.0,0.0,973.1,50.7,1500,0.0,0.0,16218,-249,81,discharging,None,None
18:18:12.174,staggered,0.0,0.0,0.0,0.0,970.8,50.7,1500,0.0,0.0,16217,-249,81,discharging,None,None
18:18:12.678,staggered,0.0,0.0,0.0,0.0,971.0,50.7,1500,0.0,0.0,16218,-249,81,discharging,None,None
18:18:13.181,staggered,0.0,0.0,0.0,0.0,970.3,51.2,1500,0.0,0.0,16216,-249,81,discharging,None,None
18:18:13.685,staggered,0.0,0.0,0.0,0.0,970.3,50.7,1500,0.0,0.0,16217,-249,81,discharging,None,None
18:18:14.188,staggered,0.0,0.0,0.0,0.0,969.1,51.2,1500,0.0,0.0,16218,-248,81,discharging,None,None
18:18:14.692,staggered,0.0,0.0,0.0,0.0,969.1,50.7,1500,0.0,0.0,16217,-248,81,discharging,None,None
18:18:15.195,staggered,0.0,0.0,0.0,0.0,967.8,50.1,1500,0.0,0.0,16219,-248,81,discharging,None,None
18:18:15.699,staggered,0.0,0.0,0.0,0.0,967.8,50.7,1500,0.0,0.0,16219,-248,81,discharging,None,None
18:18:16.203,staggered,0.0,0.0,0.0,0.0,967.1,50.1,1500,0.0,0.0,16219,-248,81,discharging,None,None
18:18:16.706,staggered,0.0,0.0,0.0,0.0,967.1,50.7,1500,0.0,0.0,16219,-248,81,discharging,None,None
18:18:17.210,staggered,0.0,0.0,0.0,0.5,964.5,50.7,1500,0.0,0.0,16219,-249,81,discharging,None,None
18:18:17.713,staggered,0.0,0.0,0.0,0.0,964.5,51.2,1500,0.0,0.0,16219,-248,81,discharging,None,None
18:18:18.217,staggered,0.0,0.0,0.0,0.0,963.2,50.1,1500,0.0,0.0,16218,-248,81,discharging,None,None
18:18:18.721,staggered,0.0,0.0,0.0,0.0,963.2,50.7,1500,0.0,0.0,16218,-248,81,discharging,None,None
18:18:19.224,staggered,0.0,0.0,0.0,0.0,961.7,50.7,1500,0.0,0.0,16218,-248,81,discharging,None,None
18:18:19.728,staggered,0.0,0.0,0.0,0.0,961.7,50.1,1500,0.0,0.0,16219,-248,81,discharging,None,None
18:18:20.231,staggered,0.0,0.0,0.0,0.0,959.7,50.1,1500,0.0,0.0,16217,-248,81,discharging,None,None
18:18:20.735,staggered,0.0,0.0,0.0,0.0,959.7,51.8,1500,0.0,0.0,16218,-248,81,discharging,None,None
18:18:21.239,staggered,0.0,0.0,0.0,0.0,959.4,50.1,1500,0.0,0.0,16218,-248,81,discharging,None,None
18:18:21.742,staggered,0.0,0.0,0.0,0.0,959.0,49.6,1500,0.0,0.0,16218,-248,81,discharging,None,None
18:18:22.246,staggered,0.0,0.0,0.0,0.0,958.6,50.1,1500,0.0,0.0,16219,-248,81,discharging,None,None
18:18:22.749,staggered,0.0,0.0,0.0,0.0,958.6,50.1,1500,0.0,0.0,16219,-248,81,discharging,None,None
18:18:23.253,staggered,0.0,0.0,0.0,0.0,957.9,50.1,1500,0.0,0.0,16219,-248,81,discharging,None,None
18:18:23.757,staggered,0.0,0.0,0.0,0.0,957.3,50.7,1500,0.0,0.0,16218,-248,81,discharging,None,None
18:18:24.260,staggered,0.0,0.0,0.0,0.0,957.1,50.1,1500,0.0,0.0,16219,-248,81,discharging,None,None
18:18:24.764,staggered,0.0,0.0,0.0,0.0,957.5,50.7,1500,0.0,0.0,16219,-247,81,discharging,None,None
18:18:25.267,staggered,0.0,0.0,0.0,0.0,957.6,50.1,1500,0.0,0.0,16218,-247,81,discharging,None,None
18:18:25.771,staggered,0.0,0.0,0.0,0.0,957.3,49.0,1500,0.0,0.0,16219,-247,81,discharging,None,None
18:18:26.275,staggered,0.0,0.0,0.0,0.5,957.3,50.7,1500,0.0,0.0,16219,-247,81,discharging,None,None
18:18:26.778,staggered,0.0,0.0,0.0,0.0,957.3,50.1,1500,0.0,0.0,16219,-248,81,discharging,None,None
18:18:27.282,staggered,0.0,0.0,0.0,0.0,956.3,50.7,1500,0.0,0.0,16219,-248,81,discharging,None,None
18:18:27.786,staggered,0.0,0.0,0.0,0.0,956.8,50.1,1500,0.0,0.0,16218,-248,81,discharging,None,None
18:18:28.289,staggered,0.0,0.0,0.0,0.0,956.8,50.1,1500,0.0,0.0,16218,-247,81,discharging,None,None
18:18:28.793,staggered,0.0,0.0,0.0,0.0,956.8,50.1,1500,0.0,0.0,16219,-248,81,discharging,None,None
18:18:29.297,staggered,0.0,0.0,0.0,0.0,956.5,49.6,1500,0.0,0.0,16219,-247,81,discharging,None,None
18:18:29.800,staggered,0.0,0.0,0.0,0.0,956.5,49.6,1500,0.0,0.0,16219,-247,81,discharging,None,None
18:18:30.304,staggered,0.0,0.0,0.0,0.0,955.7,49.6,1500,0.0,0.0,16220,-248,81,discharging,None,None
18:18:30.807,staggered,0.0,0.0,0.0,0.5,955.7,49.6,1500,0.0,0.0,16219,-247,81,discharging,None,None
18:18:31.311,staggered,0.0,0.0,0.0,0.0,955.7,50.1,1500,0.0,0.0,16219,-247,81,discharging,None,None
18:18:31.815,staggered,0.0,0.0,0.0,0.0,956.1,49.6,1500,0.0,0.0,16219,-247,81,discharging,None,None
18:18:32.318,staggered,0.0,0.0,0.0,0.0,955.9,50.1,1500,0.0,0.0,16218,-247,81,discharging,None,None
18:18:32.822,staggered,0.0,0.0,0.0,0.0,955.9,49.6,1500,0.0,0.0,16219,-248,81,discharging,None,None
18:18:33.325,staggered,0.0,0.0,0.0,0.0,955.9,49.0,1500,0.0,0.0,16218,-247,81,discharging,None,None
18:18:33.829,staggered,0.0,0.0,0.0,0.0,955.0,50.7,1500,0.0,0.0,16220,-247,81,discharging,None,None
18:18:34.332,staggered,0.0,0.0,0.0,0.0,954.8,49.0,1500,0.0,0.0,16218,-247,81,discharging,None,None
18:18:34.836,staggered,0.0,0.0,0.0,0.0,954.8,49.6,1500,0.0,0.0,16220,-247,81,discharging,None,None
18:18:35.340,staggered,0.0,0.0,0.0,0.0,955.2,49.6,1500,0.0,0.0,16220,-248,81,discharging,None,None
18:18:35.843,staggered,0.0,0.0,0.0,0.0,955.2,49.0,1500,0.0,0.0,16219,-248,81,discharging,None,None
18:18:36.347,staggered,0.0,0.0,0.0,0.0,955.2,50.1,1500,0.0,0.0,16221,-247,81,discharging,None,None
18:18:36.850,staggered,0.0,0.0,0.0,0.0,953.8,49.6,1500,0.0,0.0,16221,-247,81,discharging,None,None
18:18:37.354,staggered,0.0,0.0,0.0,0.0,953.8,49.6,1500,0.0,0.0,16221,-248,81,discharging,None,None
18:18:37.857,staggered,0.0,0.0,0.0,0.0,953.8,49.0,1500,0.0,0.0,16220,-247,81,discharging,None,None
18:18:38.361,staggered,0.0,0.0,0.0,0.0,953.8,49.6,1500,0.0,0.0,16220,-247,81,discharging,None,None
18:18:38.865,staggered,0.0,0.0,0.0,0.0,953.8,49.0,1500,0.0,0.0,16218,-247,81,discharging,None,None
18:18:39.368,staggered,0.0,0.0,0.0,0.0,953.8,49.6,1500,0.0,0.0,16219,-247,81,discharging,None,None
18:18:39.872,staggered,0.0,0.0,0.0,0.0,953.1,50.1,1500,0.0,0.0,16221,-247,81,discharging,None,None
18:18:40.375,staggered,0.0,0.0,0.0,0.0,953.1,49.6,1500,0.0,0.0,16219,-247,81,discharging,None,None
18:18:40.879,staggered,0.0,0.0,0.0,1.0,953.1,48.0,1500,0.0,0.0,16219,-248,81,discharging,None,None
18:18:41.383,staggered,0.0,0.0,0.0,0.5,953.1,49.0,1500,0.0,0.0,16219,-248,81,discharging,None,None
18:18:41.886,staggered,0.0,0.0,0.0,0.0,952.9,49.0,1500,0.0,0.0,16219,-247,81,discharging,None,None
18:18:42.390,staggered,0.0,0.0,0.0,0.0,952.9,49.6,1500,0.0,0.0,16219,-247,81,discharging,None,None
18:18:42.894,staggered,0.0,0.0,0.0,0.0,952.9,49.0,1500,0.0,0.0,16219,-247,81,discharging,None,None
18:18:43.397,staggered,0.0,0.0,0.0,0.0,952.9,49.6,1500,0.0,0.0,16219,-247,81,discharging,None,None
18:18:43.901,staggered,0.0,0.0,0.0,0.0,952.6,48.5,1500,0.0,0.0,16220,-247,81,discharging,None,None
18:18:44.404,staggered,0.0,0.0,0.0,0.0,952.6,49.0,1500,0.0,0.0,16220,-246,81,discharging,None,None
18:18:44.908,staggered,0.0,0.0,0.0,0.0,952.6,50.1,1500,0.0,0.0,16220,-247,81,discharging,None,None
18:18:45.412,staggered,0.0,0.0,0.0,0.0,952.6,49.6,1500,0.0,0.0,16220,-248,81,discharging,None,None
18:18:45.915,staggered,0.0,0.0,0.0,0.0,953.6,49.0,1500,0.0,0.0,16221,-247,81,discharging,None,None
18:18:46.419,staggered,0.0,0.0,0.0,0.0,953.6,49.0,1500,0.0,0.0,16220,-247,81,discharging,None,None
18:18:46.922,staggered,0.0,0.0,0.0,0.0,953.3,49.6,1500,0.0,0.0,16220,-247,81,discharging,None,None
18:18:47.426,staggered,0.0,0.0,0.0,0.0,953.3,49.0,1500,0.0,0.0,16219,-247,81,discharging,None,None
18:18:47.930,staggered,0.0,0.0,0.0,0.0,953.1,49.0,1500,0.0,0.0,16220,-247,81,discharging,None,None
18:18:48.433,staggered,0.0,0.0,0.0,0.0,953.1,49.6,1500,0.0,0.0,16219,-246,81,discharging,None,None
18:18:48.937,staggered,0.0,0.0,0.0,0.0,953.1,50.1,1500,0.0,0.0,16219,-247,81,discharging,None,None
18:18:49.440,staggered,0.0,0.0,0.0,0.0,953.9,48.5,1500,0.0,0.0,16220,-247,81,discharging,None,None
18:18:49.944,staggered,0.0,0.0,0.0,0.0,954.0,48.5,1500,0.0,0.0,16220,-246,81,discharging,None,None
18:18:50.448,staggered,0.0,0.0,0.0,0.0,954.0,48.5,1500,0.0,0.0,16220,-247,81,discharging,None,None
18:18:50.951,staggered,0.0,0.0,0.0,0.0,954.0,49.0,1500,0.0,0.0,16220,-247,81,discharging,None,None
18:18:51.455,staggered,0.0,0.0,0.0,0.0,954.3,49.0,1500,0.0,0.0,16221,-247,81,discharging,None,None
18:18:51.958,staggered,0.0,0.0,0.0,0.5,954.5,49.0,1500,0.0,0.0,16221,-247,81,discharging,None,None
18:18:52.462,staggered,0.0,0.0,0.0,0.0,954.5,49.0,1500,0.0,0.0,16220,-246,81,discharging,None,None
18:18:52.965,staggered,0.0,0.0,0.0,0.0,954.5,49.0,1500,0.0,0.0,16221,-247,81,discharging,None,None
18:18:53.469,staggered,0.0,0.0,0.0,0.0,954.5,49.0,1500,0.0,0.0,16219,-247,81,discharging,None,None
18:18:53.973,staggered,0.0,0.0,0.0,0.0,953.8,48.5,1500,0.0,0.0,16221,-247,81,discharging,None,None
18:18:54.476,staggered,0.0,0.0,0.0,0.0,953.8,49.0,1500,0.0,0.0,16220,-247,81,discharging,None,None
18:18:54.980,staggered,0.0,0.0,0.0,0.0,953.6,49.0,1500,0.0,0.0,16221,-247,81,discharging,None,None
18:18:55.483,staggered,0.0,0.0,0.0,0.5,953.6,48.5,1500,0.0,0.0,16219,-247,81,discharging,None,None
18:18:55.987,staggered,0.0,0.0,0.0,0.0,953.6,48.5,1500,0.0,0.0,16220,-247,81,discharging,None,None
18:18:56.490,staggered,0.0,0.0,0.0,0.5,953.6,48.5,1500,0.0,0.0,16219,-247,81,discharging,None,None
18:18:56.994,staggered,0.0,0.0,0.0,0.0,953.1,49.0,1500,0.0,0.0,16220,-247,81,discharging,None,None
18:18:57.497,staggered,0.0,0.0,0.0,0.0,953.1,48.0,1500,0.0,0.0,16221,-247,81,discharging,None,None
18:18:58.001,staggered,0.0,0.0,0.0,0.0,952.9,49.0,1500,0.0,0.0,16220,-246,81,discharging,None,None
18:18:58.505,staggered,0.0,0.0,0.0,0.0,952.9,49.0,1500,0.0,0.0,16221,-246,81,discharging,None,None
18:18:59.008,staggered,0.0,0.0,0.0,9.9,952.9,49.0,2400,0.0,0.0,16215,-263,81,discharging,None,None
18:18:59.519,staggered,0.0,0.0,0.0,68.6,1095.7,54.5,2400,0.0,0.0,16195,-370,81,discharging,None,None
18:19:00.022,staggered,0.0,690.5,414.2,71.1,1117.6,52.4,2400,0.0,0.0,16153,-599,81,discharging,None,None
18:19:00.526,staggered,6.2,690.5,414.2,1.5,1117.6,52.4,2400,0.0,0.0,16194,-575,81,discharging,None,None
18:19:01.039,staggered,6.2,690.5,414.2,74.0,1129.8,56.2,2400,0.0,0.0,16186,-452,81,discharging,None,None
18:19:01.542,staggered,8.3,659.1,399.6,60.2,1131.7,54.0,2400,0.0,0.0,16148,-612,81,discharging,None,None
18:19:02.046,staggered,8.3,659.1,399.6,2.5,1131.4,52.9,2400,0.0,0.0,16194,-559,81,discharging,None,None
18:19:02.559,staggered,8.3,659.1,399.6,85.3,1131.9,57.9,2400,0.0,0.0,16168,-465,81,discharging,None,None
18:19:03.062,staggered,8.2,571.0,355.4,43.6,1130.5,54.0,2400,0.0,0.0,16148,-609,81,discharging,None,None
18:19:03.572,staggered,8.2,571.0,355.4,16.4,1130.5,55.6,2400,0.0,0.0,16192,-531,81,discharging,None,None
18:19:04.076,staggered,8.4,407.9,355.4,92.6,1129.3,58.4,2400,0.0,0.0,16161,-502,81,discharging,None,None
18:19:04.579,staggered,8.4,407.9,161.3,13.4,1129.3,54.5,2400,0.0,0.0,16179,-582,81,discharging,None,None
18:19:05.087,staggered,8.4,407.9,161.3,75.2,1128.5,59.0,2400,0.0,0.0,16180,-519,81,discharging,None,None
18:19:05.591,staggered,8.4,415.2,168.7,44.3,1127.4,56.8,2400,0.0,0.0,16181,-552,81,discharging,None,None
18:19:06.099,staggered,8.4,415.2,168.7,36.9,1125.8,59.5,2400,0.0,0.0,16184,-545,81,discharging,None,None
18:19:06.602,staggered,8.3,407.7,168.7,49.5,1125.8,56.2,2400,0.0,0.0,16147,-583,81,discharging,None,None
18:19:07.106,staggered,8.3,407.7,159.2,36.3,1123.1,55.1,2400,0.0,0.0,16171,-596,81,discharging,None,None
18:19:07.609,staggered,8.3,407.3,159.2,83.5,1123.1,57.3,2400,0.0,0.0,16157,-536,81,discharging,None,None
18:19:08.116,staggered,8.3,407.3,159.2,16.3,1119.2,56.8,2400,0.0,0.0,16179,-546,81,discharging,None,None
18:19:08.620,staggered,8.3,407.3,159.3,77.6,1119.2,59.0,2400,0.0,0.0,16165,-538,81,discharging,None,None
18:19:09.124,staggered,8.3,415.1,159.3,29.9,1117.7,56.2,2400,0.0,0.0,16144,-613,81,discharging,None,None
18:19:09.638,staggered,8.3,415.1,195.8,45.6,1117.7,59.5,2400,0.0,0.0,16188,-539,81,discharging,None,None
18:19:10.142,staggered,8.3,441.5,195.8,74.9,1115.0,57.9,2400,0.0,0.0,16143,-573,81,discharging,None,None
18:19:10.645,staggered,8.3,441.5,195.8,3.0,1115.0,55.6,2400,0.0,0.0,16176,-616,81,discharging,None,None
18:19:11.590,staggered,8.3,441.5,195.8,84.4,1113.2,60.6,2400,0.0,0.0,16143,-608,81,discharging,None,None
18:19:12.094,staggered,8.3,873.4,791.1,21.8,1110.8,57.3,2400,0.0,0.0,16170,-669,81,discharging,None,None
18:19:12.603,staggered,8.3,873.4,791.1,26.9,1110.8,59.5,2400,0.0,0.0,16189,-496,81,discharging,None,None
18:19:13.106,staggered,5.9,516.9,301.5,99.5,1111.1,60.6,2400,0.0,0.0,16142,-562,81,discharging,None,None
18:19:13.610,staggered,5.9,516.9,301.5,5.0,1110.0,56.8,2400,0.0,0.0,16176,-631,81,discharging,None,None
18:19:14.118,staggered,8.3,516.9,301.5,65.7,1110.0,61.1,2400,0.0,0.0,16181,-503,81,discharging,None,None
18:19:14.621,staggered,8.3,410.9,158.8,55.0,1107.5,58.4,2400,0.0,0.0,16168,-581,81,discharging,None,None
18:19:15.128,staggered,8.3,410.9,158.8,27.2,1106.5,59.0,2400,0.0,0.0,16184,-571,81,discharging,None,None
18:19:15.632,staggered,8.3,397.9,158.8,57.2,1106.5,58.4,2400,0.0,0.0,16143,-571,81,discharging,None,None
18:19:16.135,staggered,8.3,397.9,157.2,36.1,1105.7,56.8,2400,0.0,0.0,16148,-610,81,discharging,None,None
18:19:16.639,staggered,8.3,400.9,157.2,82.6,1106.6,60.0,2400,0.0,0.0,16153,-547,81,discharging,None,None
18:19:17.147,staggered,8.3,400.9,157.2,26.9,1105.5,60.0,2400,0.0,0.0,16176,-552,81,discharging,None,None
18:19:17.653,staggered,8.3,400.9,162.4,60.6,1110.1,61.7,2400,0.0,0.0,16183,-540,81,discharging,None,None
18:19:18.157,staggered,8.3,397.9,162.4,34.5,1120.6,57.3,2400,0.0,0.0,16148,-611,81,discharging,None,None
18:19:18.663,staggered,8.3,397.9,158.4,49.5,1120.6,60.6,2400,0.0,0.0,16185,-560,81,discharging,None,None
18:19:19.167,staggered,8.3,408.8,158.4,71.6,1119.8,58.4,2400,0.0,0.0,16137,-591,81,discharging,None,None
18:19:19.671,staggered,8.3,408.8,158.4,2.5,1119.7,56.8,2400,0.0,0.0,16180,-594,81,discharging,None,None
18:19:20.183,staggered,8.3,408.8,424.0,85.7,1119.3,62.2,2400,0.0,0.0,16161,-496,81,discharging,None,None
18:19:20.686,staggered,8.3,604.4,424.0,51.2,1117.9,59.0,2400,0.0,0.0,16135,-644,81,discharging,None,None
18:19:21.190,staggered,8.4,604.4,424.0,2.5,1115.6,57.3,2400,0.0,0.0,16184,-577,81,discharging,None,None
18:19:21.703,staggered,8.4,604.4,424.0,95.1,1115.6,61.7,2400,0.0,0.0,16153,-489,81,discharging,None,None
18:19:22.207,staggered,8.4,734.4,478.5,52.7,1114.8,58.4,2400,0.0,0.0,16137,-661,81,discharging,None,None
18:19:22.710,staggered,8.3,734.4,478.5,2.0,1114.8,57.3,2400,0.0,0.0,16184,-579,81,discharging,None,None
18:19:23.226,staggered,8.3,734.4,478.5,92.1,1114.4,62.8,2400,0.0,0.0,16158,-482,81,discharging,None,None
18:19:23.730,staggered,8.3,611.4,404.7,59.5,1113.9,59.5,2400,0.0,0.0,16137,-652,81,discharging,None,None
18:19:24.240,staggered,8.3,611.4,404.7,16.3,1112.0,59.5,2400,0.0,0.0,16181,-588,81,discharging,None,None
18:19:24.745,staggered,8.3,391.0,404.7,83.3,1112.0,62.2,2400,0.0,0.0,16142,-535,81,discharging,None,None
18:19:25.248,staggered,7.9,391.0,162.2,19.3,1110.3,57.9,2400,0.0,0.0,16153,-610,81,discharging,None,None
18:19:25.755,staggered,7.9,395.0,162.2,78.7,1110.3,62.2,2400,0.0,0.0,16179,-537,81,discharging,None,None
18:19:26.259,staggered,8.4,395.0,159.4,38.8,1109.2,60.0,2400,0.0,0.0,16169,-552,81,discharging,None,None
18:19:26.767,staggered,8.4,395.0,159.4,43.1,1109.2,61.7,2400,0.0,0.0,16177,-568,81,discharging,None,None
18:19:27.270,staggered,8.3,407.7,159.4,42.4,1108.1,59.5,2400,0.0,0.0,16138,-613,81,discharging,None,None
18:19:27.783,staggered,8.3,407.7,167.8,41.5,1108.1,59.5,2400,0.0,0.0,16180,-596,81,discharging,None,None
18:19:28.286,staggered,8.3,400.8,167.8,78.7,1107.0,60.0,2400,0.0,0.0,16148,-553,81,discharging,None,None
18:19:28.795,staggered,8.3,400.8,167.8,11.0,1121.3,59.5,2400,0.0,0.0,16172,-573,81,discharging,None,None
18:19:29.299,staggered,8.3,400.8,163.1,92.2,1120.8,63.4,2400,0.0,0.0,16147,-536,81,discharging,None,None
18:19:29.803,staggered,8.3,409.8,163.1,19.0,1120.4,57.3,2400,0.0,0.0,16138,-607,81,discharging,None,None
18:19:30.314,staggered,8.3,409.8,163.1,41.2,1119.3,60.6,2400,0.0,0.0,16183,-539,81,discharging,None,None
18:19:30.818,staggered,8.3,620.6,426.3,98.5,1121.0,62.2,2400,0.0,0.0,16147,-545,81,discharging,None,None
18:19:31.322,staggered,8.3,620.6,426.3,2.0,1118.9,57.9,2400,0.0,0.0,16165,-650,81,discharging,None,None
18:19:31.834,staggered,8.3,620.6,426.3,46.8,1118.7,61.1,2400,0.0,0.0,16183,-511,81,discharging,None,None
18:19:32.338,staggered,8.3,702.7,439.9,95.6,1118.0,61.7,2400,0.0,0.0,16143,-552,81,discharging,None,None
18:19:32.841,staggered,8.3,702.7,439.9,2.5,1116.7,57.9,2400,0.0,0.0,16165,-652,81,discharging,None,None
18:19:33.349,staggered,8.3,702.7,439.9,50.5,1116.1,61.7,2400,0.0,0.0,16182,-506,81,discharging,None,None
18:19:33.853,staggered,8.3,627.7,394.5,87.6,1114.5,60.6,2400,0.0,0.0,16141,-561,81,discharging,None,None
18:19:34.357,staggered,8.3,627.7,394.5,2.5,1114.5,59.0,2400,0.0,0.0,16171,-646,81,discharging,None,None
18:19:34.864,staggered,8.4,627.7,394.5,67.5,1114.1,63.4,2400,0.0,0.0,16185,-497,81,discharging,None,None
18:19:35.367,staggered,8.4,399.1,161.2,51.2,1113.3,59.5,2400,0.0,0.0,16137,-578,81,discharging,None,None
18:19:35.876,staggered,8.3,399.1,161.2,34.5,1113.3,61.7,2400,0.0,0.0,16174,-607,81,discharging,None,None
18:19:36.382,staggered,8.3,402.9,161.2,67.2,1112.2,60.0,2400,0.0,0.0,16146,-559,81,discharging,None,None
18:19:36.886,staggered,7.9,402.9,165.7,28.9,1110.5,59.0,2400,0.0,0.0,16147,-625,81,discharging,None,None
18:19:37.389,staggered,7.9,394.7,165.7,81.3,1110.5,61.1,2400,0.0,0.0,16181,-542,81,discharging,None,None
18:19:37.893,staggered,7.9,394.7,162.5,35.7,1108.8,60.6,2400,0.0,0.0,16161,-554,81,discharging,None,None
18:19:38.407,staggered,8.3,394.7,162.5,50.7,1108.8,62.2,2400,0.0,0.0,16170,-577,81,discharging,None,None
18:19:38.910,staggered,8.3,399.3,162.5,33.2,1108.5,59.0,2400,0.0,0.0,16136,-574,81,discharging,None,None
18:19:39.420,staggered,8.3,399.3,160.0,47.8,1108.5,61.1,2400,0.0,0.0,16146,-555,81,discharging,None,None
18:19:39.923,staggered,8.3,415.3,160.0,72.2,1107.8,59.5,2400,0.0,0.0,16131,-616,81,discharging,None,None
18:19:40.428,staggered,8.3,415.3,160.0,2.5,1107.8,59.0,2400,0.0,0.0,16180,-558,81,discharging,None,None
18:19:40.936,staggered,8.3,415.3,223.1,100.0,1109.7,62.8,2400,0.0,0.0,16145,-551,81,discharging,None,None
18:19:41.439,staggered,8.3,445.2,223.1,22.4,1108.0,59.0,2400,0.0,0.0,16170,-623,81,discharging,None,None
18:19:41.959,staggered,8.3,445.2,223.1,30.7,1108.2,60.6,2400,0.0,0.0,16182,-487,81,discharging,None,None
18:19:42.463,staggered,8.3,445.2,488.1,100.0,1108.2,63.9,2400,0.0,0.0,16136,-587,81,discharging,None,None
18:19:42.967,staggered,8.3,718.7,488.1,19.0,1107.4,59.5,2400,0.0,0.0,16169,-655,81,discharging,None,None
18:19:43.475,staggered,8.3,718.7,488.1,28.1,1107.4,62.8,2400,0.0,0.0,16183,-486,81,discharging,None,None
18:19:43.982,staggered,8.3,718.7,488.1,100.0,1107.4,63.9,2400,0.0,0.0,16136,-590,81,discharging,None,None
18:19:44.486,staggered,8.3,723.6,485.5,20.3,1106.3,59.5,2400,0.0,0.0,16169,-662,81,discharging,None,None
18:19:44.991,staggered,8.3,723.6,485.5,27.0,1106.1,62.2,2400,0.0,0.0,16183,-485,81,discharging,None,None
18:19:45.495,staggered,8.3,439.4,219.2,95.0,1105.9,62.8,2400,0.0,0.0,16134,-585,81,discharging,None,None
18:19:45.998,staggered,8.3,439.4,219.2,2.0,1105.7,59.0,2400,0.0,0.0,16174,-621,81,discharging,None,None
18:19:46.506,staggered,8.4,394.9,219.2,79.7,1105.7,62.8,2400,0.0,0.0,16148,-540,81,discharging,None,None
18:19:47.010,staggered,8.4,394.9,170.3,38.8,1104.7,59.5,2400,0.0,0.0,16144,-615,81,discharging,None,None
18:19:47.519,staggered,8.4,394.9,170.3,44.8,1104.7,63.4,2400,0.0,0.0,16181,-545,81,discharging,None,None
18:19:48.023,staggered,8.3,572.4,170.3,50.7,1104.0,60.0,2400,0.0,0.0,16144,-573,81,discharging,None,None
18:19:48.527,staggered,8.3,572.4,162.9,35.2,1104.0,58.4,2400,0.0,0.0,16161,-605,81,discharging,None,None
18:19:49.035,staggered,8.0,572.4,162.9,72.3,1108.0,63.9,2400,0.0,0.0,16153,-543,81,discharging,None,None
18:19:49.539,staggered,8.0,406.2,162.9,43.1,1109.8,62.2,2400,0.0,0.0,16167,-561,81,discharging,None,None
18:19:50.043,staggered,8.0,406.2,167.5,40.2,1109.8,62.8,2400,0.0,0.0,16170,-556,81,discharging,None,None
18:19:50.547,staggered,8.3,402.6,167.5,50.2,1109.8,60.6,2400,0.0,0.0,16130,-632,81,discharging,None,None
18:19:51.050,staggered,8.3,402.6,159.3,36.0,1109.6,60.0,2400,0.0,0.0,16170,-618,81,discharging,None,None
18:19:51.554,staggered,8.4,419.9,159.3,86.1,1125.8,62.2,2400,0.0,0.0,16136,-596,81,discharging,None,None
18:19:52.057,staggered,8.4,419.9,159.3,1.5,1124.2,59.0,2400,0.0,0.0,16172,-578,81,discharging,None,None
18:19:52.564,staggered,8.3,419.9,171.2,87.1,1124.2,63.4,2400,0.0,0.0,16147,-542,81,discharging,None,None
18:19:53.068,staggered,8.3,399.4,171.2,31.0,1123.1,59.5,2400,0.0,0.0,16156,-616,81,discharging,None,None
18:19:53.579,staggered,8.3,399.4,171.2,19.3,1123.1,61.7,2400,0.0,0.0,16183,-522,81,discharging,None,None
18:19:54.088,staggered,8.2,399.4,483.5,100.0,1123.8,63.9,2400,0.0,0.0,16141,-557,81,discharging,None,None
18:19:54.592,staggered,8.2,673.9,483.5,23.3,1122.5,60.0,2400,0.0,0.0,16161,-657,81,discharging,None,None
18:19:55.100,staggered,8.4,673.9,483.5,25.7,1120.1,62.8,2400,0.0,0.0,16181,-508,81,discharging,None,None
18:19:55.607,staggered,8.4,673.9,429.2,99.5,1120.1,63.4,2400,0.0,0.0,16140,-558,81,discharging,None,None
18:19:56.111,staggered,8.3,751.0,429.2,28.3,1118.3,59.5,2400,0.0,0.0,16153,-666,81,discharging,None,None
18:19:56.620,staggered,8.3,751.0,429.2,19.7,1118.3,60.6,2400,0.0,0.0,16180,-516,81,discharging,None,None
18:19:57.124,staggered,8.3,751.0,429.2,100.0,1117.9,63.4,2400,0.0,0.0,16138,-550,81,discharging,None,None
18:19:57.627,staggered,8.3,626.2,432.8,26.6,1116.4,59.5,2400,0.0,0.0,16151,-659,81,discharging,None,None
18:19:58.135,staggered,8.3,626.2,432.8,36.3,1114.1,62.8,2400,0.0,0.0,16180,-517,81,discharging,None,None
18:19:58.639,staggered,8.2,396.9,157.0,81.5,1114.1,61.7,2400,0.0,0.0,16133,-558,81,discharging,None,None
18:19:59.143,staggered,8.2,396.9,157.0,2.0,1113.0,59.0,2400,0.0,0.0,16169,-614,81,discharging,None,None
18:19:59.646,staggered,8.2,402.7,157.0,83.7,1113.0,61.1,2400,0.0,0.0,16150,-558,81,discharging,None,None
18:20:00.150,staggered,8.4,402.7,164.5,46.3,1112.0,60.6,2400,0.0,0.0,16164,-573,81,discharging,None,None
18:20:00.659,staggered,8.4,402.7,164.5,59.2,1112.0,63.4,2400,0.0,0.0,16174,-555,81,discharging,None,None
18:20:01.163,staggered,7.9,407.1,164.5,26.2,1110.2,59.5,2400,0.0,0.0,16154,-601,81,discharging,None,None
18:20:01.671,staggered,7.9,407.1,156.7,55.3,1110.2,63.4,2400,0.0,0.0,16158,-585,81,discharging,None,None
18:20:02.174,staggered,7.9,410.2,156.7,63.5,1109.0,60.6,2400,0.0,0.0,16136,-610,81,discharging,None,None
18:20:02.683,staggered,8.3,410.2,156.7,12.1,1112.2,60.6,2400,0.0,0.0,16178,-558,81,discharging,None,None
18:20:03.188,staggered,8.3,410.2,172.2,100.0,1116.0,63.4,2400,0.0,0.0,16144,-533,81,discharging,None,None
18:20:03.691,staggered,8.3,420.7,172.2,7.5,1115.2,60.0,2400,0.0,0.0,16167,-616,81,discharging,None,None
18:20:04.214,staggered,8.3,420.7,172.2,42.0,1113.6,63.4,2400,0.0,0.0,16180,-497,81,discharging,None,None
18:20:04.717,staggered,8.2,679.9,405.9,96.6,1113.6,62.8,2400,0.0,0.0,16137,-570,81,discharging,None,None
18:20:05.221,staggered,8.2,679.9,405.9,1.5,1112.0,59.0,2400,0.0,0.0,16167,-650,81,discharging,None,None
18:20:05.731,staggered,8.2,679.9,405.9,49.8,1112.0,62.8,2400,0.0,0.0,16182,-490,81,discharging,None,None
18:20:06.234,staggered,8.3,679.9,583.3,100.0,1111.1,65.0,2400,0.0,0.0,16136,-577,81,discharging,None,None
18:20:06.738,staggered,8.3,802.1,583.3,13.0,1110.7,60.0,2400,0.0,0.0,16157,-679,81,discharging,None,None
18:20:07.247,staggered,8.4,802.1,583.3,33.0,1108.8,62.2,2400,0.0,0.0,16180,-513,81,discharging,None,None
18:20:07.751,staggered,8.4,603.2,583.3,100.0,1108.8,64.5,2400,0.0,0.0,16137,-554,81,discharging,None,None
18:20:08.254,staggered,8.3,603.2,383.8,9.9,1108.3,59.0,2400,0.0,0.0,16160,-652,81,discharging,None,None
18:20:08.763,staggered,8.3,603.2,383.8,55.0,1112.0,64.5,2400,0.0,0.0,16180,-514,81,discharging,None,None
18:20:09.267,staggered,8.3,393.4,170.0,62.6,1110.8,61.1,2400,0.0,0.0,16133,-565,81,discharging,None,None
18:20:09.775,staggered,8.3,393.4,170.0,19.9,1110.8,62.8,2400,0.0,0.0,16168,-610,81,discharging,None,None
18:20:10.278,staggered,8.3,396.5,170.0,65.0,1108.9,60.0,2400,0.0,0.0,16137,-582,81,discharging,None,None
18:20:10.782,staggered,8.3,396.5,171.5,36.5,1108.9,61.1,2400,0.0,0.0,16158,-615,81,discharging,None,None
18:20:11.285,staggered,8.3,396.5,171.5,80.7,1108.3,63.9,2400,0.0,0.0,16170,-545,81,discharging,None,None
18:20:11.791,staggered,8.3,396.5,171.5,17.9,1108.4,61.7,2400,0.0,0.0,16168,-559,81,discharging,None,None
18:20:12.295,staggered,8.3,396.5,337.9,80.0,1107.5,65.0,2400,0.0,0.0,16144,-588,81,discharging,None,None
18:20:12.799,staggered,8.3,395.2,337.9,39.6,1107.3,59.5,2400,0.0,0.0,16130,-638,81,discharging,None,None
18:20:13.315,staggered,7.6,395.2,337.9,11.9,1106.7,60.0,2400,0.0,0.0,16178,-495,81,discharging,None,None
18:20:13.819,staggered,7.6,395.2,420.4,100.0,1106.4,65.0,2400,0.0,0.0,16133,-593,81,discharging,None,None
18:20:14.323,staggered,8.3,638.1,420.4,23.4,1107.8,61.7,2400,0.0,0.0,16168,-632,81,discharging,None,None
18:20:14.831,staggered,8.3,638.1,420.4,25.2,1107.8,62.2,2400,0.0,0.0,16179,-486,81,discharging,None,None
18:20:15.338,staggered,8.3,638.1,420.4,100.0,1115.2,64.5,2400,0.0,0.0,16133,-614,81,discharging,None,None
18:20:15.842,staggered,8.3,756.8,511.3,31.2,1114.3,60.6,2400,0.0,0.0,16167,-648,81,discharging,None,None
18:20:16.350,staggered,8.3,756.8,511.3,18.9,1114.3,61.7,2400,0.0,0.0,16181,-484,81,discharging,None,None
18:20:16.854,staggered,8.2,519.3,511.3,100.0,1113.6,65.5,2400,0.0,0.0,16131,-601,81,discharging,None,None
18:20:17.358,staggered,8.2,519.3,316.6,15.4,1112.8,60.0,2400,0.0,0.0,16170,-626,81,discharging,None,None
18:20:17.867,staggered,8.2,519.3,316.6,55.4,1112.0,64.5,2400,0.0,0.0,16151,-528,81,discharging,None,None
18:20:18.371,staggered,8.3,403.3,159.0,62.9,1111.6,61.1,2400,0.0,0.0,16142,-618,81,discharging,None,None
18:20:18.878,staggered,8.3,403.3,159.0,19.7,1111.2,62.8,2400,0.0,0.0,16179,-547,81,discharging,None,None
18:20:19.382,staggered,8.3,399.5,159.0,65.8,1110.4,60.6,2400,0.0,0.0,16133,-557,81,discharging,None,None
18:20:19.885,staggered,8.3,399.5,169.7,37.3,1113.1,60.6,2400,0.0,0.0,16160,-609,81,discharging,None,None
18:20:20.391,staggered,8.3,391.4,169.7,78.9,1113.1,64.5,2400,0.0,0.0,16138,-597,81,discharging,None,None
18:20:20.895,staggered,8.3,391.4,169.7,15.1,1112.2,62.2,2400,0.0,0.0,16173,-557,81,discharging,None,None
18:20:21.400,staggered,8.3,391.4,163.1,66.8,1112.2,65.0,2400,0.0,0.0,16159,-542,81,discharging,None,None
18:20:21.904,staggered,8.3,391.5,163.1,39.3,1111.6,61.1,2400,0.0,0.0,16168,-613,81,discharging,None,None
18:20:22.412,staggered,8.3,391.5,155.4,41.4,1111.6,63.4,2400,0.0,0.0,16170,-553,81,discharging,None,None
18:20:22.915,staggered,8.3,393.0,155.4,75.2,1110.5,61.7,2400,0.0,0.0,16130,-614,81,discharging,None,None
18:20:23.419,staggered,8.3,393.0,155.4,2.5,1110.5,59.5,2400,0.0,0.0,16177,-564,81,discharging,None,None
18:20:23.931,staggered,8.3,393.0,155.4,74.0,1110.5,65.0,2400,0.0,0.0,16145,-507,81,discharging,None,None
18:20:24.434,staggered,8.3,815.4,835.8,91.1,1109.6,62.8,2400,0.0,0.0,16131,-676,81,discharging,None,None
18:20:24.938,staggered,8.3,815.4,835.8,2.5,1112.7,60.0,2400,0.0,0.0,16176,-588,81,discharging,None,None
18:20:25.451,staggered,6.6,815.4,835.8,50.5,1116.4,63.9,2400,0.0,0.0,16166,-476,81,discharging,None,None
18:20:25.954,staggered,6.6,423.4,185.0,69.5,1115.5,60.6,2400,0.0,0.0,16132,-620,81,discharging,None,None
18:20:26.463,staggered,6.6,423.4,185.0,10.9,1115.5,61.1,2400,0.0,0.0,16178,-563,81,discharging,None,None
18:20:26.966,staggered,8.4,394.3,185.0,72.5,1114.7,61.1,2400,0.0,0.0,16132,-558,81,discharging,None,None
18:20:27.470,staggered,8.4,394.3,168.4,37.3,1114.7,60.0,2400,0.0,0.0,16170,-618,81,discharging,None,None
18:20:27.979,staggered,8.3,394.3,168.4,73.3,1114.9,64.5,2400,0.0,0.0,16144,-564,81,discharging,None,None
18:20:28.483,staggered,8.3,408.8,168.4,39.6,1114.2,63.9,2400,0.0,0.0,16169,-570,81,discharging,None,None
18:20:28.987,staggered,8.3,408.8,159.3,42.3,1112.9,64.5,2400,0.0,0.0,16170,-545,81,discharging,None,None
18:20:29.491,staggered,8.3,394.1,159.3,49.5,1112.6,60.6,1500,0.0,0.0,16145,-602,81,discharging,None,None
18:20:29.995,staggered,8.3,394.1,188.0,41.0,1110.1,60.6,2400,0.0,0.0,16173,-562,81,discharging,None,None
18:20:30.498,staggered,8.4,386.4,188.0,80.6,1110.1,62.2,2400,0.0,0.0,16136,-582,81,discharging,None,None
18:20:31.002,staggered,8.4,386.4,188.0,3.0,1108.9,60.0,2400,0.0,0.0,16176,-560,81,discharging,None,None
18:20:31.511,staggered,8.3,386.4,227.8,81.9,1108.9,64.5,2400,0.0,0.0,16142,-517,81,discharging,None,None
18:20:32.014,staggered,8.3,502.2,227.8,43.1,1108.9,60.6,2400,0.0,0.0,16151,-628,81,discharging,None,None
18:20:32.524,staggered,8.3,502.2,227.8,5.0,1108.9,60.6,2400,0.0,0.0,16178,-527,81,discharging,None,None
18:20:33.028,staggered,8.3,502.2,444.5,100.0,1108.9,65.5,2400,0.0,0.0,16137,-546,81,discharging,None,None
18:20:33.531,staggered,8.3,689.1,444.5,38.1,1107.4,60.6,2400,0.0,0.0,16157,-654,81,discharging,None,None
18:20:34.043,staggered,8.4,689.1,444.5,10.9,1106.1,61.1,2400,0.0,0.0,16178,-517,81,discharging,None,None
18:20:34.554,staggered,8.4,689.1,444.5,100.0,1106.1,65.0,2400,0.0,0.0,16140,-556,81,discharging,None,None
18:20:35.057,staggered,8.3,736.7,505.9,40.0,1105.9,60.6,2400,0.0,0.0,16149,-668,81,discharging,None,None
18:20:35.565,staggered,8.3,736.7,505.9,8.9,1105.9,61.1,2400,0.0,0.0,16179,-521,81,discharging,None,None
18:20:36.072,staggered,8.3,451.6,505.9,100.0,1105.9,65.0,2400,0.0,0.0,16136,-554,81,discharging,None,None
18:20:36.575,staggered,8.3,451.6,237.6,22.9,1112.7,60.6,2400,0.0,0.0,16163,-635,81,discharging,None,None
18:20:37.083,staggered,8.3,451.6,237.6,59.5,1111.9,65.0,2400,0.0,0.0,16168,-539,81,discharging,None,None
18:20:37.586,staggered,7.9,398.9,160.6,58.3,1111.8,62.2,2400,0.0,0.0,16165,-599,81,discharging,None,None
18:20:38.095,staggered,7.9,398.9,160.6,22.9,1109.9,63.9,2400,0.0,0.0,16175,-567,81,discharging,None,None
18:20:38.599,staggered,7.9,399.3,160.6,61.1,1109.9,62.2,2400,0.0,0.0,16131,-573,81,discharging,None,None
18:20:39.102,staggered,8.2,399.3,164.2,36.5,1108.7,61.1,2400,0.0,0.0,16138,-618,81,discharging,None,None
18:20:39.606,staggered,8.2,407.2,164.2,82.6,1108.7,63.9,2400,0.0,0.0,16142,-565,81,discharging,None,None
18:20:40.115,staggered,8.4,407.2,164.2,15.0,1107.7,62.8,2400,0.0,0.0,16167,-558,81,discharging,None,None
18:20:40.619,staggered,8.4,407.2,158.4,67.0,1107.7,65.0,2400,0.0,0.0,16175,-543,81,discharging,None,None
18:20:41.123,staggered,8.3,406.6,158.4,40.2,1106.7,61.1,2400,0.0,0.0,16140,-618,81,discharging,None,None
18:20:41.633,staggered,8.3,406.6,159.4,40.7,1106.7,62.2,2400,0.0,0.0,16177,-558,81,discharging,None,None
18:20:42.136,staggered,8.3,396.1,159.4,76.1,1106.2,62.2,2400,0.0,0.0,16130,-603,81,discharging,None,None
18:20:42.640,staggered,8.3,396.1,159.4,2.5,1106.2,60.0,2400,0.0,0.0,16174,-597,81,discharging,None,None
18:20:43.151,staggered,8.3,396.1,375.3,76.6,1106.0,65.0,2400,0.0,0.0,16155,-491,81,discharging,None,None
18:20:43.655,staggered,8.3,613.7,375.3,55.7,1105.2,61.7,2400,0.0,0.0,16127,-641,81,discharging,None,None
18:20:44.159,staggered,8.3,613.7,375.3,2.0,1104.6,60.0,2400,0.0,0.0,16175,-575,81,discharging,None,None
18:20:44.671,staggered,8.3,613.7,375.3,89.3,1104.6,64.5,2400,0.0,0.0,16146,-498,81,discharging,None,None
18:20:45.175,staggered,8.2,726.1,459.4,56.9,1104.4,61.1,2400,0.0,0.0,16127,-664,81,discharging,None,None
18:20:45.679,staggered,8.2,726.1,459.4,3.0,1104.4,60.6,2400,0.0,0.0,16176,-577,81,discharging,None,None
18:20:46.191,staggered,8.4,726.1,459.4,88.3,1103.6,65.5,2400,0.0,0.0,16145,-500,81,discharging,None,None
18:20:46.694,staggered,8.4,671.5,436.4,53.5,1103.4,61.1,2400,0.0,0.0,16130,-657,81,discharging,None,None
18:20:47.198,staggered,8.4,671.5,436.4,2.5,1103.0,60.0,2400,0.0,0.0,16174,-569,81,discharging,None,None
18:20:47.707,staggered,8.4,410.8,436.4,94.6,1103.9,63.9,2400,0.0,0.0,16143,-514,81,discharging,None,None
18:20:48.210,staggered,8.4,410.8,165.3,25.5,1103.5,60.6,2400,0.0,0.0,16150,-621,81,discharging,None,None
18:20:48.719,staggered,8.3,410.8,165.3,51.5,1103.5,65.0,2400,0.0,0.0,16174,-532,81,discharging,None,None
18:20:49.223,staggered,8.3,406.6,159.1,76.2,1103.1,63.4,2400,0.0,0.0,16128,-574,81,discharging,None,None
18:20:49.731,staggered,7.9,406.6,159.1,8.3,1103.1,61.7,2400,0.0,0.0,16168,-617,81,discharging,None,None
18:20:50.234,staggered,7.9,413.6,159.1,81.3,1103.1,61.7,2400,0.0,0.0,16149,-564,81,discharging,None,None
18:20:50.738,staggered,7.9,413.6,159.3,35.5,1103.1,61.1,2400,0.0,0.0,16155,-606,81,discharging,None,None
18:20:51.243,staggered,8.3,413.6,159.3,65.0,1103.1,66.1,2400,0.0,0.0,16176,-547,81,discharging,None,None
18:20:51.751,staggered,8.3,395.5,159.3,23.5,1103.1,62.2,2400,0.0,0.0,16155,-562,81,discharging,None,None
18:20:52.257,staggered,8.3,395.5,167.2,59.1,1102.8,64.5,2400,0.0,0.0,16142,-584,81,discharging,None,None
18:20:52.760,staggered,8.3,400.6,167.2,55.7,1102.8,60.6,2400,0.0,0.0,16131,-618,80,discharging,None,None
18:20:53.267,staggered,8.2,400.6,159.2,35.3,1110.2,63.9,2400,0.0,0.0,16176,-559,80,discharging,None,None
18:20:53.771,staggered,8.2,389.9,159.2,82.0,1110.2,63.9,2400,0.0,0.0,16144,-551,80,discharging,None,None
18:20:54.274,staggered,8.2,389.9,159.2,2.0,1109.1,61.1,2400,0.0,0.0,16166,-616,80,discharging,None,None
18:20:54.787,staggered,8.4,389.9,322.3,65.2,1108.3,65.0,2400,0.0,0.0,16178,-507,80,discharging,None,None
18:20:55.290,staggered,8.4,589.1,322.3,66.7,1107.8,62.2,2400,0.0,0.0,16128,-620,80,discharging,None,None
18:20:55.794,staggered,8.3,589.1,322.3,1.5,1107.8,59.5,2400,0.0,0.0,16172,-610,80,discharging,None,None
18:20:56.303,staggered,8.3,589.1,322.3,79.6,1107.1,66.1,2400,0.0,0.0,16167,-480,80,discharging,None,None
18:20:56.807,staggered,8.3,722.5,468.0,67.3,1107.1,61.7,2400,0.0,0.0,16130,-638,80,discharging,None,None
18:20:57.310,staggered,8.3,722.5,468.0,1.5,1106.5,60.6,2400,0.0,0.0,16170,-616,80,discharging,None,None
18:20:57.823,staggered,8.3,722.5,468.0,78.3,1106.1,65.5,2400,0.0,0.0,16170,-483,80,discharging,None,None
18:20:58.326,staggered,8.2,675.5,444.2,61.1,1105.5,61.7,2400,0.0,0.0,16128,-637,80,discharging,None,None
18:20:58.831,staggered,8.2,675.5,444.2,1.5,1112.4,60.6,2400,0.0,0.0,16171,-607,80,discharging,None,None
18:20:59.343,staggered,8.3,404.1,444.2,86.7,1112.4,65.0,2400,0.0,0.0,16163,-488,80,discharging,None,None
18:20:59.847,staggered,8.3,404.1,183.4,31.7,1109.7,61.1,2400,0.0,0.0,16128,-621,80,discharging,None,None
18:21:00.355,staggered,8.3,404.1,183.4,50.0,1109.7,64.5,2400,0.0,0.0,16176,-555,80,discharging,None,None
18:21:00.859,staggered,8.4,558.8,170.4,97.5,1108.3,65.5,2400,0.0,0.0,16138,-552,80,discharging,None,None
18:21:01.363,staggered,8.4,558.8,170.4,3.5,1107.8,61.1,2400,0.0,0.0,16161,-645,80,discharging,None,None
18:21:01.866,staggered,7.9,398.9,170.4,80.1,1115.5,65.0,2400,0.0,0.0,16172,-541,80,discharging,None,None
18:21:02.370,staggered,7.9,398.9,157.9,37.2,1115.4,61.7,2400,0.0,0.0,16160,-574,80,discharging,None,None
18:21:02.879,staggered,8.3,398.9,157.9,43.3,1115.0,65.0,2400,0.0,0.0,16168,-576,80,discharging,None,None
18:21:03.382,staggered,8.3,399.8,157.9,41.3,1114.7,61.1,2400,0.0,0.0,16131,-605,80,discharging,None,None
18:21:03.891,staggered,8.3,399.8,159.6,40.0,1113.1,60.6,2400,0.0,0.0,16151,-619,80,discharging,None,None
18:21:04.394,staggered,8.3,399.5,159.6,77.0,1113.1,63.4,2400,0.0,0.0,16142,-558,80,discharging,None,None
18:21:04.903,staggered,8.3,399.5,159.6,27.1,1111.4,64.5,2400,0.0,0.0,16166,-560,80,discharging,None,None
18:21:05.407,staggered,8.3,399.5,171.3,78.8,1110.4,66.7,2400,0.0,0.0,16153,-549,80,discharging,None,None
18:21:05.910,staggered,8.3,394.8,171.3,15.4,1108.6,60.6,2400,0.0,0.0,16139,-621,80,discharging,None,None
18:21:06.423,staggered,8.3,394.8,231.5,55.5,1108.6,63.4,2400,0.0,0.0,16176,-529,80,discharging,None,None
18:21:06.926,staggered,8.3,473.2,231.5,66.3,1107.9,61.7,2400,0.0,0.0,16128,-629,80,discharging,None,None
18:21:07.430,staggered,8.3,473.2,231.5,2.0,1107.9,60.6,2400,0.0,0.0,16176,-549,80,discharging,None,None
18:21:07.943,staggered,8.3,473.2,231.5,79.4,1107.5,65.0,2400,0.0,0.0,16141,-526,80,discharging,None,None
18:21:08.446,staggered,8.3,702.3,466.4,62.7,1106.8,62.8,2400,0.0,0.0,16130,-660,80,discharging,None,None
18:21:08.950,staggered,8.4,702.3,466.4,2.0,1105.8,60.6,2400,0.0,0.0,16176,-544,80,discharging,None,None
18:21:09.459,staggered,8.4,702.3,466.4,83.2,1105.8,65.0,2400,0.0,0.0,16139,-531,80,discharging,None,None
18:21:09.962,staggered,8.4,771.8,520.0,74.3,1108.5,62.8,2400,0.0,0.0,16125,-683,80,discharging,None,None
18:21:10.466,staggered,8.3,771.8,520.0,2.0,1108.5,61.1,1600,0.0,0.0,16175,-560,80,discharging,None,None
18:21:10.975,staggered,8.3,771.8,520.0,71.9,1108.2,65.5,2400,0.0,0.0,16152,-484,80,discharging,None,None
18:21:11.479,staggered,8.3,531.1,293.7,60.8,1107.7,61.7,2400,0.0,0.0,16134,-617,80,discharging,None,None
18:21:11.988,staggered,8.3,531.1,293.7,9.5,1106.9,62.2,2400,0.0,0.0,16176,-541,80,discharging,None,None
18:21:12.787,staggered,8.3,397.9,332.0,81.0,1106.9,62.8,2400,0.0,0.0,16144,-622,80,discharging,None,None
18:21:13.295,staggered,8.3,397.9,332.0,31.5,1106.4,65.0,2400,0.0,0.0,16171,-575,80,discharging,None,None
18:21:13.798,staggered,8.3,395.3,332.0,52.9,1105.1,62.2,2400,0.0,0.0,16130,-578,80,discharging,None,None
18:21:14.302,staggered,7.3,395.3,156.6,35.8,1104.9,62.2,2400,0.0,0.0,16158,-609,80,discharging,None,None
18:21:14.805,staggered,7.3,392.6,156.6,81.2,1104.9,63.9,2400,0.0,0.0,16135,-593,80,discharging,None,None
18:21:15.309,staggered,8.3,392.6,156.6,2.5,1104.7,61.1,2400,0.0,0.0,16170,-559,80,discharging,None,None
18:21:15.817,staggered,8.3,392.6,158.3,89.6,1104.7,66.1,2400,0.0,0.0,16142,-539,80,discharging,None,None
18:21:16.320,staggered,8.3,399.1,158.3,27.0,1104.5,61.1,2400,0.0,0.0,16162,-617,80,discharging,None,None
18:21:16.832,staggered,8.3,399.1,158.3,26.0,1104.5,63.9,2400,0.0,0.0,16178,-511,80,discharging,None,None
18:21:17.340,staggered,8.3,399.1,443.3,100.0,1104.5,65.5,2400,0.0,0.0,16131,-574,80,discharging,None,None
18:21:17.843,staggered,8.3,638.5,443.3,11.5,1103.5,60.6,2400,0.0,0.0,16164,-648,80,discharging,None,None
18:21:18.351,staggered,8.3,638.5,443.3,35.5,1103.5,63.4,2400,0.0,0.0,16178,-490,80,discharging,None,None
18:21:18.854,staggered,8.3,638.5,443.3,100.0,1103.5,66.1,2400,0.0,0.0,16131,-591,80,discharging,None,None
18:21:19.358,staggered,8.3,780.7,539.3,24.4,1103.3,61.1,2400,0.0,0.0,16161,-679,80,discharging,None,None
18:21:19.871,staggered,8.3,780.7,539.3,24.1,1103.3,63.4,2400,0.0,0.0,16178,-504,80,discharging,None,None
18:21:20.375,staggered,8.3,488.3,271.4,99.5,1111.5,65.5,2400,0.0,0.0,16131,-572,80,discharging,None,None
18:21:20.879,staggered,8.3,488.3,271.4,5.0,1118.8,61.1,1900,0.0,0.0,16166,-632,80,discharging,None,None
18:21:21.387,staggered,8.3,488.3,271.4,68.5,1120.3,66.1,2400,0.0,0.0,16175,-503,80,discharging,None,None
18:21:21.890,staggered,8.3,418.1,161.4,53.9,1119.8,61.7,2400,0.0,0.0,16156,-593,80,discharging,None,None
18:21:22.399,staggered,8.4,418.1,161.4,28.0,1120.7,63.9,2400,0.0,0.0,16175,-568,80,discharging,None,None
18:21:22.902,staggered,8.4,396.6,161.4,56.7,1118.2,61.7,2400,0.0,0.0,16130,-566,80,discharging,None,None
18:21:23.406,staggered,8.4,396.6,157.2,36.1,1118.2,61.7,2400,0.0,0.0,16139,-618,80,discharging,None,None
18:21:23.909,staggered,8.3,408.7,157.2,84.1,1116.3,65.0,2400,0.0,0.0,16140,-564,80,discharging,None,None
18:21:24.416,staggered,8.3,408.7,157.2,27.7,1116.3,65.5,2400,0.0,0.0,16165,-562,80,discharging,None,None
18:21:24.920,staggered,8.4,408.7,169.9,34.8,1114.8,62.2,2400,0.0,0.0,16170,-536,80,discharging,None,None
18:21:25.424,staggered,8.4,583.9,169.9,69.2,1114.8,62.2,2400,0.0,0.0,16131,-626,80,discharging,None,None
18:21:25.927,staggered,7.9,583.9,167.9,38.6,1112.9,62.8,2400,0.0,0.0,16174,-596,80,discharging,None,None
18:21:26.436,staggered,7.9,583.9,167.9,75.0,1112.9,66.1,2400,0.0,0.0,16152,-548,80,discharging,None,None
18:21:26.939,staggered,7.9,395.5,167.9,8.9,1111.5,61.7,2400,0.0,0.0,16165,-593,80,discharging,None,None
18:21:27.447,staggered,8.2,395.5,162.3,72.4,1111.5,65.5,2400,0.0,0.0,16144,-553,80,discharging,None,None
18:21:27.950,staggered,8.2,406.7,162.3,46.3,1110.6,61.7,2400,0.0,0.0,16126,-621,80,discharging,None,None
18:21:28.459,staggered,8.4,406.7,162.3,15.8,1110.6,63.9,2400,0.0,0.0,16175,-562,80,discharging,None,None
18:21:28.963,staggered,8.4,406.7,326.7,100.0,1110.6,66.7,2400,0.0,0.0,16140,-538,80,discharging,None,None
18:21:29.467,staggered,8.4,549.6,326.7,15.3,1109.2,61.1,2400,0.0,0.0,16161,-640,80,discharging,None,None
18:21:29.979,staggered,8.3,549.6,326.7,34.0,1108.7,64.5,2400,0.0,0.0,16177,-513,80,discharging,None,None
18:21:30.483,staggered,8.3,549.6,446.5,100.0,1108.7,65.5,2400,0.0,0.0,16133,-570,80,discharging,None,None
18:21:30.987,staggered,8.3,706.0,446.5,12.9,1106.6,61.7,2400,0.0,0.0,16166,-664,80,discharging,None,None
18:21:31.495,staggered,8.3,706.0,446.5,34.8,1106.6,64.5,2400,0.0,0.0,16179,-502,80,discharging,None,None
18:21:32.005,staggered,8.3,706.0,446.5,100.0,1113.4,66.1,2400,0.0,0.0,16138,-553,80,discharging,None,None
18:21:32.509,staggered,8.3,699.3,448.7,12.3,1113.4,61.7,2400,0.0,0.0,16159,-650,80,discharging,None,None
18:21:33.022,staggered,8.3,699.3,448.7,40.7,1111.4,64.5,2400,0.0,0.0,16178,-505,80,discharging,None,None
18:21:33.526,staggered,8.3,399.3,178.6,77.3,1110.9,63.4,2400,0.0,0.0,16128,-576,80,discharging,None,None
18:21:34.036,staggered,8.3,399.3,178.6,5.0,1109.8,61.1,2400,0.0,0.0,16167,-619,80,discharging,None,None
18:21:34.539,staggered,8.3,395.8,178.6,78.9,1109.8,62.8,2400,0.0,0.0,16140,-552,80,discharging,None,None
18:21:35.043,staggered,8.3,395.8,158.0,35.3,1108.3,61.1,2400,0.0,0.0,16140,-616,80,discharging,None,None
18:21:35.554,staggered,8.3,395.8,158.0,67.6,1108.3,65.5,2400,0.0,0.0,16174,-546,80,discharging,None,None
18:21:36.059,staggered,8.3,399.4,158.0,37.3,1107.5,65.0,2400,0.0,0.0,16149,-560,80,discharging,None,None
18:21:36.563,staggered,8.3,399.4,158.9,44.6,1107.5,64.5,2400,0.0,0.0,16154,-592,80,discharging,None,None
18:21:37.067,staggered,8.4,574.0,158.9,68.8,1107.0,62.8,2400,0.0,0.0,16132,-611,80,discharging,None,None
18:21:37.570,staggered,8.4,574.0,158.3,36.0,1107.8,62.8,2400,0.0,0.0,16170,-579,80,discharging,None,None
18:21:38.083,staggered,7.5,574.0,158.3,57.8,1107.1,65.0,2400,0.0,0.0,16168,-505,80,discharging,None,None
18:21:38.586,staggered,7.5,412.7,158.3,28.6,1107.0,62.2,2400,0.0,0.0,16128,-620,80,discharging,None,None
18:21:39.099,staggered,7.5,412.7,160.6,53.0,1106.2,63.9,2400,0.0,0.0,16165,-607,80,discharging,None,None
18:21:39.602,staggered,8.4,407.4,160.6,65.7,1106.2,61.7,2400,0.0,0.0,16135,-586,80,discharging,None,None
18:21:40.115,staggered,8.4,407.4,160.6,18.5,1105.6,63.4,2400,0.0,0.0,16168,-568,80,discharging,None,None
18:21:40.618,staggered,8.3,407.7,158.2,98.0,1105.6,66.1,2400,0.0,0.0,16142,-543,80,discharging,None,None
18:21:41.122,staggered,8.3,407.7,158.2,6.0,1104.8,60.6,2400,0.0,0.0,16155,-621,80,discharging,None,None
18:21:41.635,staggered,8.3,407.7,158.2,48.8,1104.8,65.0,2400,0.0,0.0,16176,-523,80,discharging,None,None
18:21:42.138,staggered,8.3,652.2,445.0,90.6,1104.5,63.4,2400,0.0,0.0,16137,-553,80,discharging,None,None
18:21:42.642,staggered,8.3,652.2,445.0,3.0,1104.5,61.1,2400,0.0,0.0,16163,-644,80,discharging,None,None
18:21:43.155,staggered,8.4,652.2,445.0,55.9,1111.5,65.0,2400,0.0,0.0,16176,-502,80,discharging,None,None
18:21:43.658,staggered,8.4,755.3,494.4,97.0,1111.5,65.5,2400,0.0,0.0,16132,-575,80,discharging,None,None
18:21:44.162,staggered,8.3,755.3,494.4,2.5,1109.9,61.1,2400,0.0,0.0,16155,-678,80,discharging,None,None
18:21:44.671,staggered,8.3,755.3,494.4,47.8,1109.9,65.5,2400,0.0,0.0,16175,-514,80,discharging,None,None
18:21:45.174,staggered,8.3,586.6,353.0,86.2,1109.0,63.9,2400,0.0,0.0,16134,-562,80,discharging,None,None
18:21:45.678,staggered,8.3,586.6,353.0,2.5,1109.0,61.1,2400,0.0,0.0,16164,-645,80,discharging,None,None
18:21:46.187,staggered,8.3,586.6,353.0,72.5,1108.6,66.1,2400,0.0,0.0,16177,-509,80,discharging,None,None
18:21:46.691,staggered,8.3,398.8,161.1,45.3,1107.9,62.8,2400,0.0,0.0,16133,-587,80,discharging,None,None
18:21:47.198,staggered,8.3,398.8,161.1,36.3,1107.0,65.5,2400,0.0,0.0,16168,-605,80,discharging,None,None
18:21:47.703,staggered,8.3,396.3,161.1,58.6,1107.0,62.2,2400,0.0,0.0,16135,-574,80,discharging,None,None
18:21:48.207,staggered,8.3,396.3,171.1,28.2,1106.5,61.7,2400,0.0,0.0,16136,-622,80,discharging,None,None
18:21:48.710,staggered,8.3,397.7,171.1,82.2,1113.9,63.9,2400,0.0,0.0,16160,-548,80,discharging,None,None
18:21:49.219,staggered,8.4,397.7,171.1,40.5,1113.2,65.0,2400,0.0,0.0,16166,-562,80,discharging,None,None
18:21:49.724,staggered,8.4,397.7,175.2,66.7,1115.1,66.1,2400,0.0,0.0,16148,-577,80,discharging,None,None
18:21:50.227,staggered,7.9,408.5,175.2,24.0,1121.7,61.1,2400,0.0,0.0,16126,-604,80,discharging,None,None
18:21:50.736,staggered,7.9,408.5,162.8,57.5,1121.7,65.0,2400,0.0,0.0,16149,-563,80,discharging,None,None
18:21:51.239,staggered,7.9,403.4,162.8,62.0,1120.6,62.2,2400,0.0,0.0,16123,-638,80,discharging,None,None
18:21:51.743,staggered,8.3,403.4,162.8,2.5,1120.6,60.6,1600,0.0,0.0,16171,-568,80,discharging,None,None
18:21:52.255,staggered,8.3,403.4,162.8,89.7,1118.7,65.0,2400,0.0,0.0,16140,-523,80,discharging,None,None
18:21:52.758,staggered,8.3,679.7,500.0,55.0,1136.5,63.4,2400,0.0,0.0,16128,-655,80,discharging,None,None
18:21:53.262,staggered,8.3,679.7,500.0,3.0,1130.3,61.1,2400,0.0,0.0,16174,-549,80,discharging,None,None
18:21:53.771,staggered,8.3,679.7,500.0,90.7,1130.3,66.7,2400,0.0,0.0,16138,-532,80,discharging,None,None
18:21:54.275,staggered,8.3,733.1,412.6,57.2,1127.6,62.8,2400,0.0,0.0,16129,-666,80,discharging,None,None
18:21:54.779,staggered,8.3,733.1,412.6,2.5,1127.6,61.1,2400,0.0,0.0,16174,-545,80,discharging,None,None
18:21:55.290,staggered,8.3,733.1,412.6,87.7,1124.7,66.1,2400,0.0,0.0,16136,-529,80,discharging,None,None
18:21:55.794,staggered,8.3,642.8,431.6,55.4,1124.7,62.2,2400,0.0,0.0,16128,-663,80,discharging,None,None
18:21:56.303,staggered,8.4,642.8,431.6,5.0,1121.8,61.1,2400,0.0,0.0,16174,-546,80,discharging,None,None
18:21:56.808,staggered,8.4,395.0,431.6,90.1,1122.5,65.0,2400,0.0,0.0,16133,-556,80,discharging,None,None
18:21:57.311,staggered,8.4,395.0,176.7,27.2,1121.0,61.7,2400,0.0,0.0,16168,-623,80,discharging,None,None
18:21:57.819,staggered,8.3,395.0,176.7,67.5,1120.2,67.2,2400,0.0,0.0,16153,-553,80,discharging,None,None
18:21:58.322,staggered,8.3,400.1,159.5,53.5,1119.1,63.9,2400,0.0,0.0,16163,-583,80,discharging,None,None
18:21:58.831,staggered,8.3,400.1,159.5,29.6,1118.3,65.0,2400,0.0,0.0,16169,-550,80,discharging,None,None
18:21:59.335,staggered,8.3,365.8,159.5,47.1,1116.8,61.1,2400,0.0,0.0,16132,-587,80,discharging,None,None
18:21:59.838,staggered,8.3,365.8,146.2,32.3,1115.2,62.2,2400,0.0,0.0,16146,-598,80,discharging,None,None
18:22:00.342,staggered,8.3,365.0,146.2,75.1,1115.2,62.8,2400,0.0,0.0,16133,-596,80,discharging,None,None
18:22:00.851,staggered,8.3,365.0,146.2,3.0,1112.5,61.7,2400,0.0,0.0,16173,-547,80,discharging,None,None
18:22:01.356,staggered,8.3,365.0,151.6,94.6,1112.5,66.1,2400,0.0,0.0,16147,-537,80,discharging,None,None
18:22:01.859,staggered,8.3,371.7,151.6,9.0,1111.2,61.7,2400,0.0,0.0,16165,-603,80,discharging,None,None
18:22:02.368,staggered,8.3,371.7,151.6,36.1,1111.2,63.9,2400,0.0,0.0,16183,-470,80,discharging,None,None
18:22:02.871,staggered,8.3,664.1,432.2,99.0,1113.3,66.7,2400,0.0,0.0,16133,-569,80,discharging,None,None
18:22:03.375,staggered,8.3,664.1,432.2,0.0,1112.4,61.1,2400,0.0,0.0,16165,-631,80,discharging,None,None
18:22:03.888,staggered,8.3,664.1,432.2,45.6,1112.4,65.5,2400,0.0,0.0,16179,-482,80,discharging,None,None
18:22:04.391,staggered,8.3,557.7,308.7,67.5,1111.3,62.8,2400,0.0,0.0,16128,-609,80,discharging,None,None
18:22:04.895,staggered,8.3,557.7,308.7,0.0,1109.5,61.7,2400,0.0,0.0,16175,-587,80,discharging,None,None
18:22:05.407,staggered,8.3,557.7,308.7,77.5,1109.5,65.5,2400,0.0,0.0,16148,-488,80,discharging,None,None
18:22:05.910,staggered,8.3,451.6,259.9,39.1,1109.0,62.8,2400,0.0,0.0,16132,-619,80,discharging,None,None
18:22:06.419,staggered,8.3,451.6,259.9,29.5,1109.0,65.0,2400,0.0,0.0,16176,-536,80,discharging,None,None
18:22:06.923,staggered,8.3,367.2,259.9,71.6,1108.8,64.5,2400,0.0,0.0,16128,-544,80,discharging,None,None
18:22:07.428,staggered,8.3,367.2,148.6,6.0,1108.6,60.6,1500,0.0,0.0,16168,-602,80,discharging,None,None
18:22:07.931,staggered,8.3,379.3,148.6,77.3,1107.8,62.2,2400,0.0,0.0,16139,-559,80,discharging,None,None
18:22:08.435,staggered,8.3,379.3,146.0,32.3,1107.8,61.7,2400,0.0,0.0,16170,-569,80,discharging,None,None
18:22:08.943,staggered,8.3,379.3,146.0,65.0,1107.8,66.1,2400,0.0,0.0,16167,-535,80,discharging,None,None
18:22:09.446,staggered,8.3,367.6,146.0,10.8,1107.5,61.1,2400,0.0,0.0,16165,-557,80,discharging,None,None
18:22:09.955,staggered,8.3,367.6,147.2,66.0,1107.5,65.5,2400,0.0,0.0,16141,-550,80,discharging,None,None
18:22:10.458,staggered,8.3,367.3,147.2,41.4,1106.8,62.8,2400,0.0,0.0,16126,-602,80,discharging,None,None
18:22:10.971,staggered,8.3,367.3,147.2,25.9,1105.7,65.0,2400,0.0,0.0,16175,-545,80,discharging,None,None
18:22:11.474,staggered,8.3,436.2,215.7,86.3,1105.7,63.9,2400,0.0,0.0,16135,-565,80,discharging,None,None
18:22:11.978,staggered,8.3,436.2,215.7,0.0,1105.9,60.6,2400,0.0,0.0,16166,-614,80,discharging,None,None
18:22:12.488,staggered,8.3,436.2,215.7,59.3,1105.9,64.5,2400,0.0,0.0,16178,-482,80,discharging,None,None
18:22:12.991,staggered,8.3,695.4,482.4,81.1,1105.2,63.4,2400,0.0,0.0,16139,-598,80,discharging,None,None
18:22:13.495,staggered,8.3,695.4,482.4,0.0,1105.2,61.1,2400,0.0,0.0,16167,-612,80,discharging,None,None
18:22:14.003,staggered,8.3,695.4,482.4,62.9,1104.5,65.0,2400,0.0,0.0,16178,-482,80,discharging,None,None
18:22:14.507,staggered,8.3,563.0,359.4,60.5,1103.6,61.7,2400,0.0,0.0,16125,-625,80,discharging,None,None
18:22:15.011,staggered,8.3,563.0,359.4,0.0,1103.4,61.1,2400,0.0,0.0,16174,-594,80,discharging,None,None
18:22:15.519,staggered,8.3,362.0,359.4,79.5,1103.4,63.9,2400,0.0,0.0,16140,-501,80,discharging,None,None
18:22:16.023,staggered,8.3,362.0,150.0,28.1,1102.7,60.6,2400,0.0,0.0,16136,-601,80,discharging,None,None
18:22:16.531,staggered,8.3,362.0,150.0,62.7,1102.7,66.1,2400,0.0,0.0,16177,-540,80,discharging,None,None
18:22:17.034,staggered,8.3,365.1,151.3,44.8,1102.0,64.5,2400,0.0,0.0,16159,-544,80,discharging,None,None
18:22:17.543,staggered,8.3,365.1,151.3,32.3,1102.0,63.9,2400,0.0,0.0,16170,-570,80,discharging,None,None
18:22:18.047,staggered,8.3,377.6,151.3,45.3,1101.8,61.7,2400,0.0,0.0,16136,-592,80,discharging,None,None
18:22:18.551,staggered,8.3,377.6,151.0,32.3,1101.8,62.2,2400,0.0,0.0,16175,-580,80,discharging,None,None
18:22:19.054,staggered,8.3,363.8,151.0,75.6,1101.7,62.2,2400,0.0,0.0,16138,-559,80,discharging,None,None
18:22:19.563,staggered,8.3,363.8,151.0,1.5,1101.7,60.6,2400,0.0,0.0,16167,-557,80,discharging,None,None
18:22:20.069,staggered,8.3,363.8,151.2,98.1,1101.7,66.1,2400,0.0,0.0,16141,-539,80,discharging,None,None
18:22:20.573,staggered,8.3,364.6,151.2,6.0,1101.7,60.6,2400,0.0,0.0,16160,-601,80,discharging,None,None
18:22:21.087,staggered,8.3,364.6,151.2,39.1,1101.7,64.5,2400,0.0,0.0,16178,-508,80,discharging,None,None
18:22:21.590,staggered,8.3,696.2,493.5,99.0,1105.2,66.1,2400,0.0,0.0,16132,-563,80,discharging,None,None
18:22:22.094,staggered,8.3,696.2,493.5,2.0,1105.9,61.1,2400,0.0,0.0,16164,-659,80,discharging,None,None
18:22:22.603,staggered,8.3,696.2,493.5,42.7,1105.9,65.5,2400,0.0,0.0,16177,-498,80,discharging,None,None
18:22:23.107,staggered,8.3,638.6,440.7,91.7,1105.8,63.9,2400,0.0,0.0,16136,-557,80,discharging,None,None
18:22:23.610,staggered,8.3,638.6,440.7,0.0,1105.8,61.1,2400,0.0,0.0,16164,-634,80,discharging,None,None
18:22:24.119,staggered,8.3,638.6,440.7,58.7,1105.2,65.5,2400,0.0,0.0,16178,-490,80,discharging,None,None
18:22:24.622,staggered,8.3,367.2,148.5,48.3,1105.1,61.1,2400,0.0,0.0,16140,-584,80,discharging,None,None
18:22:25.131,staggered,8.3,367.2,148.5,27.9,1104.7,64.5,2400,0.0,0.0,16173,-591,80,discharging,None,None
18:22:25.635,staggered,8.3,367.3,148.5,56.2,1104.7,63.9,2400,0.0,0.0,16134,-558,80,discharging,None,None
18:22:26.139,staggered,8.3,367.3,155.4,23.9,1104.4,61.1,2400,0.0,0.0,16137,-602,80,discharging,None,None
18:22:26.642,staggered,8.3,363.3,155.4,74.9,1104.4,62.8,2400,0.0,0.0,16151,-542,80,discharging,None,None
18:22:27.146,staggered,8.3,363.3,147.5,32.3,1104.1,62.8,2400,0.0,0.0,16166,-544,80,discharging,None,None
18:22:27.655,staggered,8.3,363.3,147.5,65.8,1104.1,65.5,2400,0.0,0.0,16173,-540,80,discharging,None,None
18:22:28.159,staggered,8.3,367.4,147.5,9.9,1106.9,60.6,1900,0.0,0.0,16148,-602,80,discharging,None,None
18:22:28.667,staggered,8.3,367.4,154.7,68.7,1106.9,65.5,2400,0.0,0.0,16180,-534,80,discharging,None,None
18:22:29.170,staggered,8.3,367.5,154.7,40.7,1106.4,61.7,2400,0.0,0.0,16126,-581,80,discharging,None,None
18:22:29.680,staggered,8.3,367.5,154.7,4.0,1106.4,61.1,2400,0.0,0.0,16174,-574,80,discharging,None,None
18:22:30.185,staggered,8.3,367.5,370.7,100.0,1105.7,65.0,2400,0.0,0.0,16143,-481,80,discharging,None,None
18:22:30.688,staggered,8.3,633.4,370.7,23.4,1105.5,61.7,2400,0.0,0.0,16123,-635,80,discharging,None,None
18:22:31.196,staggered,8.3,633.4,370.7,21.1,1105.4,63.9,2400,0.0,0.0,16174,-557,80,discharging,None,None
18:22:31.704,staggered,8.3,633.4,370.7,100.0,1105.4,66.1,2400,0.0,0.0,16140,-511,80,discharging,None,None
18:22:32.207,staggered,8.3,754.0,524.4,31.0,1105.3,62.2,2400,0.0,0.0,16125,-678,80,discharging,None,None
18:22:32.715,staggered,8.3,754.0,524.4,13.4,1105.5,63.4,2400,0.0,0.0,16175,-571,80,discharging,None,None
18:22:33.220,staggered,8.3,504.2,524.4,100.0,1105.9,66.1,2400,0.0,0.0,16141,-500,80,discharging,None,None
18:22:33.723,staggered,8.3,504.2,292.6,7.0,1105.9,61.1,2400,0.0,0.0,16140,-625,80,discharging,None,None
18:22:34.231,staggered,8.3,504.2,292.6,55.2,1105.7,65.5,2400,0.0,0.0,16175,-529,80,discharging,None,None
18:22:34.735,staggered,8.3,364.2,149.8,51.7,1105.7,61.7,2400,0.0,0.0,16128,-544,80,discharging,None,None
18:22:35.244,staggered,8.3,364.2,149.8,24.4,1105.1,64.5,2400,0.0,0.0,16165,-601,80,discharging,None,None
18:22:35.748,staggered,8.3,367.5,149.8,50.7,1105.1,62.2,2400,0.0,0.0,16134,-577,80,discharging,None,None
18:22:36.251,staggered,8.3,367.5,150.6,32.7,1104.8,61.1,2400,0.0,0.0,16163,-593,80,discharging,None,None
18:22:36.755,staggered,8.3,361.7,150.6,74.6,1104.8,62.8,2400,0.0,0.0,16166,-536,80,discharging,None,None
18:22:37.263,staggered,8.3,361.7,150.6,23.4,1104.5,65.0,2400,0.0,0.0,16165,-552,80,discharging,None,None
18:22:37.767,staggered,8.3,361.7,151.7,72.5,1104.5,66.7,2400,0.0,0.0,16141,-550,80,discharging,None,None
18:22:38.270,staggered,8.3,364.8,151.7,11.9,1106.0,60.6,2400,0.0,0.0,16127,-602,80,discharging,None,None
18:22:38.783,staggered,8.3,364.8,151.7,55.4,1106.0,64.5,2400,0.0,0.0,16175,-501,80,discharging,None,None
18:22:39.286,staggered,8.3,465.7,295.5,62.7,1105.5,61.7,2400,0.0,0.0,16138,-543,80,discharging,None,None
18:22:39.790,staggered,8.3,465.7,295.5,0.0,1105.5,60.6,2400,0.0,0.0,16165,-601,80,discharging,None,None
18:22:40.302,staggered,8.3,465.7,295.5,82.2,1105.0,65.0,2400,0.0,0.0,16178,-515,80,discharging,None,None
18:22:40.806,staggered,8.3,624.7,386.9,44.3,1105.0,62.2,2400,0.0,0.0,16147,-632,80,discharging,None,None
18:22:41.310,staggered,8.3,624.7,386.9,1.0,1105.0,60.6,2400,0.0,0.0,16169,-521,80,discharging,None,None
18:22:41.822,staggered,8.3,488.4,386.9,99.0,1105.0,66.1,2400,0.0,0.0,16132,-552,80,discharging,None,None
18:22:42.326,staggered,8.3,488.4,278.4,10.9,1104.4,61.7,2400,0.0,0.0,16165,-607,80,discharging,None,None
18:22:42.835,staggered,8.3,488.4,278.4,46.5,1104.4,65.0,2400,0.0,0.0,16176,-499,80,discharging,None,None
18:22:43.342,staggered,8.3,367.4,151.4,60.3,1104.0,61.7,2400,0.0,0.0,16151,-600,80,discharging,None,None
18:22:43.851,staggered,8.3,367.4,151.4,16.1,1104.0,61.1,1500,0.0,0.0,16177,-556,80,discharging,None,None
18:22:44.354,staggered,8.3,423.3,151.4,70.1,1103.8,62.2,2400,0.0,0.0,16133,-538,80,discharging,None,None
18:22:44.858,staggered,10.2,423.3,159.9,36.1,1103.2,60.6,2400,0.0,0.0,16147,-604,80,discharging,None,None
18:22:45.367,staggered,10.2,423.3,159.9,75.6,1103.2,66.1,2400,0.0,0.0,16139,-560,80,discharging,None,None
18:22:45.872,staggered,10.2,391.3,159.9,27.5,1103.2,64.5,2400,0.0,0.0,16164,-558,80,discharging,None,None
18:22:46.379,staggered,8.3,391.3,163.3,63.7,1103.0,65.5,2400,0.0,0.0,16164,-558,80,discharging,None,None
18:22:46.882,staggered,8.3,396.0,163.3,44.1,1103.0,61.7,2400,0.0,0.0,16137,-631,80,discharging,None,None
18:22:47.393,staggered,7.9,396.0,158.5,37.8,1103.0,62.2,2400,0.0,0.0,16173,-579,80,discharging,None,None
18:22:47.896,staggered,7.9,403.5,158.5,80.4,1102.7,62.8,2400,0.0,0.0,16129,-606,80,discharging,None,None
18:22:48.400,staggered,7.9,403.5,158.5,3.0,1103.1,61.1,2400,0.0,0.0,16170,-583,80,discharging,None,None
18:22:48.908,staggered,8.4,403.5,158.5,81.9,1103.2,64.5,2400,0.0,0.0,16141,-513,80,discharging,None,None
18:22:49.412,staggered,8.4,608.9,444.0,60.5,1102.9,62.2,2400,0.0,0.0,16121,-658,80,discharging,None,None
18:22:49.915,staggered,8.3,608.9,444.0,3.0,1102.9,61.1,2400,0.0,0.0,16173,-572,80,discharging,None,None
18:22:50.423,staggered,8.3,608.9,444.0,85.0,1102.9,65.0,2400,0.0,0.0,16140,-504,80,discharging,None,None
18:22:50.927,staggered,8.3,744.6,619.3,72.9,1102.7,62.8,2400,0.0,0.0,16127,-672,80,discharging,None,None
18:22:51.430,staggered,8.3,744.6,619.3,3.0,1102.7,61.1,2400,0.0,0.0,16171,-586,80,discharging,None,None
18:22:51.934,staggered,8.3,397.1,619.3,79.1,1103.5,65.0,2400,0.0,0.0,16144,-503,80,discharging,None,None
18:22:52.437,staggered,8.3,397.1,157.1,38.3,1103.2,61.7,2400,0.0,0.0,16137,-619,80,discharging,None,None
18:22:52.944,staggered,8.3,397.1,157.1,42.4,1103.2,65.0,2400,0.0,0.0,16174,-547,80,discharging,None,None
18:22:53.448,staggered,8.4,407.2,157.1,68.2,1103.2,65.5,2400,0.0,0.0,16135,-562,80,discharging,None,None
18:22:53.959,staggered,8.4,407.2,168.9,15.3,1102.9,61.7,1900,0.0,0.0,16167,-609,80,discharging,None,None
18:22:54.463,staggered,8.3,403.0,168.9,79.6,1102.9,63.4,2400,0.0,0.0,16135,-596,80,discharging,None,None
18:22:54.966,staggered,8.3,403.0,159.6,36.3,1102.5,62.8,2400,0.0,0.0,16169,-592,80,discharging,None,None
18:22:55.475,staggered,8.3,403.0,159.6,65.3,1102.5,67.2,2400,0.0,0.0,16159,-543,80,discharging,None,None
18:22:55.978,staggered,8.3,394.6,159.6,19.6,1102.5,61.7,2400,0.0,0.0,16164,-584,80,discharging,None,None
18:22:56.487,staggered,8.3,394.6,159.4,63.2,1102.5,64.5,2400,0.0,0.0,16137,-569,80,discharging,None,None
18:22:56.990,staggered,8.3,400.7,159.4,55.2,1102.5,62.2,2400,0.0,0.0,16124,-621,80,discharging,None,None
18:22:57.495,staggered,8.3,400.7,159.4,18.9,1102.5,63.9,2400,0.0,0.0,16173,-562,80,discharging,None,None
18:22:58.003,staggered,8.3,451.8,223.4,99.5,1102.5,66.7,2400,0.0,0.0,16140,-552,80,discharging,None,None
18:22:58.507,staggered,8.3,451.8,223.4,13.1,1102.0,61.7,2400,0.0,0.0,16155,-647,80,discharging,None,None
18:22:59.019,staggered,8.3,451.8,223.4,43.4,1105.7,65.5,2400,0.0,0.0,16174,-521,80,discharging,None,None
18:22:59.522,staggered,7.9,722.7,502.8,100.0,1105.7,66.1,2400,0.0,0.0,16126,-610,80,discharging,None,None
18:23:00.026,staggered,7.9,722.7,502.8,5.0,1105.6,61.1,2400,0.0,0.0,16160,-680,80,discharging,None,None
18:23:00.535,staggered,8.4,722.7,502.8,42.3,1105.6,66.1,2400,0.0,0.0,16177,-498,80,discharging,None,None
18:23:01.038,staggered,8.4,711.7,490.6,99.5,1105.2,65.5,2400,0.0,0.0,16130,-590,80,discharging,None,None
18:23:01.542,staggered,8.4,711.7,490.6,8.0,1104.9,61.7,2400,0.0,0.0,16163,-667,80,discharging,None,None
18:23:02.055,staggered,8.4,711.7,490.6,43.3,1106.1,65.5,2400,0.0,0.0,16175,-492,80,discharging,None,None
18:23:02.558,staggered,8.4,423.6,195.5,77.2,1106.4,63.4,2400,0.0,0.0,16125,-591,80,discharging,None,None
18:23:03.069,staggered,8.3,423.6,195.5,3.0,1106.1,62.8,2400,0.0,0.0,16166,-623,80,discharging,None,None
18:23:03.573,staggered,8.3,394.7,195.5,80.4,1106.3,63.4,2400,0.0,0.0,16136,-547,80,discharging,None,None
18:23:04.076,staggered,8.3,394.7,158.2,36.3,1105.8,62.8,2400,0.0,0.0,16135,-619,80,discharging,None,None
18:23:04.584,staggered,8.3,394.7,158.2,66.2,1106.2,66.1,2400,0.0,0.0,16173,-547,80,discharging,None,None
18:23:05.088,staggered,8.3,396.0,158.2,38.3,1105.7,65.5,2400,0.0,0.0,16149,-560,80,discharging,None,None
18:23:05.599,staggered,8.3,396.0,155.7,42.8,1105.7,65.0,2400,0.0,0.0,16163,-587,80,discharging,None,None
18:23:06.102,staggered,8.3,399.4,155.7,54.9,1105.1,62.2,2400,0.0,0.0,16131,-617,80,discharging,None,None
18:23:06.607,staggered,8.3,399.4,171.0,39.9,1105.1,62.2,2400,0.0,0.0,16173,-569,80,discharging,None,None
18:23:07.110,staggered,8.3,394.1,171.0,82.2,1104.5,64.5,2400,0.0,0.0,16140,-551,80,discharging,None,None
18:23:07.614,staggered,8.3,394.1,171.0,1.5,1104.5,61.7,2400,0.0,0.0,16163,-613,80,discharging,None,None
18:23:08.123,staggered,8.4,394.1,188.0,81.0,1104.8,65.5,2400,0.0,0.0,16163,-539,80,discharging,None,None
18:23:08.626,staggered,8.4,437.7,188.0,37.4,1104.2,62.8,2400,0.0,0.0,16125,-620,80,discharging,None,None
18:23:09.138,staggered,8.3,437.7,188.0,11.8,1103.7,61.7,1700,0.0,0.0,16171,-565,80,discharging,None,None
18:23:09.643,staggered,8.3,437.7,494.7,100.0,1103.7,66.1,2400,0.0,0.0,16150,-492,80,discharging,None,None
18:23:10.269,staggered,8.3,713.9,494.7,35.3,1103.6,61.7,2400,0.0,0.0,16163,-644,80,discharging,None,None
18:23:10.776,staggered,8.3,713.9,494.7,36.3,1103.6,65.0,2400,0.0,0.0,16174,-500,80,discharging,None,None
18:23:11.280,staggered,8.3,713.9,447.1,100.0,1103.6,65.5,2400,0.0,0.0,16128,-610,80,discharging,None,None
18:23:11.784,staggered,7.9,690.9,447.1,7.0,1103.4,61.7,2400,0.0,0.0,16163,-643,80,discharging,None,None
18:23:12.292,staggered,7.9,690.9,447.1,41.4,1103.6,66.7,2400,0.0,0.0,16175,-484,80,discharging,None,None
18:23:12.796,staggered,8.3,445.1,221.3,78.6,1103.4,63.9,2400,0.0,0.0,16127,-613,80,discharging,None,None
18:23:13.299,staggered,8.3,445.1,221.3,1.5,1103.4,60.6,2400,0.0,0.0,16169,-604,80,discharging,None,None
18:23:13.803,staggered,8.3,398.2,221.3,82.1,1103.4,64.5,2400,0.0,0.0,16134,-538,80,discharging,None,None
18:23:14.306,staggered,8.3,398.2,170.3,37.2,1103.4,62.2,2400,0.0,0.0,16129,-622,80,discharging,None,None
18:23:14.815,staggered,8.3,398.2,170.3,55.5,1110.9,65.0,2400,0.0,0.0,16169,-549,80,discharging,None,None
18:23:15.319,staggered,8.3,397.6,170.3,43.8,1109.8,63.9,2400,0.0,0.0,16156,-561,80,discharging,None,None
18:23:15.824,staggered,8.3,397.6,159.3,37.7,1110.0,63.4,2400,0.0,0.0,16169,-578,80,discharging,None,None
18:23:16.327,staggered,8.3,393.6,159.3,64.4,1109.8,62.2,2400,0.0,0.0,16129,-620,80,discharging,None,None
18:23:16.831,staggered,8.3,393.6,169.2,36.5,1109.0,62.8,2400,0.0,0.0,16173,-587,80,discharging,None,None
18:23:17.334,staggered,8.3,394.7,169.2,80.6,1109.0,66.1,2400,0.0,0.0,16132,-564,80,discharging,None,None
18:23:17.838,staggered,8.3,394.7,169.2,3.0,1108.2,61.7,2400,0.0,0.0,16163,-595,80,discharging,None,None
18:23:18.347,staggered,8.3,394.7,166.3,74.6,1107.6,66.1,2400,0.0,0.0,16147,-544,80,discharging,None,None
18:23:18.850,staggered,8.3,408.7,166.3,42.9,1107.0,62.8,2400,0.0,0.0,16130,-621,80,discharging,None,None
18:23:19.359,staggered,8.3,408.7,166.3,6.0,1107.0,61.1,1900,0.0,0.0,16172,-546,80,discharging,None,None
18:23:19.867,staggered,8.3,408.7,166.3,100.0,1106.6,66.1,2400,0.0,0.0,16142,-511,80,discharging,None,None
18:23:20.371,staggered,8.3,891.2,798.1,74.9,1106.4,62.8,2400,0.0,0.0,16126,-684,80,discharging,None,None
18:23:20.875,staggered,8.3,891.2,798.1,2.0,1105.9,61.1,2400,0.0,0.0,16170,-597,80,discharging,None,None
18:23:21.387,staggered,8.3,891.2,798.1,70.9,1106.8,65.5,2400,0.0,0.0,16160,-485,80,discharging,None,None
18:23:21.890,staggered,8.3,551.2,354.3,63.7,1106.6,63.4,2400,0.0,0.0,16127,-647,80,discharging,None,None
18:23:22.403,staggered,8.3,551.2,354.3,13.1,1106.6,62.2,2400,0.0,0.0,16172,-589,80,discharging,None,None
18:23:22.909,staggered,8.3,397.2,354.3,81.0,1106.2,63.9,2400,0.0,0.0,16135,-547,80,discharging,None,None
18:23:23.412,staggered,8.3,397.2,160.0,33.3,1106.2,62.2,2400,0.0,0.0,16141,-629,80,discharging,None,None
18:23:23.920,staggered,7.9,397.2,160.0,68.5,1106.2,66.7,2400,0.0,0.0,16166,-548,80,discharging,None,None
18:23:24.424,staggered,7.9,395.8,170.6,48.0,1105.9,65.0,2400,0.0,0.0,16161,-561,80,discharging,None,None
18:23:24.928,staggered,8.3,395.8,170.6,35.1,1106.4,65.5,2400,0.0,0.0,16166,-574,80,discharging,None,None
18:23:25.431,staggered,8.3,396.9,170.6,52.5,1110.1,62.8,2400,0.0,0.0,16126,-624,80,discharging,None,None
18:23:25.935,staggered,8.3,396.9,167.9,37.0,1109.9,62.2,2400,0.0,0.0,16173,-598,80,discharging,None,None
18:23:26.439,staggered,8.3,394.0,167.9,82.2,1110.1,64.5,2400,0.0,0.0,16134,-570,80,discharging,None,None
18:23:26.942,staggered,8.3,394.0,167.9,1.5,1109.3,62.2,2400,0.0,0.0,16162,-586,80,discharging,None,None
18:23:27.447,staggered,8.3,394.0,162.9,89.5,1109.3,66.1,2400,0.0,0.0,16137,-548,80,discharging,None,None
18:23:27.951,staggered,8.3,396.0,162.9,27.9,1108.2,61.7,2400,0.0,0.0,16143,-620,80,discharging,None,None
18:23:28.473,staggered,8.4,396.0,162.9,21.7,1115.9,63.4,2400,0.0,0.0,16173,-538,80,discharging,None,None
18:23:28.977,staggered,8.4,396.0,387.2,99.0,1116.1,67.2,2400,0.0,0.0,16138,-540,80,discharging,None,None
18:23:29.481,staggered,8.3,668.3,387.2,17.0,1115.7,62.2,2400,0.0,0.0,16151,-651,80,discharging,None,None
18:23:29.992,staggered,8.3,668.3,387.2,32.7,1113.6,63.9,2400,0.0,0.0,16179,-514,80,discharging,None,None
18:23:30.497,staggered,8.3,668.3,426.4,100.0,1113.6,66.1,2400,0.0,0.0,16138,-529,80,discharging,None,None
18:23:31.000,staggered,8.3,703.0,426.4,12.5,1112.4,61.7,2400,0.0,0.0,16154,-642,80,discharging,None,None
18:23:31.508,staggered,8.3,703.0,426.4,34.8,1112.4,65.0,2400,0.0,0.0,16176,-515,80,discharging,None,None
18:23:32.011,staggered,8.2,659.3,420.3,99.0,1112.8,66.1,2400,0.0,0.0,16133,-563,80,discharging,None,None
18:23:32.515,staggered,8.2,659.3,420.3,6.0,1112.3,62.2,2400,0.0,0.0,16161,-651,80,discharging,None,None
18:23:33.023,staggered,8.2,659.3,420.3,44.4,1111.7,65.0,2400,0.0,0.0,16175,-500,80,discharging,None,None
18:23:33.527,staggered,8.4,425.3,184.2,75.1,1110.6,63.4,2400,0.0,0.0,16127,-583,80,discharging,None,None
18:23:34.035,staggered,8.4,425.3,184.2,2.5,1109.4,61.1,2400,0.0,0.0,16165,-624,80,discharging,None,None
18:23:34.540,staggered,8.3,425.3,184.2,100.0,1109.4,66.1,2400,0.0,0.0,16138,-546,80,discharging,None,None
18:23:35.043,staggered,8.3,561.9,176.3,47.0,1108.7,62.8,2400,0.0,0.0,16125,-664,80,discharging,None,None
18:23:35.549,staggered,8.3,561.9,176.3,33.0,1108.7,64.5,2400,0.0,0.0,16171,-572,80,discharging,None,None
18:23:36.055,staggered,7.6,399.3,176.3,70.1,1108.1,65.0,2400,0.0,0.0,16129,-561,80,discharging,None,None
18:23:36.559,staggered,7.6,399.3,158.7,17.7,1108.1,62.2,2400,0.0,0.0,16145,-632,80,discharging,None,None
18:23:37.062,staggered,8.3,398.5,158.7,82.7,1107.0,63.9,2400,0.0,0.0,16146,-568,80,discharging,None,None
18:23:37.566,staggered,8.3,398.5,159.4,36.3,1107.7,63.4,2400,0.0,0.0,16160,-579,80,discharging,None,None
18:23:38.072,staggered,8.3,398.5,159.4,57.9,1107.5,66.1,2400,0.0,0.0,16162,-570,80,discharging,None,None
18:23:38.575,staggered,8.3,399.1,159.4,27.5,1106.9,62.2,2400,0.0,0.0,16123,-638,80,discharging,None,None
18:23:39.083,staggered,8.3,399.1,171.6,55.7,1106.8,64.5,2400,0.0,0.0,16163,-621,80,discharging,None,None
18:23:39.586,staggered,8.3,400.6,171.6,64.4,1106.8,63.4,2400,0.0,0.0,16127,-612,80,discharging,None,None
18:23:40.095,staggered,8.3,400.6,171.6,10.1,1106.6,62.2,1800,0.0,0.0,16165,-592,80,discharging,None,None
18:23:40.599,staggered,8.3,400.6,245.9,100.0,1106.6,67.8,2400,0.0,0.0,16147,-525,80,discharging,None,None
18:23:41.103,staggered,8.3,473.4,245.9,18.3,1105.5,62.2,2400,0.0,0.0,16133,-617,80,discharging,None,None
18:23:41.619,staggered,8.3,473.4,245.9,30.9,1105.5,65.0,2400,0.0,0.0,16171,-543,80,discharging,None,None
18:23:42.123,staggered,8.3,473.4,548.7,100.0,1105.9,66.7,2400,0.0,0.0,16136,-536,80,discharging,None,None
18:23:42.627,staggered,8.3,743.1,548.7,21.9,1105.6,61.7,2400,0.0,0.0,16122,-675,80,discharging,None,None
18:23:43.135,staggered,8.4,743.1,548.7,25.9,1105.0,65.0,2400,0.0,0.0,16171,-552,80,discharging,None,None
18:23:43.647,staggered,8.4,743.1,548.7,100.0,1108.9,66.1,2400,0.0,0.0,16132,-528,80,discharging,None,None
18:23:44.150,staggered,8.3,686.6,473.9,22.9,1108.6,62.2,2400,0.0,0.0,16127,-666,80,discharging,None,None
18:23:44.659,staggered,8.3,686.6,473.9,33.0,1108.6,65.0,2400,0.0,0.0,16172,-551,80,discharging,None,None
18:23:45.163,staggered,8.3,397.4,168.8,85.7,1107.9,63.4,2400,0.0,0.0,16134,-544,80,discharging,None,None
18:23:45.666,staggered,8.3,397.4,168.8,3.0,1107.9,61.7,2400,0.0,0.0,16163,-623,80,discharging,None,None
18:23:46.170,staggered,8.3,398.0,168.8,82.6,1107.2,64.5,2400,0.0,0.0,16161,-548,80,discharging,None,None
18:23:46.673,staggered,8.3,398.0,337.4,52.0,1107.2,62.8,2400,0.0,0.0,16161,-587,80,discharging,None,None
18:23:47.180,staggered,8.3,398.0,337.4,57.6,1106.6,67.2,2400,0.0,0.0,16163,-587,80,discharging,None,None
18:23:47.683,staggered,8.3,398.4,337.4,26.5,1106.6,62.2,2400,0.0,0.0,16124,-617,80,discharging,None,None
18:23:48.191,staggered,7.6,398.4,159.8,55.4,1106.0,65.0,2400,0.0,0.0,16172,-576,80,discharging,None,None
18:23:48.695,staggered,7.6,399.5,159.8,63.1,1106.0,62.8,2400,0.0,0.0,16126,-575,80,discharging,None,None
18:23:49.203,staggered,8.3,399.5,159.8,5.0,1105.5,61.7,2400,0.0,0.0,16160,-606,80,discharging,None,None
18:23:49.708,staggered,8.3,399.5,396.7,100.0,1105.5,66.1,2400,0.0,0.0,16151,-523,80,discharging,None,None
18:23:50.211,staggered,8.3,555.1,396.7,33.2,1105.0,62.2,2400,0.0,0.0,16160,-652,80,discharging,None,None
18:23:50.723,staggered,8.3,555.1,396.7,15.3,1105.0,63.4,2400,0.0,0.0,16175,-500,80,discharging,None,None
18:23:51.227,staggered,8.3,555.1,396.7,100.0,1108.1,66.7,2400,0.0,0.0,16128,-578,80,discharging,None,None
18:23:51.731,staggered,8.3,860.1,685.3,59.7,1108.3,62.8,2400,0.0,0.0,16128,-718,80,discharging,None,None
18:23:52.234,staggered,8.3,860.1,685.3,2.5,1108.8,61.7,2400,0.0,0.0,16168,-561,80,discharging,None,None
18:23:52.747,staggered,8.3,860.1,685.3,85.4,1108.8,67.8,2400,0.0,0.0,16130,-554,80,discharging,None,None
18:23:53.251,staggered,8.3,487.6,254.0,40.6,1108.6,63.4,2400,0.0,0.0,16150,-653,80,discharging,None,None
18:23:53.759,staggered,8.3,487.6,254.0,33.2,1110.1,65.5,2400,0.0,0.0,16172,-542,80,discharging,None,None
18:23:54.263,staggered,8.3,399.2,254.0,78.4,1108.4,66.1,2400,0.0,0.0,16135,-575,80,discharging,None,None
18:23:54.767,staggered,8.3,399.2,157.3,9.9,1108.4,63.4,2400,0.0,0.0,16162,-604,80,discharging,None,None
18:23:55.271,staggered,8.3,394.0,157.3,82.7,1108.1,64.5,2400,0.0,0.0,16131,-598,80,discharging,None,None
18:23:55.774,staggered,8.3,394.0,174.0,37.5,1108.1,63.4,2400,0.0,0.0,16151,-623,80,discharging,None,None
18:23:56.283,staggered,8.3,394.0,174.0,57.6,1106.0,65.5,2400,0.0,0.0,16158,-549,80,discharging,None,None
18:23:56.786,staggered,8.3,399.9,174.0,27.2,1106.0,61.7,2400,0.0,0.0,16162,-563,80,discharging,None,None
18:23:57.295,staggered,8.3,399.9,159.6,54.0,1105.3,64.5,2400,0.0,0.0,16146,-560,80,discharging,None,None
18:23:57.798,staggered,8.3,410.1,159.6,65.7,1105.2,63.4,2400,0.0,0.0,16124,-624,80,discharging,None,None
18:23:58.307,staggered,8.3,410.1,159.6,18.4,1105.2,65.0,2400,0.0,0.0,16171,-565,80,discharging,None,None
18:23:58.930,staggered,8.3,410.1,157.9,98.0,1105.2,66.7,2400,0.0,0.0,16131,-568,80,discharging,None,None
18:23:59.434,staggered,8.3,573.8,157.9,15.8,1104.0,61.7,2400,0.0,0.0,16147,-669,80,discharging,None,None
18:23:59.943,staggered,8.3,573.8,158.0,66.2,1104.5,67.2,2400,0.0,0.0,16170,-553,80,discharging,None,None
18:24:00.447,staggered,6.7,396.5,158.0,51.2,1104.2,62.8,2400,0.0,0.0,16124,-619,80,discharging,None,None
18:24:00.956,staggered,6.7,396.5,158.0,5.4,1104.2,62.8,2400,0.0,0.0,16170,-580,80,discharging,None,None
18:24:01.461,staggered,8.3,396.5,390.3,100.0,1104.2,66.1,2400,0.0,0.0,16139,-500,80,discharging,None,None
18:24:01.965,staggered,8.3,620.7,390.3,32.3,1104.0,62.2,2400,0.0,0.0,16122,-646,80,discharging,None,None
18:24:02.472,staggered,8.3,620.7,390.3,16.3,1104.0,63.9,2400,0.0,0.0,16171,-559,80,discharging,None,None
18:24:02.979,staggered,8.3,620.7,390.3,100.0,1104.0,66.7,2400,0.0,0.0,16136,-519,80,discharging,None,None
18:24:03.483,staggered,8.3,718.8,479.4,32.2,1103.8,62.8,2400,0.0,0.0,16123,-666,80,discharging,None,None
18:24:03.991,staggered,8.4,718.8,479.4,15.1,1103.8,62.8,2400,0.0,0.0,16171,-560,80,discharging,None,None
18:24:04.500,staggered,8.4,718.8,479.4,100.0,1103.8,67.2,2400,0.0,0.0,16137,-521,80,discharging,None,None
18:24:05.003,staggered,8.3,615.8,401.2,28.4,1104.0,62.8,2400,0.0,0.0,16127,-661,80,discharging,None,None
18:24:05.511,staggered,8.3,615.8,401.2,35.7,1104.5,65.5,2400,0.0,0.0,16171,-552,80,discharging,None,None
18:24:06.014,staggered,8.3,407.4,165.3,84.2,1104.5,65.0,2400,0.0,0.0,16135,-540,80,discharging,None,None
18:24:06.518,staggered,8.3,407.4,165.3,3.0,1104.5,61.7,2400,0.0,0.0,16165,-608,80,discharging,None,None
18:24:07.021,staggered,8.3,391.9,165.3,80.8,1104.5,63.9,2400,0.0,0.0,16155,-549,80,discharging,None,None
18:24:07.525,staggered,8.3,391.9,159.2,36.0,1104.5,62.8,2400,0.0,0.0,16162,-578,80,discharging,None,None
18:24:08.032,staggered,8.3,391.9,159.2,59.8,1104.5,67.2,2400,0.0,0.0,16166,-552,80,discharging,None,None
18:24:08.536,staggered,8.4,398.4,159.2,25.4,1103.5,62.2,2400,0.0,0.0,16123,-602,80,discharging,None,None
18:24:09.043,staggered,8.4,398.4,170.4,58.6,1103.5,65.0,2400,0.0,0.0,16145,-619,80,discharging,None,None
18:24:09.547,staggered,8.4,400.3,170.4,61.5,1103.5,63.4,2400,0.0,0.0,16129,-591,80,discharging,None,None
18:24:10.055,staggered,8.3,400.3,170.4,29.4,1103.4,65.5,2400,0.0,0.0,16164,-563,80,discharging,None,None
18:24:10.559,staggered,8.3,397.9,158.8,88.6,1103.4,65.5,2400,0.0,0.0,16149,-545,80,discharging,None,None
18:24:11.062,staggered,8.3,397.9,158.8,10.9,1103.5,63.4,2400,0.0,0.0,16153,-621,80,discharging,None,None
18:24:11.572,staggered,8.3,397.9,304.8,60.5,1103.5,66.7,2400,0.0,0.0,16172,-533,80,discharging,None,None
18:24:12.076,staggered,8.3,541.1,304.8,63.5,1103.7,62.8,2400,0.0,0.0,16127,-600,80,discharging,None,None
18:24:12.579,staggered,7.9,541.1,304.8,3.0,1103.7,61.7,2400,0.0,0.0,16163,-634,80,discharging,None,None
18:24:13.090,staggered,7.9,541.1,304.8,81.2,1103.7,66.1,2400,0.0,0.0,16175,-488,80,discharging,None,None
18:24:13.594,staggered,8.2,667.0,431.5,54.0,1103.5,62.8,2400,0.0,0.0,16124,-626,80,discharging,None,None
18:24:14.097,staggered,8.2,667.0,431.5,2.5,1103.5,61.7,2400,0.0,0.0,16166,-622,80,discharging,None,None
18:24:14.610,staggered,8.3,667.0,431.5,91.7,1103.5,66.1,2400,0.0,0.0,16166,-484,80,discharging,None,None
18:24:15.114,staggered,8.3,631.6,436.2,52.7,1103.2,63.4,2400,0.0,0.0,16124,-639,80,discharging,None,None
18:24:15.620,staggered,8.3,631.6,436.2,10.7,1103.2,62.8,1600,0.0,0.0,16164,-617,80,discharging,None,None
18:24:16.128,staggered,8.4,426.3,436.2,93.6,1103.2,66.7,2400,0.0,0.0,16160,-493,80,discharging,None,None
18:24:16.631,staggered,8.4,426.3,169.3,21.9,1103.2,61.7,2400,0.0,0.0,16125,-611,80,discharging,None,None
18:24:17.139,staggered,8.3,426.3,169.3,66.8,1103.2,66.7,2400,0.0,0.0,16171,-556,80,discharging,None,None
18:24:17.642,staggered,8.3,395.1,157.3,50.7,1103.2,63.4,2400,0.0,0.0,16124,-559,80,discharging,None,None
18:24:18.151,staggered,8.4,395.1,157.3,30.8,1102.3,65.0,2400,0.0,0.0,16162,-549,80,discharging,None,None
18:24:18.654,staggered,8.4,395.4,157.3,52.9,1102.3,63.4,2400,0.0,0.0,16134,-583,80,discharging,None,None
18:24:19.158,staggered,8.4,395.4,169.1,36.0,1102.3,61.7,2400,0.0,0.0,16164,-572,80,discharging,None,None
18:24:19.662,staggered,8.3,395.1,169.1,82.6,1102.3,63.9,2400,0.0,0.0,16163,-547,80,discharging,None,None
18:24:20.169,staggered,8.3,395.1,169.1,5.5,1102.3,63.4,2400,0.0,0.0,16154,-610,80,discharging,None,None
18:24:20.676,staggered,8.3,395.1,166.9,87.7,1102.3,66.1,2400,0.0,0.0,16158,-582,80,discharging,None,None
18:24:21.180,staggered,8.3,394.9,166.9,26.0,1102.1,61.7,2400,0.0,0.0,16127,-621,80,discharging,None,None
18:24:21.691,staggered,8.3,394.9,166.9,36.6,1102.5,65.5,2400,0.0,0.0,16169,-520,80,discharging,None,None
18:24:22.194,staggered,8.3,557.6,307.0,93.6,1102.9,65.5,2400,0.0,0.0,15882,-614,80,discharging,None,None
18:24:22.698,staggered,8.3,557.6,307.0,1.5,1102.9,61.1,2400,0.0,0.0,16140,-623,80,discharging,None,None
18:24:23.207,staggered,8.4,557.6,307.0,33.3,1103.0,65.0,2400,0.0,0.0,16170,-455,80,discharging,None,None
18:24:23.715,staggered,8.4,557.6,307.0,100.0,1103.0,67.8,2400,0.0,0.0,16127,-591,80,discharging,None,None
18:24:24.219,staggered,7.9,897.7,802.0,56.3,1102.5,63.4,2400,0.0,0.0,16124,-716,80,discharging,None,None
18:24:24.722,staggered,7.9,897.7,802.0,2.0,1102.5,62.2,2400,0.0,0.0,16170,-549,80,discharging,None,None
18:24:25.235,staggered,7.9,897.7,802.0,88.7,1102.3,66.7,2400,0.0,0.0,16131,-527,80,discharging,None,None
18:24:25.738,staggered,8.3,519.9,344.6,44.0,1102.3,62.8,2400,0.0,0.0,16133,-647,80,discharging,None,None
18:24:26.247,staggered,8.3,519.9,344.6,28.5,1102.3,65.5,2400,0.0,0.0,16171,-534,80,discharging,None,None
18:24:26.755,staggered,8.4,398.4,344.6,77.9,1102.3,66.1,2400,0.0,0.0,16124,-562,80,discharging,None,None
18:24:27.258,staggered,8.4,398.4,159.7,12.9,1102.3,62.2,2400,0.0,0.0,16162,-622,80,discharging,None,None
18:24:27.762,staggered,8.4,399.9,159.7,83.0,1102.3,65.5,2400,0.0,0.0,16131,-587,80,discharging,None,None
18:24:28.266,staggered,8.3,399.9,168.5,38.0,1108.8,63.4,2400,0.0,0.0,16162,-606,80,discharging,None,None
18:24:28.772,staggered,8.3,399.9,168.5,54.0,1108.8,66.7,2400,0.0,0.0,16168,-550,80,discharging,None,None
18:24:29.275,staggered,8.3,398.9,168.5,29.9,1108.7,61.1,2400,0.0,0.0,16152,-581,80,discharging,None,None
18:24:29.787,staggered,8.3,398.9,158.4,51.5,1108.7,63.9,2400,0.0,0.0,16133,-583,80,discharging,None,None
18:24:30.291,staggered,8.3,395.9,158.4,65.5,1107.2,63.4,2400,0.0,0.0,16124,-622,80,discharging,None,None
18:24:30.799,staggered,8.3,395.9,158.4,16.0,1107.2,62.8,2400,0.0,0.0,16167,-574,80,discharging,None,None
18:24:31.302,staggered,8.3,401.5,164.1,99.0,1107.2,66.1,2400,0.0,0.0,16133,-568,80,discharging,None,None
18:24:31.806,staggered,8.3,401.5,164.1,5.0,1106.8,62.2,2400,0.0,0.0,16158,-632,80,discharging,None,None
18:24:32.319,staggered,8.3,401.5,164.1,46.1,1106.6,67.2,2400,0.0,0.0,16170,-511,80,discharging,None,None
18:24:32.822,staggered,8.3,649.3,435.9,90.0,1106.6,65.0,2400,0.0,0.0,16123,-614,80,discharging,None,None
18:24:33.326,staggered,8.3,649.3,435.9,1.5,1107.3,63.4,2400,0.0,0.0,16160,-636,80,discharging,None,None
18:24:33.839,staggered,8.3,649.3,435.9,56.7,1107.3,65.5,2400,0.0,0.0,16172,-490,80,discharging,None,None
18:24:34.342,staggered,8.3,740.5,498.9,92.6,1106.9,65.5,2400,0.0,0.0,16127,-623,80,discharging,None,None
18:24:34.846,staggered,8.3,740.5,498.9,1.5,1106.1,62.2,2400,0.0,0.0,16158,-654,80,discharging,None,None
18:24:35.355,staggered,8.4,740.5,498.9,48.0,1106.1,65.5,2400,0.0,0.0,16168,-495,80,discharging,None,None
18:24:35.858,staggered,8.4,650.3,426.0,99.5,1106.8,66.7,2400,0.0,0.0,16128,-610,80,discharging,None,None
18:24:36.362,staggered,7.9,650.3,426.0,4.5,1106.1,62.8,2400,0.0,0.0,16161,-660,80,discharging,None,None
18:24:36.871,staggered,7.9,650.3,426.0,52.2,1107.7,65.5,2400,0.0,0.0,16174,-501,80,discharging,None,None
18:24:37.374,staggered,7.9,396.8,170.1,66.5,1107.6,63.4,2400,0.0,0.0,16134,-600,80,discharging,None,None
18:24:37.884,staggered,8.3,396.8,170.1,16.0,1107.0,64.5,2400,0.0,0.0,16166,-602,80,discharging,None,None
18:24:38.391,staggered,8.3,392.1,170.1,66.0,1107.0,62.8,2400,0.0,0.0,16130,-570,80,discharging,None,None
18:24:38.895,staggered,8.3,392.1,161.1,36.5,1106.3,63.4,2400,0.0,0.0,16130,-619,80,discharging,None,None
18:24:39.402,staggered,8.3,396.0,161.1,79.5,1106.3,66.7,2400,0.0,0.0,16153,-545,80,discharging,None,None
18:24:39.906,staggered,8.3,396.0,161.1,28.2,1106.3,65.0,2400,0.0,0.0,16161,-560,80,discharging,None,None
18:24:40.411,staggered,8.3,396.0,163.4,52.7,1105.8,67.2,2400,0.0,0.0,16164,-556,80,discharging,None,None
18:24:40.914,staggered,8.3,419.6,163.4,43.8,1106.0,62.2,1600,0.0,0.0,16124,-625,80,discharging,None,None
18:24:41.420,staggered,8.3,419.6,191.2,42.2,1106.9,62.8,2400,0.0,0.0,16175,-558,80,discharging,None,None
18:24:41.924,staggered,8.3,399.3,191.2,81.4,1106.5,63.9,2400,0.0,0.0,16126,-550,80,discharging,None,None
18:24:42.427,staggered,8.4,399.3,191.2,2.5,1106.9,61.1,2400,0.0,0.0,16161,-606,80,discharging,None,None
18:24:42.935,staggered,8.4,399.3,324.0,78.7,1107.7,66.1,2400,0.0,0.0,16160,-514,80,discharging,None,None
18:24:43.439,staggered,8.4,537.9,324.0,48.3,1107.2,62.8,2400,0.0,0.0,16122,-636,80,discharging,None,None
18:24:43.942,staggered,8.3,537.9,324.0,3.0,1106.6,61.7,2400,0.0,0.0,16171,-583,80,discharging,None,None
18:24:44.455,staggered,8.3,537.9,324.0,97.0,1106.6,66.7,2400,0.0,0.0,16137,-497,80,discharging,None,None
18:24:44.958,staggered,8.3,814.1,659.9,66.2,1106.2,62.8,2400,0.0,0.0,16123,-669,80,discharging,None,None
18:24:45.462,staggered,8.3,814.1,659.9,2.0,1106.2,61.7,2400,0.0,0.0,16166,-605,80,discharging,None,None
18:24:45.975,staggered,8.3,814.1,659.9,78.9,1106.2,66.1,2400,0.0,0.0,16162,-483,80,discharging,None,None
18:24:46.479,staggered,8.3,448.1,247.5,45.1,1105.4,62.8,2400,0.0,0.0,16126,-633,80,discharging,None,None
18:24:46.987,staggered,8.3,448.1,247.5,33.7,1104.8,65.5,2400,0.0,0.0,16170,-582,80,discharging,None,None
18:24:47.491,staggered,8.3,577.3,247.5,91.1,1104.8,66.7,2400,0.0,0.0,16130,-557,80,discharging,None,None
18:24:47.995,staggered,8.3,577.3,175.9,20.9,1104.5,62.8,2400,0.0,0.0,16136,-656,80,discharging,None,None
18:24:48.503,staggered,7.2,577.3,175.9,59.9,1104.5,66.7,2400,0.0,0.0,16171,-524,80,discharging,None,None
18:24:49.006,staggered,7.2,398.3,171.4,59.4,1104.5,64.5,2400,0.0,0.0,16126,-562,80,discharging,None,None
18:24:49.515,staggered,7.2,398.3,171.4,23.5,1104.5,64.5,2400,0.0,0.0,16163,-612,80,discharging,None,None
18:24:50.019,staggered,8.3,400.7,171.4,60.8,1104.0,62.2,2400,0.0,0.0,16131,-605,80,discharging,None,None
18:24:50.522,staggered,8.3,400.7,162.8,36.0,1104.0,62.8,2400,0.0,0.0,16166,-599,80,discharging,None,None
18:24:51.026,staggered,8.3,410.0,162.8,82.6,1104.0,66.1,2400,0.0,0.0,16160,-542,80,discharging,None,None
18:24:51.535,staggered,8.3,410.0,162.8,8.0,1103.8,62.2,1700,0.0,0.0,16156,-589,80,discharging,None,None
18:24:52.044,staggered,8.3,410.0,187.9,80.3,1103.8,65.5,2400,0.0,0.0,16150,-557,80,discharging,None,None
18:24:52.547,staggered,8.3,390.7,187.9,36.8,1104.0,62.8,2400,0.0,0.0,16122,-600,80,discharging,None,None
18:24:53.059,staggered,8.3,390.7,187.9,33.5,1103.3,64.5,2400,0.0,0.0,16169,-561,80,discharging,None,None
18:24:53.562,staggered,8.3,516.3,311.4,94.1,1103.3,65.0,2400,0.0,0.0,16135,-538,80,discharging,None,None
18:24:54.066,staggered,8.3,516.3,311.4,2.5,1103.1,61.7,2400,0.0,0.0,16159,-599,80,discharging,None,None
18:24:54.579,staggered,8.3,516.3,311.4,51.0,1103.1,66.7,2400,0.0,0.0,16152,-483,80,discharging,None,None
18:24:55.082,staggered,8.3,699.6,455.3,90.2,1103.1,65.0,2400,0.0,0.0,16125,-659,80,discharging,None,None
18:24:55.586,staggered,8.3,699.6,455.3,2.5,1103.1,62.8,2400,0.0,0.0,16169,-595,80,discharging,None,None
18:24:56.103,staggered,8.4,699.6,455.3,55.4,1103.1,65.0,2400,0.0,0.0,16149,-489,80,discharging,None,None
18:24:56.606,staggered,8.4,641.8,431.2,82.3,1102.4,63.9,2400,0.0,0.0,16122,-652,80,discharging,None,None
18:24:57.110,staggered,8.3,641.8,431.2,2.5,1102.4,62.2,2400,0.0,0.0,16170,-578,80,discharging,None,None
18:24:57.615,staggered,8.3,641.8,431.2,70.6,1102.4,67.2,2400,0.0,0.0,16136,-513,80,discharging,None,None
18:24:58.118,staggered,8.3,400.0,158.9,48.5,1102.4,62.8,2400,0.0,0.0,16140,-622,80,discharging,None,None
18:24:58.627,staggered,8.3,400.0,158.9,33.5,1102.4,65.5,2400,0.0,0.0,16172,-548,80,discharging,None,None
18:24:59.131,staggered,8.3,399.9,158.9,66.2,1102.1,65.5,2400,0.0,0.0,16144,-562,80,discharging,None,None
18:24:59.635,staggered,8.3,399.9,158.3,30.2,1102.1,62.8,2400,0.0,0.0,16155,-607,80,discharging,None,None
18:25:00.138,staggered,8.3,407.6,158.3,83.6,1103.0,65.0,2400,0.0,0.0,16128,-626,80,discharging,None,None
18:25:00.642,staggered,7.9,407.6,159.5,36.8,1103.0,64.5,2400,0.0,0.0,16160,-616,80,discharging,None,None
18:25:01.151,staggered,7.9,407.6,159.5,54.5,1103.0,67.2,2400,0.0,0.0,16150,-546,80,discharging,None,None
18:25:01.654,staggered,7.9,410.7,159.5,31.4,1103.0,62.2,2400,0.0,0.0,16160,-572,80,discharging,None,None
18:25:02.167,staggered,8.4,410.7,179.1,54.0,1102.8,64.5,2400,0.0,0.0,16140,-547,80,discharging,None,None
18:25:02.671,staggered,8.4,399.4,179.1,67.0,1102.8,63.4,2400,0.0,0.0,16120,-610,80,discharging,None,None
18:25:03.179,staggered,8.3,399.4,179.1,5.0,1103.0,62.8,2400,0.0,0.0,16170,-562,80,discharging,None,None
18:25:03.684,staggered,8.3,399.4,281.5,100.0,1103.0,68.3,2400,0.0,0.0,16132,-562,80,discharging,None,None
18:25:04.187,staggered,8.3,468.8,281.5,18.5,1102.8,62.8,2400,0.0,0.0,16158,-632,80,discharging,None,None
18:25:04.710,staggered,8.3,468.8,281.5,29.6,1102.8,64.5,2400,0.0,0.0,16171,-493,80,discharging,None,None
18:25:05.214,staggered,8.3,468.8,281.5,100.0,1102.6,67.2,2400,0.0,0.0,16126,-590,80,discharging,None,None
18:25:05.717,staggered,8.3,789.3,623.3,29.9,1104.4,62.8,2400,0.0,0.0,16156,-674,80,discharging,None,None
18:25:06.227,staggered,8.3,789.3,623.3,16.8,1104.4,63.9,2400,0.0,0.0,16171,-507,80,discharging,None,None
18:25:06.738,staggered,8.3,556.4,623.3,99.5,1104.8,67.2,2400,0.0,0.0,16128,-573,80,discharging,None,None
18:25:07.242,staggered,8.3,556.4,341.4,18.9,1104.9,62.8,2400,0.0,0.0,16160,-649,80,discharging,None,None
18:25:07.752,staggered,8.3,556.4,341.4,49.8,1104.9,64.5,2400,0.0,0.0,16173,-523,80,discharging,None,None
18:25:08.255,staggered,8.3,397.2,160.7,68.1,1104.7,63.4,2400,0.0,0.0,16150,-596,80,discharging,None,None
18:25:08.763,staggered,8.3,397.2,160.7,14.4,1104.7,63.4,2400,0.0,0.0,16166,-589,80,discharging,None,None
18:25:09.266,staggered,8.4,395.2,160.7,69.8,1104.2,62.8,2400,0.0,0.0,16128,-587,80,discharging,None,None
18:25:09.770,staggered,8.4,395.2,168.0,37.8,1104.2,62.2,2400,0.0,0.0,16131,-623,80,discharging,None,None
18:25:10.279,staggered,8.3,395.2,168.0,76.1,1103.6,66.7,2400,0.0,0.0,16141,-557,80,discharging,None,None
18:25:10.790,staggered,8.3,396.6,168.0,18.0,1103.6,63.9,2400,0.0,0.0,16160,-563,80,discharging,None,None
18:25:11.294,staggered,8.3,396.6,159.8,65.3,1103.7,67.2,2400,0.0,0.0,16162,-552,80,discharging,None,None
18:25:11.797,staggered,8.3,547.0,159.8,69.7,1103.7,63.9,2400,0.0,0.0,16123,-656,80,discharging,None,None
18:25:12.301,staggered,8.3,547.0,177.4,40.1,1103.8,65.0,2400,0.0,0.0,16172,-585,80,discharging,None,None
18:25:12.808,staggered,7.2,547.0,177.4,72.9,1103.8,67.2,2400,0.0,0.0,16146,-525,80,discharging,None,None
18:25:13.312,staggered,7.2,404.0,177.4,11.5,1103.5,62.2,2400,0.0,0.0,16160,-608,80,discharging,None,None
18:25:13.820,staggered,7.2,404.0,159.3,67.8,1103.5,66.7,2400,0.0,0.0,16159,-551,80,discharging,None,None
18:25:14.323,staggered,8.3,408.0,159.3,50.5,1103.2,63.4,2400,0.0,0.0,16123,-622,80,discharging,None,None
18:25:14.827,staggered,8.3,408.0,159.3,3.0,1103.2,61.7,2400,0.0,0.0,16170,-566,80,discharging,None,None
18:25:15.335,staggered,8.3,408.0,159.3,98.5,1103.2,67.2,2400,0.0,0.0,16136,-516,80,discharging,None,None
18:25:15.838,staggered,8.3,724.0,536.9,53.2,1103.0,62.8,2400,0.0,0.0,16117,-677,80,discharging,None,None
18:25:16.342,staggered,8.4,724.0,536.9,2.5,1103.0,62.8,2400,0.0,0.0,16170,-575,80,discharging,None,None
18:25:16.852,staggered,8.4,724.0,536.9,93.1,1103.5,66.7,2400,0.0,0.0,16135,-511,80,discharging,None,None
18:25:17.355,staggered,8.4,719.9,457.1,52.5,1104.8,62.8,2400,0.0,0.0,16121,-669,80,discharging,None,None
18:25:17.859,staggered,8.3,719.9,457.1,2.5,1105.5,62.2,2400,0.0,0.0,16168,-573,80,discharging,None,None
18:25:18.378,staggered,8.3,719.9,457.1,92.7,1105.5,66.7,2400,0.0,0.0,16136,-509,80,discharging,None,None
18:25:18.882,staggered,8.3,507.5,283.7,34.3,1105.1,62.2,2400,0.0,0.0,16130,-639,80,discharging,None,None
18:25:19.391,staggered,8.3,507.5,283.7,37.0,1105.1,66.7,2400,0.0,0.0,16169,-543,80,discharging,None,None
18:25:19.894,staggered,8.3,394.2,159.5,79.4,1105.1,66.1,2400,0.0,0.0,16123,-562,80,discharging,None,None
18:25:20.398,staggered,8.3,394.2,159.5,3.5,1105.3,62.2,2400,0.0,0.0,16162,-622,80,discharging,None,None
18:25:20.902,staggered,8.3,396.5,159.5,81.6,1105.1,64.5,2400,0.0,0.0,16134,-574,80,discharging,None,None
18:25:21.406,staggered,8.3,396.5,171.5,37.8,1105.1,62.8,2400,0.0,0.0,16160,-597,80,discharging,None,None
18:25:21.912,staggered,8.3,396.5,171.5,62.4,1104.9,67.2,2400,0.0,0.0,16167,-550,80,discharging,None,None
18:25:22.415,staggered,8.4,400.6,171.5,22.0,1105.4,63.4,1600,0.0,0.0,16143,-590,80,discharging,None,None
18:25:22.923,staggered,8.4,400.6,171.4,62.4,1105.4,64.5,2400,0.0,0.0,16150,-577,80,discharging,None,None
18:25:23.427,staggered,8.4,397.4,171.4,59.4,1104.8,62.8,2400,0.0,0.0,16127,-598,80,discharging,None,None
18:25:23.935,staggered,8.3,397.4,171.4,32.7,1104.4,65.5,2400,0.0,0.0,16165,-574,80,discharging,None,None
18:25:24.438,staggered,8.3,396.6,163.1,94.6,1104.2,65.5,2400,0.0,0.0,16140,-559,80,discharging,None,None
18:25:24.942,staggered,7.9,396.6,163.1,3.4,1104.7,62.2,2400,0.0,0.0,16159,-622,80,discharging,None,None
18:25:25.454,staggered,7.9,396.6,163.1,52.5,1104.7,66.7,2400,0.0,0.0,16172,-500,80,discharging,None,None
18:25:25.958,staggered,7.9,696.9,487.5,90.7,1105.1,65.0,2400,0.0,0.0,16125,-593,80,discharging,None,None
18:25:26.462,staggered,8.3,696.9,487.5,2.5,1105.1,62.2,2400,0.0,0.0,16158,-660,80,discharging,None,None
18:25:26.974,staggered,8.3,696.9,487.5,54.0,1105.1,66.1,2400,0.0,0.0,16172,-493,80,discharging,None,None
18:25:27.478,staggered,8.2,739.0,503.2,93.6,1105.1,65.5,2400,0.0,0.0,16124,-594,80,discharging,None,None
18:25:27.981,staggered,8.2,739.0,503.2,1.5,1105.3,61.7,2400,0.0,0.0,16158,-668,80,discharging,None,None
18:25:28.489,staggered,8.3,739.0,503.2,51.2,1105.3,66.7,2400,0.0,0.0,16172,-492,80,discharging,None,None
18:25:28.993,staggered,8.3,515.5,283.3,77.6,1104.6,64.5,2400,0.0,0.0,16125,-590,80,discharging,None,None
18:25:29.496,staggered,8.3,515.5,283.3,2.0,1104.6,61.7,2400,0.0,0.0,16161,-641,80,discharging,None,None
18:25:30.000,staggered,8.3,407.4,283.3,82.7,1104.2,65.0,2400,0.0,0.0,16157,-526,80,discharging,None,None
18:25:30.503,staggered,8.3,407.4,169.7,37.0,1104.2,63.4,2400,0.0,0.0,16146,-621,80,discharging,None,None
18:25:31.012,staggered,8.3,407.4,169.7,50.2,1104.2,66.7,2400,0.0,0.0,16170,-561,80,discharging,None,None
18:25:31.516,staggered,8.3,415.0,169.7,52.0,1104.2,65.0,2400,0.0,0.0,16124,-567,80,discharging,None,None
18:25:32.027,staggered,8.3,415.0,159.8,29.0,1103.9,64.5,2400,0.0,0.0,16137,-626,80,discharging,None,None
18:25:32.530,staggered,8.3,407.8,159.8,73.4,1104.0,64.5,2400,0.0,0.0,16133,-572,80,discharging,None,None
18:25:33.034,staggered,8.3,407.8,183.3,40.0,1103.7,63.9,2400,0.0,0.0,16159,-560,80,discharging,None,None
18:25:33.539,staggered,8.4,407.8,183.3,70.1,1103.7,67.8,2400,0.0,0.0,16168,-536,80,discharging,None,None
18:25:34.043,staggered,8.4,407.3,183.3,15.0,1103.7,62.8,2400,0.0,0.0,16133,-615,80,discharging,None,None
18:25:34.551,staggered,8.4,407.3,158.9,65.8,1103.7,66.7,2400,0.0,0.0,16169,-571,80,discharging,None,None
18:25:35.054,staggered,8.4,401.0,158.9,52.2,1103.0,63.4,2400,0.0,0.0,16123,-611,80,discharging,None,None
18:25:35.564,staggered,8.4,401.0,158.9,5.5,1103.0,62.8,2400,0.0,0.0,16167,-594,80,discharging,None,None
18:25:36.068,staggered,8.3,401.0,379.9,100.0,1103.0,67.2,2400,0.0,0.0,16140,-500,80,discharging,None,None
18:25:36.572,staggered,8.3,685.0,379.9,48.2,1102.8,63.4,2400,0.0,0.0,16119,-664,80,discharging,None,None
18:25:37.075,staggered,7.6,685.0,379.9,1.5,1102.8,62.2,2400,0.0,0.0,16166,-599,80,discharging,None,None
18:25:37.587,staggered,7.6,685.0,379.9,97.5,1102.8,67.8,2400,0.0,0.0,16152,-485,80,discharging,None,None
18:25:38.090,staggered,7.6,707.0,482.8,45.0,1104.2,62.8,2400,0.0,0.0,16124,-658,80,discharging,None,None
18:25:38.595,staggered,8.3,707.0,482.8,2.5,1104.2,62.8,2400,0.0,0.0,16167,-601,80,discharging,None,None
18:25:39.110,staggered,8.3,707.0,482.8,99.5,1104.6,66.1,2400,0.0,0.0,16153,-489,80,discharging,None,None
18:25:39.614,staggered,8.3,710.7,482.8,45.3,1104.6,62.8,2400,0.0,0.0,16121,-658,80,discharging,None,None
18:25:40.124,staggered,8.3,710.7,482.8,4.0,1104.2,62.2,2400,0.0,0.0,16165,-601,80,discharging,None,None
18:25:40.628,staggered,8.2,451.7,482.8,99.5,1104.2,67.2,2400,0.0,0.0,16153,-490,80,discharging,None,None
18:25:41.132,staggered,8.2,451.7,222.1,21.0,1103.9,62.8,2400,0.0,0.0,16121,-631,80,discharging,None,None
18:25:41.640,staggered,8.2,451.7,222.1,56.2,1103.9,66.7,2400,0.0,0.0,16169,-566,80,discharging,None,None
18:25:42.144,staggered,8.4,398.0,157.3,61.7,1104.2,63.9,2400,0.0,0.0,16124,-562,80,discharging,None,None
18:25:42.652,staggered,8.4,398.0,157.3,19.8,1104.2,65.0,2400,0.0,0.0,16163,-622,80,discharging,None,None
18:25:43.156,staggered,8.3,415.2,157.3,68.0,1103.9,62.8,2400,0.0,0.0,16135,-565,80,discharging,None,None
18:25:43.660,staggered,8.3,415.2,170.2,37.2,1103.9,62.2,2400,0.0,0.0,16161,-569,80,discharging,None,None
18:25:44.163,staggered,8.3,375.8,170.2,76.8,1103.9,66.1,2400,0.0,0.0,16163,-539,80,discharging,None,None
18:25:44.675,staggered,8.3,375.8,170.2,6.5,1104.2,62.8,2400,0.0,0.0,16137,-600,80,discharging,None,None
18:25:45.182,staggered,8.3,375.8,151.3,70.9,1103.9,65.5,2400,0.0,0.0,16153,-592,80,discharging,None,None
18:25:45.685,staggered,8.3,371.2,151.3,29.9,1103.9,61.7,2400,0.0,0.0,16129,-603,80,discharging,None,None
18:25:46.196,staggered,8.3,371.2,191.2,39.9,1103.7,65.5,2400,0.0,0.0,16172,-536,80,discharging,None,None
18:25:46.700,staggered,8.3,400.8,191.2,68.8,1103.7,63.4,2400,0.0,0.0,16120,-609,80,discharging,None,None
18:25:47.203,staggered,8.3,400.8,191.2,0.0,1103.2,61.7,2400,0.0,0.0,16159,-576,80,discharging,None,None
18:25:47.715,staggered,8.3,400.8,191.2,75.5,1103.2,67.2,2400,0.0,0.0,16139,-492,80,discharging,None,None
18:25:48.218,staggered,8.3,675.3,456.2,60.9,1103.0,62.2,1900,0.0,0.0,16120,-643,80,discharging,None,None
18:25:48.722,staggered,8.3,675.3,456.2,0.5,1103.0,61.1,1500,0.0,0.0,16176,-532,80,discharging,None,None
18:25:49.235,staggered,8.3,675.3,456.2,83.7,1104.6,66.1,2400,0.0,0.0,16144,-460,80,discharging,None,None
18:25:49.739,staggered,8.3,598.9,357.0,39.4,1104.7,62.2,2400,0.0,0.0,16142,-602,80,discharging,None,None
18:25:50.248,staggered,8.3,598.9,357.0,8.4,1104.9,63.4,2400,0.0,0.0,16171,-523,80,discharging,None,None
18:25:50.751,staggered,8.3,367.7,147.9,96.1,1104.6,65.5,2400,0.0,0.0,16125,-548,80,discharging,None,None
18:25:51.255,staggered,8.3,367.7,147.9,2.0,1104.6,62.2,2400,0.0,0.0,16160,-602,80,discharging,None,None
18:25:51.759,staggered,8.3,363.4,147.9,75.1,1105.0,65.5,2400,0.0,0.0,16136,-550,80,discharging,None,None
18:25:52.262,staggered,8.3,363.4,150.4,32.8,1108.3,63.4,2400,0.0,0.0,16145,-605,80,discharging,None,None
18:25:52.771,staggered,8.3,363.4,150.4,45.8,1115.8,66.1,2400,0.0,0.0,16169,-551,80,discharging,None,None
18:25:53.274,staggered,8.3,367.2,150.4,29.6,1115.8,62.2,2400,0.0,0.0,16150,-564,79,discharging,None,None
18:25:53.787,staggered,8.3,367.2,147.1,47.0,1115.8,63.9,2400,0.0,0.0,16147,-590,79,discharging,None,None
18:25:54.290,staggered,8.3,379.0,147.1,62.6,1115.8,62.2,2400,0.0,0.0,16133,-608,79,discharging,None,None
18:25:54.794,staggered,8.3,379.0,147.0,29.0,1115.4,65.0,2400,0.0,0.0,16171,-548,79,discharging,None,None
18:25:55.298,staggered,8.3,363.8,147.0,78.2,1115.4,65.0,2400,0.0,0.0,16125,-560,79,discharging,None,None
18:25:55.801,staggered,8.3,363.8,147.0,0.0,1114.5,62.2,2400,0.0,0.0,16162,-603,79,discharging,None,None
18:25:56.307,staggered,8.3,363.8,299.5,61.9,1114.5,65.5,2400,0.0,0.0,16164,-500,79,discharging,None,None
18:25:56.811,staggered,8.3,507.6,299.5,53.0,1113.3,62.8,2400,0.0,0.0,16120,-616,79,discharging,None,None
18:25:57.314,staggered,8.3,507.6,299.5,0.5,1112.3,61.1,2400,0.0,0.0,16170,-567,79,discharging,None,None
18:25:57.824,staggered,8.3,507.6,299.5,91.2,1111.9,65.5,2400,0.0,0.0,16135,-508,79,discharging,None,None
18:25:58.327,staggered,8.3,722.8,486.0,53.5,1111.5,62.8,2400,0.0,0.0,16120,-665,79,discharging,None,None
18:25:58.831,staggered,8.3,722.8,486.0,0.0,1110.0,62.2,2400,0.0,0.0,16170,-562,79,discharging,None,None
18:25:59.342,staggered,8.3,722.8,486.0,90.2,1110.0,66.1,2400,0.0,0.0,16138,-494,79,discharging,None,None
18:25:59.846,staggered,8.3,563.4,342.0,40.1,1109.5,62.8,2400,0.0,0.0,16127,-630,79,discharging,None,None
18:26:00.355,staggered,8.3,563.4,342.0,20.5,1109.2,66.1,2400,0.0,0.0,16171,-540,79,discharging,None,None
18:26:00.859,staggered,8.3,362.8,342.0,79.4,1110.2,66.1,2400,0.0,0.0,16125,-545,79,discharging,None,None
18:26:01.363,staggered,8.3,362.8,149.3,7.0,1109.2,61.1,2400,0.0,0.0,16165,-604,79,discharging,None,None
18:26:01.866,staggered,8.3,364.1,149.3,75.0,1108.0,63.4,2400,0.0,0.0,16136,-562,79,discharging,None,None
18:26:02.370,staggered,8.3,364.1,145.8,32.2,1108.0,62.8,2400,0.0,0.0,16164,-582,79,discharging,None,None
18:26:02.879,staggered,8.3,364.1,145.8,59.5,1108.0,67.2,2400,0.0,0.0,16169,-540,79,discharging,None,None
18:26:03.382,staggered,8.3,366.9,145.8,15.7,1107.8,61.7,2400,0.0,0.0,16159,-565,79,discharging,None,None
18:26:03.891,staggered,8.3,366.9,148.7,60.5,1107.8,66.1,2400,0.0,0.0,16133,-565,79,discharging,None,None
18:26:04.395,staggered,8.3,367.9,148.7,47.0,1107.1,61.7,1500,0.0,0.0,16122,-600,79,discharging,None,None
18:26:04.901,staggered,8.3,367.9,148.7,24.0,1106.3,62.8,1700,0.0,0.0,16176,-521,79,discharging,None,None
18:26:05.405,staggered,8.3,427.1,227.1,90.2,1105.8,64.5,2400,0.0,0.0,16133,-512,79,discharging,None,None
18:26:05.909,staggered,8.3,427.1,227.1,0.5,1105.5,61.7,2400,0.0,0.0,16160,-592,79,discharging,None,None
18:26:06.420,staggered,8.3,427.1,227.1,54.4,1105.5,65.0,2400,0.0,0.0,16173,-481,79,discharging,None,None
18:26:06.924,staggered,8.3,729.1,531.7,93.0,1104.6,65.0,2400,0.0,0.0,16125,-603,79,discharging,None,None
18:26:07.427,staggered,8.3,729.1,531.7,0.0,1104.6,61.1,2400,0.0,0.0,16159,-648,79,discharging,None,None
18:26:07.936,staggered,8.3,729.1,531.7,51.0,1104.6,66.1,2400,0.0,0.0,16173,-483,79,discharging,None,None
18:26:08.439,staggered,8.3,516.9,305.6,65.0,1104.4,62.2,2400,0.0,0.0,16122,-604,79,discharging,None,None
18:26:08.943,staggered,8.3,516.9,305.6,0.0,1104.1,61.1,2400,0.0,0.0,16169,-603,79,discharging,None,None
18:26:09.453,staggered,8.3,361.8,305.6,75.2,1104.1,64.5,2400,0.0,0.0,16140,-504,79,discharging,None,None
18:26:09.957,staggered,8.3,361.8,148.5,31.5,1103.9,61.7,1900,0.0,0.0,16125,-602,79,discharging,None,None
18:26:10.464,staggered,8.3,361.8,148.5,61.6,1103.9,66.1,2400,0.0,0.0,16175,-516,79,discharging,None,None
18:26:10.968,staggered,8.3,377.9,151.3,48.3,1103.5,65.5,2400,0.0,0.0,16145,-524,79,discharging,None,None
18:26:11.476,staggered,8.3,377.9,151.3,28.9,1102.8,63.9,2400,0.0,0.0,16166,-580,79,discharging,None,None
18:26:11.980,staggered,8.3,367.5,151.3,46.8,1102.8,62.2,2400,0.0,0.0,16124,-603,79,discharging,None,None
18:26:12.483,staggered,8.3,367.5,147.0,32.0,1103.0,62.2,2400,0.0,0.0,16170,-580,79,discharging,None,None
18:26:12.987,staggered,8.3,363.1,147.0,75.2,1103.0,63.4,2400,0.0,0.0,16131,-553,79,discharging,None,None
18:26:13.490,staggered,8.3,363.1,147.0,0.0,1104.2,61.7,2400,0.0,0.0,16161,-569,79,discharging,None,None
18:26:13.999,staggered,8.3,363.1,151.1,97.0,1104.2,67.8,2400,0.0,0.0,16135,-539,79,discharging,None,None
18:26:14.502,staggered,8.3,367.6,151.1,9.9,1104.0,61.7,2400,0.0,0.0,16151,-603,79,discharging,None,None
18:26:15.015,staggered,8.3,367.6,151.1,35.8,1103.7,65.5,2400,0.0,0.0,16173,-517,79,discharging,None,None
18:26:15.519,staggered,8.3,599.4,370.0,85.1,1103.7,63.9,2400,0.0,0.0,16129,-552,79,discharging,None,None
18:26:16.022,staggered,8.3,599.4,370.0,0.0,1103.0,61.1,2400,0.0,0.0,16162,-612,79,discharging,None,None
18:26:16.539,staggered,8.3,599.4,370.0,58.9,1103.0,64.5,2400,0.0,0.0,16174,-474,79,discharging,None,None
18:26:17.043,staggered,8.3,643.4,422.7,70.7,1103.0,63.4,2400,0.0,0.0,16123,-599,79,discharging,None,None
18:26:17.546,staggered,8.3,643.4,422.7,0.0,1103.5,61.1,2400,0.0,0.0,16161,-629,79,discharging,None,None
18:26:18.059,staggered,8.3,367.3,422.7,73.9,1103.5,65.5,2400,0.0,0.0,16173,-479,79,discharging,None,None
18:26:18.562,staggered,8.3,367.3,156.3,33.3,1103.5,60.6,2400,0.0,0.0,16124,-603,79,discharging,None,None
18:26:19.067,staggered,8.3,367.3,156.3,44.3,1103.5,65.5,2400,0.0,0.0,16170,-569,79,discharging,None,None
18:26:19.570,staggered,8.3,367.4,150.0,62.9,1103.0,64.5,2400,0.0,0.0,16125,-594,79,discharging,None,None
18:26:20.079,staggered,8.3,367.4,150.0,12.5,1102.8,63.9,2400,0.0,0.0,16170,-543,79,discharging,None,None
18:26:20.583,staggered,8.3,367.5,150.0,63.5,1102.8,61.7,1500,0.0,0.0,16140,-545,79,discharging,None,None
18:26:21.087,staggered,8.3,367.5,166.5,35.8,1102.8,61.7,2400,0.0,0.0,16145,-559,79,discharging,None,None
18:26:21.590,staggered,8.3,362.0,166.5,75.2,1102.8,64.5,2400,0.0,0.0,16128,-574,79,discharging,None,None
18:26:22.094,staggered,8.3,362.0,166.5,0.0,1102.5,61.7,2400,0.0,0.0,16170,-545,79,discharging,None,None
18:26:22.603,staggered,8.3,362.0,147.7,82.6,1103.0,65.5,2400,0.0,0.0,16141,-543,79,discharging,None,None
18:26:23.107,staggered,8.3,368.1,147.7,25.0,1103.0,62.2,2400,0.0,0.0,16160,-602,79,discharging,None,None
18:26:23.615,staggered,8.3,368.1,147.7,28.9,1103.0,63.9,2400,0.0,0.0,16173,-496,79,discharging,None,None
18:26:24.120,staggered,8.3,368.1,443.6,100.0,1103.0,66.7,2400,0.0,0.0,16124,-621,79,discharging,None,None
18:26:24.623,staggered,8.3,616.9,443.6,5.0,1103.0,61.7,2400,0.0,0.0,16163,-620,79,discharging,None,None
18:26:25.135,staggered,8.3,616.9,443.6,39.4,1102.3,65.0,2400,0.0,0.0,16166,-481,79,discharging,None,None
18:26:25.645,staggered,8.3,616.9,494.5,100.0,1102.3,66.1,2400,0.0,0.0,16124,-636,79,discharging,None,None
18:26:26.148,staggered,8.3,726.1,494.5,6.0,1102.8,61.1,1500,0.0,0.0,16164,-615,79,discharging,None,None
18:26:26.660,staggered,8.3,726.1,494.5,39.2,1102.8,64.5,2400,0.0,0.0,16178,-434,79,discharging,None,None
18:26:27.163,staggered,8.3,435.8,218.8,77.0,1103.0,63.4,2400,0.0,0.0,16125,-580,79,discharging,None,None
18:26:27.667,staggered,8.3,435.8,218.8,0.0,1103.0,61.1,2400,0.0,0.0,16171,-577,79,discharging,None,None
18:26:28.170,staggered,8.3,365.9,218.8,76.1,1103.5,63.4,2400,0.0,0.0,16128,-546,79,discharging,None,None
18:26:28.674,staggered,8.3,365.9,147.0,32.0,1103.5,62.2,2400,0.0,0.0,16161,-603,79,discharging,None,None
18:26:29.183,staggered,78.2,365.9,147.0,62.9,1103.5,65.5,2400,0.0,0.0,16139,-547,79,discharging,None,None
18:26:29.687,staggered,78.2,400.4,147.0,41.9,1103.5,64.5,2400,0.0,0.0,16160,-564,79,discharging,None,None
18:26:30.192,staggered,78.2,400.4,167.7,41.1,1103.0,65.0,2400,0.0,0.0,16161,-549,79,discharging,None,None
18:26:30.696,staggered,8.3,400.3,167.7,58.1,1103.0,62.8,2400,0.0,0.0,16130,-614,79,discharging,None,None
18:26:31.199,staggered,8.3,400.3,159.4,35.7,1102.7,63.4,2400,0.0,0.0,16158,-604,79,discharging,None,None
18:26:31.703,staggered,8.3,402.7,159.4,82.6,1102.7,65.0,2400,0.0,0.0,16128,-599,79,discharging,None,None
18:26:32.206,staggered,8.3,402.7,159.4,3.0,1102.3,61.7,2400,0.0,0.0,16165,-566,79,discharging,None,None
18:26:32.715,staggered,8.3,402.7,159.3,80.5,1102.3,66.7,2400,0.0,0.0,16133,-539,79,discharging,None,None
18:26:33.219,staggered,8.4,592.7,159.3,61.5,1102.5,63.4,2400,0.0,0.0,16126,-651,79,discharging,None,None
18:26:33.727,staggered,8.4,592.7,159.3,17.1,1103.3,64.5,2400,0.0,0.0,16170,-549,79,discharging,None,None
18:26:34.235,staggered,7.2,592.7,157.7,96.5,1103.5,66.7,2400,0.0,0.0,16130,-568,79,discharging,None,None
18:26:34.739,staggered,7.2,402.0,157.7,10.8,1103.5,62.2,2400,0.0,0.0,16160,-622,79,discharging,None,None
18:26:35.260,staggered,7.2,402.0,157.7,45.1,1103.2,65.0,2400,0.0,0.0,16171,-501,79,discharging,None,None
18:26:35.764,staggered,8.3,651.2,453.1,94.1,1103.2,65.0,2400,0.0,0.0,16123,-625,79,discharging,None,None
18:26:36.267,staggered,8.3,651.2,453.1,2.0,1103.0,62.8,2400,0.0,0.0,16161,-627,79,discharging,None,None
18:26:36.778,staggered,8.4,651.2,453.1,51.5,1103.0,65.0,2400,0.0,0.0,16168,-478,79,discharging,None,None
18:26:37.281,staggered,8.4,735.6,472.1,97.5,1103.0,65.5,2400,0.0,0.0,16124,-618,79,discharging,None,None
18:26:37.785,staggered,8.3,735.6,472.1,1.5,1103.0,61.7,2400,0.0,0.0,16159,-629,79,discharging,None,None
18:26:38.292,staggered,8.3,735.6,472.1,47.8,1103.0,66.7,2400,0.0,0.0,16171,-485,79,discharging,None,None
18:26:38.796,staggered,8.3,591.0,371.6,90.0,1103.8,65.5,2400,0.0,0.0,16122,-622,79,discharging,None,None
18:26:39.299,staggered,8.3,591.0,371.6,2.0,1105.1,61.7,2400,0.0,0.0,16162,-623,79,discharging,None,None
18:26:39.807,staggered,8.3,591.0,371.6,71.1,1105.1,67.2,2400,0.0,0.0,16144,-516,79,discharging,None,None
18:26:40.311,staggered,8.3,399.3,162.0,46.5,1105.1,62.8,2400,0.0,0.0,16124,-620,79,discharging,None,None
18:26:40.815,staggered,8.3,399.3,162.0,34.7,1105.1,66.7,2400,0.0,0.0,16169,-553,79,discharging,None,None
18:26:41.324,staggered,8.2,407.3,162.0,57.4,1104.4,65.0,2400,0.0,0.0,16120,-564,79,discharging,None,None
18:26:41.828,staggered,8.2,407.3,171.9,32.0,1103.9,62.2,2400,0.0,0.0,16154,-621,79,discharging,None,None
18:26:42.332,staggered,8.2,395.4,171.9,82.3,1104.3,64.5,2400,0.0,0.0,16130,-592,79,discharging,None,None
18:26:42.839,staggered,8.4,395.4,158.0,35.1,1104.4,65.5,2400,0.0,0.0,16162,-567,79,discharging,None,None
18:26:43.343,staggered,8.4,395.4,158.0,59.5,1104.4,66.1,2400,0.0,0.0,16155,-549,79,discharging,None,None
18:26:43.847,staggered,8.3,399.9,158.0,26.0,1106.0,62.2,2400,0.0,0.0,16152,-616,79,discharging,None,None
18:26:44.355,staggered,8.3,399.9,160.2,54.5,1106.0,65.0,2400,0.0,0.0,16155,-576,79,discharging,None,None
18:26:44.858,staggered,8.3,403.4,160.2,63.4,1106.2,63.4,2400,0.0,0.0,16122,-624,79,discharging,None,None
18:26:45.362,staggered,8.3,403.4,160.2,10.6,1105.9,62.8,2400,0.0,0.0,16161,-577,79,discharging,None,None
18:26:45.870,staggered,8.3,403.4,315.2,95.5,1105.9,66.7,2400,0.0,0.0,16134,-528,79,discharging,None,None
18:26:46.374,staggered,7.9,532.6,315.2,29.6,1105.6,61.7,2400,0.0,0.0,16142,-633,79,discharging,None,None
18:26:46.883,staggered,7.9,532.6,315.2,18.6,1105.6,62.2,1600,0.0,0.0,16170,-528,79,discharging,None,None
18:26:47.392,staggered,8.3,532.6,456.4,100.0,1105.6,67.2,2400,0.0,0.0,16132,-538,79,discharging,None,None
18:26:47.896,staggered,8.3,687.3,456.4,21.1,1105.3,62.2,2400,0.0,0.0,16151,-641,79,discharging,None,None
18:26:48.403,staggered,8.3,687.3,456.4,26.1,1105.3,65.5,2400,0.0,0.0,16169,-516,79,discharging,None,None
18:26:48.907,staggered,8.3,607.5,456.4,100.0,1105.3,67.8,2400,0.0,0.0,16128,-566,79,discharging,None,None
18:26:49.411,staggered,8.3,607.5,393.5,12.1,1105.1,62.8,2400,0.0,0.0,16157,-653,79,discharging,None,None
18:26:49.919,staggered,8.3,607.5,393.5,46.2,1104.9,66.1,2400,0.0,0.0,16171,-511,79,discharging,None,None
18:26:50.423,staggered,8.3,399.3,157.0,71.4,1104.7,63.9,2400,0.0,0.0,16123,-587,79,discharging,None,None
18:26:50.932,staggered,8.3,399.3,157.0,9.1,1104.5,63.4,2400,0.0,0.0,16161,-609,79,discharging,None,None
18:26:51.435,staggered,8.3,399.4,157.0,73.5,1104.5,63.4,2400,0.0,0.0,16128,-573,79,discharging,None,None
18:26:51.939,staggered,8.3,399.4,155.7,35.7,1103.8,62.2,2400,0.0,0.0,16128,-619,79,discharging,None,None
18:26:52.447,staggered,8.3,399.4,155.7,71.1,1105.4,66.7,2400,0.0,0.0,16160,-544,79,discharging,None,None
18:26:52.951,staggered,8.3,399.4,155.7,29.2,1105.7,65.5,2400,0.0,0.0,16159,-561,79,discharging,None,None
18:26:53.455,staggered,8.3,399.4,161.3,52.7,1105.7,65.0,2400,0.0,0.0,16158,-570,79,discharging,None,None
18:26:53.958,staggered,8.3,394.7,161.3,50.0,1105.7,62.8,2400,0.0,0.0,16122,-621,79,discharging,None,None
18:26:54.463,staggered,8.3,394.7,158.2,36.3,1105.7,63.4,2400,0.0,0.0,16169,-569,79,discharging,None,None
18:26:54.966,staggered,8.3,391.0,158.2,81.7,1105.0,65.0,2400,0.0,0.0,16125,-569,79,discharging,None,None
18:26:55.470,staggered,8.3,391.0,158.2,1.5,1105.0,62.2,2400,0.0,0.0,16159,-612,79,discharging,None,None
18:26:55.979,staggered,8.3,391.0,271.4,77.1,1105.4,66.1,2400,0.0,0.0,16156,-521,79,discharging,None,None
18:26:56.482,staggered,8.3,498.4,271.4,44.1,1105.4,62.8,2400,0.0,0.0,16120,-626,79,discharging,None,None
18:26:56.991,staggered,8.3,498.4,271.4,3.5,1105.3,62.8,1900,0.0,0.0,16168,-568,79,discharging,None,None
18:26:57.500,staggered,8.3,498.4,271.4,100.0,1105.3,65.5,2400,0.0,0.0,16149,-483,79,discharging,None,None
18:26:58.004,staggered,8.3,717.5,321.7,64.5,1104.4,63.9,2400,0.0,0.0,16124,-654,79,discharging,None,None
18:26:58.514,staggered,8.3,717.5,321.7,5.0,1104.4,62.2,2400,0.0,0.0,16164,-600,79,discharging,None,None
18:26:59.021,staggered,6.4,399.3,321.7,81.2,1104.2,63.9,2400,0.0,0.0,16132,-530,79,discharging,None,None
18:26:59.524,staggered,6.4,399.3,181.8,37.4,1104.2,63.4,2400,0.0,0.0,16120,-628,79,discharging,None,None
18:27:00.032,staggered,8.3,399.3,181.8,67.2,1104.2,67.2,2400,0.0,0.0,16167,-554,79,discharging,None,None
18:27:00.536,staggered,8.3,399.4,181.8,45.7,1104.1,66.7,2400,0.0,0.0,16141,-563,79,discharging,None,None
18:27:01.041,staggered,8.3,399.4,162.4,36.5,1103.4,65.0,2400,0.0,0.0,16161,-596,79,discharging,None,None
18:27:01.544,staggered,8.3,403.3,162.4,54.7,1103.4,63.4,2400,0.0,0.0,16127,-618,79,discharging,None,None
18:27:02.048,staggered,8.3,403.3,166.8,36.3,1103.4,62.8,2400,0.0,0.0,16167,-577,79,discharging,None,None
18:27:02.551,staggered,8.3,399.4,166.8,82.8,1103.8,65.5,2400,0.0,0.0,16142,-548,79,discharging,None,None
18:27:03.055,staggered,8.3,399.4,166.8,2.0,1103.6,62.2,2400,0.0,0.0,16158,-609,79,discharging,None,None
18:27:03.564,staggered,8.3,399.4,175.1,84.6,1103.6,68.3,2400,0.0,0.0,16154,-555,79,discharging,None,None
18:27:04.067,staggered,8.3,408.6,175.1,34.5,1103.4,62.2,2400,0.0,0.0,16119,-625,79,discharging,None,None
18:27:04.587,staggered,8.3,408.6,175.1,18.5,1103.4,63.9,2400,0.0,0.0,16166,-565,79,discharging,None,None
18:27:05.091,staggered,8.3,408.6,491.2,100.0,1103.4,66.7,2400,0.0,0.0,16135,-518,79,discharging,None,None
18:27:05.594,staggered,8.3,701.1,491.2,29.2,1103.1,63.4,2400,0.0,0.0,16117,-667,79,discharging,None,None
18:27:06.103,staggered,8.4,701.1,491.2,19.0,1103.1,64.5,2400,0.0,0.0,16167,-563,79,discharging,None,None
18:27:06.611,staggered,8.4,701.1,491.2,100.0,1103.1,67.2,2400,0.0,0.0,16130,-522,79,discharging,None,None
18:27:07.115,staggered,8.3,719.2,495.0,27.6,1102.9,62.8,2400,0.0,0.0,16120,-668,79,discharging,None,None
18:27:07.623,staggered,8.3,719.2,495.0,19.3,1102.9,63.9,2400,0.0,0.0,16167,-561,79,discharging,None,None
18:27:08.131,staggered,8.3,487.3,495.0,100.0,1102.9,67.8,2400,0.0,0.0,16133,-521,79,discharging,None,None
18:27:08.634,staggered,8.3,487.3,263.0,9.8,1102.7,62.8,2400,0.0,0.0,16134,-637,79,discharging,None,None
18:27:09.143,staggered,8.3,487.3,263.0,64.0,1102.7,67.2,2400,0.0,0.0,16168,-536,79,discharging,None,None
18:27:09.688,staggered,8.3,403.9,344.3,71.5,1103.8,63.9,2400,0.0,0.0,16120,-564,79,discharging,None,None
18:27:10.196,staggered,8.3,403.9,344.3,34.2,1104.5,66.7,2400,0.0,0.0,16152,-648,79,discharging,None,None
18:27:10.700,staggered,8.3,406.6,344.3,50.7,1104.5,62.8,2400,0.0,0.0,16126,-619,79,discharging,None,None
18:27:11.203,staggered,7.3,406.6,167.0,36.0,1104.5,63.4,2400,0.0,0.0,16160,-564,79,discharging,None,None
18:27:11.707,staggered,7.3,403.3,167.0,83.7,1104.5,65.0,2400,0.0,0.0,16159,-612,79,discharging,None,None
18:27:12.210,staggered,8.3,403.3,167.0,3.0,1105.5,62.2,1900,0.0,0.0,16165,-565,79,discharging,None,None
18:27:12.719,staggered,8.3,403.3,198.5,90.0,1105.7,66.7,2400,0.0,0.0,16134,-523,79,discharging,None,None
18:27:13.222,staggered,8.3,422.6,198.5,34.0,1105.7,62.8,2400,0.0,0.0,16154,-609,79,discharging,None,None
18:27:13.735,staggered,8.3,422.6,198.5,15.8,1105.7,63.9,2400,0.0,0.0,16168,-514,79,discharging,None,None
18:27:14.239,staggered,8.3,422.6,444.0,100.0,1105.7,67.2,2400,0.0,0.0,16129,-566,79,discharging,None,None
18:27:14.743,staggered,8.3,706.1,444.0,31.0,1105.5,62.8,2400,0.0,0.0,16155,-665,79,discharging,None,None
18:27:15.252,staggered,8.3,706.1,444.0,17.0,1104.5,64.5,2400,0.0,0.0,16170,-512,79,discharging,None,None
18:27:15.763,staggered,8.3,706.1,444.0,100.0,1104.5,67.8,2400,0.0,0.0,16127,-569,79,discharging,None,None
18:27:16.266,staggered,8.3,761.5,530.8,37.3,1104.3,62.8,2400,0.0,0.0,16139,-683,79,discharging,None,None
18:27:16.775,staggered,8.3,761.5,530.8,10.4,1104.3,64.5,2400,0.0,0.0,16166,-538,79,discharging,None,None
18:27:17.279,staggered,8.3,761.5,530.8,100.0,1104.1,66.7,2400,0.0,0.0,16124,-574,79,discharging,None,None
18:27:17.782,staggered,8.3,604.0,375.8,31.2,1103.8,62.8,2400,0.0,0.0,16146,-673,79,discharging,None,None
18:27:18.291,staggered,8.4,604.0,375.8,31.5,1103.5,66.7,2400,0.0,0.0,16167,-531,79,discharging,None,None
18:27:18.795,staggered,8.4,400.9,162.6,87.3,1103.5,66.7,2400,0.0,0.0,16120,-578,79,discharging,None,None
18:27:19.299,staggered,8.3,400.9,162.6,2.5,1103.5,61.7,2400,0.0,0.0,16157,-620,79,discharging,None,None
18:27:19.802,staggered,8.3,401.7,162.6,83.2,1103.4,64.5,2400,0.0,0.0,16131,-575,79,discharging,None,None
18:27:20.306,staggered,8.3,401.7,171.4,37.5,1104.4,62.8,2400,0.0,0.0,16144,-623,79,discharging,None,None
18:27:20.812,staggered,8.3,401.7,171.4,55.2,1104.4,67.2,2400,0.0,0.0,16167,-552,79,discharging,None,None
18:27:21.317,staggered,8.3,398.1,171.4,29.6,1104.1,62.8,2400,0.0,0.0,16150,-565,79,discharging,None,None
18:27:21.826,staggered,8.3,398.1,159.4,60.1,1104.1,65.0,2400,0.0,0.0,16142,-591,79,discharging,None,None
18:27:22.330,staggered,8.3,412.0,159.4,67.3,1103.9,63.4,2400,0.0,0.0,16122,-636,79,discharging,None,None
18:27:22.835,staggered,7.9,412.0,159.4,28.1,1103.9,65.5,2400,0.0,0.0,16170,-560,79,discharging,None,None
18:27:23.340,staggered,7.9,412.0,174.8,89.6,1103.6,67.8,2400,0.0,0.0,16137,-535,79,discharging,None,None
18:27:23.844,staggered,7.9,403.4,174.8,7.9,1103.6,62.8,2400,0.0,0.0,16158,-614,79,discharging,None,None
18:27:24.355,staggered,8.4,403.4,174.8,54.0,1103.6,66.1,2400,0.0,0.0,16169,-515,79,discharging,None,None
18:27:24.858,staggered,8.4,549.9,346.8,74.8,1103.4,64.5,2400,0.0,0.0,16119,-626,79,discharging,None,None
18:27:25.362,staggered,8.3,549.9,346.8,3.0,1103.4,62.2,2400,0.0,0.0,16166,-609,79,discharging,None,None
18:27:25.875,staggered,8.3,549.9,346.8,71.3,1103.4,66.1,2400,0.0,0.0,16155,-485,79,discharging,None,None
18:27:26.378,staggered,8.3,730.1,472.8,76.5,1103.2,64.5,2400,0.0,0.0,16120,-652,79,discharging,None,None
18:27:26.882,staggered,8.3,730.1,472.8,2.5,1103.2,62.2,2400,0.0,0.0,16160,-624,79,discharging,None,None
18:27:27.398,staggered,8.3,730.1,472.8,70.1,1103.2,67.2,2400,0.0,0.0,16156,-505,79,discharging,None,None
18:27:27.902,staggered,8.2,657.4,436.2,72.5,1102.9,63.9,2400,0.0,0.0,16117,-662,79,discharging,None,None
18:27:28.405,staggered,8.2,657.4,436.2,2.5,1102.9,63.4,2400,0.0,0.0,16160,-627,79,discharging,None,None
18:27:28.911,staggered,8.4,399.1,436.2,81.7,1106.4,66.1,2400,0.0,0.0,16148,-512,79,discharging,None,None
18:27:29.415,staggered,8.4,399.1,163.4,38.1,1106.4,62.2,2400,0.0,0.0,16120,-622,79,discharging,None,None
18:27:29.925,staggered,8.4,399.1,163.4,45.3,1105.7,66.1,2400,0.0,0.0,16167,-553,79,discharging,None,None
18:27:30.429,staggered,8.3,399.6,163.4,62.1,1105.4,66.1,2400,0.0,0.0,16121,-561,79,discharging,None,None
18:27:30.935,staggered,8.3,399.6,160.0,19.9,1105.0,64.5,2400,0.0,0.0,16160,-616,79,discharging,None,None
18:27:31.438,staggered,8.3,399.4,160.0,75.7,1105.0,63.9,2400,0.0,0.0,16128,-590,79,discharging,None,None
18:27:31.942,staggered,8.3,399.4,155.6,35.3,1104.7,63.4,2400,0.0,0.0,16161,-578,79,discharging,None,None
18:27:32.451,staggered,8.4,399.4,155.6,70.3,1106.5,67.8,2400,0.0,0.0,16159,-545,79,discharging,None,None
18:27:32.954,staggered,8.4,394.0,155.6,14.8,1106.2,61.7,1500,0.0,0.0,16151,-604,79,discharging,None,None
18:27:33.463,staggered,8.4,394.0,179.1,72.1,1106.2,66.1,2400,0.0,0.0,16159,-559,79,discharging,None,None
18:27:33.966,staggered,8.3,575.1,179.1,60.6,1106.0,62.8,2400,0.0,0.0,16122,-607,79,discharging,None,None
18:27:34.475,staggered,8.3,575.1,179.1,15.3,1106.4,64.5,2400,0.0,0.0,16165,-576,79,discharging,None,None
18:27:34.979,staggered,7.6,575.1,157.9,82.2,1106.4,67.2,2400,0.0,0.0,16145,-502,79,discharging,None,None
18:27:35.483,staggered,7.6,409.0,157.9,24.8,1106.0,63.4,2400,0.0,0.0,16128,-624,79,discharging,None,None
18:27:35.995,staggered,7.6,409.0,157.9,45.5,1106.0,65.5,2400,0.0,0.0,16168,-543,79,discharging,None,None
18:27:36.498,staggered,8.3,481.1,260.5,76.4,1105.8,63.4,2400,0.0,0.0,16122,-586,79,discharging,None,None
18:27:37.002,staggered,8.3,481.1,260.5,3.0,1105.5,61.7,2400,0.0,0.0,16155,-640,79,discharging,None,None
18:27:37.515,staggered,8.3,481.1,260.5,69.4,1105.5,66.7,2400,0.0,0.0,16168,-506,79,discharging,None,None
18:27:38.018,staggered,8.3,653.4,403.8,63.7,1104.8,63.4,2400,0.0,0.0,16117,-641,79,discharging,None,None
18:27:38.522,staggered,8.3,653.4,403.8,2.5,1104.8,62.2,2400,0.0,0.0,16160,-635,79,discharging,None,None
18:27:39.031,staggered,8.4,653.4,403.8,82.0,1104.8,67.8,2400,0.0,0.0,16160,-497,79,discharging,None,None
18:27:39.535,staggered,8.4,683.5,409.2,57.2,1104.4,62.8,2400,0.0,0.0,16117,-647,79,discharging,None,None
18:27:40.038,staggered,8.3,683.5,409.2,2.5,1105.7,61.7,2400,0.0,0.0,16163,-609,79,discharging,None,None
18:27:40.551,staggered,8.3,683.5,409.2,88.2,1105.7,66.7,2400,0.0,0.0,16155,-485,79,discharging,None,None
18:27:41.054,staggered,8.3,507.5,269.0,37.1,1105.7,62.8,2400,0.0,0.0,16121,-635,79,discharging,None,None
18:27:41.563,staggered,8.3,507.5,269.0,31.3,1105.7,66.1,2400,0.0,0.0,16167,-523,79,discharging,None,None
18:27:42.068,staggered,8.3,403.2,269.0,82.3,1104.8,66.1,2400,0.0,0.0,16147,-605,79,discharging,None,None
18:27:42.571,staggered,8.3,403.2,170.5,8.9,1105.3,62.2,2400,0.0,0.0,16164,-584,79,discharging,None,None
18:27:43.075,staggered,8.3,407.3,170.5,82.8,1105.0,65.0,2400,0.0,0.0,16123,-581,79,discharging,None,None
18:27:43.578,staggered,8.2,407.3,179.1,40.5,1105.0,63.9,2400,0.0,0.0,16140,-605,79,discharging,None,None
18:27:44.087,staggered,8.2,407.3,179.1,53.2,1105.0,67.2,2400,0.0,0.0,16135,-538,79,discharging,None,None
18:27:44.591,staggered,8.4,407.1,179.1,32.7,1106.0,61.7,2400,0.0,0.0,16155,-564,79,discharging,None,None
18:27:45.099,staggered,8.4,407.1,171.6,50.2,1105.5,65.0,2400,0.0,0.0,16159,-553,79,discharging,None,None
18:27:45.602,staggered,8.4,411.9,171.6,70.9,1107.4,63.4,2400,0.0,0.0,16119,-627,79,discharging,None,None
18:27:46.107,staggered,8.3,411.9,171.6,24.6,1107.1,65.0,2400,0.0,0.0,16159,-576,79,discharging,None,None
18:27:46.615,staggered,8.3,411.9,171.3,96.0,1107.1,66.7,2400,0.0,0.0,16119,-606,79,discharging,None,None
18:27:47.119,staggered,7.9,395.4,171.3,10.8,1106.4,62.8,2400,0.0,0.0,16159,-618,79,discharging,None,None
18:27:47.631,staggered,7.9,395.4,171.3,45.3,1106.4,66.1,2400,0.0,0.0,16158,-499,79,discharging,None,None
18:27:48.135,staggered,7.9,613.5,399.2,87.1,1106.3,65.0,2400,0.0,0.0,16117,-645,79,discharging,None,None
18:27:48.638,staggered,8.3,613.5,399.2,1.5,1106.3,62.2,2400,0.0,0.0,16165,-592,79,discharging,None,None
18:27:49.151,staggered,8.3,613.5,399.2,58.6,1105.4,64.5,2400,0.0,0.0,16139,-490,79,discharging,None,None
18:27:49.654,staggered,8.3,734.0,463.3,89.2,1105.4,64.5,2400,0.0,0.0,16118,-667,79,discharging,None,None
18:27:50.158,staggered,8.3,734.0,463.3,2.0,1104.9,61.7,2400,0.0,0.0,16166,-597,79,discharging,None,None
18:27:50.667,staggered,8.3,734.0,463.3,53.7,1104.9,66.7,2400,0.0,0.0,16148,-486,79,discharging,None,None
18:27:51.171,staggered,8.3,652.2,423.3,89.2,1104.5,65.5,2400,0.0,0.0,16119,-659,79,discharging,None,None
18:27:51.674,staggered,8.3,652.2,423.3,2.0,1104.5,62.8,2400,0.0,0.0,16164,-600,79,discharging,None,None
18:27:52.180,staggered,8.4,652.2,423.3,66.3,1104.2,68.3,2400,0.0,0.0,16134,-512,79,discharging,None,None
18:27:52.684,staggered,8.4,406.0,167.9,53.7,1104.3,62.8,2400,0.0,0.0,16121,-626,79,discharging,None,None
18:27:53.192,staggered,8.3,406.0,167.9,30.2,1105.5,65.0,2400,0.0,0.0,16166,-556,79,discharging,None,None
18:27:53.696,staggered,8.3,399.3,167.9,60.0,1107.0,64.5,2400,0.0,0.0,16128,-575,79,discharging,None,None
18:27:54.200,staggered,8.3,399.3,163.3,30.5,1107.2,63.4,2400,0.0,0.0,16160,-623,79,discharging,None,None
18:27:54.703,staggered,8.3,395.4,163.3,82.1,1107.2,65.0,2400,0.0,0.0,16126,-625,79,discharging,None,None
18:27:55.210,staggered,8.3,395.4,159.2,35.3,1106.8,66.7,2400,0.0,0.0,16163,-606,79,discharging,None,None
18:27:55.719,staggered,8.3,395.4,159.2,54.5,1109.8,67.2,2400,0.0,0.0,16149,-557,79,discharging,None,None
18:27:56.222,staggered,8.3,401.2,159.2,30.2,1109.3,62.8,2400,0.0,0.0,16158,-598,79,discharging,None,None
18:27:56.735,staggered,8.3,401.2,171.3,51.0,1109.3,65.5,2400,0.0,0.0,16138,-564,79,discharging,None,None
18:27:57.239,staggered,8.3,404.9,171.3,66.7,1109.3,63.4,2400,0.0,0.0,16119,-626,79,discharging,None,None
18:27:57.742,staggered,8.3,404.9,171.3,2.0,1109.3,61.7,2400,0.0,0.0,16166,-566,79,discharging,None,None
18:27:58.251,staggered,8.3,404.9,311.3,90.5,1111.3,66.7,2400,0.0,0.0,16135,-520,79,discharging,None,None
18:27:58.754,staggered,8.3,636.6,311.3,52.7,1110.9,62.8,2400,0.0,0.0,16131,-645,79,discharging,None,None
18:27:59.258,staggered,7.6,636.6,311.3,1.5,1110.7,61.7,2400,0.0,0.0,16166,-539,79,discharging,None,None
18:27:59.775,staggered,7.6,636.6,311.3,96.6,1110.7,66.7,2400,0.0,0.0,16133,-532,79,discharging,None,None
18:28:00.278,staggered,7.6,796.6,707.6,67.2,1110.1,63.9,2400,0.0,0.0,16117,-693,79,discharging,None,None
18:28:00.782,staggered,8.3,796.6,707.6,2.0,1110.1,62.8,2400,0.0,0.0,16166,-574,79,discharging,None,None
18:28:01.295,staggered,8.3,796.6,707.6,79.3,1108.3,66.7,2400,0.0,0.0,16134,-506,79,discharging,None,None
18:28:01.798,staggered,8.3,562.9,370.5,54.7,1108.0,63.4,2400,0.0,0.0,16120,-647,79,discharging,None,None
18:28:02.309,staggered,8.3,562.9,370.5,10.5,1108.4,63.4,2400,0.0,0.0,16166,-555,79,discharging,None,None
18:28:02.813,staggered,8.3,401.6,370.5,84.3,1108.5,66.1,2400,0.0,0.0,16126,-559,79,discharging,None,None
18:28:03.317,staggered,8.3,401.6,171.0,26.4,1107.7,61.1,2400,0.0,0.0,16159,-624,79,discharging,None,None
18:28:03.824,staggered,8.3,401.6,171.0,72.9,1107.7,67.8,2400,0.0,0.0,16150,-539,79,discharging,None,None
18:28:04.328,staggered,8.4,421.4,160.0,48.5,1107.2,65.0,2400,0.0,0.0,16157,-569,79,discharging,None,None
18:28:04.836,staggered,8.4,421.4,160.0,32.2,1107.2,65.0,2400,0.0,0.0,16158,-555,79,discharging,None,None
18:28:05.340,staggered,8.3,408.0,160.0,54.0,1106.2,63.4,2400,0.0,0.0,16119,-610,79,discharging,None,None
18:28:05.843,staggered,8.3,408.0,159.3,36.1,1106.0,62.8,2400,0.0,0.0,16148,-624,79,discharging,None,None
18:28:06.347,staggered,8.3,406.8,159.3,83.5,1105.8,65.0,2400,0.0,0.0,16129,-577,79,discharging,None,None
18:28:06.860,staggered,8.3,406.8,159.3,3.5,1105.6,61.7,2400,0.0,0.0,16157,-564,79,discharging,None,None
18:28:07.364,staggered,8.3,406.8,167.3,87.2,1106.0,67.2,2400,0.0,0.0,16144,-549,79,discharging,None,None
18:28:07.868,staggered,8.3,398.7,167.3,30.8,1105.4,63.9,2400,0.0,0.0,16140,-623,79,discharging,None,None
18:28:08.379,staggered,8.3,398.7,167.3,32.7,1105.4,65.0,2400,0.0,0.0,16168,-533,79,discharging,None,None
18:28:08.882,staggered,8.3,562.8,363.3,99.0,1105.4,67.2,2400,0.0,0.0,16127,-580,79,discharging,None,None
18:28:09.386,staggered,8.3,562.8,363.3,3.0,1105.2,62.8,2400,0.0,0.0,16156,-647,79,discharging,None,None
18:28:09.902,staggered,8.3,562.8,363.3,46.5,1105.0,66.1,2400,0.0,0.0,16169,-493,79,discharging,None,None
18:28:10.581,staggered,8.3,924.3,805.3,99.3,1104.9,66.7,2400,0.0,0.0,16121,-678,79,discharging,None,None
18:28:11.085,staggered,8.3,924.3,805.3,3.5,1105.3,63.4,2400,0.0,0.0,16160,-618,79,discharging,None,None
18:28:11.591,staggered,8.3,924.3,805.3,41.9,1105.3,66.1,2400,0.0,0.0,16168,-472,79,discharging,None,None
18:28:12.095,staggered,5.9,407.5,179.9,78.5,1104.6,64.5,2400,0.0,0.0,16123,-618,79,discharging,None,None
18:28:12.606,staggered,5.9,407.5,179.9,4.9,1104.6,62.8,2400,0.0,0.0,16167,-600,79,discharging,None,None
18:28:13.110,staggered,8.4,408.8,179.9,82.7,1104.8,65.0,2400,0.0,0.0,16127,-556,79,discharging,None,None
18:28:13.614,staggered,8.4,408.8,158.1,35.8,1104.8,63.4,2400,0.0,0.0,16128,-623,79,discharging,None,None
18:28:14.120,staggered,8.3,408.8,158.1,62.7,1104.3,66.7,2400,0.0,0.0,16153,-544,79,discharging,None,None
18:28:14.627,staggered,8.3,414.6,158.1,42.6,1104.3,63.9,2400,0.0,0.0,16157,-565,79,discharging,None,None
18:28:15.136,staggered,8.3,414.6,175.3,41.2,1104.1,66.1,2400,0.0,0.0,16162,-569,79,discharging,None,None
18:28:15.640,staggered,8.4,403.4,175.3,60.2,1104.1,62.8,2400,0.0,0.0,16118,-623,79,discharging,None,None
18:28:16.143,staggered,8.4,403.4,163.4,36.6,1104.1,63.9,2400,0.0,0.0,16165,-593,79,discharging,None,None
18:28:16.647,staggered,8.3,399.4,163.4,82.1,1104.1,66.7,2400,0.0,0.0,16127,-568,79,discharging,None,None
18:28:17.150,staggered,8.3,399.4,163.4,2.5,1104.3,62.2,2400,0.0,0.0,16156,-591,79,discharging,None,None
18:28:17.659,staggered,8.3,399.4,158.9,77.5,1104.3,67.2,2400,0.0,0.0,16138,-543,79,discharging,None,None
18:28:18.162,staggered,8.3,421.4,158.9,42.4,1104.1,62.8,2400,0.0,0.0,16126,-623,79,discharging,None,None
18:28:18.671,staggered,8.3,421.4,158.9,10.8,1104.5,63.4,1900,0.0,0.0,16166,-547,79,discharging,None,None
18:28:19.176,staggered,8.3,421.4,504.1,100.0,1104.5,68.3,2400,0.0,0.0,16142,-515,79,discharging,None,None
18:28:19.680,staggered,8.3,696.8,504.1,37.8,1104.3,63.4,2400,0.0,0.0,16128,-642,79,discharging,None,None
18:28:20.188,staggered,8.5,696.8,504.1,11.3,1103.8,63.4,2400,0.0,0.0,16167,-541,79,discharging,None,None
18:28:20.695,staggered,8.5,696.8,504.1,100.0,1103.8,67.2,2400,0.0,0.0,16128,-542,79,discharging,None,None
18:28:21.199,staggered,8.5,707.4,474.7,34.8,1103.4,62.2,2400,0.0,0.0,16133,-662,79,discharging,None,None
18:28:21.708,staggered,8.3,707.4,474.7,12.9,1103.4,63.9,2400,0.0,0.0,16167,-534,79,discharging,None,None
18:28:22.212,staggered,8.3,444.8,474.7,99.5,1109.2,67.8,2400,0.0,0.0,16126,-551,79,discharging,None,None
18:28:22.716,staggered,8.3,444.8,250.2,22.9,1109.8,61.7,2400,0.0,0.0,16157,-639,79,discharging,None,None
18:28:23.224,staggered,8.3,444.8,250.2,64.7,1110.6,67.2,2400,0.0,0.0,16162,-551,79,discharging,None,None
18:28:23.728,staggered,8.3,405.6,172.0,54.7,1110.6,63.9,2400,0.0,0.0,16150,-596,79,discharging,None,None
18:28:24.236,staggered,7.9,405.6,172.0,28.6,1110.6,65.0,2400,0.0,0.0,16162,-582,79,discharging,None,None
18:28:24.739,staggered,7.9,402.8,172.0,57.0,1110.6,63.4,2400,0.0,0.0,16123,-598,79,discharging,None,None
18:28:25.243,staggered,8.2,402.8,158.6,36.6,1107.5,62.8,2400,0.0,0.0,16141,-622,79,discharging,None,None
18:28:25.747,staggered,8.2,395.9,158.6,81.3,1107.5,65.5,2400,0.0,0.0,16136,-560,79,discharging,None,None
18:28:26.256,staggered,8.4,395.9,158.6,15.3,1105.9,64.5,2400,0.0,0.0,16157,-561,79,discharging,None,None
18:28:26.760,staggered,8.4,395.9,158.7,73.6,1105.9,66.7,2400,0.0,0.0,16151,-550,79,discharging,None,None
18:28:27.264,staggered,8.4,391.4,158.7,30.8,1105.9,62.8,2400,0.0,0.0,16130,-619,79,discharging,None,None
18:28:27.773,staggered,8.3,391.4,187.1,45.1,1106.3,66.1,2400,0.0,0.0,16166,-547,79,discharging,None,None
18:28:28.277,staggered,8.3,436.2,187.1,75.6,1104.9,64.5,2400,0.0,0.0,16118,-596,79,discharging,None,None
18:28:28.781,staggered,8.3,436.2,187.1,3.0,1104.9,63.4,2400,0.0,0.0,16160,-624,79,discharging,None,None
18:28:29.298,staggered,8.3,436.2,187.1,70.4,1105.8,66.1,2400,0.0,0.0,16168,-466,79,discharging,None,None
18:28:29.801,staggered,8.3,695.4,402.2,68.1,1106.0,63.9,2400,0.0,0.0,16120,-612,79,discharging,None,None
18:28:30.305,staggered,8.3,695.4,402.2,2.5,1106.0,62.8,2400,0.0,0.0,16161,-612,79,discharging,None,None
18:28:30.815,staggered,8.3,695.4,402.2,75.9,1106.0,66.7,2400,0.0,0.0,16161,-482,79,discharging,None,None
18:28:31.318,staggered,8.3,711.6,497.9,68.8,1104.4,64.5,2400,0.0,0.0,16119,-641,79,discharging,None,None
18:28:31.822,staggered,8.3,711.6,497.9,2.5,1104.1,61.7,2400,0.0,0.0,16161,-619,79,discharging,None,None
18:28:32.335,staggered,8.3,711.6,497.9,77.1,1104.5,66.7,2400,0.0,0.0,16163,-487,79,discharging,None,None
18:28:32.838,staggered,8.3,579.0,354.3,56.2,1104.4,63.4,2400,0.0,0.0,16119,-643,79,discharging,None,None
18:28:33.347,staggered,8.3,579.0,354.3,6.4,1104.4,62.8,2400,0.0,0.0,16164,-603,79,discharging,None,None
18:28:33.851,staggered,8.3,407.8,354.3,89.2,1104.4,66.1,2400,0.0,0.0,16135,-518,79,discharging,None,None
18:28:34.355,staggered,8.3,407.8,172.9,28.7,1103.9,62.2,2400,0.0,0.0,16118,-635,79,discharging,None,None
18:28:34.881,staggered,8.4,407.8,172.9,67.1,1104.9,66.7,2400,0.0,0.0,16164,-568,79,discharging,None,None
18:28:35.384,staggered,8.4,583.4,179.0,84.9,1104.2,65.5,2400,0.0,0.0,16121,-623,79,discharging,None,None
18:28:35.888,staggered,8.4,583.4,179.0,2.5,1103.9,62.8,2400,0.0,0.0,16156,-672,79,discharging,None,None
18:28:36.392,staggered,7.2,407.2,179.0,84.2,1103.9,65.0,2400,0.0,0.0,16146,-568,79,discharging,None,None
18:28:36.895,staggered,7.2,407.2,160.0,36.8,1103.4,63.4,2400,0.0,0.0,16154,-603,79,discharging,None,None
18:28:37.404,staggered,8.4,407.2,160.0,55.7,1103.4,66.7,2400,0.0,0.0,16157,-574,79,discharging,None,None
18:28:37.908,staggered,8.4,399.4,160.0,29.4,1103.2,63.4,2400,0.0,0.0,16117,-617,79,discharging,None,None
18:28:38.416,staggered,8.2,399.4,158.7,53.2,1103.2,65.0,2400,0.0,0.0,16138,-637,79,discharging,None,None
18:28:38.920,staggered,8.2,407.6,158.7,65.7,1103.0,63.4,2400,0.0,0.0,16128,-595,79,discharging,None,None
18:28:39.431,staggered,8.2,407.6,158.7,32.7,1103.0,65.5,2400,0.0,0.0,16155,-577,79,discharging,None,None
18:28:39.934,staggered,8.4,399.3,182.5,87.6,1103.0,67.2,2400,0.0,0.0,16142,-548,79,discharging,None,None
18:28:40.438,staggered,8.4,399.3,182.5,5.0,1102.5,61.7,2400,0.0,0.0,16137,-622,79,discharging,None,None
18:28:40.951,staggered,8.3,399.3,182.5,59.0,1102.5,66.7,2400,0.0,0.0,16165,-545,79,discharging,None,None
18:28:41.455,staggered,8.3,562.9,369.5,72.6,1102.8,63.4,2400,0.0,0.0,16119,-602,79,discharging,None,None
18:28:41.958,staggered,8.4,562.9,369.5,3.0,1102.9,62.2,2400,0.0,0.0,16152,-665,79,discharging,None,None
18:28:42.471,staggered,8.4,562.9,369.5,73.4,1104.4,66.7,2400,0.0,0.0,16167,-504,79,discharging,None,None
18:28:42.974,staggered,8.4,672.9,418.0,63.5,1104.5,62.8,2400,0.0,0.0,16120,-651,79,discharging,None,None
18:28:43.478,staggered,8.3,672.9,418.0,2.5,1104.5,61.7,2400,0.0,0.0,16166,-550,79,discharging,None,None
18:28:43.990,staggered,8.3,672.9,418.0,82.2,1104.1,66.7,2400,0.0,0.0,16127,-531,79,discharging,None,None
18:28:44.494,staggered,8.3,619.4,414.5,58.1,1104.9,63.4,2400,0.0,0.0,16128,-657,79,discharging,None,None
18:28:45.004,staggered,8.3,619.4,414.5,4.0,1104.5,62.2,2400,0.0,0.0,16165,-539,79,discharging,None,None
18:28:45.511,staggered,8.3,394.9,414.5,88.2,1104.5,66.1,2400,0.0,0.0,16122,-561,79,discharging,None,None
18:28:46.015,staggered,8.2,394.9,161.3,27.6,1105.9,62.8,2400,0.0,0.0,16159,-622,79,discharging,None,None
18:28:46.523,staggered,8.2,394.9,161.3,66.8,1113.3,67.8,2400,0.0,0.0,16135,-558,79,discharging,None,None
18:28:47.027,staggered,8.4,399.9,161.3,45.0,1112.8,65.0,2400,0.0,0.0,16152,-573,79,discharging,None,None
18:28:47.533,staggered,8.4,399.9,174.3,47.3,1112.8,65.0,2400,0.0,0.0,16158,-564,79,discharging,None,None
18:28:48.036,staggered,7.9,405.7,174.3,55.5,1111.7,63.4,2400,0.0,0.0,16119,-626,79,discharging,None,None
18:28:48.540,staggered,7.9,405.7,159.7,36.6,1111.7,62.8,2400,0.0,0.0,16158,-599,79,discharging,None,None
18:28:49.043,staggered,7.9,412.8,159.7,83.6,1110.8,65.0,2400,0.0,0.0,16125,-598,79,discharging,None,None
18:28:49.547,staggered,8.3,412.8,159.7,2.5,1110.8,61.7,1600,0.0,0.0,16161,-576,79,discharging,None,None
18:28:50.054,staggered,8.3,412.8,259.6,78.2,1110.4,66.7,2400,0.0,0.0,16142,-506,79,discharging,None,None
18:28:50.558,staggered,8.3,474.7,259.6,51.0,1108.4,63.4,2400,0.0,0.0,16128,-612,79,discharging,None,None
18:28:51.061,staggered,8.3,474.7,259.6,2.5,1107.8,62.8,2400,0.0,0.0,16166,-544,79,discharging,None,None
18:28:51.575,staggered,8.3,474.7,259.6,95.1,1110.5,66.7,2400,0.0,0.0,16131,-536,79,discharging,None,None
18:28:52.078,staggered,8.2,736.7,508.0,53.0,1110.2,62.8,2400,0.0,0.0,16117,-675,79,discharging,None,None
18:28:52.582,staggered,8.2,736.7,508.0,5.3,1110.4,61.1,2400,0.0,0.0,16166,-551,79,discharging,None,None
18:28:53.095,staggered,8.4,736.7,508.0,91.7,1110.0,66.1,2400,0.0,0.0,16128,-530,79,discharging,None,None
18:28:53.599,staggered,8.4,719.4,466.2,52.7,1110.2,63.9,2400,0.0,0.0,16122,-668,79,discharging,None,None
18:28:54.102,staggered,8.4,719.4,466.2,1.5,1109.8,61.1,2400,0.0,0.0,16165,-552,79,discharging,None,None
18:28:54.615,staggered,8.4,447.4,466.2,92.6,1109.8,66.7,2400,0.0,0.0,16127,-533,79,discharging,None,None
18:28:55.119,staggered,8.4,447.4,217.7,26.0,1108.3,62.8,2400,0.0,0.0,16154,-625,79,discharging,None,None
18:28:55.627,staggered,8.3,447.4,217.7,46.5,1108.3,66.1,2400,0.0,0.0,16167,-530,79,discharging,None,None
18:28:56.130,staggered,8.3,407.1,170.2,72.8,1106.8,65.0,2400,0.0,0.0,16136,-580,79,discharging,None,None
18:28:56.640,staggered,8.3,407.1,170.2,8.5,1106.8,63.4,2400,0.0,0.0,16158,-598,79,discharging,None,None
18:28:57.144,staggered,8.3,399.7,170.2,75.0,1107.5,63.4,2400,0.0,0.0,16124,-598,79,discharging,None,None
18:28:57.648,staggered,8.3,399.7,159.2,35.7,1107.5,62.2,2400,0.0,0.0,16141,-622,79,discharging,None,None
18:28:58.156,staggered,8.3,399.7,159.2,70.9,1107.5,67.2,2400,0.0,0.0,16149,-547,79,discharging,None,None
18:28:58.662,staggered,8.3,403.3,159.2,15.4,1107.1,62.2,2400,0.0,0.0,16157,-564,79,discharging,None,None
18:28:59.171,staggered,8.3,403.3,166.7,73.1,1106.1,66.1,2400,0.0,0.0,16141,-568,79,discharging,None,None
18:28:59.674,staggered,8.3,415.0,166.7,53.5,1106.1,62.8,2400,0.0,0.0,16116,-636,79,discharging,None,None
18:29:00.179,staggered,7.8,415.0,166.7,33.5,1105.4,65.0,2400,0.0,0.0,16166,-559,79,discharging,None,None
18:29:00.683,staggered,7.8,399.5,179.6,88.1,1105.4,65.0,2400,0.0,0.0,16125,-553,79,discharging,None,None
18:29:01.186,staggered,7.8,399.5,179.6,1.5,1105.1,61.7,2400,0.0,0.0,16156,-608,79,discharging,None,None
18:29:01.699,staggered,8.4,399.5,179.6,58.3,1105.1,66.1,2400,0.0,0.0,16166,-494,79,discharging,None,None
18:29:02.203,staggered,8.4,623.7,399.5,73.1,1105.5,63.9,2400,0.0,0.0,16120,-629,79,discharging,None,None
18:29:02.706,staggered,8.3,623.7,399.5,1.5,1105.5,61.7,2400,0.0,0.0,16162,-610,79,discharging,None,None
18:29:03.219,staggered,8.3,623.7,399.5,71.6,1105.0,67.2,2400,0.0,0.0,16156,-484,79,discharging,None,None
18:29:03.723,staggered,8.3,698.6,459.7,68.7,1105.0,63.9,2400,0.0,0.0,16120,-648,79,discharging,None,None
18:29:04.226,staggered,8.3,698.6,459.7,2.0,1104.8,62.2,2400,0.0,0.0,16162,-603,79,discharging,None,None
18:29:04.743,staggered,8.3,698.6,459.7,76.6,1104.8,66.7,2400,0.0,0.0,16153,-486,79,discharging,None,None
18:29:05.247,staggered,8.3,571.4,351.2,57.9,1104.3,62.8,2400,0.0,0.0,16118,-651,79,discharging,None,None
18:29:05.755,staggered,8.3,571.4,351.2,7.0,1104.3,63.4,2400,0.0,0.0,16166,-590,79,discharging,None,None
18:29:06.259,staggered,8.3,407.3,351.2,85.7,1104.0,65.0,2400,0.0,0.0,16128,-528,79,discharging,None,None
18:29:06.763,staggered,8.3,407.3,159.2,27.9,1104.0,61.7,2400,0.0,0.0,16132,-622,79,discharging,None,None
18:29:07.267,staggered,8.3,407.3,159.2,68.0,1104.0,67.8,2400,0.0,0.0,16165,-546,79,discharging,None,None
18:29:07.771,staggered,8.3,399.1,159.4,51.0,1104.0,65.0,2400,0.0,0.0,16148,-561,79,discharging,None,None
18:29:08.279,staggered,8.3,399.1,159.4,30.2,1104.3,65.0,2400,0.0,0.0,16159,-583,79,discharging,None,None
18:29:08.782,staggered,8.3,399.4,159.4,53.2,1104.3,62.2,2400,0.0,0.0,16122,-619,79,discharging,None,None
18:29:09.286,staggered,8.3,399.4,174.8,37.0,1104.0,62.2,2400,0.0,0.0,16165,-603,79,discharging,None,None
18:29:09.790,staggered,8.3,411.4,174.8,83.2,1104.0,64.5,2400,0.0,0.0,16132,-556,79,discharging,None,None
18:29:10.294,staggered,8.3,411.4,174.8,2.0,1103.8,61.7,1600,0.0,0.0,16155,-583,79,discharging,None,None
18:29:10.803,staggered,8.3,411.4,168.0,87.9,1103.8,66.1,2400,0.0,0.0,16137,-537,79,discharging,None,None
18:29:11.307,staggered,8.3,577.1,168.0,44.6,1103.8,62.2,2400,0.0,0.0,16115,-623,79,discharging,None,None
18:29:11.815,staggered,8.3,577.1,168.0,28.9,1103.8,65.5,2400,0.0,0.0,16165,-572,79,discharging,None,None
18:29:12.319,staggered,8.0,401.2,159.3,87.4,1104.3,67.2,2400,0.0,0.0,16146,-527,79,discharging,None,None
18:29:12.822,staggered,8.0,401.2,159.3,5.0,1104.5,62.2,2400,0.0,0.0,16155,-622,79,discharging,None,None
18:29:13.335,staggered,8.0,401.2,159.3,58.6,1104.2,66.1,2400,0.0,0.0,16168,-524,79,discharging,None,None
18:29:13.838,staggered,8.3,565.1,355.6,74.6,1104.5,63.9,2400,0.0,0.0,16121,-604,79,discharging,None,None
18:29:14.342,staggered,8.3,565.1,355.6,1.5,1104.5,62.2,2400,0.0,0.0,16155,-635,79,discharging,None,None
18:29:14.854,staggered,8.4,565.1,355.6,72.1,1104.5,65.5,2400,0.0,0.0,16167,-489,79,discharging,None,None
18:29:15.358,staggered,8.4,749.7,530.5,80.1,1104.0,64.5,2400,0.0,0.0,16120,-622,79,discharging,None,None
18:29:15.862,staggered,8.4,749.7,530.5,2.0,1103.5,62.2,2400,0.0,0.0,16154,-648,79,discharging,None,None
18:29:16.371,staggered,8.4,749.7,530.5,66.5,1104.3,67.8,2400,0.0,0.0,16168,-489,79,discharging,None,None
18:29:16.875,staggered,8.4,588.3,368.1,69.2,1104.2,63.4,2400,0.0,0.0,16120,-613,79,discharging,None,None
18:29:17.378,staggered,8.3,588.3,368.1,2.0,1104.2,62.2,2400,0.0,0.0,16159,-632,79,discharging,None,None
18:29:17.882,staggered,8.3,406.2,368.1,83.7,1104.0,65.0,2400,0.0,0.0,16153,-512,79,discharging,None,None
18:29:18.385,staggered,8.3,406.2,171.7,38.1,1104.0,62.8,2400,0.0,0.0,16131,-626,79,discharging,None,None
18:29:18.900,staggered,8.3,406.2,171.7,53.2,1104.0,67.2,2400,0.0,0.0,16166,-565,79,discharging,None,None
18:29:19.406,staggered,8.3,404.0,171.7,56.9,1105.1,66.7,2400,0.0,0.0,16120,-562,79,discharging,None,None
18:29:19.910,staggered,8.3,404.0,158.0,23.5,1105.0,64.5,2400,0.0,0.0,16145,-621,79,discharging,None,None
18:29:20.414,staggered,8.3,403.4,158.0,68.8,1105.0,63.4,2400,0.0,0.0,16128,-573,79,discharging,None,None
18:29:20.917,staggered,8.3,403.4,179.0,40.6,1105.0,63.4,2400,0.0,0.0,16158,-554,79,discharging,None,None
18:29:21.425,staggered,8.3,403.4,179.0,76.2,1105.0,66.7,2400,0.0,0.0,16162,-526,79,discharging,None,None
18:29:21.928,staggered,8.3,398.9,179.0,7.5,1104.0,61.7,2400,0.0,0.0,16140,-605,79,discharging,None,None
18:29:22.436,staggered,8.3,398.9,159.2,72.9,1104.3,66.7,2400,0.0,0.0,16164,-577,79,discharging,None,None
18:29:22.940,staggered,8.3,407.6,159.2,45.3,1104.3,62.2,2400,0.0,0.0,16121,-615,79,discharging,None,None
18:29:23.448,staggered,8.3,407.6,159.2,26.1,1104.3,65.0,2400,0.0,0.0,16161,-587,79,discharging,None,None
18:29:23.952,staggered,8.3,407.6,340.4,100.0,1104.3,67.8,2400,0.0,0.0,16133,-522,79,discharging,None,None
18:29:24.455,staggered,7.9,549.3,340.4,14.9,1106.0,62.8,2400,0.0,0.0,16119,-641,79,discharging,None,None
18:29:24.968,staggered,7.9,549.3,340.4,33.3,1106.0,64.5,2400,0.0,0.0,16166,-549,79,discharging,None,None
18:29:25.472,staggered,8.3,549.3,410.5,100.0,1106.0,66.7,2400,0.0,0.0,16131,-530,79,discharging,None,None
18:29:25.976,staggered,8.3,674.6,410.5,6.0,1104.7,61.7,2400,0.0,0.0,16136,-649,79,discharging,None,None
18:29:26.483,staggered,8.3,674.6,410.5,41.3,1104.7,65.0,2400,0.0,0.0,16165,-533,79,discharging,None,None
18:29:26.994,staggered,8.3,703.5,410.5,100.0,1104.7,67.2,2400,0.0,0.0,16126,-547,79,discharging,None,None
18:29:27.497,staggered,8.3,703.5,488.5,12.3,1104.4,62.8,2400,0.0,0.0,16125,-675,79,discharging,None,None
18:29:28.004,staggered,8.4,703.5,488.5,44.8,1104.4,66.1,2400,0.0,0.0,16166,-542,79,discharging,None,None
18:29:28.507,staggered,8.4,399.3,159.4,73.6,1103.8,63.4,2400,0.0,0.0,16125,-555,79,discharging,None,None
18:29:29.013,staggered,8.4,399.3,159.4,8.4,1103.9,63.4,2400,0.0,0.0,16156,-622,79,discharging,None,None
18:29:29.516,staggered,8.3,379.3,159.4,71.8,1103.9,63.4,2400,0.0,0.0,16149,-548,79,discharging,None,None
18:29:30.020,staggered,8.3,379.3,154.5,32.5,1103.7,62.8,2400,0.0,0.0,16156,-590,79,discharging,None,None
18:29:30.527,staggered,8.3,363.2,154.5,71.6,1103.7,66.7,2400,0.0,0.0,16165,-544,79,discharging,None,None
18:29:31.031,staggered,8.3,363.2,154.5,22.1,1102.9,63.4,2400,0.0,0.0,16130,-564,79,discharging,None,None
18:29:31.537,staggered,8.3,363.2,168.0,57.6,1102.9,66.7,2400,0.0,0.0,16140,-581,79,discharging,None,None
18:29:32.041,staggered,8.3,367.0,168.0,33.8,1102.8,62.2,2400,0.0,0.0,16123,-584,79,discharging,None,None
18:29:32.548,staggered,8.3,367.0,146.4,42.4,1102.8,64.5,2400,0.0,0.0,16165,-546,79,discharging,None,None
18:29:33.051,staggered,8.3,367.9,146.4,64.7,1102.7,62.8,2400,0.0,0.0,16142,-541,79,discharging,None,None
18:29:33.555,staggered,8.3,367.9,146.4,0.0,1102.7,62.2,2400,0.0,0.0,16156,-603,79,discharging,None,None
18:29:34.063,staggered,8.3,367.9,333.1,82.1,1102.7,66.7,2400,0.0,0.0,16169,-511,79,discharging,None,None
18:29:34.566,staggered,8.3,549.1,333.1,34.3,1102.4,61.7,2400,0.0,0.0,16150,-615,79,discharging,None,None
18:29:35.076,staggered,8.3,549.1,333.1,10.1,1102.4,61.7,2400,0.0,0.0,16169,-509,79,discharging,None,None
18:29:35.579,staggered,8.3,549.1,376.4,100.0,1105.9,66.7,2400,0.0,0.0,16124,-566,79,discharging,None,None
18:29:36.083,staggered,8.3,629.6,376.4,15.5,1105.9,61.7,1900,0.0,0.0,16156,-634,79,discharging,None,None
18:29:36.591,staggered,8.3,629.6,376.4,27.9,1105.9,63.9,2400,0.0,0.0,16174,-457,79,discharging,None,None
18:29:37.098,staggered,8.3,547.5,323.8,99.0,1105.2,66.1,2400,0.0,0.0,16123,-560,79,discharging,None,None
18:29:37.602,staggered,8.3,547.5,323.8,1.5,1105.1,61.1,2400,0.0,0.0,16157,-616,79,discharging,None,None
18:29:38.111,staggered,8.3,547.5,323.8,61.9,1104.7,66.7,2400,0.0,0.0,16152,-514,79,discharging,None,None
18:29:38.614,staggered,8.3,367.4,146.7,45.8,1104.5,62.2,2400,0.0,0.0,16133,-603,79,discharging,None,None
18:29:39.123,staggered,8.3,367.4,146.7,31.2,1103.9,65.0,2400,0.0,0.0,16168,-543,79,discharging,None,None
18:29:39.627,staggered,8.3,362.5,146.7,44.1,1103.9,61.1,2400,0.0,0.0,16130,-545,79,discharging,None,None
18:29:40.138,staggered,8.3,362.5,146.1,34.0,1103.6,62.2,2400,0.0,0.0,16153,-594,79,discharging,None,None
18:29:40.642,staggered,8.3,363.9,146.1,72.8,1103.6,63.4,2400,0.0,0.0,16124,-599,79,discharging,None,None
18:29:41.146,staggered,8.3,363.9,149.5,32.2,1103.5,65.5,2400,0.0,0.0,16167,-553,79,discharging,None,None
18:29:41.655,staggered,8.3,363.9,149.5,71.6,1103.5,64.5,1900,0.0,0.0,16135,-543,79,discharging,None,None
18:29:42.159,staggered,8.3,380.0,149.5,7.4,1103.6,61.7,2400,0.0,0.0,16158,-586,79,discharging,None,None
18:29:42.667,staggered,8.3,380.0,151.0,66.2,1103.6,67.2,2400,0.0,0.0,16152,-521,79,discharging,None,None
18:29:43.170,staggered,8.3,375.0,151.0,40.1,1103.6,62.2,2400,0.0,0.0,16128,-602,79,discharging,None,None
18:29:43.679,staggered,8.3,375.0,151.0,5.0,1103.6,62.8,2400,0.0,0.0,16167,-539,79,discharging,None,None
18:29:44.184,staggered,8.3,375.0,408.9,100.0,1115.6,66.7,2400,0.0,0.0,16128,-534,79,discharging,None,None
18:29:44.687,staggered,8.3,621.0,408.9,20.8,1116.6,62.2,2400,0.0,0.0,16155,-634,79,discharging,None,None
18:29:45.195,staggered,8.3,621.0,408.9,23.5,1116.2,63.9,2400,0.0,0.0,16169,-504,79,discharging,None,None
18:29:45.707,staggered,8.3,621.0,408.9,100.0,1119.7,66.7,2400,0.0,0.0,16127,-570,79,discharging,None,None
18:29:46.211,staggered,8.3,659.8,461.5,15.1,1119.9,62.8,2400,0.0,0.0,16157,-655,79,discharging,None,None
18:29:46.719,staggered,8.3,659.8,461.5,36.6,1120.2,65.5,1900,0.0,0.0,16170,-490,79,discharging,None,None
18:29:47.222,staggered,8.3,379.3,160.2,73.4,1119.6,63.4,2400,0.0,0.0,16123,-562,79,discharging,None,None
18:29:47.735,staggered,8.3,379.3,160.2,2.5,1119.6,62.2,2400,0.0,0.0,16161,-593,79,discharging,None,None
18:29:48.239,staggered,8.3,367.3,160.2,71.4,1116.3,63.4,2400,0.0,0.0,16127,-562,79,discharging,None,None
18:29:48.742,staggered,8.3,367.3,146.6,32.3,1116.3,61.7,2400,0.0,0.0,16129,-603,79,discharging,None,None
18:29:49.246,staggered,8.3,363.2,146.6,72.1,1114.9,66.1,2400,0.0,0.0,16154,-538,79,discharging,None,None
18:29:49.755,staggered,8.3,363.2,146.6,20.0,1118.2,65.0,2400,0.0,0.0,16156,-545,79,discharging,None,None
18:29:50.260,staggered,8.3,363.2,147.5,57.4,1116.6,65.5,2400,0.0,0.0,16160,-546,79,discharging,None,None
18:29:50.763,staggered,8.3,367.6,147.5,32.7,1116.6,61.7,2400,0.0,0.0,16125,-603,79,discharging,None,None
18:29:51.272,staggered,8.3,367.6,147.9,42.2,1114.2,63.9,2400,0.0,0.0,16166,-558,79,discharging,None,None
18:29:51.776,staggered,8.3,366.9,147.9,64.5,1114.2,62.8,2400,0.0,0.0,16118,-594,79,discharging,None,None
18:29:52.280,staggered,8.3,366.9,147.9,0.0,1112.4,60.0,1500,0.0,0.0,16168,-575,79,discharging,None,None
18:29:52.790,staggered,8.3,366.9,313.9,84.3,1112.4,66.7,2400,0.0,0.0,16161,-437,79,discharging,None,None
18:29:53.293,staggered,8.3,540.6,313.9,29.7,1111.2,61.1,2400,0.0,0.0,16123,-579,79,discharging,None,None
18:29:53.807,staggered,8.3,540.6,313.9,15.3,1110.3,63.4,2400,0.0,0.0,16167,-544,79,discharging,None,None
18:29:54.311,staggered,8.3,540.6,412.1,100.0,1110.7,66.7,2400,0.0,0.0,16132,-531,79,discharging,None,None
18:29:54.814,staggered,8.3,638.6,412.1,13.9,1108.8,61.7,2400,0.0,0.0,16142,-647,79,discharging,None,None
18:29:55.323,staggered,8.3,638.6,412.1,30.8,1109.2,65.0,2400,0.0,0.0,16165,-528,79,discharging,None,None
18:29:55.826,staggered,8.3,416.2,217.5,79.2,1108.7,63.9,2400,0.0,0.0,16119,-576,79,discharging,None,None
18:29:56.330,staggered,8.3,416.2,217.5,0.0,1108.7,61.7,2400,0.0,0.0,16154,-623,79,discharging,None,None
18:29:56.834,staggered,8.3,370.7,217.5,75.6,1111.9,63.4,2400,0.0,0.0,16143,-543,79,discharging,None,None
18:29:57.337,staggered,8.3,370.7,149.1,32.3,1111.9,61.7,2400,0.0,0.0,16136,-607,79,discharging,None,None
18:29:57.844,staggered,8.3,370.7,149.1,57.9,1110.3,66.1,2400,0.0,0.0,16167,-532,79,discharging,None,None
18:29:58.349,staggered,8.3,370.0,149.1,36.9,1109.7,64.5,2400,0.0,0.0,16134,-538,79,discharging,None,None
18:29:58.856,staggered,8.3,370.0,151.2,40.3,1109.3,65.0,2400,0.0,0.0,16148,-586,79,discharging,None,None
18:29:59.360,staggered,8.3,368.7,151.2,49.3,1107.7,61.1,2400,0.0,0.0,16124,-602,79,discharging,None,None
18:29:59.863,staggered,8.3,368.7,146.8,32.3,1106.5,62.8,2400,0.0,0.0,16167,-548,79,discharging,None,None
18:30:00.367,staggered,8.3,367.6,146.8,75.5,1106.5,63.4,2400,0.0,0.0,16130,-545,79,discharging,None,None
18:30:00.870,staggered,8.3,367.6,146.8,0.0,1105.8,61.1,2400,0.0,0.0,16157,-601,79,discharging,None,None
18:30:01.379,staggered,8.3,367.6,204.9,83.6,1105.8,66.1,2400,0.0,0.0,16156,-521,79,discharging,None,None
18:30:01.882,staggered,8.3,433.2,204.9,27.5,1105.2,61.7,2400,0.0,0.0,16119,-607,79,discharging,None,None
18:30:02.399,staggered,8.3,433.2,204.9,18.7,1112.5,63.9,2400,0.0,0.0,16166,-550,79,discharging,None,None
18:30:02.908,staggered,8.3,433.2,518.7,100.0,1112.1,66.1,2400,0.0,0.0,16131,-521,79,discharging,None,None
18:30:03.412,staggered,8.3,722.0,518.7,24.8,1111.7,61.7,2400,0.0,0.0,16119,-651,79,discharging,None,None
18:30:03.921,staggered,8.3,722.0,518.7,20.2,1110.9,65.0,2400,0.0,0.0,16166,-535,79,discharging,None,None
18:30:04.427,staggered,8.3,588.0,518.7,100.0,1110.9,67.2,2400,0.0,0.0,16125,-520,79,discharging,None,None
18:30:04.931,staggered,8.3,588.0,388.7,10.6,1108.9,61.7,2400,0.0,0.0,16131,-622,79,discharging,None,None
18:30:05.439,staggered,8.3,588.0,388.7,45.5,1108.9,66.1,2400,0.0,0.0,16151,-506,79,discharging,None,None
18:30:05.942,staggered,8.3,363.0,145.8,61.8,1107.1,63.4,2400,0.0,0.0,16118,-602,79,discharging,None,None
18:30:06.455,staggered,8.3,363.0,145.8,15.0,1107.1,63.4,2400,0.0,0.0,16166,-543,79,discharging,None,None
18:30:06.959,staggered,8.3,367.5,145.8,59.5,1106.5,62.8,2400,0.0,0.0,16131,-546,79,discharging,None,None
18:30:07.462,staggered,8.3,367.5,145.6,32.3,1106.5,62.2,2400,0.0,0.0,16159,-592,79,discharging,None,None
18:30:07.966,staggered,8.3,375.4,145.6,77.7,1106.0,64.5,2400,0.0,0.0,16131,-587,79,discharging,None,None
18:30:08.475,staggered,8.3,375.4,145.6,21.4,1106.0,65.0,2400,0.0,0.0,16165,-553,79,discharging,None,None
18:30:08.979,staggered,8.3,375.4,147.4,62.7,1105.4,67.2,2400,0.0,0.0,16136,-541,79,discharging,None,None
18:30:09.483,staggered,8.3,367.7,147.4,23.8,1104.5,61.7,2400,0.0,0.0,16156,-586,79,discharging,None,None
18:30:09.992,staggered,8.3,367.7,148.2,52.2,1103.7,65.5,2400,0.0,0.0,16142,-540,79,discharging,None,None
18:30:10.495,staggered,8.3,363.6,148.2,54.7,1103.7,61.7,2400,0.0,0.0,16130,-602,79,discharging,None,None
18:30:10.999,staggered,8.3,363.6,148.2,0.0,1103.2,61.1,2400,0.0,0.0,16167,-533,79,discharging,None,None
18:30:11.510,staggered,8.3,363.6,148.2,90.6,1103.2,65.5,2400,0.0,0.0,16129,-539,79,discharging,None,None
18:30:12.014,staggered,8.3,723.1,529.1,55.2,1103.7,62.2,2400,0.0,0.0,16127,-670,79,discharging,None,None
18:30:12.517,staggered,8.3,723.1,529.1,0.0,1111.0,60.6,2400,0.0,0.0,16166,-534,79,discharging,None,None
18:30:13.030,staggered,8.3,723.1,529.1,89.7,1115.9,65.5,2400,0.0,0.0,16127,-524,79,discharging,None,None
18:30:13.534,staggered,8.3,643.7,454.6,47.5,1115.4,62.2,2400,0.0,0.0,16137,-641,79,discharging,None,None
18:30:14.043,staggered,8.3,643.7,454.6,4.0,1113.2,61.7,2400,0.0,0.0,16168,-520,79,discharging,None,None
18:30:14.548,staggered,8.3,399.3,454.6,95.1,1113.2,66.1,2400,0.0,0.0,16122,-557,79,discharging,None,None
18:30:15.051,staggered,8.3,399.3,163.7,18.4,1111.8,62.2,2400,0.0,0.0,16156,-621,79,discharging,None,None
18:30:15.559,staggered,9.3,399.3,163.7,68.3,1111.8,66.7,2400,0.0,0.0,16133,-559,79,discharging,None,None
18:30:16.062,staggered,9.3,411.4,171.3,52.0,1110.2,63.9,2400,0.0,0.0,16146,-614,79,discharging,None,None
18:30:16.572,staggered,8.4,411.4,171.3,29.1,1110.2,65.0,2400,0.0,0.0,16165,-551,79,discharging,None,None
18:30:17.076,staggered,8.4,403.3,171.3,55.2,1109.2,62.2,2400,0.0,0.0,16122,-574,79,discharging,None,None
18:30:17.579,staggered,8.4,403.3,163.0,36.3,1109.2,62.2,2400,0.0,0.0,16129,-608,79,discharging,None,None
18:30:18.083,staggered,8.3,406.5,163.0,85.0,1108.3,63.9,2400,0.0,0.0,16125,-593,79,discharging,None,None
18:30:18.591,staggered,8.3,406.5,163.0,8.5,1108.3,63.4,2400,0.0,0.0,16162,-553,79,discharging,None,None
18:30:19.099,staggered,8.3,406.5,160.0,77.5,1107.5,66.7,2400,0.0,0.0,16158,-534,79,discharging,None,None
18:30:19.603,staggered,8.3,403.6,160.0,32.8,1107.5,62.2,2400,0.0,0.0,16149,-620,79,discharging,None,None
18:30:20.252,staggered,8.3,403.6,345.8,36.8,1106.6,64.5,2400,0.0,0.0,16168,-540,79,discharging,None,None
18:30:20.755,staggered,8.3,604.9,345.8,82.1,1106.6,62.8,2400,0.0,0.0,16128,-568,79,discharging,None,None
18:30:21.259,staggered,8.3,604.9,345.8,1.5,1105.7,61.7,2400,0.0,0.0,16156,-612,79,discharging,None,None
18:30:21.774,staggered,8.0,604.9,345.8,63.1,1105.7,66.7,2400,0.0,0.0,16167,-491,79,discharging,None,None
18:30:22.278,staggered,8.0,811.1,687.9,99.5,1105.3,67.2,2400,0.0,0.0,16122,-593,79,discharging,None,None
18:30:22.781,staggered,8.3,811.1,687.9,1.5,1105.0,62.2,2400,0.0,0.0,16147,-679,79,discharging,None,None
18:30:23.288,staggered,8.3,811.1,687.9,45.3,1104.8,66.7,2400,0.0,0.0,16166,-510,79,discharging,None,None
18:30:23.791,staggered,8.3,591.1,414.5,97.0,1104.1,66.1,2400,0.0,0.0,16124,-554,79,discharging,None,None
18:30:24.295,staggered,8.3,591.1,414.5,2.0,1111.6,61.7,2400,0.0,0.0,16151,-647,79,discharging,None,None
18:30:24.803,staggered,8.3,591.1,414.5,69.3,1111.3,67.2,2400,0.0,0.0,16167,-523,79,discharging,None,None
18:30:25.306,staggered,8.4,399.4,158.4,49.3,1110.8,63.4,2400,0.0,0.0,16129,-578,79,discharging,None,None
18:30:25.815,staggered,8.4,399.4,158.4,32.5,1110.3,65.0,2400,0.0,0.0,16156,-604,79,discharging,None,None
18:30:26.319,staggered,8.3,399.4,158.4,51.7,1109.8,63.4,2400,0.0,0.0,16124,-590,79,discharging,None,None
18:30:26.823,staggered,8.3,399.4,168.4,38.3,1108.6,62.2,2400,0.0,0.0,16139,-624,79,discharging,None,None
18:30:27.327,staggered,8.3,403.5,168.4,82.6,1108.6,64.5,2400,0.0,0.0,16151,-547,79,discharging,None,None
18:30:27.835,staggered,8.3,403.5,168.4,29.0,1108.6,65.5,2400,0.0,0.0,16153,-562,79,discharging,None,None
18:30:28.339,staggered,8.3,403.5,162.1,64.0,1108.0,66.7,2400,0.0,0.0,16142,-566,79,discharging,None,None
18:30:28.843,staggered,8.3,398.9,162.1,28.6,1108.3,62.2,2400,0.0,0.0,16115,-625,79,discharging,None,None
18:30:29.351,staggered,8.3,398.9,159.6,52.3,1107.5,63.9,2400,0.0,0.0,16162,-574,79,discharging,None,None
18:30:29.855,staggered,8.3,399.8,159.6,65.4,1110.7,63.4,2400,0.0,0.0,16118,-591,79,discharging,None,None
18:30:30.359,staggered,8.3,399.8,159.6,2.0,1110.4,62.8,2400,0.0,0.0,16151,-638,79,discharging,None,None
18:30:30.867,staggered,8.3,399.8,397.1,88.6,1110.0,67.2,2400,0.0,0.0,16159,-522,79,discharging,None,None
18:30:31.370,staggered,8.3,607.3,397.1,45.0,1109.3,62.2,2400,0.0,0.0,16116,-654,79,discharging,None,None
18:30:31.875,staggered,8.3,607.3,397.1,3.0,1107.7,63.4,2400,0.0,0.0,16159,-624,79,discharging,None,None
18:30:32.631,staggered,8.3,607.3,397.1,99.7,1114.7,67.2,2400,0.0,0.0,16116,-663,79,discharging,None,None
18:30:33.134,staggered,8.3,861.3,625.3,25.1,1113.4,62.2,2400,0.0,0.0,16151,-666,79,discharging,None,None
18:30:33.643,staggered,8.3,861.3,625.3,22.1,1113.4,63.4,2400,0.0,0.0,16169,-481,79,discharging,None,None
18:30:34.147,staggered,6.4,599.5,625.3,100.0,1111.0,66.1,2400,0.0,0.0,16121,-584,79,discharging,None,None
18:30:34.650,staggered,6.4,599.5,374.8,19.3,1110.4,62.8,2400,0.0,0.0,16154,-641,79,discharging,None,None
18:30:35.159,staggered,8.4,599.5,374.8,44.8,1109.4,66.1,2400,0.0,0.0,16157,-512,79,discharging,None,None
18:30:35.662,staggered,8.4,399.3,166.4,73.4,1109.4,64.5,2400,0.0,0.0,16137,-617,79,discharging,None,None
18:30:36.171,staggered,8.3,399.3,166.4,8.5,1107.4,63.4,2400,0.0,0.0,16164,-578,79,discharging,None,None
18:30:36.675,staggered,8.3,397.4,166.4,75.9,1107.4,63.9,2400,0.0,0.0,16120,-568,79,discharging,None,None
18:30:37.179,staggered,8.3,397.4,169.1,38.1,1106.7,62.8,2400,0.0,0.0,16128,-624,79,discharging,None,None
18:30:37.687,staggered,8.3,397.4,169.1,70.1,1106.7,67.8,2400,0.0,0.0,16130,-567,79,discharging,None,None
18:30:38.191,staggered,8.3,401.4,169.1,22.7,1106.1,62.8,2400,0.0,0.0,16155,-562,79,discharging,None,None
18:30:38.696,staggered,8.3,401.4,161.7,59.9,1105.6,66.1,2400,0.0,0.0,16161,-549,79,discharging,None,None
18:30:39.201,staggered,8.3,399.2,161.7,51.7,1105.6,62.2,2400,0.0,0.0,16129,-623,79,discharging,None,None
18:30:39.704,staggered,8.3,399.2,156.5,36.1,1105.6,64.5,2400,0.0,0.0,16165,-574,79,discharging,None,None
18:30:40.208,staggered,8.3,399.8,156.5,83.0,1105.2,65.0,2400,0.0,0.0,16119,-607,79,discharging,None,None
18:30:40.711,staggered,8.3,399.8,156.5,3.0,1105.2,61.7,2400,0.0,0.0,16161,-593,79,discharging,None,None
18:30:41.218,staggered,8.3,399.8,156.5,68.0,1105.3,65.5,2400,0.0,0.0,16133,-504,79,discharging,None,None
18:30:41.721,staggered,8.3,683.4,525.5,83.6,1105.7,64.5,2400,0.0,0.0,16117,-666,79,discharging,None,None
18:30:42.225,staggered,8.3,683.4,525.5,2.5,1105.2,62.2,2400,0.0,0.0,16162,-597,79,discharging,None,None
18:30:42.736,staggered,8.3,683.4,525.5,62.0,1112.2,65.5,2400,0.0,0.0,16147,-484,79,discharging,None,None
18:30:43.240,staggered,8.3,668.0,391.7,73.6,1111.1,63.4,2400,0.0,0.0,16116,-647,79,discharging,None,None
18:30:43.744,staggered,8.3,668.0,391.7,2.5,1111.1,61.7,1600,0.0,0.0,16163,-583,79,discharging,None,None
18:30:44.255,staggered,8.3,668.0,391.7,71.7,1109.7,65.5,2400,0.0,0.0,16145,-475,79,discharging,None,None
18:30:44.762,staggered,8.3,874.9,571.8,86.8,1109.7,64.5,2400,0.0,0.0,16117,-649,79,discharging,None,None
18:30:45.266,staggered,8.3,874.9,571.8,3.0,1108.7,61.7,2400,0.0,0.0,16160,-606,79,discharging,None,None
18:30:45.775,staggered,8.3,874.9,571.8,41.8,1108.7,65.5,2400,0.0,0.0,16166,-452,79,discharging,None,None
18:30:46.278,staggered,7.6,402.9,176.2,76.8,1107.5,64.5,2400,0.0,0.0,16120,-617,79,discharging,None,None
18:30:46.784,staggered,7.6,402.9,176.2,4.5,1108.3,61.7,2400,0.0,0.0,16161,-602,79,discharging,None,None
18:30:47.288,staggered,8.3,404.8,176.2,81.6,1108.0,63.9,2400,0.0,0.0,16125,-555,79,discharging,None,None
18:30:47.791,staggered,8.3,404.8,170.2,37.6,1108.0,63.4,2400,0.0,0.0,16124,-626,79,discharging,None,None
18:30:48.299,staggered,8.3,404.8,170.2,64.2,1107.3,66.7,2400,0.0,0.0,16149,-550,79,discharging,None,None
18:30:48.802,staggered,8.3,396.7,170.2,37.9,1106.9,65.5,2400,0.0,0.0,16154,-562,79,discharging,None,None
18:30:49.307,staggered,8.3,396.7,158.5,44.6,1106.2,64.5,2400,0.0,0.0,16159,-562,79,discharging,None,None
18:30:49.810,staggered,8.3,395.3,158.5,56.2,1106.2,63.4,2400,0.0,0.0,16117,-621,79,discharging,None,None
18:30:50.314,staggered,8.3,395.3,160.3,36.3,1105.8,63.4,2400,0.0,0.0,16163,-591,79,discharging,None,None
18:30:50.818,staggered,8.3,403.3,160.3,82.6,1105.5,64.5,2400,0.0,0.0,16121,-578,79,discharging,None,None
18:30:51.321,staggered,8.3,403.3,160.3,2.5,1105.5,62.2,2400,0.0,0.0,16154,-592,79,discharging,None,None
18:30:51.828,staggered,8.3,403.3,219.4,77.7,1105.9,66.7,2400,0.0,0.0,16132,-538,79,discharging,None,None
18:30:52.332,staggered,8.3,459.0,219.4,46.3,1110.5,63.4,2400,0.0,0.0,16115,-637,79,discharging,None,None
18:30:52.836,staggered,8.3,459.0,219.4,2.5,1110.0,61.7,2400,0.0,0.0,16161,-566,79,discharging,None,None
18:30:53.347,staggered,8.3,459.0,219.4,99.5,1110.8,65.5,2400,0.0,0.0,16128,-547,79,discharging,None,None
18:30:53.850,staggered,8.3,735.4,540.5,49.8,1112.0,63.4,2400,0.0,0.0,16110,-693,79,discharging,None,None
18:30:54.354,staggered,8.4,735.4,540.5,3.5,1112.0,60.6,1600,0.0,0.0,16163,-566,78,discharging,None,None
18:30:54.867,staggered,8.4,735.4,540.5,96.1,1112.0,66.7,2400,0.0,0.0,16127,-505,78,discharging,None,None
18:30:55.370,staggered,8.4,716.4,450.1,49.5,1111.6,62.8,2400,0.0,0.0,16117,-654,78,discharging,None,None
18:30:55.874,staggered,8.3,716.4,450.1,2.0,1107.2,62.2,2400,0.0,0.0,16162,-558,78,discharging,None,None
18:30:56.387,staggered,8.3,459.7,450.1,96.6,1107.2,66.7,2400,0.0,0.0,16125,-522,78,discharging,None,None
18:30:56.890,staggered,8.3,459.7,225.4,32.7,1106.8,63.4,2400,0.0,0.0,16142,-632,78,discharging,None,None
18:30:57.399,staggered,8.3,459.7,225.4,49.3,1106.8,66.1,2400,0.0,0.0,16164,-544,78,discharging,None,None
18:30:57.903,staggered,7.9,406.1,157.0,70.6,1105.2,64.5,2400,0.0,0.0,16124,-578,78,discharging,None,None
18:30:58.412,staggered,7.9,406.1,157.0,10.9,1105.2,64.5,2400,0.0,0.0,16155,-608,78,discharging,None,None
18:30:58.916,staggered,7.9,404.1,157.0,73.4,1104.0,63.9,2400,0.0,0.0,16124,-595,78,discharging,None,None
18:30:59.419,staggered,8.3,404.1,164.7,36.1,1104.0,61.7,2400,0.0,0.0,16144,-623,78,discharging,None,None
18:30:59.927,staggered,8.3,404.1,164.7,71.5,1104.0,67.2,2400,0.0,0.0,16155,-543,78,discharging,None,None
18:31:00.432,staggered,8.4,402.4,164.7,18.3,1103.9,63.4,2400,0.0,0.0,16156,-563,78,discharging,None,None
18:31:00.939,staggered,8.4,402.4,171.1,64.0,1103.9,66.7,2400,0.0,0.0,16136,-572,78,discharging,None,None
18:31:01.442,staggered,8.4,417.7,171.1,52.2,1102.9,63.9,2400,0.0,0.0,16117,-626,78,discharging,None,None
18:31:01.946,staggered,8.3,417.7,159.1,34.5,1102.6,65.0,2400,0.0,0.0,16162,-566,78,discharging,None,None
18:31:02.450,staggered,8.3,395.7,159.1,83.7,1104.2,64.5,2400,0.0,0.0,16123,-563,78,discharging,None,None
18:31:02.953,staggered,8.3,395.7,159.1,2.5,1104.2,62.2,2400,0.0,0.0,16152,-622,78,discharging,None,None
18:31:03.464,staggered,8.3,395.7,159.1,65.0,1104.6,66.7,2400,0.0,0.0,16166,-506,78,discharging,None,None
18:31:03.968,staggered,8.3,600.1,396.9,68.0,1104.1,63.9,2400,0.0,0.0,16115,-630,78,discharging,None,None
18:31:04.471,staggered,8.3,600.1,396.9,2.5,1104.1,61.7,1900,0.0,0.0,16159,-616,78,discharging,None,None
18:31:04.986,staggered,8.3,600.1,396.9,77.5,1103.6,65.5,2400,0.0,0.0,16164,-462,78,discharging,None,None
18:31:05.490,staggered,8.2,790.7,563.1,81.9,1103.6,64.5,2400,0.0,0.0,16120,-617,78,discharging,None,None
18:31:05.994,staggered,8.2,790.7,563.1,2.5,1103.2,62.2,2400,0.0,0.0,16153,-637,78,discharging,None,None
18:31:06.500,staggered,8.4,790.7,563.1,64.4,1103.2,66.1,2400,0.0,0.0,16167,-486,78,discharging,None,None
18:31:07.003,staggered,8.4,497.3,270.4,57.5,1102.8,63.4,2400,0.0,0.0,16117,-620,78,discharging,None,None
18:31:07.511,staggered,8.3,497.3,270.4,8.9,1102.8,61.7,2400,0.0,0.0,16162,-605,78,discharging,None,None
18:31:08.016,staggered,8.3,407.4,270.4,84.7,1102.4,65.0,2400,0.0,0.0,16128,-522,78,discharging,None,None
18:31:08.520,staggered,8.3,407.4,176.5,30.8,1102.4,62.2,2400,0.0,0.0,16117,-626,78,discharging,None,None
18:31:09.169,staggered,8.4,407.4,176.5,74.7,1102.4,66.1,2400,0.0,0.0,16132,-569,78,discharging,None,None
18:31:09.672,staggered,8.4,575.4,158.1,57.2,1102.0,63.9,2400,0.0,0.0,16138,-662,78,discharging,None,None
18:31:10.181,staggered,8.4,575.4,158.1,24.8,1101.5,65.0,2400,0.0,0.0,16164,-558,78,discharging,None,None
18:31:10.684,staggered,6.4,398.9,158.1,59.6,1101.5,62.8,2400,0.0,0.0,16115,-562,78,discharging,None,None
18:31:11.188,staggered,6.4,398.9,156.8,36.1,1101.5,62.8,2400,0.0,0.0,16137,-620,78,discharging,None,None
18:31:11.691,staggered,8.3,393.8,156.8,82.1,1101.9,65.0,2400,0.0,0.0,16127,-571,78,discharging,None,None
18:31:12.199,staggered,8.3,393.8,156.8,28.4,1102.2,65.5,2400,0.0,0.0,16152,-561,78,discharging,None,None
18:31:12.703,staggered,8.3,393.8,158.4,58.5,1104.1,66.7,2400,0.0,0.0,16156,-550,78,discharging,None,None
18:31:13.207,staggered,8.3,401.7,158.4,37.3,1104.1,63.4,2400,0.0,0.0,16134,-622,78,discharging,None,None
18:31:13.716,staggered,8.3,401.7,159.9,45.5,1104.1,65.5,2400,0.0,0.0,16162,-580,78,discharging,None,None
18:31:14.220,staggered,8.3,397.7,159.9,71.9,1103.4,64.5,2400,0.0,0.0,16120,-615,78,discharging,None,None
18:31:14.724,staggered,8.3,397.7,159.9,1.5,1103.4,62.8,2400,0.0,0.0,16162,-576,78,discharging,None,None
18:31:15.232,staggered,8.3,397.7,362.9,88.6,1103.4,66.1,2400,0.0,0.0,16138,-499,78,discharging,None,None
18:31:15.735,staggered,8.3,561.8,362.9,41.5,1102.9,62.2,2400,0.0,0.0,16115,-632,78,discharging,None,None
18:31:16.243,staggered,8.3,561.8,362.9,5.5,1102.9,62.2,2400,0.0,0.0,16162,-552,78,discharging,None,None
18:31:16.755,staggered,8.3,561.8,362.9,100.0,1102.9,67.2,2400,0.0,0.0,16128,-531,78,discharging,None,None
18:31:17.259,staggered,8.3,716.4,479.4,40.7,1102.6,63.4,2400,0.0,0.0,16116,-668,78,discharging,None,None
18:31:17.767,staggered,8.4,716.4,479.4,6.5,1102.6,62.2,2400,0.0,0.0,16161,-550,78,discharging,None,None
18:31:18.281,staggered,8.4,716.4,479.4,100.0,1102.2,67.2,2400,0.0,0.0,16126,-533,78,discharging,None,None
18:31:18.786,staggered,8.3,605.1,377.9,31.2,1101.9,62.8,2400,0.0,0.0,16127,-654,78,discharging,None,None
18:31:19.295,staggered,8.3,605.1,377.9,30.5,1101.9,64.5,2400,0.0,0.0,16164,-533,78,discharging,None,None
18:31:19.799,staggered,8.3,407.2,170.9,89.7,1102.2,66.1,2400,0.0,0.0,16119,-563,78,discharging,None,None
18:31:20.302,staggered,8.3,407.2,170.9,2.0,1102.0,61.7,2400,0.0,0.0,16154,-627,78,discharging,None,None
18:31:20.806,staggered,8.3,398.9,170.9,81.7,1102.0,64.5,2400,0.0,0.0,16134,-562,78,discharging,None,None
18:31:21.312,staggered,8.3,398.9,337.2,47.8,1102.0,63.4,2400,0.0,0.0,16154,-600,78,discharging,None,None
18:31:21.819,staggered,8.3,398.9,337.2,54.0,1102.0,66.7,2400,0.0,0.0,16158,-565,78,discharging,None,None
18:31:22.323,staggered,8.3,398.8,337.2,30.0,1102.2,62.8,2400,0.0,0.0,16122,-598,78,discharging,None,None
18:31:22.835,staggered,7.6,398.8,161.9,51.0,1102.2,65.0,2400,0.0,0.0,16163,-577,78,discharging,None,None
18:31:23.339,staggered,7.6,399.4,161.9,66.5,1102.0,63.4,2400,0.0,0.0,16117,-603,78,discharging,None,None
18:31:23.842,staggered,8.3,399.4,161.9,2.0,1102.0,62.2,2400,0.0,0.0,16159,-591,78,discharging,None,None
18:31:24.351,staggered,8.3,399.4,307.3,92.5,1102.0,66.7,2400,0.0,0.0,16132,-509,78,discharging,None,None
18:31:24.854,staggered,8.3,535.4,307.3,33.0,1101.5,62.8,2400,0.0,0.0,16115,-634,78,discharging,None,None
18:31:25.363,staggered,8.3,535.4,307.3,14.6,1101.8,63.4,2400,0.0,0.0,16164,-550,78,discharging,None,None
18:31:25.867,staggered,8.3,535.4,474.6,100.0,1101.8,67.2,2400,0.0,0.0,16130,-501,78,discharging,None,None
18:31:26.370,staggered,8.3,744.0,474.6,37.8,1101.5,63.4,2400,0.0,0.0,16114,-660,78,discharging,None,None
18:31:26.880,staggered,8.3,744.0,474.6,8.6,1101.5,63.9,2400,0.0,0.0,16163,-566,78,discharging,None,None
18:31:27.391,staggered,8.3,744.0,474.6,100.0,1101.9,66.7,2400,0.0,0.0,16128,-516,78,discharging,None,None
18:31:27.894,staggered,8.3,683.6,462.5,34.3,1101.8,62.8,2400,0.0,0.0,16117,-664,78,discharging,None,None
18:31:28.403,staggered,8.3,683.6,462.5,17.1,1101.8,63.9,2400,0.0,0.0,16164,-561,78,discharging,None,None
18:31:28.907,staggered,8.3,394.7,172.3,98.5,1101.8,66.7,2400,0.0,0.0,16126,-531,78,discharging,None,None
18:31:29.410,staggered,8.3,394.7,172.3,4.5,1101.8,62.2,2400,0.0,0.0,16148,-624,78,discharging,None,None
18:31:29.918,staggered,8.3,395.8,172.3,79.6,1101.6,66.7,2400,0.0,0.0,16160,-550,78,discharging,None,None
18:31:30.422,staggered,8.3,395.8,157.6,37.6,1101.6,62.8,2400,0.0,0.0,16147,-575,78,discharging,None,None
18:31:30.932,staggered,8.3,395.8,157.6,44.5,1101.6,66.1,2400,0.0,0.0,16156,-577,78,discharging,None,None
18:31:31.435,staggered,8.3,399.4,157.6,39.9,1100.8,62.2,2400,0.0,0.0,16118,-607,78,discharging,None,None
18:31:31.943,staggered,8.3,399.4,165.0,41.0,1100.6,63.4,2400,0.0,0.0,16139,-622,78,discharging,None,None
18:31:32.447,staggered,8.4,399.1,165.0,76.8,1102.5,63.4,2400,0.0,0.0,16128,-563,78,discharging,None,None
18:31:32.952,staggered,8.4,399.1,165.0,25.6,1102.5,65.5,2400,0.0,0.0,16152,-563,78,discharging,None,None
18:31:33.459,staggered,8.3,399.1,172.0,80.9,1102.5,66.7,2400,0.0,0.0,16138,-553,78,discharging,None,None
18:31:33.963,staggered,8.3,547.5,172.0,43.2,1102.2,62.8,2400,0.0,0.0,16116,-663,78,discharging,None,None
18:31:34.472,staggered,8.3,547.5,162.7,37.0,1102.2,63.4,2400,0.0,0.0,16162,-587,78,discharging,None,None
18:31:34.976,staggered,7.6,399.3,162.7,79.9,1102.0,63.9,2400,0.0,0.0,16132,-553,78,discharging,None,None
18:31:35.480,staggered,7.6,399.3,162.7,2.0,1102.0,61.7,1500,0.0,0.0,16152,-622,78,discharging,None,None
18:31:35.989,staggered,8.3,399.3,375.8,84.2,1102.0,66.7,2400,0.0,0.0,16170,-500,78,discharging,None,None
18:31:36.492,staggered,8.3,560.3,375.8,49.5,1102.9,63.4,2400,0.0,0.0,16114,-610,78,discharging,None,None
18:31:36.996,staggered,8.4,560.3,375.8,1.5,1102.8,60.6,2400,0.0,0.0,16159,-612,78,discharging,None,None
18:31:37.508,staggered,8.4,560.3,375.8,94.6,1102.8,66.7,2400,0.0,0.0,16152,-482,78,discharging,None,None
18:31:38.012,staggered,8.4,709.8,456.2,49.3,1102.6,63.4,2400,0.0,0.0,16114,-650,78,discharging,None,None
18:31:38.516,staggered,8.3,709.8,456.2,2.0,1102.6,62.2,2400,0.0,0.0,16158,-614,78,discharging,None,None
18:31:39.027,staggered,8.3,709.8,456.2,96.6,1102.6,66.1,2400,0.0,0.0,16151,-487,78,discharging,None,None
18:31:39.530,staggered,8.3,592.9,385.3,36.3,1102.2,62.2,2400,0.0,0.0,16115,-646,78,discharging,None,None
18:31:40.037,staggered,8.3,592.9,385.3,22.1,1102.0,65.0,2400,0.0,0.0,16162,-591,78,discharging,None,None
18:31:40.543,staggered,8.3,399.2,385.3,91.1,1102.0,66.1,2400,0.0,0.0,16129,-513,78,discharging,None,None
18:31:41.046,staggered,8.3,399.2,164.9,6.9,1102.0,62.2,2400,0.0,0.0,16127,-620,78,discharging,None,None
18:31:41.550,staggered,8.3,399.4,164.9,81.6,1102.0,65.5,2400,0.0,0.0,16164,-547,78,discharging,None,None
18:31:42.053,staggered,8.4,399.4,163.0,36.2,1102.7,63.4,2400,0.0,0.0,16138,-560,78,discharging,None,None
18:31:42.560,staggered,8.4,399.4,163.0,47.1,1102.4,67.2,2400,0.0,0.0,16156,-595,78,discharging,None,None
18:31:43.064,staggered,8.3,399.1,163.0,37.8,1102.9,63.4,2400,0.0,0.0,16120,-617,78,discharging,None,None
18:31:43.572,staggered,8.3,399.1,156.4,43.6,1102.9,63.9,2400,0.0,0.0,16162,-599,78,discharging,None,None
18:31:44.075,staggered,8.3,412.0,156.4,75.4,1102.7,63.4,2400,0.0,0.0,16140,-546,78,discharging,None,None
18:31:44.583,staggered,8.3,412.0,156.4,23.3,1102.7,65.0,2400,0.0,0.0,16152,-585,78,discharging,None,None
18:31:45.087,staggered,8.3,412.0,170.2,83.1,1102.2,67.2,2400,0.0,0.0,16127,-558,78,discharging,None,None
18:31:45.591,staggered,8.3,405.1,170.2,25.0,1101.8,62.8,2400,0.0,0.0,16113,-627,78,discharging,None,None
18:31:46.110,staggered,8.3,405.1,170.2,51.7,1101.5,65.0,2400,0.0,0.0,16160,-505,78,discharging,None,None
18:31:46.614,staggered,7.9,629.7,515.2,96.1,1101.5,66.7,2400,0.0,0.0,16119,-603,78,discharging,None,None
18:31:47.117,staggered,7.9,629.7,515.2,2.5,1101.1,62.2,2400,0.0,0.0,16152,-628,78,discharging,None,None
18:31:47.641,staggered,7.9,629.7,515.2,50.5,1103.2,65.0,2400,0.0,0.0,16159,-503,78,discharging,None,None
18:31:48.145,staggered,8.3,763.2,583.4,99.5,1108.1,66.7,2400,0.0,0.0,16117,-635,78,discharging,None,None
18:31:48.649,staggered,8.3,763.2,583.4,8.0,1108.7,62.8,2400,0.0,0.0,16152,-645,78,discharging,None,None
18:31:49.156,staggered,8.3,763.2,583.4,44.1,1110.2,65.5,2400,0.0,0.0,16165,-491,78,discharging,None,None
18:31:49.660,staggered,8.3,402.9,173.1,75.1,1113.0,63.9,2400,0.0,0.0,16117,-619,78,discharging,None,None
18:31:50.168,staggered,8.3,402.9,173.1,7.4,1111.4,62.2,2400,0.0,0.0,16161,-602,78,discharging,None,None
18:31:50.672,staggered,8.3,399.5,173.1,78.1,1111.4,63.4,2400,0.0,0.0,16122,-556,78,discharging,None,None
18:31:51.175,staggered,8.3,399.5,156.8,36.8,1109.8,62.8,2400,0.0,0.0,16129,-621,78,discharging,None,None
18:31:51.683,staggered,8.3,399.5,156.8,67.0,1109.8,66.7,2400,0.0,0.0,16146,-547,78,discharging,None,None
18:31:52.187,staggered,8.3,401.3,156.8,39.9,1108.1,65.5,2400,0.0,0.0,16154,-564,78,discharging,None,None
18:31:52.691,staggered,8.3,401.3,163.8,43.3,1110.0,65.0,2400,0.0,0.0,16158,-560,78,discharging,None,None
18:31:53.195,staggered,8.3,401.4,163.8,55.4,1109.3,63.9,2400,0.0,0.0,16116,-623,78,discharging,None,None
18:31:53.699,staggered,8.3,401.4,167.8,36.8,1109.3,63.4,2400,0.0,0.0,16162,-597,78,discharging,None,None
18:31:54.202,staggered,8.3,398.7,167.8,83.2,1107.9,65.5,2400,0.0,0.0,16121,-579,78,discharging,None,None
18:31:54.706,staggered,8.3,398.7,167.8,2.0,1107.9,62.2,2400,0.0,0.0,16154,-589,78,discharging,None,None
18:31:55.212,staggered,8.3,398.7,189.6,80.4,1108.3,66.1,2400,0.0,0.0,16128,-541,78,discharging,None,None
18:31:55.715,staggered,8.3,444.7,189.6,40.5,1108.8,62.8,2400,0.0,0.0,16123,-639,78,discharging,None,None
18:31:56.231,staggered,8.3,444.7,189.6,9.2,1108.5,62.2,1600,0.0,0.0,16161,-559,78,discharging,None,None
18:31:56.736,staggered,8.3,444.7,189.6,100.0,1108.5,66.7,2400,0.0,0.0,16130,-518,78,discharging,None,None
18:31:57.239,staggered,8.3,835.0,717.4,62.2,1107.9,63.4,2400,0.0,0.0,16114,-689,78,discharging,None,None
18:31:57.743,staggered,8.5,835.0,717.4,11.5,1113.6,61.7,2400,0.0,0.0,16158,-603,78,discharging,None,None
18:31:58.251,staggered,8.5,835.0,717.4,82.1,1112.0,66.7,2400,0.0,0.0,16132,-512,78,discharging,None,None
18:31:58.754,staggered,7.9,607.1,392.3,56.2,1112.0,62.2,2400,0.0,0.0,16116,-655,78,discharging,None,None
18:31:59.263,staggered,7.9,607.1,392.3,6.0,1112.8,62.2,2400,0.0,0.0,16162,-571,78,discharging,None,None
18:31:59.767,staggered,7.9,411.7,392.3,89.7,1112.8,65.5,2400,0.0,0.0,16124,-535,78,discharging,None,None
18:32:00.270,staggered,8.3,411.7,185.8,29.6,1111.3,62.8,2400,0.0,0.0,16134,-628,78,discharging,None,None
18:32:00.779,staggered,8.3,411.7,185.8,64.5,1111.3,67.8,2400,0.0,0.0,16158,-549,78,discharging,None,None
18:32:01.282,staggered,8.4,411.1,168.1,56.4,1108.7,66.1,2400,0.0,0.0,16144,-566,78,discharging,None,None
18:32:01.796,staggered,8.4,411.1,168.1,26.9,1108.7,66.1,2400,0.0,0.0,16155,-584,78,discharging,None,None
18:32:02.299,staggered,8.3,407.5,168.1,58.9,1108.1,62.8,2400,0.0,0.0,16117,-625,78,discharging,None,None
18:32:02.803,staggered,8.3,407.5,161.4,36.3,1108.4,63.4,2400,0.0,0.0,16157,-610,78,discharging,None,None
18:32:03.306,staggered,8.3,407.2,161.4,83.2,1107.0,65.5,2400,0.0,0.0,16132,-553,78,discharging,None,None
18:32:03.810,staggered,8.3,407.2,161.4,2.5,1106.5,61.7,2400,0.0,0.0,16151,-579,78,discharging,None,None
18:32:04.319,staggered,8.3,407.2,170.1,82.5,1106.2,67.2,2400,0.0,0.0,16125,-553,78,discharging,None,None
18:32:04.822,staggered,8.3,407.4,170.1,38.4,1105.5,62.2,2400,0.0,0.0,16114,-626,78,discharging,None,None
18:32:05.342,staggered,8.3,407.4,170.1,28.4,1105.5,65.0,2400,0.0,0.0,16161,-558,78,discharging,None,None
18:32:05.846,staggered,8.3,548.1,336.7,99.5,1105.5,66.7,2400,0.0,0.0,16125,-555,78,discharging,None,None
18:32:06.350,staggered,8.3,548.1,336.7,5.0,1104.8,62.2,1900,0.0,0.0,16150,-645,78,discharging,None,None
18:32:06.860,staggered,8.3,548.1,336.7,45.6,1104.8,64.5,2400,0.0,0.0,16168,-493,78,discharging,None,None
18:32:07.365,staggered,8.2,548.1,505.8,100.0,1104.8,67.2,2400,0.0,0.0,16122,-557,78,discharging,None,None
18:32:07.868,staggered,8.2,751.1,505.8,10.9,1104.2,62.2,2400,0.0,0.0,16146,-671,78,discharging,None,None
18:32:08.376,staggered,8.4,751.1,505.8,38.2,1104.2,65.5,2400,0.0,0.0,16164,-516,78,discharging,None,None
18:32:08.884,staggered,8.4,651.2,431.1,100.0,1104.2,68.3,2400,0.0,0.0,16123,-569,78,discharging,None,None
18:32:09.388,staggered,8.4,651.2,431.1,5.9,1103.6,62.2,2400,0.0,0.0,16150,-661,78,discharging,None,None
18:32:09.896,staggered,8.4,651.2,431.1,52.0,1103.6,66.7,2400,0.0,0.0,16162,-514,78,discharging,None,None
18:32:10.400,staggered,8.4,423.2,173.9,76.1,1103.4,63.4,2400,0.0,0.0,16116,-588,78,discharging,None,None
18:32:10.908,staggered,7.9,423.2,173.9,4.4,1103.2,62.2,2400,0.0,0.0,16153,-627,78,discharging,None,None
18:32:11.412,staggered,7.9,399.7,173.9,80.2,1103.2,63.9,2400,0.0,0.0,16128,-550,78,discharging,None,None
18:32:11.916,staggered,7.9,399.7,169.7,37.3,1102.2,62.2,2400,0.0,0.0,16129,-624,78,discharging,None,None
18:32:12.423,staggered,8.3,399.7,169.7,65.8,1103.0,68.3,2400,0.0,0.0,16163,-552,78,discharging,None,None
18:32:12.929,staggered,8.3,395.8,169.7,37.8,1103.6,65.0,2400,0.0,0.0,16128,-562,78,discharging,None,None
18:32:13.434,staggered,8.3,395.8,158.5,44.6,1103.6,65.5,2400,0.0,0.0,16136,-604,78,discharging,None,None
18:32:13.937,staggered,8.3,397.5,158.5,55.0,1108.8,63.4,2400,0.0,0.0,16121,-610,78,discharging,None,None
18:32:14.441,staggered,8.3,397.5,160.3,36.5,1108.8,63.4,2400,0.0,0.0,16159,-563,78,discharging,None,None
18:32:14.945,staggered,8.3,396.9,160.3,82.1,1108.0,65.0,2400,0.0,0.0,16140,-548,78,discharging,None,None
18:32:15.448,staggered,8.3,396.9,160.3,3.0,1108.4,61.7,2400,0.0,0.0,16151,-621,78,discharging,None,None
18:32:15.956,staggered,8.2,396.9,192.9,80.7,1108.0,67.8,2400,0.0,0.0,16159,-544,78,discharging,None,None
18:32:16.459,staggered,8.2,443.7,192.9,40.8,1107.7,62.8,2400,0.0,0.0,16113,-627,78,discharging,None,None
18:32:16.968,staggered,8.4,443.7,192.9,8.4,1107.5,61.7,1600,0.0,0.0,16162,-584,78,discharging,None,None
18:32:17.480,staggered,8.4,443.7,533.5,100.0,1108.3,66.1,2400,0.0,0.0,16145,-557,78,discharging,None,None
18:32:17.984,staggered,8.3,724.7,533.5,41.5,1107.0,62.2,2400,0.0,0.0,16151,-652,78,discharging,None,None
18:32:18.492,staggered,8.3,724.7,533.5,7.9,1108.5,63.4,2400,0.0,0.0,16164,-500,78,discharging,None,None
18:32:18.996,staggered,8.3,724.7,533.5,100.0,1108.5,67.8,2400,0.0,0.0,16119,-582,78,discharging,None,None
18:32:19.500,staggered,8.3,651.4,412.6,29.9,1108.0,62.8,2400,0.0,0.0,16148,-658,78,discharging,None,None
18:32:20.008,staggered,8.3,651.4,412.6,20.3,1107.3,65.0,2400,0.0,0.0,16162,-510,78,discharging,None,None
18:32:20.512,staggered,8.3,435.6,211.6,99.0,1107.3,67.2,2400,0.0,0.0,16112,-623,78,discharging,None,None
18:32:21.016,staggered,8.3,435.6,211.6,4.5,1106.5,62.2,2400,0.0,0.0,16154,-633,78,discharging,None,None
18:32:21.524,staggered,8.3,435.6,211.6,73.9,1106.9,66.7,2400,0.0,0.0,16126,-554,78,discharging,None,None
18:32:22.028,staggered,8.4,398.0,178.8,55.4,1106.5,63.9,2400,0.0,0.0,16128,-636,78,discharging,None,None
18:32:22.536,staggered,8.4,398.0,178.8,38.4,1107.5,66.1,2400,0.0,0.0,16162,-564,78,discharging,None,None
18:32:23.040,staggered,7.9,400.6,178.8,47.6,1106.8,62.8,2400,0.0,0.0,16142,-564,78,discharging,None,None
18:32:23.544,staggered,7.9,400.6,159.6,37.9,1107.0,62.2,2400,0.0,0.0,16140,-586,78,discharging,None,None
18:32:24.047,staggered,8.3,398.6,159.6,82.6,1105.7,63.9,2400,0.0,0.0,16117,-622,78,discharging,None,None
18:32:24.555,staggered,8.3,398.6,159.6,14.1,1105.7,63.9,2400,0.0,0.0,16162,-563,78,discharging,None,None
18:32:25.059,staggered,8.3,398.6,171.2,83.6,1105.7,67.8,2400,0.0,0.0,16124,-559,78,discharging,None,None
18:32:25.563,staggered,8.3,398.6,171.2,22.9,1105.3,62.2,2400,0.0,0.0,16151,-626,78,discharging,None,None
18:32:26.075,staggered,8.3,398.6,171.2,44.3,1104.6,66.7,2400,0.0,0.0,16159,-525,78,discharging,None,None
18:32:26.578,staggered,8.2,517.5,292.6,82.3,1104.6,64.5,2400,0.0,0.0,16112,-634,78,discharging,None,None
18:32:27.082,staggered,8.2,517.5,292.6,1.5,1104.6,62.2,1900,0.0,0.0,16161,-592,78,discharging,None,None
18:32:27.595,staggered,8.2,517.5,292.6,63.7,1104.6,65.5,2400,0.0,0.0,16148,-461,78,discharging,None,None
18:32:28.098,staggered,8.3,754.3,473.4,88.2,1105.7,64.5,2400,0.0,0.0,16116,-641,78,discharging,None,None
18:32:28.602,staggered,8.3,754.3,473.4,2.0,1105.7,63.4,2400,0.0,0.0,16158,-607,78,discharging,None,None
18:32:29.119,staggered,8.4,754.3,473.4,55.9,1104.9,66.1,2400,0.0,0.0,16150,-485,78,discharging,None,None
18:32:29.623,staggered,8.4,687.3,448.0,82.5,1105.3,65.0,2400,0.0,0.0,16115,-651,78,discharging,None,None
18:32:30.126,staggered,8.3,687.3,448.0,1.5,1105.1,62.2,2400,0.0,0.0,16161,-598,78,discharging,None,None
18:32:30.635,staggered,8.3,687.3,448.0,63.2,1105.1,66.7,2400,0.0,0.0,16146,-489,78,discharging,None,None
18:32:31.138,staggered,8.3,479.5,259.6,63.7,1104.1,63.4,2400,0.0,0.0,16116,-637,78,discharging,None,None
18:32:31.647,staggered,8.3,479.5,259.6,10.1,1104.1,63.4,2400,0.0,0.0,16162,-567,78,discharging,None,None
18:32:32.156,staggered,8.3,396.8,259.6,76.7,1104.0,65.0,2400,0.0,0.0,16119,-560,78,discharging,None,None
18:32:32.660,staggered,8.3,396.8,161.5,31.2,1104.0,61.7,2400,0.0,0.0,16152,-621,78,discharging,None,None
18:32:33.168,staggered,8.3,396.8,161.5,73.9,1104.0,67.2,2400,0.0,0.0,16131,-557,78,discharging,None,None
18:32:33.837,staggered,8.3,409.0,345.4,42.5,1102.8,63.4,2400,0.0,0.0,16123,-636,78,discharging,None,None
18:32:34.344,staggered,8.3,409.0,345.4,68.6,1102.4,67.2,2400,0.0,0.0,16125,-588,78,discharging,None,None
18:32:34.847,staggered,8.3,399.4,345.4,15.2,1102.4,62.8,2400,0.0,0.0,16150,-573,78,discharging,None,None
18:32:35.359,staggered,8.0,399.4,161.0,62.9,1102.4,65.5,2400,0.0,0.0,16124,-562,78,discharging,None,None
18:32:35.862,staggered,8.0,406.7,161.0,54.9,1102.4,63.4,2400,0.0,0.0,16128,-641,78,discharging,None,None
18:32:36.366,staggered,8.3,406.7,161.0,1.5,1102.4,62.2,2400,0.0,0.0,16160,-556,78,discharging,None,None
18:32:36.879,staggered,8.3,406.7,161.0,92.7,1102.4,66.7,2400,0.0,0.0,16125,-559,78,discharging,None,None
18:32:37.382,staggered,8.3,712.7,519.6,54.2,1101.7,63.4,2400,0.0,0.0,16124,-677,78,discharging,None,None
18:32:37.886,staggered,8.3,712.7,519.6,2.0,1102.2,62.2,2400,0.0,0.0,16162,-540,78,discharging,None,None
18:32:38.399,staggered,8.3,712.7,519.6,91.2,1102.2,67.2,2400,0.0,0.0,16122,-543,78,discharging,None,None
18:32:38.902,staggered,8.3,648.3,392.4,40.0,1102.2,62.8,2400,0.0,0.0,16147,-643,78,discharging,None,None
18:32:39.412,staggered,8.3,648.3,392.4,7.0,1102.2,64.5,2400,0.0,0.0,16164,-512,78,discharging,None,None
18:32:39.924,staggered,8.3,523.7,392.4,100.0,1102.2,67.2,2400,0.0,0.0,16119,-571,78,discharging,None,None
18:32:40.428,staggered,8.3,523.7,297.4,25.1,1101.0,62.8,2400,0.0,0.0,16153,-646,78,discharging,None,None
18:32:40.936,staggered,8.3,523.7,297.4,46.5,1101.0,66.1,2400,0.0,0.0,16162,-526,78,discharging,None,None
18:32:41.440,staggered,8.3,409.3,161.9,73.5,1101.0,64.5,2400,0.0,0.0,16140,-601,78,discharging,None,None
18:32:41.949,staggered,8.3,409.3,161.9,8.9,1101.0,64.5,2400,0.0,0.0,16160,-585,78,discharging,None,None
18:32:42.452,staggered,8.3,395.0,161.9,75.0,1101.4,63.4,1900,0.0,0.0,16119,-586,78,discharging,None,None
18:32:42.956,staggered,8.3,395.0,180.0,40.2,1102.0,62.8,2400,0.0,0.0,16138,-605,78,discharging,None,None
18:32:43.464,staggered,8.3,395.0,180.0,70.6,1102.2,67.8,2400,0.0,0.0,16132,-537,78,discharging,None,None
18:32:43.969,staggered,8.3,397.7,180.0,12.7,1102.2,62.2,2400,0.0,0.0,16153,-561,78,discharging,None,None
18:32:44.475,staggered,8.3,397.7,156.8,67.2,1102.2,66.1,2400,0.0,0.0,16152,-551,78,discharging,None,None
18:32:44.978,staggered,8.3,399.2,156.8,50.0,1101.5,63.4,2400,0.0,0.0,16119,-620,78,discharging,None,None
18:32:45.483,staggered,8.3,399.2,165.9,33.5,1101.5,65.5,2400,0.0,0.0,16160,-558,78,discharging,None,None
18:32:46.085,staggered,8.3,581.8,165.9,94.2,1101.3,65.5,2400,0.0,0.0,16113,-591,78,discharging,None,None
18:32:46.588,staggered,8.3,581.8,165.9,3.0,1101.3,62.8,2400,0.0,0.0,16150,-649,78,discharging,None,None
18:32:47.096,staggered,8.3,581.8,158.5,74.8,1101.3,67.2,2400,0.0,0.0,16146,-537,78,discharging,None,None
18:32:47.599,staggered,6.9,410.8,158.5,44.5,1101.3,62.8,2400,0.0,0.0,16113,-622,78,discharging,None,None
18:32:48.107,staggered,6.9,410.8,158.5,13.0,1100.8,63.9,2400,0.0,0.0,16160,-566,78,discharging,None,None
18:32:48.615,staggered,8.2,410.8,415.4,100.0,1100.8,67.2,2400,0.0,0.0,16129,-522,78,discharging,None,None
18:32:49.119,staggered,8.2,630.4,415.4,27.9,1100.8,62.8,2400,0.0,0.0,16117,-657,78,discharging,None,None
18:32:49.627,staggered,8.4,630.4,415.4,19.0,1100.8,63.9,2400,0.0,0.0,16162,-549,78,discharging,None,None
18:32:50.138,staggered,8.4,630.4,415.4,100.0,1100.8,67.2,2400,0.0,0.0,16128,-530,78,discharging,None,None
18:32:50.642,staggered,8.4,774.1,516.3,38.1,1100.8,62.8,2400,0.0,0.0,16112,-685,78,discharging,None,None
18:32:51.152,staggered,8.4,774.1,516.3,11.2,1100.6,63.4,2400,0.0,0.0,16160,-570,78,discharging,None,None
18:32:51.663,staggered,8.4,774.1,516.3,100.0,1100.6,67.2,2400,0.0,0.0,16129,-512,78,discharging,None,None
18:32:52.166,staggered,8.3,583.7,371.3,22.9,1100.6,62.8,2400,0.0,0.0,16121,-642,78,discharging,None,None
18:32:52.672,staggered,8.3,583.7,371.3,37.0,1101.0,66.7,2400,0.0,0.0,16161,-545,78,discharging,None,None
18:32:53.176,staggered,8.3,411.2,160.3,83.3,1101.1,65.0,2400,0.0,0.0,16132,-547,78,discharging,None,None
18:32:53.680,staggered,8.3,411.2,160.3,2.5,1101.1,62.2,2400,0.0,0.0,16154,-613,78,discharging,None,None
18:32:54.183,staggered,8.3,397.8,160.3,82.6,1100.8,64.5,2400,0.0,0.0,16142,-548,78,discharging,None,None
18:32:54.687,staggered,8.3,397.8,159.3,36.5,1100.8,62.8,2400,0.0,0.0,16151,-593,78,discharging,None,None
18:32:55.193,staggered,8.3,397.8,159.3,58.7,1100.8,66.1,2400,0.0,0.0,16157,-556,78,discharging,None,None
18:32:55.697,staggered,8.4,401.0,159.3,30.9,1100.8,62.8,2400,0.0,0.0,16113,-591,78,discharging,None,None
18:32:56.203,staggered,8.4,401.0,164.7,52.7,1100.8,65.0,2400,0.0,0.0,16123,-620,78,discharging,None,None
18:32:56.706,staggered,8.4,398.5,164.7,63.5,1100.8,63.9,2400,0.0,0.0,16124,-587,78,discharging,None,None
18:32:57.210,staggered,8.3,398.5,159.9,34.3,1100.6,66.1,2400,0.0,0.0,16155,-563,78,discharging,None,None
18:32:57.714,staggered,8.3,395.1,159.9,83.0,1100.6,66.7,2400,0.0,0.0,16151,-548,78,discharging,None,None
18:32:58.217,staggered,8.3,395.1,159.9,11.9,1100.3,62.8,2400,0.0,0.0,16146,-619,78,discharging,None,None
18:32:58.728,staggered,8.3,395.1,159.9,64.9,1100.3,66.1,2400,0.0,0.0,16162,-542,78,discharging,None,None
18:32:59.232,staggered,7.9,554.0,360.6,68.5,1100.3,64.5,2400,0.0,0.0,16118,-608,78,discharging,None,None
18:32:59.735,staggered,7.9,554.0,360.6,2.5,1100.7,62.2,2400,0.0,0.0,16151,-554,78,discharging,None,None
18:33:00.247,staggered,7.9,554.0,360.6,77.5,1100.8,66.1,2400,0.0,0.0,16129,-529,78,discharging,None,None
18:33:00.750,staggered,8.2,679.5,434.8,60.9,1100.8,63.4,2400,0.0,0.0,16121,-655,78,discharging,None,None
18:33:01.254,staggered,8.2,679.5,434.8,2.5,1100.8,61.7,2400,0.0,0.0,16160,-540,78,discharging,None,None
18:33:01.770,staggered,8.4,679.5,434.8,84.7,1100.8,67.2,2400,0.0,0.0,16122,-542,78,discharging,None,None
18:33:02.273,staggered,8.4,639.8,416.3,54.9,1100.6,63.4,2400,0.0,0.0,16131,-657,78,discharging,None,None
18:33:02.786,staggered,8.4,639.8,416.3,4.4,1100.6,62.8,2400,0.0,0.0,16161,-529,78,discharging,None,None
18:33:03.294,staggered,8.3,409.0,416.3,95.1,1100.8,66.7,2400,0.0,0.0,16118,-554,78,discharging,None,None
18:33:03.798,staggered,8.3,409.0,160.6,22.4,1100.8,63.4,2400,0.0,0.0,16151,-615,78,discharging,None,None
18:33:04.307,staggered,8.3,409.0,160.6,64.2,1100.6,66.7,2400,0.0,0.0,16131,-557,78,discharging,None,None
18:33:04.810,staggered,8.3,397.8,162.1,54.4,1100.3,64.5,2400,0.0,0.0,16144,-611,78,discharging,None,None
18:33:05.320,staggered,8.3,397.8,162.1,28.4,1100.3,65.5,2400,0.0,0.0,16160,-553,78,discharging,None,None
18:33:05.824,staggered,8.3,400.9,162.1,56.4,1100.3,63.4,2400,0.0,0.0,16116,-574,78,discharging,None,None
18:33:06.327,staggered,8.3,400.9,171.3,38.8,1100.3,62.8,2400,0.0,0.0,16123,-612,78,discharging,None,None
18:33:06.831,staggered,8.3,399.3,171.3,82.1,1100.3,66.1,2400,0.0,0.0,16119,-604,78,discharging,None,None
18:33:07.339,staggered,8.3,399.3,171.3,6.0,1100.3,63.4,2400,0.0,0.0,16156,-563,78,discharging,None,None
18:33:07.843,staggered,8.3,399.3,160.6,82.4,1100.3,66.7,2400,0.0,0.0,16149,-547,78,discharging,None,None
18:33:08.347,staggered,8.3,398.8,160.6,33.2,1100.3,63.9,2400,0.0,0.0,16150,-624,78,discharging,None,None
18:33:08.862,staggered,8.3,398.8,160.6,36.1,1100.5,66.1,2400,0.0,0.0,16163,-533,78,discharging,None,None
18:33:09.366,staggered,8.3,489.8,275.0,86.3,1100.5,65.0,2400,0.0,0.0,16111,-621,78,discharging,None,None
18:33:09.870,staggered,8.3,489.8,275.0,2.0,1100.5,62.2,2400,0.0,0.0,16154,-623,78,discharging,None,None
18:33:10.383,staggered,8.5,489.8,275.0,39.3,1100.5,64.5,2400,0.0,0.0,16155,-464,78,discharging,None,None
18:33:10.891,staggered,8.5,489.8,275.0,100.0,1101.0,66.1,2400,0.0,0.0,16116,-608,78,discharging,None,None
18:33:11.395,staggered,7.9,817.5,691.9,35.3,1104.1,63.4,2400,0.0,0.0,16139,-686,78,discharging,None,None
18:33:11.907,staggered,7.9,817.5,691.9,14.7,1108.3,63.9,2400,0.0,0.0,16163,-518,78,discharging,None,None
18:33:12.419,staggered,7.9,817.5,691.9,100.0,1108.7,66.7,2400,0.0,0.0,16122,-562,78,discharging,None,None
18:33:12.922,staggered,8.3,625.6,415.8,28.8,1109.4,62.8,1900,0.0,0.0,16142,-670,78,discharging,None,None
18:33:13.431,staggered,8.3,625.6,415.8,33.5,1109.4,65.0,2400,0.0,0.0,16166,-517,78,discharging,None,None
18:33:13.934,staggered,8.4,410.1,162.8,87.2,1110.3,65.0,2400,0.0,0.0,16119,-556,78,discharging,None,None
18:33:14.438,staggered,8.4,410.1,162.8,2.0,1110.3,62.2,2400,0.0,0.0,16153,-606,78,discharging,None,None
18:33:14.942,staggered,8.4,363.0,162.8,75.1,1105.9,64.5,2400,0.0,0.0,16124,-570,78,discharging,None,None
18:33:15.445,staggered,8.4,363.0,150.8,32.3,1105.9,63.4,2400,0.0,0.0,16138,-603,78,discharging,None,None
18:33:15.952,staggered,8.4,363.0,150.8,61.6,1105.9,67.8,2400,0.0,0.0,16155,-540,78,discharging,None,None
18:33:16.463,staggered,8.4,364.4,150.8,15.9,1105.4,62.8,2400,0.0,0.0,16152,-548,78,discharging,None,None
18:33:16.968,staggered,8.4,364.4,155.6,61.3,1105.4,67.2,2400,0.0,0.0,16144,-553,78,discharging,None,None
18:33:17.471,staggered,8.4,368.0,155.6,44.3,1105.4,62.8,2400,0.0,0.0,16115,-604,78,discharging,None,None
18:33:17.975,staggered,8.4,368.0,147.4,32.3,1102.6,65.0,2400,0.0,0.0,16162,-547,78,discharging,None,None
18:33:18.479,staggered,8.4,364.2,147.4,74.8,1102.6,64.5,2400,0.0,0.0,16111,-586,78,discharging,None,None
18:33:18.982,staggered,8.4,364.2,147.4,0.0,1102.8,61.7,2400,0.0,0.0,16157,-604,78,discharging,None,None
18:33:19.495,staggered,8.4,364.2,147.4,69.0,1102.8,66.1,2400,0.0,0.0,16152,-478,78,discharging,None,None
18:33:19.998,staggered,8.4,714.4,533.5,74.8,1102.8,64.5,2400,0.0,0.0,16114,-651,78,discharging,None,None
18:33:20.502,staggered,8.4,714.4,533.5,0.0,1102.8,61.1,2400,0.0,0.0,16159,-613,78,discharging,None,None
18:33:21.012,staggered,8.4,714.4,533.5,70.1,1102.8,66.7,2400,0.0,0.0,16153,-481,78,discharging,None,None
18:33:21.516,staggered,8.4,600.1,387.6,56.7,1102.4,63.4,2400,0.0,0.0,16115,-634,78,discharging,None,None
18:33:22.019,staggered,8.4,600.1,387.6,0.0,1101.7,61.7,2400,0.0,0.0,16162,-577,78,discharging,None,None
18:33:22.529,staggered,8.4,361.9,387.6,83.3,1101.7,65.5,2400,0.0,0.0,16127,-507,78,discharging,None,None
18:33:23.032,staggered,8.4,361.9,158.1,23.4,1101.9,62.8,2400,0.0,0.0,16134,-604,78,discharging,None,None
18:33:23.540,staggered,8.4,361.9,158.1,63.5,1101.9,66.1,2400,0.0,0.0,16162,-541,78,discharging,None,None
18:33:24.043,staggered,8.4,376.0,151.4,46.3,1101.4,64.5,2400,0.0,0.0,16148,-537,78,discharging,None,None
18:33:24.551,staggered,8.4,376.0,151.4,30.3,1101.4,66.1,2400,0.0,0.0,16154,-555,78,discharging,None,None
18:33:25.054,staggered,8.4,363.4,151.4,44.8,1101.1,62.8,2400,0.0,0.0,16115,-603,78,discharging,None,None
18:33:25.559,staggered,8.4,363.4,151.3,32.3,1101.1,62.8,2400,0.0,0.0,16153,-601,78,discharging,None,None
18:33:26.062,staggered,8.4,363.4,151.3,75.2,1101.1,63.9,2400,0.0,0.0,16124,-571,78,discharging,None,None
18:33:26.571,staggered,8.4,363.4,151.3,5.0,1101.1,62.8,2400,0.0,0.0,16156,-549,78,discharging,None,None
18:33:27.076,staggered,8.4,363.4,151.8,96.1,1103.0,66.7,2400,0.0,0.0,16133,-538,78,discharging,None,None
18:33:27.580,staggered,8.4,365.3,151.8,5.5,1102.9,61.7,2400,0.0,0.0,16152,-604,78,discharging,None,None
18:33:28.091,staggered,8.4,365.3,151.8,39.4,1102.6,65.5,2400,0.0,0.0,16165,-502,78,discharging,None,None
18:33:28.595,staggered,8.4,609.7,383.1,84.2,1102.6,64.5,1900,0.0,0.0,16117,-575,78,discharging,None,None
18:33:29.099,staggered,8.4,609.7,383.1,0.0,1102.2,61.1,1500,0.0,0.0,16155,-618,78,discharging,None,None
18:33:29.614,staggered,8.4,609.7,383.1,60.8,1102.9,65.0,2400,0.0,0.0,16171,-436,78,discharging,None,None
18:33:30.118,staggered,8.4,724.7,541.0,87.3,1109.6,63.9,2400,0.0,0.0,16117,-568,78,discharging,None,None
18:33:30.621,staggered,8.4,724.7,541.0,0.0,1109.6,62.2,2400,0.0,0.0,16151,-641,78,discharging,None,None
18:33:31.128,staggered,8.4,724.7,541.0,60.3,1109.7,66.1,2400,0.0,0.0,16164,-485,78,discharging,None,None
18:33:31.631,staggered,8.4,366.1,148.9,46.8,1110.2,62.8,2400,0.0,0.0,16124,-600,78,discharging,None,None
18:33:32.139,staggered,8.4,366.1,148.9,28.1,1109.8,66.1,2400,0.0,0.0,16162,-585,78,discharging,None,None
18:33:32.643,staggered,8.4,367.4,148.9,60.3,1110.2,65.5,2400,0.0,0.0,16119,-548,78,discharging,None,None
18:33:33.147,staggered,8.4,367.4,147.0,19.3,1109.5,62.2,2400,0.0,0.0,16136,-603,78,discharging,None,None
18:33:33.650,staggered,8.4,362.1,147.0,75.4,1109.5,63.4,2400,0.0,0.0,16133,-550,78,discharging,None,None
18:33:34.154,staggered,8.4,362.1,147.4,33.0,1108.0,63.9,2400,0.0,0.0,16154,-546,78,discharging,None,None
18:33:34.663,staggered,8.4,362.1,147.4,66.8,1108.0,66.7,2400,0.0,0.0,16157,-540,78,discharging,None,None
18:33:35.166,staggered,8.4,376.5,147.4,11.3,1107.0,62.2,2400,0.0,0.0,16140,-594,78,discharging,None,None
18:33:35.675,staggered,8.4,376.5,147.8,65.5,1107.0,66.7,2400,0.0,0.0,16158,-562,78,discharging,None,None
18:33:36.178,staggered,8.4,367.6,147.8,41.4,1107.0,62.2,2400,0.0,0.0,16116,-603,78,discharging,None,None
18:33:36.691,staggered,8.4,367.6,147.8,13.7,1107.0,63.9,2400,0.0,0.0,16162,-554,78,discharging,None,None
18:33:37.195,staggered,8.4,367.6,383.5,100.0,1107.0,67.8,2400,0.0,0.0,16127,-507,78,discharging,None,None
18:33:37.699,staggered,8.4,549.6,383.5,8.5,1105.5,61.7,2400,0.0,0.0,16133,-628,78,discharging,None,None
18:33:38.207,staggered,8.4,549.6,383.5,35.8,1105.0,65.5,2400,0.0,0.0,16163,-526,78,discharging,None,None
18:33:38.710,staggered,8.4,618.0,375.1,88.7,1105.0,65.5,2400,0.0,0.0,16121,-550,78,discharging,None,None
18:33:39.214,staggered,8.4,618.0,375.1,0.5,1104.3,62.2,2400,0.0,0.0,16150,-632,78,discharging,None,None
18:33:39.719,staggered,8.4,618.0,375.1,55.2,1104.3,65.5,2400,0.0,0.0,16164,-485,78,discharging,None,None
18:33:40.222,staggered,8.4,463.5,235.9,62.4,1103.8,62.8,2400,0.0,0.0,16114,-574,78,discharging,None,None
18:33:40.731,staggered,8.4,463.5,235.9,4.0,1103.8,62.2,2400,0.0,0.0,16155,-609,78,discharging,None,None
18:33:41.236,staggered,8.4,370.8,235.9,73.4,1103.5,64.5,2400,0.0,0.0,16131,-527,78,discharging,None,None
18:33:41.739,staggered,8.4,370.8,150.6,29.2,1103.5,61.1,2400,0.0,0.0,16119,-603,78,discharging,None,None
18:33:42.246,staggered,8.4,367.5,150.6,72.5,1103.3,65.5,2400,0.0,0.0,16163,-538,78,discharging,None,None
18:33:42.750,staggered,8.4,367.5,147.1,34.7,1103.7,63.9,2400,0.0,0.0,16138,-547,78,discharging,None,None
18:33:43.255,staggered,8.4,367.5,147.1,42.3,1103.5,66.1,2400,0.0,0.0,16154,-580,78,discharging,None,None
18:33:43.758,staggered,8.4,363.7,147.1,33.2,1103.5,62.2,2400,0.0,0.0,16116,-603,78,discharging,None,None
18:33:44.267,staggered,8.4,363.7,150.9,43.3,1103.5,64.5,2400,0.0,0.0,16161,-561,78,discharging,None,None
18:33:44.771,staggered,8.4,363.4,150.9,64.0,1103.2,62.8,1500,0.0,0.0,16118,-557,78,discharging,None,None
18:33:45.279,staggered,8.4,363.4,150.9,1.0,1102.6,60.6,1500,0.0,0.0,16156,-575,78,discharging,None,None
18:33:45.787,staggered,8.4,363.4,287.6,100.0,1102.6,66.1,2400,0.0,0.0,16158,-477,78,discharging,None,None
18:33:46.290,staggered,8.4,475.1,287.6,15.9,1102.3,62.8,2400,0.0,0.0,16114,-591,78,discharging,None,None
18:33:46.804,staggered,8.4,475.1,287.6,29.9,1102.3,65.0,2400,0.0,0.0,16162,-552,78,discharging,None,None
18:33:47.308,staggered,8.4,475.1,492.1,100.0,1102.3,67.8,2400,0.0,0.0,16127,-520,78,discharging,None,None
18:33:47.812,staggered,8.4,720.4,492.1,14.9,1101.4,62.8,2400,0.0,0.0,16112,-668,78,discharging,None,None
18:33:48.320,staggered,8.4,720.4,492.1,29.6,1101.2,65.0,2400,0.0,0.0,16161,-553,78,discharging,None,None
18:33:48.823,staggered,8.4,479.6,274.2,83.1,1101.0,63.4,2400,0.0,0.0,16122,-522,78,discharging,None,None
18:33:49.327,staggered,8.4,479.6,274.2,0.0,1101.0,61.1,2400,0.0,0.0,16151,-610,78,discharging,None,None
18:33:49.834,staggered,8.4,362.8,274.2,74.8,1102.1,66.1,2400,0.0,0.0,16164,-507,78,discharging,None,None
18:33:50.338,staggered,8.4,362.8,150.8,33.7,1101.9,62.2,2400,0.0,0.0,16130,-572,78,discharging,None,None
18:33:50.847,staggered,8.4,362.8,150.8,44.7,1101.9,65.0,2400,0.0,0.0,16156,-586,78,discharging,None,None
18:33:51.351,staggered,8.4,384.0,150.8,48.3,1101.9,65.0,2400,0.0,0.0,16120,-551,78,discharging,None,None
18:33:51.857,staggered,8.4,384.0,151.9,29.1,1101.7,63.4,2400,0.0,0.0,16125,-583,78,discharging,None,None
18:33:52.361,staggered,8.4,364.4,151.9,64.0,1101.4,63.9,2400,0.0,0.0,16137,-542,78,discharging,None,None
18:33:52.864,staggered,8.4,364.4,150.6,32.2,1101.4,62.8,2400,0.0,0.0,16152,-546,78,discharging,None,None
18:33:53.368,staggered,8.4,362.0,150.6,75.0,1101.4,66.1,2400,0.0,0.0,16158,-577,78,discharging,None,None
18:33:53.871,staggered,8.4,362.0,150.6,0.0,1101.4,62.2,2400,0.0,0.0,16158,-553,78,discharging,None,None
18:33:54.379,staggered,8.4,362.0,147.4,78.6,1101.4,66.1,2400,0.0,0.0,16126,-534,78,discharging,None,None
18:33:54.882,staggered,8.4,376.2,147.4,28.9,1101.4,62.2,2400,0.0,0.0,16150,-604,78,discharging,None,None
18:33:55.395,staggered,8.4,376.2,147.4,16.9,1101.4,63.9,2400,0.0,0.0,16165,-500,78,discharging,None,None
18:33:55.899,staggered,8.4,376.2,460.4,100.0,1101.4,66.7,2400,0.0,0.0,16116,-570,78,discharging,None,None
18:33:56.403,staggered,8.4,666.8,460.4,16.8,1105.6,62.2,2400,0.0,0.0,16151,-640,78,discharging,None,None
18:33:56.911,staggered,8.4,666.8,460.4,27.4,1109.4,63.9,2400,0.0,0.0,16162,-490,78,discharging,None,None
18:33:57.415,staggered,8.4,666.8,460.4,100.0,1109.4,66.7,2400,0.0,0.0,16113,-612,78,discharging,None,None
18:33:57.919,staggered,8.4,663.4,466.6,12.9,1107.8,61.7,2400,0.0,0.0,16149,-669,78,discharging,None,None
18:33:58.427,staggered,8.4,663.4,466.6,37.6,1111.7,65.5,2400,0.0,0.0,16161,-505,78,discharging,None,None
18:33:58.930,staggered,8.4,375.7,147.4,71.4,1112.1,62.8,2400,0.0,0.0,16127,-610,78,discharging,None,None
18:33:59.439,staggered,8.4,375.7,147.4,5.0,1112.1,62.2,2400,0.0,0.0,16161,-588,78,discharging,None,None
18:33:59.942,staggered,18.1,399.4,147.4,77.0,1111.4,63.4,2400,0.0,0.0,16119,-559,78,discharging,None,None
18:34:00.446,staggered,18.1,399.4,163.2,36.2,1111.4,62.8,2400,0.0,0.0,16129,-621,78,discharging,None,None
18:34:00.955,staggered,18.1,399.4,163.2,67.8,1111.4,66.1,1900,0.0,0.0,16140,-549,78,discharging,None,None
18:34:01.459,staggered,8.3,407.2,163.2,35.0,1109.7,65.0,2400,0.0,0.0,16154,-553,78,discharging,None,None
18:34:01.963,staggered,8.3,407.2,167.0,49.0,1109.7,65.5,2400,0.0,0.0,16158,-543,78,discharging,None,None
18:34:02.467,staggered,8.3,402.9,167.0,55.0,1108.5,62.8,2400,0.0,0.0,16114,-623,78,discharging,None,None
18:34:02.971,staggered,8.3,402.9,159.9,36.8,1107.7,63.9,2400,0.0,0.0,16159,-591,78,discharging,None,None
18:34:03.474,staggered,8.3,392.6,159.9,81.7,1107.7,64.5,2400,0.0,0.0,16117,-584,78,discharging,None,None
18:34:03.978,staggered,8.3,392.6,159.9,2.5,1106.5,61.7,2400,0.0,0.0,16152,-590,78,discharging,None,None
18:34:04.487,staggered,8.3,392.6,211.6,76.1,1106.5,66.1,2400,0.0,0.0,16126,-529,78,discharging,None,None
18:34:04.990,staggered,8.3,479.2,211.6,46.8,1105.2,62.8,2400,0.0,0.0,16114,-629,78,discharging,None,None
18:34:05.494,staggered,8.3,479.2,211.6,2.5,1105.2,62.2,2400,0.0,0.0,16158,-550,78,discharging,None,None
18:34:06.007,staggered,8.3,479.2,211.6,99.0,1105.2,67.2,2400,0.0,0.0,16127,-532,78,discharging,None,None
18:34:06.510,staggered,8.3,752.3,529.4,51.2,1104.6,63.4,2400,0.0,0.0,16110,-681,78,discharging,None,None
18:34:07.014,staggered,8.3,752.3,529.4,2.5,1104.8,62.2,2400,0.0,0.0,16161,-562,78,discharging,None,None
18:34:07.523,staggered,8.4,752.3,529.4,92.6,1104.8,65.5,2400,0.0,0.0,16130,-510,78,discharging,None,None
18:34:08.027,staggered,8.4,743.1,343.9,70.9,1104.8,63.9,2400,0.0,0.0,16114,-677,78,discharging,None,None
18:34:08.530,staggered,8.4,743.1,343.9,3.0,1104.8,61.7,2400,0.0,0.0,16161,-586,78,discharging,None,None
18:34:09.034,staggered,6.7,395.8,343.9,82.1,1103.8,65.5,2400,0.0,0.0,16129,-514,78,discharging,None,None
18:34:09.537,staggered,6.7,395.8,159.0,36.6,1104.1,62.8,2400,0.0,0.0,16123,-619,78,discharging,None,None
18:34:10.046,staggered,8.3,395.8,159.0,51.2,1103.6,66.7,2400,0.0,0.0,16160,-548,78,discharging,None,None
18:34:10.555,staggered,8.3,403.4,159.0,58.9,1103.6,66.7,2400,0.0,0.0,16131,-563,78,discharging,None,None
18:34:11.060,staggered,8.3,403.4,162.4,22.8,1103.1,62.8,2400,0.0,0.0,16154,-597,78,discharging,None,None
18:34:11.563,staggered,8.3,403.4,162.4,71.3,1103.1,63.9,2400,0.0,0.0,16119,-606,78,discharging,None,None
18:34:12.067,staggered,8.3,403.4,171.5,37.8,1102.7,63.4,2400,0.0,0.0,16158,-590,78,discharging,None,None
18:34:12.576,staggered,8.3,403.4,171.5,74.3,1102.7,67.2,2400,0.0,0.0,16136,-551,78,discharging,None,None
18:34:13.079,staggered,8.3,399.4,171.5,10.3,1102.4,62.2,2400,0.0,0.0,16150,-592,78,discharging,None,None
18:34:13.587,staggered,8.3,399.4,162.8,72.3,1102.4,67.2,2400,0.0,0.0,16124,-557,78,discharging,None,None
18:34:14.090,staggered,8.3,398.8,162.8,46.8,1102.0,63.4,2400,0.0,0.0,16109,-626,78,discharging,None,None
18:34:14.602,staggered,8.3,398.8,162.8,16.9,1102.0,65.0,2400,0.0,0.0,16157,-577,78,discharging,None,None
18:34:15.106,staggered,8.3,398.8,298.7,99.5,1101.9,68.3,2400,0.0,0.0,16121,-559,78,discharging,None,None
18:34:15.610,staggered,8.3,547.5,298.7,14.4,1102.0,63.4,2400,0.0,0.0,16147,-659,78,discharging,None,None
18:34:16.122,staggered,8.4,547.5,298.7,34.3,1102.2,63.9,1900,0.0,0.0,16161,-528,78,discharging,None,None
18:34:16.626,staggered,8.4,547.5,501.0,100.0,1102.2,67.2,2400,0.0,0.0,16119,-561,78,discharging,None,None
18:34:17.130,staggered,8.3,743.7,501.0,19.7,1102.4,62.8,2400,0.0,0.0,16137,-663,78,discharging,None,None
18:34:17.639,staggered,8.3,743.7,501.0,29.4,1102.4,65.5,2400,0.0,0.0,16162,-520,78,discharging,None,None
18:34:18.147,staggered,8.3,743.7,501.0,100.0,1102.4,67.2,2400,0.0,0.0,16120,-562,78,discharging,None,None
18:34:18.650,staggered,8.3,664.1,442.7,12.8,1101.0,62.8,2400,0.0,0.0,16146,-658,78,discharging,None,None
18:34:19.159,staggered,8.3,664.1,442.7,39.6,1100.8,66.1,2400,0.0,0.0,16161,-508,78,discharging,None,None
18:34:19.663,staggered,8.3,398.7,442.7,73.8,1100.8,66.1,2400,0.0,0.0,16113,-567,78,discharging,None,None
18:34:20.169,staggered,8.3,398.7,355.4,18.9,1111.6,61.7,2400,0.0,0.0,16141,-637,78,discharging,None,None
18:34:20.673,staggered,7.9,403.8,355.4,81.4,1111.6,64.5,2400,0.0,0.0,16123,-581,78,discharging,None,None
18:34:21.177,staggered,7.9,403.8,158.6,36.6,1111.6,63.9,2400,0.0,0.0,16150,-569,78,discharging,None,None
18:34:21.683,staggered,7.9,403.8,158.6,64.4,1111.6,67.2,2400,0.0,0.0,16152,-549,78,discharging,None,None
18:34:22.187,staggered,8.3,399.6,158.6,20.4,1110.0,62.8,2400,0.0,0.0,16129,-617,78,discharging,None,None
18:34:22.695,staggered,8.3,399.6,172.2,62.4,1110.4,66.1,2400,0.0,0.0,16147,-595,78,discharging,None,None
18:34:23.199,staggered,8.3,397.8,172.2,57.4,1110.4,63.4,2400,0.0,0.0,16117,-618,78,discharging,None,None
18:34:23.707,staggered,8.3,397.8,172.2,11.4,1110.4,63.4,2400,0.0,0.0,16155,-579,78,discharging,None,None
18:34:24.211,staggered,8.3,397.8,235.8,99.0,1109.1,67.8,2400,0.0,0.0,16121,-542,78,discharging,None,None
18:34:24.715,staggered,8.2,489.3,235.8,14.9,1106.0,62.8,2400,0.0,0.0,16133,-648,78,discharging,None,None
18:34:25.226,staggered,8.2,489.3,235.8,33.7,1104.7,65.0,2400,0.0,0.0,16158,-546,78,discharging,None,None
18:34:25.731,staggered,8.3,489.3,461.2,100.0,1104.7,66.7,2400,0.0,0.0,16121,-559,78,discharging,None,None
18:34:26.235,staggered,8.3,694.1,461.2,8.9,1104.6,62.2,1900,0.0,0.0,16140,-657,78,discharging,None,None
18:34:26.743,staggered,8.4,694.1,461.2,39.6,1104.6,66.1,2400,0.0,0.0,16164,-510,78,discharging,None,None
18:34:27.253,staggered,8.4,694.1,475.4,100.0,1104.6,66.7,2400,0.0,0.0,16123,-542,78,discharging,None,None
18:34:27.758,staggered,8.4,715.6,475.4,8.8,1103.7,62.2,2400,0.0,0.0,16155,-612,78,discharging,None,None
18:34:28.267,staggered,8.4,715.6,475.4,40.3,1103.7,66.7,2400,0.0,0.0,16149,-485,78,discharging,None,None
18:34:28.770,staggered,8.4,479.4,233.4,83.3,1104.4,63.9,2400,0.0,0.0,16115,-629,78,discharging,None,None
18:34:29.274,staggered,8.3,479.4,233.4,2.5,1104.4,63.4,2400,0.0,0.0,16159,-574,78,discharging,None,None
18:34:29.778,staggered,8.3,399.6,233.4,82.7,1104.4,66.1,2400,0.0,0.0,16119,-557,78,discharging,None,None
18:34:30.281,staggered,8.3,399.6,167.3,37.1,1110.2,63.4,2400,0.0,0.0,16145,-606,78,discharging,None,None
18:34:30.788,staggered,8.3,399.6,167.3,48.8,1110.2,67.2,2400,0.0,0.0,16159,-577,78,discharging,None,None
18:34:31.292,staggered,8.3,399.4,167.3,47.0,1111.2,65.0,2400,0.0,0.0,16114,-580,78,discharging,None,None
18:34:31.803,staggered,8.3,399.4,163.3,43.1,1111.2,63.9,2400,0.0,0.0,16378,-567,78,discharging,None,None
18:34:32.307,staggered,8.3,407.0,163.3,73.0,1111.0,63.4,2400,0.0,0.0,16111,-629,78,discharging,None,None
18:34:32.810,staggered,7.9,407.0,157.7,36.0,1108.8,64.5,2400,0.0,0.0,16149,-616,78,discharging,None,None
18:34:33.319,staggered,7.9,407.0,157.7,72.8,1107.1,67.8,2400,0.0,0.0,15900,-588,78,discharging,None,None
18:34:33.822,staggered,7.9,399.5,157.7,12.8,1107.1,62.8,2400,0.0,0.0,16149,-579,78,discharging,None,None
18:34:34.331,staggered,8.4,399.5,160.8,68.7,1107.1,66.1,2400,0.0,0.0,15900,-565,78,discharging,None,None
18:34:34.834,staggered,8.4,402.8,160.8,50.0,1106.9,62.8,2400,0.0,0.0,16134,-640,78,discharging,None,None
18:34:35.344,staggered,8.3,402.8,160.8,5.5,1106.9,62.8,2400,0.0,0.0,16158,-544,78,discharging,None,None
18:34:35.848,staggered,8.3,402.8,439.5,100.0,1106.9,67.2,2400,0.0,0.0,16114,-589,78,discharging,None,None
18:34:36.352,staggered,8.3,641.4,439.5,36.3,1104.5,62.8,2400,0.0,0.0,16143,-678,78,discharging,None,None
18:34:36.860,staggered,8.3,641.4,439.5,12.8,1104.5,62.2,1700,0.0,0.0,16160,-514,78,discharging,None,None
18:34:37.367,staggered,8.3,641.4,439.5,100.0,1104.5,67.2,2400,0.0,0.0,16118,-572,78,discharging,None,None
18:34:37.871,staggered,8.2,783.9,509.0,48.8,1104.4,63.4,2400,0.0,0.0,16130,-688,78,discharging,None,None
18:34:38.375,staggered,8.2,783.9,509.0,3.0,1104.4,61.7,2400,0.0,0.0,16159,-541,78,discharging,None,None
18:34:38.886,staggered,8.3,783.9,509.0,96.6,1104.4,66.7,2400,0.0,0.0,16119,-565,78,discharging,None,None
18:34:39.390,staggered,8.3,627.5,421.8,46.8,1102.3,62.8,2400,0.0,0.0,16133,-665,78,discharging,None,None
18:34:39.899,staggered,8.3,627.5,421.8,17.7,1102.1,63.9,2400,0.0,0.0,16161,-522,78,discharging,None,None
18:34:40.404,staggered,8.3,399.4,421.8,87.7,1102.1,66.1,2400,0.0,0.0,16113,-565,78,discharging,None,None
18:34:40.907,staggered,8.3,399.4,157.8,15.4,1101.9,61.7,2400,0.0,0.0,16150,-621,78,discharging,None,None
18:34:41.414,staggered,8.3,399.1,157.8,78.7,1101.9,66.7,2400,0.0,0.0,16123,-577,78,discharging,None,None
18:34:41.918,staggered,8.3,399.1,157.8,39.3,1100.8,64.5,2400,0.0,0.0,16139,-618,78,discharging,None,None
18:34:42.423,staggered,8.3,399.1,157.8,41.8,1100.8,66.1,2400,0.0,0.0,16159,-549,78,discharging,None,None
18:34:42.926,staggered,8.3,399.5,157.8,43.8,1100.8,62.8,2400,0.0,0.0,16134,-567,78,discharging,None,None
18:34:43.436,staggered,8.3,399.5,171.2,40.8,1100.8,62.2,2400,0.0,0.0,16123,-591,78,discharging,None,None
18:34:43.950,staggered,8.3,399.5,171.2,99.5,1100.8,67.2,2400,0.0,0.0,16118,-609,78,discharging,None,None
18:34:44.454,staggered,8.3,544.5,171.2,23.9,1100.8,65.0,2400,0.0,0.0,16148,-601,78,discharging,None,None
18:34:44.959,staggered,7.2,544.5,171.0,62.5,1100.8,67.2,2400,0.0,0.0,16155,-552,78,discharging,None,None
18:34:45.462,staggered,7.2,410.9,171.0,47.0,1101.6,63.4,2400,0.0,0.0,16122,-627,78,discharging,None,None
18:34:45.966,staggered,7.2,410.9,158.4,36.0,1101.8,65.0,2400,0.0,0.0,16159,-572,78,discharging,None,None
18:34:46.469,staggered,8.3,406.8,158.4,84.0,1101.8,64.5,2400,0.0,0.0,16114,-609,78,discharging,None,None
18:34:46.973,staggered,8.3,406.8,158.4,1.5,1101.8,62.2,1900,0.0,0.0,16157,-596,78,discharging,None,None
18:34:47.486,staggered,8.3,406.8,158.4,71.6,1101.8,65.0,2400,0.0,0.0,16148,-477,78,discharging,None,None
18:34:47.990,staggered,8.3,666.6,504.5,77.7,1101.5,63.9,2400,0.0,0.0,16112,-639,78,discharging,None,None
18:34:48.494,staggered,8.3,666.6,504.5,1.5,1101.5,62.8,2400,0.0,0.0,16157,-598,78,discharging,None,None
18:34:49.006,staggered,8.4,666.6,504.5,68.5,1101.8,66.1,2400,0.0,0.0,16140,-487,78,discharging,None,None
18:34:49.509,staggered,8.4,733.1,621.2,91.1,1101.8,65.0,2400,0.0,0.0,16112,-652,78,discharging,None,None
18:34:50.013,staggered,8.3,733.1,621.2,1.5,1101.8,62.2,2400,0.0,0.0,16151,-616,78,discharging,None,None
18:34:50.520,staggered,8.3,733.1,621.2,65.8,1101.8,67.2,2400,0.0,0.0,16145,-507,78,discharging,None,None
18:34:51.024,staggered,8.3,389.7,169.0,51.7,1101.3,63.4,2400,0.0,0.0,16120,-620,78,discharging,None,None
18:34:51.532,staggered,8.3,389.7,169.0,31.5,1101.3,65.0,2400,0.0,0.0,16158,-558,78,discharging,None,None
18:34:52.038,staggered,8.3,404.8,169.0,58.0,1101.3,63.4,2400,0.0,0.0,16112,-563,78,discharging,None,None
18:34:52.541,staggered,8.3,404.8,159.3,32.0,1101.5,61.7,2400,0.0,0.0,16141,-623,78,discharging,None,None
18:34:53.045,staggered,8.3,399.1,159.3,81.8,1101.5,63.9,2400,0.0,0.0,16123,-580,78,discharging,None,None
18:34:53.551,staggered,8.4,399.1,159.5,35.0,1101.5,66.1,2400,0.0,0.0,16152,-565,78,discharging,None,None
18:34:54.060,staggered,8.4,399.1,159.5,55.2,1101.5,67.8,2400,0.0,0.0,16151,-547,78,discharging,None,None
18:34:54.563,staggered,8.3,399.0,159.5,29.5,1101.5,62.8,2400,0.0,0.0,16133,-617,78,discharging,None,None
18:34:55.075,staggered,8.3,399.0,167.3,52.2,1101.3,65.0,2400,0.0,0.0,16149,-583,78,discharging,None,None
18:34:55.578,staggered,8.3,398.3,167.3,65.8,1101.3,63.9,2400,0.0,0.0,16114,-619,78,discharging,None,None
18:34:56.082,staggered,8.3,398.3,167.3,10.5,1101.3,61.7,2400,0.0,0.0,16153,-578,78,discharging,None,None
18:34:56.591,staggered,8.3,398.3,375.5,96.0,1101.3,67.8,2400,0.0,0.0,16123,-528,78,discharging,None,None
18:34:57.095,staggered,7.9,578.1,375.5,39.4,1100.9,64.5,2400,0.0,0.0,16113,-656,78,discharging,None,None
18:34:57.604,staggered,7.9,578.1,375.5,8.0,1100.9,63.4,2400,0.0,0.0,16156,-562,78,discharging,None,None
18:34:58.115,staggered,7.9,578.1,375.5,100.0,1100.9,66.7,2400,0.0,0.0,16122,-550,78,discharging,None,None
18:34:58.618,staggered,8.2,710.5,472.0,36.3,1100.9,62.8,2400,0.0,0.0,16111,-682,78,discharging,None,None
18:34:59.127,staggered,8.2,710.5,472.0,10.1,1100.9,63.9,2400,0.0,0.0,16157,-563,78,discharging,None,None
18:34:59.637,staggered,8.4,710.5,472.0,100.0,1100.9,66.7,2400,0.0,0.0,16118,-552,78,discharging,None,None
18:35:00.147,staggered,8.4,631.2,409.3,30.2,1101.1,62.8,2400,0.0,0.0,16123,-676,78,discharging,None,None
18:35:00.655,staggered,8.3,631.2,409.3,29.6,1101.5,64.5,2400,0.0,0.0,16157,-554,78,discharging,None,None
18:35:01.158,staggered,8.3,402.8,164.7,88.2,1101.5,66.7,2400,0.0,0.0,16116,-579,78,discharging,None,None
18:35:01.662,staggered,8.3,402.8,164.7,2.0,1101.5,62.2,2400,0.0,0.0,16150,-640,78,discharging,None,None
18:35:02.166,staggered,8.3,395.0,164.7,82.2,1101.3,64.5,2400,0.0,0.0,16128,-573,78,discharging,None,None
18:35:02.669,staggered,8.3,395.0,183.3,39.2,1101.3,63.4,2400,0.0,0.0,16148,-599,78,discharging,None,None
18:35:03.176,staggered,8.3,395.0,183.3,54.2,1101.3,65.5,2400,0.0,0.0,16153,-554,78,discharging,None,None
18:35:03.679,staggered,8.3,395.6,183.3,29.1,1101.3,62.8,2400,0.0,0.0,16116,-594,78,discharging,None,None
18:35:04.187,staggered,8.3,395.6,163.1,52.0,1101.3,64.5,2400,0.0,0.0,16123,-608,78,discharging,None,None
18:35:04.690,staggered,8.3,399.0,163.1,65.7,1101.3,63.4,2400,0.0,0.0,16117,-603,78,discharging,None,None
18:35:05.199,staggered,8.3,399.0,163.1,24.1,1100.9,66.1,2400,0.0,0.0,16155,-562,78,discharging,None,None
18:35:05.702,staggered,8.3,403.7,159.3,89.7,1100.9,67.2,2400,0.0,0.0,16137,-544,78,discharging,None,None
18:35:06.206,staggered,8.3,403.7,159.3,5.5,1100.9,61.7,2400,0.0,0.0,16148,-622,78,discharging,None,None
18:35:06.719,staggered,8.3,403.7,159.3,55.2,1101.3,65.5,2400,0.0,0.0,16160,-519,78,discharging,None,None
18:35:07.222,staggered,8.3,593.5,399.4,80.3,1101.3,63.9,2400,0.0,0.0,16111,-600,78,discharging,None,None
18:35:07.726,staggered,8.3,593.5,399.4,2.5,1101.3,61.7,1500,0.0,0.0,16146,-656,78,discharging,None,None
18:35:08.238,staggered,8.4,593.5,399.4,58.2,1101.3,65.5,2400,0.0,0.0,16161,-480,78,discharging,None,None
18:35:08.742,staggered,8.4,751.6,510.1,99.0,1101.3,66.1,2400,0.0,0.0,16114,-582,78,discharging,None,None
18:35:09.246,staggered,7.9,751.6,510.1,3.0,1101.1,61.7,2400,0.0,0.0,16147,-675,78,discharging,None,None
18:35:09.752,staggered,7.9,751.6,510.1,43.8,1101.1,66.7,2400,0.0,0.0,16160,-507,78,discharging,None,None
18:35:10.255,staggered,8.3,699.1,472.0,99.0,1101.1,67.2,2400,0.0,0.0,16118,-574,78,discharging,None,None
18:35:10.759,staggered,8.3,699.1,472.0,4.0,1101.3,61.7,2400,0.0,0.0,16141,-670,78,discharging,None,None
18:35:11.267,staggered,8.3,699.1,472.0,47.0,1101.3,66.1,2400,0.0,0.0,16160,-508,78,discharging,None,None
18:35:11.770,staggered,8.3,403.4,187.1,72.5,1101.3,63.9,2400,0.0,0.0,16112,-580,78,discharging,None,None
18:35:12.280,staggered,8.3,403.4,187.1,10.4,1101.1,62.8,2400,0.0,0.0,16149,-625,78,discharging,None,None
18:35:12.783,staggered,8.4,399.4,187.1,74.5,1100.9,63.4,2400,0.0,0.0,16125,-554,78,discharging,None,None
18:35:13.287,staggered,8.4,399.4,161.5,36.3,1101.1,62.8,2400,0.0,0.0,16128,-622,78,discharging,None,None
18:35:13.795,staggered,8.4,399.4,161.5,71.0,1101.1,67.8,2400,0.0,0.0,16159,-549,78,discharging,None,None
18:35:14.299,staggered,8.3,399.2,161.5,37.4,1101.1,65.5,2400,0.0,0.0,16125,-563,78,discharging,None,None
18:35:14.803,staggered,8.3,399.2,168.0,46.0,1101.1,66.7,2400,0.0,0.0,16133,-600,78,discharging,None,None
18:35:15.306,staggered,8.3,399.5,168.0,50.7,1100.9,63.4,2400,0.0,0.0,16116,-615,78,discharging,None,None
18:35:15.810,staggered,8.3,399.5,172.0,37.3,1101.7,62.8,2400,0.0,0.0,16155,-563,78,discharging,None,None
18:35:16.313,staggered,8.3,397.4,172.0,82.7,1102.0,64.5,2400,0.0,0.0,16135,-550,78,discharging,None,None
18:35:16.817,staggered,8.3,397.4,172.0,2.0,1102.0,62.2,2400,0.0,0.0,16148,-624,78,discharging,None,None
18:35:17.324,staggered,8.3,397.4,223.3,80.6,1102.0,67.8,2400,0.0,0.0,16160,-536,78,discharging,None,None
18:35:17.827,staggered,8.3,493.2,223.3,44.8,1101.6,62.2,2400,0.0,0.0,16109,-631,78,discharging,None,None
18:35:18.335,staggered,8.3,493.2,223.3,4.0,1101.6,61.1,1600,0.0,0.0,16157,-495,78,discharging,None,None
18:35:18.843,staggered,8.3,493.2,495.0,100.0,1101.6,67.8,2400,0.0,0.0,16120,-548,78,discharging,None,None
18:35:19.347,staggered,8.3,719.4,495.0,43.5,1101.6,62.2,2400,0.0,0.0,16146,-658,78,discharging,None,None
18:35:19.853,staggered,8.3,719.4,495.0,3.5,1101.3,62.8,2400,0.0,0.0,16161,-508,78,discharging,None,None
18:35:20.359,staggered,8.4,719.4,495.0,100.0,1101.3,66.7,2400,0.0,0.0,16117,-558,78,discharging,None,None
18:35:20.863,staggered,8.4,904.0,415.6,80.7,1101.3,64.5,2400,0.0,0.0,16112,-713,78,discharging,None,None
18:35:21.366,staggered,7.0,904.0,415.6,2.5,1101.6,61.7,2400,0.0,0.0,16157,-569,78,discharging,None,None
18:35:21.877,staggered,7.0,904.0,415.6,63.3,1101.6,66.1,2400,0.0,0.0,16127,-506,78,discharging,None,None
18:35:22.381,staggered,7.0,579.2,371.0,74.6,1101.6,63.4,2400,0.0,0.0,16110,-656,78,discharging,None,None
18:35:22.884,staggered,8.3,579.2,371.0,2.5,1101.6,62.2,2400,0.0,0.0,16157,-565,78,discharging,None,None
18:35:23.388,staggered,8.3,399.3,371.0,82.7,1101.6,65.0,2400,0.0,0.0,16118,-555,78,discharging,None,None
18:35:23.891,staggered,8.3,399.3,172.0,37.0,1101.3,61.7,2400,0.0,0.0,16146,-624,78,discharging,None,None
18:35:24.399,staggered,8.3,399.3,172.0,53.5,1101.3,66.7,2400,0.0,0.0,16142,-548,78,discharging,None,None
18:35:24.904,staggered,8.3,399.2,172.0,51.0,1103.2,65.5,2400,0.0,0.0,16149,-571,78,discharging,None,None
18:35:25.415,staggered,8.3,399.2,158.8,32.5,1103.0,64.5,2400,0.0,0.0,16151,-556,78,discharging,None,None
18:35:25.919,staggered,8.3,396.4,158.8,66.3,1103.4,63.4,2400,0.0,0.0,16111,-613,78,discharging,None,None
18:35:26.422,staggered,8.4,396.4,160.1,36.1,1103.4,63.4,2400,0.0,0.0,16140,-620,78,discharging,None,None
18:35:26.927,staggered,8.4,399.7,160.1,79.6,1103.0,66.7,2400,0.0,0.0,16121,-585,78,discharging,None,None
18:35:27.431,staggered,8.3,399.7,160.1,5.5,1103.9,61.1,2400,0.0,0.0,16150,-565,78,discharging,None,None
18:35:27.939,staggered,8.3,399.7,168.4,76.8,1103.9,66.7,2400,0.0,0.0,16132,-551,78,discharging,None,None
18:35:28.443,staggered,8.3,400.6,168.4,43.3,1103.7,62.2,1900,0.0,0.0,16139,-624,78,discharging,None,None
18:35:28.950,staggered,8.3,400.6,168.4,13.4,1103.5,62.2,1600,0.0,0.0,16165,-505,78,discharging,None,None
18:35:29.459,staggered,8.3,400.6,445.9,100.0,1103.5,66.7,2400,0.0,0.0,16119,-541,78,discharging,None,None
18:35:29.962,staggered,8.3,636.1,445.9,27.2,1102.8,62.8,2400,0.0,0.0,16147,-645,78,discharging,None,None
18:35:30.471,staggered,8.3,636.1,445.9,21.4,1102.8,64.5,2400,0.0,0.0,16161,-497,78,discharging,None,None
18:35:30.979,staggered,8.3,636.1,445.9,100.0,1102.8,66.7,2400,0.0,0.0,16115,-586,78,discharging,None,None
18:35:31.482,staggered,8.3,739.6,499.9,31.4,1102.5,62.2,2400,0.0,0.0,16148,-676,78,discharging,None,None
18:35:31.992,staggered,8.3,739.6,499.9,19.5,1102.3,63.9,2400,0.0,0.0,16161,-504,78,discharging,None,None
18:35:32.502,staggered,8.4,587.7,499.9,93.0,1102.3,64.5,2400,0.0,0.0,16120,-575,78,discharging,None,None
18:35:33.006,staggered,8.4,587.7,165.5,36.5,1102.3,62.2,2400,0.0,0.0,16144,-659,78,discharging,None,None
18:35:33.515,staggered,8.4,587.7,165.5,43.3,1102.3,66.1,2400,0.0,0.0,16161,-523,78,discharging,None,None
18:35:34.019,staggered,6.9,407.2,155.5,72.1,1102.2,66.1,2400,0.0,0.0,16134,-570,78,discharging,None,None
18:35:34.524,staggered,6.9,407.2,155.5,8.9,1102.2,62.8,2400,0.0,0.0,16148,-595,78,discharging,None,None
18:35:35.028,staggered,8.3,408.1,155.5,80.7,1101.8,63.4,2400,0.0,0.0,16117,-605,78,discharging,None,None
18:35:35.532,staggered,8.3,408.1,171.7,38.1,1101.8,63.4,2400,0.0,0.0,16140,-624,78,discharging,None,None
18:35:36.040,staggered,8.3,408.1,171.7,65.2,1101.8,67.2,2400,0.0,0.0,16140,-549,78,discharging,None,None
18:35:36.543,staggered,8.3,406.5,171.7,19.9,1101.6,61.7,2400,0.0,0.0,16148,-564,78,discharging,None,None
18:35:37.051,staggered,8.3,406.5,156.6,61.4,1101.6,66.1,2400,0.0,0.0,16135,-557,78,discharging,None,None
18:35:37.554,staggered,8.3,402.7,156.6,57.4,1101.6,63.4,2400,0.0,0.0,16111,-620,78,discharging,None,None
18:35:38.063,staggered,8.3,402.7,156.6,23.9,1101.6,65.0,2400,0.0,0.0,16158,-562,78,discharging,None,None
18:35:38.566,staggered,8.3,405.2,159.5,94.6,1101.6,65.5,2400,0.0,0.0,16117,-573,78,discharging,None,None
18:35:39.070,staggered,8.3,405.2,159.5,2.0,1101.3,61.7,1900,0.0,0.0,16149,-622,78,discharging,None,None
18:35:39.583,staggered,8.3,405.2,159.5,55.2,1101.3,65.0,2400,0.0,0.0,16166,-470,78,discharging,None,None
18:35:40.086,staggered,8.3,622.6,405.9,77.9,1101.3,63.4,2400,0.0,0.0,16114,-602,78,discharging,None,None
18:35:40.590,staggered,8.3,622.6,405.9,2.5,1101.3,61.7,2400,0.0,0.0,16154,-610,78,discharging,None,None
18:35:41.103,staggered,8.4,622.6,405.9,66.0,1101.3,66.1,2400,0.0,0.0,16149,-481,78,discharging,None,None
18:35:41.606,staggered,8.4,757.4,613.0,89.1,1101.3,65.0,2400,0.0,0.0,16113,-640,78,discharging,None,None
18:35:42.110,staggered,8.4,757.4,613.0,2.5,1101.1,62.2,2400,0.0,0.0,16151,-626,78,discharging,None,None
18:35:42.619,staggered,8.4,757.4,613.0,60.0,1101.1,66.7,2400,0.0,0.0,16159,-490,78,discharging,None,None
18:35:43.122,staggered,8.4,403.0,162.0,57.8,1101.3,62.8,2400,0.0,0.0,16116,-621,78,discharging,None,None
18:35:43.631,staggered,8.3,403.0,162.0,22.9,1101.3,64.5,2400,0.0,0.0,16158,-582,78,discharging,None,None
18:35:44.136,staggered,8.3,407.5,162.0,71.1,1101.8,65.0,2400,0.0,0.0,16115,-562,78,discharging,None,None
18:35:44.639,staggered,8.3,407.5,156.2,35.0,1101.8,62.8,2400,0.0,0.0,16139,-626,78,discharging,None,None
18:35:45.146,staggered,8.3,399.4,156.2,82.2,1101.8,66.7,2400,0.0,0.0,16127,-562,78,discharging,None,None
18:35:45.650,staggered,7.9,399.4,159.5,36.6,1101.5,64.5,2400,0.0,0.0,16147,-571,78,discharging,None,None
18:35:46.159,staggered,7.9,399.4,159.5,46.5,1101.1,66.7,2400,0.0,0.0,16152,-553,78,discharging,None,None
18:35:46.662,staggered,7.9,400.0,159.5,38.6,1101.3,62.8,2400,0.0,0.0,16113,-619,78,discharging,None,None
18:35:47.172,staggered,8.2,400.0,174.9,45.0,1101.3,63.4,2400,0.0,0.0,16147,-607,78,discharging,None,None
18:35:47.676,staggered,8.2,395.0,174.9,74.4,1101.3,63.4,2400,0.0,0.0,16115,-599,78,discharging,None,None
18:35:48.179,staggered,8.4,395.0,174.9,2.5,1101.3,61.7,2400,0.0,0.0,16153,-570,78,discharging,None,None
18:35:48.687,staggered,8.4,395.0,207.9,99.0,1101.3,67.2,2400,0.0,0.0,16122,-535,78,discharging,None,None
18:35:49.191,staggered,8.4,453.3,207.9,23.8,1100.8,62.2,2400,0.0,0.0,16132,-629,78,discharging,None,None
18:35:49.702,staggered,8.3,453.3,207.9,23.5,1101.0,62.8,1600,0.0,0.0,16158,-531,78,discharging,None,None
18:35:50.213,staggered,8.3,453.3,462.1,100.0,1101.0,66.7,2400,0.0,0.0,16125,-512,78,discharging,None,None
18:35:50.716,staggered,8.3,690.4,462.1,17.6,1101.0,62.2,2400,0.0,0.0,16136,-623,78,discharging,None,None
18:35:51.224,staggered,8.3,690.4,462.1,32.4,1101.0,65.0,2400,0.0,0.0,16160,-522,78,discharging,None,None
18:35:51.728,staggered,8.2,633.1,362.6,98.5,1101.0,66.1,2400,0.0,0.0,16120,-557,78,discharging,None,None
18:35:52.231,staggered,8.2,633.1,362.6,3.0,1100.8,62.8,2400,0.0,0.0,16148,-637,78,discharging,None,None
18:35:52.740,staggered,8.2,633.1,362.6,47.8,1101.2,65.5,2400,0.0,0.0,16162,-492,78,discharging,None,None
18:35:53.244,staggered,8.4,530.1,312.0,81.5,1101.3,63.9,2400,0.0,0.0,16115,-589,78,discharging,None,None
18:35:53.747,staggered,8.4,530.1,312.0,3.4,1101.3,62.2,2400,0.0,0.0,16149,-638,78,discharging,None,None
18:35:54.251,staggered,8.3,399.2,312.0,82.1,1101.3,66.7,2400,0.0,0.0,16147,-520,77,discharging,None,None
18:35:54.754,staggered,8.3,399.2,157.1,38.6,1101.3,62.8,2400,0.0,0.0,16131,-619,77,discharging,None,None
18:35:55.263,staggered,8.3,399.2,157.1,45.8,1101.3,65.5,2400,0.0,0.0,16160,-562,77,discharging,None,None
18:35:55.767,staggered,8.3,398.1,157.1,53.5,1101.3,65.0,2400,0.0,0.0,16111,-562,77,discharging,None,None
18:35:56.271,staggered,8.3,398.1,163.0,29.0,1101.3,63.4,2400,0.0,0.0,16132,-621,77,discharging,None,None
18:35:56.811,staggered,8.3,580.2,163.0,95.4,1101.0,65.0,2400,0.0,0.0,16120,-571,77,discharging,None,None
18:35:57.314,staggered,8.3,580.2,159.8,37.6,1102.6,62.8,2400,0.0,0.0,16147,-595,77,discharging,None,None
18:35:57.823,staggered,8.3,580.2,159.8,41.6,1103.6,66.1,2400,0.0,0.0,16149,-566,77,discharging,None,None
18:35:58.326,staggered,6.9,408.8,159.8,44.1,1103.4,62.8,2400,0.0,0.0,16113,-638,77,discharging,None,None
18:35:58.837,staggered,6.9,408.8,158.2,36.0,1103.4,62.2,2400,0.0,0.0,16155,-620,77,discharging,None,None
18:35:59.341,staggered,8.3,410.6,158.2,82.4,1103.4,63.9,2400,0.0,0.0,16131,-564,77,discharging,None,None
18:35:59.848,staggered,8.3,410.6,158.2,17.2,1107.4,64.5,2400,0.0,0.0,16145,-595,77,discharging,None,None
18:36:00.352,staggered,8.3,410.6,173.1,84.1,1106.2,67.2,2400,0.0,0.0,16122,-559,77,discharging,None,None
18:36:00.856,staggered,8.3,400.8,173.1,20.6,1106.6,62.2,2400,0.0,0.0,16108,-623,77,discharging,None,None
18:36:01.367,staggered,8.3,400.8,173.1,44.6,1106.6,65.5,2400,0.0,0.0,16156,-559,77,discharging,None,None
18:36:01.871,staggered,8.3,521.7,291.7,81.6,1105.5,63.9,2400,0.0,0.0,16121,-553,77,discharging,None,None
18:36:02.375,staggered,8.3,521.7,291.7,2.0,1105.5,62.2,2400,0.0,0.0,16147,-635,77,discharging,None,None
18:36:02.886,staggered,8.2,521.7,291.7,64.2,1105.5,65.0,2400,0.0,0.0,16159,-496,77,discharging,None,None
18:36:03.390,staggered,8.2,767.6,520.7,90.1,1104.1,65.0,2400,0.0,0.0,16115,-583,77,discharging,None,None
18:36:03.894,staggered,8.4,767.6,520.7,1.5,1103.9,62.2,2400,0.0,0.0,16138,-688,77,discharging,None,None
18:36:04.413,staggered,8.4,767.6,520.7,54.7,1103.9,66.1,2400,0.0,0.0,16157,-503,77,discharging,None,None
18:36:04.916,staggered,8.4,624.1,481.8,89.7,1103.3,64.5,2400,0.0,0.0,16109,-664,77,discharging,None,None
18:36:05.420,staggered,8.3,624.1,481.8,1.5,1103.3,62.2,2400,0.0,0.0,16137,-677,77,discharging,None,None
18:36:05.928,staggered,8.3,624.1,481.8,74.3,1103.1,66.7,2400,0.0,0.0,16124,-531,77,discharging,None,None
18:36:06.432,staggered,8.3,414.1,175.2,47.5,1102.5,62.8,2400,0.0,0.0,16109,-626,77,discharging,None,None
18:36:06.940,staggered,8.3,414.1,175.2,35.1,1102.5,65.5,2400,0.0,0.0,16158,-551,77,discharging,None,None
18:36:07.445,staggered,8.3,407.9,175.2,54.5,1102.5,63.9,2400,0.0,0.0,16121,-563,77,discharging,None,None
18:36:07.949,staggered,8.3,407.9,159.7,31.5,1103.6,62.2,2400,0.0,0.0,16153,-601,77,discharging,None,None
18:36:08.452,staggered,8.3,399.1,159.7,82.6,1103.6,64.5,2400,0.0,0.0,16156,-546,77,discharging,None,None
18:36:08.959,staggered,8.4,399.1,159.7,25.2,1103.9,65.0,2400,0.0,0.0,16154,-571,77,discharging,None,None
18:36:09.464,staggered,8.4,399.1,164.0,78.7,1103.6,67.2,2400,0.0,0.0,16129,-557,77,discharging,None,None
18:36:09.968,staggered,7.9,397.4,164.0,26.3,1103.4,63.4,2400,0.0,0.0,16148,-624,77,discharging,None,None
18:36:10.479,staggered,7.9,397.4,225.1,45.6,1103.4,65.0,2400,0.0,0.0,16159,-538,77,discharging,None,None
18:36:10.983,staggered,7.9,482.9,225.1,78.6,1102.7,63.9,2400,0.0,0.0,16109,-626,77,discharging,None,None
18:36:11.486,staggered,8.3,482.9,225.1,1.5,1102.7,62.8,2400,0.0,0.0,16156,-596,77,discharging,None,None
18:36:12.009,staggered,8.3,482.9,225.1,67.5,1103.2,66.1,2400,0.0,0.0,16137,-487,77,discharging,None,None
18:36:12.512,staggered,8.3,683.0,484.3,71.0,1103.0,63.9,2400,0.0,0.0,16112,-658,77,discharging,None,None
18:36:13.016,staggered,8.3,683.0,484.3,1.5,1103.7,61.7,2400,0.0,0.0,16156,-589,77,discharging,None,None
18:36:13.530,staggered,8.3,683.0,484.3,76.0,1103.7,66.7,2400,0.0,0.0,16128,-496,77,discharging,None,None
18:36:14.034,staggered,8.3,634.1,359.9,52.0,1102.7,63.4,2400,0.0,0.0,16110,-637,77,discharging,None,None
18:36:14.537,staggered,8.3,634.1,359.9,2.5,1102.7,62.2,2400,0.0,0.0,16158,-555,77,discharging,None,None
18:36:15.047,staggered,8.3,634.1,359.9,92.6,1102.7,66.7,2400,0.0,0.0,16132,-510,77,discharging,None,None
18:36:15.551,staggered,8.3,519.1,284.7,37.8,1102.5,62.8,2400,0.0,0.0,16123,-632,77,discharging,None,None
18:36:16.059,staggered,8.3,519.1,284.7,33.0,1102.0,65.5,2400,0.0,0.0,16158,-534,77,discharging,None,None
18:36:16.564,staggered,8.3,399.3,284.7,79.3,1102.0,66.7,2400,0.0,0.0,16110,-562,77,discharging,None,None
18:36:17.067,staggered,8.3,399.3,172.7,8.5,1102.2,61.1,2400,0.0,0.0,16148,-623,77,discharging,None,None
18:36:17.571,staggered,8.3,395.9,172.7,82.0,1102.2,63.9,2400,0.0,0.0,16120,-585,77,discharging,None,None
18:36:18.074,staggered,8.3,395.9,158.9,36.3,1103.2,62.8,2400,0.0,0.0,16149,-603,77,discharging,None,None
18:36:18.587,staggered,8.3,395.9,158.9,59.3,1103.4,66.7,2400,0.0,0.0,16156,-548,77,discharging,None,None
18:36:19.091,staggered,8.3,403.5,158.9,26.4,1103.6,61.7,2400,0.0,0.0,16137,-583,77,discharging,None,None
18:36:19.599,staggered,8.3,403.5,160.2,55.5,1103.6,65.0,2400,0.0,0.0,16120,-587,77,discharging,None,None
18:36:20.102,staggered,8.3,399.3,160.2,63.2,1103.4,63.9,2400,0.0,0.0,16112,-622,77,discharging,None,None
18:36:20.611,staggered,8.3,399.3,160.2,21.0,1103.4,65.0,2400,0.0,0.0,16157,-564,77,discharging,None,None
18:36:21.206,staggered,8.3,399.3,170.8,99.2,1103.4,66.7,2400,0.0,0.0,16113,-633,77,discharging,None,None
18:36:21.710,staggered,8.3,577.0,170.8,18.4,1102.9,62.8,2400,0.0,0.0,16148,-617,77,discharging,None,None
18:36:22.216,staggered,8.3,577.0,163.8,62.9,1102.5,66.1,2400,0.0,0.0,16123,-545,77,discharging,None,None
18:36:22.720,staggered,6.7,401.5,163.8,55.7,1106.2,63.9,2400,0.0,0.0,16129,-623,77,discharging,None,None
18:36:23.223,staggered,6.7,401.5,163.8,2.0,1106.4,61.7,2400,0.0,0.0,16158,-531,77,discharging,None,None
18:36:23.732,staggered,8.3,401.5,427.3,96.5,1106.4,66.1,2400,0.0,0.0,16117,-564,77,discharging,None,None
18:36:24.235,staggered,8.3,631.2,427.3,40.1,1105.8,62.8,2400,0.0,0.0,16145,-654,77,discharging,None,None
18:36:24.743,staggered,8.4,631.2,427.3,7.5,1105.8,63.4,2400,0.0,0.0,16159,-504,77,discharging,None,None
18:36:25.254,staggered,8.4,631.2,427.3,100.0,1105.5,67.2,2400,0.0,0.0,16112,-569,77,discharging,None,None
18:36:25.759,staggered,8.4,700.8,427.4,35.5,1105.2,62.8,2400,0.0,0.0,16147,-649,77,discharging,None,None
18:36:26.271,staggered,8.3,700.8,427.4,12.0,1104.8,63.9,2400,0.0,0.0,16160,-493,77,discharging,None,None
18:36:26.779,staggered,8.3,700.8,427.4,100.0,1104.8,67.2,2400,0.0,0.0,16115,-589,77,discharging,None,None
18:36:27.283,staggered,8.3,611.3,385.3,26.6,1104.0,63.4,2400,0.0,0.0,16147,-657,77,discharging,None,None
18:36:27.789,staggered,8.3,611.3,385.3,33.8,1104.0,66.1,2400,0.0,0.0,16159,-506,77,discharging,None,None
18:36:28.292,staggered,8.3,403.2,170.0,86.7,1104.5,66.1,2400,0.0,0.0,16127,-605,77,discharging,None,None
18:36:28.796,staggered,8.3,403.2,170.0,2.0,1104.5,61.7,2400,0.0,0.0,16153,-599,77,discharging,None,None
18:36:29.299,staggered,8.3,399.6,170.0,82.7,1105.4,65.0,2400,0.0,0.0,16117,-577,77,discharging,None,None
18:36:29.803,staggered,8.3,399.6,177.1,37.8,1105.4,63.4,2400,0.0,0.0,16118,-625,77,discharging,None,None
18:36:30.309,staggered,8.3,399.6,177.1,56.5,1105.2,67.2,2400,0.0,0.0,16134,-551,77,discharging,None,None
18:36:30.813,staggered,8.4,396.7,177.1,28.9,1105.0,62.8,2400,0.0,0.0,16146,-563,77,discharging,None,None
18:36:31.320,staggered,8.4,396.7,158.2,54.5,1103.6,65.0,2400,0.0,0.0,16154,-556,77,discharging,None,None
18:36:31.824,staggered,8.4,401.9,158.2,64.7,1103.2,62.8,2400,0.0,0.0,16109,-622,77,discharging,None,None
18:36:32.331,staggered,8.3,401.9,158.2,29.1,1103.2,66.1,2400,0.0,0.0,16156,-575,77,discharging,None,None
18:36:32.835,staggered,8.3,398.5,160.9,88.1,1103.2,67.2,2400,0.0,0.0,16114,-586,77,discharging,None,None
18:36:33.338,staggered,8.3,398.5,160.9,12.9,1103.2,62.8,2400,0.0,0.0,16147,-619,77,discharging,None,None
18:36:33.853,staggered,8.3,398.5,160.9,58.4,1104.1,66.1,2400,0.0,0.0,16140,-525,77,discharging,None,None
18:36:34.356,staggered,7.9,582.1,392.3,76.0,1103.6,63.9,2400,0.0,0.0,16107,-653,77,discharging,None,None
18:36:34.860,staggered,7.9,582.1,392.3,2.5,1103.1,62.2,2400,0.0,0.0,16156,-589,77,discharging,None,None
18:36:35.371,staggered,7.9,582.1,392.3,70.4,1103.1,66.1,2400,0.0,0.0,16126,-494,77,discharging,None,None
18:36:35.874,staggered,8.2,792.9,562.0,89.1,1102.6,65.0,2400,0.0,0.0,16109,-671,77,discharging,None,None
18:36:36.378,staggered,8.2,792.9,562.0,2.5,1102.6,62.2,2400,0.0,0.0,16151,-610,77,discharging,None,None
18:36:36.887,staggered,8.3,792.9,562.0,55.7,1102.6,66.7,2400,0.0,0.0,16147,-484,77,discharging,None,None
18:36:37.390,staggered,8.3,688.4,416.2,90.1,1102.6,65.0,2400,0.0,0.0,16110,-639,77,discharging,None,None
18:36:37.894,staggered,8.3,688.4,416.2,2.0,1102.2,62.2,2400,0.0,0.0,16151,-612,77,discharging,None,None
18:36:38.403,staggered,8.4,688.4,416.2,60.9,1102.2,65.5,2400,0.0,0.0,16141,-501,77,discharging,None,None
18:36:38.906,staggered,8.4,397.5,157.8,56.4,1101.9,62.8,2400,0.0,0.0,16109,-620,77,discharging,None,None
18:36:39.415,staggered,8.3,397.5,157.8,25.4,1101.9,65.0,2400,0.0,0.0,16156,-559,77,discharging,None,None
18:36:39.920,staggered,8.3,397.0,157.8,64.7,1101.9,65.0,2400,0.0,0.0,16110,-562,77,discharging,None,None
18:36:40.423,staggered,8.3,397.0,157.3,30.2,1101.9,62.8,2400,0.0,0.0,16150,-621,77,discharging,None,None
18:36:40.927,staggered,8.3,393.7,157.3,81.6,1101.5,66.1,2400,0.0,0.0,16122,-580,77,discharging,None,None
18:36:41.431,staggered,8.3,393.7,160.9,36.8,1101.5,65.5,2400,0.0,0.0,16149,-576,77,discharging,None,None
18:36:41.940,staggered,8.3,393.7,160.9,51.0,1101.5,66.7,2400,0.0,0.0,16149,-551,77,discharging,None,None
18:36:42.443,staggered,8.3,400.5,160.9,34.5,1101.2,62.8,2400,0.0,0.0,16137,-608,77,discharging,None,None
18:36:42.951,staggered,8.3,400.5,162.3,48.8,1101.5,65.0,2400,0.0,0.0,16138,-586,77,discharging,None,None
18:36:43.454,staggered,8.3,399.2,162.3,69.8,1101.5,63.9,2400,0.0,0.0,16112,-622,77,discharging,None,None
18:36:43.958,staggered,8.4,399.2,162.3,2.5,1101.0,62.2,2400,0.0,0.0,16156,-563,77,discharging,None,None
18:36:44.467,staggered,8.4,399.2,205.6,97.5,1101.0,67.2,2400,0.0,0.0,16124,-528,77,discharging,None,None
18:36:44.970,staggered,8.4,461.5,205.6,23.6,1101.0,62.8,1900,0.0,0.0,16144,-627,77,discharging,None,None
18:36:45.487,staggered,8.3,461.5,205.6,34.3,1101.0,64.5,2400,0.0,0.0,16161,-507,77,discharging,None,None
18:36:45.991,staggered,8.3,461.5,476.2,100.0,1100.8,67.8,2400,0.0,0.0,16116,-565,77,discharging,None,None
18:36:46.494,staggered,8.0,709.7,476.2,20.3,1102.6,62.8,2400,0.0,0.0,16147,-667,77,discharging,None,None
18:36:47.003,staggered,8.0,709.7,476.2,26.5,1102.4,65.0,2400,0.0,0.0,16159,-510,77,discharging,None,None
18:36:47.507,staggered,8.0,709.7,476.2,100.0,1102.4,67.2,2400,0.0,0.0,16116,-571,77,discharging,None,None
18:36:48.010,staggered,8.3,731.2,466.8,24.3,1103.6,63.4,2400,0.0,0.0,16137,-673,77,discharging,None,None
18:36:48.519,staggered,8.3,731.2,466.8,23.9,1103.6,66.7,2400,0.0,0.0,16158,-515,77,discharging,None,None
18:36:49.023,staggered,8.2,531.7,466.8,100.0,1103.6,67.2,2400,0.0,0.0,16114,-569,77,discharging,None,None
18:36:49.527,staggered,8.2,531.7,311.5,8.4,1103.3,62.2,2400,0.0,0.0,16146,-642,77,discharging,None,None
18:36:50.044,staggered,8.4,531.7,311.5,60.3,1103.3,66.7,2400,0.0,0.0,16159,-522,77,discharging,None,None
18:36:50.548,staggered,8.4,397.6,174.7,58.9,1102.9,64.5,2400,0.0,0.0,16139,-600,77,discharging,None,None
18:36:51.056,staggered,8.4,397.6,174.7,26.1,1103.0,66.1,2400,0.0,0.0,16148,-601,77,discharging,None,None
18:36:51.559,staggered,8.3,401.0,174.7,58.4,1103.0,62.8,2400,0.0,0.0,16111,-608,77,discharging,None,None
18:36:52.063,staggered,8.3,401.0,160.3,36.0,1102.8,62.8,2400,0.0,0.0,16117,-641,77,discharging,None,None
18:36:52.566,staggered,8.3,399.4,160.3,83.2,1102.8,66.1,2400,0.0,0.0,16122,-570,77,discharging,None,None
18:36:53.075,staggered,8.3,399.4,160.3,21.0,1102.2,65.5,2400,0.0,0.0,16144,-580,77,discharging,None,None
18:36:53.579,staggered,8.3,399.4,162.2,63.5,1102.2,66.1,2400,0.0,0.0,16147,-571,77,discharging,None,None
18:36:54.082,staggered,8.3,395.2,162.2,35.5,1102.0,62.8,2400,0.0,0.0,16109,-640,77,discharging,None,None
18:36:54.594,staggered,8.3,395.2,172.0,47.7,1102.0,65.5,2400,0.0,0.0,16155,-581,77,discharging,None,None
18:36:55.098,staggered,8.4,400.8,172.0,71.7,1102.0,64.5,2400,0.0,0.0,16105,-617,77,discharging,None,None
18:36:55.602,staggered,8.4,400.8,172.0,3.0,1105.5,62.2,1600,0.0,0.0,16149,-629,77,discharging,None,None
18:36:56.114,staggered,8.2,400.8,172.0,79.9,1105.5,66.1,2400,0.0,0.0,16155,-480,77,discharging,None,None
18:36:56.618,staggered,8.2,639.2,439.5,55.7,1104.9,63.4,2400,0.0,0.0,16109,-629,77,discharging,None,None
18:36:57.122,staggered,8.2,639.2,439.5,3.0,1104.4,61.1,2400,0.0,0.0,16155,-598,77,discharging,None,None
18:36:57.686,staggered,8.4,639.2,439.5,90.7,1104.4,66.7,2400,0.0,0.0,16134,-485,77,discharging,None,None
18:36:58.190,staggered,8.4,701.2,299.8,64.0,1104.0,63.9,2400,0.0,0.0,16112,-650,77,discharging,None,None
18:36:58.696,staggered,8.4,701.2,299.8,6.4,1104.0,62.8,2400,0.0,0.0,16148,-619,77,discharging,None,None
18:36:59.203,staggered,6.7,395.1,299.8,80.6,1103.6,65.0,2400,0.0,0.0,16133,-529,77,discharging,None,None
18:36:59.707,staggered,6.7,395.1,160.3,32.2,1103.6,62.8,2400,0.0,0.0,16121,-620,77,discharging,None,None
18:37:00.215,staggered,6.7,395.1,160.3,67.7,1103.0,67.2,2400,0.0,0.0,16157,-549,77,discharging,None,None
18:37:00.719,staggered,6.7,367.6,147.1,39.7,1103.0,65.5,2400,0.0,0.0,16123,-547,77,discharging,None,None
18:37:01.227,staggered,6.7,367.6,147.1,37.1,1102.7,66.1,2400,0.0,0.0,16143,-539,77,discharging,None,None
18:37:01.730,staggered,6.7,362.5,147.1,38.4,1102.7,62.2,2400,0.0,0.0,16115,-600,77,discharging,None,None
18:37:02.236,staggered,6.7,362.5,151.6,38.8,1102.4,63.9,2400,0.0,0.0,16157,-553,77,discharging,None,None
18:37:02.739,staggered,6.7,363.8,151.6,68.8,1102.4,63.4,2400,0.0,0.0,16122,-545,77,discharging,None,None
18:37:03.243,staggered,6.7,363.8,151.6,0.0,1102.4,62.2,2400,0.0,0.0,16147,-598,77,discharging,None,None
18:37:03.751,staggered,6.7,363.8,187.3,99.0,1102.4,67.8,2400,0.0,0.0,16143,-529,77,discharging,None,None
18:37:04.254,staggered,6.7,412.7,187.3,12.1,1102.2,62.2,2400,0.0,0.0,16111,-607,77,discharging,None,None
18:37:04.764,staggered,6.7,412.7,187.3,36.4,1102.2,65.0,2400,0.0,0.0,16157,-545,77,discharging,None,None
18:37:05.268,staggered,6.7,412.7,474.5,99.5,1102.2,67.2,2400,0.0,0.0,16122,-524,77,discharging,None,None
18:37:05.771,staggered,6.7,690.7,474.5,3.5,1101.8,62.2,2400,0.0,0.0,16119,-655,77,discharging,None,None
18:37:06.279,staggered,6.7,690.7,474.5,39.5,1103.5,63.9,2400,0.0,0.0,16157,-532,77,discharging,None,None
18:37:06.782,staggered,6.7,619.3,397.8,90.7,1103.5,65.0,2400,0.0,0.0,16120,-507,77,discharging,None,None
18:37:07.286,staggered,6.7,619.3,397.8,0.0,1103.4,61.7,2400,0.0,0.0,16139,-616,77,discharging,None,None
18:37:07.795,staggered,6.7,619.3,397.8,58.7,1103.4,66.7,2400,0.0,0.0,16159,-509,77,discharging,None,None
18:37:08.298,staggered,6.7,362.9,148.9,48.5,1103.5,61.7,2400,0.0,0.0,16112,-559,77,discharging,None,None
18:37:08.807,staggered,6.7,362.9,148.9,28.4,1103.6,65.5,2400,0.0,0.0,16148,-603,77,discharging,None,None
18:37:09.312,staggered,6.7,368.0,148.9,56.9,1103.6,64.5,2400,0.0,0.0,16119,-561,77,discharging,None,None
18:37:09.816,staggered,6.7,368.0,151.4,22.7,1103.4,61.7,2400,0.0,0.0,16127,-603,77,discharging,None,None
18:37:10.319,staggered,6.7,370.8,151.4,75.7,1103.4,63.4,2400,0.0,0.0,16150,-538,77,discharging,None,None
18:37:10.823,staggered,6.7,370.8,150.8,32.2,1103.0,63.4,2400,0.0,0.0,16149,-584,77,discharging,None,None
18:37:11.331,staggered,6.7,370.8,150.8,65.3,1103.2,66.7,2400,0.0,0.0,16129,-538,77,discharging,None,None
18:37:11.834,staggered,6.7,375.0,150.8,13.2,1103.1,61.7,2400,0.0,0.0,16149,-557,77,discharging,None,None
18:37:12.343,staggered,6.7,375.0,151.4,64.7,1103.1,66.1,2400,0.0,0.0,16121,-534,77,discharging,None,None
18:37:12.846,staggered,6.7,363.8,151.4,42.6,1103.0,62.2,2400,0.0,0.0,16126,-603,77,discharging,None,None
18:37:13.359,staggered,6.7,363.8,151.4,7.5,1103.2,62.2,2400,0.0,0.0,16158,-530,77,discharging,None,None
18:37:13.863,staggered,6.7,363.8,468.0,100.0,1103.2,67.2,2400,0.0,0.0,16117,-555,77,discharging,None,None
18:37:14.367,staggered,6.7,648.0,468.0,29.1,1102.4,62.2,2400,0.0,0.0,16143,-657,77,discharging,None,None
18:37:14.875,staggered,6.7,648.0,468.0,15.5,1102.4,63.4,2400,0.0,0.0,16159,-506,77,discharging,None,None
18:37:15.384,staggered,6.7,648.0,468.0,100.0,1102.4,67.2,2400,0.0,0.0,16118,-566,77,discharging,None,None
18:37:15.887,staggered,6.7,703.2,483.0,25.4,1102.2,62.8,2400,0.0,0.0,16143,-664,77,discharging,None,None
18:37:16.395,staggered,6.7,703.2,483.0,19.3,1103.1,63.4,1900,0.0,0.0,16160,-501,77,discharging,None,None
18:37:16.898,staggered,6.7,371.4,160.4,89.1,1102.4,65.0,2400,0.0,0.0,16113,-563,77,discharging,None,None
18:37:17.402,staggered,6.7,371.4,160.4,0.0,1102.4,61.7,2400,0.0,0.0,16151,-595,77,discharging,None,None
18:37:17.905,staggered,6.7,371.8,160.4,75.2,1104.1,63.9,2400,0.0,0.0,16120,-546,77,discharging,None,None
18:37:18.409,staggered,6.7,371.8,150.0,32.3,1104.1,61.7,2400,0.0,0.0,16114,-603,77,discharging,None,None
18:37:18.916,staggered,6.7,371.8,150.0,55.0,1104.1,66.7,2400,0.0,0.0,16155,-536,77,discharging,None,None
18:37:19.421,staggered,6.7,367.2,150.0,28.7,1103.8,63.9,2400,0.0,0.0,16148,-547,77,discharging,None,None
18:37:19.928,staggered,6.7,367.2,147.4,48.0,1103.8,65.0,2400,0.0,0.0,16152,-561,77,discharging,None,None
18:37:20.431,staggered,6.7,363.2,147.4,51.0,1103.4,62.2,2400,0.0,0.0,16110,-603,77,discharging,None,None
18:37:20.935,staggered,6.7,363.2,147.0,32.7,1103.1,63.4,2400,0.0,0.0,16157,-562,77,discharging,None,None
18:37:21.439,staggered,6.7,361.9,147.0,75.2,1103.1,63.4,1900,0.0,0.0,16108,-580,77,discharging,None,None
18:37:21.942,staggered,6.7,361.9,147.0,0.0,1103.1,60.6,1500,0.0,0.0,16157,-571,77,discharging,None,None
18:37:22.454,staggered,6.7,361.9,367.7,73.6,1103.1,65.0,2400,0.0,0.0,16149,-449,77,discharging,None,None
18:37:22.958,staggered,6.7,549.4,367.7,49.3,1102.9,62.2,2400,0.0,0.0,16108,-599,77,discharging,None,None
18:37:23.461,staggered,6.7,549.4,367.7,0.0,1103.3,61.7,2400,0.0,0.0,16158,-561,77,discharging,None,None
18:37:23.972,staggered,6.7,549.4,367.7,95.1,1103.3,66.7,2400,0.0,0.0,16123,-512,77,discharging,None,None
18:37:24.475,staggered,6.7,706.4,544.5,49.3,1102.9,62.2,2400,0.0,0.0,16112,-660,77,discharging,None,None
18:37:24.979,staggered,6.7,706.4,544.5,0.0,1102.6,61.1,2400,0.0,0.0,16158,-553,77,discharging,None,None
18:37:25.487,staggered,6.7,362.2,544.5,93.1,1102.6,66.7,2400,0.0,0.0,16119,-525,77,discharging,None,None
18:37:25.990,staggered,6.7,362.2,149.0,13.9,1101.8,63.4,2400,0.0,0.0,16149,-603,77,discharging,None,None
18:37:26.499,staggered,6.7,362.2,149.0,67.7,1101.8,66.1,2400,0.0,0.0,16149,-538,77,discharging,None,None
18:37:27.002,staggered,6.7,363.8,148.9,39.9,1103.6,63.4,2400,0.0,0.0,16148,-573,77,discharging,None,None
18:37:27.511,staggered,6.7,363.8,148.9,37.3,1103.6,65.5,2400,0.0,0.0,16153,-546,77,discharging,None,None
18:37:28.015,staggered,6.7,379.6,148.9,41.2,1103.4,61.7,2400,0.0,0.0,16114,-559,77,discharging,None,None
18:37:28.523,staggered,6.7,379.6,147.2,36.1,1103.4,62.8,2400,0.0,0.0,16120,-587,77,discharging,None,None
18:37:29.027,staggered,6.7,368.2,147.2,71.3,1102.9,62.2,2400,0.0,0.0,16114,-586,77,discharging,None,None
18:37:29.535,staggered,6.7,368.2,147.2,18.9,1102.9,64.5,2400,0.0,0.0,16153,-546,77,discharging,None,None
18:37:30.039,staggered,6.7,371.4,147.5,85.2,1102.9,66.7,2400,0.0,0.0,16141,-536,77,discharging,None,None
18:37:30.542,staggered,6.7,371.4,147.5,3.0,1102.9,62.2,2400,0.0,0.0,16148,-605,77,discharging,None,None
18:37:31.055,staggered,6.7,371.4,147.5,53.2,1102.9,66.1,2400,0.0,0.0,16161,-507,77,discharging,None,None
18:37:31.558,staggered,6.7,574.4,392.0,75.1,1102.5,63.4,2400,0.0,0.0,16112,-609,77,discharging,None,None
18:37:32.062,staggered,6.7,574.4,392.0,0.0,1102.4,61.7,2400,0.0,0.0,16152,-626,77,discharging,None,None
18:37:32.575,staggered,6.7,574.4,392.0,70.0,1102.8,66.1,2400,0.0,0.0,16156,-483,77,discharging,None,None
18:37:33.078,staggered,6.7,641.0,392.1,59.1,1102.9,62.8,2400,0.0,0.0,16112,-619,77,discharging,None,None
18:37:33.582,staggered,6.7,641.0,392.1,0.0,1102.9,60.6,2400,0.0,0.0,16156,-581,77,discharging,None,None
18:37:34.095,staggered,6.7,641.0,392.1,84.9,1102.9,66.7,2400,0.0,0.0,16140,-483,77,discharging,None,None
18:37:34.598,staggered,6.7,459.7,262.3,30.3,1102.5,62.2,2400,0.0,0.0,16111,-620,77,discharging,None,None
18:37:35.107,staggered,6.7,459.7,262.3,36.3,1102.0,65.5,2400,0.0,0.0,16157,-547,77,discharging,None,None
18:37:35.611,staggered,6.7,362.8,150.3,70.0,1102.0,65.5,2400,0.0,0.0,16111,-545,77,discharging,None,None
18:37:36.119,staggered,6.7,362.8,150.3,6.0,1102.0,63.4,2400,0.0,0.0,16152,-603,77,discharging,None,None
18:37:36.622,staggered,6.7,363.4,150.3,68.5,1102.0,62.2,2400,0.0,0.0,16120,-570,77,discharging,None,None
18:37:37.126,staggered,6.7,363.4,155.6,32.8,1102.0,62.2,2400,0.0,0.0,16151,-578,77,discharging,None,None
18:37:37.630,staggered,6.7,375.5,155.6,75.2,1102.0,65.5,1900,0.0,0.0,16150,-540,77,discharging,None,None
18:37:38.134,staggered,6.7,375.5,155.6,2.5,1101.5,62.2,2400,0.0,0.0,16147,-564,77,discharging,None,None
18:37:38.643,staggered,6.7,375.5,150.8,73.4,1101.5,66.7,2400,0.0,0.0,16121,-550,77,discharging,None,None
18:37:39.147,staggered,6.7,368.2,150.8,33.5,1101.5,62.2,2400,0.0,0.0,16110,-604,77,discharging,None,None
18:37:39.658,staggered,6.7,368.2,150.8,32.2,1101.5,65.5,2400,0.0,0.0,16156,-546,77,discharging,None,None
18:37:40.162,staggered,6.7,453.3,252.3,80.8,1101.3,65.0,2400,0.0,0.0,16119,-552,77,discharging,None,None
18:37:40.665,staggered,6.7,453.3,252.3,0.0,1101.3,61.1,2400,0.0,0.0,16146,-617,77,discharging,None,None
18:37:41.178,staggered,6.7,453.3,252.3,63.9,1101.1,66.7,2400,0.0,0.0,16159,-486,77,discharging,None,None
18:37:41.682,staggered,6.7,553.0,312.0,48.0,1101.1,62.8,2400,0.0,0.0,16111,-606,77,discharging,None,None
18:37:42.186,staggered,6.7,553.0,312.0,0.0,1101.1,61.7,2400,0.0,0.0,16156,-594,77,discharging,None,None
18:37:42.698,staggered,6.7,553.0,312.0,97.0,1101.1,65.0,1900,0.0,0.0,16116,-571,77,discharging,None,None
18:37:43.202,staggered,6.7,504.7,311.3,19.0,1101.3,61.7,2400,0.0,0.0,16150,-603,77,discharging,None,None
18:37:43.711,staggered,6.7,504.7,311.3,39.5,1101.8,65.5,2400,0.0,0.0,16148,-492,77,discharging,None,None
18:37:44.215,staggered,6.7,366.8,150.3,67.3,1101.5,63.9,2400,0.0,0.0,16124,-602,77,discharging,None,None
18:37:44.725,staggered,6.7,366.8,150.3,10.4,1108.5,64.5,2400,0.0,0.0,16157,-549,77,discharging,None,None
18:37:45.229,staggered,20.9,415.7,150.3,75.9,1110.8,63.4,2400,0.0,0.0,16109,-563,77,discharging,None,None
18:37:45.732,staggered,20.9,415.7,159.9,36.1,1110.8,62.2,2400,0.0,0.0,16138,-624,77,discharging,None,None
18:37:46.238,staggered,8.3,415.7,159.9,69.3,1111.0,67.8,2400,0.0,0.0,16120,-574,77,discharging,None,None
18:37:46.744,staggered,8.3,403.6,159.9,27.0,1112.4,63.9,2400,0.0,0.0,16145,-562,77,discharging,None,None
18:37:47.252,staggered,8.3,403.6,163.3,54.9,1108.2,66.1,2400,0.0,0.0,16149,-547,77,discharging,None,None
18:37:47.756,staggered,8.4,399.0,163.3,52.5,1108.2,63.4,2400,0.0,0.0,16131,-620,77,discharging,None,None
18:37:48.259,staggered,8.4,399.0,186.6,41.5,1108.2,65.0,2400,0.0,0.0,16158,-551,77,discharging,None,None
18:37:48.763,staggered,8.3,399.6,186.6,83.1,1108.4,64.5,2400,0.0,0.0,16111,-593,77,discharging,None,None
18:37:49.266,staggered,8.3,399.6,186.6,3.0,1107.8,61.7,2400,0.0,0.0,16155,-580,77,discharging,None,None
18:37:49.778,staggered,8.3,399.6,335.4,67.6,1108.5,65.5,2400,0.0,0.0,16122,-507,77,discharging,None,None
18:37:50.282,staggered,8.3,555.9,335.4,59.3,1105.4,62.8,2400,0.0,0.0,16113,-637,77,discharging,None,None
18:37:50.786,staggered,8.3,555.9,335.4,2.0,1106.1,61.1,2400,0.0,0.0,16156,-547,77,discharging,None,None
18:37:51.298,staggered,8.4,555.9,335.4,86.6,1106.1,65.5,2400,0.0,0.0,16122,-535,77,discharging,None,None
18:37:51.801,staggered,8.4,722.2,491.8,60.5,1106.3,63.4,2400,0.0,0.0,16114,-670,77,discharging,None,None
18:37:52.305,staggered,8.4,722.2,491.8,2.0,1105.9,62.2,2400,0.0,0.0,16155,-549,77,discharging,None,None
18:37:52.815,staggered,8.4,722.2,491.8,86.2,1106.4,66.7,2400,0.0,0.0,16117,-533,77,discharging,None,None
18:37:53.318,staggered,8.4,601.1,382.8,50.5,1105.2,62.8,2400,0.0,0.0,16120,-659,77,discharging,None,None
18:37:53.829,staggered,8.3,601.1,382.8,12.2,1106.2,63.4,2400,0.0,0.0,16153,-549,77,discharging,None,None
18:37:54.333,staggered,8.3,394.9,382.8,88.6,1105.5,66.7,2400,0.0,0.0,16109,-578,77,discharging,None,None
18:37:54.837,staggered,8.3,394.9,163.3,28.0,1105.4,62.8,2400,0.0,0.0,16141,-649,77,discharging,None,None
18:37:55.344,staggered,8.3,394.9,163.3,73.4,1105.4,66.7,2400,0.0,0.0,16121,-588,77,discharging,None,None
18:37:55.847,staggered,7.9,399.2,159.4,44.7,1105.0,63.9,2400,0.0,0.0,16141,-610,77,discharging,None,None
18:37:56.355,staggered,7.9,399.2,159.4,36.1,1105.0,66.7,2400,0.0,0.0,16155,-549,77,discharging,None,None
18:37:56.859,staggered,7.9,403.1,159.4,48.0,1104.5,62.8,2400,0.0,0.0,16122,-577,77,discharging,None,None
18:37:57.362,staggered,8.3,403.1,167.3,37.3,1104.5,62.8,2400,0.0,0.0,16117,-603,77,discharging,None,None
18:37:57.866,staggered,8.3,410.5,167.3,83.6,1103.4,64.5,2400,0.0,0.0,16115,-610,77,discharging,None,None
18:37:58.375,staggered,8.4,410.5,167.3,7.5,1107.1,62.2,1600,0.0,0.0,16149,-569,77,discharging,None,None
18:37:58.879,staggered,8.4,410.5,174.7,87.7,1107.1,67.2,2400,0.0,0.0,16138,-548,77,discharging,None,None
18:37:59.383,staggered,8.4,399.8,174.7,26.7,1106.7,61.7,2400,0.0,0.0,16144,-628,77,discharging,None,None
18:37:59.895,staggered,8.3,399.8,174.7,36.3,1106.7,65.5,2400,0.0,0.0,16154,-537,77,discharging,None,None
18:38:00.398,staggered,8.3,570.1,391.6,97.5,1108.0,66.7,2400,0.0,0.0,16108,-624,77,discharging,None,None
18:38:00.902,staggered,8.3,570.1,391.6,2.5,1107.6,62.2,2400,0.0,0.0,16145,-647,77,discharging,None,None
18:38:01.418,staggered,8.3,570.1,391.6,49.8,1107.4,65.5,2400,0.0,0.0,16158,-493,77,discharging,None,None
18:38:01.922,staggered,8.3,742.0,484.4,99.0,1107.4,66.7,2400,0.0,0.0,16110,-625,77,discharging,None,None
18:38:02.425,staggered,8.3,742.0,484.4,3.5,1107.0,62.8,2400,0.0,0.0,16145,-643,77,discharging,None,None
18:38:02.932,staggered,8.3,742.0,484.4,46.1,1107.0,66.7,2400,0.0,0.0,16158,-488,77,discharging,None,None
18:38:03.435,staggered,8.3,580.5,340.4,84.0,1104.8,63.9,2400,0.0,0.0,16108,-618,77,discharging,None,None
18:38:03.939,staggered,8.3,580.5,340.4,2.5,1104.6,61.7,2400,0.0,0.0,16151,-618,77,discharging,None,None
18:38:04.447,staggered,8.3,580.5,340.4,69.8,1104.3,67.2,2400,0.0,0.0,16138,-503,77,discharging,None,None
18:38:04.951,staggered,8.3,414.3,160.0,50.2,1104.2,62.8,2400,0.0,0.0,16109,-623,77,discharging,None,None
18:38:05.459,staggered,8.3,414.3,160.0,30.8,1104.2,65.0,2400,0.0,0.0,16153,-557,77,discharging,None,None
18:38:05.963,staggered,8.3,410.5,160.0,66.5,1103.3,65.0,2400,0.0,0.0,16108,-566,77,discharging,None,None
18:38:06.467,staggered,8.3,410.5,165.0,26.1,1103.3,62.2,2400,0.0,0.0,16144,-626,77,discharging,None,None
18:38:07.033,staggered,8.3,410.5,165.0,92.0,1103.3,66.7,2400,0.0,0.0,16122,-571,77,discharging,None,None
18:38:07.537,staggered,8.3,570.0,170.6,51.0,1103.2,63.9,2400,0.0,0.0,16136,-618,77,discharging,None,None
18:38:08.044,staggered,8.3,570.0,170.6,33.0,1102.8,65.0,2400,0.0,0.0,16147,-571,77,discharging,None,None
18:38:08.548,staggered,6.6,412.6,170.6,54.0,1102.8,64.5,1900,0.0,0.0,16112,-614,77,discharging,None,None
18:38:09.051,staggered,6.6,412.6,175.0,39.6,1102.3,62.2,2400,0.0,0.0,16149,-599,77,discharging,None,None
18:38:09.555,staggered,8.4,398.8,175.0,82.1,1102.3,65.0,2400,0.0,0.0,16127,-532,77,discharging,None,None
18:38:10.063,staggered,8.4,398.8,175.0,10.5,1102.1,63.9,2400,0.0,0.0,16146,-567,77,discharging,None,None
18:38:10.568,staggered,8.3,398.8,171.5,81.2,1102.1,66.1,2400,0.0,0.0,16121,-555,77,discharging,None,None
18:38:11.071,staggered,8.3,395.8,171.5,29.5,1101.8,62.2,2400,0.0,0.0,16111,-625,77,discharging,None,None
18:38:11.582,staggered,8.3,395.8,171.5,38.8,1102.0,65.5,2400,0.0,0.0,16155,-553,77,discharging,None,None
18:38:12.086,staggered,8.3,492.1,251.2,85.3,1101.8,64.5,2400,0.0,0.0,16116,-573,77,discharging,None,None
18:38:12.590,staggered,8.3,492.1,251.2,2.0,1101.8,62.2,2400,0.0,0.0,16144,-637,77,discharging,None,None
18:38:13.103,staggered,8.3,492.1,251.2,60.5,1102.3,67.2,2400,0.0,0.0,16157,-489,77,discharging,None,None
18:38:13.606,staggered,8.3,752.5,540.3,91.1,1102.0,65.5,2400,0.0,0.0,16109,-604,77,discharging,None,None
18:38:14.110,staggered,8.3,752.5,540.3,1.5,1101.8,61.7,2400,0.0,0.0,16144,-668,77,discharging,None,None
18:38:14.623,staggered,8.4,752.5,540.3,53.7,1101.8,66.1,2400,0.0,0.0,16157,-492,77,discharging,None,None
18:38:15.127,staggered,8.4,670.3,429.6,85.3,1101.4,64.5,2400,0.0,0.0,16112,-592,77,discharging,None,None
18:38:15.631,staggered,8.3,670.3,429.6,1.5,1101.4,62.8,2400,0.0,0.0,16146,-658,77,discharging,None,None
18:38:16.139,staggered,8.3,670.3,429.6,61.3,1101.1,67.2,2400,0.0,0.0,16158,-492,77,discharging,None,None
18:38:16.642,staggered,8.3,430.7,189.6,58.1,1101.1,62.8,2400,0.0,0.0,16109,-606,77,discharging,None,None
18:38:17.151,staggered,8.3,430.7,189.6,21.7,1101.1,65.0,2400,0.0,0.0,16148,-625,77,discharging,None,None
18:38:17.656,staggered,8.3,407.4,189.6,72.0,1101.1,63.9,2400,0.0,0.0,16114,-568,77,discharging,None,None
18:38:18.160,staggered,8.3,407.4,169.9,28.5,1100.9,62.2,2400,0.0,0.0,16109,-642,77,discharging,None,None
18:38:18.663,staggered,8.3,395.4,169.9,80.3,1101.1,66.1,2400,0.0,0.0,16152,-564,77,discharging,None,None
18:38:19.174,staggered,8.3,395.4,169.9,17.2,1100.9,63.4,2400,0.0,0.0,16136,-575,77,discharging,None,None
18:38:19.683,staggered,8.3,395.4,165.8,76.1,1100.9,67.8,2400,0.0,0.0,16377,-559,77,discharging,None,None
18:38:20.187,staggered,8.3,411.7,165.8,40.7,1100.9,62.2,2400,0.0,0.0,16142,-642,77,discharging,None,None
18:38:20.706,staggered,8.0,411.7,164.7,37.4,1100.9,65.5,2400,0.0,0.0,16153,-561,77,discharging,None,None
18:38:21.210,staggered,8.0,415.0,164.7,78.9,1100.5,64.5,2400,0.0,0.0,16106,-626,77,discharging,None,None
18:38:21.713,staggered,8.3,415.0,164.7,1.5,1100.5,61.7,2400,0.0,0.0,16153,-579,77,discharging,None,None
18:38:22.223,staggered,8.3,415.0,164.7,68.0,1100.7,65.5,2400,0.0,0.0,16122,-499,77,discharging,None,None
18:38:22.727,staggered,8.3,684.8,498.7,73.4,1101.2,62.8,2400,0.0,0.0,16104,-659,77,discharging,None,None
18:38:23.230,staggered,8.3,684.8,498.7,1.5,1101.2,62.2,2400,0.0,0.0,16151,-584,77,discharging,None,None
18:38:23.743,staggered,8.3,684.8,498.7,72.5,1101.2,65.5,2400,0.0,0.0,16117,-530,77,discharging,None,None
18:38:24.246,staggered,8.2,707.8,444.8,71.1,1101.1,63.4,2400,0.0,0.0,16104,-682,77,discharging,None,None
18:38:24.750,staggered,8.2,707.8,444.8,1.5,1101.1,61.7,2400,0.0,0.0,16153,-582,77,discharging,None,None
18:38:25.262,staggered,8.4,707.8,444.8,75.0,1100.9,64.5,2400,0.0,0.0,16121,-520,77,discharging,None,None
18:38:25.766,staggered,8.4,473.5,247.0,47.3,1100.9,62.2,2400,0.0,0.0,16122,-629,77,discharging,None,None
18:38:26.275,staggered,8.3,473.5,247.0,23.6,1100.9,65.0,2400,0.0,0.0,16156,-534,77,discharging,None,None
18:38:26.780,staggered,8.3,403.4,247.0,79.4,1100.9,66.1,2400,0.0,0.0,16110,-561,77,discharging,None,None
18:38:27.284,staggered,8.3,403.4,170.3,17.1,1101.1,62.2,2400,0.0,0.0,16145,-619,77,discharging,None,None
18:38:27.788,staggered,8.4,399.6,170.3,83.1,1101.3,65.5,2400,0.0,0.0,16117,-589,77,discharging,None,None
18:38:28.291,staggered,8.4,399.6,159.4,35.5,1101.1,63.4,2400,0.0,0.0,16141,-609,77,discharging,None,None
18:38:28.800,staggered,8.3,399.6,159.4,47.7,1101.1,66.1,2400,0.0,0.0,16149,-546,77,discharging,None,None
18:38:29.303,staggered,8.3,403.4,159.4,37.7,1101.3,63.9,2400,0.0,0.0,16137,-573,77,discharging,None,None
18:38:29.811,staggered,8.3,403.4,159.4,44.3,1101.3,65.0,2400,0.0,0.0,16120,-581,77,discharging,None,None
18:38:30.315,staggered,8.4,403.4,159.4,74.3,1100.9,63.9,2400,0.0,0.0,16108,-622,77,discharging,None,None
18:38:30.823,staggered,8.4,403.4,159.4,11.5,1102.0,63.9,2400,0.0,0.0,16154,-563,77,discharging,None,None
18:38:31.330,staggered,8.3,403.4,171.0,96.1,1102.1,66.1,2400,0.0,0.0,16125,-547,77,discharging,None,None
18:38:31.833,staggered,8.3,564.0,171.0,44.6,1101.8,63.4,2400,0.0,0.0,16117,-667,77,discharging,None,None
18:38:32.343,staggered,8.3,564.0,174.7,39.4,1101.8,66.7,2400,0.0,0.0,16155,-555,77,discharging,None,None
18:38:32.847,staggered,7.2,401.1,174.7,81.2,1101.6,63.9,2400,0.0,0.0,16106,-614,77,discharging,None,None
18:38:33.351,staggered,7.2,401.1,174.7,2.5,1102.4,62.2,2400,0.0,0.0,16152,-606,77,discharging,None,None
18:38:33.864,staggered,8.2,401.1,174.7,69.1,1102.5,66.1,2400,0.0,0.0,16135,-492,77,discharging,None,None
18:38:34.367,staggered,8.2,677.8,475.8,72.4,1102.3,63.4,2400,0.0,0.0,16108,-662,77,discharging,None,None
18:38:34.871,staggered,8.5,677.8,475.8,2.0,1102.0,61.1,2400,0.0,0.0,16153,-598,77,discharging,None,None
18:38:35.382,staggered,8.5,677.8,475.8,72.8,1102.0,66.1,2400,0.0,0.0,16135,-487,77,discharging,None,None
18:38:35.885,staggered,8.5,710.3,443.5,71.6,1101.3,63.9,2400,0.0,0.0,16106,-662,77,discharging,None,None
18:38:36.389,staggered,8.3,710.3,443.5,2.5,1101.3,61.7,2400,0.0,0.0,16152,-595,77,discharging,None,None
18:38:36.905,staggered,8.3,710.3,443.5,73.9,1101.3,66.7,2400,0.0,0.0,16134,-492,77,discharging,None,None
18:38:37.409,staggered,8.3,527.3,296.2,52.2,1101.1,62.8,2400,0.0,0.0,16107,-638,77,discharging,None,None
18:38:37.913,staggered,8.3,527.3,296.2,14.9,1101.1,63.4,2400,0.0,0.0,16155,-562,77,discharging,None,None
18:38:38.420,staggered,8.3,395.2,296.2,83.9,1101.1,65.5,2400,0.0,0.0,16113,-556,77,discharging,None,None
18:38:38.923,staggered,8.3,395.2,163.9,21.6,1100.9,62.2,2400,0.0,0.0,16144,-622,77,discharging,None,None
18:38:39.431,staggered,8.3,395.2,163.9,75.7,1100.9,66.7,2400,0.0,0.0,16144,-539,77,discharging,None,None
18:38:39.935,staggered,8.4,403.4,171.4,45.6,1101.3,64.5,2400,0.0,0.0,16146,-568,77,discharging,None,None
18:38:40.443,staggered,8.4,403.4,171.4,38.8,1101.3,65.0,2400,0.0,0.0,16148,-558,77,discharging,None,None
18:38:40.946,staggered,8.3,396.8,171.4,45.8,1101.3,62.8,2400,0.0,0.0,16106,-610,77,discharging,None,None
18:38:41.456,staggered,8.3,396.8,157.8,36.8,1101.3,62.8,2400,0.0,0.0,16136,-619,77,discharging,None,None
18:38:41.959,staggered,8.3,393.2,157.8,80.5,1100.9,63.9,2400,0.0,0.0,16116,-588,77,discharging,None,None
18:38:42.467,staggered,8.3,393.2,157.8,7.0,1100.9,63.9,2400,0.0,0.0,16147,-562,77,discharging,None,None
18:38:42.971,staggered,8.3,393.2,158.3,94.1,1101.1,67.8,2400,0.0,0.0,16125,-547,77,discharging,None,None
18:38:43.475,staggered,8.3,404.3,158.3,28.2,1101.1,63.9,2400,0.0,0.0,16136,-627,77,discharging,None,None
18:38:43.986,staggered,8.3,404.3,158.3,38.7,1102.0,65.0,2400,0.0,0.0,16154,-533,77,discharging,None,None
18:38:44.490,staggered,7.9,601.0,405.8,96.5,1102.0,66.1,2400,0.0,0.0,16108,-588,77,discharging,None,None
18:38:44.993,staggered,7.9,601.0,405.8,2.5,1101.3,62.8,2400,0.0,0.0,16142,-651,77,discharging,None,None
18:38:45.509,staggered,7.9,601.0,405.8,50.0,1101.3,66.1,2400,0.0,0.0,16157,-494,77,discharging,None,None
18:38:46.013,staggered,8.2,746.1,514.8,99.0,1101.3,66.7,2400,0.0,0.0,16110,-600,77,discharging,None,None
18:38:46.517,staggered,8.2,746.1,514.8,3.5,1101.1,62.8,2400,0.0,0.0,16144,-667,77,discharging,None,None
18:38:47.024,staggered,8.3,746.1,514.8,45.8,1101.1,67.2,2400,0.0,0.0,16157,-492,77,discharging,None,None
18:38:47.527,staggered,8.3,547.6,326.9,87.6,1101.1,65.0,2400,0.0,0.0,16110,-591,77,discharging,None,None
18:38:48.031,staggered,8.3,547.6,326.9,2.5,1101.1,62.2,2400,0.0,0.0,16145,-647,77,discharging,None,None
18:38:48.539,staggered,8.4,547.6,326.9,77.2,1101.1,66.7,2400,0.0,0.0,16144,-524,77,discharging,None,None
18:38:49.042,staggered,8.4,399.2,178.5,43.6,1101.3,63.4,2400,0.0,0.0,16135,-619,77,discharging,None,None
18:38:49.551,staggered,8.3,399.2,178.5,40.5,1101.5,66.1,2400,0.0,0.0,16155,-566,77,discharging,None,None
18:38:50.055,staggered,8.3,413.2,178.5,52.2,1101.8,63.9,2400,0.0,0.0,16111,-551,77,discharging,None,None
18:38:50.559,staggered,8.4,413.2,159.8,30.8,1101.8,62.2,2400,0.0,0.0,16117,-609,77,discharging,None,None
18:38:51.063,staggered,8.4,405.6,159.8,83.2,1101.8,64.5,2400,0.0,0.0,16117,-567,77,discharging,None,None
18:38:51.567,staggered,8.4,405.6,159.5,36.8,1101.8,65.0,2400,0.0,0.0,16144,-564,77,discharging,None,None
18:38:52.075,staggered,8.3,405.6,159.5,60.7,1101.8,66.1,2400,0.0,0.0,16151,-549,77,discharging,None,None
18:38:52.578,staggered,8.3,411.2,159.5,25.6,1101.3,62.2,2400,0.0,0.0,16115,-625,77,discharging,None,None
18:38:53.083,staggered,8.3,411.2,170.2,55.5,1101.6,65.0,2400,0.0,0.0,16154,-576,77,discharging,None,None
18:38:53.587,staggered,8.3,411.3,170.2,64.9,1101.6,63.4,2400,0.0,0.0,16109,-607,77,discharging,None,None
18:38:54.090,staggered,8.3,411.3,170.2,3.0,1101.6,61.7,2400,0.0,0.0,16149,-598,77,discharging,None,None
18:38:54.599,staggered,8.3,411.3,360.7,94.6,1101.6,67.2,2400,0.0,0.0,16127,-511,77,discharging,None,None
18:38:55.102,staggered,8.3,578.6,360.7,39.9,1100.6,62.8,2400,0.0,0.0,16103,-650,77,discharging,None,None
18:38:55.611,staggered,8.3,578.6,360.7,15.6,1102.5,63.4,2400,0.0,0.0,16153,-579,77,discharging,None,None
18:38:56.115,staggered,8.3,578.6,360.7,100.0,1102.5,67.2,2400,0.0,0.0,16121,-516,77,discharging,None,None
18:38:56.619,staggered,7.9,721.3,469.2,40.1,1102.5,62.8,2400,0.0,0.0,16105,-673,77,discharging,None,None
18:38:57.128,staggered,7.9,721.3,469.2,8.4,1102.5,62.8,2400,0.0,0.0,16152,-576,77,discharging,None,None
18:38:57.636,staggered,7.9,721.3,469.2,100.0,1102.5,67.2,2400,0.0,0.0,16121,-510,77,discharging,None,None
18:38:58.139,staggered,8.3,671.0,434.3,35.3,1102.0,62.8,2400,0.0,0.0,16106,-661,77,discharging,None,None
18:38:58.648,staggered,8.3,671.0,434.3,17.2,1102.0,63.9,2400,0.0,0.0,16153,-564,77,discharging,None,None
18:38:59.152,staggered,8.3,411.7,162.6,99.5,1102.0,67.8,2400,0.0,0.0,16119,-522,77,discharging,None,None
18:38:59.656,staggered,8.3,411.7,162.6,5.0,1102.0,61.7,2400,0.0,0.0,16135,-625,77,discharging,None,None
18:39:00.167,staggered,8.3,411.7,162.6,76.0,1102.0,66.1,2400,0.0,0.0,16156,-548,77,discharging,None,None
18:39:00.671,staggered,8.3,405.2,167.2,43.6,1102.1,63.4,2400,0.0,0.0,16129,-573,77,discharging,None,None
18:39:01.179,staggered,8.3,405.2,167.2,39.6,1101.9,66.1,2400,0.0,0.0,16146,-591,77,discharging,None,None
18:39:01.682,staggered,8.3,401.5,167.2,45.3,1101.9,63.4,2400,0.0,0.0,16111,-609,77,discharging,None,None
18:39:02.188,staggered,8.3,401.5,158.3,36.3,1101.8,62.2,2400,0.0,0.0,16138,-620,77,discharging,None,None
18:39:02.693,staggered,8.3,401.3,158.3,83.2,1101.8,64.5,2400,0.0,0.0,16134,-550,77,discharging,None,None
18:39:03.200,staggered,8.3,401.3,158.3,25.6,1101.4,65.0,2400,0.0,0.0,16142,-563,77,discharging,None,None
18:39:03.704,staggered,8.3,401.3,160.3,73.6,1101.4,67.2,2400,0.0,0.0,16129,-552,77,discharging,None,None
18:39:04.207,staggered,8.3,400.8,160.3,21.9,1101.4,62.8,2400,0.0,0.0,16106,-622,77,discharging,None,None
18:39:04.726,staggered,8.3,400.8,215.9,55.7,1101.4,65.0,2400,0.0,0.0,16154,-558,77,discharging,None,None
18:39:05.230,staggered,8.3,437.7,215.9,65.9,1101.3,62.8,2400,0.0,0.0,16113,-615,77,discharging,None,None
18:39:05.733,staggered,8.3,437.7,215.9,2.5,1101.3,62.2,2400,0.0,0.0,16153,-554,77,discharging,None,None
18:39:06.246,staggered,8.3,437.7,215.9,80.7,1101.8,67.2,2400,0.0,0.0,16122,-527,77,discharging,None,None
18:39:06.750,staggered,8.3,716.7,521.8,64.5,1101.8,63.4,2400,0.0,0.0,16104,-669,77,discharging,None,None
18:39:07.253,staggered,8.3,716.7,521.8,3.0,1101.6,62.2,2400,0.0,0.0,16154,-555,77,discharging,None,None
18:39:07.824,staggered,8.4,716.7,521.8,83.3,1101.6,66.1,2400,0.0,0.0,16123,-516,77,discharging,None,None
18:39:08.331,staggered,8.4,752.9,355.1,74.5,1101.3,63.9,2400,0.0,0.0,16108,-686,77,discharging,None,None
18:39:08.835,staggered,8.4,752.9,355.1,2.5,1101.3,62.8,2400,0.0,0.0,16151,-588,77,discharging,None,None
18:39:09.338,staggered,6.4,410.7,355.1,84.0,1101.3,66.1,2400,0.0,0.0,16118,-518,77,discharging,None,None
18:39:09.842,staggered,6.4,410.7,169.3,37.3,1101.1,62.8,2400,0.0,0.0,16107,-626,77,discharging,None,None
18:39:10.351,staggered,8.4,410.7,169.3,45.8,1101.1,66.1,2400,0.0,0.0,16153,-550,77,discharging,None,None
18:39:10.856,staggered,8.4,411.4,169.3,59.6,1101.1,65.0,2400,0.0,0.0,16119,-564,77,discharging,None,None
18:39:11.364,staggered,8.4,411.4,157.6,23.8,1100.9,63.9,2400,0.0,0.0,16147,-602,77,discharging,None,None
18:39:11.868,staggered,8.4,394.6,157.6,75.4,1100.9,63.4,2400,0.0,0.0,16113,-613,77,discharging,None,None
18:39:12.371,staggered,8.4,394.6,158.7,36.2,1100.9,63.4,2400,0.0,0.0,16153,-596,77,discharging,None,None
18:39:12.879,staggered,8.3,394.6,158.7,70.6,1101.3,67.2,2400,0.0,0.0,16134,-548,77,discharging,None,None
18:39:13.383,staggered,8.3,402.8,158.7,13.1,1101.1,62.2,2400,0.0,0.0,16144,-590,77,discharging,None,None
18:39:13.891,staggered,8.3,402.8,169.7,67.5,1101.1,66.1,2400,0.0,0.0,16117,-560,77,discharging,None,None
18:39:14.394,staggered,8.3,406.7,169.7,52.2,1101.1,62.8,2400,0.0,0.0,16104,-627,77,discharging,None,None
18:39:14.903,staggered,8.3,406.7,169.7,13.1,1100.9,63.4,2400,0.0,0.0,16153,-563,77,discharging,None,None
18:39:15.407,staggered,8.3,406.7,265.2,99.5,1100.9,68.3,2400,0.0,0.0,16121,-529,77,discharging,None,None
18:39:15.910,staggered,8.3,525.9,265.2,16.5,1100.6,62.2,2400,0.0,0.0,16143,-626,77,discharging,None,None
18:39:16.423,staggered,8.4,525.9,265.2,32.0,1102.2,64.5,2400,0.0,0.0,16156,-508,77,discharging,None,None
18:39:16.927,staggered,8.4,666.3,419.1,100.0,1102.5,67.2,2400,0.0,0.0,16113,-573,77,discharging,None,None
18:39:17.431,staggered,8.3,666.3,419.1,6.0,1103.4,62.8,2400,0.0,0.0,16143,-650,77,discharging,None,None
18:39:17.944,staggered,8.3,666.3,419.1,41.8,1103.4,66.1,2400,0.0,0.0,16156,-493,77,discharging,None,None
18:39:18.448,staggered,8.3,666.3,504.6,100.0,1103.4,67.2,2400,0.0,0.0,16110,-592,77,discharging,None,None
18:39:18.952,staggered,8.3,751.0,504.6,9.5,1103.0,62.2,2400,0.0,0.0,16143,-673,77,discharging,None,None
18:39:19.460,staggered,8.3,751.0,504.6,36.5,1103.0,65.5,2400,0.0,0.0,16156,-498,77,discharging,None,None
18:39:20.051,staggered,8.3,478.6,423.2,89.8,1103.2,63.9,2400,0.0,0.0,16108,-650,77,discharging,None,None
18:39:20.555,staggered,8.3,478.6,423.2,2.5,1103.4,61.7,2400,0.0,0.0,16152,-577,77,discharging,None,None
18:39:21.058,staggered,8.3,395.7,423.2,82.3,1103.3,64.5,2400,0.0,0.0,16109,-569,77,discharging,None,None
18:39:21.562,staggered,7.3,395.7,166.6,35.7,1103.3,63.9,2400,0.0,0.0,16113,-635,77,discharging,None,None
18:39:22.071,staggered,7.3,395.7,166.6,62.0,1104.0,66.7,2400,0.0,0.0,16114,-585,77,discharging,None,None
18:39:22.574,staggered,8.3,400.2,166.6,22.4,1103.8,62.2,2400,0.0,0.0,16141,-580,77,discharging,None,None
18:39:23.083,staggered,8.3,400.2,160.0,58.7,1103.7,65.5,2400,0.0,0.0,16143,-567,77,discharging,None,None
18:39:23.586,staggered,8.3,395.5,160.0,58.8,1103.7,63.4,2400,0.0,0.0,16113,-639,77,discharging,None,None
18:39:24.095,staggered,8.3,395.5,160.0,21.7,1103.3,64.5,2400,0.0,0.0,16150,-572,77,discharging,None,None
18:39:24.599,staggered,8.3,402.5,165.9,95.6,1103.3,65.5,2400,0.0,0.0,16100,-626,77,discharging,None,None
18:39:25.103,staggered,8.3,402.5,165.9,2.5,1103.0,61.7,1600,0.0,0.0,16147,-622,77,discharging,None,None
18:39:25.615,staggered,8.3,402.5,165.9,53.2,1103.4,65.0,2400,0.0,0.0,16142,-477,77,discharging,None,None
18:39:26.119,staggered,8.3,707.6,494.6,93.1,1103.2,65.0,2400,0.0,0.0,16106,-649,77,discharging,None,None
18:39:26.622,staggered,8.3,707.6,494.6,2.0,1103.2,62.2,2400,0.0,0.0,16148,-625,77,discharging,None,None
18:39:27.135,staggered,8.3,707.6,494.6,51.2,1102.8,64.5,2400,0.0,0.0,16142,-501,77,discharging,None,None
18:39:27.638,staggered,8.3,746.0,489.0,99.0,1104.3,66.7,2400,0.0,0.0,16104,-665,77,discharging,None,None
18:39:28.142,staggered,8.3,746.0,489.0,1.5,1104.4,61.7,2400,0.0,0.0,16146,-634,77,discharging,None,None
18:39:28.651,staggered,8.5,746.0,489.0,46.3,1104.4,66.7,2400,0.0,0.0,16149,-492,77,discharging,None,None
18:39:29.154,staggered,8.5,553.8,337.6,87.3,1103.9,64.5,2400,0.0,0.0,16109,-639,77,discharging,None,None
18:39:29.658,staggered,8.3,553.8,337.6,2.0,1103.9,61.7,2400,0.0,0.0,16151,-603,77,discharging,None,None
18:39:30.167,staggered,8.3,399.4,337.6,78.1,1103.7,66.7,2400,0.0,0.0,16118,-528,77,discharging,None,None
18:39:30.670,staggered,8.3,399.4,160.4,39.6,1103.2,62.8,2400,0.0,0.0,16107,-630,77,discharging,None,None
18:39:31.179,staggered,8.3,399.4,160.4,40.7,1103.2,66.7,2400,0.0,0.0,16149,-566,77,discharging,None,None
18:39:31.687,staggered,8.3,398.8,160.4,51.5,1103.0,64.5,2400,0.0,0.0,16125,-581,77,discharging,None,None
18:39:32.192,staggered,8.3,398.8,159.1,39.2,1102.6,62.8,2400,0.0,0.0,16144,-617,77,discharging,None,None
18:39:32.695,staggered,8.3,399.5,159.1,78.7,1102.6,63.4,2400,0.0,0.0,16110,-641,77,discharging,None,None
18:39:33.199,staggered,7.9,399.5,159.1,35.9,1102.7,63.9,2400,0.0,0.0,16152,-595,77,discharging,None,None
18:39:33.707,staggered,7.9,399.5,159.1,66.3,1102.7,67.8,2400,0.0,0.0,16126,-551,77,discharging,None,None
18:39:34.210,staggered,7.9,399.4,159.1,17.9,1102.3,62.8,2400,0.0,0.0,16143,-593,77,discharging,None,None
18:39:34.719,staggered,8.3,399.4,167.2,63.0,1102.3,67.8,2400,0.0,0.0,16119,-552,77,discharging,None,None
18:39:35.222,staggered,8.3,407.4,167.2,55.7,1101.9,62.8,2400,0.0,0.0,16104,-623,77,discharging,None,None
18:39:35.728,staggered,8.4,407.4,167.2,3.0,1101.9,61.7,1600,0.0,0.0,16154,-553,77,discharging,None,None
18:39:36.236,staggered,8.4,407.4,427.8,100.0,1101.9,67.2,2400,0.0,0.0,16120,-519,77,discharging,None,None
18:39:36.739,staggered,8.4,610.0,427.8,36.3,1101.6,62.8,2400,0.0,0.0,16127,-638,77,discharging,None,None
18:39:37.249,staggered,8.3,610.0,427.8,11.1,1101.6,65.0,2400,0.0,0.0,16153,-527,77,discharging,None,None
18:39:37.758,staggered,8.3,610.0,427.8,100.0,1101.6,67.2,2400,0.0,0.0,16113,-559,77,discharging,None,None
18:39:38.261,staggered,8.3,776.4,535.3,47.5,1101.4,63.4,2400,0.0,0.0,16109,-690,77,discharging,None,None
18:39:38.765,staggered,8.3,776.4,535.3,2.0,1102.2,61.7,2400,0.0,0.0,16152,-545,77,discharging,None,None
18:39:39.275,staggered,8.3,776.4,535.3,98.5,1102.3,66.7,2400,0.0,0.0,16113,-537,77,discharging,None,None
18:39:39.778,staggered,8.3,551.9,327.4,33.3,1102.1,63.4,2400,0.0,0.0,16124,-650,77,discharging,None,None
18:39:40.286,staggered,8.3,551.9,327.4,33.3,1102.1,66.1,2400,0.0,0.0,16151,-537,77,discharging,None,None
18:39:40.790,staggered,8.3,404.6,169.4,83.7,1102.1,66.7,2400,0.0,0.0,16103,-584,77,discharging,None,None
18:39:41.294,staggered,8.3,404.6,169.4,5.0,1101.8,62.2,2400,0.0,0.0,16140,-641,77,discharging,None,None
18:39:41.797,staggered,8.3,406.5,169.4,82.5,1101.6,65.0,2400,0.0,0.0,16114,-599,77,discharging,None,None
18:39:42.301,staggered,8.3,406.5,159.5,36.0,1101.6,62.8,2400,0.0,0.0,16135,-632,77,discharging,None,None
18:39:42.812,staggered,8.3,406.5,159.5,54.9,1101.6,65.5,2400,0.0,0.0,16151,-563,77,discharging,None,None
18:39:43.315,staggered,8.3,411.6,159.5,31.3,1101.8,62.8,2400,0.0,0.0,16126,-588,77,discharging,None,None
18:39:43.823,staggered,8.3,411.6,159.4,49.5,1101.8,65.0,2400,0.0,0.0,16115,-608,77,discharging,None,None
18:39:44.332,staggered,8.3,588.4,159.4,91.2,1102.0,65.5,2400,0.0,0.0,16106,-629,77,discharging,None,None
18:39:44.840,staggered,8.3,588.4,159.4,28.4,1102.0,66.1,2400,0.0,0.0,16142,-610,77,discharging,None,None
18:39:45.344,staggered,8.3,588.4,158.0,50.7,1101.6,66.7,2400,0.0,0.0,16146,-535,77,discharging,None,None
18:39:45.848,staggered,7.3,406.4,158.0,43.0,1101.6,61.7,1900,0.0,0.0,16103,-639,77,discharging,None,None
18:39:46.359,staggered,7.3,406.4,180.4,42.9,1101.6,62.2,2400,0.0,0.0,16154,-581,77,discharging,None,None
18:39:46.863,staggered,8.3,395.1,180.4,79.1,1101.1,64.5,2400,0.0,0.0,16103,-586,77,discharging,None,None
18:39:47.366,staggered,8.3,395.1,180.4,2.5,1101.1,62.2,2400,0.0,0.0,16142,-611,77,discharging,None,None
18:39:47.875,staggered,8.3,395.1,315.7,84.6,1101.1,66.7,2400,0.0,0.0,16126,-536,77,discharging,None,None
18:39:48.378,staggered,8.3,546.5,315.7,47.3,1100.9,62.8,2400,0.0,0.0,16101,-660,77,discharging,None,None
18:39:48.882,staggered,8.3,546.5,315.7,3.0,1100.9,61.7,2400,0.0,0.0,16151,-583,77,discharging,None,None
18:39:49.395,staggered,8.3,546.5,315.7,98.5,1100.9,67.8,2400,0.0,0.0,16122,-515,77,discharging,None,None
18:39:49.898,staggered,8.3,733.2,502.4,49.0,1100.4,63.4,2400,0.0,0.0,16103,-671,77,discharging,None,None
18:39:50.402,staggered,8.4,733.2,502.4,2.5,1100.4,61.7,2400,0.0,0.0,16148,-586,77,discharging,None,None
18:39:50.915,staggered,8.4,733.2,502.4,96.1,1100.4,66.7,2400,0.0,0.0,16117,-525,77,discharging,None,None
18:39:51.419,staggered,8.3,647.3,397.3,38.6,1101.2,62.8,2400,0.0,0.0,16105,-665,77,discharging,None,None
18:39:51.924,staggered,8.3,647.3,397.3,11.9,1102.4,63.9,2400,0.0,0.0,16150,-571,77,discharging,None,None
18:39:52.432,staggered,8.3,416.3,397.3,100.0,1103.2,67.2,2400,0.0,0.0,16113,-537,77,discharging,None,None
18:39:52.935,staggered,8.3,416.3,184.9,9.0,1103.5,62.2,2400,0.0,0.0,16138,-621,77,discharging,None,None
18:39:53.444,staggered,8.3,416.3,184.9,70.8,1103.5,67.2,2400,0.0,0.0,16153,-543,77,discharging,None,None
18:39:53.947,staggered,8.3,392.1,168.2,48.0,1103.0,63.4,2400,0.0,0.0,16134,-577,77,discharging,None,None
18:39:54.455,staggered,8.3,392.1,168.2,35.3,1103.0,66.1,2400,0.0,0.0,16145,-584,77,discharging,None,None
18:39:54.958,staggered,8.3,398.0,168.2,48.8,1102.5,62.2,2400,0.0,0.0,16108,-605,77,discharging,None,None
18:39:55.462,staggered,8.4,398.0,159.2,35.6,1103.3,62.8,2400,0.0,0.0,16130,-619,77,discharging,None,None
18:39:55.965,staggered,8.4,398.6,159.2,82.6,1103.4,63.9,2400,0.0,0.0,16122,-558,77,discharging,None,None
18:39:56.472,staggered,8.3,398.6,159.2,27.7,1103.8,65.5,2400,0.0,0.0,16143,-561,77,discharging,None,None
18:39:56.976,staggered,8.3,398.6,169.0,78.2,1103.9,66.7,2400,0.0,0.0,16128,-557,77,discharging,None,None
18:39:57.480,staggered,7.9,399.4,169.0,24.9,1103.4,62.8,2400,0.0,0.0,16109,-629,77,discharging,None,None
18:39:57.991,staggered,7.9,399.4,227.4,47.3,1103.4,65.5,2400,0.0,0.0,16152,-546,77,discharging,None,None
18:39:58.495,staggered,7.9,463.0,227.4,74.4,1102.7,63.9,2400,0.0,0.0,16109,-581,77,discharging,None,None
18:39:58.998,staggered,8.3,463.0,227.4,2.0,1110.9,61.1,2400,0.0,0.0,16142,-631,77,discharging,None,None
18:39:59.511,staggered,8.3,463.0,227.4,72.3,1111.3,66.7,2400,0.0,0.0,16152,-494,77,discharging,None,None
18:40:00.014,staggered,8.3,731.8,484.2,75.1,1111.2,63.9,2400,0.0,0.0,16103,-632,77,discharging,None,None
18:40:00.518,staggered,8.3,731.8,484.2,2.5,1111.2,61.7,2400,0.0,0.0,16137,-669,77,discharging,None,None
18:40:01.034,staggered,8.3,731.8,484.2,69.0,1114.9,65.5,2400,0.0,0.0,16149,-521,77,discharging,None,None
18:40:01.537,staggered,8.3,767.4,496.0,85.4,1116.3,64.5,2400,0.0,0.0,16103,-645,77,discharging,None,None
18:40:02.041,staggered,8.3,767.4,496.0,3.0,1115.6,62.2,2400,0.0,0.0,16139,-688,77,discharging,None,None
18:40:02.548,staggered,8.3,767.4,496.0,60.1,1116.0,66.7,2400,0.0,0.0,16151,-506,77,discharging,None,None
18:40:03.052,staggered,8.3,542.9,317.1,71.5,1114.6,63.4,2400,0.0,0.0,16104,-612,77,discharging,None,None
18:40:03.555,staggered,8.4,542.9,317.1,2.5,1114.6,62.2,2400,0.0,0.0,16139,-657,77,discharging,None,None
18:40:04.059,staggered,8.4,411.3,317.1,83.5,1112.2,65.0,2400,0.0,0.0,16138,-535,77,discharging,None,None
18:40:04.563,staggered,8.4,411.3,161.4,37.1,1112.2,62.8,2400,0.0,0.0,16124,-641,77,discharging,None,None
18:40:05.072,staggered,8.3,411.3,161.4,53.2,1112.0,66.7,2400,0.0,0.0,16148,-584,77,discharging,None,None
18:40:05.576,staggered,8.3,399.4,161.4,55.6,1110.6,66.7,2400,0.0,0.0,16103,-581,77,discharging,None,None
18:40:06.087,staggered,8.3,399.4,163.3,27.7,1109.4,63.9,2400,0.0,0.0,16123,-640,77,discharging,None,None
18:40:06.591,staggered,8.3,409.9,163.3,69.5,1109.6,62.2,2400,0.0,0.0,16111,-604,77,discharging,None,None
18:40:07.094,staggered,8.3,409.9,174.5,38.4,1107.7,62.8,2400,0.0,0.0,16124,-622,77,discharging,None,None
18:40:07.602,staggered,8.3,409.9,174.5,77.0,1107.7,66.7,2400,0.0,0.0,16110,-612,77,discharging,None,None
18:40:08.106,staggered,8.3,396.9,174.5,7.4,1106.8,62.2,2400,0.0,0.0,16142,-579,77,discharging,None,None
18:40:08.618,staggered,8.3,396.9,341.3,62.2,1106.8,65.0,2400,0.0,0.0,16126,-531,77,discharging,None,None
18:40:09.122,staggered,8.3,446.1,341.3,73.8,1105.9,63.9,2400,0.0,0.0,16101,-646,77,discharging,None,None
18:40:09.625,staggered,7.6,446.1,341.3,2.5,1105.9,61.7,2400,0.0,0.0,16152,-565,77,discharging,None,None
18:40:10.135,staggered,7.6,446.1,385.8,79.4,1105.7,66.1,2400,0.0,0.0,16119,-520,77,discharging,None,None
18:40:10.639,staggered,7.6,598.9,385.8,52.0,1105.3,63.4,2400,0.0,0.0,16119,-645,77,discharging,None,None
18:40:11.143,staggered,8.3,598.9,385.8,2.5,1104.5,61.7,2400,0.0,0.0,16153,-538,77,discharging,None,None
18:40:11.655,staggered,8.3,598.9,385.8,93.6,1104.5,66.1,2400,0.0,0.0,16123,-531,77,discharging,None,None
18:40:12.160,staggered,8.3,736.4,489.5,56.1,1105.3,62.2,2400,0.0,0.0,16112,-659,77,discharging,None,None
18:40:12.663,staggered,8.3,736.4,489.5,2.5,1105.3,61.1,2400,0.0,0.0,16152,-541,77,discharging,None,None
18:40:13.172,staggered,8.3,736.4,489.5,89.7,1105.3,66.7,2400,0.0,0.0,16112,-538,77,discharging,None,None
18:40:13.676,staggered,8.3,567.7,379.1,48.0,1105.1,62.8,2400,0.0,0.0,16119,-653,77,discharging,None,None
18:40:14.184,staggered,8.3,567.7,379.1,22.5,1104.1,63.9,2400,0.0,0.0,16152,-528,77,discharging,None,None
18:40:14.688,staggered,8.3,403.1,379.1,80.5,1104.1,67.2,2400,0.0,0.0,16106,-561,77,discharging,None,None
18:40:15.192,staggered,8.3,403.1,160.2,18.3,1103.7,62.2,2400,0.0,0.0,16142,-621,77,discharging,None,None
18:40:15.699,staggered,8.3,399.4,160.2,80.9,1103.7,66.1,2400,0.0,0.0,16115,-581,77,discharging,None,None
18:40:16.203,staggered,8.3,399.4,166.2,39.3,1103.2,63.4,2400,0.0,0.0,16136,-609,77,discharging,None,None
18:40:16.711,staggered,8.3,399.4,166.2,46.6,1103.2,67.2,2400,0.0,0.0,16150,-537,77,discharging,None,None
18:40:17.215,staggered,8.3,403.5,166.2,40.3,1102.7,62.2,2400,0.0,0.0,16127,-567,77,discharging,None,None
18:40:17.724,staggered,8.3,403.5,162.8,41.5,1102.7,63.9,2400,0.0,0.0,16117,-590,77,discharging,None,None
18:40:18.228,staggered,8.4,399.4,162.8,76.0,1102.5,63.4,2400,0.0,0.0,16109,-619,77,discharging,None,None
18:40:18.736,staggered,8.4,399.4,162.8,12.8,1103.7,63.4,2400,0.0,0.0,16152,-563,77,discharging,None,None
18:40:19.240,staggered,8.3,399.4,163.9,93.5,1103.4,67.8,2400,0.0,0.0,16128,-550,77,discharging,None,None
18:40:19.744,staggered,8.3,399.4,163.9,14.1,1103.4,62.2,2400,0.0,0.0,16142,-622,77,discharging,None,None
18:40:20.255,staggered,8.3,399.4,163.9,41.1,1103.0,66.1,2400,0.0,0.0,16156,-506,77,discharging,None,None
18:40:20.827,staggered,8.2,399.4,784.3,100.0,1103.0,67.2,2400,0.0,0.0,16110,-607,77,discharging,None,None
18:40:21.331,staggered,8.2,786.4,784.3,14.6,1102.2,62.2,2400,0.0,0.0,16135,-680,77,discharging,None,None
18:40:21.839,staggered,8.2,786.4,784.3,31.8,1102.2,63.9,2400,0.0,0.0,16154,-504,77,discharging,None,None
18:40:22.342,staggered,6.7,514.6,285.2,98.5,1102.5,66.1,2400,0.0,0.0,16109,-556,77,discharging,None,None
18:40:22.846,staggered,6.7,514.6,285.2,2.0,1102.0,61.7,2400,0.0,0.0,16142,-629,77,discharging,None,None
18:40:23.359,staggered,8.3,514.6,285.2,70.3,1102.0,66.7,2400,0.0,0.0,16148,-529,77,discharging,None,None
18:40:23.862,staggered,8.3,400.4,156.9,46.8,1102.1,62.8,2400,0.0,0.0,16135,-602,77,discharging,None,None
18:40:24.371,staggered,8.3,400.4,156.9,35.0,1102.1,65.5,2400,0.0,0.0,16149,-579,77,discharging,None,None
18:40:24.876,staggered,8.3,396.2,156.9,49.5,1101.2,62.8,2400,0.0,0.0,16106,-582,77,discharging,None,None
18:40:25.380,staggered,8.3,396.2,169.8,36.8,1101.2,61.7,2400,0.0,0.0,16114,-623,77,discharging,None,None
18:40:25.883,staggered,8.3,407.3,169.8,83.0,1100.7,63.9,2400,0.0,0.0,16116,-563,77,discharging,None,None
18:40:26.391,staggered,8.3,407.3,169.8,28.6,1115.6,65.5,2400,0.0,0.0,16141,-564,77,discharging,None,None
18:40:26.895,staggered,8.3,407.3,159.5,65.3,1117.2,66.7,2400,0.0,0.0,16148,-551,77,discharging,None,None
18:40:27.399,staggered,8.3,399.4,159.5,25.5,1117.2,62.2,2400,0.0,0.0,16111,-623,77,discharging,None,None
18:40:27.907,staggered,8.3,399.4,159.3,54.8,1116.7,65.5,2400,0.0,0.0,16151,-564,77,discharging,None,None
18:40:28.411,staggered,8.3,399.2,159.3,63.7,1116.7,62.8,2400,0.0,0.0,16104,-604,77,discharging,None,None
18:40:28.915,staggered,8.3,399.2,159.3,1.5,1113.6,62.8,2400,0.0,0.0,16147,-607,77,discharging,None,None
18:40:29.423,staggered,8.2,399.2,379.5,89.6,1115.1,66.7,2400,0.0,0.0,16134,-495,77,discharging,None,None
18:40:29.926,staggered,8.2,608.5,379.5,42.6,1113.4,63.9,2400,0.0,0.0,16100,-642,77,discharging,None,None
18:40:30.439,staggered,8.5,608.5,379.5,4.5,1113.4,61.7,2400,0.0,0.0,16151,-579,77,discharging,None,None
18:40:30.943,staggered,8.5,608.5,379.5,100.0,1117.8,65.0,2400,0.0,0.0,16119,-498,77,discharging,None,None
18:40:31.447,staggered,8.5,731.6,540.0,44.5,1117.9,62.8,2400,0.0,0.0,16102,-667,77,discharging,None,None
18:40:31.956,staggered,8.3,731.6,540.0,2.5,1115.8,60.6,1600,0.0,0.0,16151,-583,77,discharging,None,None
18:40:32.461,staggered,8.3,731.6,540.0,100.0,1115.8,66.7,2400,0.0,0.0,16131,-482,77,discharging,None,None
18:40:32.964,staggered,8.3,520.5,287.1,37.5,1116.0,62.2,2400,0.0,0.0,16105,-626,77,discharging,None,None
18:40:33.471,staggered,8.3,520.5,287.1,40.6,1116.0,66.1,2400,0.0,0.0,16150,-570,77,discharging,None,None
18:40:33.975,staggered,8.3,405.7,158.4,78.0,1115.8,65.5,2400,0.0,0.0,16108,-577,77,discharging,None,None
18:40:34.483,staggered,7.9,405.7,158.4,2.5,1115.8,62.2,2400,0.0,0.0,16143,-635,77,discharging,None,None
18:40:34.987,staggered,7.9,399.5,158.4,81.3,1111.6,63.4,2400,0.0,0.0,16121,-573,77,discharging,None,None
18:40:35.491,staggered,8.3,399.5,157.1,35.8,1111.6,62.8,2400,0.0,0.0,16139,-600,77,discharging,None,None
18:40:35.999,staggered,8.3,399.5,157.1,64.2,1111.6,67.2,2400,0.0,0.0,16144,-568,77,discharging,None,None
18:40:36.503,staggered,8.4,399.2,157.1,20.4,1111.7,62.2,2400,0.0,0.0,16106,-609,77,discharging,None,None
18:40:37.014,staggered,8.4,399.2,170.7,62.3,1109.2,65.0,2400,0.0,0.0,16124,-549,77,discharging,None,None
18:40:37.518,staggered,8.4,399.6,170.7,55.7,1109.2,62.8,2400,0.0,0.0,16124,-623,77,discharging,None,None
18:40:38.026,staggered,8.3,399.6,170.7,31.3,1107.1,65.5,2400,0.0,0.0,16153,-568,77,discharging,None,None
18:40:38.530,staggered,8.3,394.5,163.8,86.2,1107.1,65.0,2400,0.0,0.0,16104,-618,77,discharging,None,None
18:40:39.034,staggered,8.3,394.5,163.8,2.5,1106.4,62.2,2400,0.0,0.0,16150,-589,77,discharging,None,None
18:40:39.547,staggered,8.3,394.5,163.8,61.1,1106.4,66.7,2400,0.0,0.0,16120,-496,77,discharging,None,None
18:40:40.050,staggered,8.3,586.1,383.1,66.3,1106.0,62.2,2400,0.0,0.0,16101,-644,77,discharging,None,None
18:40:40.554,staggered,8.3,586.1,383.1,1.5,1106.0,61.7,2400,0.0,0.0,16148,-575,77,discharging,None,None
18:40:41.070,staggered,8.3,586.1,383.1,79.8,1106.0,66.1,2400,0.0,0.0,16113,-542,77,discharging,None,None
18:40:41.574,staggered,8.3,753.6,478.8,72.7,1104.7,64.5,2400,0.0,0.0,16099,-696,77,discharging,None,None
18:40:42.077,staggered,8.3,753.6,478.8,2.0,1104.2,61.7,1900,0.0,0.0,16148,-586,77,discharging,None,None
18:40:42.591,staggered,8.3,753.6,478.8,73.4,1104.2,65.0,2400,0.0,0.0,16127,-506,77,discharging,None,None
18:40:43.094,staggered,8.3,647.6,406.5,67.0,1103.8,63.9,2400,0.0,0.0,16104,-653,77,discharging,None,None
18:40:43.598,staggered,8.4,647.6,406.5,2.5,1103.8,61.1,2400,0.0,0.0,16149,-577,77,discharging,None,None
18:40:44.102,staggered,8.4,399.2,406.5,82.7,1103.4,65.0,2400,0.0,0.0,16110,-555,77,discharging,None,None
18:40:44.606,staggered,8.4,399.2,159.5,35.6,1103.4,62.8,2400,0.0,0.0,16134,-639,77,discharging,None,None
18:40:45.112,staggered,8.4,399.2,159.5,49.3,1102.9,66.1,2400,0.0,0.0,16142,-559,77,discharging,None,None
18:40:45.615,staggered,8.4,367.4,146.4,55.7,1102.9,65.5,2400,0.0,0.0,16143,-568,77,discharging,None,None
18:40:46.123,staggered,8.4,367.4,146.4,20.0,1102.2,63.9,2400,0.0,0.0,16147,-551,77,discharging,None,None
18:40:46.626,staggered,8.4,363.3,146.4,57.1,1102.2,62.8,2400,0.0,0.0,16106,-587,77,discharging,None,None
18:40:47.130,staggered,8.4,363.3,147.4,32.5,1102.2,64.5,2400,0.0,0.0,16126,-604,77,discharging,None,None
18:40:47.634,staggered,8.4,374.4,147.4,77.6,1102.2,64.5,2400,0.0,0.0,16117,-575,77,discharging,None,None
18:40:48.137,staggered,8.4,374.4,147.4,0.0,1102.1,61.7,2400,0.0,0.0,16149,-537,77,discharging,None,None
18:40:48.644,staggered,8.4,374.4,148.7,86.2,1102.1,66.7,2400,0.0,0.0,16134,-537,77,discharging,None,None
18:40:49.147,staggered,8.4,364.4,148.7,20.9,1101.4,62.2,2400,0.0,0.0,16143,-603,77,discharging,None,None
18:40:49.660,staggered,8.4,364.4,148.7,29.1,1101.4,65.0,2400,0.0,0.0,16156,-498,77,discharging,None,None
18:40:50.163,staggered,8.4,539.1,327.7,86.2,1101.6,64.5,2400,0.0,0.0,16106,-600,77,discharging,None,None
18:40:50.667,staggered,8.4,539.1,327.7,0.0,1101.6,61.1,2400,0.0,0.0,16149,-607,77,discharging,None,None
18:40:51.182,staggered,8.4,539.1,327.7,58.6,1101.6,65.0,2400,0.0,0.0,16143,-480,77,discharging,None,None
18:40:51.686,staggered,8.4,743.9,530.4,89.3,1101.6,64.5,2400,0.0,0.0,16105,-647,77,discharging,None,None
18:40:52.189,staggered,8.4,743.9,530.4,0.0,1101.1,61.1,2400,0.0,0.0,16147,-614,77,discharging,None,None
18:40:52.696,staggered,8.4,743.9,530.4,54.2,1101.1,65.5,2400,0.0,0.0,16150,-463,76,discharging,None,None
18:40:53.199,staggered,8.4,414.7,203.7,58.7,1101.1,62.8,2400,0.0,0.0,16105,-599,76,discharging,None,None
18:40:53.708,staggered,8.4,414.7,203.7,12.9,1101.1,63.9,2400,0.0,0.0,16152,-566,76,discharging,None,None
18:40:54.213,staggered,8.4,364.1,203.7,69.3,1101.4,63.9,2400,0.0,0.0,16106,-546,76,discharging,None,None
18:40:54.716,staggered,8.4,364.1,147.6,25.0,1101.6,61.7,2400,0.0,0.0,16145,-603,76,discharging,None,None
18:40:55.220,staggered,8.4,363.7,147.6,75.2,1101.6,64.5,2400,0.0,0.0,16118,-562,76,discharging,None,None
18:40:55.723,staggered,8.4,363.7,147.2,32.3,1101.6,63.4,2400,0.0,0.0,16145,-563,76,discharging,None,None
18:40:56.231,staggered,8.4,363.7,147.2,52.0,1101.6,65.5,2400,0.0,0.0,16148,-540,76,discharging,None,None
18:40:56.734,staggered,8.4,367.5,147.2,23.8,1101.3,61.7,2400,0.0,0.0,16140,-587,76,discharging,None,None
18:40:57.239,staggered,8.4,367.5,147.6,53.0,1101.1,65.5,2400,0.0,0.0,16129,-565,76,discharging,None,None
18:40:57.743,staggered,8.4,367.4,147.6,55.0,1101.1,61.7,1500,0.0,0.0,16104,-603,76,discharging,None,None
18:40:58.251,staggered,8.4,367.4,147.6,5.0,1101.1,60.6,1500,0.0,0.0,16158,-524,76,discharging,None,None
18:40:58.755,staggered,8.4,367.4,395.3,100.0,1101.1,66.7,2400,0.0,0.0,16119,-490,76,discharging,None,None
18:40:59.259,staggered,8.4,546.4,395.3,22.4,1101.1,61.1,2400,0.0,0.0,16136,-619,76,discharging,None,None
18:40:59.767,staggered,8.4,546.4,395.3,21.9,1101.1,63.4,2400,0.0,0.0,16154,-510,76,discharging,None,None
18:41:00.275,staggered,8.4,546.4,395.3,100.0,1101.6,66.7,2400,0.0,0.0,16111,-563,76,discharging,None,None
18:41:00.778,staggered,8.4,733.2,509.9,25.6,1101.6,62.8,2400,0.0,0.0,16130,-669,76,discharging,None,None
18:41:01.287,staggered,8.4,733.2,509.9,18.9,1101.6,63.4,2400,0.0,0.0,16154,-509,76,discharging,None,None
18:41:01.790,staggered,8.4,411.3,199.6,91.1,1101.6,64.5,2400,0.0,0.0,16107,-560,76,discharging,None,None
18:41:02.294,staggered,8.4,411.3,199.6,0.0,1101.3,61.7,2400,0.0,0.0,16143,-610,76,discharging,None,None
18:41:02.797,staggered,8.4,361.9,199.6,75.0,1101.3,65.5,2400,0.0,0.0,16128,-534,76,discharging,None,None
18:41:03.301,staggered,8.4,361.9,149.3,32.3,1101.6,62.2,2400,0.0,0.0,16124,-602,76,discharging,None,None
18:41:03.808,staggered,8.4,361.9,149.3,48.8,1101.6,65.0,2400,0.0,0.0,16158,-519,76,discharging,None,None
18:41:04.315,staggered,8.4,381.2,149.3,35.8,1101.4,63.4,2400,0.0,0.0,16124,-523,76,discharging,None,None
18:41:04.825,staggered,8.4,381.2,151.4,40.6,1101.4,63.4,2400,0.0,0.0,16135,-582,76,discharging,None,None
18:41:05.329,staggered,8.4,367.4,151.4,59.6,1101.4,62.2,2400,0.0,0.0,16109,-602,76,discharging,None,None
18:41:05.833,staggered,8.4,367.4,146.5,32.3,1101.6,63.4,2400,0.0,0.0,16152,-548,76,discharging,None,None
18:41:06.336,staggered,8.4,363.2,146.5,75.1,1101.6,64.5,2400,0.0,0.0,16113,-546,76,discharging,None,None
18:41:06.840,staggered,8.4,363.2,146.5,0.0,1101.6,61.1,2400,0.0,0.0,16141,-600,76,discharging,None,None
18:41:07.347,staggered,8.4,363.2,268.6,72.6,1101.6,65.0,2400,0.0,0.0,16139,-520,76,discharging,None,None
18:41:07.851,staggered,8.4,470.3,268.6,43.6,1101.3,62.8,2400,0.0,0.0,16102,-620,76,discharging,None,None
18:41:08.360,staggered,8.4,470.3,268.6,1.5,1101.3,60.6,2400,0.0,0.0,16152,-561,76,discharging,None,None
18:41:08.875,staggered,8.4,470.3,384.0,100.0,1101.3,65.5,2400,0.0,0.0,16121,-509,76,discharging,None,None
18:41:09.378,staggered,8.4,629.4,384.0,23.8,1101.3,62.2,2400,0.0,0.0,16120,-619,76,discharging,None,None
18:41:09.888,staggered,8.4,629.4,384.0,20.8,1101.3,63.9,2400,0.0,0.0,16154,-514,76,discharging,None,None
18:41:10.391,staggered,8.4,560.0,336.9,98.5,1101.3,66.1,2400,0.0,0.0,16112,-542,76,discharging,None,None
18:41:10.895,staggered,8.4,560.0,336.9,0.5,1101.7,61.1,2400,0.0,0.0,16143,-623,76,discharging,None,None
18:41:11.403,staggered,8.4,560.0,336.9,51.5,1101.6,64.5,2400,0.0,0.0,16156,-495,76,discharging,None,None
18:41:11.907,staggered,8.4,366.8,148.5,55.7,1101.6,61.7,2400,0.0,0.0,16116,-580,76,discharging,None,None
18:41:12.416,staggered,8.4,366.8,148.5,20.5,1101.6,64.5,2400,0.0,0.0,16148,-593,76,discharging,None,None
18:41:12.920,staggered,8.4,367.4,148.5,54.4,1101.8,62.2,2400,0.0,0.0,16111,-566,76,discharging,None,None
18:41:13.423,staggered,8.4,367.4,147.7,32.2,1101.8,61.1,2400,0.0,0.0,16113,-602,76,discharging,None,None
18:41:13.927,staggered,8.4,379.0,147.7,78.1,1101.8,63.4,2400,0.0,0.0,16128,-541,76,discharging,None,None
18:41:14.434,staggered,8.4,379.0,147.7,31.0,1101.8,65.0,2400,0.0,0.0,16144,-536,76,discharging,None,None
18:41:14.938,staggered,8.4,379.0,147.7,57.1,1101.8,66.1,2400,0.0,0.0,16150,-527,76,discharging,None,None
18:41:15.442,staggered,8.4,363.3,147.7,19.3,1101.6,62.2,2400,0.0,0.0,16116,-602,76,discharging,None,None
18:41:15.951,staggered,8.4,363.3,150.8,56.5,1101.3,65.0,2400,0.0,0.0,16153,-562,76,discharging,None,None
18:41:16.455,staggered,8.4,366.7,150.8,50.2,1102.2,62.8,2400,0.0,0.0,16105,-602,76,discharging,None,None
18:41:16.958,staggered,8.4,366.7,150.8,0.0,1102.2,61.1,2400,0.0,0.0,16152,-576,76,discharging,None,None
18:41:17.470,staggered,8.4,366.7,467.6,97.5,1102.2,66.7,2400,0.0,0.0,16125,-484,76,discharging,None,None
18:41:17.974,staggered,8.4,659.8,467.6,38.9,1103.5,62.2,2400,0.0,0.0,16098,-654,76,discharging,None,None
18:41:18.483,staggered,8.4,659.8,467.6,6.4,1126.2,63.9,2400,0.0,0.0,16151,-576,76,discharging,None,None
18:41:18.991,staggered,8.4,659.8,467.6,100.0,1128.8,66.1,2400,0.0,0.0,16117,-500,76,discharging,None,None
18:41:19.494,staggered,8.4,655.3,455.4,28.4,1128.6,61.7,2400,0.0,0.0,16101,-635,76,discharging,None,None
18:41:20.003,staggered,8.4,655.3,455.4,18.9,1127.5,63.9,2400,0.0,0.0,16151,-540,76,discharging,None,None
18:41:20.506,staggered,8.4,367.5,148.7,87.7,1127.5,63.9,2400,0.0,0.0,16112,-526,76,discharging,None,None
18:41:21.010,staggered,8.4,367.5,148.7,0.5,1121.3,62.2,2400,0.0,0.0,16143,-602,76,discharging,None,None
18:41:21.513,staggered,8.4,366.9,148.7,75.5,1121.3,63.9,2400,0.0,0.0,16143,-536,76,discharging,None,None
18:41:22.017,staggered,8.4,366.9,149.5,32.8,1119.2,62.2,2400,0.0,0.0,16142,-577,76,discharging,None,None
18:41:22.524,staggered,8.4,366.9,149.5,56.4,1119.2,66.1,2400,0.0,0.0,16150,-548,76,discharging,None,None
18:41:23.035,staggered,8.4,367.4,149.5,25.6,1117.9,62.2,2400,0.0,0.0,16106,-572,76,discharging,None,None
18:41:23.539,staggered,8.4,367.4,159.1,51.5,1118.4,65.5,2400,0.0,0.0,16114,-603,76,discharging,None,None
18:41:24.043,staggered,8.4,368.1,159.1,49.8,1115.0,62.2,1900,0.0,0.0,16109,-590,76,discharging,None,None
18:41:24.547,staggered,8.4,368.1,168.1,35.7,1115.0,63.9,2400,0.0,0.0,16152,-538,76,discharging,None,None
18:41:25.050,staggered,8.4,363.0,168.1,75.4,1112.1,63.4,2400,0.0,0.0,16132,-510,76,discharging,None,None
18:41:25.554,staggered,8.4,363.0,168.1,0.0,1112.1,61.1,2400,0.0,0.0,16141,-582,76,discharging,None,None
18:41:26.064,staggered,8.4,363.0,168.1,67.0,1112.1,66.7,2400,0.0,0.0,16154,-493,76,discharging,None,None
18:41:26.568,staggered,8.4,651.6,479.6,68.7,1110.3,63.4,2400,0.0,0.0,16105,-596,76,discharging,None,None
18:41:27.071,staggered,8.4,651.6,479.6,0.5,1109.0,62.2,2400,0.0,0.0,16141,-642,76,discharging,None,None
18:41:27.583,staggered,8.4,651.6,479.6,75.9,1109.9,66.1,2400,0.0,0.0,16154,-519,76,discharging,None,None
18:41:28.086,staggered,8.4,679.9,490.6,66.3,1109.0,63.4,2400,0.0,0.0,16106,-659,76,discharging,None,None
18:41:28.590,staggered,8.4,679.9,490.6,0.0,1109.0,61.7,2400,0.0,0.0,16152,-546,76,discharging,None,None
18:41:29.094,staggered,8.4,363.3,490.6,75.6,1107.8,63.9,2400,0.0,0.0,16113,-538,76,discharging,None,None
18:41:29.598,staggered,8.4,363.3,151.2,32.0,1107.8,60.6,1500,0.0,0.0,16146,-602,76,discharging,None,None
18:41:30.108,staggered,74.7,363.3,151.2,32.7,1106.8,64.5,2400,0.0,0.0,16153,-476,76,discharging,None,None
18:41:30.612,staggered,74.7,413.4,164.6,92.5,1106.8,65.5,2400,0.0,0.0,16107,-584,76,discharging,None,None
18:41:31.115,staggered,8.0,413.4,164.6,5.5,1106.6,61.1,2400,0.0,0.0,16143,-611,76,discharging,None,None
18:41:31.619,staggered,8.0,399.3,164.6,81.9,1106.6,66.1,2400,0.0,0.0,16114,-568,76,discharging,None,None
18:41:32.122,staggered,8.0,399.3,158.6,36.3,1106.2,63.4,2400,0.0,0.0,16112,-619,76,discharging,None,None
18:41:32.631,staggered,8.3,399.3,158.6,45.5,1106.2,66.1,2400,0.0,0.0,16144,-544,76,discharging,None,None
18:41:33.135,staggered,8.3,395.4,158.6,38.9,1105.9,62.8,2400,0.0,0.0,16141,-561,76,discharging,None,None
18:41:33.644,staggered,8.3,395.4,163.7,43.0,1105.9,63.4,2400,0.0,0.0,16142,-571,76,discharging,None,None
18:41:34.147,staggered,8.3,399.4,163.7,73.9,1105.7,63.9,2400,0.0,0.0,16105,-622,76,discharging,None,None
18:41:34.656,staggered,8.3,399.4,163.7,23.8,1105.7,64.5,2400,0.0,0.0,16151,-569,76,discharging,None,None
18:41:35.160,staggered,8.3,399.4,166.9,84.6,1105.5,66.1,2400,0.0,0.0,16108,-568,76,discharging,None,None
18:41:35.663,staggered,8.3,394.8,166.9,11.6,1104.5,62.2,2400,0.0,0.0,16140,-617,76,discharging,None,None
18:41:36.176,staggered,8.4,394.8,166.9,52.7,1104.1,66.1,2400,0.0,0.0,16139,-520,76,discharging,None,None
18:41:36.679,staggered,8.4,529.5,326.8,73.5,1103.8,63.4,2400,0.0,0.0,16101,-639,76,discharging,None,None
18:41:37.183,staggered,8.3,529.5,326.8,2.0,1103.6,62.2,2400,0.0,0.0,16150,-587,76,discharging,None,None
18:41:37.695,staggered,8.3,529.5,326.8,72.4,1103.6,66.1,2400,0.0,0.0,16117,-496,76,discharging,None,None
18:41:38.199,staggered,8.3,803.4,660.2,90.1,1102.7,65.0,2400,0.0,0.0,16104,-667,76,discharging,None,None
18:41:38.702,staggered,8.3,803.4,660.2,1.5,1102.7,61.7,2400,0.0,0.0,16146,-606,76,discharging,None,None
18:41:39.211,staggered,8.3,803.4,660.2,55.5,1102.2,67.2,2400,0.0,0.0,16141,-485,76,discharging,None,None
18:41:39.715,staggered,8.3,451.4,242.2,69.1,1102.2,63.4,2400,0.0,0.0,16108,-635,76,discharging,None,None
18:41:40.223,staggered,8.3,451.4,242.2,7.5,1102.2,63.9,2400,0.0,0.0,16151,-583,76,discharging,None,None
18:41:40.727,staggered,8.4,403.2,242.2,75.9,1102.2,64.5,2400,0.0,0.0,16109,-561,76,discharging,None,None
18:41:41.230,staggered,8.4,403.2,160.2,36.1,1101.3,62.2,2400,0.0,0.0,16135,-622,76,discharging,None,None
18:41:41.738,staggered,8.4,403.2,160.2,69.0,1101.3,67.8,2400,0.0,0.0,16128,-552,76,discharging,None,None
18:41:42.243,staggered,8.3,399.1,160.2,50.7,1101.0,66.1,2400,0.0,0.0,16135,-576,76,discharging,None,None
18:41:42.747,staggered,8.3,399.1,158.1,39.0,1101.0,66.7,2400,0.0,0.0,16142,-563,76,discharging,None,None
18:41:43.251,staggered,7.9,399.2,158.1,51.7,1101.6,63.4,2400,0.0,0.0,16106,-621,76,discharging,None,None
18:41:43.754,staggered,7.9,399.2,168.4,37.8,1109.1,63.4,2400,0.0,0.0,16141,-611,76,discharging,None,None
18:41:44.258,staggered,7.9,398.0,168.4,82.7,1109.1,64.5,2400,0.0,0.0,16108,-595,76,discharging,None,None
18:41:44.762,staggered,8.3,398.0,168.4,1.5,1109.1,62.2,2400,0.0,0.0,16143,-572,76,discharging,None,None
18:41:45.268,staggered,8.3,398.0,164.1,87.6,1107.2,67.2,2400,0.0,0.0,16114,-545,76,discharging,None,None
18:41:45.772,staggered,8.3,410.6,164.1,30.8,1107.2,62.2,2400,0.0,0.0,16131,-623,76,discharging,None,None
18:41:46.284,staggered,8.3,410.6,164.1,19.6,1107.0,65.0,2400,0.0,0.0,16151,-524,76,discharging,None,None
18:41:46.788,staggered,8.3,410.6,390.5,100.0,1106.6,67.2,2400,0.0,0.0,16114,-557,76,discharging,None,None
18:41:47.292,staggered,8.3,683.4,390.5,23.4,1107.2,62.8,2400,0.0,0.0,16139,-658,76,discharging,None,None
18:41:47.800,staggered,8.3,683.4,390.5,23.8,1115.6,64.5,2400,0.0,0.0,16153,-515,76,discharging,None,None
18:41:48.305,staggered,8.3,683.4,388.1,100.0,1117.1,67.2,2400,0.0,0.0,16108,-572,76,discharging,None,None
18:41:48.809,staggered,8.3,643.1,388.1,9.9,1115.2,61.7,2400,0.0,0.0,16138,-645,76,discharging,None,None
18:41:49.316,staggered,8.3,643.1,388.1,38.7,1115.2,65.0,2400,0.0,0.0,16153,-492,76,discharging,None,None
18:41:49.820,staggered,8.3,628.3,419.1,98.5,1110.6,66.7,2400,0.0,0.0,16107,-599,76,discharging,None,None
18:41:50.323,staggered,8.3,628.3,419.1,2.5,1110.6,61.7,2400,0.0,0.0,16141,-648,76,discharging,None,None
18:41:50.831,staggered,8.4,628.3,419.1,54.5,1110.2,66.1,2400,0.0,0.0,16152,-500,76,discharging,None,None
18:41:51.335,staggered,8.4,411.4,159.6,65.2,1109.6,63.9,2400,0.0,0.0,16111,-620,76,discharging,None,None
18:41:51.843,staggered,8.3,411.4,159.6,14.6,1109.2,63.9,2400,0.0,0.0,16149,-594,76,discharging,None,None
18:41:52.346,staggered,8.3,415.2,159.6,69.8,1108.1,63.4,2400,0.0,0.0,16108,-562,76,discharging,None,None
18:41:52.850,staggered,8.3,415.2,170.7,37.5,1107.5,61.7,2400,0.0,0.0,16112,-626,76,discharging,None,None
18:41:53.359,staggered,8.3,415.2,170.7,73.0,1107.1,67.2,2400,0.0,0.0,16131,-548,76,discharging,None,None
18:41:53.863,staggered,8.3,403.4,170.7,37.3,1107.2,66.1,2400,0.0,0.0,16141,-564,76,discharging,None,None
18:41:54.368,staggered,8.3,403.4,159.6,52.7,1106.6,66.1,2400,0.0,0.0,16139,-571,76,discharging,None,None
18:41:54.872,staggered,8.3,396.4,159.6,48.0,1106.1,63.4,2400,0.0,0.0,16102,-633,76,discharging,None,None
18:41:55.375,staggered,7.9,396.4,175.4,38.3,1105.6,62.8,2400,0.0,0.0,16153,-580,76,discharging,None,None
18:41:55.879,staggered,7.9,401.8,175.4,82.6,1104.3,64.5,2400,0.0,0.0,16108,-570,76,discharging,None,None
18:41:56.382,staggered,7.9,401.8,175.4,3.0,1104.3,61.7,2400,0.0,0.0,16142,-595,76,discharging,None,None
18:41:56.891,staggered,8.3,401.8,243.2,84.1,1104.3,67.2,2400,0.0,0.0,16119,-533,76,discharging,None,None
18:41:57.395,staggered,8.3,473.9,243.2,39.9,1105.3,63.4,2400,0.0,0.0,16104,-633,76,discharging,None,None
18:41:57.912,staggered,8.3,473.9,243.2,9.0,1105.1,63.4,2400,0.0,0.0,16149,-556,76,discharging,None,None
18:41:58.416,staggered,8.3,473.9,243.2,100.0,1105.1,67.8,2400,0.0,0.0,16117,-525,76,discharging,None,None
18:41:58.919,staggered,8.3,745.4,554.5,42.8,1104.6,62.8,2400,0.0,0.0,16100,-680,76,discharging,None,None
18:41:59.429,staggered,8.3,745.4,554.5,5.0,1104.5,62.8,2400,0.0,0.0,16149,-568,76,discharging,None,None
18:41:59.940,staggered,8.3,745.4,554.5,100.0,1104.5,67.2,2400,0.0,0.0,16116,-519,76,discharging,None,None
18:42:00.443,staggered,8.2,654.7,452.8,40.3,1105.5,63.4,2400,0.0,0.0,16100,-671,76,discharging,None,None
18:42:00.950,staggered,8.2,654.7,452.8,18.3,1106.3,65.0,2400,0.0,0.0,16147,-575,76,discharging,None,None
18:42:01.455,staggered,8.3,395.1,452.8,92.1,1105.9,67.8,2400,0.0,0.0,16111,-561,76,discharging,None,None
18:42:01.958,staggered,8.3,395.1,172.9,12.4,1105.9,62.8,2400,0.0,0.0,16134,-642,76,discharging,None,None
18:42:02.463,staggered,8.3,395.1,172.9,79.6,1106.2,68.3,2400,0.0,0.0,16138,-567,76,discharging,None,None
18:42:02.967,staggered,8.3,406.9,159.8,40.1,1103.8,62.8,2400,0.0,0.0,16139,-585,76,discharging,None,None
18:42:03.475,staggered,8.3,406.9,159.8,41.3,1103.8,67.2,2400,0.0,0.0,16142,-569,76,discharging,None,None
18:42:03.978,staggered,8.3,403.4,159.8,44.3,1103.6,62.8,2400,0.0,0.0,16103,-612,76,discharging,None,None
18:42:04.488,staggered,8.3,403.4,163.3,37.0,1103.6,63.4,2400,0.0,0.0,16131,-624,76,discharging,None,None
18:42:04.992,staggered,8.4,394.3,163.3,79.4,1103.3,64.5,2400,0.0,0.0,16115,-568,76,discharging,None,None
18:42:05.500,staggered,8.4,394.3,163.3,18.5,1103.5,63.9,2400,0.0,0.0,16137,-570,76,discharging,None,None
18:42:06.004,staggered,8.4,394.3,179.2,88.6,1103.0,67.8,2400,0.0,0.0,16119,-554,76,discharging,None,None
18:42:06.507,staggered,8.3,575.0,179.2,30.3,1102.7,62.2,2400,0.0,0.0,16108,-646,76,discharging,None,None
18:42:07.011,staggered,8.3,575.0,166.7,37.0,1102.2,63.9,2400,0.0,0.0,16147,-576,76,discharging,None,None
18:42:07.515,staggered,7.9,405.1,166.7,83.2,1102.2,65.0,2400,0.0,0.0,16122,-557,76,discharging,None,None
18:42:08.019,staggered,7.9,405.1,166.7,3.0,1102.9,62.2,2400,0.0,0.0,16139,-625,76,discharging,None,None
18:42:08.531,staggered,8.3,405.1,348.1,72.5,1102.9,66.1,2400,0.0,0.0,16152,-524,76,discharging,None,None
18:42:09.034,staggered,8.3,548.0,348.1,58.4,1102.4,63.9,2400,0.0,0.0,16101,-631,76,discharging,None,None
18:42:09.538,staggered,8.3,548.0,348.1,2.5,1102.4,62.2,2400,0.0,0.0,16145,-616,76,discharging,None,None
18:42:10.050,staggered,8.3,548.0,348.1,87.7,1102.6,67.2,2400,0.0,0.0,16139,-484,76,discharging,None,None
18:42:10.553,staggered,8.3,695.7,463.9,53.0,1103.1,63.4,2400,0.0,0.0,16103,-649,76,discharging,None,None
18:42:11.057,staggered,8.4,695.7,463.9,2.5,1104.3,61.7,2400,0.0,0.0,16147,-607,76,discharging,None,None
18:42:11.563,staggered,8.4,695.7,463.9,91.7,1104.3,66.7,2400,0.0,0.0,16136,-484,76,discharging,None,None
18:42:12.067,staggered,8.4,639.1,434.6,54.2,1104.3,63.9,2400,0.0,0.0,16102,-652,76,discharging,None,None
18:42:12.576,staggered,8.3,639.1,434.6,8.5,1104.3,64.5,2400,0.0,0.0,16146,-608,76,discharging,None,None
18:42:13.085,staggered,8.3,411.5,434.6,88.8,1102.4,66.1,2400,0.0,0.0,16118,-518,76,discharging,None,None
18:42:13.588,staggered,8.3,411.5,167.4,25.1,1102.4,61.7,2400,0.0,0.0,16101,-624,76,discharging,None,None
18:42:14.096,staggered,8.3,411.5,167.4,68.6,1102.4,68.8,2400,0.0,0.0,16149,-549,76,discharging,None,None
18:42:14.599,staggered,8.3,411.5,157.7,50.8,1102.2,64.5,2400,0.0,0.0,16105,-564,76,discharging,None,None
18:42:15.109,staggered,8.3,411.5,157.7,29.9,1101.3,65.5,2400,0.0,0.0,16144,-611,76,discharging,None,None
18:42:15.612,staggered,8.3,399.3,157.7,54.5,1101.5,62.8,1900,0.0,0.0,16111,-597,76,discharging,None,None
18:42:16.116,staggered,8.4,399.3,177.2,40.4,1101.0,62.2,2400,0.0,0.0,16148,-562,76,discharging,None,None
18:42:16.620,staggered,8.4,403.3,177.2,83.0,1101.4,64.5,2400,0.0,0.0,16136,-524,76,discharging,None,None
18:42:17.124,staggered,8.3,403.3,177.2,3.0,1101.5,62.8,2400,0.0,0.0,16137,-601,76,discharging,None,None
18:42:17.632,staggered,8.3,403.3,170.4,86.3,1101.5,66.7,2400,0.0,0.0,16129,-549,76,discharging,None,None
18:42:18.268,staggered,8.3,395.3,170.4,31.2,1102.0,62.8,2400,0.0,0.0,16138,-621,76,discharging,None,None
18:42:18.787,staggered,8.3,395.3,170.4,58.2,1102.4,66.1,2400,0.0,0.0,16150,-529,76,discharging,None,None
18:42:19.290,staggered,8.3,552.2,335.2,69.8,1102.0,63.4,2400,0.0,0.0,16102,-633,76,discharging,None,None
18:42:19.794,staggered,7.9,552.2,335.2,2.0,1102.0,61.7,2400,0.0,0.0,16142,-624,76,discharging,None,None
18:42:20.303,staggered,7.9,552.2,335.2,75.7,1101.3,67.8,2400,0.0,0.0,16137,-502,76,discharging,None,None
18:42:20.806,staggered,8.3,706.0,394.8,68.5,1102.2,63.9,2400,0.0,0.0,16101,-661,76,discharging,None,None
18:42:21.310,staggered,8.3,706.0,394.8,2.5,1102.0,61.1,2400,0.0,0.0,16142,-628,76,discharging,None,None
18:42:21.822,staggered,8.3,706.0,394.8,77.8,1102.0,67.2,2400,0.0,0.0,16139,-496,76,discharging,None,None
18:42:22.326,staggered,8.3,729.3,481.8,70.1,1101.8,63.9,2400,0.0,0.0,16102,-649,76,discharging,None,None
18:42:22.829,staggered,8.3,729.3,481.8,2.5,1100.8,62.2,2400,0.0,0.0,16144,-619,76,discharging,None,None
18:42:23.340,staggered,8.4,729.3,481.8,74.4,1100.8,66.1,2400,0.0,0.0,16146,-484,76,discharging,None,None
18:42:23.843,staggered,8.4,471.0,256.6,49.5,1101.5,63.4,2400,0.0,0.0,16105,-633,76,discharging,None,None
18:42:24.351,staggered,8.3,471.0,256.6,25.0,1101.5,65.5,2400,0.0,0.0,16149,-589,76,discharging,None,None
18:42:24.855,staggered,8.3,398.8,256.6,76.2,1101.5,66.7,2400,0.0,0.0,16108,-553,76,discharging,None,None
18:42:25.359,staggered,8.3,398.8,162.7,20.2,1101.5,62.2,2400,0.0,0.0,16123,-624,76,discharging,None,None
18:42:25.863,staggered,8.3,399.2,162.7,82.6,1100.8,66.1,1900,0.0,0.0,16133,-549,76,discharging,None,None
18:42:26.366,staggered,8.3,399.2,175.3,38.8,1100.8,63.9,2400,0.0,0.0,16143,-552,76,discharging,None,None
18:42:26.875,staggered,8.3,399.2,175.3,50.0,1100.8,66.1,2400,0.0,0.0,16146,-534,76,discharging,None,None
18:42:27.379,staggered,8.3,398.2,175.3,37.4,1100.8,62.8,2400,0.0,0.0,16102,-610,76,discharging,None,None
18:42:27.887,staggered,8.3,398.2,171.7,48.8,1101.0,64.5,2400,0.0,0.0,16144,-605,76,discharging,None,None
18:42:28.392,staggered,8.3,396.4,171.7,70.9,1101.0,63.9,2400,0.0,0.0,16108,-584,76,discharging,None,None
18:42:28.900,staggered,8.3,396.4,171.7,6.4,1100.8,62.8,2400,0.0,0.0,16141,-583,76,discharging,None,None
18:42:29.405,staggered,8.3,396.4,192.1,100.0,1100.8,68.3,2400,0.0,0.0,16113,-541,76,discharging,None,None
18:42:29.908,staggered,8.3,424.5,192.1,13.0,1101.5,62.2,2400,0.0,0.0,16120,-624,76,discharging,None,None
18:42:30.419,staggered,8.4,424.5,192.1,23.5,1101.9,64.5,2400,0.0,0.0,16144,-463,76,discharging,None,None
18:42:30.924,staggered,8.4,424.5,192.1,100.0,1102.2,66.7,2400,0.0,0.0,16117,-605,76,discharging,None,None
18:42:31.428,staggered,7.9,779.9,651.5,44.7,1106.0,62.2,2400,0.0,0.0,16105,-692,76,discharging,None,None
18:42:31.934,staggered,7.9,779.9,651.5,2.5,1108.9,61.7,2400,0.0,0.0,16148,-587,76,discharging,None,None
18:42:32.447,staggered,7.9,779.9,651.5,100.0,1108.9,66.7,2400,0.0,0.0,16107,-581,76,discharging,None,None
18:42:32.951,staggered,8.3,558.2,395.5,33.8,1110.0,63.4,2400,0.0,0.0,16139,-652,76,discharging,None,None
18:42:33.459,staggered,8.3,558.2,395.5,34.2,1110.0,65.5,2400,0.0,0.0,16145,-524,76,discharging,None,None
18:42:33.963,staggered,8.2,398.3,395.5,81.8,1110.0,66.1,2400,0.0,0.0,16131,-602,76,discharging,None,None
18:42:34.466,staggered,8.2,398.3,173.0,5.5,1110.0,62.8,2400,0.0,0.0,16145,-584,76,discharging,None,None
18:42:34.970,staggered,8.2,399.5,173.0,83.0,1105.8,64.5,2400,0.0,0.0,16106,-585,76,discharging,None,None
18:42:35.473,staggered,8.4,399.5,159.3,35.5,1105.8,63.4,2400,0.0,0.0,15884,-623,76,discharging,None,None
18:42:35.980,staggered,8.4,399.5,159.3,59.1,1105.8,66.7,2400,0.0,0.0,16115,-558,76,discharging,None,None
18:42:36.484,staggered,8.3,400.0,159.3,26.5,1105.1,61.1,1600,0.0,0.0,16357,-560,76,discharging,None,None
18:42:36.992,staggered,8.3,400.0,178.7,58.9,1105.1,65.0,2400,0.0,0.0,16141,-531,76,discharging,None,None
18:42:37.495,staggered,8.3,398.7,178.7,61.8,1105.1,62.8,2400,0.0,0.0,16112,-605,76,discharging,None,None
18:42:38.003,staggered,8.3,398.7,178.7,19.4,1104.9,65.0,2400,0.0,0.0,16141,-557,76,discharging,None,None
18:42:38.509,staggered,8.3,399.6,168.0,98.0,1104.9,66.1,2400,0.0,0.0,16100,-602,76,discharging,None,None
18:42:39.013,staggered,8.3,399.6,168.0,2.0,1103.3,62.8,2400,0.0,0.0,16144,-614,76,discharging,None,None
18:42:39.530,staggered,8.3,399.6,168.0,48.5,1103.3,65.0,2400,0.0,0.0,16134,-485,76,discharging,None,None
18:42:40.034,staggered,8.3,634.7,419.7,82.4,1102.5,63.9,2400,0.0,0.0,16101,-643,76,discharging,None,None
18:42:40.537,staggered,8.3,634.7,419.7,2.0,1102.5,61.7,2400,0.0,0.0,16149,-593,76,discharging,None,None
18:42:41.048,staggered,8.3,634.7,419.7,64.2,1101.8,66.1,2400,0.0,0.0,16123,-492,76,discharging,None,None
18:42:41.552,staggered,8.3,645.5,371.8,68.5,1101.8,63.4,2400,0.0,0.0,16102,-643,76,discharging,None,None
18:42:42.055,staggered,8.3,645.5,371.8,2.0,1101.8,61.7,2400,0.0,0.0,16149,-566,76,discharging,None,None
18:42:42.563,staggered,8.4,645.5,371.8,77.4,1101.8,66.7,2400,0.0,0.0,16117,-510,76,discharging,None,None
18:42:43.067,staggered,8.4,828.9,384.9,90.1,1101.2,65.5,2400,0.0,0.0,16103,-678,76,discharging,None,None
18:42:43.570,staggered,8.4,828.9,384.9,2.0,1101.4,61.7,2400,0.0,0.0,16146,-597,76,discharging,None,None
18:42:44.079,staggered,7.3,828.9,384.9,54.8,1101.6,66.1,2400,0.0,0.0,16136,-487,76,discharging,None,None
18:42:44.583,staggered,7.3,513.1,285.8,74.4,1101.6,63.4,2400,0.0,0.0,16103,-642,76,discharging,None,None
18:42:45.087,staggered,8.3,513.1,285.8,2.0,1101.4,61.1,2400,0.0,0.0,16147,-584,76,discharging,None,None
18:42:45.590,staggered,8.3,395.5,285.8,82.1,1101.4,64.5,2400,0.0,0.0,16109,-549,76,discharging,None,None
18:42:46.094,staggered,8.3,395.5,169.3,37.0,1100.9,62.2,2400,0.0,0.0,16122,-624,76,discharging,None,None
18:42:46.603,staggered,8.3,395.5,169.3,58.0,1100.9,66.7,2400,0.0,0.0,16131,-550,76,discharging,None,None
18:42:47.107,staggered,8.3,394.0,169.3,45.5,1100.9,65.0,2400,0.0,0.0,16138,-562,76,discharging,None,None
18:42:47.611,staggered,8.3,394.0,159.0,36.8,1100.9,65.5,2400,0.0,0.0,16142,-560,76,discharging,None,None
18:42:48.115,staggered,8.3,394.9,159.0,61.7,1100.8,62.8,2400,0.0,0.0,16101,-622,76,discharging,None,None
18:42:48.618,staggered,8.3,394.9,159.4,36.1,1100.8,63.4,2400,0.0,0.0,16141,-610,76,discharging,None,None
18:42:49.122,staggered,8.3,401.3,159.4,82.7,1101.0,66.1,2400,0.0,0.0,16111,-582,76,discharging,None,None
18:42:49.626,staggered,8.4,401.3,159.4,2.0,1101.0,61.7,2400,0.0,0.0,16141,-575,76,discharging,None,None
18:42:50.135,staggered,8.4,401.3,179.6,80.1,1101.0,66.7,2400,0.0,0.0,16114,-548,76,discharging,None,None
18:42:50.638,staggered,8.4,407.2,179.6,40.4,1101.0,62.2,2400,0.0,0.0,16122,-627,76,discharging,None,None
18:42:51.155,staggered,8.3,407.2,179.6,10.4,1101.0,63.4,2400,0.0,0.0,16150,-533,76,discharging,None,None
18:42:51.660,staggered,8.3,407.2,443.4,100.0,1101.0,66.7,1900,0.0,0.0,16111,-555,76,discharging,None,None
18:42:52.163,staggered,8.3,661.4,443.4,28.4,1101.0,62.8,2400,0.0,0.0,16132,-641,76,discharging,None,None
18:42:52.671,staggered,8.3,661.4,443.4,19.9,1101.0,63.4,2400,0.0,0.0,16151,-499,76,discharging,None,None
18:42:53.182,staggered,8.3,661.4,443.4,100.0,1101.0,66.1,2400,0.0,0.0,16110,-564,76,discharging,None,None
18:42:53.686,staggered,8.3,739.1,590.3,37.1,1101.2,62.8,2400,0.0,0.0,16122,-676,76,discharging,None,None
18:42:54.195,staggered,8.3,739.1,590.3,15.7,1101.2,63.9,2400,0.0,0.0,16150,-526,76,discharging,None,None
18:42:54.703,staggered,8.3,576.1,590.3,83.8,1101.2,63.9,2400,0.0,0.0,16106,-564,76,discharging,None,None
18:42:55.207,staggered,8.3,576.1,201.0,38.4,1101.7,62.8,2400,0.0,0.0,16113,-649,76,discharging,None,None
18:42:55.715,staggered,8.3,576.1,201.0,44.1,1101.7,66.1,2400,0.0,0.0,16150,-513,76,discharging,None,None
18:42:56.219,staggered,7.6,408.3,201.0,66.3,1101.2,66.7,2400,0.0,0.0,16105,-565,76,discharging,None,None
18:42:56.728,staggered,7.6,408.3,175.7,18.2,1101.2,62.8,2400,0.0,0.0,16142,-613,76,discharging,None,None
18:42:57.231,staggered,8.3,420.8,175.7,81.2,1101.0,63.4,2400,0.0,0.0,16114,-591,76,discharging,None,None
18:42:57.735,staggered,8.3,420.8,157.3,36.1,1101.0,63.4,2400,0.0,0.0,16144,-586,76,discharging,None,None
18:42:58.243,staggered,8.3,420.8,157.3,62.3,1101.0,67.2,2400,0.0,0.0,16138,-545,76,discharging,None,None
18:42:58.746,staggered,8.3,402.7,157.3,21.7,1101.0,62.2,2400,0.0,0.0,16137,-593,76,discharging,None,None
18:42:59.259,staggered,8.3,402.7,160.2,61.1,1101.4,65.0,2400,0.0,0.0,16116,-578,76,discharging,None,None
18:42:59.762,staggered,8.3,399.4,160.2,57.6,1101.4,62.8,2400,0.0,0.0,16101,-622,76,discharging,None,None
18:43:00.271,staggered,8.3,399.4,160.2,17.0,1101.6,63.9,2400,0.0,0.0,16147,-563,76,discharging,None,None
18:43:00.776,staggered,8.3,451.2,237.2,100.0,1101.6,67.2,2400,0.0,0.0,16116,-547,76,discharging,None,None
18:43:01.280,staggered,8.3,451.2,237.2,6.5,1101.3,61.7,2400,0.0,0.0,16138,-633,76,discharging,None,None
18:43:01.792,staggered,8.2,451.2,237.2,42.7,1101.3,65.5,2400,0.0,0.0,16152,-499,76,discharging,None,None
18:43:02.297,staggered,8.2,451.2,530.2,100.0,1101.3,67.2,2400,0.0,0.0,16116,-572,76,discharging,None,None
18:43:02.801,staggered,8.2,729.9,530.2,8.0,1101.3,62.2,2400,0.0,0.0,16138,-660,76,discharging,None,None
18:43:03.309,staggered,8.4,729.9,530.2,40.1,1101.0,66.1,2400,0.0,0.0,16149,-502,76,discharging,None,None
18:43:03.814,staggered,8.4,658.1,462.7,100.0,1101.0,67.2,2400,0.0,0.0,16106,-582,76,discharging,None,None
18:43:04.318,staggered,8.3,658.1,462.7,5.9,1101.0,62.2,2400,0.0,0.0,16138,-664,76,discharging,None,None
18:43:04.825,staggered,8.3,658.1,462.7,50.7,1101.5,66.1,2400,0.0,0.0,16150,-504,76,discharging,None,None
18:43:05.329,staggered,8.3,398.9,161.3,67.0,1101.5,63.4,2400,0.0,0.0,16102,-590,76,discharging,None,None
18:43:05.836,staggered,8.3,398.9,161.3,15.7,1101.5,63.9,2400,0.0,0.0,16140,-614,76,discharging,None,None
18:43:06.339,staggered,8.3,399.6,161.3,70.1,1101.8,63.4,2400,0.0,0.0,16109,-568,76,discharging,None,None
18:43:06.843,staggered,8.3,399.6,161.9,44.5,1101.5,62.8,2400,0.0,0.0,16109,-625,76,discharging,None,None
18:43:07.360,staggered,8.3,399.6,161.9,74.6,1101.5,66.7,2400,0.0,0.0,16141,-558,76,discharging,None,None
18:43:07.864,staggered,7.9,415.4,161.9,34.3,1101.5,66.7,2400,0.0,0.0,16132,-575,76,discharging,None,None
18:43:08.368,staggered,7.9,415.4,163.3,48.3,1101.5,66.1,2400,0.0,0.0,16133,-580,76,discharging,None,None
18:43:08.872,staggered,7.9,398.9,163.3,47.8,1101.2,63.4,2400,0.0,0.0,16103,-621,76,discharging,None,None
18:43:09.375,staggered,8.4,398.9,159.4,35.8,1101.2,62.8,2400,0.0,0.0,16148,-567,76,discharging,None,None
18:43:09.879,staggered,8.4,396.4,159.4,82.7,1101.2,63.9,2400,0.0,0.0,16109,-559,76,discharging,None,None
18:43:10.383,staggered,8.3,396.4,159.4,2.5,1101.5,62.8,2400,0.0,0.0,16138,-616,76,discharging,None,None
18:43:10.891,staggered,8.3,396.4,231.2,83.4,1101.5,66.7,2400,0.0,0.0,16136,-532,76,discharging,None,None
18:43:11.394,staggered,8.3,464.6,231.2,37.3,1101.5,62.2,2400,0.0,0.0,16099,-626,76,discharging,None,None
18:43:11.905,staggered,8.3,464.6,231.2,12.7,1101.5,62.8,2400,0.0,0.0,16148,-570,76,discharging,None,None
18:43:12.409,staggered,8.3,464.6,443.4,100.0,1101.5,66.7,2400,0.0,0.0,16121,-498,76,discharging,None,None
18:43:12.912,staggered,8.3,705.3,443.4,34.0,1100.8,63.4,2400,0.0,0.0,16098,-652,76,discharging,None,None
18:43:13.421,staggered,8.3,705.3,443.4,14.3,1101.0,63.9,2400,0.0,0.0,16147,-568,76,discharging,None,None
18:43:13.928,staggered,8.2,705.3,443.4,100.0,1101.0,67.2,2400,0.0,0.0,16114,-514,76,discharging,None,None
18:43:14.432,staggered,8.2,676.8,426.3,25.9,1101.0,62.8,2400,0.0,0.0,16102,-653,76,discharging,None,None
18:43:14.939,staggered,8.2,676.8,426.3,22.3,1101.0,65.0,2400,0.0,0.0,16147,-553,76,discharging,None,None
18:43:15.444,staggered,8.4,503.6,426.3,100.0,1101.0,67.2,2400,0.0,0.0,16109,-531,76,discharging,None,None
18:43:15.948,staggered,8.4,503.6,281.1,8.8,1100.8,61.7,2400,0.0,0.0,16126,-635,76,discharging,None,None
18:43:16.456,staggered,8.3,503.6,281.1,63.5,1100.8,66.7,2400,0.0,0.0,16148,-526,76,discharging,None,None
18:43:16.960,staggered,8.3,399.2,160.1,54.7,1100.8,63.4,2400,0.0,0.0,16106,-565,76,discharging,None,None
18:43:17.468,staggered,8.3,399.2,160.1,27.5,1100.8,65.5,2400,0.0,0.0,16138,-548,76,discharging,None,None
18:43:17.971,staggered,8.3,395.4,160.1,56.7,1100.8,62.2,2400,0.0,0.0,16122,-561,76,discharging,None,None
18:43:18.475,staggered,8.3,395.4,167.1,37.6,1100.8,62.8,2400,0.0,0.0,16141,-595,76,discharging,None,None
18:43:19.085,staggered,8.3,395.4,167.1,90.6,1100.8,67.2,2400,0.0,0.0,16109,-604,76,discharging,None,None
18:43:19.589,staggered,8.3,574.8,163.0,43.3,1100.8,65.0,2400,0.0,0.0,16138,-622,76,discharging,None,None
18:43:20.096,staggered,8.3,574.8,163.0,37.6,1100.8,65.5,2400,0.0,0.0,16140,-545,76,discharging,None,None
18:43:20.599,staggered,6.7,407.0,163.0,47.0,1100.8,62.2,2400,0.0,0.0,16101,-608,76,discharging,None,None
18:43:21.103,staggered,6.7,407.0,166.9,36.8,1100.8,63.4,2400,0.0,0.0,16126,-616,76,discharging,None,None
18:43:21.607,staggered,8.3,403.2,166.9,83.2,1100.8,64.5,2400,0.0,0.0,16108,-594,76,discharging,None,None
18:43:22.111,staggered,8.3,403.2,166.9,2.5,1101.0,61.7,1900,0.0,0.0,16142,-566,76,discharging,None,None
18:43:22.619,staggered,8.3,403.2,160.7,93.0,1101.0,66.7,2400,0.0,0.0,16121,-541,76,discharging,None,None
18:43:23.122,staggered,8.3,399.5,160.7,25.6,1101.3,62.2,2400,0.0,0.0,16128,-624,76,discharging,None,None
18:43:23.635,staggered,8.3,399.5,160.7,32.4,1101.3,65.0,2400,0.0,0.0,16147,-537,76,discharging,None,None
18:43:24.139,staggered,8.3,609.1,406.4,100.0,1101.3,66.7,2400,0.0,0.0,16100,-599,76,discharging,None,None
18:43:24.643,staggered,8.3,609.1,406.4,6.4,1101.0,62.2,2400,0.0,0.0,16133,-669,76,discharging,None,None
18:43:25.154,staggered,8.4,609.1,406.4,41.8,1101.0,65.0,2400,0.0,0.0,16147,-510,76,discharging,None,None
18:43:25.659,staggered,8.4,609.1,487.4,100.0,1101.8,67.8,2400,0.0,0.0,16101,-612,76,discharging,None,None
18:43:26.162,staggered,8.3,754.2,487.4,12.9,1102.0,64.5,2400,0.0,0.0,16134,-686,76,discharging,None,None
18:43:26.671,staggered,8.3,754.2,487.4,34.8,1102.0,66.7,2400,0.0,0.0,16147,-513,76,discharging,None,None
18:43:27.175,staggered,8.3,643.6,487.4,100.0,1102.2,67.8,2400,0.0,0.0,16103,-601,76,discharging,None,None
18:43:27.679,staggered,8.3,643.6,429.6,11.4,1102.2,62.8,2400,0.0,0.0,16134,-683,76,discharging,None,None
18:43:28.186,staggered,8.3,643.6,429.6,49.0,1101.7,66.1,2400,0.0,0.0,16147,-526,76,discharging,None,None
18:43:28.690,staggered,8.3,407.0,170.6,70.9,1101.7,64.5,2400,0.0,0.0,16102,-607,76,discharging,None,None
18:43:29.200,staggered,8.3,407.0,170.6,10.9,1101.5,63.9,2400,0.0,0.0,16139,-627,76,discharging,None,None
18:43:29.703,staggered,8.3,403.5,170.6,73.5,1101.5,63.9,2400,0.0,0.0,16107,-593,76,discharging,None,None
18:43:30.207,staggered,8.3,403.5,159.8,36.1,1102.0,62.8,2400,0.0,0.0,16113,-639,76,discharging,None,None
18:43:30.715,staggered,8.3,403.5,159.8,71.9,1102.0,66.1,2400,0.0,0.0,16139,-560,76,discharging,None,None
18:43:31.220,staggered,8.3,403.2,159.8,36.8,1101.5,65.0,2400,0.0,0.0,16135,-582,76,discharging,None,None
18:43:31.724,staggered,8.3,403.2,166.7,54.7,1101.5,66.7,2400,0.0,0.0,16128,-601,76,discharging,None,None
18:43:32.228,staggered,7.9,395.4,166.7,49.5,1101.0,63.4,1900,0.0,0.0,16097,-645,76,discharging,None,None
18:43:32.732,staggered,7.9,395.4,187.6,43.5,1101.0,63.4,2400,0.0,0.0,16148,-568,76,discharging,None,None
18:43:33.235,staggered,7.9,395.5,187.6,82.4,1101.5,63.9,2400,0.0,0.0,16107,-550,76,discharging,None,None
18:43:33.739,staggered,8.3,395.5,187.6,7.1,1101.5,62.2,2400,0.0,0.0,16134,-613,76,discharging,None,None
18:43:34.251,staggered,8.3,395.5,187.6,70.1,1101.3,66.7,2400,0.0,0.0,16143,-521,76,discharging,None,None
18:43:34.755,staggered,8.3,638.9,447.3,71.4,1101.3,63.4,2400,0.0,0.0,16101,-634,76,discharging,None,None
18:43:35.258,staggered,8.3,638.9,447.3,1.5,1101.3,61.1,2400,0.0,0.0,16141,-617,76,discharging,None,None
18:43:35.770,staggered,8.3,638.9,447.3,75.0,1101.3,67.2,2400,0.0,0.0,16143,-489,76,discharging,None,None
18:43:36.274,staggered,8.2,712.1,452.1,69.5,1101.3,63.4,2400,0.0,0.0,16101,-639,76,discharging,None,None
18:43:36.778,staggered,8.2,712.1,452.1,1.5,1101.3,61.7,2400,0.0,0.0,16138,-629,76,discharging,None,None
18:43:37.295,staggered,8.5,712.1,452.1,76.2,1101.3,67.8,2400,0.0,0.0,16142,-501,76,discharging,None,None
18:43:37.799,staggered,8.5,682.4,388.7,64.9,1101.3,64.5,2400,0.0,0.0,16102,-640,76,discharging,None,None
18:43:38.302,staggered,8.4,682.4,388.7,1.5,1101.0,61.7,2400,0.0,0.0,16143,-612,76,discharging,None,None
18:43:38.811,staggered,8.4,396.9,388.7,83.7,1101.0,66.7,2400,0.0,0.0,16138,-491,76,discharging,None,None
18:43:39.315,staggered,8.4,396.9,180.3,35.8,1100.8,62.8,2400,0.0,0.0,16100,-624,76,discharging,None,None
18:43:39.823,staggered,8.3,396.9,180.3,47.8,1100.8,66.1,2400,0.0,0.0,16143,-579,76,discharging,None,None
18:43:40.327,staggered,8.3,403.5,159.0,67.8,1100.8,66.1,2400,0.0,0.0,16097,-580,76,discharging,None,None
18:43:40.833,staggered,8.3,403.5,159.0,13.0,1100.8,63.9,2400,0.0,0.0,16134,-638,76,discharging,None,None
18:43:41.336,staggered,8.3,399.0,159.0,74.3,1100.8,63.4,2400,0.0,0.0,16111,-587,76,discharging,None,None
18:43:41.840,staggered,8.3,399.0,156.2,36.3,1100.8,63.4,2400,0.0,0.0,16135,-591,76,discharging,None,None
18:43:42.347,staggered,8.3,399.0,156.2,71.6,1100.8,66.7,2400,0.0,0.0,16137,-565,76,discharging,None,None
18:43:42.851,staggered,8.3,399.3,156.2,12.1,1100.8,61.1,1600,0.0,0.0,16117,-624,76,discharging,None,None
18:43:43.359,staggered,8.3,399.3,359.1,69.0,1101.6,65.0,2400,0.0,0.0,16141,-589,76,discharging,None,None
18:43:43.862,staggered,8.3,418.0,359.1,63.5,1102.2,63.4,2400,0.0,0.0,16105,-601,76,discharging,None,None
18:43:44.366,staggered,8.0,418.0,359.1,1.5,1102.2,61.7,2400,0.0,0.0,16138,-596,76,discharging,None,None
18:43:44.875,staggered,8.0,418.0,359.1,85.1,1102.2,66.1,2400,0.0,0.0,16142,-501,76,discharging,None,None
18:43:45.378,staggered,8.0,675.8,486.7,56.0,1102.2,62.8,2400,0.0,0.0,16101,-643,76,discharging,None,None
18:43:45.882,staggered,8.3,675.8,486.7,1.5,1101.5,61.7,2400,0.0,0.0,16141,-616,76,discharging,None,None
18:43:46.395,staggered,8.3,675.8,486.7,89.2,1101.5,65.5,2400,0.0,0.0,16138,-484,76,discharging,None,None
18:43:46.898,staggered,8.3,695.3,438.7,51.2,1101.5,62.8,2400,0.0,0.0,16100,-645,76,discharging,None,None
18:43:47.402,staggered,8.3,695.3,438.7,1.5,1101.5,61.7,2400,0.0,0.0,16144,-519,76,discharging,None,None
18:43:47.915,staggered,8.3,695.3,438.7,94.2,1101.5,65.5,2400,0.0,0.0,16104,-564,76,discharging,None,None
18:43:48.419,staggered,8.3,487.3,274.4,30.8,1101.3,62.2,2400,0.0,0.0,16137,-634,76,discharging,None,None
18:43:48.927,staggered,8.3,487.3,274.4,40.5,1101.3,65.5,2400,0.0,0.0,16141,-528,76,discharging,None,None
18:43:49.430,staggered,8.4,411.6,159.0,79.2,1101.7,66.1,2400,0.0,0.0,16129,-605,76,discharging,None,None
18:43:49.934,staggered,8.4,411.6,159.0,1.5,1101.7,61.7,2400,0.0,0.0,16145,-580,76,discharging,None,None
18:43:50.438,staggered,8.3,402.9,159.0,82.0,1101.7,63.9,2400,0.0,0.0,16103,-579,76,discharging,None,None
18:43:50.941,staggered,8.3,402.9,159.5,35.8,1101.5,62.2,2400,0.0,0.0,16108,-619,76,discharging,None,None
18:43:51.448,staggered,8.3,402.9,159.5,61.9,1101.5,66.1,2400,0.0,0.0,16114,-558,76,discharging,None,None
18:43:51.952,staggered,8.3,398.7,159.5,21.7,1101.3,62.2,2400,0.0,0.0,16137,-562,76,discharging,None,None
18:43:52.462,staggered,8.3,398.7,167.4,60.1,1101.3,65.0,2400,0.0,0.0,16143,-550,76,discharging,None,None
18:43:52.966,staggered,8.3,400.5,167.4,59.4,1101.7,63.4,2400,0.0,0.0,16107,-621,76,discharging,None,None
18:43:53.472,staggered,8.3,400.5,167.4,29.2,1101.7,65.0,2400,0.0,0.0,16151,-546,76,discharging,None,None
18:43:53.976,staggered,8.3,403.0,162.8,91.1,1101.3,65.5,2400,0.0,0.0,16100,-584,76,discharging,None,None
18:43:54.479,staggered,8.3,403.0,162.8,1.5,1101.3,62.2,2400,0.0,0.0,16142,-606,76,discharging,None,None
18:43:54.991,staggered,8.3,403.0,162.8,58.1,1101.3,65.0,2400,0.0,0.0,16128,-497,76,discharging,None,None
18:43:55.494,staggered,8.3,741.3,336.0,93.6,1101.0,65.0,2400,0.0,0.0,16103,-649,76,discharging,None,None
18:43:55.998,staggered,8.3,741.3,336.0,2.0,1101.0,61.7,2400,0.0,0.0,16144,-601,76,discharging,None,None
18:43:56.512,staggered,8.3,741.3,336.0,54.9,1101.0,66.1,2400,0.0,0.0,16133,-487,76,discharging,None,None
18:43:57.015,staggered,6.9,615.2,420.0,81.6,1102.2,63.9,2400,0.0,0.0,16100,-652,76,discharging,None,None
18:43:57.519,staggered,6.9,615.2,420.0,2.0,1102.2,61.1,2400,0.0,0.0,16146,-598,76,discharging,None,None
18:43:58.031,staggered,8.4,615.2,420.0,64.2,1102.2,66.7,2400,0.0,0.0,16121,-487,76,discharging,None,None
18:43:58.534,staggered,8.4,745.8,490.3,86.1,1102.0,65.0,2400,0.0,0.0,16099,-665,76,discharging,None,None
18:43:59.038,staggered,8.4,745.8,490.3,2.5,1101.5,62.8,2400,0.0,0.0,16142,-608,76,discharging,None,None
18:43:59.551,staggered,8.4,745.8,490.3,58.7,1101.5,66.7,2400,0.0,0.0,16136,-487,76,discharging,None,None
18:44:00.055,staggered,8.4,567.2,347.7,73.3,1101.5,63.4,2400,0.0,0.0,16101,-645,76,discharging,None,None
18:44:00.558,staggered,8.3,567.2,347.7,2.5,1101.9,62.8,2400,0.0,0.0,16147,-586,76,discharging,None,None
18:44:01.062,staggered,8.3,407.3,347.7,84.2,1102.7,65.5,2400,0.0,0.0,16110,-526,76,discharging,None,None
18:44:01.566,staggered,8.3,407.3,170.2,37.5,1103.2,61.7,2400,0.0,0.0,16111,-634,76,discharging,None,None
18:44:02.072,staggered,8.3,407.3,170.2,49.8,1103.4,66.1,2400,0.0,0.0,16144,-568,76,discharging,None,None
18:44:02.576,staggered,8.3,406.2,170.2,57.5,1103.6,65.5,2400,0.0,0.0,16120,-580,76,discharging,None,None
18:44:03.085,staggered,8.3,406.2,159.4,25.0,1103.4,63.9,2400,0.0,0.0,16138,-602,76,discharging,None,None
18:44:03.589,staggered,8.3,424.9,159.4,78.1,1103.6,63.9,2400,0.0,0.0,16102,-626,76,discharging,None,None
18:44:04.092,staggered,8.4,424.9,159.2,36.0,1102.4,63.4,2400,0.0,0.0,16140,-606,76,discharging,None,None
18:44:04.602,staggered,8.4,424.9,159.2,68.5,1102.4,67.2,2400,0.0,0.0,16125,-546,76,discharging,None,None
18:44:05.106,staggered,8.3,399.2,159.2,16.3,1102.2,62.2,2400,0.0,0.0,16136,-578,76,discharging,None,None
18:44:05.615,staggered,8.3,399.2,171.6,67.0,1102.2,66.7,2400,0.0,0.0,16110,-556,76,discharging,None,None
18:44:06.118,staggered,8.3,403.4,171.6,52.5,1101.9,63.4,2400,0.0,0.0,16096,-624,76,discharging,None,None
18:44:06.627,staggered,8.3,403.4,171.6,14.1,1101.9,64.5,2400,0.0,0.0,16146,-561,76,discharging,None,None
18:44:07.131,staggered,8.3,403.4,243.7,100.0,1101.9,67.2,2400,0.0,0.0,16110,-555,76,discharging,None,None
18:44:07.634,staggered,8.3,509.3,243.7,22.8,1101.0,62.8,2400,0.0,0.0,16134,-645,76,discharging,None,None
18:44:08.147,staggered,8.3,509.3,243.7,34.8,1100.8,64.5,2400,0.0,0.0,16148,-507,76,discharging,None,None
18:44:08.651,staggered,7.9,509.3,527.0,100.0,1100.8,67.2,2400,0.0,0.0,16102,-590,76,discharging,None,None
18:44:09.154,staggered,7.9,745.9,527.0,19.9,1101.3,62.2,2400,0.0,0.0,16136,-680,76,discharging,None,None
18:44:09.664,staggered,7.9,745.9,527.0,28.7,1101.3,64.5,2400,0.0,0.0,16149,-507,76,discharging,None,None
18:44:10.169,staggered,8.3,745.9,527.0,100.0,1101.3,67.8,2400,0.0,0.0,16105,-574,76,discharging,None,None
18:44:10.673,staggered,8.3,712.9,436.9,18.4,1101.3,63.4,2400,0.0,0.0,16134,-666,76,discharging,None,None
18:44:11.180,staggered,8.4,712.9,436.9,30.2,1101.3,66.1,2400,0.0,0.0,16148,-504,76,discharging,None,None
18:44:11.687,staggered,8.4,513.9,287.2,98.0,1102.8,66.7,2400,0.0,0.0,16102,-578,76,discharging,None,None
18:44:12.191,staggered,8.4,513.9,287.2,2.0,1102.9,62.2,2400,0.0,0.0,16136,-642,76,discharging,None,None
18:44:12.699,staggered,8.3,513.9,287.2,68.2,1102.9,67.2,2400,0.0,0.0,16141,-524,76,discharging,None,None
18:44:13.202,staggered,8.3,410.9,159.3,52.5,1103.7,64.5,2400,0.0,0.0,16127,-615,76,discharging,None,None
18:44:13.711,staggered,8.3,410.9,159.3,29.6,1103.7,65.0,2400,0.0,0.0,16145,-575,76,discharging,None,None
18:44:14.214,staggered,8.3,400.1,159.3,54.9,1103.6,63.4,2400,0.0,0.0,16104,-566,76,discharging,None,None
18:44:14.718,staggered,8.3,400.1,158.9,35.8,1103.6,61.7,2400,0.0,0.0,16109,-618,76,discharging,None,None
18:44:15.221,staggered,8.3,398.4,158.9,82.4,1103.4,64.5,2400,0.0,0.0,16112,-564,76,discharging,None,None
18:44:15.728,staggered,8.3,398.4,158.9,30.2,1103.4,65.5,2400,0.0,0.0,16136,-562,76,discharging,None,None
18:44:16.232,staggered,8.3,398.4,170.8,62.9,1103.0,66.1,2400,0.0,0.0,16144,-553,76,discharging,None,None
18:44:16.739,staggered,8.3,395.4,170.8,30.0,1103.0,62.8,2400,0.0,0.0,16111,-624,76,discharging,None,None
18:44:17.247,staggered,8.2,395.4,159.9,52.0,1103.0,65.5,2400,0.0,0.0,16146,-570,76,discharging,None,None
18:44:17.750,staggered,8.2,397.4,159.9,65.8,1103.0,63.4,2400,0.0,0.0,16099,-610,76,discharging,None,None
18:44:18.254,staggered,8.4,397.4,159.9,3.0,1102.9,62.2,2400,0.0,0.0,16143,-597,76,discharging,None,None
18:44:18.770,staggered,8.4,397.4,454.9,88.1,1102.9,66.1,2400,0.0,0.0,16124,-499,76,discharging,None,None
18:44:19.274,staggered,8.4,649.7,454.9,52.9,1102.3,62.2,2400,0.0,0.0,16096,-661,76,discharging,None,None
18:44:19.777,staggered,8.3,649.7,454.9,10.9,1102.3,62.2,2400,0.0,0.0,16145,-597,76,discharging,None,None
18:44:20.290,staggered,8.3,649.7,454.9,92.6,1102.2,66.1,2400,0.0,0.0,16117,-503,76,discharging,None,None
18:44:20.794,staggered,7.9,748.9,487.3,57.8,1102.2,63.9,2400,0.0,0.0,16098,-673,76,discharging,None,None
18:44:21.298,staggered,7.9,748.9,487.3,2.5,1102.2,62.8,2400,0.0,0.0,16144,-599,76,discharging,None,None
18:44:21.808,staggered,7.9,748.9,487.3,87.8,1102.2,66.7,2400,0.0,0.0,16131,-488,76,discharging,None,None
18:44:22.311,staggered,8.2,595.8,379.3,50.2,1102.0,63.4,2400,0.0,0.0,16101,-657,76,discharging,None,None
18:44:22.819,staggered,8.2,595.8,379.3,13.9,1101.7,64.5,2400,0.0,0.0,16143,-601,76,discharging,None,None
18:44:23.323,staggered,8.4,398.4,379.3,87.1,1102.7,65.0,2400,0.0,0.0,16105,-543,76,discharging,None,None
18:44:23.827,staggered,8.4,398.4,163.1,20.8,1102.7,62.2,2400,0.0,0.0,16110,-640,76,discharging,None,None
18:44:24.335,staggered,8.3,398.4,163.1,74.6,1102.7,66.1,2400,0.0,0.0,16142,-567,76,discharging,None,None
18:44:24.839,staggered,8.3,400.4,159.1,43.8,1102.4,64.5,2400,0.0,0.0,16123,-580,76,discharging,None,None
18:44:25.347,staggered,8.3,400.4,159.1,38.1,1102.4,66.7,2400,0.0,0.0,16138,-602,76,discharging,None,None
18:44:25.850,staggered,8.4,399.2,159.1,46.8,1102.0,62.8,2400,0.0,0.0,16101,-639,76,discharging,None,None
18:44:26.354,staggered,8.4,399.2,171.4,38.6,1102.0,62.2,2400,0.0,0.0,16140,-621,76,discharging,None,None
18:44:26.858,staggered,8.3,400.2,171.4,82.6,1106.4,63.9,2400,0.0,0.0,16111,-576,76,discharging,None,None
18:44:27.368,staggered,8.3,400.2,171.4,7.9,1106.4,62.8,2400,0.0,0.0,16134,-601,76,discharging,None,None
18:44:27.872,staggered,8.3,400.2,158.5,90.7,1106.4,66.7,2400,0.0,0.0,16108,-568,76,discharging,None,None
18:44:28.376,staggered,8.3,394.9,158.5,20.5,1106.3,62.2,2400,0.0,0.0,16100,-636,76,discharging,None,None
18:44:28.896,staggered,8.3,394.9,158.5,39.2,1105.5,64.5,2400,0.0,0.0,16142,-566,76,discharging,None,None
18:44:29.400,staggered,8.3,614.3,408.5,97.6,1105.0,66.1,2400,0.0,0.0,16109,-547,76,discharging,None,None
18:44:29.903,staggered,8.3,614.3,408.5,1.5,1105.2,62.2,2400,0.0,0.0,16124,-654,76,discharging,None,None
18:44:30.419,staggered,8.3,614.3,408.5,46.8,1108.5,65.0,2400,0.0,0.0,16146,-533,76,discharging,None,None
18:44:30.924,staggered,8.3,756.1,531.6,100.0,1110.4,67.8,2400,0.0,0.0,16107,-568,76,discharging,None,None
18:44:31.428,staggered,8.3,756.1,531.6,4.9,1110.2,62.2,2400,0.0,0.0,16115,-680,76,discharging,None,None
18:44:31.936,staggered,8.3,756.1,531.6,40.9,1110.2,66.7,2400,0.0,0.0,16148,-525,76,discharging,None,None
18:44:32.439,staggered,8.3,440.2,239.8,72.0,1109.9,63.9,2400,0.0,0.0,16105,-549,76,discharging,None,None
18:44:32.943,staggered,8.3,440.2,239.8,0.0,1105.4,61.1,2400,0.0,0.0,16136,-611,76,discharging,None,None
18:44:33.447,staggered,8.3,367.4,239.8,75.4,1105.9,63.4,2400,0.0,0.0,16138,-520,76,discharging,None,None
18:44:33.950,staggered,8.3,367.4,151.2,32.0,1105.6,61.1,1500,0.0,0.0,16129,-598,76,discharging,None,None
18:44:34.459,staggered,8.3,367.4,151.2,62.5,1105.6,65.5,2400,0.0,0.0,16152,-536,76,discharging,None,None
18:44:34.963,staggered,8.3,377.8,151.2,40.4,1104.5,65.0,2400,0.0,0.0,16104,-522,76,discharging,None,None
18:44:35.468,staggered,8.3,377.8,147.1,36.6,1104.5,65.5,2400,0.0,0.0,16119,-586,76,discharging,None,None
18:44:35.971,staggered,8.3,368.6,147.1,46.0,1103.5,61.7,2400,0.0,0.0,16105,-583,76,discharging,None,None
18:44:36.475,staggered,8.3,368.6,148.1,32.0,1103.5,61.7,2400,0.0,0.0,16143,-580,76,discharging,None,None
18:44:36.978,staggered,8.3,360.9,148.1,75.1,1103.3,63.4,2400,0.0,0.0,16099,-602,76,discharging,None,None
18:44:37.482,staggered,8.3,360.9,148.1,0.0,1103.8,60.0,2400,0.0,0.0,16146,-546,76,discharging,None,None
18:44:37.991,staggered,8.3,360.9,192.1,90.5,1103.8,67.8,2400,0.0,0.0,16115,-537,76,discharging,None,None
18:44:38.494,staggered,8.3,421.7,192.1,20.1,1102.9,62.2,2400,0.0,0.0,16136,-607,76,discharging,None,None
18:44:39.006,staggered,8.3,421.7,192.1,25.7,1102.5,65.0,2400,0.0,0.0,16149,-486,76,discharging,None,None
18:44:39.510,staggered,8.3,421.7,522.4,100.0,1102.5,66.1,2400,0.0,0.0,16105,-581,76,discharging,None,None
18:44:40.014,staggered,8.3,719.6,522.4,19.2,1102.3,62.2,2400,0.0,0.0,16135,-642,76,discharging,None,None
18:44:40.527,staggered,8.3,719.6,522.4,27.5,1102.3,65.0,2400,0.0,0.0,16150,-484,76,discharging,None,None
18:44:41.030,staggered,8.3,563.1,362.9,99.0,1102.3,66.1,2400,0.0,0.0,16101,-596,76,discharging,None,None
18:44:41.534,staggered,8.3,563.1,362.9,0.5,1102.3,61.7,2400,0.0,0.0,16140,-625,76,discharging,None,None
18:44:42.043,staggered,8.3,563.1,362.9,56.4,1102.3,65.5,2400,0.0,0.0,16137,-501,76,discharging,None,None
18:44:42.546,staggered,8.3,367.7,148.8,50.7,1102.1,62.8,2400,0.0,0.0,16113,-603,76,discharging,None,None
18:44:43.059,staggered,8.3,367.7,148.8,25.4,1102.1,64.5,2400,0.0,0.0,16147,-546,76,discharging,None,None
18:44:43.565,staggered,8.3,364.8,148.8,49.8,1102.1,61.7,2400,0.0,0.0,16101,-546,76,discharging,None,None
18:44:44.069,staggered,8.3,364.8,149.8,32.2,1102.3,61.1,2400,0.0,0.0,16137,-601,76,discharging,None,None
18:44:44.572,staggered,8.3,373.6,149.8,77.7,1102.3,62.8,2400,0.0,0.0,16106,-586,76,discharging,None,None
18:44:45.079,staggered,8.3,373.6,146.4,32.2,1102.1,64.5,2400,0.0,0.0,16146,-546,76,discharging,None,None
18:44:45.587,staggered,8.3,373.6,146.4,63.7,1102.1,66.7,2400,0.0,0.0,16123,-536,76,discharging,None,None
18:44:46.091,staggered,8.3,362.6,146.4,11.8,1101.5,61.7,2400,0.0,0.0,16136,-594,76,discharging,None,None
18:44:46.599,staggered,8.3,362.6,147.9,65.2,1101.5,66.7,2400,0.0,0.0,16127,-544,76,discharging,None,None
18:44:47.102,staggered,8.3,372.4,147.9,41.9,1101.5,62.2,2400,0.0,0.0,16108,-603,76,discharging,None,None
18:44:47.615,staggered,8.3,372.4,147.9,2.9,1101.5,61.7,2400,0.0,0.0,16148,-539,76,discharging,None,None
18:44:48.123,staggered,8.3,372.4,456.3,100.0,1101.5,65.5,2400,0.0,0.0,16112,-529,76,discharging,None,None
18:44:48.626,staggered,8.3,655.5,456.3,29.4,1101.3,61.7,2400,0.0,0.0,16122,-645,76,discharging,None,None
18:44:49.139,staggered,8.3,655.5,456.3,14.9,1101.0,62.8,2400,0.0,0.0,16149,-521,76,discharging,None,None
18:44:49.643,staggered,8.3,655.5,456.3,100.0,1101.0,65.0,2400,0.0,0.0,16105,-554,76,discharging,None,None
18:44:50.146,staggered,8.3,683.7,490.6,27.7,1101.0,62.8,2400,0.0,0.0,16124,-650,76,discharging,None,None
18:44:50.655,staggered,8.3,683.7,490.6,22.0,1101.0,63.9,2400,0.0,0.0,16148,-500,76,discharging,None,None
18:44:51.159,staggered,8.3,370.8,148.6,84.5,1101.0,64.5,2400,0.0,0.0,16101,-551,76,discharging,None,None
18:44:51.662,staggered,8.3,370.8,148.6,0.0,1101.0,62.2,2400,0.0,0.0,16136,-603,76,discharging,None,None
18:44:52.166,staggered,8.3,363.2,148.6,75.6,1100.8,64.5,2400,0.0,0.0,16110,-557,76,discharging,None,None
18:44:52.670,staggered,8.3,363.2,147.7,32.3,1100.8,61.7,2400,0.0,0.0,16123,-603,76,discharging,None,None
18:44:53.175,staggered,8.3,363.2,147.7,59.6,1100.8,66.1,2400,0.0,0.0,16147,-541,76,discharging,None,None
18:44:53.681,staggered,8.3,363.0,147.7,20.0,1101.2,62.8,2400,0.0,0.0,16136,-547,76,discharging,None,None
18:44:54.188,staggered,8.3,363.0,151.7,57.1,1101.5,66.7,2400,0.0,0.0,16126,-565,76,discharging,None,None
18:44:54.692,staggered,8.3,364.1,151.7,45.5,1101.5,61.1,1900,0.0,0.0,16100,-603,76,discharging,None,None
18:44:55.196,staggered,8.3,364.1,171.4,36.0,1101.5,64.5,2400,0.0,0.0,16151,-533,76,discharging,None,None
18:44:55.700,staggered,8.3,363.8,171.4,75.1,1101.5,62.8,2400,0.0,0.0,16104,-546,76,discharging,None,None
18:44:56.204,staggered,8.3,363.8,171.4,0.0,1101.0,60.6,2400,0.0,0.0,16142,-587,76,discharging,None,None
18:44:56.718,staggered,8.3,363.8,171.4,68.1,1101.0,65.5,2400,0.0,0.0,16143,-478,76,discharging,None,None
18:44:57.222,staggered,8.3,711.6,529.1,74.4,1101.8,62.8,2400,0.0,0.0,16097,-637,76,discharging,None,None
18:44:57.725,staggered,8.3,711.6,529.1,0.0,1101.8,60.6,2400,0.0,0.0,16141,-620,76,discharging,None,None
18:44:58.235,staggered,8.3,711.6,529.1,69.6,1102.2,66.1,2400,0.0,0.0,16143,-480,76,discharging,None,None
18:44:58.738,staggered,8.3,635.5,439.5,67.3,1102.2,63.4,2400,0.0,0.0,16098,-637,76,discharging,None,None
18:44:59.242,staggered,8.3,635.5,439.5,0.0,1102.9,60.6,2400,0.0,0.0,16142,-607,76,discharging,None,None
18:44:59.745,staggered,8.3,363.3,439.5,74.6,1102.9,63.4,2400,0.0,0.0,16126,-499,76,discharging,None,None
18:45:00.249,staggered,8.3,363.3,147.1,32.0,1102.4,61.7,2400,0.0,0.0,16099,-602,76,discharging,None,None
18:45:00.757,staggered,8.3,363.3,147.1,54.5,1102.4,65.5,2400,0.0,0.0,16151,-522,76,discharging,None,None
18:45:01.260,staggered,8.3,383.4,147.0,54.2,1102.2,65.5,2400,0.0,0.0,16113,-522,76,discharging,None,None
18:45:01.768,staggered,8.3,383.4,147.0,22.5,1102.2,63.9,2400,0.0,0.0,16143,-582,76,discharging,None,None
18:45:02.272,staggered,8.3,367.4,147.0,54.5,1102.7,62.2,2400,0.0,0.0,16105,-601,76,discharging,None,None
18:45:02.775,staggered,8.3,367.4,147.8,32.3,1102.7,61.7,2400,0.0,0.0,16147,-578,76,discharging,None,None
18:45:03.279,staggered,8.3,371.2,147.8,74.8,1102.7,62.8,2400,0.0,0.0,16118,-543,76,discharging,None,None
18:45:03.782,staggered,8.3,371.2,147.8,0.0,1102.4,61.1,2400,0.0,0.0,16137,-571,76,discharging,None,None
18:45:04.291,staggered,8.3,371.2,155.0,88.6,1102.4,66.7,2400,0.0,0.0,16112,-538,76,discharging,None,None
18:45:04.794,staggered,8.3,363.6,155.0,18.6,1103.3,61.7,2400,0.0,0.0,16117,-603,76,discharging,None,None
18:45:05.307,staggered,8.3,363.6,155.0,29.2,1103.1,64.5,2400,0.0,0.0,16147,-530,76,discharging,None,None
18:45:05.811,staggered,8.3,363.6,446.1,100.0,1103.1,66.1,2400,0.0,0.0,16107,-547,76,discharging,None,None
18:45:06.314,staggered,8.3,663.8,446.1,8.9,1102.6,61.1,2400,0.0,0.0,16131,-641,76,discharging,None,None
18:45:06.827,staggered,8.3,663.8,446.1,36.3,1102.6,65.0,2400,0.0,0.0,16149,-497,76,discharging,None,None
18:45:07.331,staggered,8.3,679.3,440.4,99.0,1102.6,66.1,2400,0.0,0.0,16107,-559,76,discharging,None,None
18:45:07.834,staggered,8.3,679.3,440.4,1.0,1101.9,61.7,2400,0.0,0.0,16136,-654,76,discharging,None,None
18:45:08.344,staggered,8.3,679.3,440.4,44.3,1101.9,66.1,2400,0.0,0.0,16150,-499,76,discharging,None,None
18:45:08.848,staggered,8.3,459.1,237.5,70.1,1101.7,62.8,2400,0.0,0.0,16103,-574,76,discharging,None,None
18:45:09.351,staggered,8.3,459.1,237.5,0.0,1101.7,61.1,2400,0.0,0.0,16138,-617,76,discharging,None,None
18:45:09.855,staggered,8.3,363.5,237.5,75.2,1101.2,63.4,2400,0.0,0.0,16127,-524,76,discharging,None,None
18:45:10.358,staggered,8.3,363.5,149.4,32.0,1101.2,62.2,2400,0.0,0.0,16113,-602,76,discharging,None,None
18:45:10.867,staggered,8.3,363.5,149.4,64.4,1101.2,63.9,1900,0.0,0.0,16147,-541,76,discharging,None,None
18:45:11.371,staggered,8.3,395.6,149.4,44.1,1101.2,65.0,2400,0.0,0.0,16117,-527,76,discharging,None,None
18:45:11.876,staggered,8.3,395.6,151.2,33.0,1101.2,64.5,2400,0.0,0.0,16134,-568,76,discharging,None,None
18:45:12.379,staggered,8.3,375.2,151.2,47.8,1101.2,62.2,2400,0.0,0.0,16106,-598,76,discharging,None,None
18:45:12.883,staggered,8.3,375.2,147.5,32.3,1101.0,61.7,2400,0.0,0.0,16146,-553,76,discharging,None,None
18:45:13.386,staggered,8.3,367.3,147.5,75.2,1101.0,63.4,2400,0.0,0.0,16120,-537,76,discharging,None,None
18:45:13.890,staggered,8.3,367.3,147.5,0.0,1101.0,61.1,2400,0.0,0.0,16137,-596,76,discharging,None,None
18:45:14.399,staggered,8.3,367.3,146.5,91.6,1101.0,67.2,2400,0.0,0.0,16132,-538,76,discharging,None,None
18:45:14.902,staggered,8.3,376.5,146.5,15.8,1101.0,61.7,2400,0.0,0.0,16105,-604,76,discharging,None,None
18:45:15.414,staggered,21.1,376.5,146.5,31.7,1101.0,64.5,2400,0.0,0.0,16146,-545,76,discharging,None,None
18:45:15.923,staggered,21.1,376.5,464.3,100.0,1101.9,66.7,2400,0.0,0.0,16111,-535,76,discharging,None,None
18:45:16.426,staggered,21.1,710.4,464.3,14.8,1101.7,61.7,2400,0.0,0.0,16108,-653,76,discharging,None,None
18:45:16.939,staggered,8.4,710.4,464.3,43.1,1101.7,65.5,2400,0.0,0.0,16145,-539,76,discharging,None,None
18:45:17.443,staggered,8.4,710.4,464.3,100.0,1101.7,67.2,2400,0.0,0.0,16109,-546,76,discharging,None,None
18:45:17.946,staggered,7.9,739.5,520.2,18.3,1101.4,62.2,2400,0.0,0.0,16098,-679,76,discharging,None,None
18:45:18.455,staggered,7.9,739.5,520.2,30.0,1101.4,65.0,2400,0.0,0.0,16143,-555,76,discharging,None,None
18:45:18.959,staggered,7.9,475.4,246.0,95.1,1101.4,65.0,2400,0.0,0.0,16107,-531,76,discharging,None,None
18:45:19.462,staggered,8.3,475.4,246.0,3.0,1101.4,62.8,2400,0.0,0.0,16123,-634,76,discharging,None,None
18:45:19.972,staggered,8.3,475.4,246.0,76.6,1101.4,66.7,2400,0.0,0.0,16147,-535,76,discharging,None,None
18:45:20.475,staggered,8.2,403.2,160.1,42.6,1101.4,62.8,2400,0.0,0.0,16109,-571,76,discharging,None,None
18:45:20.983,staggered,8.2,403.2,160.1,40.1,1101.2,64.5,1900,0.0,0.0,16136,-605,76,discharging,None,None
18:45:21.487,staggered,8.4,409.9,160.1,48.3,1102.1,62.8,2400,0.0,0.0,16117,-584,76,discharging,None,None
18:45:21.990,staggered,8.4,409.9,171.4,37.1,1102.1,62.2,2400,0.0,0.0,16128,-611,76,discharging,None,None
18:45:22.494,staggered,8.4,396.9,171.4,82.1,1102.1,63.9,2400,0.0,0.0,16135,-549,76,discharging,None,None
18:45:23.003,staggered,8.3,396.9,171.4,31.2,1101.9,65.5,2400,0.0,0.0,16136,-565,76,discharging,None,None
18:45:23.507,staggered,8.3,396.9,163.3,67.8,1101.9,67.2,2400,0.0,0.0,16116,-567,76,discharging,None,None
18:45:24.011,staggered,8.3,399.4,163.3,22.3,1101.9,62.2,2400,0.0,0.0,16098,-622,76,discharging,None,None
18:45:24.519,staggered,8.3,399.4,157.1,58.7,1101.9,65.5,2400,0.0,0.0,16144,-563,76,discharging,None,None
18:45:25.022,staggered,8.3,397.3,157.1,58.9,1101.9,62.8,2400,0.0,0.0,16103,-621,76,discharging,None,None
18:45:25.526,staggered,8.3,397.3,157.1,2.5,1102.4,61.1,2400,0.0,0.0,16145,-555,76,discharging,None,None
18:45:26.037,staggered,8.3,397.3,421.6,90.7,1102.4,66.1,1900,0.0,0.0,16111,-533,76,discharging,None,None
18:45:26.541,staggered,8.2,653.3,421.6,46.8,1102.4,62.2,2400,0.0,0.0,16116,-643,76,discharging,None,None
18:45:27.046,staggered,8.2,653.3,421.6,2.5,1102.1,61.1,2400,0.0,0.0,16145,-523,76,discharging,None,None
18:45:27.558,staggered,8.3,653.3,421.6,99.5,1102.4,66.7,2400,0.0,0.0,16110,-547,76,discharging,None,None
18:45:28.062,staggered,8.3,686.2,446.2,39.9,1104.2,62.2,2400,0.0,0.0,16117,-656,76,discharging,None,None
18:45:28.571,staggered,8.3,686.2,446.2,8.5,1104.2,62.8,2400,0.0,0.0,16145,-522,76,discharging,None,None
18:45:29.079,staggered,8.3,686.2,446.2,100.0,1104.2,66.7,2400,0.0,0.0,16107,-547,76,discharging,None,None
18:45:29.583,staggered,8.3,875.7,471.6,75.0,1104.0,63.4,2400,0.0,0.0,16097,-719,76,discharging,None,None
18:45:30.086,staggered,7.0,875.7,471.6,2.5,1103.0,61.7,2400,0.0,0.0,16144,-587,76,discharging,None,None
18:45:30.596,staggered,7.0,875.7,471.6,75.6,1103.0,66.7,2400,0.0,0.0,16111,-502,76,discharging,None,None
18:45:31.100,staggered,7.0,398.5,164.9,43.2,1102.8,63.4,2400,0.0,0.0,16108,-622,76,discharging,None,None
18:45:31.608,staggered,8.3,398.5,164.9,40.6,1102.8,65.0,2400,0.0,0.0,16150,-532,76,discharging,None,None
18:45:32.112,staggered,8.3,406.6,164.9,69.2,1102.4,65.5,2400,0.0,0.0,16102,-538,76,discharging,None,None
18:45:32.617,staggered,8.4,406.6,161.0,13.4,1103.4,61.1,2400,0.0,0.0,16138,-601,76,discharging,None,None
18:45:33.120,staggered,8.4,400.6,161.0,83.0,1105.3,64.5,2400,0.0,0.0,16105,-602,76,discharging,None,None
18:45:33.624,staggered,8.4,400.6,171.4,37.1,1105.3,62.8,2400,0.0,0.0,16139,-603,76,discharging,None,None
18:45:34.132,staggered,8.3,400.6,171.4,62.7,1105.4,66.1,2400,0.0,0.0,16130,-548,76,discharging,None,None
18:45:34.636,staggered,8.3,399.5,171.4,21.9,1105.0,61.7,2400,0.0,0.0,16136,-584,76,discharging,None,None
18:45:35.143,staggered,8.3,399.5,157.7,59.2,1104.5,65.5,2400,0.0,0.0,16107,-570,76,discharging,None,None
18:45:35.646,staggered,8.3,399.4,157.7,58.9,1104.5,63.4,2400,0.0,0.0,16098,-622,76,discharging,None,None
18:45:36.155,staggered,8.4,399.4,157.7,14.9,1104.2,63.9,2400,0.0,0.0,16144,-563,76,discharging,None,None
18:45:36.660,staggered,8.4,399.4,225.1,100.0,1104.2,66.1,2400,0.0,0.0,16107,-555,76,discharging,None,None
18:45:37.163,staggered,8.4,462.6,225.1,10.4,1103.8,62.2,2400,0.0,0.0,16133,-633,76,discharging,None,None
18:45:37.675,staggered,8.3,462.6,225.1,38.4,1103.8,65.0,2400,0.0,0.0,16147,-495,76,discharging,None,None
18:45:38.178,staggered,8.3,668.3,430.8,97.5,1104.3,66.7,2400,0.0,0.0,16101,-592,76,discharging,None,None
18:45:38.682,staggered,8.3,668.3,430.8,3.0,1104.3,62.2,2400,0.0,0.0,16134,-649,76,discharging,None,None
18:45:39.195,staggered,8.3,668.3,430.8,47.5,1104.0,65.0,2400,0.0,0.0,16148,-490,76,discharging,None,None
18:45:39.698,staggered,8.3,727.9,497.3,99.0,1104.0,67.2,2400,0.0,0.0,16100,-608,76,discharging,None,None
18:45:40.202,staggered,8.3,727.9,497.3,2.5,1103.4,62.2,2400,0.0,0.0,16133,-658,76,discharging,None,None
18:45:40.706,staggered,8.3,727.9,497.3,44.8,1103.4,66.1,2400,0.0,0.0,16148,-488,76,discharging,None,None
18:45:41.214,staggered,8.3,604.9,497.3,80.7,1107.4,65.5,2400,0.0,0.0,16097,-580,76,discharging,None,None
18:45:41.718,staggered,8.3,604.9,395.9,10.8,1108.7,61.1,1600,0.0,0.0,16138,-634,76,discharging,None,None
18:45:42.227,staggered,7.6,604.9,395.9,66.3,1110.1,66.1,2400,0.0,0.0,16147,-488,76,discharging,None,None
18:45:42.730,staggered,7.6,424.5,158.3,56.7,1112.7,63.4,2400,0.0,0.0,16125,-569,76,discharging,None,None
18:45:43.239,staggered,7.6,424.5,158.3,25.0,1113.5,65.0,2400,0.0,0.0,16139,-587,76,discharging,None,None
18:45:43.742,staggered,8.3,408.6,158.3,60.3,1113.5,62.8,2400,0.0,0.0,16101,-592,76,discharging,None,None
18:45:44.246,staggered,8.3,408.6,164.4,36.6,1111.8,61.7,2400,0.0,0.0,16109,-623,76,discharging,None,None
18:45:44.750,staggered,8.3,406.5,164.4,83.1,1111.8,66.1,2400,0.0,0.0,16119,-549,76,discharging,None,None
18:45:45.259,staggered,8.3,406.5,164.4,19.4,1107.3,65.0,2400,0.0,0.0,16134,-565,76,discharging,None,None
18:45:45.763,staggered,8.3,406.5,174.2,64.9,1107.3,66.1,2400,0.0,0.0,16134,-555,76,discharging,None,None
18:45:46.267,staggered,8.3,399.4,174.2,37.5,1107.0,62.2,2400,0.0,0.0,16097,-623,76,discharging,None,None
18:45:46.776,staggered,8.3,399.4,159.7,43.6,1107.0,65.0,2400,0.0,0.0,16144,-563,76,discharging,None,None
18:45:47.280,staggered,8.3,397.4,159.7,74.8,1106.9,63.9,2400,0.0,0.0,16094,-590,76,discharging,None,None
18:45:47.783,staggered,8.3,397.4,159.7,4.4,1106.9,61.1,2400,0.0,0.0,16136,-618,76,discharging,None,None
18:45:48.291,staggered,8.3,397.4,159.7,77.9,1106.6,67.2,2400,0.0,0.0,16135,-495,76,discharging,None,None
18:45:48.795,staggered,8.3,637.6,431.8,60.5,1106.6,63.4,2400,0.0,0.0,16098,-645,76,discharging,None,None
18:45:49.298,staggered,8.3,637.6,431.8,1.5,1106.6,61.7,2400,0.0,0.0,16141,-605,76,discharging,None,None
18:45:49.808,staggered,8.4,637.6,431.8,85.2,1109.6,67.2,2400,0.0,0.0,16127,-487,76,discharging,None,None
18:45:50.312,staggered,8.4,698.3,452.0,56.7,1108.8,63.4,2400,0.0,0.0,16096,-656,76,discharging,None,None
18:45:50.815,staggered,8.3,698.3,452.0,2.0,1108.0,61.7,2400,0.0,0.0,16142,-598,76,discharging,None,None
18:45:51.334,staggered,8.3,698.3,452.0,88.2,1107.9,67.2,2400,0.0,0.0,16126,-490,76,discharging,None,None
18:45:51.838,staggered,8.3,579.4,320.9,41.0,1106.8,62.8,2400,0.0,0.0,16097,-644,76,discharging,None,None
18:45:52.348,staggered,8.3,579.4,320.9,18.0,1106.7,63.9,2400,0.0,0.0,16144,-571,76,discharging,None,None
18:45:52.853,staggered,8.3,418.5,320.9,94.6,1106.7,66.7,2400,0.0,0.0,16106,-510,76,discharging,None,None
18:45:53.357,staggered,8.3,418.5,169.8,18.6,1105.8,61.7,2400,0.0,0.0,16119,-619,76,discharging,None,None
18:45:53.864,staggered,8.3,393.9,169.8,77.5,1105.8,66.1,2400,0.0,0.0,16144,-559,75,discharging,None,None
18:45:54.367,staggered,7.9,393.9,167.1,40.7,1105.4,62.8,2400,0.0,0.0,16126,-570,75,discharging,None,None
18:45:54.875,staggered,7.9,393.9,167.1,40.5,1105.7,66.7,2400,0.0,0.0,16135,-585,75,discharging,None,None
18:45:55.378,staggered,7.9,404.5,167.1,43.6,1104.9,62.8,2400,0.0,0.0,16100,-618,75,discharging,None,None
18:45:55.888,staggered,8.4,404.5,161.5,37.2,1103.9,62.2,2400,0.0,0.0,16130,-561,75,discharging,None,None
18:45:56.393,staggered,8.4,399.8,161.5,80.0,1103.9,62.2,2400,0.0,0.0,16097,-622,75,discharging,None,None
18:45:56.900,staggered,8.3,399.8,161.5,18.9,1103.2,65.5,2400,0.0,0.0,16142,-579,75,discharging,None,None
18:45:57.404,staggered,8.3,399.8,163.3,82.6,1103.2,67.2,2400,0.0,0.0,16101,-576,75,discharging,None,None
18:45:57.908,staggered,8.3,399.1,163.3,18.1,1103.0,62.8,2400,0.0,0.0,16135,-607,75,discharging,None,None
18:45:58.419,staggered,8.3,399.1,163.3,48.8,1103.0,65.5,2400,0.0,0.0,16125,-526,75,discharging,None,None
18:45:58.923,staggered,8.3,540.6,354.5,83.2,1102.5,63.9,2400,0.0,0.0,16093,-643,75,discharging,None,None
18:45:59.426,staggered,8.3,540.6,354.5,2.0,1102.5,63.4,2400,0.0,0.0,16142,-579,75,discharging,None,None
18:45:59.935,staggered,8.3,540.6,354.5,62.0,1102.5,66.1,2400,0.0,0.0,16111,-497,75,discharging,None,None
18:46:00.438,staggered,8.3,795.1,675.6,98.5,1102.7,66.7,2400,0.0,0.0,16096,-671,75,discharging,None,None
18:46:00.942,staggered,8.3,795.1,675.6,4.0,1102.0,62.2,2400,0.0,0.0,16140,-605,75,discharging,None,None
18:46:01.455,staggered,8.3,795.1,675.6,47.8,1102.0,65.0,2400,0.0,0.0,16133,-490,75,discharging,None,None
18:46:01.958,staggered,8.3,400.8,205.2,73.5,1102.0,63.4,2400,0.0,0.0,16097,-628,75,discharging,None,None
18:46:02.467,staggered,8.3,400.8,205.2,10.6,1103.9,63.4,1900,0.0,0.0,16140,-575,75,discharging,None,None
18:46:02.970,staggered,8.3,408.7,205.2,75.0,1104.2,62.8,2400,0.0,0.0,16097,-566,75,discharging,None,None
18:46:03.474,staggered,8.3,408.7,166.0,36.0,1106.0,61.7,2400,0.0,0.0,16129,-627,75,discharging,None,None
18:46:03.983,staggered,8.3,408.7,166.0,71.1,1107.0,67.2,2400,0.0,0.0,16106,-589,75,discharging,None,None
18:46:04.488,staggered,8.3,396.2,166.0,33.7,1109.0,66.1,2400,0.0,0.0,16131,-586,75,discharging,None,None
18:46:04.992,staggered,8.3,396.2,158.4,49.8,1109.5,65.5,2400,0.0,0.0,16134,-558,75,discharging,None,None
18:46:05.495,staggered,8.3,576.4,158.4,73.5,1108.6,63.4,2400,0.0,0.0,16097,-647,75,discharging,None,None
18:46:05.999,staggered,8.3,576.4,172.2,37.6,1107.9,63.9,2400,0.0,0.0,16127,-627,75,discharging,None,None
18:46:06.507,staggered,6.9,576.4,172.2,60.3,1107.9,67.2,2400,0.0,0.0,16115,-553,75,discharging,None,None
18:46:07.010,staggered,6.9,397.4,172.2,23.5,1105.8,62.8,2400,0.0,0.0,16133,-567,75,discharging,None,None
18:46:07.519,staggered,6.9,397.4,157.6,58.0,1105.8,65.0,2400,0.0,0.0,16115,-554,75,discharging,None,None
18:46:08.022,staggered,8.3,400.9,157.6,59.6,1105.5,63.9,2400,0.0,0.0,16097,-623,75,discharging,None,None
18:46:08.531,staggered,8.3,400.9,157.6,12.1,1105.5,62.2,2400,0.0,0.0,16144,-555,75,discharging,None,None
18:46:09.035,staggered,8.3,400.9,193.1,99.5,1105.5,67.2,2400,0.0,0.0,16106,-576,75,discharging,None,None
18:46:09.539,staggered,8.3,458.3,193.1,10.0,1104.7,62.2,2400,0.0,0.0,16134,-628,75,discharging,None,None
18:46:10.051,staggered,8.3,458.3,193.1,38.5,1103.8,64.5,2400,0.0,0.0,16147,-490,75,discharging,None,None
18:46:10.555,staggered,8.3,458.3,551.1,100.0,1103.8,67.2,2400,0.0,0.0,16100,-614,75,discharging,None,None
18:46:11.059,staggered,8.3,745.6,551.1,15.5,1103.3,62.2,2400,0.0,0.0,16132,-655,75,discharging,None,None
18:46:11.567,staggered,8.4,745.6,551.1,30.2,1103.3,66.7,2400,0.0,0.0,16145,-490,75,discharging,None,None
18:46:12.071,staggered,8.4,745.6,551.1,100.0,1103.3,67.2,2400,0.0,0.0,16098,-603,75,discharging,None,None
18:46:12.574,staggered,8.3,735.8,490.1,19.3,1103.0,62.8,1900,0.0,0.0,16132,-663,75,discharging,None,None
18:46:13.083,staggered,8.3,735.8,490.1,27.8,1103.0,64.5,2400,0.0,0.0,16150,-473,75,discharging,None,None
18:46:13.587,staggered,8.3,487.0,242.8,97.5,1103.0,66.1,2400,0.0,0.0,16100,-568,75,discharging,None,None
18:46:14.090,staggered,8.3,487.0,242.8,3.0,1103.0,61.7,2400,0.0,0.0,16135,-619,75,discharging,None,None
18:46:14.595,staggered,8.3,487.0,242.8,72.0,1103.0,66.1,2400,0.0,0.0,16113,-537,75,discharging,None,None
18:46:15.098,staggered,8.3,398.8,170.8,47.3,1102.2,62.2,2400,0.0,0.0,16107,-630,75,discharging,None,None
18:46:15.605,staggered,8.3,398.8,170.8,35.6,1102.2,66.1,2400,0.0,0.0,16141,-568,75,discharging,None,None
18:46:16.108,staggered,8.4,392.9,170.8,48.8,1102.0,63.9,2400,0.0,0.0,16101,-579,75,discharging,None,None
18:46:16.612,staggered,8.4,392.9,156.8,36.0,1102.0,62.2,2400,0.0,0.0,16119,-625,75,discharging,None,None
18:46:17.115,staggered,8.4,392.0,156.8,81.6,1102.2,63.9,2400,0.0,0.0,16103,-615,75,discharging,None,None
18:46:17.623,staggered,8.3,392.0,156.8,36.2,1102.2,65.5,2400,0.0,0.0,16136,-575,75,discharging,None,None
18:46:18.127,staggered,8.3,392.0,165.7,70.0,1101.8,67.2,2400,0.0,0.0,16122,-556,75,discharging,None,None
18:46:18.631,staggered,7.9,413.1,165.7,25.6,1102.9,62.8,2400,0.0,0.0,16133,-624,75,discharging,None,None
18:46:19.139,staggered,7.9,413.1,159.2,55.7,1102.9,65.0,2400,0.0,0.0,16137,-559,75,discharging,None,None
18:46:19.643,staggered,7.9,415.6,159.2,66.0,1102.9,63.9,2400,0.0,0.0,16095,-624,75,discharging,None,None
18:46:20.147,staggered,8.3,415.6,159.2,3.4,1102.7,62.2,2400,0.0,0.0,16141,-575,75,discharging,None,None
18:46:20.661,staggered,8.3,415.6,453.7,87.3,1102.7,66.1,2400,0.0,0.0,16110,-509,75,discharging,None,None
18:46:21.164,staggered,8.3,648.0,453.7,52.2,1102.2,63.4,2400,0.0,0.0,16093,-658,75,discharging,None,None
18:46:21.668,staggered,8.3,648.0,453.7,2.5,1102.2,62.2,2400,0.0,0.0,16143,-564,75,discharging,None,None
18:46:22.179,staggered,8.2,648.0,453.7,94.1,1102.2,66.7,2400,0.0,0.0,16107,-520,75,discharging,None,None
18:46:22.682,staggered,8.2,724.1,447.3,52.5,1102.2,62.8,2400,0.0,0.0,16095,-668,75,discharging,None,None
18:46:23.186,staggered,8.2,724.1,447.3,2.5,1102.0,60.6,1900,0.0,0.0,16143,-563,75,discharging,None,None
18:46:23.699,staggered,8.3,724.1,447.3,92.6,1102.0,67.2,2400,0.0,0.0,16110,-502,75,discharging,None,None
18:46:24.202,staggered,8.3,643.3,406.6,48.5,1101.8,62.8,2400,0.0,0.0,16096,-645,75,discharging,None,None
18:46:24.711,staggered,8.4,643.3,406.6,9.0,1101.8,63.4,2400,0.0,0.0,16142,-557,75,discharging,None,None
18:46:25.217,staggered,8.4,414.6,406.6,94.2,1101.8,66.7,2400,0.0,0.0,16103,-546,75,discharging,None,None
18:46:25.721,staggered,8.4,414.6,160.6,18.4,1101.8,62.8,2400,0.0,0.0,16133,-627,75,discharging,None,None
18:46:26.228,staggered,8.3,414.6,160.6,66.8,1101.5,67.8,2400,0.0,0.0,16134,-543,75,discharging,None,None
18:46:26.732,staggered,8.3,407.1,179.1,52.3,1101.5,63.9,2400,0.0,0.0,16132,-580,75,discharging,None,None
18:46:27.240,staggered,8.3,407.1,179.1,30.7,1101.5,64.5,2400,0.0,0.0,16135,-577,75,discharging,None,None
18:46:27.744,staggered,8.3,407.4,179.1,54.7,1101.5,62.8,2400,0.0,0.0,16097,-609,75,discharging,None,None
18:46:28.247,staggered,8.3,407.4,171.8,37.9,1102.2,62.8,2400,0.0,0.0,16125,-625,75,discharging,None,None
18:46:28.751,staggered,8.3,405.6,171.8,83.6,1102.7,65.0,2400,0.0,0.0,16120,-556,75,discharging,None,None
18:46:29.260,staggered,8.3,405.6,171.8,6.0,1102.5,62.8,2400,0.0,0.0,16134,-557,75,discharging,None,None
18:46:29.764,staggered,8.3,405.6,349.0,78.4,1102.5,66.1,2400,0.0,0.0,16111,-548,75,discharging,None,None
18:46:30.268,staggered,8.3,415.4,349.0,48.8,1104.2,62.8,2400,0.0,0.0,16094,-641,75,discharging,None,None
18:46:30.771,staggered,8.0,415.4,349.0,3.0,1104.0,61.1,2400,0.0,0.0,16140,-578,75,discharging,None,None
18:46:31.280,staggered,8.0,415.4,349.0,97.1,1104.3,66.7,2400,0.0,0.0,16110,-523,75,discharging,None,None
18:46:31.783,staggered,8.0,857.4,753.4,77.5,1104.3,63.4,2400,0.0,0.0,16095,-692,75,discharging,None,None
18:46:32.287,staggered,8.3,857.4,753.4,2.5,1104.1,61.7,2400,0.0,0.0,16132,-636,75,discharging,None,None
18:46:32.799,staggered,8.3,857.4,753.4,68.5,1104.1,66.7,2400,0.0,0.0,16140,-506,75,discharging,None,None
18:46:33.302,staggered,8.3,569.5,393.1,70.4,1103.4,63.4,2400,0.0,0.0,16094,-648,75,discharging,None,None
18:46:33.806,staggered,8.3,569.5,393.1,2.5,1103.9,62.2,2400,0.0,0.0,16134,-632,75,discharging,None,None
18:46:34.309,staggered,8.4,397.8,393.1,82.6,1106.0,63.4,2400,0.0,0.0,16106,-549,75,discharging,None,None
18:46:34.813,staggered,8.4,397.8,169.2,37.3,1105.7,61.1,2400,0.0,0.0,16092,-641,75,discharging,None,None
