Timestamp,Schedule_Mode,FPS,Leaf_Lat_ms,Pest_Lat_ms,CPU_%,RAM_MB,Temp_C,Freq_MHz,GPU_%,GPU_MHz,Batt_Voltage_mV,Batt_Current_mA,Batt_Percent,Batt_State,Leaf_Detections,Pest_Detections
18:47:14.619,sequential,0.0,0.0,0.0,0.0,989.6,55.6,2400,0.0,0.0,16141,-519,75,discharging,None,None
18:47:15.123,sequential,0.0,0.0,0.0,0.0,989.6,54.5,2400,0.0,0.0,16167,-419,75,discharging,None,None
18:47:15.626,sequential,0.0,0.0,0.0,0.5,989.6,54.5,2400,0.0,0.0,16170,-319,75,discharging,None,None
18:47:16.130,sequential,0.0,0.0,0.0,0.0,989.6,54.5,2400,0.0,0.0,16170,-318,75,discharging,None,None
18:47:16.633,sequential,0.0,0.0,0.0,0.0,989.6,52.4,2400,0.0,0.0,16171,-317,75,discharging,None,None
18:47:17.136,sequential,0.0,0.0,0.0,0.0,985.3,55.1,2400,0.0,0.0,16172,-313,75,discharging,None,None
18:47:17.640,sequential,0.0,0.0,0.0,0.0,985.2,53.5,1500,0.0,0.0,16174,-302,75,discharging,None,None
18:47:18.144,sequential,0.0,0.0,0.0,0.0,985.2,52.4,1500,0.0,0.0,16180,-274,75,discharging,None,None
18:47:18.647,sequential,0.0,0.0,0.0,0.5,985.2,51.8,1500,0.0,0.0,16181,-253,75,discharging,None,None
18:47:19.151,sequential,0.0,0.0,0.0,0.0,983.6,52.4,1500,0.0,0.0,16181,-251,75,discharging,None,None
18:47:19.654,sequential,0.0,0.0,0.0,0.0,983.6,52.9,1500,0.0,0.0,16180,-250,75,discharging,None,None
18:47:20.158,sequential,0.0,0.0,0.0,0.0,980.0,52.4,1500,0.0,0.0,16180,-250,75,discharging,None,None
18:47:20.661,sequential,0.0,0.0,0.0,0.0,980.0,52.4,1500,0.0,0.0,16180,-250,75,discharging,None,None
18:47:21.165,sequential,0.0,0.0,0.0,0.0,982.1,51.8,1500,0.0,0.0,16181,-250,75,discharging,None,None
18:47:21.669,sequential,0.0,0.0,0.0,1.5,983.1,51.2,1500,0.0,0.0,16182,-251,75,discharging,None,None
18:47:22.173,sequential,0.0,0.0,0.0,1.0,983.2,51.8,1500,0.0,0.0,16181,-252,75,discharging,None,None
18:47:22.676,sequential,0.0,0.0,0.0,0.5,984.8,52.4,1500,0.0,0.0,16181,-253,75,discharging,None,None
18:47:23.180,sequential,0.0,0.0,0.0,1.0,983.0,51.2,1500,0.0,0.0,16182,-252,75,discharging,None,None
18:47:23.684,sequential,0.0,0.0,0.0,0.5,983.0,50.7,1500,0.0,0.0,16182,-251,75,discharging,None,None
18:47:24.188,sequential,0.0,0.0,0.0,0.0,979.8,51.8,1500,0.0,0.0,16182,-250,75,discharging,None,None
18:47:24.691,sequential,0.0,0.0,0.0,0.0,979.8,51.8,1500,0.0,0.0,16182,-249,75,discharging,None,None
18:47:25.195,sequential,0.0,0.0,0.0,0.0,977.6,51.8,1500,0.0,0.0,16182,-249,75,discharging,None,None
18:47:25.699,sequential,0.0,0.0,0.0,0.0,977.6,51.2,1500,0.0,0.0,16182,-250,75,discharging,None,None
18:47:26.202,sequential,0.0,0.0,0.0,0.0,975.3,52.9,1500,0.0,0.0,16182,-250,75,discharging,None,None
18:47:26.706,sequential,0.0,0.0,0.0,0.0,975.3,51.2,1500,0.0,0.0,16182,-249,75,discharging,None,None
18:47:27.209,sequential,0.0,0.0,0.0,0.0,972.6,51.2,1500,0.0,0.0,16182,-249,75,discharging,None,None
18:47:27.713,sequential,0.0,0.0,0.0,0.0,972.6,50.7,1500,0.0,0.0,16182,-249,75,discharging,None,None
18:47:28.216,sequential,0.0,0.0,0.0,0.0,969.6,50.7,1500,0.0,0.0,16182,-249,75,discharging,None,None
18:47:28.720,sequential,0.0,0.0,0.0,0.0,969.8,51.2,1500,0.0,0.0,16183,-249,75,discharging,None,None
18:47:29.224,sequential,0.0,0.0,0.0,0.5,969.0,52.4,1500,0.0,0.0,16184,-249,75,discharging,None,None
18:47:29.727,sequential,0.0,0.0,0.0,0.0,969.0,51.2,1500,0.0,0.0,16183,-249,75,discharging,None,None
18:47:30.231,sequential,0.0,0.0,0.0,0.0,967.0,51.2,1500,0.0,0.0,16184,-248,75,discharging,None,None
18:47:30.734,sequential,0.0,0.0,0.0,0.0,967.0,50.7,1500,0.0,0.0,16183,-249,75,discharging,None,None
18:47:31.238,sequential,0.0,0.0,0.0,0.0,966.1,51.2,1500,0.0,0.0,16184,-249,75,discharging,None,None
18:47:31.741,sequential,0.0,0.0,0.0,0.0,966.1,51.2,1500,0.0,0.0,16183,-248,75,discharging,None,None
18:47:32.245,sequential,0.0,0.0,0.0,0.0,964.7,50.1,1500,0.0,0.0,16183,-249,75,discharging,None,None
18:47:32.748,sequential,0.0,0.0,0.0,0.0,964.7,50.7,1500,0.0,0.0,16184,-249,75,discharging,None,None
18:47:33.252,sequential,0.0,0.0,0.0,0.0,962.9,50.1,1500,0.0,0.0,16183,-249,75,discharging,None,None
18:47:33.756,sequential,0.0,0.0,0.0,0.0,962.9,50.1,1500,0.0,0.0,16184,-249,75,discharging,None,None
18:47:34.259,sequential,0.0,0.0,0.0,0.0,962.4,50.1,1500,0.0,0.0,16184,-249,75,discharging,None,None
18:47:34.763,sequential,0.0,0.0,0.0,0.0,962.4,50.1,1500,0.0,0.0,16183,-249,75,discharging,None,None
18:47:35.266,sequential,0.0,0.0,0.0,0.0,961.2,49.6,1500,0.0,0.0,16185,-249,75,discharging,None,None
18:47:35.770,sequential,0.0,0.0,0.0,0.0,961.2,50.7,1500,0.0,0.0,16184,-248,75,discharging,None,None
18:47:36.273,sequential,0.0,0.0,0.0,0.0,959.5,50.7,1500,0.0,0.0,16185,-249,75,discharging,None,None
18:47:36.777,sequential,0.0,0.0,0.0,0.0,959.5,50.7,1500,0.0,0.0,16184,-249,75,discharging,None,None
18:47:37.280,sequential,0.0,0.0,0.0,0.0,959.0,50.7,1500,0.0,0.0,16185,-248,75,discharging,None,None
18:47:37.784,sequential,0.0,0.0,0.0,0.0,959.0,50.1,1500,0.0,0.0,16184,-248,75,discharging,None,None
18:47:38.288,sequential,0.0,0.0,0.0,0.0,958.5,50.1,1500,0.0,0.0,16185,-249,75,discharging,None,None
18:47:38.791,sequential,0.0,0.0,0.0,0.0,958.5,50.7,1500,0.0,0.0,16184,-249,75,discharging,None,None
18:47:39.295,sequential,0.0,0.0,0.0,0.0,957.4,50.1,1500,0.0,0.0,16185,-248,75,discharging,None,None
18:47:39.798,sequential,0.0,0.0,0.0,0.0,957.9,50.1,1500,0.0,0.0,16184,-248,75,discharging,None,None
18:47:40.302,sequential,0.0,0.0,0.0,0.0,957.5,50.7,1500,0.0,0.0,16184,-248,75,discharging,None,None
18:47:40.805,sequential,0.0,0.0,0.0,0.0,957.1,50.7,1500,0.0,0.0,16184,-248,75,discharging,None,None
18:47:41.309,sequential,0.0,0.0,0.0,0.0,957.1,50.1,1500,0.0,0.0,16184,-248,75,discharging,None,None
18:47:41.812,sequential,0.0,0.0,0.0,0.0,957.1,50.1,1500,0.0,0.0,16184,-248,75,discharging,None,None
18:47:42.316,sequential,0.0,0.0,0.0,0.0,956.5,49.6,1500,0.0,0.0,16184,-249,75,discharging,None,None
18:47:42.819,sequential,0.0,0.0,0.0,0.0,956.4,50.7,1500,0.0,0.0,16185,-248,75,discharging,None,None
18:47:43.323,sequential,0.0,0.0,0.0,0.0,957.2,49.6,1500,0.0,0.0,16185,-247,75,discharging,None,None
18:47:43.827,sequential,0.0,0.0,0.0,0.0,957.2,50.1,1500,0.0,0.0,16185,-248,75,discharging,None,None
18:47:44.330,sequential,0.0,0.0,0.0,0.0,957.3,49.6,1500,0.0,0.0,16185,-248,75,discharging,None,None
18:47:44.834,sequential,0.0,0.0,0.0,0.0,956.9,49.6,1500,0.0,0.0,16186,-248,75,discharging,None,None
18:47:45.337,sequential,0.0,0.0,0.0,0.0,957.3,50.1,1500,0.0,0.0,16185,-248,75,discharging,None,None
18:47:45.841,sequential,0.0,0.0,0.0,0.0,956.9,49.6,1500,0.0,0.0,16185,-248,75,discharging,None,None
18:47:46.344,sequential,0.0,0.0,0.0,0.0,956.9,49.6,1500,0.0,0.0,16185,-247,75,discharging,None,None
18:47:46.848,sequential,0.0,0.0,0.0,0.0,956.6,50.1,1500,0.0,0.0,16185,-248,75,discharging,None,None
18:47:47.351,sequential,0.0,0.0,0.0,0.0,956.6,49.6,1500,0.0,0.0,16185,-248,75,discharging,None,None
18:47:47.855,sequential,0.0,0.0,0.0,0.0,955.7,50.1,1500,0.0,0.0,16185,-248,75,discharging,None,None
18:47:48.359,sequential,0.0,0.0,0.0,0.5,955.7,50.1,1500,0.0,0.0,16185,-248,75,discharging,None,None
18:47:48.862,sequential,0.0,0.0,0.0,0.0,955.7,49.6,1500,0.0,0.0,16185,-248,75,discharging,None,None
18:47:49.366,sequential,0.0,0.0,0.0,0.0,955.7,49.6,1500,0.0,0.0,16187,-248,75,discharging,None,None
18:47:49.869,sequential,0.0,0.0,0.0,0.0,955.5,50.1,1500,0.0,0.0,16185,-248,75,discharging,None,None
18:47:50.373,sequential,0.0,0.0,0.0,0.0,955.7,50.1,1500,0.0,0.0,16186,-247,75,discharging,None,None
18:47:50.876,sequential,0.0,0.0,0.0,0.0,955.2,50.1,1500,0.0,0.0,16185,-248,75,discharging,None,None
18:47:51.380,sequential,0.0,0.0,0.0,0.0,955.0,49.6,1500,0.0,0.0,16186,-248,75,discharging,None,None
18:47:51.883,sequential,0.0,0.0,0.0,0.0,955.0,51.2,1500,0.0,0.0,16185,-248,75,discharging,None,None
18:47:52.387,sequential,0.0,0.0,0.0,0.0,955.0,49.6,1500,0.0,0.0,16185,-248,75,discharging,None,None
18:47:52.891,sequential,0.0,0.0,0.0,0.5,954.3,49.6,1500,0.0,0.0,16186,-247,75,discharging,None,None
18:47:53.394,sequential,0.0,0.0,0.0,0.0,954.5,49.6,1500,0.0,0.0,16186,-248,75,discharging,None,None
18:47:53.898,sequential,0.0,0.0,0.0,0.0,953.8,50.1,1500,0.0,0.0,16187,-248,75,discharging,None,None
18:47:54.401,sequential,0.0,0.0,0.0,0.0,953.8,50.1,1500,0.0,0.0,16186,-247,75,discharging,None,None
18:47:54.905,sequential,0.0,0.0,0.0,0.0,953.8,49.0,1500,0.0,0.0,16186,-248,75,discharging,None,None
18:47:55.408,sequential,0.0,0.0,0.0,0.0,953.8,49.6,1500,0.0,0.0,16187,-247,75,discharging,None,None
18:47:55.912,sequential,0.0,0.0,0.0,0.0,953.8,49.6,1500,0.0,0.0,16185,-247,75,discharging,None,None
18:47:56.415,sequential,0.0,0.0,0.0,0.0,953.6,49.6,1500,0.0,0.0,16187,-248,75,discharging,None,None
18:47:56.919,sequential,0.0,0.0,0.0,0.0,953.6,49.6,1500,0.0,0.0,16186,-247,75,discharging,None,None
18:47:57.423,sequential,0.0,0.0,0.0,0.0,953.4,49.0,1500,0.0,0.0,16186,-248,75,discharging,None,None
18:47:57.926,sequential,0.0,0.0,0.0,0.0,953.4,50.1,1500,0.0,0.0,16186,-248,75,discharging,None,None
18:47:58.430,sequential,0.0,0.0,0.0,0.0,953.4,48.5,1500,0.0,0.0,16187,-247,75,discharging,None,None
18:47:58.933,sequential,0.0,0.0,0.0,0.5,953.4,49.6,1500,0.0,0.0,16186,-248,75,discharging,None,None
18:47:59.437,sequential,0.0,0.0,0.0,0.0,953.4,49.6,1500,0.0,0.0,16186,-247,75,discharging,None,None
18:47:59.941,sequential,0.0,0.0,0.0,0.0,953.4,49.0,1500,0.0,0.0,16187,-247,75,discharging,None,None
18:48:00.444,sequential,0.0,0.0,0.0,0.0,953.4,49.6,1500,0.0,0.0,16187,-247,75,discharging,None,None
18:48:00.948,sequential,0.0,0.0,0.0,0.0,953.4,49.6,1500,0.0,0.0,16188,-247,75,discharging,None,None
18:48:01.451,sequential,0.0,0.0,0.0,0.0,954.3,49.6,1500,0.0,0.0,16187,-248,75,discharging,None,None
18:48:01.955,sequential,0.0,0.0,0.0,0.0,954.3,48.5,1500,0.0,0.0,16188,-247,75,discharging,None,None
18:48:02.458,sequential,0.0,0.0,0.0,0.0,954.3,48.5,1500,0.0,0.0,16188,-247,75,discharging,None,None
18:48:02.962,sequential,0.0,0.0,0.0,0.0,954.0,49.0,1500,0.0,0.0,16187,-247,75,discharging,None,None
18:48:03.466,sequential,0.0,0.0,0.0,0.0,954.8,49.6,1500,0.0,0.0,16185,-254,75,discharging,None,None
18:48:03.969,sequential,0.0,0.0,0.0,0.0,955.5,49.0,1500,0.0,0.0,16184,-263,75,discharging,None,None
18:48:04.473,sequential,0.0,0.0,0.0,0.0,955.5,49.0,1500,0.0,0.0,16185,-264,75,discharging,None,None
18:48:04.976,sequential,0.0,0.0,0.0,0.0,955.5,49.6,1500,0.0,0.0,16184,-263,75,discharging,None,None
18:48:05.480,sequential,0.0,0.0,0.0,1.5,957.6,49.0,1500,0.0,0.0,16184,-263,75,discharging,None,None
18:48:05.984,sequential,0.0,0.0,0.0,0.0,956.2,49.0,1500,0.0,0.0,16186,-258,75,discharging,None,None
18:48:06.487,sequential,0.0,0.0,0.0,0.0,956.2,49.0,1500,0.0,0.0,16186,-251,75,discharging,None,None
18:48:06.991,sequential,0.0,0.0,0.0,0.0,956.4,49.0,1500,0.0,0.0,16186,-248,75,discharging,None,None
18:48:07.494,sequential,0.0,0.0,0.0,0.5,956.4,49.6,1500,0.0,0.0,16186,-248,75,discharging,None,None
18:48:07.998,sequential,0.0,0.0,0.0,0.0,955.4,49.0,1500,0.0,0.0,16186,-247,75,discharging,None,None
18:48:08.502,sequential,0.0,0.0,0.0,0.0,955.4,49.6,1500,0.0,0.0,16186,-247,75,discharging,None,None
18:48:09.005,sequential,0.0,0.0,0.0,0.0,954.7,49.6,1500,0.0,0.0,16187,-247,75,discharging,None,None
18:48:09.509,sequential,0.0,0.0,0.0,0.0,954.7,49.0,1500,0.0,0.0,16188,-247,75,discharging,None,None
18:48:10.012,sequential,0.0,0.0,0.0,0.0,954.5,49.0,1500,0.0,0.0,16187,-247,75,discharging,None,None
18:48:10.516,sequential,0.0,0.0,0.0,0.0,954.5,48.5,1500,0.0,0.0,16187,-247,75,discharging,None,None
18:48:11.019,sequential,0.0,0.0,0.0,0.0,953.8,48.5,1500,0.0,0.0,16187,-247,75,discharging,None,None
18:48:11.523,sequential,0.0,0.0,0.0,0.0,953.8,49.0,1500,0.0,0.0,16187,-247,75,discharging,None,None
18:48:12.026,sequential,0.0,0.0,0.0,0.0,953.6,49.0,1500,0.0,0.0,16186,-247,75,discharging,None,None
18:48:12.530,sequential,0.0,0.0,0.0,0.0,953.6,48.0,1500,0.0,0.0,16187,-248,75,discharging,None,None
18:48:13.034,sequential,0.0,0.0,0.0,0.0,953.3,49.0,1500,0.0,0.0,16187,-248,75,discharging,None,None
18:48:13.537,sequential,0.0,0.0,0.0,0.0,953.3,50.1,1500,0.0,0.0,16187,-247,75,discharging,None,None
18:48:14.041,sequential,0.0,0.0,0.0,0.0,953.3,49.0,1500,0.0,0.0,16187,-247,75,discharging,None,None
18:48:14.544,sequential,0.0,0.0,0.0,0.0,953.3,48.5,1500,0.0,0.0,16187,-247,75,discharging,None,None
18:48:15.048,sequential,0.0,0.0,0.0,9.5,955.6,49.6,2400,0.0,0.0,16179,-269,75,discharging,None,None
18:48:15.556,sequential,0.0,0.0,0.0,67.2,1067.9,55.1,2400,0.0,0.0,16137,-415,75,discharging,None,None
18:48:16.059,sequential,0.0,411.6,178.8,52.8,1097.3,51.8,2400,0.0,0.0,16118,-591,75,discharging,None,None
18:48:16.563,sequential,6.6,411.6,178.8,2.0,1097.3,50.7,2400,0.0,0.0,16164,-513,75,discharging,None,None
18:48:17.071,sequential,6.6,411.6,178.8,13.6,1101.2,52.9,2400,0.0,0.0,16166,-382,75,discharging,None,None
18:48:17.574,sequential,8.3,401.2,167.4,99.5,1102.2,56.2,2400,0.0,0.0,16119,-544,75,discharging,None,None
18:48:18.078,sequential,8.3,401.2,167.4,6.0,1099.9,52.9,2400,0.0,0.0,16152,-593,75,discharging,None,None
18:48:18.582,sequential,8.3,401.2,167.4,2.0,1099.9,52.4,2400,0.0,0.0,16165,-433,75,discharging,None,None
18:48:19.088,sequential,8.3,401.2,167.4,62.4,1099.9,56.8,2400,0.0,0.0,16145,-451,75,discharging,None,None
18:48:19.591,sequential,8.3,411.9,168.7,57.0,1098.3,54.5,2400,0.0,0.0,16116,-593,75,discharging,None,None
18:48:20.095,sequential,8.3,411.9,168.7,2.5,1096.6,52.4,1600,0.0,0.0,16163,-520,75,discharging,None,None
18:48:20.602,sequential,8.3,411.9,168.7,10.1,1096.6,53.5,1600,0.0,0.0,16169,-358,75,discharging,None,None
18:48:21.106,sequential,8.3,422.9,168.7,99.5,1096.8,58.4,2400,0.0,0.0,16124,-497,75,discharging,None,None
18:48:21.610,sequential,8.3,422.9,174.5,14.1,1095.7,52.9,2400,0.0,0.0,16153,-581,75,discharging,None,None
18:48:22.114,sequential,8.3,422.9,174.5,1.5,1095.1,52.9,2400,0.0,0.0,16164,-450,75,discharging,None,None
18:48:22.620,sequential,8.4,422.9,174.5,54.0,1095.1,58.4,2400,0.0,0.0,16157,-430,75,discharging,None,None
18:48:23.127,sequential,8.4,409.0,173.4,66.0,1093.2,55.1,2400,0.0,0.0,16118,-595,75,discharging,None,None
18:48:23.631,sequential,8.3,409.0,173.4,2.5,1093.2,54.0,2400,0.0,0.0,16161,-552,75,discharging,None,None
18:48:24.135,sequential,8.3,409.0,173.4,1.5,1091.2,52.9,2400,0.0,0.0,16162,-388,75,discharging,None,None
18:48:24.643,sequential,8.2,401.8,173.4,99.5,1091.2,58.4,2400,0.0,0.0,16121,-520,75,discharging,None,None
18:48:25.148,sequential,8.2,401.8,176.1,19.8,1090.5,54.5,2400,0.0,0.0,16149,-596,75,discharging,None,None
18:48:25.651,sequential,8.2,401.8,176.1,2.5,1090.5,54.5,2400,0.0,0.0,16159,-465,75,discharging,None,None
18:48:26.159,sequential,8.4,401.8,176.1,49.3,1088.6,57.3,2400,0.0,0.0,16166,-394,75,discharging,None,None
18:48:26.662,sequential,8.4,414.7,184.9,74.3,1088.6,55.1,2400,0.0,0.0,16116,-567,75,discharging,None,None
18:48:27.166,sequential,8.3,414.7,184.9,10.9,1087.2,55.1,2400,0.0,0.0,16157,-572,75,discharging,None,None
18:48:27.669,sequential,8.3,414.7,184.9,2.5,1087.2,54.0,2400,0.0,0.0,16159,-404,75,discharging,None,None
18:48:28.176,sequential,8.3,407.6,184.9,91.0,1088.2,59.0,2400,0.0,0.0,16124,-502,75,discharging,None,None
18:48:28.680,sequential,7.9,407.6,174.9,29.2,1087.3,56.2,2400,0.0,0.0,16140,-598,75,discharging,None,None
18:48:29.183,sequential,7.9,407.6,174.9,2.5,1085.9,55.6,2400,0.0,0.0,16159,-492,75,discharging,None,None
18:48:29.691,sequential,8.4,407.6,174.9,38.3,1085.9,57.9,2400,0.0,0.0,16160,-401,75,discharging,None,None
18:48:30.194,sequential,8.4,407.9,169.3,80.2,1084.5,57.3,2400,0.0,0.0,16110,-579,75,discharging,None,None
18:48:30.698,sequential,8.3,407.9,169.3,3.0,1084.5,55.1,2400,0.0,0.0,16153,-588,75,discharging,None,None
18:48:31.201,sequential,8.3,407.9,169.3,2.0,1083.7,54.5,1600,0.0,0.0,16159,-409,75,discharging,None,None
18:48:31.713,sequential,8.3,410.1,169.3,85.9,1083.7,59.5,2400,0.0,0.0,16134,-461,75,discharging,None,None
18:48:32.216,sequential,8.3,410.1,175.1,34.7,1083.2,55.6,2400,0.0,0.0,16126,-579,75,discharging,None,None
18:48:32.720,sequential,8.3,410.1,175.1,2.5,1084.3,55.1,2400,0.0,0.0,16158,-507,75,discharging,None,None
18:48:33.228,sequential,8.4,410.1,175.1,34.6,1085.2,59.0,2400,0.0,0.0,16159,-390,75,discharging,None,None
18:48:33.732,sequential,8.4,400.2,182.5,86.0,1086.5,57.9,2400,0.0,0.0,16110,-566,75,discharging,None,None
18:48:34.235,sequential,8.3,400.2,182.5,4.4,1087.6,56.2,2400,0.0,0.0,16148,-602,75,discharging,None,None
18:48:34.739,sequential,8.3,400.2,182.5,3.0,1087.6,55.6,2400,0.0,0.0,16157,-426,75,discharging,None,None
18:48:35.247,sequential,8.3,400.9,182.5,79.7,1087.1,59.5,2400,0.0,0.0,16132,-469,75,discharging,None,None
18:48:35.751,sequential,8.3,400.9,195.8,41.9,1087.1,56.2,2400,0.0,0.0,16111,-603,75,discharging,None,None
18:48:36.254,sequential,8.3,400.9,195.8,2.0,1085.3,56.2,2400,0.0,0.0,16155,-524,75,discharging,None,None
18:48:36.763,sequential,8.4,400.9,195.8,24.9,1086.0,56.8,2400,0.0,0.0,16161,-383,75,discharging,None,None
18:48:37.267,sequential,8.4,411.3,176.3,96.1,1084.8,59.0,2400,0.0,0.0,16115,-524,75,discharging,None,None
18:48:37.770,sequential,8.4,411.3,176.3,2.5,1084.8,54.5,2400,0.0,0.0,16145,-590,75,discharging,None,None
18:48:38.274,sequential,8.3,411.3,176.3,2.5,1084.1,55.6,2400,0.0,0.0,16157,-449,75,discharging,None,None
18:48:38.785,sequential,8.3,411.3,176.3,69.7,1084.1,60.0,2400,0.0,0.0,16145,-444,75,discharging,None,None
18:48:39.288,sequential,8.3,399.2,179.3,58.5,1082.5,57.3,2400,0.0,0.0,16108,-607,75,discharging,None,None
18:48:39.792,sequential,8.3,399.2,179.3,2.0,1082.5,56.2,2400,0.0,0.0,16151,-569,75,discharging,None,None
18:48:40.300,sequential,7.9,399.2,179.3,20.5,1081.8,57.9,2400,0.0,0.0,16155,-412,75,discharging,None,None
18:48:40.804,sequential,7.9,398.0,185.9,99.5,1081.7,60.6,2400,0.0,0.0,16112,-545,75,discharging,None,None
18:48:41.307,sequential,7.9,398.0,185.9,4.0,1081.7,57.3,2400,0.0,0.0,16144,-615,75,discharging,None,None
18:48:41.811,sequential,8.4,398.0,185.9,2.5,1081.4,56.2,1900,0.0,0.0,16155,-474,75,discharging,None,None
18:48:42.318,sequential,8.4,398.0,185.9,64.9,1081.1,60.6,2400,0.0,0.0,16161,-419,75,discharging,None,None
18:48:42.822,sequential,8.3,415.6,184.6,59.2,1081.1,57.3,2400,0.0,0.0,16111,-595,75,discharging,None,None
18:48:43.326,sequential,8.3,415.6,184.6,2.5,1081.7,55.6,2400,0.0,0.0,16153,-583,75,discharging,None,None
18:48:43.832,sequential,8.3,415.6,184.6,9.4,1081.7,57.3,2400,0.0,0.0,16156,-405,75,discharging,None,None
18:48:44.336,sequential,8.2,398.6,184.6,100.0,1089.5,61.1,2400,0.0,0.0,16113,-523,75,discharging,None,None
18:48:44.840,sequential,8.2,398.6,188.0,13.9,1091.3,56.8,2400,0.0,0.0,16139,-615,75,discharging,None,None
18:48:45.343,sequential,8.4,398.6,188.0,3.5,1091.3,56.2,2400,0.0,0.0,16152,-497,75,discharging,None,None
18:48:45.851,sequential,8.4,398.6,188.0,53.7,1092.0,60.0,2400,0.0,0.0,16155,-420,75,discharging,None,None
18:48:46.355,sequential,8.3,399.2,177.2,66.2,1096.1,57.3,2400,0.0,0.0,16107,-600,75,discharging,None,None
18:48:46.858,sequential,8.3,399.2,177.2,2.5,1093.7,56.2,2400,0.0,0.0,16147,-597,75,discharging,None,None
18:48:47.364,sequential,8.3,399.2,177.2,2.5,1093.7,55.1,1600,0.0,0.0,16153,-417,75,discharging,None,None
18:48:47.872,sequential,8.3,422.3,177.2,99.5,1093.3,60.6,2400,0.0,0.0,16127,-478,75,discharging,None,None
18:48:48.375,sequential,8.3,422.3,178.3,22.9,1092.2,56.8,2400,0.0,0.0,16118,-596,75,discharging,None,None
18:48:48.879,sequential,8.4,422.3,178.3,2.0,1089.3,55.6,2400,0.0,0.0,16152,-522,75,discharging,None,None
18:48:49.387,sequential,8.4,422.3,178.3,45.3,1089.3,60.0,2400,0.0,0.0,16154,-404,75,discharging,None,None
18:48:49.890,sequential,8.4,407.6,177.5,75.5,1088.1,58.4,2400,0.0,0.0,16105,-578,75,discharging,None,None
18:48:50.394,sequential,8.3,407.6,177.5,3.0,1088.5,56.2,2400,0.0,0.0,16143,-617,75,discharging,None,None
18:48:50.898,sequential,8.3,407.6,177.5,2.5,1087.7,56.2,2400,0.0,0.0,16154,-443,75,discharging,None,None
18:48:51.524,sequential,8.2,407.6,177.5,91.6,1088.1,60.6,2400,0.0,0.0,16113,-559,75,discharging,None,None
18:48:52.027,sequential,8.2,587.4,159.9,38.1,1087.1,57.3,2400,0.0,0.0,16133,-652,75,discharging,None,None
18:48:52.531,sequential,8.2,587.4,159.9,2.5,1087.1,56.2,1900,0.0,0.0,16153,-498,75,discharging,None,None
18:48:53.039,sequential,6.7,587.4,159.9,29.9,1086.4,59.0,2400,0.0,0.0,16159,-393,75,discharging,None,None
18:48:53.542,sequential,6.7,411.0,181.9,92.1,1086.2,59.0,2400,0.0,0.0,16109,-559,75,discharging,None,None
18:48:54.046,sequential,8.3,411.0,181.9,3.0,1085.7,56.8,2400,0.0,0.0,16145,-596,75,discharging,None,None
18:48:54.550,sequential,8.3,411.0,181.9,2.5,1085.7,56.2,2400,0.0,0.0,16152,-429,75,discharging,None,None
18:48:55.059,sequential,8.2,411.0,181.9,72.8,1085.7,61.1,2400,0.0,0.0,16118,-492,75,discharging,None,None
18:48:55.563,sequential,8.2,398.0,177.5,45.5,1085.7,57.3,2400,0.0,0.0,16115,-612,75,discharging,None,None
18:48:56.066,sequential,8.2,398.0,177.5,3.0,1085.0,56.2,2400,0.0,0.0,16149,-525,75,discharging,None,None
18:48:56.575,sequential,8.4,398.0,177.5,23.0,1085.5,60.0,2400,0.0,0.0,16152,-406,75,discharging,None,None
18:48:57.078,sequential,8.4,401.3,175.7,96.1,1085.1,60.6,2400,0.0,0.0,16104,-574,75,discharging,None,None
18:48:57.582,sequential,8.3,401.3,175.7,2.5,1085.1,57.3,2400,0.0,0.0,16141,-613,75,discharging,None,None
18:48:58.085,sequential,8.3,401.3,175.7,2.5,1084.2,56.2,1800,0.0,0.0,16152,-444,75,discharging,None,None
18:48:58.592,sequential,8.3,401.3,175.7,69.3,1084.2,61.1,2400,0.0,0.0,16143,-452,75,discharging,None,None
18:48:59.095,sequential,8.2,424.2,177.3,54.7,1083.4,58.4,2400,0.0,0.0,16103,-593,75,discharging,None,None
18:48:59.599,sequential,8.2,424.2,177.3,2.5,1083.4,56.2,2400,0.0,0.0,16149,-547,75,discharging,None,None
18:49:00.108,sequential,8.4,424.2,177.3,13.0,1083.4,58.4,2400,0.0,0.0,16152,-406,75,discharging,None,None
18:49:00.612,sequential,8.4,402.1,177.3,99.5,1083.4,61.1,2400,0.0,0.0,16106,-556,75,discharging,None,None
18:49:01.116,sequential,8.3,402.1,172.3,6.5,1082.7,56.8,2400,0.0,0.0,16139,-613,75,discharging,None,None
18:49:01.619,sequential,8.3,402.1,172.3,3.4,1082.7,56.8,2400,0.0,0.0,16150,-461,75,discharging,None,None
18:49:02.127,sequential,8.3,402.1,172.3,60.8,1082.4,61.7,2400,0.0,0.0,16140,-458,75,discharging,None,None
18:49:02.630,sequential,8.3,407.2,175.7,59.3,1082.4,57.9,2400,0.0,0.0,16102,-614,75,discharging,None,None
18:49:03.134,sequential,8.3,407.2,175.7,2.5,1081.5,56.8,2400,0.0,0.0,16148,-563,75,discharging,None,None
18:49:03.643,sequential,8.4,407.2,175.7,16.4,1083.4,57.3,2400,0.0,0.0,16151,-406,75,discharging,None,None
18:49:04.147,sequential,8.4,408.1,175.7,100.0,1083.4,61.7,2400,0.0,0.0,16110,-542,75,discharging,None,None
18:49:04.651,sequential,8.4,408.1,172.8,15.3,1083.4,56.8,2400,0.0,0.0,16139,-615,75,discharging,None,None
18:49:05.155,sequential,7.9,408.1,172.8,3.9,1083.1,56.8,2400,0.0,0.0,16151,-479,75,discharging,None,None
18:49:05.663,sequential,7.9,408.1,172.8,54.3,1083.1,60.6,2400,0.0,0.0,16151,-439,75,discharging,None,None
18:49:06.166,sequential,8.3,402.3,174.0,65.8,1082.6,58.4,2400,0.0,0.0,16107,-613,75,discharging,None,None
18:49:06.670,sequential,8.3,402.3,174.0,1.5,1082.6,57.9,2400,0.0,0.0,16148,-580,75,discharging,None,None
18:49:07.177,sequential,8.4,402.3,174.0,2.0,1082.6,56.8,2400,0.0,0.0,16151,-406,75,discharging,None,None
18:49:07.681,sequential,8.4,409.1,174.0,100.0,1082.6,61.1,2400,0.0,0.0,16111,-526,75,discharging,None,None
18:49:08.185,sequential,8.4,409.1,176.2,20.4,1082.2,56.8,2400,0.0,0.0,16137,-615,75,discharging,None,None
18:49:08.689,sequential,8.3,409.1,176.2,2.0,1082.2,56.2,1600,0.0,0.0,16149,-493,75,discharging,None,None
18:49:09.196,sequential,8.3,409.1,176.2,48.3,1082.0,59.5,2400,0.0,0.0,16156,-396,75,discharging,None,None
18:49:09.699,sequential,8.3,439.4,179.8,78.5,1082.0,59.0,2400,0.0,0.0,16105,-557,75,discharging,None,None
18:49:10.203,sequential,8.3,439.4,179.8,2.0,1081.9,56.8,2400,0.0,0.0,16144,-589,75,discharging,None,None
18:49:10.707,sequential,8.4,439.4,179.8,1.5,1081.9,56.2,2400,0.0,0.0,16151,-428,75,discharging,None,None
18:49:11.216,sequential,8.4,411.6,179.8,85.9,1081.5,61.7,2400,0.0,0.0,16117,-496,75,discharging,None,None
18:49:11.719,sequential,8.4,411.6,176.0,34.2,1081.5,57.9,2400,0.0,0.0,16112,-618,75,discharging,None,None
18:49:12.223,sequential,8.3,411.6,176.0,2.0,1081.9,56.2,2400,0.0,0.0,16149,-528,75,discharging,None,None
18:49:12.731,sequential,8.3,411.6,176.0,32.7,1082.3,60.6,2400,0.0,0.0,16152,-405,75,discharging,None,None
18:49:13.234,sequential,8.3,407.2,166.6,85.2,1085.9,59.0,2400,0.0,0.0,16102,-575,75,discharging,None,None
18:49:13.738,sequential,8.3,407.2,166.6,1.5,1085.9,57.3,2400,0.0,0.0,16140,-614,75,discharging,None,None
18:49:14.241,sequential,8.3,407.2,166.6,2.0,1085.6,56.8,1600,0.0,0.0,16149,-444,75,discharging,None,None
18:49:14.748,sequential,8.4,407.2,166.6,80.8,1085.6,61.7,2400,0.0,0.0,16141,-450,75,discharging,None,None
18:49:15.252,sequential,8.4,412.8,178.8,41.0,1085.3,57.9,2400,0.0,0.0,16102,-591,75,discharging,None,None
18:49:15.755,sequential,8.3,412.8,178.8,10.0,1085.3,56.8,2400,0.0,0.0,16146,-551,75,discharging,None,None
18:49:16.263,sequential,8.3,412.8,178.8,26.1,1084.6,60.0,2400,0.0,0.0,16148,-416,75,discharging,None,None
18:49:16.766,sequential,7.9,413.0,175.6,94.6,1085.4,60.0,2400,0.0,0.0,16104,-564,75,discharging,None,None
18:49:17.270,sequential,7.9,413.0,175.6,1.5,1085.2,57.3,2400,0.0,0.0,16137,-617,75,discharging,None,None
18:49:17.774,sequential,7.9,413.0,175.6,1.5,1086.1,56.8,2400,0.0,0.0,16149,-464,75,discharging,None,None
18:49:18.280,sequential,8.3,413.0,175.6,70.9,1084.5,61.7,2400,0.0,0.0,16142,-456,75,discharging,None,None
18:49:18.783,sequential,8.3,408.8,173.7,49.0,1084.2,57.9,2400,0.0,0.0,16103,-616,75,discharging,None,None
18:49:19.287,sequential,8.4,408.8,173.7,2.0,1084.2,57.3,2400,0.0,0.0,16147,-567,75,discharging,None,None
18:49:19.795,sequential,8.4,408.8,173.7,18.0,1084.2,57.3,1600,0.0,0.0,16151,-402,75,discharging,None,None
18:49:20.298,sequential,8.4,425.0,169.0,100.0,1084.2,61.1,2400,0.0,0.0,16110,-517,75,discharging,None,None
18:49:20.802,sequential,8.3,425.0,169.0,5.0,1082.9,57.3,2400,0.0,0.0,16137,-598,75,discharging,None,None
18:49:21.305,sequential,8.3,425.0,169.0,1.5,1082.9,56.2,2400,0.0,0.0,16149,-483,75,discharging,None,None
18:49:21.812,sequential,8.3,425.0,169.0,62.4,1082.9,61.1,2400,0.0,0.0,16150,-435,75,discharging,None,None
18:49:22.316,sequential,8.3,397.1,181.4,57.0,1082.7,58.4,2400,0.0,0.0,16104,-614,75,discharging,None,None
18:49:22.819,sequential,8.4,397.1,181.4,2.0,1082.5,56.2,2400,0.0,0.0,16146,-586,75,discharging,None,None
18:49:23.327,sequential,8.4,397.1,181.4,10.0,1083.2,59.0,2400,0.0,0.0,16148,-406,75,discharging,None,None
18:49:23.838,sequential,8.4,398.3,181.4,100.0,1083.5,62.2,2400,0.0,0.0,16111,-523,75,discharging,None,None
18:49:24.342,sequential,8.3,398.3,185.0,11.8,1083.1,57.3,2400,0.0,0.0,16134,-615,75,discharging,None,None
18:49:24.846,sequential,8.3,398.3,185.0,1.5,1083.1,56.8,1800,0.0,0.0,16149,-497,75,discharging,None,None
18:49:25.352,sequential,8.2,398.3,185.0,58.1,1083.1,60.6,2400,0.0,0.0,16154,-405,75,discharging,None,None
18:49:25.855,sequential,8.2,410.3,183.6,64.0,1082.6,58.4,2400,0.0,0.0,16101,-582,75,discharging,None,None
18:49:26.359,sequential,8.2,410.3,183.6,1.5,1082.4,56.8,2400,0.0,0.0,16143,-599,75,discharging,None,None
18:49:26.870,sequential,8.4,410.3,183.6,4.4,1082.4,56.8,2400,0.0,0.0,16149,-421,75,discharging,None,None
18:49:27.379,sequential,8.4,399.6,183.6,99.5,1082.4,62.2,2400,0.0,0.0,16115,-501,75,discharging,None,None
18:49:27.882,sequential,8.3,399.6,174.4,25.2,1082.2,57.9,2400,0.0,0.0,16118,-620,75,discharging,None,None
18:49:28.386,sequential,8.3,399.6,174.4,1.5,1082.1,57.3,2400,0.0,0.0,16145,-530,75,discharging,None,None
18:49:28.895,sequential,7.9,399.6,174.4,51.7,1082.6,60.6,2400,0.0,0.0,16150,-414,75,discharging,None,None
18:49:29.398,sequential,7.9,401.1,181.2,67.6,1082.2,58.4,2400,0.0,0.0,16100,-585,75,discharging,None,None
18:49:29.902,sequential,7.9,401.1,181.2,1.5,1082.2,57.3,2400,0.0,0.0,16138,-614,75,discharging,None,None
18:49:30.405,sequential,8.4,401.1,181.2,2.5,1082.2,56.2,1600,0.0,0.0,16148,-436,75,discharging,None,None
18:49:30.912,sequential,8.4,406.2,181.2,96.6,1081.7,61.7,2400,0.0,0.0,16128,-469,75,discharging,None,None
18:49:31.416,sequential,8.3,406.2,195.8,26.7,1082.1,57.3,2400,0.0,0.0,16102,-603,75,discharging,None,None
18:49:31.919,sequential,8.3,406.2,195.8,3.0,1082.4,56.8,2400,0.0,0.0,16148,-540,75,discharging,None,None
18:49:32.424,sequential,8.3,406.2,195.8,42.3,1082.4,60.6,2400,0.0,0.0,16151,-407,75,discharging,None,None
18:49:32.928,sequential,8.2,403.0,183.2,78.6,1082.4,59.5,2400,0.0,0.0,16103,-564,75,discharging,None,None
18:49:33.431,sequential,8.2,403.0,183.2,2.5,1082.8,57.9,2400,0.0,0.0,16137,-617,75,discharging,None,None
18:49:33.935,sequential,8.4,403.0,183.2,2.0,1082.1,56.8,2400,0.0,0.0,16148,-459,75,discharging,None,None
18:49:34.439,sequential,8.4,396.7,183.2,86.1,1082.1,61.1,2400,0.0,0.0,16137,-462,75,discharging,None,None
18:49:34.943,sequential,8.3,396.7,173.7,32.2,1082.1,57.9,2400,0.0,0.0,16101,-611,75,discharging,None,None
18:49:35.446,sequential,8.3,396.7,173.7,3.0,1082.1,56.8,2400,0.0,0.0,16144,-556,75,discharging,None,None
18:49:35.955,sequential,8.3,396.7,173.7,35.5,1081.8,59.5,2400,0.0,0.0,16149,-402,75,discharging,None,None
18:49:36.458,sequential,8.2,421.1,175.3,86.7,1081.8,59.5,2400,0.0,0.0,16107,-529,75,discharging,None,None
18:49:36.962,sequential,8.2,421.1,175.3,2.5,1081.3,57.3,2400,0.0,0.0,16137,-603,75,discharging,None,None
18:49:37.465,sequential,8.4,421.1,175.3,2.5,1081.3,56.8,2400,0.0,0.0,16148,-475,75,discharging,None,None
18:49:37.975,sequential,8.4,421.1,175.3,78.8,1081.3,61.1,2400,0.0,0.0,16148,-443,75,discharging,None,None
18:49:38.479,sequential,8.3,416.5,172.3,42.9,1081.3,57.9,2400,0.0,0.0,16104,-617,75,discharging,None,None
18:49:38.982,sequential,8.3,416.5,172.3,2.5,1081.3,56.8,2400,0.0,0.0,16146,-580,75,discharging,None,None
18:49:39.487,sequential,8.3,416.5,172.3,25.9,1081.3,59.0,2400,0.0,0.0,16149,-406,75,discharging,None,None
18:49:39.995,sequential,8.2,576.0,172.3,87.1,1081.2,60.0,2400,0.0,0.0,16108,-524,75,discharging,None,None
18:49:40.498,sequential,8.2,576.0,182.6,29.6,1081.2,57.9,2400,0.0,0.0,16099,-641,75,discharging,None,None
18:49:41.002,sequential,8.2,576.0,182.6,2.5,1081.0,57.3,1600,0.0,0.0,16145,-523,75,discharging,None,None
18:49:41.511,sequential,7.3,576.0,182.6,38.0,1081.0,59.5,2400,0.0,0.0,16153,-393,75,discharging,None,None
18:49:42.014,sequential,7.3,411.8,175.9,82.8,1081.0,60.0,2400,0.0,0.0,16107,-515,75,discharging,None,None
18:49:42.518,sequential,8.3,411.8,175.9,2.5,1081.0,57.9,2400,0.0,0.0,16135,-599,75,discharging,None,None
18:49:43.021,sequential,8.3,411.8,175.9,2.5,1081.0,56.8,2400,0.0,0.0,16147,-475,75,discharging,None,None
18:49:43.534,sequential,8.3,399.5,175.9,82.4,1081.8,61.1,2400,0.0,0.0,16149,-442,75,discharging,None,None
18:49:44.037,sequential,8.3,399.5,180.4,36.9,1081.9,57.9,2400,0.0,0.0,16102,-615,75,discharging,None,None
18:49:44.541,sequential,8.3,399.5,180.4,2.5,1082.7,57.3,2400,0.0,0.0,16145,-579,75,discharging,None,None
18:49:45.048,sequential,8.4,399.5,180.4,32.2,1082.8,59.5,2400,0.0,0.0,16148,-406,75,discharging,None,None
18:49:45.551,sequential,8.4,403.0,175.5,87.1,1082.8,59.5,2400,0.0,0.0,16108,-532,75,discharging,None,None
18:49:46.055,sequential,8.3,403.0,175.5,2.5,1082.6,57.3,2400,0.0,0.0,16136,-617,75,discharging,None,None
18:49:46.559,sequential,8.3,403.0,175.5,3.5,1082.6,56.2,1800,0.0,0.0,16148,-490,75,discharging,None,None
18:49:47.067,sequential,8.3,403.0,175.5,77.1,1082.6,61.1,2400,0.0,0.0,16152,-410,75,discharging,None,None
18:49:47.571,sequential,8.3,423.5,179.0,45.8,1083.5,57.9,2400,0.0,0.0,16102,-591,75,discharging,None,None
18:49:48.074,sequential,8.3,423.5,179.0,2.5,1085.2,56.8,2400,0.0,0.0,16142,-598,75,discharging,None,None
18:49:48.582,sequential,8.4,423.5,179.0,22.3,1085.2,60.0,2400,0.0,0.0,16148,-417,75,discharging,None,None
18:49:49.086,sequential,8.4,408.4,176.8,98.0,1085.6,61.1,2400,0.0,0.0,16110,-594,75,discharging,None,None
18:49:49.590,sequential,8.3,408.4,176.8,2.5,1086.6,57.9,2400,0.0,0.0,16141,-606,75,discharging,None,None
18:49:50.093,sequential,8.3,408.4,176.8,2.0,1086.3,56.2,2400,0.0,0.0,16148,-429,75,discharging,None,None
18:49:50.600,sequential,8.3,408.4,176.8,67.8,1086.3,62.8,2400,0.0,0.0,16113,-498,75,discharging,None,None
18:49:51.103,sequential,8.3,410.5,178.0,53.3,1085.4,58.4,2400,0.0,0.0,16110,-619,75,discharging,None,None
18:49:51.607,sequential,8.3,410.5,178.0,3.0,1085.4,57.3,2400,0.0,0.0,16146,-527,75,discharging,None,None
18:49:52.115,sequential,8.4,410.5,178.0,23.3,1084.5,58.4,2400,0.0,0.0,16147,-408,75,discharging,None,None
18:49:52.619,sequential,8.4,401.4,178.0,100.0,1085.2,62.2,2400,0.0,0.0,16099,-579,75,discharging,None,None
18:49:53.123,sequential,7.9,401.4,184.5,9.4,1085.1,57.9,2400,0.0,0.0,16136,-618,75,discharging,None,None
18:49:53.626,sequential,7.9,401.4,184.5,2.5,1085.4,56.8,2400,0.0,0.0,16147,-447,75,discharging,None,None
18:49:54.135,sequential,7.9,401.4,184.5,59.3,1084.5,61.1,2400,0.0,0.0,16123,-479,75,discharging,None,None
18:49:54.639,sequential,8.3,397.1,175.4,58.8,1084.5,59.0,2400,0.0,0.0,16099,-616,75,discharging,None,None
18:49:55.142,sequential,8.3,397.1,175.4,3.0,1083.6,57.3,2400,0.0,0.0,16145,-543,75,discharging,None,None
18:49:55.651,sequential,8.4,397.1,175.4,7.0,1083.6,59.0,2400,0.0,0.0,16148,-406,75,discharging,None,None
18:49:56.156,sequential,8.4,409.0,175.4,100.0,1083.6,62.8,2400,0.0,0.0,16102,-562,75,discharging,None,None
18:49:56.659,sequential,8.4,409.0,177.3,12.9,1083.3,57.9,2400,0.0,0.0,16134,-616,75,discharging,None,None
18:49:57.163,sequential,8.3,409.0,177.3,2.5,1082.4,56.8,1600,0.0,0.0,16147,-461,75,discharging,None,None
18:49:57.671,sequential,8.3,409.0,177.3,55.2,1082.4,61.1,2400,0.0,0.0,16145,-430,75,discharging,None,None
18:49:58.175,sequential,8.3,427.0,175.0,69.5,1082.0,58.4,2400,0.0,0.0,16099,-593,75,discharging,None,None
18:49:58.678,sequential,8.3,427.0,175.0,2.5,1082.0,57.3,2400,0.0,0.0,16144,-569,75,discharging,None,None
18:49:59.182,sequential,8.4,427.0,175.0,2.5,1082.0,57.3,2400,0.0,0.0,16147,-406,75,discharging,None,None
18:49:59.688,sequential,8.4,412.4,175.0,96.5,1082.0,62.2,2400,0.0,0.0,16107,-542,75,discharging,None,None
18:50:00.191,sequential,8.4,412.4,176.4,25.4,1081.5,57.9,2400,0.0,0.0,16136,-618,75,discharging,None,None
18:50:00.695,sequential,8.3,412.4,176.4,2.0,1081.9,57.3,2400,0.0,0.0,16148,-481,75,discharging,None,None
18:50:01.203,sequential,8.3,412.4,176.4,42.5,1081.7,60.0,2400,0.0,0.0,16149,-436,75,discharging,None,None
18:50:01.706,sequential,8.3,403.0,174.8,76.1,1081.7,59.0,2400,0.0,0.0,16103,-614,75,discharging,None,None
18:50:02.210,sequential,8.3,403.0,174.8,2.0,1081.7,57.3,2400,0.0,0.0,16145,-586,75,discharging,None,None
18:50:02.713,sequential,8.3,403.0,174.8,3.5,1081.7,57.3,1600,0.0,0.0,16147,-405,75,discharging,None,None
18:50:03.220,sequential,8.3,412.4,174.8,89.2,1081.7,62.2,2400,0.0,0.0,16114,-497,75,discharging,None,None
18:50:03.724,sequential,8.3,412.4,174.5,31.0,1082.0,57.3,2400,0.0,0.0,16130,-595,75,discharging,None,None
18:50:04.227,sequential,8.3,412.4,174.5,11.9,1082.8,57.9,2400,0.0,0.0,16142,-516,75,discharging,None,None
18:50:04.735,sequential,8.3,412.4,174.5,36.0,1082.8,61.1,2400,0.0,0.0,16144,-444,75,discharging,None,None
18:50:05.239,sequential,7.9,408.9,172.4,83.0,1083.2,59.5,2400,0.0,0.0,16097,-621,75,discharging,None,None
18:50:05.742,sequential,7.9,408.9,172.4,2.0,1083.2,57.9,2400,0.0,0.0,16138,-618,75,discharging,None,None
18:50:06.246,sequential,7.9,408.9,172.4,3.0,1083.1,57.3,2400,0.0,0.0,16143,-435,75,discharging,None,None
18:50:06.750,sequential,8.3,419.0,172.4,82.0,1087.0,61.7,2400,0.0,0.0,16111,-517,75,discharging,None,None
18:50:07.254,sequential,8.3,419.0,179.0,41.6,1087.1,58.4,2400,0.0,0.0,16112,-626,75,discharging,None,None
18:50:07.757,sequential,8.4,419.0,179.0,2.5,1087.1,56.8,2400,0.0,0.0,16145,-524,75,discharging,None,None
18:50:08.264,sequential,8.4,419.0,179.0,27.6,1086.9,60.0,2400,0.0,0.0,16150,-397,75,discharging,None,None
18:50:08.767,sequential,8.4,419.1,176.6,95.5,1086.9,61.1,2400,0.0,0.0,16100,-560,75,discharging,None,None
18:50:09.271,sequential,8.3,419.1,176.6,3.0,1085.7,57.9,2400,0.0,0.0,16137,-611,75,discharging,None,None
18:50:09.774,sequential,8.3,419.1,176.6,2.0,1085.7,57.3,2400,0.0,0.0,16146,-448,75,discharging,None,None
18:50:10.283,sequential,8.2,419.1,176.6,69.8,1085.2,62.8,2400,0.0,0.0,16126,-477,75,discharging,None,None
18:50:10.786,sequential,8.2,399.6,177.6,49.5,1085.2,59.0,2400,0.0,0.0,16098,-615,75,discharging,None,None
18:50:11.290,sequential,8.4,399.6,177.6,2.0,1084.8,57.3,2400,0.0,0.0,16145,-544,75,discharging,None,None
18:50:11.799,sequential,8.4,399.6,177.6,19.4,1084.8,59.0,2400,0.0,0.0,16146,-406,75,discharging,None,None
18:50:12.303,sequential,8.4,398.1,178.5,98.5,1084.8,61.7,2400,0.0,0.0,16101,-565,75,discharging,None,None
18:50:12.806,sequential,8.3,398.1,178.5,3.5,1083.9,57.3,2400,0.0,0.0,16134,-617,75,discharging,None,None
18:50:13.310,sequential,8.3,398.1,178.5,3.4,1083.8,57.3,1900,0.0,0.0,16146,-458,75,discharging,None,None
18:50:13.819,sequential,8.2,398.1,178.5,67.3,1083.8,61.7,2400,0.0,0.0,16143,-446,75,discharging,None,None
18:50:14.322,sequential,8.2,404.3,184.7,55.1,1083.4,59.0,2400,0.0,0.0,16099,-599,75,discharging,None,None
18:50:14.826,sequential,8.4,404.3,184.7,2.0,1082.7,57.3,2400,0.0,0.0,16143,-560,75,discharging,None,None
18:50:15.335,sequential,8.4,404.3,184.7,12.5,1082.7,59.5,2400,0.0,0.0,16148,-408,75,discharging,None,None
18:50:15.840,sequential,8.4,397.9,184.7,99.5,1082.7,63.4,2400,0.0,0.0,16103,-549,75,discharging,None,None
18:50:16.344,sequential,8.3,397.9,177.9,16.0,1082.7,59.0,2400,0.0,0.0,16130,-627,75,discharging,None,None
18:50:16.847,sequential,8.3,397.9,177.9,1.5,1082.7,56.8,2400,0.0,0.0,16145,-484,75,discharging,None,None
18:50:17.355,sequential,7.9,397.9,177.9,60.5,1082.7,62.2,2400,0.0,0.0,16142,-448,75,discharging,None,None
18:50:17.859,sequential,7.9,399.1,185.6,59.7,1082.2,58.4,2400,0.0,0.0,16099,-617,75,discharging,None,None
18:50:18.362,sequential,7.9,399.1,185.6,1.5,1082.2,57.9,2400,0.0,0.0,16143,-576,75,discharging,None,None
18:50:18.871,sequential,8.4,399.1,185.6,7.5,1082.2,57.9,1600,0.0,0.0,16146,-403,75,discharging,None,None
18:50:19.375,sequential,8.4,409.4,185.6,99.0,1082.2,62.2,2400,0.0,0.0,16107,-516,75,discharging,None,None
18:50:19.878,sequential,8.3,409.4,183.4,15.9,1081.8,57.9,2400,0.0,0.0,16135,-606,75,discharging,None,None
18:50:20.382,sequential,8.3,409.4,183.4,2.0,1081.8,57.3,2400,0.0,0.0,16146,-491,75,discharging,None,None
18:50:20.891,sequential,8.3,409.4,183.4,51.5,1081.8,60.6,2400,0.0,0.0,16148,-428,75,discharging,None,None
18:50:21.394,sequential,8.3,403.5,175.8,67.2,1081.5,57.9,2400,0.0,0.0,16102,-609,75,discharging,None,None
18:50:21.898,sequential,8.3,403.5,175.8,1.5,1081.5,57.9,2400,0.0,0.0,16143,-594,75,discharging,None,None
18:50:22.401,sequential,8.4,403.5,175.8,2.0,1081.5,56.8,2400,0.0,0.0,16147,-413,75,discharging,None,None
18:50:22.908,sequential,8.4,404.0,175.8,97.5,1082.0,62.8,2400,0.0,0.0,16110,-513,75,discharging,None,None
18:50:23.411,sequential,8.3,404.0,180.0,21.1,1082.2,58.4,2400,0.0,0.0,16127,-616,75,discharging,None,None
18:50:23.915,sequential,8.3,404.0,180.0,1.5,1082.0,57.9,1900,0.0,0.0,16144,-510,75,discharging,None,None
18:50:24.423,sequential,8.3,404.0,180.0,45.5,1082.0,61.1,2400,0.0,0.0,16151,-400,75,discharging,None,None
18:50:24.927,sequential,8.3,426.9,170.6,76.8,1081.7,60.0,2400,0.0,0.0,16100,-563,75,discharging,None,None
18:50:25.430,sequential,8.3,426.9,170.6,2.0,1082.2,58.4,2400,0.0,0.0,16137,-600,75,discharging,None,None
18:50:25.934,sequential,8.4,426.9,170.6,2.0,1082.2,57.9,2400,0.0,0.0,16145,-436,75,discharging,None,None
18:50:26.439,sequential,8.4,408.8,170.6,88.0,1082.2,61.7,2400,0.0,0.0,16113,-491,75,discharging,None,None
18:50:26.942,sequential,8.3,408.8,176.3,32.7,1082.4,57.9,2400,0.0,0.0,16104,-619,75,discharging,None,None
18:50:27.446,sequential,8.3,408.8,176.3,1.5,1082.4,57.3,2400,0.0,0.0,16143,-534,75,discharging,None,None
18:50:27.955,sequential,8.3,408.8,176.3,35.5,1083.3,60.6,2400,0.0,0.0,16147,-406,75,discharging,None,None
18:50:28.459,sequential,8.3,581.3,176.3,90.6,1082.9,61.7,2400,0.0,0.0,16101,-570,75,discharging,None,None
18:50:28.963,sequential,8.3,581.3,170.1,18.9,1082.7,58.4,2400,0.0,0.0,16125,-649,75,discharging,None,None
18:50:29.467,sequential,7.2,581.3,170.1,1.5,1082.7,56.8,1900,0.0,0.0,16146,-486,75,discharging,None,None
18:50:29.975,sequential,7.2,581.3,170.1,48.5,1082.4,61.7,2400,0.0,0.0,16151,-398,75,discharging,None,None
18:50:30.479,sequential,7.2,415.3,174.6,72.4,1082.2,59.5,2400,0.0,0.0,16101,-565,75,discharging,None,None
18:50:30.983,sequential,8.3,415.3,174.6,1.5,1084.1,57.3,2400,0.0,0.0,16137,-601,75,discharging,None,None
18:50:31.486,sequential,8.3,415.3,174.6,2.0,1084.1,57.3,2400,0.0,0.0,16145,-434,75,discharging,None,None
18:50:31.995,sequential,8.3,400.6,174.6,92.6,1083.8,62.2,2400,0.0,0.0,16112,-493,75,discharging,None,None
18:50:32.499,sequential,8.3,400.6,188.1,28.2,1083.6,57.3,2400,0.0,0.0,16107,-619,75,discharging,None,None
18:50:33.002,sequential,8.3,400.6,188.1,1.5,1083.6,57.9,2400,0.0,0.0,16143,-532,75,discharging,None,None
18:50:33.508,sequential,8.4,400.6,188.1,40.3,1084.1,62.2,2400,0.0,0.0,16145,-406,75,discharging,None,None
18:50:34.012,sequential,8.4,399.3,187.6,81.1,1085.7,59.5,2400,0.0,0.0,16098,-572,75,discharging,None,None
18:50:34.515,sequential,8.3,399.3,187.6,1.5,1085.7,57.3,2400,0.0,0.0,16133,-619,75,discharging,None,None
18:50:35.019,sequential,8.3,399.3,187.6,2.0,1085.1,57.3,1800,0.0,0.0,16146,-454,75,discharging,None,None
18:50:35.528,sequential,8.3,411.4,187.6,84.7,1085.9,61.1,2400,0.0,0.0,16138,-446,75,discharging,None,None
18:50:36.031,sequential,8.3,411.4,180.1,37.0,1085.1,58.4,2400,0.0,0.0,16096,-594,75,discharging,None,None
18:50:36.535,sequential,8.3,411.4,180.1,3.0,1085.1,56.8,2400,0.0,0.0,16143,-556,75,discharging,None,None
18:50:37.044,sequential,8.4,411.4,180.1,29.1,1085.0,61.1,2400,0.0,0.0,16146,-408,75,discharging,None,None
18:50:37.547,sequential,8.4,423.1,167.8,89.7,1085.5,61.1,2400,0.0,0.0,16105,-552,75,discharging,None,None
18:50:38.051,sequential,8.3,423.1,167.8,2.0,1084.6,58.4,2400,0.0,0.0,16133,-619,75,discharging,None,None
18:50:38.554,sequential,8.3,423.1,167.8,1.5,1084.8,57.9,2400,0.0,0.0,16144,-474,75,discharging,None,None
18:50:39.063,sequential,8.3,423.1,167.8,74.1,1084.8,61.7,2400,0.0,0.0,16143,-448,75,discharging,None,None
18:50:39.566,sequential,8.3,415.7,178.9,47.8,1084.5,58.4,2400,0.0,0.0,16099,-620,75,discharging,None,None
18:50:40.070,sequential,8.3,415.7,178.9,1.5,1084.2,57.9,2400,0.0,0.0,16143,-580,75,discharging,None,None
18:50:40.579,sequential,8.4,415.7,178.9,29.9,1084.2,59.5,2400,0.0,0.0,16146,-408,75,discharging,None,None
18:50:41.083,sequential,8.4,396.2,180.7,97.5,1084.0,61.7,2400,0.0,0.0,16103,-538,75,discharging,None,None
18:50:41.587,sequential,7.9,396.2,180.7,2.5,1083.8,57.9,2400,0.0,0.0,16134,-624,75,discharging,None,None
18:50:42.090,sequential,7.9,396.2,180.7,2.5,1083.3,57.3,2400,0.0,0.0,16145,-492,75,discharging,None,None
18:50:42.599,sequential,7.9,396.2,180.7,68.0,1083.3,63.4,2400,0.0,0.0,16147,-430,75,discharging,None,None
18:50:43.103,sequential,8.3,394.3,172.0,49.8,1082.9,58.4,2400,0.0,0.0,16098,-613,75,discharging,None,None
18:50:43.606,sequential,8.3,394.3,172.0,2.5,1084.4,57.9,2400,0.0,0.0,16143,-592,75,discharging,None,None
18:50:44.115,sequential,8.4,394.3,172.0,18.9,1084.5,60.0,2400,0.0,0.0,16144,-409,75,discharging,None,None
18:50:44.618,sequential,8.4,406.3,176.0,99.0,1084.5,62.2,2400,0.0,0.0,16104,-521,75,discharging,None,None
18:50:45.122,sequential,8.3,406.3,176.0,4.0,1084.3,58.4,2400,0.0,0.0,16126,-617,75,discharging,None,None
18:50:45.626,sequential,8.3,406.3,176.0,3.0,1084.3,56.8,1600,0.0,0.0,16143,-503,75,discharging,None,None
18:50:46.135,sequential,8.3,406.3,176.0,65.2,1084.0,61.1,2400,0.0,0.0,16150,-396,75,discharging,None,None
18:50:46.639,sequential,8.3,432.4,169.8,58.8,1083.8,59.5,2400,0.0,0.0,16098,-565,75,discharging,None,None
18:50:47.142,sequential,8.3,432.4,169.8,2.0,1083.3,57.3,2400,0.0,0.0,16137,-601,75,discharging,None,None
18:50:47.655,sequential,8.4,432.4,169.8,9.5,1083.3,59.0,2400,0.0,0.0,16145,-431,75,discharging,None,None
18:50:48.159,sequential,8.4,413.6,169.8,100.0,1083.3,63.4,2400,0.0,0.0,16111,-496,75,discharging,None,None
18:50:48.662,sequential,8.4,413.6,171.1,12.4,1083.4,57.9,2400,0.0,0.0,16108,-619,75,discharging,None,None
18:50:49.166,sequential,8.3,413.6,171.1,2.5,1083.3,57.9,2400,0.0,0.0,16143,-528,75,discharging,None,None
18:50:49.675,sequential,8.3,413.6,171.1,55.2,1083.5,60.6,2400,0.0,0.0,16146,-406,75,discharging,None,None
18:50:50.178,sequential,8.3,405.0,174.0,63.5,1082.9,59.0,2400,0.0,0.0,16097,-578,75,discharging,None,None
18:50:50.682,sequential,8.3,405.0,174.0,2.5,1082.9,57.9,2400,0.0,0.0,16134,-616,75,discharging,None,None
18:50:51.192,sequential,8.4,405.0,174.0,5.0,1082.6,56.8,1500,0.0,0.0,16143,-446,75,discharging,None,None
18:50:51.696,sequential,8.4,409.4,174.0,99.5,1082.6,62.2,2400,0.0,0.0,16129,-461,75,discharging,None,None
18:50:52.200,sequential,8.4,409.4,179.0,18.3,1082.2,59.0,2400,0.0,0.0,16097,-600,75,discharging,None,None
18:50:52.704,sequential,8.3,409.4,179.0,11.0,1082.2,57.9,2400,0.0,0.0,16141,-551,75,discharging,None,None
18:50:53.210,sequential,8.3,409.4,179.0,49.8,1082.2,62.2,2400,0.0,0.0,16144,-418,75,discharging,None,None
18:50:53.714,sequential,7.9,416.3,171.2,71.4,1082.5,59.0,2400,0.0,0.0,16099,-567,75,discharging,None,None
18:50:54.217,sequential,7.9,416.3,171.2,2.5,1082.5,58.4,2400,0.0,0.0,16132,-619,75,discharging,None,None
18:50:54.721,sequential,7.9,416.3,171.2,2.0,1082.5,57.9,2400,0.0,0.0,16143,-464,75,discharging,None,None
18:50:55.228,sequential,8.3,396.1,171.2,94.1,1083.2,62.8,2400,0.0,0.0,16134,-460,75,discharging,None,None
18:50:55.731,sequential,8.3,396.1,178.0,23.6,1083.2,58.4,2400,0.0,0.0,16097,-615,75,discharging,None,None
18:50:56.235,sequential,8.4,396.1,178.0,3.0,1082.7,57.9,1900,0.0,0.0,16141,-562,75,discharging,None,None
18:50:56.743,sequential,8.4,396.1,178.0,44.3,1084.3,59.5,1700,0.0,0.0,16147,-400,75,discharging,None,None
18:50:57.246,sequential,8.3,445.5,170.0,82.8,1084.1,59.5,2400,0.0,0.0,16114,-502,75,discharging,None,None
18:50:57.750,sequential,8.3,445.5,170.0,2.0,1084.1,58.4,2400,0.0,0.0,16133,-587,75,discharging,None,None
18:50:58.253,sequential,8.3,445.5,170.0,2.5,1084.1,57.9,2400,0.0,0.0,16144,-486,75,discharging,None,None
18:50:58.766,sequential,8.2,397.4,170.0,83.3,1084.1,61.1,2400,0.0,0.0,16147,-529,75,discharging,None,None
18:50:59.270,sequential,8.2,397.4,178.8,35.5,1082.7,57.9,2400,0.0,0.0,16132,-616,75,discharging,None,None
18:50:59.774,sequential,8.4,397.4,178.8,2.5,1082.7,57.9,2400,0.0,0.0,16144,-493,75,discharging,None,None
18:51:00.281,sequential,8.4,397.4,178.8,34.0,1082.5,61.7,2400,0.0,0.0,16144,-429,75,discharging,None,None
18:51:00.784,sequential,8.4,400.5,182.8,86.5,1082.7,60.0,2400,0.0,0.0,16096,-611,75,discharging,None,None
18:51:01.288,sequential,8.3,400.5,182.8,3.0,1082.7,58.4,2400,0.0,0.0,16139,-596,75,discharging,None,None
18:51:01.791,sequential,8.3,400.5,182.8,3.0,1082.7,57.3,1500,0.0,0.0,16144,-412,75,discharging,None,None
18:51:02.299,sequential,8.2,400.5,182.8,78.8,1081.8,61.7,2400,0.0,0.0,16122,-477,75,discharging,None,None
18:51:02.803,sequential,8.2,424.6,178.5,45.3,1081.8,59.0,2400,0.0,0.0,16116,-590,75,discharging,None,None
18:51:03.306,sequential,8.4,424.6,178.5,2.5,1081.8,57.3,2400,0.0,0.0,16142,-519,75,discharging,None,None
18:51:03.817,sequential,8.4,424.6,178.5,23.6,1082.0,60.0,2400,0.0,0.0,16145,-410,75,discharging,None,None
18:51:04.320,sequential,8.4,400.9,188.0,97.0,1082.0,62.2,2400,0.0,0.0,16095,-586,75,discharging,None,None
18:51:04.824,sequential,8.3,400.9,188.0,11.0,1081.5,57.9,2400,0.0,0.0,16130,-626,75,discharging,None,None
18:51:05.327,sequential,8.3,400.9,188.0,2.0,1081.5,57.3,2400,0.0,0.0,16144,-449,75,discharging,None,None
18:51:05.835,sequential,7.9,400.9,188.0,67.2,1081.5,63.4,2400,0.0,0.0,16115,-487,75,discharging,None,None
18:51:06.338,sequential,7.9,398.4,177.9,51.7,1081.3,59.0,2400,0.0,0.0,16103,-615,75,discharging,None,None
18:51:06.842,sequential,7.9,398.4,177.9,2.5,1081.3,58.4,2400,0.0,0.0,16140,-534,75,discharging,None,None
18:51:07.351,sequential,8.4,398.4,177.9,17.4,1081.3,57.3,1800,0.0,0.0,16148,-397,75,discharging,None,None
18:51:07.856,sequential,8.4,414.0,177.9,100.0,1081.3,61.7,2400,0.0,0.0,16099,-541,75,discharging,None,None
18:51:08.360,sequential,8.3,414.0,177.1,7.4,1081.3,57.3,2400,0.0,0.0,16132,-601,75,discharging,None,None
18:51:08.863,sequential,8.3,414.0,177.1,2.5,1081.3,56.8,2400,0.0,0.0,16143,-456,75,discharging,None,None
18:51:09.371,sequential,8.3,414.0,177.1,61.5,1081.3,62.8,2400,0.0,0.0,16125,-468,75,discharging,None,None
18:51:09.874,sequential,8.3,398.3,185.2,58.7,1081.7,59.0,2400,0.0,0.0,16094,-618,75,discharging,None,None
18:51:10.378,sequential,8.3,398.3,185.2,3.0,1081.7,57.3,2400,0.0,0.0,16141,-556,75,discharging,None,None
18:51:10.887,sequential,8.4,398.3,185.2,8.9,1081.7,59.5,2400,0.0,0.0,16145,-406,75,discharging,None,None
18:51:11.391,sequential,8.4,397.1,185.2,100.0,1081.7,63.9,2400,0.0,0.0,16102,-553,75,discharging,None,None
18:51:11.895,sequential,8.3,397.1,177.9,12.4,1081.7,58.4,2400,0.0,0.0,16133,-615,75,discharging,None,None
18:51:12.398,sequential,8.3,397.1,177.9,3.0,1081.7,57.3,2400,0.0,0.0,16144,-469,75,discharging,None,None
18:51:12.907,sequential,8.3,397.1,177.9,54.3,1081.7,60.6,2400,0.0,0.0,16147,-430,75,discharging,None,None
18:51:13.411,sequential,8.3,421.1,172.5,66.3,1081.9,59.0,2400,0.0,0.0,16098,-598,75,discharging,None,None
18:51:13.914,sequential,8.3,421.1,172.5,2.0,1081.7,58.4,2400,0.0,0.0,16142,-576,75,discharging,None,None
18:51:14.420,sequential,8.4,421.1,172.5,2.5,1081.7,57.3,2400,0.0,0.0,16145,-407,75,discharging,None,None
18:51:14.928,sequential,8.4,400.3,172.5,99.5,1081.7,62.2,2400,0.0,0.0,16103,-538,75,discharging,None,None
18:51:15.432,sequential,8.4,400.3,164.5,14.0,1081.5,58.4,2400,0.0,0.0,16132,-609,75,discharging,None,None
18:51:15.935,sequential,8.4,400.3,164.5,0.0,1081.3,57.9,2400,0.0,0.0,16144,-473,75,discharging,None,None
18:51:16.443,sequential,8.4,400.3,164.5,50.5,1081.3,60.6,2400,0.0,0.0,16144,-433,75,discharging,None,None
18:51:16.947,sequential,8.4,367.0,168.0,57.6,1081.7,59.0,2400,0.0,0.0,16097,-598,75,discharging,None,None
18:51:17.451,sequential,8.4,367.0,168.0,0.0,1081.7,57.3,2400,0.0,0.0,16142,-563,75,discharging,None,None
18:51:17.959,sequential,8.4,367.0,168.0,6.0,1081.7,57.9,1700,0.0,0.0,16145,-396,75,discharging,None,None
18:51:18.463,sequential,8.4,383.9,161.6,100.0,1082.9,61.7,2400,0.0,0.0,16103,-516,75,discharging,None,None
18:51:18.966,sequential,8.4,383.9,161.6,3.5,1083.1,57.3,2400,0.0,0.0,16133,-581,75,discharging,None,None
18:51:19.470,sequential,8.4,383.9,161.6,0.0,1083.1,56.8,2400,0.0,0.0,16145,-460,75,discharging,None,None
18:51:19.976,sequential,8.4,383.9,161.6,61.4,1083.1,62.2,2400,0.0,0.0,16138,-448,75,discharging,None,None
18:51:20.479,sequential,8.4,369.3,161.0,46.5,1083.1,58.4,2400,0.0,0.0,16094,-597,75,discharging,None,None
18:51:20.983,sequential,8.4,369.3,161.0,0.0,1082.9,57.9,2400,0.0,0.0,16142,-547,75,discharging,None,None
18:51:21.491,sequential,8.4,369.3,161.0,18.0,1082.9,60.0,2400,0.0,0.0,16145,-398,75,discharging,None,None
18:51:21.994,sequential,8.4,366.4,164.9,89.7,1082.7,60.6,2400,0.0,0.0,16097,-553,75,discharging,None,None
18:51:22.498,sequential,8.4,366.4,164.9,0.0,1082.7,58.4,2400,0.0,0.0,16132,-597,75,discharging,None,None
18:51:23.001,sequential,8.4,366.4,164.9,1.5,1084.3,56.8,2400,0.0,0.0,16144,-442,75,discharging,None,None
18:51:23.514,sequential,8.4,374.0,164.9,74.9,1085.1,61.1,2400,0.0,0.0,16133,-454,75,discharging,None,None
18:51:24.018,sequential,8.4,374.0,161.3,33.7,1085.5,58.4,2400,0.0,0.0,16108,-581,75,discharging,None,None
18:51:24.521,sequential,8.4,374.0,161.3,0.0,1085.5,57.3,2400,0.0,0.0,16143,-525,75,discharging,None,None
18:51:25.028,sequential,8.4,374.0,161.3,31.8,1085.2,61.7,2400,0.0,0.0,16146,-397,75,discharging,None,None
18:51:25.531,sequential,8.4,365.3,165.0,76.0,1085.2,59.5,2400,0.0,0.0,16096,-574,75,discharging,None,None
18:51:26.035,sequential,8.4,365.3,165.0,0.0,1084.1,57.3,2400,0.0,0.0,16138,-598,75,discharging,None,None
18:51:26.538,sequential,8.4,365.3,165.0,0.5,1084.1,57.3,2400,0.0,0.0,16144,-421,75,discharging,None,None
18:51:27.047,sequential,8.4,367.2,165.0,88.1,1084.5,61.7,2400,0.0,0.0,16107,-493,75,discharging,None,None
18:51:27.550,sequential,8.4,367.2,163.3,19.3,1084.4,57.9,2400,0.0,0.0,16123,-597,75,discharging,None,None
18:51:28.054,sequential,8.4,367.2,163.3,0.0,1084.0,57.3,2400,0.0,0.0,16143,-502,75,discharging,None,None
18:51:28.564,sequential,8.4,367.2,163.3,46.0,1084.4,61.7,2400,0.0,0.0,16145,-405,75,discharging,None,None
18:51:29.068,sequential,8.4,376.6,160.3,63.2,1083.8,57.9,2400,0.0,0.0,16097,-582,75,discharging,None,None
18:51:29.571,sequential,8.4,376.6,160.3,0.0,1083.8,57.9,2400,0.0,0.0,16141,-580,75,discharging,None,None
18:51:30.083,sequential,8.4,376.6,160.3,2.5,1083.4,57.9,2400,0.0,0.0,16145,-402,75,discharging,None,None
18:51:30.591,sequential,8.4,367.2,160.3,100.0,1083.4,63.4,2400,0.0,0.0,16102,-516,75,discharging,None,None
18:51:31.095,sequential,8.4,367.2,167.4,5.4,1083.1,57.3,2400,0.0,0.0,16133,-598,75,discharging,None,None
18:51:31.598,sequential,8.4,367.2,167.4,0.0,1083.1,57.3,2400,0.0,0.0,16145,-480,75,discharging,None,None
18:51:32.107,sequential,8.4,367.2,167.4,60.0,1082.9,62.8,2400,0.0,0.0,16146,-426,75,discharging,None,None
18:51:32.610,sequential,8.4,367.9,161.4,47.5,1082.7,58.4,2400,0.0,0.0,16099,-596,75,discharging,None,None
18:51:33.114,sequential,8.4,367.9,161.4,0.0,1082.2,56.8,2400,0.0,0.0,16143,-569,75,discharging,None,None
18:51:33.623,sequential,8.4,367.9,161.4,17.9,1083.1,57.3,1900,0.0,0.0,16146,-398,75,discharging,None,None
18:51:34.126,sequential,8.4,382.0,162.8,92.2,1083.2,60.6,2400,0.0,0.0,16107,-516,75,discharging,None,None
18:51:34.630,sequential,8.4,382.0,162.8,0.0,1083.2,57.9,2400,0.0,0.0,16133,-582,75,discharging,None,None
18:51:35.133,sequential,8.4,382.0,162.8,0.0,1082.9,57.3,2400,0.0,0.0,16144,-463,75,discharging,None,None
18:51:35.640,sequential,8.4,364.6,162.8,72.4,1082.9,61.1,2400,0.0,0.0,16140,-443,75,discharging,None,None
18:51:36.144,sequential,8.4,364.6,163.1,35.0,1082.2,59.0,2400,0.0,0.0,16095,-597,75,discharging,None,None
18:51:36.647,sequential,8.4,364.6,163.1,0.0,1082.2,57.3,2400,0.0,0.0,16140,-553,75,discharging,None,None
18:51:37.155,sequential,8.4,364.6,163.1,29.5,1082.2,61.1,2400,0.0,0.0,16145,-398,75,discharging,None,None
18:51:37.659,sequential,8.4,372.1,161.2,78.3,1082.2,59.5,2400,0.0,0.0,16098,-549,75,discharging,None,None
18:51:38.162,sequential,8.4,372.1,161.2,0.0,1082.2,57.9,2400,0.0,0.0,16132,-598,75,discharging,None,None
18:51:38.666,sequential,8.4,372.1,161.2,0.0,1082.2,56.8,2400,0.0,0.0,16144,-445,75,discharging,None,None
18:51:39.172,sequential,8.4,378.5,161.2,85.7,1082.7,61.7,2400,0.0,0.0,16136,-446,75,discharging,None,None
18:51:39.676,sequential,8.4,378.5,168.0,24.5,1082.0,57.9,2400,0.0,0.0,16099,-583,75,discharging,None,None
18:51:40.179,sequential,8.4,378.5,168.0,0.0,1082.0,56.8,2400,0.0,0.0,16141,-534,75,discharging,None,None
18:51:40.687,sequential,8.4,378.5,168.0,39.8,1082.0,62.2,2400,0.0,0.0,16145,-398,75,discharging,None,None
18:51:41.191,sequential,8.4,367.3,162.7,68.0,1081.8,59.0,2400,0.0,0.0,16097,-566,75,discharging,None,None
18:51:41.694,sequential,8.4,367.3,162.7,0.0,1081.8,57.9,2400,0.0,0.0,16135,-598,75,discharging,None,None
18:51:42.197,sequential,8.4,367.3,162.7,0.0,1081.5,57.3,2400,0.0,0.0,16144,-429,75,discharging,None,None
18:51:42.703,sequential,8.4,364.2,162.7,97.0,1081.5,62.8,2400,0.0,0.0,16113,-484,75,discharging,None,None
18:51:43.207,sequential,8.4,364.2,163.3,10.4,1081.5,56.8,2400,0.0,0.0,16116,-597,75,discharging,None,None
18:51:43.710,sequential,8.4,364.2,163.3,0.0,1081.5,56.8,2400,0.0,0.0,16142,-510,75,discharging,None,None
18:51:44.219,sequential,8.4,364.2,163.3,54.0,1081.3,61.1,2400,0.0,0.0,16145,-399,75,discharging,None,None
18:51:44.722,sequential,8.4,372.6,164.8,55.4,1081.3,58.4,2400,0.0,0.0,16096,-581,75,discharging,None,None
18:51:45.226,sequential,8.4,372.6,164.8,0.0,1081.3,57.3,2400,0.0,0.0,16140,-590,75,discharging,None,None
18:51:45.736,sequential,8.4,372.6,164.8,9.0,1081.3,58.4,2400,0.0,0.0,16145,-408,75,discharging,None,None
18:51:46.240,sequential,8.4,366.6,163.9,97.1,1081.3,61.1,2400,0.0,0.0,16106,-506,75,discharging,None,None
18:51:46.743,sequential,8.4,366.6,163.9,0.5,1081.3,57.9,2400,0.0,0.0,16131,-598,75,discharging,None,None
18:51:47.247,sequential,8.4,366.6,163.9,0.0,1081.3,57.3,2400,0.0,0.0,16144,-489,75,discharging,None,None
18:51:47.755,sequential,8.4,366.6,163.9,67.7,1081.3,61.7,2400,0.0,0.0,16145,-421,75,discharging,None,None
18:51:48.259,sequential,8.4,367.5,163.2,40.7,1081.3,58.4,2400,0.0,0.0,16096,-597,75,discharging,None,None
18:51:48.762,sequential,8.4,367.5,163.2,0.0,1081.3,56.8,2400,0.0,0.0,16141,-576,75,discharging,None,None
18:51:49.271,sequential,8.4,367.5,163.2,24.4,1081.3,58.4,2400,0.0,0.0,16145,-399,75,discharging,None,None
18:51:49.774,sequential,8.4,383.7,167.1,86.7,1081.7,59.5,2400,0.0,0.0,16103,-507,75,discharging,None,None
18:51:50.278,sequential,8.4,383.7,167.1,0.0,1082.7,57.3,2400,0.0,0.0,16132,-572,75,discharging,None,None
18:51:50.781,sequential,8.4,383.7,167.1,0.0,1082.7,57.3,2400,0.0,0.0,16145,-398,75,discharging,None,None
18:51:51.294,sequential,8.4,364.9,167.1,78.0,1082.7,62.2,2400,0.0,0.0,16102,-533,75,discharging,None,None
18:51:51.797,sequential,8.4,364.9,161.6,27.9,1082.5,57.3,2400,0.0,0.0,16132,-597,75,discharging,None,None
18:51:52.301,sequential,8.4,364.9,161.6,0.0,1082.0,57.3,2400,0.0,0.0,16143,-462,75,discharging,None,None
18:51:52.808,sequential,8.4,364.9,161.6,37.1,1082.0,61.1,2400,0.0,0.0,16136,-447,75,discharging,None,None
18:51:53.311,sequential,8.4,365.7,165.6,71.3,1082.0,59.5,2400,0.0,0.0,16094,-597,75,discharging,None,None
18:51:53.815,sequential,8.4,365.7,165.6,0.0,1082.2,58.4,2400,0.0,0.0,16141,-549,75,discharging,None,None
18:51:54.318,sequential,8.4,365.7,165.6,0.0,1082.2,57.3,1800,0.0,0.0,16144,-398,75,discharging,None,None
18:51:54.827,sequential,8.4,376.5,165.6,93.0,1082.2,62.2,2400,0.0,0.0,16099,-531,75,discharging,None,None
18:51:55.331,sequential,8.4,376.5,167.2,17.7,1081.9,57.9,2400,0.0,0.0,16131,-581,75,discharging,None,None
18:51:55.835,sequential,8.4,376.5,167.2,0.0,1081.7,56.8,2400,0.0,0.0,16143,-447,75,discharging,None,None
18:51:56.343,sequential,8.4,376.5,167.2,48.0,1081.7,62.2,2400,0.0,0.0,16127,-466,75,discharging,None,None
18:51:56.846,sequential,8.4,365.7,161.3,59.1,1081.5,58.4,2400,0.0,0.0,16105,-597,75,discharging,None,None
18:51:57.350,sequential,8.4,365.7,161.3,0.0,1081.5,57.3,2400,0.0,0.0,16142,-529,75,discharging,None,None
18:51:57.859,sequential,8.4,365.7,161.3,6.4,1081.5,58.4,2400,0.0,0.0,16144,-398,75,discharging,None,None
18:51:58.363,sequential,8.4,369.7,160.4,99.5,1081.5,62.2,2400,0.0,0.0,16095,-571,75,discharging,None,None
18:51:58.867,sequential,8.4,369.7,160.4,2.0,1081.2,57.9,2400,0.0,0.0,16136,-597,75,discharging,None,None
18:51:59.370,sequential,8.4,369.7,160.4,0.0,1081.2,56.8,2400,0.0,0.0,16144,-423,75,discharging,None,None
18:51:59.879,sequential,8.4,369.7,160.4,63.0,1081.2,61.7,2400,0.0,0.0,16120,-471,75,discharging,None,None
18:52:00.382,sequential,21.4,399.0,175.1,54.2,1081.2,58.4,2400,0.0,0.0,16106,-593,75,discharging,None,None
18:52:00.886,sequential,21.4,399.0,175.1,3.0,1081.2,56.8,2400,0.0,0.0,16141,-524,75,discharging,None,None
18:52:01.396,sequential,21.4,399.0,175.1,13.5,1081.2,58.4,2400,0.0,0.0,16143,-406,75,discharging,None,None
18:52:01.902,sequential,8.2,399.0,175.1,100.0,1081.2,61.1,2400,0.0,0.0,16099,-570,75,discharging,None,None
18:52:02.405,sequential,8.2,578.2,185.8,42.8,1081.2,58.4,2400,0.0,0.0,16123,-662,75,discharging,None,None
18:52:02.909,sequential,8.2,578.2,185.8,2.5,1081.2,57.3,2400,0.0,0.0,16142,-498,75,discharging,None,None
18:52:03.416,sequential,6.7,578.2,185.8,26.0,1081.2,60.6,2400,0.0,0.0,16143,-417,75,discharging,None,None
18:52:03.919,sequential,6.7,394.6,182.2,93.5,1081.5,60.6,2400,0.0,0.0,16095,-596,75,discharging,None,None
18:52:04.423,sequential,8.3,394.6,182.2,3.0,1081.5,59.0,2400,0.0,0.0,16136,-605,75,discharging,None,None
18:52:04.927,sequential,8.3,394.6,182.2,2.5,1081.5,56.8,1600,0.0,0.0,16144,-423,75,discharging,None,None
18:52:05.435,sequential,8.3,394.6,182.2,72.0,1083.3,62.8,2400,0.0,0.0,16118,-477,75,discharging,None,None
18:52:05.938,sequential,8.3,410.7,179.7,50.2,1084.9,59.0,2400,0.0,0.0,16108,-608,75,discharging,None,None
18:52:06.442,sequential,8.3,410.7,179.7,2.5,1084.9,57.9,2400,0.0,0.0,16137,-543,75,discharging,None,None
18:52:06.952,sequential,8.4,410.7,179.7,18.9,1084.9,59.5,2400,0.0,0.0,16141,-423,75,discharging,None,None
18:52:07.455,sequential,8.4,396.6,169.4,98.0,1097.1,62.2,2400,0.0,0.0,16091,-594,75,discharging,None,None
18:52:07.959,sequential,8.3,396.6,169.4,2.5,1096.6,57.3,2400,0.0,0.0,16132,-619,75,discharging,None,None
18:52:08.462,sequential,8.3,396.6,169.4,3.0,1096.6,57.9,2400,0.0,0.0,16141,-438,75,discharging,None,None
18:52:08.970,sequential,8.3,396.6,169.4,68.3,1096.6,62.8,2400,0.0,0.0,16110,-490,75,discharging,None,None
18:52:09.474,sequential,8.3,397.1,170.4,49.8,1096.4,59.0,2400,0.0,0.0,16103,-613,75,discharging,None,None
18:52:09.978,sequential,8.3,397.1,170.4,2.5,1093.7,57.9,2400,0.0,0.0,16140,-530,74,discharging,None,None
18:52:10.484,sequential,8.4,397.1,170.4,19.2,1094.6,58.4,1600,0.0,0.0,16143,-403,74,discharging,None,None
18:52:10.988,sequential,8.4,420.6,170.4,100.0,1093.7,62.2,2400,0.0,0.0,16096,-553,74,discharging,None,None
18:52:11.492,sequential,8.3,420.6,177.0,6.9,1093.6,58.4,2400,0.0,0.0,16351,-604,74,discharging,None,None
18:52:11.995,sequential,8.3,420.6,177.0,3.0,1092.7,57.9,2400,0.0,0.0,16143,-455,74,discharging,None,None
18:52:12.503,sequential,8.3,420.6,177.0,60.7,1092.7,61.7,2400,0.0,0.0,16126,-470,74,discharging,None,None
18:52:13.006,sequential,8.3,398.5,178.2,57.7,1090.2,59.5,2400,0.0,0.0,16093,-614,74,discharging,None,None
18:52:13.510,sequential,8.3,398.5,178.2,3.0,1090.5,57.3,2400,0.0,0.0,16139,-552,74,discharging,None,None
18:52:14.020,sequential,8.4,398.5,178.2,18.4,1089.9,59.5,2400,0.0,0.0,16142,-415,74,discharging,None,None
18:52:14.524,sequential,8.4,400.2,178.2,100.0,1089.9,62.8,2400,0.0,0.0,16097,-568,74,discharging,None,None
18:52:15.028,sequential,8.4,400.2,171.1,9.5,1089.2,58.4,2400,0.0,0.0,16129,-617,74,discharging,None,None
18:52:15.531,sequential,7.9,400.2,171.1,3.0,1089.2,57.3,1900,0.0,0.0,16141,-464,74,discharging,None,None
18:52:16.040,sequential,7.9,400.2,171.1,58.4,1089.2,61.7,2400,0.0,0.0,16139,-433,74,discharging,None,None
18:52:16.543,sequential,8.3,419.7,172.7,64.0,1087.4,59.0,2400,0.0,0.0,16096,-594,74,discharging,None,None
18:52:17.047,sequential,8.3,419.7,172.7,2.5,1087.4,57.3,2400,0.0,0.0,16139,-569,74,discharging,None,None
18:52:17.555,sequential,8.4,419.7,172.7,4.0,1087.4,57.9,2400,0.0,0.0,16143,-407,74,discharging,None,None
18:52:18.060,sequential,8.4,402.0,172.7,99.5,1087.2,62.2,2400,0.0,0.0,16101,-543,74,discharging,None,None
18:52:18.563,sequential,8.4,402.0,181.5,18.3,1087.0,57.9,2400,0.0,0.0,16130,-617,74,discharging,None,None
18:52:19.067,sequential,8.3,402.0,181.5,2.5,1085.2,57.3,2400,0.0,0.0,16141,-480,74,discharging,None,None
18:52:19.576,sequential,8.3,402.0,181.5,50.2,1085.2,61.1,2400,0.0,0.0,16143,-439,74,discharging,None,None
18:52:20.079,sequential,8.3,402.8,180.8,69.6,1085.4,59.5,2400,0.0,0.0,16097,-615,74,discharging,None,None
18:52:20.583,sequential,8.3,402.8,180.8,3.0,1085.4,57.9,2400,0.0,0.0,16137,-583,74,discharging,None,None
18:52:21.087,sequential,8.4,402.8,180.8,3.0,1085.3,56.8,1600,0.0,0.0,16142,-406,74,discharging,None,None
18:52:21.595,sequential,8.4,411.2,180.8,95.5,1085.3,60.0,2400,0.0,0.0,16106,-500,74,discharging,None,None
18:52:22.098,sequential,8.4,411.2,179.9,26.5,1083.9,59.5,2400,0.0,0.0,16129,-596,74,discharging,None,None
18:52:22.602,sequential,8.3,411.2,179.9,2.0,1084.3,57.9,2400,0.0,0.0,16141,-502,74,discharging,None,None
18:52:23.111,sequential,8.3,411.2,179.9,42.8,1083.8,61.1,2400,0.0,0.0,16141,-422,74,discharging,None,None
18:52:23.614,sequential,8.3,399.4,179.4,76.6,1083.8,59.0,2400,0.0,0.0,16096,-602,74,discharging,None,None
18:52:24.118,sequential,8.3,399.4,179.4,2.5,1083.8,57.9,2400,0.0,0.0,16136,-599,74,discharging,None,None
18:52:24.621,sequential,8.3,399.4,179.4,2.0,1083.8,57.3,2400,0.0,0.0,16142,-419,74,discharging,None,None
18:52:25.135,sequential,8.4,403.8,179.4,88.8,1083.6,61.1,2400,0.0,0.0,16105,-507,74,discharging,None,None
18:52:25.638,sequential,8.4,403.8,169.9,29.2,1083.4,58.4,2400,0.0,0.0,16115,-613,74,discharging,None,None
18:52:26.142,sequential,8.3,403.8,169.9,10.4,1082.6,58.4,2400,0.0,0.0,16141,-521,74,discharging,None,None
18:52:26.651,sequential,8.3,403.8,169.9,40.3,1082.6,60.6,2400,0.0,0.0,16145,-414,74,discharging,None,None
18:52:27.154,sequential,7.9,413.6,178.0,81.9,1082.6,59.5,2400,0.0,0.0,16097,-571,74,discharging,None,None
18:52:27.658,sequential,7.9,413.6,178.0,2.0,1083.1,57.3,2400,0.0,0.0,16132,-602,74,discharging,None,None
18:52:28.161,sequential,7.9,413.6,178.0,3.0,1083.1,57.3,2400,0.0,0.0,16143,-436,74,discharging,None,None
18:52:28.673,sequential,8.2,396.9,178.0,83.7,1083.1,62.2,2400,0.0,0.0,16110,-491,74,discharging,None,None
18:52:29.177,sequential,8.2,396.9,185.3,36.0,1082.6,58.4,2400,0.0,0.0,16103,-617,74,discharging,None,None
18:52:29.680,sequential,8.4,396.9,185.3,2.5,1082.6,57.9,2400,0.0,0.0,16139,-533,74,discharging,None,None
18:52:30.188,sequential,8.4,396.9,185.3,33.5,1082.2,60.0,2400,0.0,0.0,16141,-407,74,discharging,None,None
18:52:30.692,sequential,8.4,398.1,172.2,84.7,1082.2,60.0,2400,0.0,0.0,16093,-573,74,discharging,None,None
18:52:31.196,sequential,8.3,398.1,172.2,5.8,1082.2,57.9,2400,0.0,0.0,16129,-616,74,discharging,None,None
18:52:31.699,sequential,8.3,398.1,172.2,7.6,1082.6,57.3,1800,0.0,0.0,16141,-449,74,discharging,None,None
18:52:32.207,sequential,8.2,398.1,172.2,78.9,1082.4,61.7,2400,0.0,0.0,16133,-435,74,discharging,None,None
18:52:32.710,sequential,8.2,439.7,197.3,49.3,1082.2,58.4,2400,0.0,0.0,16093,-592,74,discharging,None,None
18:52:33.214,sequential,8.4,439.7,197.3,2.0,1082.0,57.3,2400,0.0,0.0,16138,-565,74,discharging,None,None
18:52:33.723,sequential,8.4,439.7,197.3,17.5,1082.9,59.5,2400,0.0,0.0,16142,-408,74,discharging,None,None
18:52:34.226,sequential,8.4,398.1,184.0,100.0,1082.7,62.8,2400,0.0,0.0,16098,-546,74,discharging,None,None
18:52:34.730,sequential,8.3,398.1,184.0,3.0,1082.4,58.4,2400,0.0,0.0,16129,-617,74,discharging,None,None
18:52:35.233,sequential,8.3,398.1,184.0,2.0,1082.2,57.3,2400,0.0,0.0,16140,-477,74,discharging,None,None
18:52:35.739,sequential,8.2,398.1,184.0,63.2,1082.2,62.8,2400,0.0,0.0,16140,-442,74,discharging,None,None
18:52:36.243,sequential,8.2,402.2,174.1,54.8,1082.0,58.4,2400,0.0,0.0,16095,-617,74,discharging,None,None
18:52:36.747,sequential,8.4,402.2,174.1,2.0,1082.0,59.0,2400,0.0,0.0,16138,-582,74,discharging,None,None
18:52:37.256,sequential,8.4,402.2,174.1,12.0,1082.0,57.3,1600,0.0,0.0,16142,-403,74,discharging,None,None
18:52:37.761,sequential,8.4,418.0,174.1,100.0,1082.0,62.8,2400,0.0,0.0,16100,-511,74,discharging,None,None
18:52:38.265,sequential,8.3,418.0,173.4,19.4,1081.8,58.4,2400,0.0,0.0,16127,-613,74,discharging,None,None
18:52:38.769,sequential,8.3,418.0,173.4,1.5,1083.6,57.9,2400,0.0,0.0,16140,-508,74,discharging,None,None
18:52:39.276,sequential,7.9,418.0,173.4,57.6,1083.6,61.1,2400,0.0,0.0,16141,-429,74,discharging,None,None
18:52:39.780,sequential,7.9,401.7,187.3,63.0,1084.4,59.0,2400,0.0,0.0,16094,-607,74,discharging,None,None
18:52:40.283,sequential,7.9,401.7,187.3,2.0,1084.3,57.9,2400,0.0,0.0,16135,-600,74,discharging,None,None
18:52:40.793,sequential,8.4,401.7,187.3,3.5,1084.1,57.3,2400,0.0,0.0,16140,-418,74,discharging,None,None
18:52:41.300,sequential,8.4,396.2,187.3,100.0,1084.1,62.2,2400,0.0,0.0,16103,-507,74,discharging,None,None
18:52:41.803,sequential,8.3,396.2,173.7,14.1,1083.8,58.4,2400,0.0,0.0,16115,-615,74,discharging,None,None
18:52:42.307,sequential,8.3,396.2,173.7,2.5,1083.8,57.9,1900,0.0,0.0,16138,-515,74,discharging,None,None
18:52:42.815,sequential,8.3,396.2,173.7,53.0,1083.8,61.7,2400,0.0,0.0,16144,-401,74,discharging,None,None
18:52:43.319,sequential,8.3,417.6,174.9,69.0,1083.5,59.0,2400,0.0,0.0,16094,-570,74,discharging,None,None
18:52:43.823,sequential,8.3,417.6,174.9,1.5,1084.2,57.9,2400,0.0,0.0,16132,-606,74,discharging,None,None
18:52:44.326,sequential,8.4,417.6,174.9,2.0,1084.2,57.3,2400,0.0,0.0,16141,-436,74,discharging,None,None
18:52:44.835,sequential,8.4,408.3,174.9,97.0,1084.2,62.8,2400,0.0,0.0,16107,-492,74,discharging,None,None
18:52:45.338,sequential,8.3,408.3,186.6,25.4,1083.8,57.9,2400,0.0,0.0,16102,-621,74,discharging,None,None
18:52:45.842,sequential,8.3,408.3,186.6,2.5,1083.7,57.3,2400,0.0,0.0,16139,-535,74,discharging,None,None
18:52:46.351,sequential,8.3,408.3,186.6,42.0,1083.7,62.2,2400,0.0,0.0,16142,-407,74,discharging,None,None
18:52:46.854,sequential,8.3,408.4,172.6,76.8,1083.6,60.0,2400,0.0,0.0,16095,-570,74,discharging,None,None
18:52:47.358,sequential,8.3,408.4,172.6,2.0,1083.6,57.3,2400,0.0,0.0,16129,-617,74,discharging,None,None
18:52:47.862,sequential,8.4,408.4,172.6,2.0,1083.1,56.8,1600,0.0,0.0,16141,-456,74,discharging,None,None
18:52:48.371,sequential,8.4,419.1,172.6,88.6,1083.1,62.2,2400,0.0,0.0,16136,-447,74,discharging,None,None
18:52:48.875,sequential,8.3,419.1,170.7,32.3,1082.9,57.9,2400,0.0,0.0,16092,-596,74,discharging,None,None
18:52:49.378,sequential,8.3,419.1,170.7,1.5,1082.9,57.9,2400,0.0,0.0,16138,-558,74,discharging,None,None
18:52:49.884,sequential,8.3,419.1,170.7,35.5,1082.6,61.1,2400,0.0,0.0,16141,-407,74,discharging,None,None
18:52:50.388,sequential,8.3,585.1,170.7,85.2,1082.6,61.1,2400,0.0,0.0,16099,-551,74,discharging,None,None
18:52:50.892,sequential,8.3,585.1,171.7,19.6,1082.7,58.4,2400,0.0,0.0,16103,-642,74,discharging,None,None
18:52:51.395,sequential,7.6,585.1,171.7,1.5,1082.7,57.9,2400,0.0,0.0,16138,-496,74,discharging,None,None
18:52:51.907,sequential,7.6,585.1,171.7,46.8,1082.7,62.8,2400,0.0,0.0,16140,-406,74,discharging,None,None
18:52:52.411,sequential,7.6,411.7,174.9,73.0,1082.4,59.5,2400,0.0,0.0,16092,-570,74,discharging,None,None
18:52:52.915,sequential,8.3,411.7,174.9,2.0,1082.2,57.9,2400,0.0,0.0,16127,-620,74,discharging,None,None
18:52:53.418,sequential,8.3,411.7,174.9,2.5,1082.2,56.8,1600,0.0,0.0,16139,-452,74,discharging,None,None
18:52:53.927,sequential,8.3,423.4,174.9,92.5,1083.1,62.2,2400,0.0,0.0,16137,-433,74,discharging,None,None
18:52:54.431,sequential,8.3,423.4,179.8,31.7,1082.9,58.4,2400,0.0,0.0,16091,-592,74,discharging,None,None
18:52:54.935,sequential,8.4,423.4,179.8,2.0,1082.4,57.9,2400,0.0,0.0,16137,-562,74,discharging,None,None
18:52:55.443,sequential,8.4,423.4,179.8,36.3,1082.9,60.6,2400,0.0,0.0,16140,-406,74,discharging,None,None
18:52:55.946,sequential,8.4,404.2,168.3,81.3,1082.7,60.0,2400,0.0,0.0,16097,-549,74,discharging,None,None
18:52:56.450,sequential,8.3,404.2,168.3,1.5,1082.7,57.3,2400,0.0,0.0,16129,-615,74,discharging,None,None
18:52:56.954,sequential,8.3,404.2,168.3,2.0,1082.7,57.3,2400,0.0,0.0,16139,-473,74,discharging,None,None
18:52:57.465,sequential,8.3,399.0,168.3,85.1,1082.7,61.7,2400,0.0,0.0,16135,-450,74,discharging,None,None
18:52:57.971,sequential,8.3,399.0,178.8,33.2,1082.2,58.4,2400,0.0,0.0,16093,-616,74,discharging,None,None
18:52:58.475,sequential,8.3,399.0,178.8,2.5,1082.2,57.3,2400,0.0,0.0,16137,-574,74,discharging,None,None
18:52:58.983,sequential,8.4,399.0,178.8,35.3,1082.2,60.6,2400,0.0,0.0,16140,-406,74,discharging,None,None
18:52:59.486,sequential,8.4,416.6,183.2,87.8,1082.0,60.0,2400,0.0,0.0,16101,-512,74,discharging,None,None
18:52:59.990,sequential,8.3,416.6,183.2,3.0,1082.0,58.4,2400,0.0,0.0,16128,-598,74,discharging,None,None
18:53:00.494,sequential,8.3,416.6,183.2,2.0,1082.0,57.9,2400,0.0,0.0,16139,-491,74,discharging,None,None
18:53:01.000,sequential,8.3,416.6,183.2,77.7,1082.0,63.4,2400,0.0,0.0,16140,-430,74,discharging,None,None
18:53:01.504,sequential,8.3,399.7,181.1,41.5,1081.7,58.4,2400,0.0,0.0,16094,-612,74,discharging,None,None
18:53:02.007,sequential,8.3,399.7,181.1,2.5,1081.5,57.3,2400,0.0,0.0,16137,-594,74,discharging,None,None
18:53:02.515,sequential,8.4,399.7,181.1,34.2,1081.5,60.6,2400,0.0,0.0,16140,-416,74,discharging,None,None
18:53:03.018,sequential,8.4,397.6,174.7,92.6,1081.5,61.1,2400,0.0,0.0,16102,-526,74,discharging,None,None
18:53:03.522,sequential,7.9,397.6,174.7,2.0,1085.2,58.4,2400,0.0,0.0,16121,-623,74,discharging,None,None
18:53:04.026,sequential,7.9,397.6,174.7,3.0,1085.2,56.8,1900,0.0,0.0,16139,-507,74,discharging,None,None
18:53:04.531,sequential,7.9,397.6,174.7,72.0,1085.2,62.2,2400,0.0,0.0,16144,-405,74,discharging,None,None
18:53:05.034,sequential,8.3,423.0,177.7,51.0,1084.9,58.4,2400,0.0,0.0,16093,-576,74,discharging,None,None
18:53:05.538,sequential,8.3,423.0,177.7,2.5,1085.3,57.3,2400,0.0,0.0,16132,-602,74,discharging,None,None
18:53:06.046,sequential,8.4,423.0,177.7,16.9,1084.9,59.0,2400,0.0,0.0,16140,-431,74,discharging,None,None
18:53:06.550,sequential,8.4,398.9,186.4,100.0,1084.9,61.7,2400,0.0,0.0,16106,-585,74,discharging,None,None
18:53:07.054,sequential,8.3,398.9,186.4,5.9,1084.5,58.4,2400,0.0,0.0,16130,-617,74,discharging,None,None
18:53:07.557,sequential,8.3,398.9,186.4,2.5,1084.5,56.8,2400,0.0,0.0,16138,-440,74,discharging,None,None
18:53:08.064,sequential,8.3,398.9,186.4,62.6,1084.5,62.2,2400,0.0,0.0,16111,-487,74,discharging,None,None
18:53:08.567,sequential,8.3,402.2,191.1,59.0,1083.9,59.0,2400,0.0,0.0,16091,-619,74,discharging,None,None
18:53:09.071,sequential,8.3,402.2,191.1,3.0,1083.6,57.9,2400,0.0,0.0,16137,-539,74,discharging,None,None
18:53:09.579,sequential,8.4,402.2,191.1,7.9,1083.6,57.9,1600,0.0,0.0,16141,-399,74,discharging,None,None
18:53:10.083,sequential,8.4,408.1,191.1,100.0,1083.6,62.8,2400,0.0,0.0,16096,-543,74,discharging,None,None
18:53:10.587,sequential,8.4,408.1,174.1,14.4,1083.8,57.3,2400,0.0,0.0,16126,-604,74,discharging,None,None
18:53:11.090,sequential,8.3,408.1,174.1,2.5,1083.2,57.3,2400,0.0,0.0,16139,-460,74,discharging,None,None
18:53:11.599,sequential,8.3,408.1,174.1,52.0,1083.2,61.1,2400,0.0,0.0,16127,-463,74,discharging,None,None
18:53:12.102,sequential,8.3,409.0,175.2,66.8,1082.8,59.0,2400,0.0,0.0,16091,-617,74,discharging,None,None
18:53:12.606,sequential,8.3,409.0,175.2,2.5,1082.8,58.4,2400,0.0,0.0,16138,-561,74,discharging,None,None
18:53:13.110,sequential,8.3,409.0,175.2,2.5,1082.6,57.9,2400,0.0,0.0,16139,-407,74,discharging,None,None
18:53:13.621,sequential,8.3,408.3,175.2,99.0,1082.6,62.8,2400,0.0,0.0,16096,-551,74,discharging,None,None
18:53:14.124,sequential,8.3,408.3,169.3,19.4,1082.4,57.3,2400,0.0,0.0,16127,-617,74,discharging,None,None
18:53:14.628,sequential,8.3,408.3,169.3,10.4,1082.4,57.3,1900,0.0,0.0,16132,-484,74,discharging,None,None
18:53:15.138,sequential,8.3,408.3,169.3,50.2,1082.2,60.6,2400,0.0,0.0,16141,-428,74,discharging,None,None
18:53:15.642,sequential,7.9,426.4,181.4,75.2,1082.2,60.0,2400,0.0,0.0,16093,-588,74,discharging,None,None
18:53:16.145,sequential,7.9,426.4,181.4,2.5,1082.4,57.9,2400,0.0,0.0,16135,-580,74,discharging,None,None
18:53:16.649,sequential,7.9,426.4,181.4,2.5,1082.4,57.3,2400,0.0,0.0,16139,-407,74,discharging,None,None
18:53:17.165,sequential,8.3,397.8,181.4,90.1,1082.4,61.1,2400,0.0,0.0,16099,-530,74,discharging,None,None
18:53:17.669,sequential,8.3,397.8,174.4,27.9,1082.1,57.9,2400,0.0,0.0,16127,-616,74,discharging,None,None
18:53:18.172,sequential,8.3,397.8,174.4,2.5,1081.9,57.9,2400,0.0,0.0,16138,-492,74,discharging,None,None
18:53:18.679,sequential,8.3,397.8,174.4,42.2,1081.9,61.7,2400,0.0,0.0,16141,-429,74,discharging,None,None
18:53:19.183,sequential,8.3,410.3,173.3,78.5,1081.7,59.5,2400,0.0,0.0,16091,-612,74,discharging,None,None
18:53:19.687,sequential,8.3,410.3,173.3,2.5,1081.7,57.9,2400,0.0,0.0,16134,-597,74,discharging,None,None
18:53:20.190,sequential,8.3,410.3,173.3,3.5,1081.4,56.2,1500,0.0,0.0,16140,-411,74,discharging,None,None
18:53:20.703,sequential,8.2,422.6,173.3,86.8,1081.8,61.1,2400,0.0,0.0,16111,-483,74,discharging,None,None
18:53:21.206,sequential,8.2,422.6,181.1,36.3,1082.1,58.4,2400,0.0,0.0,16109,-597,74,discharging,None,None
18:53:21.710,sequential,8.4,422.6,181.1,2.5,1082.1,56.8,2400,0.0,0.0,16138,-518,74,discharging,None,None
18:53:22.219,sequential,8.4,422.6,181.1,32.2,1082.1,61.7,2400,0.0,0.0,16140,-409,74,discharging,None,None
18:53:22.722,sequential,8.3,416.4,170.6,88.7,1082.1,60.6,2400,0.0,0.0,16090,-586,74,discharging,None,None
18:53:23.226,sequential,8.3,416.4,170.6,2.5,1081.5,57.9,2400,0.0,0.0,16129,-616,74,discharging,None,None
18:53:23.730,sequential,8.3,416.4,170.6,2.5,1082.4,57.3,2400,0.0,0.0,16138,-440,74,discharging,None,None
18:53:24.239,sequential,8.2,416.4,170.6,77.1,1082.4,61.7,2400,0.0,0.0,16108,-488,74,discharging,None,None
18:53:24.743,sequential,8.2,398.8,173.8,42.0,1082.4,57.9,2400,0.0,0.0,16100,-614,74,discharging,None,None
18:53:25.247,sequential,8.4,398.8,173.8,2.0,1082.4,57.3,2400,0.0,0.0,16135,-533,74,discharging,None,None
18:53:25.756,sequential,8.4,398.8,173.8,26.6,1082.4,59.5,2400,0.0,0.0,16141,-400,74,discharging,None,None
18:53:26.259,sequential,8.4,415.8,177.7,94.1,1083.5,61.1,2400,0.0,0.0,16094,-547,74,discharging,None,None
18:53:26.763,sequential,8.3,415.8,177.7,11.4,1083.5,57.3,2400,0.0,0.0,16120,-613,74,discharging,None,None
18:53:27.267,sequential,8.3,415.8,177.7,2.0,1084.8,56.8,2400,0.0,0.0,16138,-467,74,discharging,None,None
18:53:27.774,sequential,7.9,415.8,177.7,70.6,1084.8,63.4,2400,0.0,0.0,16124,-469,74,discharging,None,None
18:53:28.278,sequential,7.9,413.5,172.6,50.2,1084.5,59.0,2400,0.0,0.0,16090,-618,74,discharging,None,None
18:53:28.782,sequential,8.4,413.5,172.6,3.0,1084.0,57.9,2400,0.0,0.0,16136,-557,74,discharging,None,None
18:53:29.296,sequential,8.4,413.5,172.6,17.1,1083.8,60.0,2400,0.0,0.0,16137,-408,74,discharging,None,None
18:53:29.800,sequential,8.4,410.7,170.9,99.0,1083.8,62.2,2400,0.0,0.0,16095,-553,74,discharging,None,None
18:53:30.303,sequential,8.3,410.7,170.9,3.0,1083.8,58.4,2400,0.0,0.0,16125,-617,74,discharging,None,None
18:53:30.807,sequential,8.3,410.7,170.9,3.0,1083.8,57.9,1900,0.0,0.0,16138,-471,74,discharging,None,None
18:53:31.315,sequential,8.3,410.7,170.9,65.3,1083.4,61.7,2400,0.0,0.0,16138,-428,74,discharging,None,None
18:53:31.818,sequential,8.3,416.6,173.0,56.4,1083.4,59.0,2400,0.0,0.0,16094,-595,74,discharging,None,None
18:53:32.322,sequential,8.3,416.6,173.0,2.5,1082.8,57.9,2400,0.0,0.0,16134,-575,74,discharging,None,None
18:53:32.828,sequential,8.4,416.6,173.0,12.4,1083.7,59.5,2400,0.0,0.0,16138,-408,74,discharging,None,None
18:53:33.335,sequential,8.4,402.3,173.0,100.0,1083.7,60.6,2400,0.0,0.0,16098,-538,74,discharging,None,None
18:53:33.839,sequential,8.3,402.3,179.2,10.0,1084.1,57.9,2400,0.0,0.0,16126,-616,74,discharging,None,None
18:53:34.342,sequential,8.3,402.3,179.2,3.0,1084.1,57.9,2400,0.0,0.0,16138,-486,74,discharging,None,None
18:53:34.851,sequential,8.3,402.3,179.2,58.2,1084.1,61.1,2400,0.0,0.0,16139,-435,74,discharging,None,None
18:53:35.355,sequential,8.3,404.0,186.7,63.1,1083.8,59.5,2400,0.0,0.0,16094,-615,74,discharging,None,None
18:53:35.858,sequential,8.3,404.0,186.7,3.0,1083.6,57.9,2400,0.0,0.0,16135,-593,74,discharging,None,None
18:53:36.368,sequential,8.4,404.0,186.7,5.0,1083.6,56.8,1500,0.0,0.0,16139,-411,74,discharging,None,None
18:53:36.872,sequential,8.4,416.0,186.7,100.0,1083.6,61.7,2400,0.0,0.0,16102,-495,74,discharging,None,None
18:53:37.376,sequential,8.3,416.0,180.4,19.8,1083.6,58.4,2400,0.0,0.0,16112,-601,74,discharging,None,None
18:53:37.880,sequential,8.3,416.0,180.4,3.0,1083.1,57.3,2400,0.0,0.0,16136,-511,74,discharging,None,None
18:53:38.629,sequential,8.3,416.0,180.4,65.4,1083.1,62.8,2400,0.0,0.0,16101,-503,74,discharging,None,None
18:53:39.132,sequential,8.3,539.6,185.6,51.7,1083.6,59.0,2400,0.0,0.0,16092,-655,74,discharging,None,None
18:53:39.636,sequential,8.3,539.6,185.6,3.0,1083.6,58.4,2400,0.0,0.0,16134,-559,74,discharging,None,None
18:53:40.143,sequential,7.6,539.6,185.6,18.3,1083.6,60.0,2400,0.0,0.0,16138,-408,74,discharging,None,None
18:53:40.647,sequential,7.6,397.8,175.9,99.5,1083.6,62.8,2400,0.0,0.0,16097,-540,74,discharging,None,None
18:53:41.151,sequential,8.3,397.8,175.9,5.0,1082.5,58.4,2400,0.0,0.0,16125,-617,74,discharging,None,None
18:53:41.654,sequential,8.3,397.8,175.9,2.0,1082.5,57.3,1600,0.0,0.0,16137,-485,74,discharging,None,None
18:53:42.163,sequential,8.3,397.8,175.9,62.2,1082.2,61.1,2400,0.0,0.0,16143,-408,74,discharging,None,None
18:53:42.666,sequential,8.3,422.5,176.6,60.9,1082.2,57.9,2400,0.0,0.0,16095,-582,74,discharging,None,None
18:53:43.170,sequential,8.3,422.5,176.6,1.5,1082.2,57.9,2400,0.0,0.0,16133,-587,74,discharging,None,None
18:53:43.679,sequential,8.4,422.5,176.6,5.5,1083.2,57.3,2400,0.0,0.0,16138,-413,74,discharging,None,None
18:53:44.183,sequential,8.4,407.5,176.6,100.0,1086.9,62.2,2400,0.0,0.0,16101,-513,74,discharging,None,None
18:53:44.686,sequential,8.3,407.5,171.6,13.9,1086.6,58.4,2400,0.0,0.0,16118,-614,74,discharging,None,None
18:53:45.190,sequential,8.3,407.5,171.6,1.5,1086.1,57.9,2400,0.0,0.0,16136,-508,74,discharging,None,None
18:53:45.699,sequential,8.3,407.5,171.6,54.2,1086.1,61.7,2400,0.0,0.0,16138,-418,74,discharging,None,None
18:53:46.203,sequential,8.3,407.9,170.5,64.9,1085.4,59.5,2400,0.0,0.0,16088,-597,74,discharging,None,None
18:53:46.706,sequential,8.3,407.9,170.5,1.5,1085.4,57.3,2400,0.0,0.0,16131,-605,74,discharging,None,None
18:53:47.215,sequential,8.4,407.9,170.5,3.0,1084.8,56.8,1600,0.0,0.0,16137,-426,74,discharging,None,None
18:53:47.720,sequential,8.4,409.4,170.5,100.0,1084.8,62.8,2400,0.0,0.0,16114,-478,74,discharging,None,None
18:53:48.224,sequential,8.3,409.4,175.1,19.3,1084.5,58.4,2400,0.0,0.0,16105,-595,74,discharging,None,None
18:53:48.727,sequential,8.3,409.4,175.1,1.5,1084.5,57.3,2400,0.0,0.0,16136,-524,74,discharging,None,None
18:53:49.235,sequential,8.3,409.4,175.1,48.8,1083.9,61.1,2400,0.0,0.0,16138,-407,74,discharging,None,None
18:53:49.739,sequential,8.3,399.6,183.4,70.6,1085.0,59.5,2400,0.0,0.0,16089,-584,74,discharging,None,None
18:53:50.242,sequential,8.3,399.6,183.4,1.5,1085.0,58.4,2400,0.0,0.0,16128,-618,74,discharging,None,None
18:53:50.746,sequential,8.4,399.6,183.4,10.5,1085.0,59.0,2400,0.0,0.0,16137,-440,74,discharging,None,None
18:53:51.255,sequential,8.4,411.4,183.4,94.5,1085.4,62.2,2400,0.0,0.0,16106,-495,74,discharging,None,None
18:53:51.758,sequential,8.4,411.4,180.5,26.6,1085.5,57.9,2400,0.0,0.0,16093,-630,74,discharging,None,None
18:53:52.262,sequential,7.9,411.4,180.5,2.0,1084.3,57.9,2400,0.0,0.0,16134,-542,74,discharging,None,None
18:53:52.771,sequential,7.9,411.4,180.5,40.5,1084.3,61.1,2400,0.0,0.0,16141,-402,74,discharging,None,None
18:53:53.274,sequential,8.3,427.5,174.3,82.8,1084.2,59.5,2400,0.0,0.0,16096,-537,74,discharging,None,None
18:53:53.778,sequential,8.3,427.5,174.3,1.5,1085.1,58.4,2400,0.0,0.0,16126,-603,74,discharging,None,None
18:53:54.282,sequential,8.4,427.5,174.3,1.5,1084.5,56.8,2400,0.0,0.0,16138,-467,74,discharging,None,None
18:53:54.795,sequential,8.4,405.1,174.3,82.9,1084.5,62.2,2400,0.0,0.0,16128,-456,74,discharging,None,None
18:53:55.304,sequential,8.4,405.1,172.2,34.7,1084.4,59.0,2400,0.0,0.0,16090,-616,74,discharging,None,None
18:53:55.807,sequential,8.3,405.1,172.2,1.5,1084.4,57.3,2400,0.0,0.0,16136,-568,74,discharging,None,None
18:53:56.315,sequential,8.3,405.1,172.2,33.7,1084.1,60.6,2400,0.0,0.0,16138,-407,74,discharging,None,None
18:53:56.818,sequential,8.3,403.2,172.9,84.8,1083.4,60.6,2400,0.0,0.0,16096,-546,74,discharging,None,None
18:53:57.322,sequential,8.3,403.2,172.9,2.0,1083.2,58.4,2400,0.0,0.0,16123,-616,74,discharging,None,None
18:53:57.825,sequential,8.3,403.2,172.9,1.5,1083.2,57.3,1600,0.0,0.0,16137,-478,74,discharging,None,None
18:53:58.332,sequential,8.3,403.2,172.9,80.2,1083.2,63.4,2400,0.0,0.0,16141,-420,74,discharging,None,None
18:53:58.835,sequential,8.3,414.2,181.2,41.2,1082.7,59.0,2400,0.0,0.0,16090,-597,74,discharging,None,None
18:53:59.339,sequential,8.3,414.2,181.2,2.0,1082.7,57.9,2400,0.0,0.0,16134,-586,74,discharging,None,None
18:53:59.847,sequential,8.3,414.2,181.2,25.9,1082.7,60.0,2400,0.0,0.0,16137,-407,74,discharging,None,None
18:54:00.352,sequential,8.3,398.0,185.0,92.2,1083.3,61.1,2400,0.0,0.0,16098,-528,74,discharging,None,None
18:54:00.856,sequential,8.3,398.0,185.0,1.5,1083.1,57.3,2400,0.0,0.0,16125,-617,74,discharging,None,None
18:54:01.359,sequential,8.3,398.0,185.0,1.5,1083.2,57.9,2400,0.0,0.0,16136,-495,74,discharging,None,None
18:54:01.869,sequential,8.4,398.0,185.0,72.5,1083.2,62.2,2400,0.0,0.0,16138,-425,74,discharging,None,None
18:54:02.373,sequential,8.4,394.1,171.6,44.5,1083.0,59.0,2400,0.0,0.0,16088,-606,74,discharging,None,None
18:54:02.877,sequential,8.3,394.1,171.6,10.5,1082.7,58.4,2400,0.0,0.0,16133,-594,74,discharging,None,None
18:54:03.384,sequential,8.3,394.1,171.6,23.9,1082.7,59.5,1600,0.0,0.0,16134,-423,74,discharging,None,None
18:54:03.888,sequential,7.9,431.3,180.9,99.5,1083.7,62.2,2400,0.0,0.0,16120,-480,74,discharging,None,None
18:54:04.391,sequential,7.9,431.3,180.9,4.5,1083.4,57.3,2400,0.0,0.0,16107,-582,74,discharging,None,None
18:54:04.895,sequential,7.9,431.3,180.9,2.0,1083.2,57.3,2400,0.0,0.0,16135,-519,74,discharging,None,None
18:54:05.403,sequential,8.4,431.3,180.9,63.5,1083.7,62.2,2400,0.0,0.0,16137,-407,74,discharging,None,None
18:54:05.906,sequential,8.4,398.9,182.6,56.4,1083.2,58.4,2400,0.0,0.0,16089,-582,74,discharging,None,None
18:54:06.410,sequential,8.3,398.9,182.6,2.5,1084.6,57.9,2400,0.0,0.0,16127,-615,74,discharging,None,None
18:54:06.919,sequential,8.3,398.9,182.6,11.0,1084.8,59.0,2400,0.0,0.0,16133,-450,74,discharging,None,None
18:54:07.423,sequential,8.3,400.8,182.6,100.0,1084.8,62.2,2400,0.0,0.0,16106,-506,74,discharging,None,None
18:54:07.927,sequential,8.3,400.8,176.1,9.9,1084.4,57.9,2400,0.0,0.0,16095,-632,74,discharging,None,None
18:54:08.430,sequential,8.3,400.8,176.1,3.5,1088.6,57.3,1900,0.0,0.0,16132,-550,74,discharging,None,None
18:54:08.939,sequential,8.3,400.8,176.1,58.7,1088.6,61.7,2400,0.0,0.0,16139,-412,74,discharging,None,None
18:54:09.442,sequential,8.3,415.1,176.1,63.2,1087.4,58.4,2400,0.0,0.0,16093,-554,74,discharging,None,None
18:54:09.946,sequential,8.4,415.1,176.1,2.5,1087.4,57.9,2400,0.0,0.0,16124,-608,74,discharging,None,None
18:54:10.456,sequential,8.4,415.1,176.1,5.0,1087.4,58.4,2400,0.0,0.0,16136,-458,74,discharging,None,None
18:54:10.961,sequential,8.4,411.5,176.1,100.0,1087.6,61.7,2400,0.0,0.0,16119,-468,74,discharging,None,None
18:54:11.464,sequential,8.3,411.5,173.8,17.4,1086.4,58.4,2400,0.0,0.0,16087,-618,74,discharging,None,None
18:54:11.968,sequential,8.3,411.5,173.8,2.5,1085.5,57.3,2400,0.0,0.0,16133,-557,74,discharging,None,None
18:54:12.476,sequential,8.3,411.5,173.8,51.5,1085.5,61.7,2400,0.0,0.0,16135,-460,74,discharging,None,None
18:54:12.979,sequential,8.3,409.3,169.6,68.5,1085.1,57.9,2400,0.0,0.0,16088,-617,74,discharging,None,None
18:54:13.483,sequential,8.4,409.3,169.6,2.5,1085.1,57.3,2400,0.0,0.0,16134,-565,74,discharging,None,None
18:54:13.987,sequential,8.4,409.3,169.6,3.0,1083.8,56.8,1600,0.0,0.0,16137,-402,74,discharging,None,None
18:54:14.495,sequential,8.4,413.8,169.6,97.0,1083.8,62.2,2400,0.0,0.0,16095,-527,74,discharging,None,None
18:54:14.998,sequential,8.3,413.8,169.3,32.0,1083.4,57.9,2400,0.0,0.0,16118,-613,74,discharging,None,None
18:54:15.502,sequential,8.3,413.8,169.3,2.5,1083.4,58.4,2400,0.0,0.0,16135,-487,74,discharging,None,None
18:54:16.011,sequential,7.9,413.8,169.3,45.3,1083.4,61.7,2400,0.0,0.0,16135,-444,74,discharging,None,None
18:54:16.516,sequential,7.9,408.8,177.3,75.5,1083.2,59.5,2400,0.0,0.0,16091,-619,74,discharging,None,None
18:54:17.019,sequential,7.9,408.8,177.3,3.0,1082.7,57.9,2400,0.0,0.0,16134,-582,74,discharging,None,None
18:54:17.523,sequential,8.4,408.8,177.3,2.0,1082.7,57.9,2400,0.0,0.0,16137,-408,74,discharging,None,None
18:54:18.032,sequential,8.4,415.0,177.3,90.0,1082.7,62.2,2400,0.0,0.0,16097,-530,74,discharging,None,None
18:54:18.536,sequential,8.3,415.0,170.9,30.9,1082.5,59.0,2400,0.0,0.0,16124,-619,74,discharging,None,None
18:54:19.040,sequential,8.3,415.0,170.9,3.0,1082.5,57.3,2400,0.0,0.0,16136,-497,74,discharging,None,None
18:54:19.548,sequential,8.2,415.0,170.9,38.9,1082.5,60.0,2400,0.0,0.0,16141,-406,74,discharging,None,None
18:54:20.052,sequential,8.2,424.6,176.7,85.1,1082.9,60.0,2400,0.0,0.0,16090,-581,74,discharging,None,None
18:54:20.555,sequential,8.2,424.6,176.7,2.5,1082.9,57.3,2400,0.0,0.0,16130,-598,74,discharging,None,None
18:54:21.059,sequential,8.4,424.6,176.7,2.5,1082.7,57.3,2400,0.0,0.0,16137,-423,74,discharging,None,None
18:54:21.566,sequential,8.4,406.3,176.7,80.0,1084.3,62.2,2400,0.0,0.0,16101,-505,74,discharging,None,None
18:54:22.070,sequential,8.3,406.3,169.0,39.2,1085.3,57.9,2400,0.0,0.0,16107,-616,74,discharging,None,None
18:54:22.574,sequential,8.3,406.3,169.0,2.5,1085.3,57.9,2400,0.0,0.0,16134,-519,74,discharging,None,None
18:54:23.080,sequential,8.3,406.3,169.0,29.9,1086.0,60.0,2400,0.0,0.0,16137,-410,74,discharging,None,None
18:54:23.584,sequential,8.3,398.4,183.1,89.6,1087.1,60.6,2400,0.0,0.0,16086,-588,74,discharging,None,None
18:54:24.087,sequential,8.3,398.4,183.1,3.0,1085.9,57.9,2400,0.0,0.0,16127,-614,74,discharging,None,None
18:54:24.591,sequential,8.4,398.4,183.1,2.5,1085.9,57.3,1800,0.0,0.0,16136,-437,74,discharging,None,None
18:54:25.100,sequential,8.4,398.4,183.1,75.7,1085.9,62.8,2400,0.0,0.0,16113,-478,74,discharging,None,None
18:54:25.604,sequential,8.3,404.4,183.4,44.8,1087.6,59.0,2400,0.0,0.0,16095,-605,74,discharging,None,None
18:54:26.107,sequential,8.3,404.4,183.4,3.0,1088.8,57.3,2400,0.0,0.0,16135,-536,74,discharging,None,None
18:54:26.615,sequential,8.3,404.4,183.4,22.9,1088.8,60.0,2400,0.0,0.0,16137,-407,74,discharging,None,None
18:54:27.127,sequential,8.3,548.1,183.4,99.5,1088.6,62.8,2400,0.0,0.0,16093,-566,74,discharging,None,None
18:54:27.631,sequential,8.3,548.1,174.3,25.4,1088.4,58.4,2400,0.0,0.0,16119,-655,74,discharging,None,None
18:54:28.134,sequential,7.3,548.1,174.3,2.5,1087.2,57.9,2400,0.0,0.0,16134,-496,74,discharging,None,None
18:54:28.643,sequential,7.3,548.1,174.3,42.6,1087.2,62.2,2400,0.0,0.0,16136,-423,74,discharging,None,None
18:54:29.146,sequential,7.3,397.1,179.1,76.4,1086.8,59.5,2400,0.0,0.0,16087,-604,74,discharging,None,None
18:54:29.650,sequential,8.3,397.1,179.1,2.5,1086.8,57.9,2400,0.0,0.0,16130,-601,74,discharging,None,None
18:54:30.155,sequential,8.3,397.1,179.1,3.0,1086.2,57.3,1600,0.0,0.0,16137,-412,74,discharging,None,None
18:54:30.663,sequential,8.3,410.7,179.1,89.6,1086.2,61.7,2400,0.0,0.0,16110,-474,74,discharging,None,None
18:54:31.167,sequential,8.3,410.7,179.5,32.0,1085.4,58.4,2400,0.0,0.0,16105,-595,74,discharging,None,None
18:54:31.670,sequential,8.3,410.7,179.5,2.0,1085.4,57.9,2400,0.0,0.0,16135,-521,74,discharging,None,None
18:54:32.179,sequential,8.4,410.7,179.5,36.8,1085.7,61.1,2400,0.0,0.0,16137,-409,74,discharging,None,None
18:54:32.686,sequential,8.4,401.4,179.9,82.5,1086.6,60.0,2400,0.0,0.0,16087,-587,74,discharging,None,None
18:54:33.189,sequential,8.3,401.4,179.9,2.5,1086.0,58.4,2400,0.0,0.0,16128,-616,74,discharging,None,None
18:54:33.693,sequential,8.3,401.4,179.9,2.5,1086.2,58.4,2400,0.0,0.0,16135,-438,74,discharging,None,None
18:54:34.206,sequential,8.3,394.9,179.9,83.3,1086.2,63.4,2400,0.0,0.0,16107,-490,74,discharging,None,None
18:54:34.710,sequential,8.3,394.9,177.5,34.5,1086.0,59.5,2400,0.0,0.0,16095,-616,74,discharging,None,None
18:54:35.213,sequential,8.3,394.9,177.5,3.0,1085.0,57.9,2400,0.0,0.0,16133,-533,74,discharging,None,None
18:54:35.720,sequential,8.4,394.9,177.5,34.8,1085.0,60.6,2400,0.0,0.0,16138,-399,74,discharging,None,None
18:54:36.223,sequential,8.4,416.6,175.2,88.0,1084.5,60.6,2400,0.0,0.0,16088,-549,74,discharging,None,None
18:54:36.727,sequential,8.3,416.6,175.2,2.5,1084.5,57.9,2400,0.0,0.0,16123,-605,74,discharging,None,None
18:54:37.231,sequential,8.3,416.6,175.2,3.0,1084.4,56.8,2400,0.0,0.0,16136,-455,74,discharging,None,None
18:54:37.740,sequential,8.3,416.6,175.2,78.0,1084.4,63.4,2400,0.0,0.0,16119,-471,74,discharging,None,None
18:54:38.244,sequential,8.3,407.6,176.7,43.1,1083.4,59.0,2400,0.0,0.0,16087,-617,74,discharging,None,None
18:54:38.748,sequential,8.3,407.6,176.7,2.0,1083.4,57.9,2400,0.0,0.0,16133,-554,74,discharging,None,None
18:54:39.256,sequential,8.4,407.6,176.7,35.5,1083.0,60.6,2400,0.0,0.0,16136,-416,74,discharging,None,None
18:54:39.760,sequential,8.4,401.0,169.3,91.5,1083.0,61.1,2400,0.0,0.0,16090,-568,74,discharging,None,None
18:54:40.263,sequential,7.9,401.0,169.3,2.5,1082.8,58.4,2400,0.0,0.0,16122,-618,74,discharging,None,None
18:54:40.767,sequential,7.9,401.0,169.3,2.5,1082.8,57.3,1600,0.0,0.0,16135,-467,74,discharging,None,None
18:54:41.275,sequential,7.9,401.0,169.3,74.5,1082.5,62.8,2400,0.0,0.0,16136,-434,74,discharging,None,None
18:54:41.778,sequential,8.3,413.8,169.6,46.5,1082.3,58.4,2400,0.0,0.0,16089,-594,74,discharging,None,None
18:54:42.282,sequential,8.3,413.8,169.6,2.5,1083.5,57.9,2400,0.0,0.0,16132,-569,74,discharging,None,None
18:54:42.791,sequential,8.4,413.8,169.6,22.2,1083.4,60.0,2400,0.0,0.0,16135,-408,74,discharging,None,None
18:54:43.294,sequential,8.4,414.0,173.0,98.0,1083.4,62.8,2400,0.0,0.0,16093,-546,74,discharging,None,None
18:54:43.798,sequential,8.3,414.0,173.0,3.0,1083.4,58.4,2400,0.0,0.0,16124,-620,74,discharging,None,None
18:54:44.301,sequential,8.3,414.0,173.0,3.0,1083.2,57.3,2400,0.0,0.0,16135,-481,74,discharging,None,None
18:54:44.807,sequential,8.3,414.0,173.0,66.7,1083.2,62.8,2400,0.0,0.0,16135,-440,74,discharging,None,None
18:54:45.311,sequential,8.3,402.3,175.4,52.5,1082.8,59.0,2400,0.0,0.0,16089,-616,74,discharging,None,None
18:54:45.815,sequential,8.3,402.3,175.4,2.5,1082.8,57.9,2400,0.0,0.0,16132,-584,74,discharging,None,None
18:54:46.324,sequential,8.3,402.3,175.4,15.5,1082.3,59.5,1600,0.0,0.0,16137,-405,74,discharging,None,None
18:54:46.831,sequential,8.3,409.4,175.4,100.0,1082.3,62.8,2400,0.0,0.0,16097,-505,74,discharging,None,None
18:54:47.335,sequential,8.3,409.4,177.7,7.4,1082.3,57.9,2400,0.0,0.0,16123,-599,74,discharging,None,None
18:54:47.838,sequential,8.4,409.4,177.7,2.5,1081.8,57.9,2400,0.0,0.0,16136,-499,74,discharging,None,None
18:54:48.347,sequential,8.4,409.4,177.7,61.2,1081.8,61.7,2400,0.0,0.0,16136,-426,74,discharging,None,None
18:54:48.850,sequential,8.3,400.0,180.5,59.4,1081.8,59.5,2400,0.0,0.0,16089,-608,74,discharging,None,None
18:54:49.354,sequential,8.3,400.0,180.5,6.2,1081.8,57.3,2400,0.0,0.0,16130,-599,74,discharging,None,None
18:54:49.862,sequential,8.3,400.0,180.5,13.0,1081.8,60.6,2400,0.0,0.0,16135,-418,74,discharging,None,None
18:54:50.371,sequential,8.3,395.1,180.5,100.0,1081.8,62.8,2400,0.0,0.0,16098,-512,74,discharging,None,None
18:54:50.875,sequential,8.3,395.1,169.9,8.4,1081.6,58.4,2400,0.0,0.0,16114,-614,74,discharging,None,None
18:54:51.379,sequential,8.3,395.1,169.9,10.1,1081.6,57.9,1900,0.0,0.0,16132,-518,74,discharging,None,None
18:54:51.887,sequential,8.3,395.1,169.9,60.4,1081.6,62.2,2400,0.0,0.0,16137,-416,74,discharging,None,None
18:54:52.391,sequential,7.9,425.6,177.6,63.9,1086.1,59.0,2400,0.0,0.0,16090,-568,74,discharging,None,None
18:54:52.895,sequential,7.9,425.6,177.6,1.5,1086.5,57.9,2400,0.0,0.0,16126,-595,74,discharging,None,None
18:54:53.405,sequential,7.9,425.6,177.6,3.0,1087.3,57.3,2400,0.0,0.0,16135,-435,74,discharging,None,None
18:54:53.912,sequential,8.2,397.5,177.6,100.0,1087.5,62.2,2400,0.0,0.0,16103,-494,74,discharging,None,None
18:54:54.416,sequential,8.2,397.5,180.7,15.0,1087.3,58.4,2400,0.0,0.0,16098,-616,74,discharging,None,None
18:54:54.919,sequential,8.4,397.5,180.7,2.0,1086.4,57.9,2400,0.0,0.0,16133,-529,74,discharging,None,None
18:54:55.428,sequential,8.4,397.5,180.7,51.3,1086.4,62.8,2400,0.0,0.0,16135,-408,74,discharging,None,None
18:54:55.931,sequential,8.3,398.5,178.4,67.5,1085.6,60.6,2400,0.0,0.0,16087,-575,74,discharging,None,None
18:54:56.435,sequential,8.3,398.5,178.4,1.5,1085.6,59.0,2400,0.0,0.0,16125,-616,74,discharging,None,None
18:54:56.939,sequential,8.3,398.5,178.4,2.0,1085.2,57.9,1600,0.0,0.0,16135,-448,74,discharging,None,None
18:54:57.448,sequential,8.2,406.0,178.4,99.0,1085.2,62.8,2400,0.0,0.0,16122,-463,74,discharging,None,None
18:54:57.951,sequential,8.2,406.0,177.9,21.1,1084.7,58.4,2400,0.0,0.0,16087,-602,74,discharging,None,None
18:54:58.455,sequential,8.4,406.0,177.9,2.0,1084.7,57.3,2400,0.0,0.0,16132,-546,74,discharging,None,None
18:54:58.963,sequential,8.4,406.0,177.9,46.2,1084.9,62.2,2400,0.0,0.0,16134,-408,74,discharging,None,None
18:54:59.467,sequential,8.3,409.4,170.1,73.0,1084.4,59.5,2400,0.0,0.0,16088,-563,74,discharging,None,None
18:54:59.971,sequential,8.3,409.4,170.1,1.5,1084.2,59.0,2400,0.0,0.0,16122,-618,74,discharging,None,None
18:55:00.474,sequential,8.3,409.4,170.1,0.0,1084.2,56.8,2400,0.0,0.0,16135,-461,74,discharging,None,None
18:55:00.983,sequential,8.3,364.2,170.1,92.5,1083.5,62.2,2400,0.0,0.0,16124,-460,74,discharging,None,None
18:55:01.487,sequential,8.3,364.2,166.7,15.3,1083.3,58.4,2400,0.0,0.0,16087,-599,74,discharging,None,None
18:55:01.990,sequential,8.3,364.2,166.7,0.0,1083.1,57.9,2400,0.0,0.0,16133,-541,74,discharging,None,None
18:55:02.499,sequential,8.3,364.2,166.7,50.2,1083.1,61.1,2400,0.0,0.0,16137,-394,74,discharging,None,None
18:55:03.002,sequential,8.3,380.8,162.1,60.6,1082.9,59.0,2400,0.0,0.0,16091,-534,74,discharging,None,None
18:55:03.506,sequential,8.3,380.8,162.1,0.0,1083.2,57.9,2400,0.0,0.0,16125,-582,74,discharging,None,None
18:55:04.012,sequential,8.3,380.8,162.1,5.4,1083.5,59.0,2400,0.0,0.0,16135,-440,74,discharging,None,None
18:55:04.516,sequential,8.3,365.1,163.3,99.5,1083.5,62.2,2400,0.0,0.0,16110,-477,74,discharging,None,None
18:55:05.019,sequential,8.3,365.1,163.3,2.5,1083.2,58.4,2400,0.0,0.0,16101,-598,74,discharging,None,None
18:55:05.523,sequential,8.3,365.1,163.3,0.0,1083.2,57.3,2400,0.0,0.0,16133,-521,74,discharging,None,None
18:55:06.031,sequential,8.3,365.1,163.3,62.2,1083.2,62.8,2400,0.0,0.0,16136,-489,74,discharging,None,None
18:55:06.534,sequential,8.3,368.3,166.0,46.5,1082.8,59.0,2400,0.0,0.0,16107,-600,74,discharging,None,None
18:55:07.038,sequential,8.3,368.3,166.0,0.0,1082.7,57.9,2400,0.0,0.0,16134,-509,74,discharging,None,None
18:55:07.547,sequential,8.3,368.3,166.0,17.4,1082.7,58.4,1800,0.0,0.0,16136,-401,74,discharging,None,None
18:55:08.050,sequential,8.3,377.6,164.1,91.6,1082.5,60.6,2400,0.0,0.0,16088,-579,74,discharging,None,None
18:55:08.554,sequential,8.3,377.6,164.1,0.0,1082.5,57.9,2400,0.0,0.0,16130,-587,74,discharging,None,None
18:55:09.057,sequential,8.3,377.6,164.1,0.0,1082.1,57.3,2400,0.0,0.0,16136,-410,74,discharging,None,None
18:55:09.566,sequential,8.3,367.1,164.1,73.1,1082.3,61.7,2400,0.0,0.0,16096,-507,74,discharging,None,None
18:55:10.070,sequential,8.3,367.1,159.5,34.3,1082.3,58.4,2400,0.0,0.0,16122,-598,74,discharging,None,None
18:55:10.573,sequential,8.3,367.1,159.5,0.0,1082.3,57.9,2400,0.0,0.0,16135,-490,74,discharging,None,None
18:55:11.080,sequential,8.3,367.1,159.5,32.0,1082.0,60.0,2400,0.0,0.0,16136,-421,74,discharging,None,None
18:55:11.584,sequential,8.3,367.7,155.8,75.0,1082.0,59.0,2400,0.0,0.0,16087,-596,74,discharging,None,None
18:55:12.087,sequential,8.3,367.7,155.8,0.5,1082.0,57.9,2400,0.0,0.0,16133,-574,74,discharging,None,None
18:55:12.591,sequential,8.3,367.7,155.8,0.0,1082.0,57.9,1800,0.0,0.0,16136,-399,74,discharging,None,None
18:55:13.099,sequential,8.3,379.8,155.8,89.1,1089.5,61.7,2400,0.0,0.0,16098,-515,74,discharging,None,None
18:55:13.602,sequential,8.3,379.8,167.5,21.8,1090.3,58.4,2400,0.0,0.0,16124,-584,74,discharging,None,None
18:55:14.106,sequential,8.3,379.8,167.5,0.0,1089.0,56.8,2400,0.0,0.0,16136,-469,74,discharging,None,None
18:55:14.611,sequential,8.3,379.8,167.5,43.6,1089.0,62.2,2400,0.0,0.0,16134,-439,74,discharging,None,None
18:55:15.114,sequential,8.3,367.8,160.7,64.4,1088.2,59.0,2400,0.0,0.0,16087,-598,74,discharging,None,None
18:55:15.618,sequential,8.3,367.8,160.7,0.0,1088.2,57.9,2400,0.0,0.0,16132,-558,74,discharging,None,None
18:55:16.128,sequential,8.3,367.8,160.7,0.0,1087.2,56.8,2400,0.0,0.0,16136,-399,74,discharging,None,None
18:55:16.631,sequential,8.3,366.7,160.7,99.5,1087.2,63.4,2400,0.0,0.0,16089,-547,74,discharging,None,None
18:55:17.135,sequential,8.3,366.7,166.3,7.0,1086.6,58.4,2400,0.0,0.0,16122,-599,74,discharging,None,None
18:55:17.638,sequential,8.3,366.7,166.3,0.5,1086.6,56.8,2400,0.0,0.0,16135,-450,74,discharging,None,None
18:55:18.147,sequential,8.3,366.7,166.3,57.0,1086.1,62.8,2400,0.0,0.0,16127,-440,74,discharging,None,None
18:55:18.650,sequential,8.3,381.1,163.9,53.9,1086.1,57.9,2400,0.0,0.0,16088,-582,74,discharging,None,None
18:55:19.154,sequential,8.3,381.1,163.9,0.0,1085.4,57.3,2400,0.0,0.0,16133,-541,74,discharging,None,None
18:55:19.663,sequential,8.3,381.1,163.9,11.9,1085.9,59.5,2400,0.0,0.0,16137,-399,74,discharging,None,None
18:55:20.166,sequential,8.3,367.5,163.9,96.1,1085.5,61.7,2400,0.0,0.0,16089,-561,74,discharging,None,None
18:55:20.670,sequential,8.3,367.5,163.9,0.0,1085.7,57.3,2400,0.0,0.0,16126,-599,74,discharging,None,None
18:55:21.173,sequential,8.3,367.5,163.9,0.0,1085.1,57.3,2400,0.0,0.0,16137,-436,74,discharging,None,None
18:55:21.681,sequential,8.3,367.5,163.9,69.0,1085.1,62.2,2400,0.0,0.0,16107,-481,74,discharging,None,None
18:55:22.185,sequential,8.3,371.3,158.0,38.0,1084.5,59.0,2400,0.0,0.0,16104,-597,74,discharging,None,None
18:55:22.688,sequential,8.3,371.3,158.0,0.0,1084.5,57.3,2400,0.0,0.0,16133,-515,74,discharging,None,None
18:55:23.198,sequential,8.3,371.3,158.0,27.0,1084.0,59.0,2400,0.0,0.0,16136,-398,74,discharging,None,None
18:55:23.701,sequential,8.3,373.2,171.2,83.5,1091.9,60.0,2400,0.0,0.0,16088,-572,74,discharging,None,None
18:55:24.205,sequential,8.3,373.2,171.2,0.0,1091.1,57.3,2400,0.0,0.0,16127,-591,74,discharging,None,None
18:55:24.708,sequential,8.3,373.2,171.2,0.0,1091.1,56.8,2400,0.0,0.0,16135,-418,74,discharging,None,None
18:55:25.216,sequential,8.3,368.6,171.2,80.3,1091.4,62.2,2400,0.0,0.0,16098,-496,74,discharging,None,None
18:55:25.720,sequential,8.3,368.6,161.7,27.0,1092.6,57.9,2400,0.0,0.0,16115,-598,74,discharging,None,None
18:55:26.223,sequential,8.3,368.6,161.7,0.5,1092.0,57.3,2400,0.0,0.0,16134,-501,74,discharging,None,None
18:55:26.731,sequential,8.3,368.6,161.7,37.8,1093.8,61.7,2400,0.0,0.0,16135,-413,74,discharging,None,None
18:55:27.234,sequential,8.3,369.5,160.4,70.0,1093.0,59.0,2400,0.0,0.0,16088,-597,74,discharging,None,None
18:55:27.738,sequential,8.3,369.5,160.4,0.0,1093.0,57.9,2400,0.0,0.0,16132,-585,74,discharging,None,None
18:55:28.242,sequential,8.3,369.5,160.4,0.0,1091.0,57.3,1800,0.0,0.0,16136,-399,74,discharging,None,None
18:55:28.748,sequential,8.3,378.0,160.4,94.6,1091.0,62.8,2400,0.0,0.0,16098,-499,74,discharging,None,None
18:55:29.251,sequential,8.3,378.0,169.2,15.6,1090.0,58.4,2400,0.0,0.0,16123,-581,74,discharging,None,None
18:55:29.755,sequential,8.3,378.0,169.2,0.0,1090.0,57.9,2400,0.0,0.0,16134,-480,74,discharging,None,None
18:55:30.263,sequential,8.3,378.0,169.2,48.5,1089.2,62.8,2400,0.0,0.0,16135,-427,74,discharging,None,None
18:55:30.766,sequential,8.3,367.3,165.3,60.1,1088.8,57.9,2400,0.0,0.0,16088,-598,74,discharging,None,None
18:55:31.270,sequential,8.3,367.3,165.3,0.0,1088.2,57.3,2400,0.0,0.0,16131,-571,74,discharging,None,None
18:55:31.780,sequential,8.3,367.3,165.3,4.5,1088.2,58.4,2400,0.0,0.0,16135,-399,74,discharging,None,None
18:55:32.284,sequential,8.3,365.1,166.1,99.5,1087.8,61.7,2400,0.0,0.0,16091,-535,74,discharging,None,None
18:55:32.787,sequential,8.3,365.1,166.1,2.5,1087.2,57.9,2400,0.0,0.0,16122,-598,74,discharging,None,None
18:55:33.291,sequential,8.3,365.1,166.1,0.0,1086.9,57.9,2400,0.0,0.0,16134,-460,74,discharging,None,None
18:55:33.799,sequential,8.3,365.1,166.1,62.2,1087.4,61.7,2400,0.0,0.0,16133,-427,74,discharging,None,None
18:55:34.302,sequential,8.3,386.1,158.8,48.0,1086.4,58.4,2400,0.0,0.0,16087,-583,74,discharging,None,None
18:55:34.806,sequential,8.3,386.1,158.8,0.0,1086.4,58.4,2400,0.0,0.0,16132,-555,74,discharging,None,None
18:55:35.315,sequential,8.3,386.1,158.8,16.8,1086.1,60.0,2400,0.0,0.0,16136,-398,74,discharging,None,None
18:55:35.818,sequential,8.3,368.8,162.6,91.1,1085.9,60.6,2400,0.0,0.0,16088,-549,74,discharging,None,None
18:55:36.322,sequential,8.3,368.8,162.6,0.0,1085.7,57.3,2400,0.0,0.0,16123,-599,74,discharging,None,None
18:55:36.825,sequential,8.3,368.8,162.6,0.0,1085.3,56.8,2400,0.0,0.0,16133,-448,74,discharging,None,None
18:55:37.339,sequential,8.3,363.2,162.6,73.8,1085.3,61.7,2400,0.0,0.0,16115,-466,74,discharging,None,None
18:55:37.842,sequential,8.3,363.2,166.8,33.5,1084.9,59.0,2400,0.0,0.0,16094,-598,74,discharging,None,None
18:55:38.346,sequential,8.3,363.2,166.8,0.0,1084.9,57.9,2400,0.0,0.0,16132,-530,74,discharging,None,None
18:55:38.855,sequential,8.3,363.2,166.8,32.0,1084.9,59.5,2400,0.0,0.0,16136,-398,74,discharging,None,None
18:55:39.359,sequential,8.3,374.2,161.2,76.5,1085.5,60.0,2400,0.0,0.0,16089,-561,74,discharging,None,None
18:55:39.862,sequential,8.3,374.2,161.2,0.0,1085.1,57.3,2400,0.0,0.0,16127,-591,74,discharging,None,None
18:55:40.366,sequential,8.3,374.2,161.2,0.0,1085.1,56.8,2400,0.0,0.0,16136,-428,74,discharging,None,None
18:55:40.875,sequential,8.3,366.2,161.2,88.1,1085.1,63.4,2400,0.0,0.0,16103,-488,74,discharging,None,None
18:55:41.378,sequential,8.3,366.2,167.9,20.2,1084.7,58.4,2400,0.0,0.0,16112,-599,74,discharging,None,None
18:55:41.882,sequential,8.3,366.2,167.9,0.0,1084.5,57.3,2400,0.0,0.0,16133,-509,74,discharging,None,None
18:55:42.391,sequential,8.3,366.2,167.9,45.0,1084.5,62.2,2400,0.0,0.0,16137,-403,74,discharging,None,None
18:55:42.895,sequential,8.3,367.5,160.2,62.3,1084.4,58.4,2400,0.0,0.0,16085,-591,74,discharging,None,None
18:55:43.398,sequential,8.3,367.5,160.2,0.0,1084.4,57.3,2400,0.0,0.0,16130,-594,74,discharging,None,None
18:55:43.911,sequential,8.3,367.5,160.2,2.5,1085.0,57.3,1500,0.0,0.0,16134,-406,74,discharging,None,None
18:55:44.416,sequential,8.3,382.4,160.2,100.0,1085.0,61.7,2400,0.0,0.0,16102,-485,74,discharging,None,None
18:55:44.920,sequential,8.3,382.4,158.4,5.9,1084.7,57.9,2400,0.0,0.0,16121,-579,74,discharging,None,None
18:55:45.423,sequential,8.3,382.4,158.4,2.5,1084.7,57.3,2400,0.0,0.0,16132,-495,74,discharging,None,None
18:55:45.931,sequential,14.6,382.4,158.4,60.2,1084.7,61.1,2400,0.0,0.0,16134,-427,74,discharging,None,None
18:55:46.435,sequential,14.6,401.7,178.5,59.1,1084.2,59.0,2400,0.0,0.0,16087,-609,74,discharging,None,None
18:55:46.938,sequential,8.3,401.7,178.5,3.0,1084.0,57.9,2400,0.0,0.0,16128,-596,74,discharging,None,None
18:55:47.448,sequential,8.3,401.7,178.5,8.0,1084.0,60.0,2400,0.0,0.0,16133,-414,74,discharging,None,None
18:55:47.952,sequential,8.3,408.1,178.5,100.0,1084.0,62.2,2400,0.0,0.0,16096,-511,74,discharging,None,None
18:55:48.456,sequential,8.3,408.1,174.3,21.5,1083.5,58.4,2400,0.0,0.0,16106,-628,74,discharging,None,None
18:55:48.959,sequential,8.3,408.1,174.3,2.5,1083.0,57.3,2400,0.0,0.0,16131,-524,74,discharging,None,None
18:55:49.467,sequential,7.8,408.1,174.3,55.4,1083.0,61.7,2400,0.0,0.0,16136,-405,74,discharging,None,None
18:55:49.970,sequential,7.8,400.3,180.6,64.9,1083.0,60.0,2400,0.0,0.0,16084,-583,74,discharging,None,None
18:55:50.474,sequential,8.4,400.3,180.6,3.0,1083.0,57.9,2400,0.0,0.0,16125,-608,74,discharging,None,None
18:55:50.980,sequential,8.4,400.3,180.6,3.0,1082.8,56.8,2400,0.0,0.0,16132,-431,74,discharging,None,None
18:55:51.488,sequential,8.4,399.6,180.6,100.0,1082.8,62.8,2400,0.0,0.0,16098,-498,74,discharging,None,None
18:55:51.992,sequential,8.3,399.6,169.8,16.0,1082.3,57.9,2400,0.0,0.0,16097,-614,74,discharging,None,None
18:55:52.495,sequential,8.3,399.6,169.8,2.5,1082.3,57.9,2400,0.0,0.0,16131,-524,74,discharging,None,None
18:55:53.003,sequential,8.3,399.6,169.8,52.0,1082.3,61.1,2400,0.0,0.0,16132,-407,74,discharging,None,None
18:55:53.506,sequential,8.3,401.5,174.0,67.5,1082.3,59.0,2400,0.0,0.0,16083,-583,74,discharging,None,None
18:55:54.010,sequential,8.3,401.5,174.0,2.0,1084.0,57.9,2400,0.0,0.0,16124,-616,74,discharging,None,None
18:55:54.514,sequential,8.4,401.5,174.0,3.0,1084.0,56.8,1600,0.0,0.0,16134,-440,74,discharging,None,None
18:55:55.023,sequential,8.4,422.1,174.0,98.5,1091.4,61.1,2400,0.0,0.0,16119,-461,74,discharging,None,None
18:55:55.526,sequential,8.3,422.1,181.8,26.6,1091.7,59.0,2400,0.0,0.0,16087,-596,74,discharging,None,None
18:55:56.030,sequential,8.3,422.1,181.8,2.5,1091.4,59.0,2400,0.0,0.0,16129,-544,74,discharging,None,None
18:55:56.539,sequential,8.3,422.1,181.8,42.5,1091.4,61.7,2400,0.0,0.0,16133,-408,74,discharging,None,None
18:55:57.042,sequential,8.3,399.1,180.1,76.4,1090.2,59.0,2400,0.0,0.0,16087,-563,74,discharging,None,None
18:55:57.546,sequential,8.3,399.1,180.1,2.5,1090.2,57.9,2400,0.0,0.0,16120,-617,74,discharging,None,None
18:55:58.049,sequential,8.4,399.1,180.1,4.4,1088.8,58.4,2400,0.0,0.0,16130,-407,74,discharging,None,None
18:55:58.557,sequential,8.4,396.3,180.1,88.8,1088.8,61.7,2400,0.0,0.0,16089,-557,74,discharging,None,None
18:55:59.061,sequential,8.3,396.3,182.7,29.9,1087.9,58.4,2400,0.0,0.0,16120,-617,74,discharging,None,None
18:55:59.564,sequential,8.3,396.3,182.7,1.5,1088.3,57.9,2400,0.0,0.0,16131,-467,74,discharging,None,None
18:56:00.072,sequential,8.3,396.3,182.7,38.6,1087.8,60.6,2400,0.0,0.0,16130,-433,74,discharging,None,None
18:56:00.585,sequential,8.3,589.5,182.7,99.0,1087.8,61.7,2400,0.0,0.0,16086,-596,74,discharging,None,None
18:56:01.088,sequential,8.3,589.5,166.5,16.4,1087.4,58.4,2400,0.0,0.0,16119,-612,74,discharging,None,None
18:56:01.592,sequential,7.0,589.5,166.5,1.5,1087.4,56.8,2400,0.0,0.0,16132,-449,74,discharging,None,None
18:56:02.100,sequential,7.0,589.5,166.5,52.0,1086.4,61.7,2400,0.0,0.0,16113,-477,74,discharging,None,None
18:56:02.604,sequential,7.0,401.2,180.8,68.0,1086.4,59.0,2400,0.0,0.0,16083,-616,74,discharging,None,None
18:56:03.107,sequential,8.3,401.2,180.8,2.5,1085.8,57.9,2400,0.0,0.0,16129,-547,74,discharging,None,None
18:56:03.611,sequential,8.3,401.2,180.8,1.5,1085.5,57.9,2400,0.0,0.0,16132,-407,74,discharging,None,None
18:56:04.119,sequential,8.3,397.2,180.8,97.0,1085.2,62.8,2400,0.0,0.0,16088,-560,74,discharging,None,None
18:56:04.622,sequential,8.3,397.2,187.5,23.0,1085.2,58.4,2400,0.0,0.0,16119,-618,74,discharging,None,None
18:56:05.126,sequential,8.4,397.2,187.5,2.5,1084.9,57.9,1500,0.0,0.0,16131,-463,74,discharging,None,None
18:56:05.635,sequential,8.4,397.2,187.5,45.5,1084.9,61.1,2400,0.0,0.0,16132,-426,74,discharging,None,None
18:56:06.138,sequential,8.4,409.3,182.3,76.4,1084.1,60.0,2400,0.0,0.0,16085,-587,74,discharging,None,None
18:56:06.642,sequential,8.3,409.3,182.3,1.5,1084.1,58.4,2400,0.0,0.0,16128,-569,74,discharging,None,None
18:56:07.145,sequential,8.3,409.3,182.3,1.5,1085.5,57.3,2400,0.0,0.0,16132,-410,74,discharging,None,None
18:56:07.653,sequential,8.3,400.7,182.3,89.2,1085.5,62.2,2400,0.0,0.0,16087,-554,74,discharging,None,None
18:56:08.157,sequential,8.3,400.7,183.8,30.5,1085.8,59.0,2400,0.0,0.0,16117,-632,74,discharging,None,None
18:56:08.661,sequential,8.3,400.7,183.8,1.5,1085.8,57.3,2400,0.0,0.0,16128,-495,74,discharging,None,None
18:56:09.168,sequential,8.4,400.7,183.8,37.4,1085.6,61.1,2400,0.0,0.0,16130,-457,74,discharging,None,None
18:56:09.672,sequential,8.4,407.6,173.6,83.0,1088.2,60.0,2400,0.0,0.0,16087,-631,74,discharging,None,None
18:56:10.176,sequential,8.3,407.6,173.6,2.0,1087.2,57.3,2400,0.0,0.0,16129,-590,74,discharging,None,None
18:56:10.679,sequential,8.3,407.6,173.6,2.0,1087.2,57.3,1800,0.0,0.0,16131,-406,74,discharging,None,None
18:56:11.187,sequential,8.3,420.3,173.6,82.3,1087.2,61.7,2400,0.0,0.0,16095,-500,74,discharging,None,None
18:56:11.690,sequential,8.3,420.3,176.3,39.7,1086.8,59.0,2400,0.0,0.0,16114,-597,74,discharging,None,None
18:56:12.194,sequential,8.3,420.3,176.3,1.5,1085.9,57.9,2400,0.0,0.0,16131,-504,74,discharging,None,None
18:56:12.699,sequential,8.4,420.3,176.3,36.8,1085.9,61.7,2400,0.0,0.0,16126,-432,74,discharging,None,None
18:56:13.202,sequential,8.4,396.2,184.8,92.1,1085.2,60.6,2400,0.0,0.0,16083,-614,74,discharging,None,None
18:56:13.706,sequential,7.9,396.2,184.8,1.5,1085.2,58.4,2400,0.0,0.0,16109,-606,74,discharging,None,None
18:56:14.209,sequential,7.9,396.2,184.8,2.0,1084.9,57.3,2400,0.0,0.0,16130,-512,74,discharging,None,None
18:56:14.716,sequential,7.9,396.2,184.8,73.3,1084.9,62.8,2400,0.0,0.0,16132,-415,74,discharging,None,None
18:56:15.219,sequential,8.3,399.0,179.9,45.0,1084.2,58.4,2400,0.0,0.0,16083,-594,74,discharging,None,None
18:56:15.723,sequential,8.3,399.0,179.9,1.5,1084.2,58.4,2400,0.0,0.0,16123,-608,74,discharging,None,None
18:56:16.231,sequential,8.3,399.0,179.9,20.7,1111.9,59.5,2400,0.0,0.0,16130,-428,74,discharging,None,None
18:56:16.735,sequential,8.3,414.6,174.1,99.0,1111.9,62.8,2400,0.0,0.0,16107,-473,74,discharging,None,None
18:56:17.238,sequential,8.3,414.6,174.1,2.5,1111.4,58.4,2400,0.0,0.0,16092,-598,74,discharging,None,None
18:56:17.742,sequential,8.3,414.6,174.1,1.5,1111.4,57.3,2400,0.0,0.0,16129,-532,74,discharging,None,None
18:56:18.248,sequential,8.3,414.6,174.1,66.0,1108.1,62.8,2400,0.0,0.0,16131,-406,74,discharging,None,None
18:56:18.751,sequential,8.3,405.2,175.3,53.7,1108.1,59.0,2400,0.0,0.0,16084,-575,74,discharging,None,None
18:56:19.255,sequential,8.3,405.2,175.3,2.0,1102.5,57.3,2400,0.0,0.0,16120,-537,74,discharging,None,None
18:56:19.763,sequential,8.3,405.2,175.3,13.0,1102.5,60.0,2400,0.0,0.0,16132,-407,74,discharging,None,None
18:56:20.268,sequential,8.3,412.1,175.3,100.0,1100.7,63.4,2400,0.0,0.0,16084,-567,74,discharging,None,None
18:56:20.771,sequential,8.3,412.1,177.6,9.0,1098.8,58.4,2400,0.0,0.0,16118,-619,74,discharging,None,None
18:56:21.275,sequential,8.3,412.1,177.6,1.5,1098.1,57.3,1900,0.0,0.0,16129,-459,74,discharging,None,None
18:56:21.783,sequential,8.3,412.1,177.6,59.1,1097.1,60.6,2400,0.0,0.0,16127,-436,74,discharging,None,None
18:56:22.286,sequential,8.3,425.9,173.0,64.9,1096.7,59.0,2400,0.0,0.0,16083,-593,74,discharging,None,None
18:56:22.790,sequential,8.3,425.9,173.0,1.5,1096.7,58.4,2400,0.0,0.0,16128,-564,74,discharging,None,None
18:56:23.297,sequential,8.4,425.9,173.0,3.5,1097.0,57.3,2400,0.0,0.0,16131,-407,74,discharging,None,None
18:56:23.805,sequential,8.4,402.4,173.0,99.5,1097.5,62.8,2400,0.0,0.0,16088,-548,74,discharging,None,None
18:56:24.309,sequential,8.4,402.4,173.1,17.7,1096.0,59.0,2400,0.0,0.0,16118,-616,74,discharging,None,None
18:56:24.812,sequential,8.3,402.4,173.1,10.5,1096.0,57.9,2400,0.0,0.0,16123,-485,74,discharging,None,None
18:56:25.325,sequential,8.3,402.4,173.1,51.5,1095.0,61.7,2400,0.0,0.0,16130,-457,74,discharging,None,None
18:56:25.829,sequential,7.9,407.1,174.6,68.3,1101.0,60.0,2400,0.0,0.0,16085,-617,74,discharging,None,None
18:56:26.332,sequential,7.9,407.1,174.6,2.0,1101.0,58.4,2400,0.0,0.0,16127,-578,74,discharging,None,None
18:56:26.836,sequential,7.9,407.1,174.6,2.0,1097.6,57.9,1500,0.0,0.0,16131,-406,74,discharging,None,None
18:56:27.343,sequential,8.2,443.9,174.6,97.5,1097.8,61.1,2400,0.0,0.0,16107,-486,74,discharging,None,None
18:56:27.847,sequential,8.2,443.9,178.7,30.7,1096.2,58.4,2400,0.0,0.0,16111,-587,74,discharging,None,None
18:56:28.350,sequential,8.4,443.9,178.7,2.5,1096.2,57.3,2400,0.0,0.0,16129,-506,74,discharging,None,None
18:56:28.859,sequential,8.4,443.9,178.7,38.1,1095.8,61.7,2400,0.0,0.0,16130,-419,74,discharging,None,None
18:56:29.362,sequential,8.3,404.7,172.0,80.9,1094.8,59.5,2400,0.0,0.0,16080,-598,74,discharging,None,None
18:56:29.866,sequential,8.3,404.7,172.0,2.0,1094.3,59.0,2400,0.0,0.0,16124,-604,74,discharging,None,None
18:56:30.369,sequential,8.3,404.7,172.0,2.0,1094.8,58.4,2400,0.0,0.0,16130,-423,74,discharging,None,None
18:56:30.880,sequential,8.2,407.6,172.0,84.8,1094.2,62.2,2400,0.0,0.0,16096,-503,74,discharging,None,None
18:56:31.383,sequential,8.2,407.6,172.3,33.8,1102.0,59.0,2400,0.0,0.0,16099,-617,74,discharging,None,None
18:56:31.887,sequential,8.4,407.6,172.3,2.5,1105.0,57.9,2400,0.0,0.0,16130,-520,74,discharging,None,None
18:56:32.393,sequential,8.4,407.6,172.3,34.0,1104.5,60.0,2400,0.0,0.0,16135,-400,74,discharging,None,None
18:56:32.896,sequential,8.3,431.8,173.2,91.1,1106.4,60.0,2400,0.0,0.0,16085,-557,74,discharging,None,None
18:56:33.400,sequential,8.3,431.8,173.2,2.5,1106.4,57.9,2400,0.0,0.0,16121,-605,74,discharging,None,None
18:56:33.904,sequential,8.3,431.8,173.2,2.5,1104.2,57.3,2400,0.0,0.0,16131,-448,74,discharging,None,None
18:56:34.412,sequential,8.2,431.8,173.2,75.1,1104.2,61.7,2400,0.0,0.0,16111,-479,74,discharging,None,None
18:56:34.915,sequential,8.2,401.3,179.8,44.8,1101.6,58.4,2400,0.0,0.0,16081,-616,74,discharging,None,None
18:56:35.419,sequential,8.4,401.3,179.8,3.0,1101.6,57.9,2400,0.0,0.0,16127,-544,74,discharging,None,None
18:56:35.927,sequential,8.4,401.3,179.8,23.6,1101.0,60.6,2400,0.0,0.0,16129,-407,74,discharging,None,None
18:56:36.431,sequential,8.4,395.5,179.8,95.1,1099.2,60.6,2400,0.0,0.0,16085,-564,74,discharging,None,None
18:56:36.934,sequential,8.3,395.5,179.8,10.9,1097.9,58.4,2400,0.0,0.0,16110,-627,74,discharging,None,None
18:56:37.438,sequential,8.3,395.5,179.8,2.5,1097.5,57.9,1800,0.0,0.0,16128,-470,74,discharging,None,None
18:56:37.943,sequential,7.8,395.5,179.8,70.5,1097.1,63.4,2400,0.0,0.0,16127,-439,74,discharging,None,None
18:56:38.447,sequential,7.8,427.4,166.5,51.7,1096.3,58.4,2400,0.0,0.0,16081,-595,74,discharging,None,None
18:56:38.951,sequential,8.4,427.4,166.5,3.0,1093.6,57.9,2400,0.0,0.0,16127,-564,74,discharging,None,None
18:56:39.459,sequential,8.4,427.4,166.5,16.3,1100.2,59.0,2400,0.0,0.0,16130,-407,74,discharging,None,None
18:56:39.963,sequential,8.4,395.3,185.7,99.5,1100.2,62.8,2400,0.0,0.0,16087,-548,74,discharging,None,None
18:56:40.466,sequential,8.3,395.3,185.7,7.4,1100.3,57.9,2400,0.0,0.0,16118,-617,74,discharging,None,None
18:56:40.970,sequential,8.3,395.3,185.7,2.0,1099.0,57.3,2400,0.0,0.0,16130,-476,74,discharging,None,None
18:56:41.479,sequential,8.3,395.3,185.7,61.7,1099.0,62.8,2400,0.0,0.0,16130,-444,74,discharging,None,None
18:56:41.982,sequential,8.3,394.7,179.8,57.1,1096.0,59.5,2400,0.0,0.0,16084,-613,74,discharging,None,None
18:56:42.486,sequential,8.3,394.7,179.8,2.5,1096.7,59.0,2400,0.0,0.0,16126,-577,74,discharging,None,None
18:56:42.995,sequential,8.4,394.7,179.8,11.9,1095.3,57.3,1600,0.0,0.0,16129,-407,74,discharging,None,None
18:56:43.499,sequential,8.4,408.1,179.8,99.5,1095.3,62.8,2400,0.0,0.0,16090,-515,74,discharging,None,None
18:56:44.002,sequential,8.3,408.1,179.9,10.9,1094.6,57.9,2400,0.0,0.0,16118,-598,74,discharging,None,None
18:56:44.506,sequential,8.3,408.1,179.9,2.5,1094.6,57.3,2400,0.0,0.0,16130,-489,74,discharging,None,None
18:56:45.015,sequential,8.3,408.1,179.9,56.2,1094.2,61.7,2400,0.0,0.0,16131,-430,74,discharging,None,None
18:56:45.519,sequential,8.3,403.5,176.1,63.4,1093.6,59.0,2400,0.0,0.0,16085,-612,74,discharging,None,None
18:56:46.022,sequential,8.3,403.5,176.1,2.5,1091.6,57.3,2400,0.0,0.0,16127,-595,74,discharging,None,None
18:56:46.532,sequential,8.4,403.5,176.1,5.0,1091.6,57.9,2400,0.0,0.0,16130,-413,74,discharging,None,None
18:56:47.040,sequential,8.4,403.2,176.1,100.0,1091.0,62.2,2400,0.0,0.0,16093,-516,74,discharging,None,None
18:56:47.543,sequential,8.3,403.2,179.9,15.5,1090.2,58.4,2400,0.0,0.0,16108,-615,74,discharging,None,None
18:56:48.047,sequential,8.3,403.2,179.9,2.0,1089.7,58.4,1800,0.0,0.0,16128,-507,74,discharging,None,None
18:56:48.554,sequential,8.3,403.2,179.9,51.7,1089.7,61.7,2400,0.0,0.0,16133,-402,74,discharging,None,None
18:56:49.059,sequential,8.3,610.8,179.9,91.7,1088.7,62.2,2400,0.0,0.0,16091,-542,74,discharging,None,None
18:56:49.562,sequential,8.3,610.8,180.4,10.9,1088.7,58.4,2400,0.0,0.0,16119,-620,74,discharging,None,None
18:56:50.066,sequential,7.3,610.8,180.4,3.0,1087.7,57.3,2400,0.0,0.0,16129,-480,74,discharging,None,None
18:56:50.575,sequential,7.3,610.8,180.4,56.7,1087.7,61.1,2400,0.0,0.0,16129,-424,74,discharging,None,None
18:56:51.079,sequential,7.3,411.6,172.3,63.5,1087.5,59.0,2400,0.0,0.0,16082,-605,74,discharging,None,None
18:56:51.582,sequential,8.3,411.6,172.3,2.5,1087.5,57.3,2400,0.0,0.0,16123,-602,74,discharging,None,None
18:56:52.091,sequential,8.3,411.6,172.3,5.0,1086.8,57.9,2400,0.0,0.0,16129,-420,74,discharging,None,None
18:56:52.601,sequential,8.3,406.8,172.3,100.0,1086.8,62.8,2400,0.0,0.0,16094,-507,74,discharging,None,None
18:56:53.105,sequential,8.3,406.8,173.5,17.1,1086.2,59.0,2400,0.0,0.0,16099,-618,74,discharging,None,None
18:56:53.609,sequential,8.4,406.8,173.5,2.5,1086.2,56.8,1600,0.0,0.0,16128,-519,74,discharging,None,None
18:56:54.117,sequential,8.4,406.8,173.5,53.7,1086.4,61.7,2400,0.0,0.0,16135,-391,74,discharging,None,None
18:56:54.620,sequential,8.4,418.2,168.8,67.7,1086.4,59.0,2400,0.0,0.0,16085,-554,74,discharging,None,None
18:56:55.124,sequential,8.3,418.2,168.8,3.0,1086.6,57.3,2400,0.0,0.0,16120,-603,74,discharging,None,None
18:56:55.627,sequential,8.3,418.2,168.8,2.5,1086.6,56.8,2400,0.0,0.0,16130,-438,74,discharging,None,None
18:56:56.136,sequential,8.3,395.0,168.8,97.5,1087.0,61.1,2400,0.0,0.0,16098,-490,74,discharging,None,None
18:56:56.640,sequential,8.3,395.0,187.5,21.8,1086.6,59.0,2400,0.0,0.0,16089,-618,74,discharging,None,None
18:56:57.143,sequential,8.3,395.0,187.5,3.0,1086.4,57.3,2400,0.0,0.0,16127,-534,74,discharging,None,None
18:56:57.651,sequential,8.4,395.0,187.5,45.8,1086.4,61.7,2400,0.0,0.0,16128,-407,74,discharging,None,None
18:56:58.155,sequential,8.4,395.6,188.9,74.5,1086.4,59.5,2400,0.0,0.0,16081,-571,74,discharging,None,None
18:56:58.658,sequential,8.3,395.6,188.9,3.0,1086.4,57.9,2400,0.0,0.0,16115,-618,74,discharging,None,None
18:56:59.162,sequential,8.3,395.6,188.9,2.5,1085.7,57.3,1800,0.0,0.0,16128,-455,74,discharging,None,None
18:56:59.671,sequential,8.3,401.6,188.9,91.5,1085.7,62.2,2400,0.0,0.0,16121,-457,74,discharging,None,None
18:57:00.174,sequential,8.3,401.6,176.0,29.6,1085.7,57.9,2400,0.0,0.0,16080,-601,74,discharging,None,None
18:57:00.678,sequential,8.3,401.6,176.0,2.5,1085.9,57.3,2400,0.0,0.0,16126,-553,74,discharging,None,None
18:57:01.183,sequential,8.4,401.6,176.0,49.0,1085.5,61.7,2400,0.0,0.0,16128,-417,74,discharging,None,None
18:57:01.687,sequential,8.4,399.6,186.8,80.5,1085.7,59.5,2400,0.0,0.0,16084,-569,74,discharging,None,None
18:57:02.191,sequential,7.9,399.6,186.8,3.0,1085.5,58.4,2400,0.0,0.0,16116,-622,74,discharging,None,None
18:57:02.694,sequential,7.9,399.6,186.8,3.0,1085.5,57.3,2400,0.0,0.0,16128,-470,74,discharging,None,None
18:57:03.207,sequential,7.9,400.9,186.8,84.8,1085.5,61.7,2400,0.0,0.0,16122,-455,74,discharging,None,None
18:57:03.710,sequential,8.3,400.9,185.2,35.3,1085.7,58.4,2400,0.0,0.0,16083,-618,74,discharging,None,None
18:57:04.214,sequential,8.3,400.9,185.2,2.5,1085.3,57.9,2400,0.0,0.0,16123,-572,74,discharging,None,None
18:57:04.723,sequential,8.3,400.9,185.2,33.7,1085.3,60.0,2400,0.0,0.0,16129,-404,74,discharging,None,None
18:57:05.226,sequential,8.3,414.2,186.0,90.1,1085.1,60.6,2400,0.0,0.0,16089,-514,74,discharging,None,None
18:57:05.730,sequential,8.3,414.2,186.0,2.5,1085.1,58.4,2400,0.0,0.0,16117,-600,74,discharging,None,None
18:57:06.233,sequential,8.3,414.2,186.0,3.0,1084.8,57.9,2400,0.0,0.0,16128,-489,74,discharging,None,None
18:57:06.741,sequential,8.3,414.2,186.0,75.2,1084.8,62.8,2400,0.0,0.0,16129,-431,74,discharging,None,None
18:57:07.244,sequential,8.3,394.6,173.6,43.1,1084.8,59.0,2400,0.0,0.0,16082,-614,74,discharging,None,None
18:57:07.748,sequential,8.3,394.6,173.6,5.3,1084.8,57.3,2400,0.0,0.0,16126,-592,74,discharging,None,None
18:57:08.257,sequential,8.3,394.6,173.6,29.4,1084.8,61.1,2400,0.0,0.0,16129,-409,74,discharging,None,None
18:57:08.760,sequential,8.3,408.5,174.3,94.0,1084.8,61.1,2400,0.0,0.0,16090,-521,74,discharging,None,None
18:57:09.264,sequential,8.3,408.5,174.3,1.5,1084.6,58.4,2400,0.0,0.0,16109,-619,74,discharging,None,None
18:57:09.767,sequential,8.3,408.5,174.3,3.0,1084.6,57.3,1800,0.0,0.0,16126,-505,74,discharging,None,None
18:57:10.275,sequential,8.3,408.5,174.3,71.5,1084.6,62.8,2400,0.0,0.0,16132,-406,74,discharging,None,None
18:57:10.778,sequential,8.3,425.1,174.1,51.5,1084.6,59.0,2400,0.0,0.0,16081,-576,74,discharging,None,None
18:57:11.282,sequential,8.3,425.1,174.1,2.5,1084.6,57.9,2400,0.0,0.0,16121,-601,74,discharging,None,None
18:57:11.791,sequential,8.3,425.1,174.1,15.5,1085.0,59.5,2400,0.0,0.0,16128,-430,74,discharging,None,None
18:57:12.295,sequential,8.3,405.3,165.2,99.5,1085.1,62.8,2400,0.0,0.0,16092,-589,74,discharging,None,None
18:57:12.798,sequential,8.3,405.3,165.2,3.5,1085.1,57.3,2400,0.0,0.0,16120,-614,74,discharging,None,None
18:57:13.302,sequential,8.3,405.3,165.2,10.5,1085.1,57.9,2400,0.0,0.0,16127,-444,74,discharging,None,None
18:57:13.811,sequential,8.3,405.3,165.2,64.5,1085.5,62.8,2400,0.0,0.0,16094,-505,74,discharging,None,None
18:57:14.314,sequential,7.9,406.0,169.7,54.0,1085.3,59.5,2400,0.0,0.0,16091,-616,74,discharging,None,None
18:57:14.818,sequential,7.9,406.0,169.7,2.0,1085.3,57.9,2400,0.0,0.0,16126,-528,74,discharging,None,None
18:57:15.331,sequential,8.2,406.0,169.7,13.5,1085.3,59.0,1600,0.0,0.0,16131,-400,74,discharging,None,None
18:57:15.835,sequential,8.2,425.9,169.7,100.0,1085.3,62.8,2400,0.0,0.0,16083,-550,74,discharging,None,None
18:57:16.338,sequential,8.2,425.9,179.2,11.9,1085.0,58.4,2400,0.0,0.0,16115,-606,74,discharging,None,None
18:57:16.842,sequential,8.5,425.9,179.2,1.5,1084.8,57.9,2400,0.0,0.0,16128,-456,74,discharging,None,None
18:57:17.351,sequential,8.5,425.9,179.2,56.2,1085.3,61.7,2400,0.0,0.0,16112,-470,74,discharging,None,None
18:57:17.855,sequential,8.3,411.9,170.5,63.4,1085.3,59.0,2400,0.0,0.0,16079,-616,74,discharging,None,None
18:57:18.358,sequential,8.3,411.9,170.5,2.0,1085.3,57.9,2400,0.0,0.0,16125,-554,74,discharging,None,None
18:57:18.871,sequential,8.3,411.9,170.5,4.0,1085.1,57.9,2400,0.0,0.0,16128,-407,74,discharging,None,None
18:57:19.375,sequential,8.3,400.8,170.5,100.0,1085.1,62.8,2400,0.0,0.0,16086,-556,74,discharging,None,None
18:57:19.879,sequential,8.3,400.8,182.8,16.9,1084.8,58.4,2400,0.0,0.0,16116,-617,74,discharging,None,None
18:57:20.383,sequential,8.4,400.8,182.8,1.5,1084.8,59.0,2400,0.0,0.0,16128,-469,74,discharging,None,None
18:57:20.891,sequential,8.4,400.8,182.8,51.5,1084.8,61.7,2400,0.0,0.0,16127,-426,74,discharging,None,None
18:57:21.394,sequential,8.3,416.6,181.8,71.4,1084.8,59.0,2400,0.0,0.0,16082,-594,74,discharging,None,None
18:57:21.898,sequential,8.3,416.6,181.8,1.5,1084.8,57.3,2400,0.0,0.0,16125,-577,74,discharging,None,None
18:57:22.402,sequential,8.3,416.6,181.8,2.0,1084.8,57.9,2400,0.0,0.0,16128,-408,74,discharging,None,None
18:57:22.908,sequential,8.2,397.6,181.8,94.1,1085.3,61.7,2400,0.0,0.0,16086,-536,74,discharging,None,None
18:57:23.412,sequential,8.2,397.6,178.1,24.1,1085.1,58.4,2400,0.0,0.0,16117,-616,74,discharging,None,None
18:57:23.915,sequential,8.4,397.6,178.1,2.0,1085.1,57.9,2400,0.0,0.0,16126,-486,74,discharging,None,None
18:57:24.423,sequential,8.4,397.6,178.1,43.0,1085.1,61.7,2400,0.0,0.0,16128,-435,74,discharging,None,None
18:57:25.086,sequential,8.3,401.1,184.1,65.2,1084.8,59.5,2400,0.0,0.0,16114,-627,74,discharging,None,None
18:57:25.590,sequential,8.3,401.1,184.1,2.0,1084.8,58.4,2400,0.0,0.0,16125,-506,74,discharging,None,None
18:57:26.099,sequential,8.3,401.1,184.1,21.0,1084.8,59.0,1800,0.0,0.0,16131,-412,74,discharging,None,None
18:57:26.606,sequential,7.9,426.8,169.6,99.5,1084.8,62.2,2400,0.0,0.0,16081,-583,74,discharging,None,None
18:57:27.110,sequential,7.9,426.8,169.6,3.0,1085.5,58.4,2400,0.0,0.0,16122,-596,74,discharging,None,None
18:57:27.613,sequential,8.4,426.8,169.6,2.0,1085.5,57.9,2400,0.0,0.0,16128,-422,74,discharging,None,None
18:57:28.120,sequential,8.4,426.8,169.6,65.5,1085.5,62.2,2400,0.0,0.0,16092,-505,74,discharging,None,None
18:57:28.623,sequential,8.3,402.4,171.9,52.7,1085.3,59.5,2400,0.0,0.0,16098,-617,74,discharging,None,None
18:57:29.127,sequential,8.3,402.4,171.9,1.5,1084.6,58.4,2400,0.0,0.0,16127,-519,74,discharging,None,None
18:57:29.632,sequential,8.3,402.4,171.9,14.1,1084.6,59.5,2400,0.0,0.0,16128,-411,74,discharging,None,None
18:57:30.136,sequential,8.3,403.4,171.9,100.0,1084.6,63.4,2400,0.0,0.0,16079,-588,74,discharging,None,None
18:57:30.640,sequential,8.3,403.4,176.5,7.0,1084.6,58.4,2400,0.0,0.0,16118,-613,74,discharging,None,None
18:57:31.143,sequential,8.4,403.4,176.5,1.5,1084.6,57.9,2400,0.0,0.0,16124,-436,74,discharging,None,None
18:57:31.651,sequential,8.4,403.4,176.5,60.5,1084.6,62.2,2400,0.0,0.0,15873,-479,74,discharging,None,None
18:57:32.155,sequential,8.4,402.7,173.3,58.4,1084.6,59.5,2400,0.0,0.0,16081,-602,74,discharging,None,None
18:57:32.658,sequential,8.3,402.7,173.3,2.0,1084.6,57.9,2400,0.0,0.0,16118,-610,74,discharging,None,None
18:57:33.168,sequential,8.3,402.7,173.3,8.5,1084.6,59.0,2400,0.0,0.0,16127,-407,74,discharging,None,None
18:57:33.672,sequential,8.3,410.4,173.3,100.0,1084.6,63.4,2400,0.0,0.0,16078,-576,74,discharging,None,None
18:57:34.179,sequential,8.3,410.4,178.4,12.9,1085.7,59.0,2400,0.0,0.0,16115,-622,74,discharging,None,None
18:57:34.683,sequential,8.4,410.4,178.4,1.5,1085.7,57.9,2400,0.0,0.0,16128,-453,74,discharging,None,None
18:57:35.191,sequential,8.4,410.4,178.4,55.4,1085.7,62.2,2400,0.0,0.0,15873,-474,74,discharging,None,None
18:57:35.695,sequential,8.4,413.0,171.3,65.7,1085.7,59.0,2400,0.0,0.0,16079,-619,74,discharging,None,None
18:57:36.199,sequential,8.3,413.0,171.3,2.5,1085.0,59.0,2400,0.0,0.0,16124,-552,74,discharging,None,None
18:57:36.707,sequential,8.3,413.0,171.3,3.0,1085.0,56.8,1600,0.0,0.0,16381,-401,74,discharging,None,None
18:57:37.245,sequential,8.3,413.0,171.3,99.5,1085.0,62.8,2400,0.0,0.0,16086,-535,74,discharging,None,None
18:57:37.748,sequential,8.3,563.5,165.8,40.6,1085.0,59.5,2400,0.0,0.0,16096,-643,74,discharging,None,None
18:57:38.252,sequential,8.3,563.5,165.8,2.0,1085.5,57.9,2400,0.0,0.0,16125,-509,74,discharging,None,None
18:57:38.760,sequential,7.6,563.5,165.8,27.9,1085.5,60.6,2400,0.0,0.0,16128,-409,74,discharging,None,None
18:57:39.264,sequential,7.6,406.2,175.8,92.0,1085.5,60.6,2400,0.0,0.0,16077,-587,74,discharging,None,None
18:57:39.768,sequential,8.3,406.2,175.8,2.5,1085.5,59.0,2400,0.0,0.0,16117,-616,74,discharging,None,None
18:57:40.272,sequential,8.3,406.2,175.8,2.0,1085.3,57.9,2400,0.0,0.0,16125,-438,74,discharging,None,None
18:57:40.779,sequential,8.3,406.2,175.8,73.3,1085.3,62.2,2400,0.0,0.0,16095,-490,74,discharging,None,None
18:57:41.282,sequential,8.3,399.5,177.1,45.5,1085.0,58.4,2400,0.0,0.0,16087,-615,74,discharging,None,None
18:57:41.786,sequential,8.3,399.5,177.1,3.5,1085.0,57.9,1900,0.0,0.0,16123,-533,74,discharging,None,None
18:57:42.295,sequential,8.4,399.5,177.1,22.0,1085.0,59.0,1800,0.0,0.0,16132,-393,74,discharging,None,None
18:57:42.799,sequential,8.4,407.2,182.4,99.0,1084.8,62.2,2400,0.0,0.0,16082,-539,73,discharging,None,None
18:57:43.303,sequential,8.3,407.2,182.4,2.5,1084.8,58.4,2400,0.0,0.0,16115,-602,73,discharging,None,None
18:57:43.806,sequential,8.3,407.2,182.4,2.0,1085.2,57.3,2400,0.0,0.0,16126,-455,73,discharging,None,None
18:57:44.315,sequential,8.3,407.2,182.4,67.2,1085.1,61.1,2400,0.0,0.0,16110,-472,73,discharging,None,None
18:57:44.819,sequential,8.3,400.1,177.6,52.7,1085.3,60.0,2400,0.0,0.0,16077,-616,73,discharging,None,None
18:57:45.322,sequential,8.3,400.1,177.6,3.0,1085.3,58.4,2400,0.0,0.0,16123,-552,73,discharging,None,None
18:57:45.833,sequential,8.4,400.1,177.6,15.8,1085.0,60.6,2400,0.0,0.0,16126,-408,73,discharging,None,None
18:57:46.337,sequential,8.4,401.1,169.9,99.5,1085.0,62.8,2400,0.0,0.0,16081,-558,73,discharging,None,None
18:57:46.840,sequential,8.3,401.1,169.9,5.0,1084.8,58.4,2400,0.0,0.0,16114,-614,73,discharging,None,None
18:57:47.344,sequential,8.3,401.1,169.9,2.5,1084.8,57.9,1900,0.0,0.0,16125,-464,73,discharging,None,None
18:57:47.852,sequential,8.3,401.1,169.9,63.5,1084.8,62.2,2400,0.0,0.0,16126,-433,73,discharging,None,None
18:57:48.355,sequential,8.3,425.3,174.5,58.8,1084.6,58.4,2400,0.0,0.0,16081,-596,73,discharging,None,None
18:57:48.859,sequential,8.3,425.3,174.5,2.0,1084.6,57.9,2400,0.0,0.0,16123,-572,73,discharging,None,None
18:57:49.367,sequential,8.3,425.3,174.5,17.5,1085.8,60.0,2400,0.0,0.0,16128,-413,73,discharging,None,None
18:57:49.871,sequential,8.3,404.9,174.5,99.5,1086.0,63.4,2400,0.0,0.0,16084,-552,73,discharging,None,None
18:57:50.375,sequential,7.9,404.9,179.0,13.9,1086.0,59.5,2400,0.0,0.0,16114,-622,73,discharging,None,None
18:57:50.879,sequential,7.9,404.9,179.0,3.0,1086.0,57.9,2400,0.0,0.0,16126,-483,73,discharging,None,None
18:57:51.387,sequential,7.9,404.9,179.0,54.5,1086.0,60.0,2400,0.0,0.0,16125,-439,73,discharging,None,None
18:57:51.891,sequential,8.3,400.4,174.2,64.2,1085.5,59.5,2400,0.0,0.0,16082,-616,73,discharging,None,None
18:57:52.395,sequential,8.3,400.4,174.2,2.5,1085.5,58.4,2400,0.0,0.0,16122,-586,73,discharging,None,None
18:57:52.903,sequential,8.4,400.4,174.2,4.5,1085.5,57.9,1600,0.0,0.0,16127,-406,73,discharging,None,None
18:57:53.408,sequential,8.4,419.9,174.2,98.5,1085.5,61.7,2400,0.0,0.0,16085,-500,73,discharging,None,None
18:57:53.911,sequential,8.4,419.9,184.9,22.4,1086.0,58.4,2400,0.0,0.0,16105,-601,73,discharging,None,None
18:57:54.415,sequential,8.3,419.9,184.9,2.5,1086.0,58.4,2400,0.0,0.0,16125,-507,73,discharging,None,None
18:57:54.924,sequential,8.3,419.9,184.9,46.6,1086.0,62.8,2400,0.0,0.0,16127,-419,73,discharging,None,None
18:57:55.428,sequential,8.3,403.5,170.5,72.4,1085.5,60.0,2400,0.0,0.0,16077,-597,73,discharging,None,None
18:57:55.931,sequential,8.3,403.5,170.5,2.5,1085.7,59.0,2400,0.0,0.0,16120,-603,73,discharging,None,None
18:57:56.435,sequential,8.4,403.5,170.5,2.5,1085.7,57.9,2400,0.0,0.0,16127,-424,73,discharging,None,None
18:57:56.943,sequential,8.4,408.5,170.5,92.5,1086.1,62.8,2400,0.0,0.0,16092,-503,73,discharging,None,None
18:57:57.446,sequential,8.4,408.5,170.9,26.6,1086.1,58.4,2400,0.0,0.0,16094,-616,73,discharging,None,None
18:57:57.950,sequential,8.3,408.5,170.9,3.0,1086.2,57.9,2400,0.0,0.0,16124,-520,73,discharging,None,None
18:57:58.459,sequential,8.3,408.5,170.9,41.8,1086.2,60.6,2400,0.0,0.0,16130,-398,73,discharging,None,None
18:57:58.962,sequential,8.3,413.1,185.0,81.2,1086.0,59.5,2400,0.0,0.0,16080,-558,73,discharging,None,None
18:57:59.466,sequential,8.3,413.1,185.0,2.5,1086.0,58.4,2400,0.0,0.0,16115,-605,73,discharging,None,None
18:57:59.970,sequential,8.3,413.1,185.0,2.5,1085.3,57.3,2400,0.0,0.0,16125,-445,73,discharging,None,None
18:58:00.482,sequential,8.4,401.6,185.0,85.1,1085.3,62.8,2400,0.0,0.0,16102,-482,73,discharging,None,None
18:58:00.986,sequential,8.4,401.6,180.9,35.3,1084.8,58.4,2400,0.0,0.0,16077,-617,73,discharging,None,None
18:58:01.490,sequential,8.3,401.6,180.9,10.5,1085.3,58.4,2400,0.0,0.0,16122,-550,73,discharging,None,None
18:58:01.999,sequential,8.3,401.6,180.9,33.7,1085.3,61.1,2400,0.0,0.0,16125,-419,73,discharging,None,None
18:58:02.503,sequential,7.9,411.1,173.1,86.3,1085.7,61.1,2400,0.0,0.0,16079,-569,73,discharging,None,None
18:58:03.006,sequential,7.9,411.1,173.1,2.0,1085.5,57.9,2400,0.0,0.0,16113,-618,73,discharging,None,None
18:58:03.510,sequential,7.9,411.1,173.1,2.5,1085.5,57.3,1900,0.0,0.0,16124,-462,73,discharging,None,None
18:58:04.019,sequential,8.2,411.1,173.1,79.6,1086.5,61.7,2400,0.0,0.0,16124,-438,73,discharging,None,None
18:58:04.527,sequential,8.2,419.6,176.2,43.2,1086.2,60.0,2400,0.0,0.0,16079,-596,73,discharging,None,None
18:58:05.031,sequential,8.4,419.6,176.2,2.5,1086.0,57.9,2400,0.0,0.0,16123,-566,73,discharging,None,None
18:58:05.539,sequential,8.4,419.6,176.2,25.9,1086.0,60.6,2400,0.0,0.0,16126,-408,73,discharging,None,None
18:58:06.043,sequential,8.4,397.2,178.8,92.2,1085.7,60.6,2400,0.0,0.0,16083,-546,73,discharging,None,None
18:58:06.547,sequential,8.3,397.2,178.8,3.0,1085.7,58.4,2400,0.0,0.0,16112,-616,73,discharging,None,None
18:58:07.050,sequential,8.3,397.2,178.8,2.5,1085.5,57.3,2400,0.0,0.0,16125,-477,73,discharging,None,None
18:58:07.559,sequential,8.2,397.2,178.8,72.8,1085.5,63.4,2400,0.0,0.0,16125,-445,73,discharging,None,None
18:58:08.063,sequential,8.2,401.0,175.9,46.3,1087.2,59.0,2400,0.0,0.0,16080,-615,73,discharging,None,None
18:58:08.566,sequential,8.5,401.0,175.9,2.5,1087.5,58.4,2400,0.0,0.0,16120,-585,73,discharging,None,None
18:58:09.075,sequential,8.5,401.0,175.9,22.1,1087.6,58.4,1600,0.0,0.0,16123,-421,73,discharging,None,None
18:58:09.578,sequential,8.5,415.2,183.6,99.0,1087.6,62.8,2400,0.0,0.0,16085,-525,73,discharging,None,None
18:58:10.082,sequential,8.3,415.2,183.6,4.5,1087.6,59.0,2400,0.0,0.0,16110,-615,73,discharging,None,None
18:58:10.586,sequential,8.3,415.2,183.6,3.5,1090.0,58.4,2400,0.0,0.0,16123,-512,73,discharging,None,None
18:58:11.092,sequential,8.2,415.2,183.6,65.3,1090.0,63.4,2400,0.0,0.0,16125,-435,73,discharging,None,None
18:58:11.595,sequential,8.2,400.4,185.0,55.7,1088.5,59.5,2400,0.0,0.0,16079,-607,73,discharging,None,None
18:58:12.099,sequential,8.4,400.4,185.0,2.5,1088.7,57.9,2400,0.0,0.0,16119,-600,73,discharging,None,None
18:58:12.608,sequential,8.4,400.4,185.0,12.4,1088.7,59.5,2400,0.0,0.0,16124,-419,73,discharging,None,None
18:58:13.113,sequential,8.4,401.8,185.0,99.5,1088.5,63.4,2400,0.0,0.0,16088,-509,73,discharging,None,None
18:58:13.616,sequential,8.3,401.8,175.9,17.5,1087.7,59.0,2400,0.0,0.0,16098,-621,73,discharging,None,None
18:58:14.120,sequential,8.3,401.8,175.9,2.5,1086.4,57.9,1800,0.0,0.0,16121,-436,73,discharging,None,None
18:58:14.628,sequential,7.9,401.8,175.9,60.1,1086.4,61.7,2400,0.0,0.0,16096,-483,73,discharging,None,None
18:58:15.132,sequential,7.9,403.5,183.8,61.9,1086.2,60.6,2400,0.0,0.0,16094,-600,73,discharging,None,None
18:58:15.635,sequential,7.9,403.5,183.8,2.0,1086.2,58.4,2400,0.0,0.0,16122,-525,73,discharging,None,None
18:58:16.143,sequential,8.4,403.5,183.8,6.0,1085.0,57.9,2400,0.0,0.0,16126,-408,73,discharging,None,None
18:58:16.647,sequential,8.4,404.0,183.8,99.5,1085.0,63.4,2400,0.0,0.0,16076,-581,73,discharging,None,None
18:58:17.151,sequential,8.3,404.0,187.5,21.7,1085.5,59.0,2400,0.0,0.0,16114,-621,73,discharging,None,None
18:58:17.655,sequential,8.3,404.0,187.5,3.0,1085.5,57.9,2400,0.0,0.0,16124,-446,73,discharging,None,None
18:58:18.164,sequential,8.3,404.0,187.5,50.2,1085.5,62.8,2400,0.0,0.0,16097,-482,73,discharging,None,None
18:58:18.667,sequential,8.3,399.5,181.4,68.6,1085.5,59.5,2400,0.0,0.0,16075,-618,73,discharging,None,None
18:58:19.171,sequential,8.3,399.5,181.4,2.0,1085.0,57.9,2400,0.0,0.0,16121,-543,73,discharging,None,None
18:58:19.674,sequential,8.4,399.5,181.4,2.0,1085.0,57.3,1600,0.0,0.0,16128,-400,73,discharging,None,None
18:58:20.187,sequential,8.4,418.3,181.4,96.0,1085.0,62.2,2400,0.0,0.0,16082,-541,73,discharging,None,None
18:58:20.690,sequential,8.3,418.3,173.3,25.6,1085.0,58.4,2400,0.0,0.0,16111,-606,73,discharging,None,None
18:58:21.194,sequential,8.3,418.3,173.3,2.0,1085.0,57.3,2400,0.0,0.0,16124,-466,73,discharging,None,None
18:58:21.703,sequential,8.3,418.3,173.3,42.5,1085.0,62.2,2400,0.0,0.0,16114,-458,73,discharging,None,None
18:58:22.206,sequential,8.3,409.1,181.0,77.3,1084.6,60.0,2400,0.0,0.0,16077,-619,73,discharging,None,None
18:58:22.710,sequential,8.3,409.1,181.0,2.0,1084.5,57.9,2400,0.0,0.0,16121,-570,73,discharging,None,None
18:58:23.214,sequential,8.4,409.1,181.0,1.5,1084.5,57.9,2400,0.0,0.0,16125,-408,73,discharging,None,None
18:58:23.719,sequential,8.4,407.0,181.0,87.6,1084.5,62.2,2400,0.0,0.0,16081,-547,73,discharging,None,None
18:58:24.223,sequential,8.3,407.0,172.1,31.8,1084.8,59.0,2400,0.0,0.0,16113,-620,73,discharging,None,None
18:58:24.726,sequential,8.3,407.0,172.1,1.5,1084.8,58.4,2400,0.0,0.0,16121,-322,73,discharging,None,None
18:58:25.238,sequential,8.3,407.0,172.1,36.0,1084.8,60.0,2400,0.0,0.0,16381,-415,73,discharging,None,None
18:58:25.742,sequential,8.3,555.2,172.1,99.5,1084.8,62.8,2400,0.0,0.0,16080,-583,73,discharging,None,None
18:58:26.246,sequential,8.3,555.2,182.7,15.1,1084.6,58.4,2400,0.0,0.0,16111,-626,73,discharging,None,None
18:58:26.749,sequential,7.6,555.2,182.7,1.5,1084.6,57.9,2400,0.0,0.0,16124,-458,73,discharging,None,None
18:58:27.259,sequential,7.6,555.2,182.7,53.0,1084.6,62.2,2400,0.0,0.0,16109,-470,73,discharging,None,None
18:58:27.762,sequential,7.6,409.4,172.3,67.3,1085.0,59.5,2400,0.0,0.0,16075,-619,73,discharging,None,None
18:58:28.266,sequential,8.3,409.4,172.3,1.5,1087.4,57.9,2400,0.0,0.0,16110,-558,73,discharging,None,None
18:58:28.769,sequential,8.3,409.4,172.3,1.5,1087.4,58.4,2400,0.0,0.0,16124,-464,73,discharging,None,None
18:58:29.276,sequential,8.3,399.2,172.3,99.0,1087.8,62.8,2400,0.0,0.0,16112,-718,73,discharging,None,None
18:58:29.781,sequential,8.3,399.2,178.4,19.6,1087.8,59.0,2400,0.0,0.0,16076,-618,73,discharging,None,None
18:58:30.284,sequential,8.4,399.2,178.4,2.0,1087.4,57.3,1900,0.0,0.0,16120,-564,73,discharging,None,None
18:58:30.792,sequential,8.4,399.2,178.4,48.3,1087.4,61.7,2400,0.0,0.0,16128,-399,73,discharging,None,None
18:58:31.295,sequential,8.4,416.4,175.1,74.0,1086.9,59.5,2400,0.0,0.0,16083,-520,73,discharging,None,None
18:58:31.799,sequential,8.3,416.4,175.1,1.5,1086.9,58.4,2400,0.0,0.0,16111,-600,73,discharging,None,None
18:58:32.303,sequential,8.3,416.4,175.1,2.0,1086.9,57.3,2400,0.0,0.0,16123,-479,73,discharging,None,None
18:58:32.811,sequential,8.3,396.2,175.1,92.0,1087.1,62.2,2400,0.0,0.0,16124,-444,73,discharging,None,None
18:58:33.314,sequential,8.3,396.2,188.0,29.1,1086.7,59.5,2400,0.0,0.0,16078,-619,73,discharging,None,None
18:58:33.818,sequential,8.3,396.2,188.0,2.0,1088.5,57.9,2400,0.0,0.0,16120,-584,73,discharging,None,None
18:58:34.327,sequential,8.4,396.2,188.0,39.0,1088.4,61.7,2400,0.0,0.0,16123,-408,73,discharging,None,None
18:58:34.831,sequential,8.4,396.5,174.5,78.9,1088.0,59.5,2400,0.0,0.0,16083,-617,73,discharging,None,None
18:58:35.335,sequential,8.3,396.5,174.5,2.0,1088.0,58.4,2400,0.0,0.0,16121,-589,73,discharging,None,None
18:58:35.839,sequential,8.3,396.5,174.5,2.5,1087.0,57.3,1600,0.0,0.0,16124,-406,73,discharging,None,None
18:58:36.351,sequential,8.3,421.0,174.5,86.6,1087.0,61.7,2400,0.0,0.0,16086,-499,73,discharging,None,None
18:58:36.854,sequential,8.3,421.0,177.0,34.3,1086.9,58.4,2400,0.0,0.0,16103,-600,73,discharging,None,None
18:58:37.358,sequential,8.3,421.0,177.0,2.0,1086.9,57.3,2400,0.0,0.0,16123,-507,73,discharging,None,None
18:58:37.867,sequential,8.3,421.0,177.0,41.5,1086.9,61.1,2400,0.0,0.0,16117,-431,73,discharging,None,None
18:58:38.371,sequential,8.3,398.4,183.1,86.3,1086.9,59.5,2400,0.0,0.0,16076,-611,73,discharging,None,None
18:58:38.875,sequential,7.9,398.4,183.1,2.0,1086.4,58.4,2400,0.0,0.0,16116,-605,73,discharging,None,None
18:58:39.378,sequential,7.9,398.4,183.1,2.0,1086.8,57.9,2400,0.0,0.0,16123,-425,73,discharging,None,None
18:58:39.888,sequential,7.9,398.6,183.1,79.8,1086.8,61.7,2400,0.0,0.0,16089,-502,73,discharging,None,None
18:58:40.392,sequential,8.3,398.6,181.3,39.0,1086.6,58.4,2400,0.0,0.0,16093,-616,73,discharging,None,None
18:58:40.895,sequential,8.3,398.6,181.3,2.0,1086.6,57.9,2400,0.0,0.0,16121,-522,73,discharging,None,None
18:58:41.403,sequential,8.4,398.6,181.3,27.9,1086.6,60.0,2400,0.0,0.0,16128,-399,73,discharging,None,None
18:58:41.906,sequential,8.4,417.2,175.8,93.0,1086.6,60.6,2400,0.0,0.0,16077,-561,73,discharging,None,None
18:58:42.410,sequential,8.3,417.2,175.8,2.5,1086.6,58.4,2400,0.0,0.0,16114,-609,73,discharging,None,None
18:58:42.913,sequential,8.3,417.2,175.8,1.5,1086.1,57.3,2400,0.0,0.0,16122,-446,73,discharging,None,None
18:58:43.420,sequential,8.3,417.2,175.8,71.8,1086.1,62.2,2400,0.0,0.0,16094,-483,73,discharging,None,None
18:58:43.923,sequential,8.3,399.6,173.1,46.5,1086.8,59.0,2400,0.0,0.0,16077,-615,73,discharging,None,None
18:58:44.427,sequential,8.3,399.6,173.1,2.0,1086.8,56.8,2400,0.0,0.0,16121,-540,73,discharging,None,None
18:58:44.935,sequential,8.4,399.6,173.1,20.6,1086.8,60.6,2400,0.0,0.0,16123,-408,73,discharging,None,None
18:58:45.438,sequential,8.4,390.3,165.0,93.1,1086.8,61.1,2400,0.0,0.0,16075,-568,73,discharging,None,None
18:58:45.942,sequential,8.4,390.3,165.0,0.0,1086.1,57.9,2400,0.0,0.0,16113,-606,73,discharging,None,None
18:58:46.445,sequential,8.4,390.3,165.0,0.5,1086.1,56.8,1800,0.0,0.0,16123,-442,73,discharging,None,None
18:58:46.953,sequential,8.4,390.3,165.0,71.8,1086.1,61.7,2400,0.0,0.0,16117,-447,73,discharging,None,None
18:58:47.456,sequential,8.4,380.7,161.7,38.1,1086.1,58.4,2400,0.0,0.0,16086,-575,73,discharging,None,None
18:58:47.960,sequential,8.4,380.7,161.7,0.0,1085.7,57.3,2400,0.0,0.0,16122,-527,73,discharging,None,None
18:58:48.468,sequential,8.4,380.7,161.7,27.1,1085.7,60.0,2400,0.0,0.0,16126,-399,73,discharging,None,None
18:58:48.972,sequential,8.4,367.3,162.5,81.0,1085.4,59.5,2400,0.0,0.0,16077,-574,73,discharging,None,None
18:58:49.475,sequential,8.4,367.3,162.5,0.0,1085.4,57.9,2400,0.0,0.0,16118,-599,73,discharging,None,None
18:58:49.978,sequential,8.4,367.3,162.5,0.0,1085.4,56.8,2400,0.0,0.0,16124,-423,73,discharging,None,None
18:58:50.487,sequential,8.4,363.1,162.5,83.5,1086.3,62.8,2400,0.0,0.0,16089,-494,73,discharging,None,None
18:58:50.991,sequential,8.4,363.1,161.3,24.0,1085.9,58.4,2400,0.0,0.0,16103,-598,73,discharging,None,None
18:58:51.494,sequential,8.4,363.1,161.3,0.0,1085.9,57.9,2400,0.0,0.0,16123,-503,73,discharging,None,None
18:58:52.003,sequential,8.4,363.1,161.3,42.3,1085.9,61.7,2400,0.0,0.0,16124,-407,73,discharging,None,None
18:58:52.506,sequential,8.4,379.4,161.7,67.6,1085.9,59.0,2400,0.0,0.0,16077,-584,73,discharging,None,None
18:58:53.010,sequential,8.4,379.4,161.7,0.0,1085.5,57.3,2400,0.0,0.0,16120,-580,73,discharging,None,None
18:58:53.513,sequential,8.4,379.4,161.7,0.0,1085.5,56.8,2400,0.0,0.0,16125,-403,73,discharging,None,None
18:58:54.020,sequential,8.4,362.7,161.7,97.0,1087.3,63.4,2400,0.0,0.0,16083,-517,73,discharging,None,None
18:58:54.523,sequential,8.4,362.7,161.1,9.0,1087.3,57.9,2400,0.0,0.0,16112,-598,73,discharging,None,None
18:58:55.027,sequential,8.4,362.7,161.1,0.0,1087.1,56.2,2400,0.0,0.0,16124,-479,73,discharging,None,None
18:58:55.535,sequential,8.4,362.7,161.1,55.2,1087.1,62.2,2400,0.0,0.0,16124,-430,73,discharging,None,None
18:58:56.038,sequential,8.4,364.1,165.5,52.7,1087.5,57.9,2400,0.0,0.0,16079,-597,73,discharging,None,None
18:58:56.542,sequential,8.4,364.1,165.5,0.0,1087.5,57.3,2400,0.0,0.0,16122,-567,73,discharging,None,None
18:58:57.051,sequential,8.4,364.1,165.5,12.0,1087.0,58.4,1800,0.0,0.0,16125,-399,73,discharging,None,None
18:58:57.554,sequential,8.4,377.6,166.6,97.5,1087.4,61.1,2400,0.0,0.0,16082,-520,73,discharging,None,None
18:58:58.058,sequential,8.4,377.6,166.6,0.0,1087.3,57.3,2400,0.0,0.0,16110,-582,73,discharging,None,None
18:58:58.561,sequential,8.4,377.6,166.6,0.0,1087.3,57.3,2400,0.0,0.0,16124,-461,73,discharging,None,None
18:58:59.068,sequential,8.4,377.6,166.6,67.3,1087.3,61.7,2400,0.0,0.0,16116,-447,73,discharging,None,None
18:58:59.572,sequential,8.4,366.0,163.6,41.1,1087.1,57.9,2400,0.0,0.0,16074,-597,73,discharging,None,None
18:59:00.075,sequential,8.4,366.0,163.6,0.0,1086.5,57.3,2400,0.0,0.0,16120,-549,73,discharging,None,None
18:59:00.583,sequential,8.4,366.0,163.6,23.6,1086.5,60.0,2400,0.0,0.0,16124,-399,73,discharging,None,None
18:59:01.087,sequential,8.4,367.4,162.9,83.3,1086.2,59.5,2400,0.0,0.0,16077,-555,73,discharging,None,None
18:59:01.591,sequential,8.4,367.4,162.9,0.0,1087.1,57.3,2400,0.0,0.0,16112,-598,73,discharging,None,None
18:59:02.094,sequential,8.4,367.4,162.9,0.5,1087.1,57.3,2400,0.0,0.0,16124,-442,73,discharging,None,None
18:59:02.606,sequential,8.4,384.1,162.9,81.0,1087.1,62.2,2400,0.0,0.0,16112,-445,73,discharging,None,None
18:59:03.110,sequential,8.4,384.1,169.1,30.7,1086.9,58.4,2400,0.0,0.0,16079,-579,73,discharging,None,None
18:59:03.613,sequential,8.4,384.1,169.1,0.0,1086.9,57.3,2400,0.0,0.0,16122,-532,73,discharging,None,None
18:59:04.120,sequential,8.4,384.1,169.1,34.7,1088.5,60.6,2400,0.0,0.0,16124,-398,73,discharging,None,None
18:59:04.623,sequential,8.4,366.8,161.3,73.0,1088.5,58.4,2400,0.0,0.0,16077,-568,73,discharging,None,None
18:59:05.127,sequential,8.4,366.8,161.3,0.0,1088.5,57.9,2400,0.0,0.0,16114,-598,73,discharging,None,None
18:59:05.630,sequential,8.4,366.8,161.3,0.0,1088.5,56.2,2400,0.0,0.0,16124,-428,73,discharging,None,None
18:59:06.139,sequential,8.4,366.1,161.3,91.5,1087.6,62.2,2400,0.0,0.0,16087,-487,73,discharging,None,None
18:59:06.642,sequential,8.4,366.1,168.1,17.2,1087.4,57.9,2400,0.0,0.0,16102,-598,73,discharging,None,None
18:59:07.146,sequential,8.4,366.1,168.1,0.0,1088.1,57.3,2400,0.0,0.0,16123,-510,73,discharging,None,None
18:59:07.655,sequential,8.4,366.1,168.1,48.0,1088.1,59.0,2400,0.0,0.0,16125,-397,73,discharging,None,None
18:59:08.158,sequential,8.4,405.9,165.3,67.5,1087.7,58.4,2400,0.0,0.0,16080,-540,73,discharging,None,None
18:59:08.662,sequential,8.4,405.9,165.3,0.0,1087.7,56.8,2400,0.0,0.0,16115,-565,73,discharging,None,None
18:59:09.165,sequential,8.4,405.9,165.3,0.0,1086.9,56.2,2400,0.0,0.0,16126,-421,73,discharging,None,None
18:59:09.672,sequential,8.4,367.3,165.3,97.0,1087.3,62.8,2400,0.0,0.0,16089,-493,73,discharging,None,None
18:59:10.175,sequential,8.4,367.3,161.4,10.0,1087.8,58.4,2400,0.0,0.0,16103,-596,73,discharging,None,None
18:59:10.679,sequential,8.4,367.3,161.4,0.0,1087.8,57.3,2400,0.0,0.0,16124,-502,73,discharging,None,None
18:59:11.187,sequential,8.4,367.3,161.4,54.2,1088.3,61.7,2400,0.0,0.0,16125,-410,73,discharging,None,None
18:59:11.690,sequential,8.4,365.8,167.1,54.4,1088.3,57.3,2400,0.0,0.0,16077,-594,73,discharging,None,None
18:59:12.194,sequential,8.4,365.8,167.1,0.0,1087.8,57.3,2400,0.0,0.0,16119,-586,73,discharging,None,None
18:59:12.703,sequential,8.4,365.8,167.1,10.9,1087.8,57.3,1500,0.0,0.0,16124,-401,73,discharging,None,None
18:59:13.207,sequential,8.4,388.0,160.6,99.0,1087.4,61.1,2400,0.0,0.0,16090,-494,73,discharging,None,None
18:59:13.710,sequential,8.4,388.0,160.6,1.5,1088.3,57.3,2400,0.0,0.0,16112,-581,73,discharging,None,None
18:59:14.214,sequential,8.4,388.0,160.6,0.5,1089.9,56.8,2400,0.0,0.0,16122,-484,73,discharging,None,None
18:59:14.720,sequential,8.4,388.0,160.6,64.9,1089.9,62.8,2400,0.0,0.0,16123,-422,73,discharging,None,None
18:59:15.223,sequential,8.4,362.5,166.8,42.8,1089.5,57.9,2400,0.0,0.0,16076,-597,73,discharging,None,None
18:59:15.727,sequential,8.4,362.5,166.8,0.0,1089.5,57.3,2400,0.0,0.0,16120,-573,73,discharging,None,None
18:59:16.235,sequential,8.4,362.5,166.8,21.5,1088.3,60.6,2400,0.0,0.0,16124,-399,73,discharging,None,None
18:59:16.739,sequential,8.4,363.7,165.5,85.8,1088.3,59.5,2400,0.0,0.0,16081,-533,73,discharging,None,None
18:59:17.242,sequential,8.4,363.7,165.5,0.5,1088.5,57.3,2400,0.0,0.0,16110,-598,73,discharging,None,None
18:59:17.746,sequential,8.4,363.7,165.5,0.0,1093.1,56.8,2400,0.0,0.0,16124,-463,73,discharging,None,None
18:59:18.258,sequential,8.4,382.8,165.5,79.2,1095.6,62.2,2400,0.0,0.0,16124,-423,73,discharging,None,None
18:59:18.762,sequential,8.4,382.8,160.0,31.0,1096.4,57.3,2400,0.0,0.0,16076,-579,73,discharging,None,None
18:59:19.266,sequential,8.4,382.8,160.0,0.0,1096.6,57.3,2400,0.0,0.0,16120,-555,73,discharging,None,None
18:59:19.772,sequential,8.4,382.8,160.0,35.1,1096.6,61.7,2400,0.0,0.0,16124,-398,73,discharging,None,None
18:59:20.276,sequential,8.4,367.4,167.2,73.9,1095.1,59.5,2400,0.0,0.0,16077,-547,73,discharging,None,None
18:59:20.779,sequential,8.4,367.4,167.2,0.0,1095.1,57.3,2400,0.0,0.0,16110,-599,73,discharging,None,None
18:59:21.283,sequential,8.4,367.4,167.2,0.0,1093.3,56.8,2400,0.0,0.0,16122,-449,73,discharging,None,None
18:59:21.791,sequential,8.4,362.9,167.2,90.0,1093.3,61.1,2400,0.0,0.0,16106,-464,73,discharging,None,None
18:59:22.294,sequential,8.4,362.9,168.6,18.6,1092.5,57.3,2400,0.0,0.0,16078,-597,73,discharging,None,None
18:59:22.798,sequential,8.4,362.9,168.6,0.0,1092.8,56.8,2400,0.0,0.0,16119,-533,73,discharging,None,None
18:59:23.308,sequential,8.4,362.9,168.6,47.3,1091.3,61.1,2400,0.0,0.0,16124,-397,73,discharging,None,None
18:59:23.812,sequential,8.4,380.0,165.0,63.4,1090.8,58.4,2400,0.0,0.0,16079,-545,73,discharging,None,None
18:59:24.315,sequential,8.4,380.0,165.0,0.0,1090.1,56.8,2400,0.0,0.0,16114,-583,73,discharging,None,None
18:59:24.824,sequential,8.4,380.0,165.0,2.5,1090.3,56.8,2400,0.0,0.0,16123,-434,73,discharging,None,None
18:59:25.331,sequential,8.4,365.6,165.0,100.0,1090.3,62.8,2400,0.0,0.0,16094,-482,73,discharging,None,None
18:59:25.835,sequential,8.4,365.6,166.7,5.4,1089.1,57.3,2400,0.0,0.0,16092,-598,73,discharging,None,None
18:59:26.339,sequential,8.4,365.6,166.7,1.0,1089.1,56.8,2400,0.0,0.0,16120,-515,73,discharging,None,None
18:59:26.847,sequential,8.4,365.6,166.7,59.9,1089.1,61.7,2400,0.0,0.0,16124,-400,73,discharging,None,None
18:59:27.350,sequential,8.4,364.7,166.1,48.3,1088.3,57.9,2400,0.0,0.0,16072,-584,73,discharging,None,None
18:59:27.854,sequential,8.4,364.7,166.1,0.0,1087.6,56.8,2400,0.0,0.0,16117,-504,73,discharging,None,None
18:59:28.367,sequential,8.4,364.7,166.1,16.8,1088.1,57.3,1700,0.0,0.0,16124,-401,73,discharging,None,None
18:59:28.870,sequential,8.4,398.0,167.7,96.1,1089.0,60.0,2400,0.0,0.0,16077,-556,73,discharging,None,None
18:59:29.374,sequential,8.4,398.0,167.7,0.0,1089.0,57.3,2400,0.0,0.0,16116,-567,73,discharging,None,None
18:59:29.877,sequential,8.4,398.0,167.7,0.0,1088.5,56.2,2400,0.0,0.0,16122,-412,73,discharging,None,None
18:59:30.384,sequential,8.4,398.0,167.7,68.6,1088.5,61.7,2400,0.0,0.0,16086,-497,73,discharging,None,None
18:59:30.887,sequential,8.4,399.3,182.9,51.0,1088.4,57.9,2400,0.0,0.0,16091,-614,73,discharging,None,None
18:59:31.391,sequential,12.1,399.3,182.9,1.5,1088.4,56.8,2400,0.0,0.0,16119,-518,73,discharging,None,None
18:59:31.903,sequential,12.1,399.3,182.9,16.8,1087.9,59.0,2400,0.0,0.0,16121,-408,73,discharging,None,None
18:59:32.407,sequential,8.3,396.5,180.1,99.5,1087.7,62.2,2400,0.0,0.0,16072,-585,73,discharging,None,None
18:59:32.911,sequential,8.3,396.5,180.1,3.5,1087.2,57.9,2400,0.0,0.0,16113,-612,73,discharging,None,None
18:59:33.414,sequential,8.4,396.5,180.1,1.5,1087.2,56.8,1800,0.0,0.0,16119,-435,73,discharging,None,None
18:59:33.919,sequential,8.4,396.5,180.1,64.5,1087.7,60.0,2400,0.0,0.0,16105,-448,73,discharging,None,None
18:59:34.423,sequential,8.4,431.5,189.4,63.7,1087.5,58.4,2400,0.0,0.0,16073,-585,73,discharging,None,None
18:59:34.927,sequential,8.3,431.5,189.4,10.4,1086.2,57.3,2400,0.0,0.0,16111,-556,73,discharging,None,None
18:59:35.438,sequential,8.3,431.5,189.4,3.5,1086.2,57.3,2400,0.0,0.0,16121,-417,73,discharging,None,None
18:59:35.943,sequential,7.9,410.0,189.4,100.0,1086.0,61.7,2400,0.0,0.0,16075,-558,73,discharging,None,None
18:59:36.447,sequential,7.9,410.0,174.2,17.0,1086.4,57.9,2400,0.0,0.0,16108,-616,73,discharging,None,None
18:59:36.950,sequential,7.9,410.0,174.2,1.5,1087.4,56.8,2400,0.0,0.0,16120,-464,73,discharging,None,None
18:59:37.459,sequential,8.4,410.0,174.2,50.2,1087.4,62.2,2400,0.0,0.0,16110,-458,73,discharging,None,None
18:59:37.963,sequential,8.4,409.2,169.6,68.3,1087.4,59.0,2400,0.0,0.0,16073,-615,73,discharging,None,None
18:59:38.467,sequential,8.3,409.2,169.6,2.5,1087.4,57.3,2400,0.0,0.0,16117,-564,73,discharging,None,None
18:59:38.971,sequential,8.3,409.2,169.6,2.0,1085.7,56.2,1600,0.0,0.0,16120,-403,73,discharging,None,None
18:59:39.479,sequential,8.3,409.8,169.6,97.0,1085.7,61.1,2400,0.0,0.0,16079,-524,73,discharging,None,None
18:59:39.982,sequential,8.3,409.8,185.8,25.2,1085.9,57.9,2400,0.0,0.0,16108,-600,73,discharging,None,None
18:59:40.486,sequential,8.3,409.8,185.8,1.5,1085.9,56.8,2400,0.0,0.0,16121,-480,73,discharging,None,None
18:59:40.995,sequential,8.4,409.8,185.8,41.5,1085.9,60.6,2400,0.0,0.0,16123,-437,73,discharging,None,None
18:59:41.498,sequential,8.4,409.6,189.6,80.3,1086.2,59.5,2400,0.0,0.0,16078,-614,73,discharging,None,None
18:59:42.002,sequential,8.3,409.6,189.6,1.5,1085.7,57.9,2400,0.0,0.0,16119,-589,73,discharging,None,None
18:59:42.505,sequential,8.3,409.6,189.6,1.5,1085.7,57.3,2400,0.0,0.0,16121,-410,73,discharging,None,None
18:59:43.015,sequential,8.3,397.7,189.6,85.8,1085.5,61.7,2400,0.0,0.0,16082,-519,73,discharging,None,None
18:59:43.519,sequential,8.3,397.7,180.6,32.7,1085.5,58.4,2400,0.0,0.0,16102,-615,73,discharging,None,None
18:59:44.022,sequential,8.3,397.7,180.6,2.0,1085.5,57.9,2400,0.0,0.0,16119,-503,73,discharging,None,None
18:59:44.531,sequential,8.4,397.7,180.6,34.5,1087.6,60.6,2400,0.0,0.0,16125,-404,73,discharging,None,None
18:59:45.034,sequential,8.4,405.7,186.4,86.8,1087.6,59.5,2400,0.0,0.0,16071,-579,73,discharging,None,None
18:59:45.538,sequential,8.4,405.7,186.4,2.0,1087.6,57.9,2400,0.0,0.0,16112,-602,73,discharging,None,None
18:59:46.042,sequential,8.4,405.7,186.4,1.5,1087.3,56.8,2400,0.0,0.0,16120,-426,73,discharging,None,None
18:59:46.548,sequential,8.4,394.1,186.4,78.3,1087.3,61.7,2400,0.0,0.0,16085,-500,73,discharging,None,None
18:59:47.051,sequential,8.3,394.1,352.4,56.8,1086.2,57.9,2400,0.0,0.0,16073,-636,73,discharging,None,None
18:59:47.555,sequential,8.3,394.1,352.4,2.0,1086.7,56.2,2400,0.0,0.0,16117,-543,73,discharging,None,None
18:59:48.059,sequential,7.6,394.1,352.4,1.5,1088.0,56.2,2400,0.0,0.0,16119,-407,73,discharging,None,None
18:59:48.568,sequential,7.6,398.6,352.4,92.0,1088.0,62.8,2400,0.0,0.0,16082,-525,73,discharging,None,None
18:59:49.072,sequential,7.6,398.6,182.3,27.2,1088.1,58.4,2400,0.0,0.0,16106,-618,73,discharging,None,None
18:59:49.575,sequential,8.3,398.6,182.3,2.0,1088.1,57.9,1900,0.0,0.0,16120,-499,73,discharging,None,None
18:59:50.080,sequential,8.3,398.6,182.3,41.2,1086.4,60.0,2400,0.0,0.0,16126,-400,73,discharging,None,None
18:59:50.584,sequential,8.3,417.4,181.4,82.3,1086.4,59.5,2400,0.0,0.0,16072,-572,73,discharging,None,None
18:59:51.088,sequential,8.3,417.4,181.4,2.0,1086.0,58.4,2400,0.0,0.0,16114,-596,73,discharging,None,None
18:59:51.591,sequential,8.4,417.4,181.4,1.5,1086.0,56.8,2400,0.0,0.0,16120,-423,73,discharging,None,None
18:59:52.102,sequential,8.4,397.4,181.4,82.6,1086.0,61.7,2400,0.0,0.0,16084,-503,73,discharging,None,None
18:59:52.606,sequential,8.4,397.4,176.0,36.0,1085.7,57.9,2400,0.0,0.0,16087,-616,73,discharging,None,None
18:59:53.110,sequential,8.3,397.4,176.0,2.0,1085.3,57.3,2400,0.0,0.0,16117,-519,73,discharging,None,None
18:59:53.616,sequential,8.3,397.4,176.0,33.2,1085.3,60.6,2400,0.0,0.0,16119,-410,73,discharging,None,None
18:59:54.120,sequential,8.3,407.8,179.5,87.6,1086.0,59.5,2400,0.0,0.0,16070,-587,73,discharging,None,None
18:59:54.623,sequential,8.3,407.8,179.5,2.5,1086.2,59.0,2400,0.0,0.0,16109,-616,73,discharging,None,None
18:59:55.127,sequential,8.3,407.8,179.5,2.5,1086.0,56.8,1800,0.0,0.0,16120,-439,73,discharging,None,None
18:59:55.635,sequential,8.4,407.8,179.5,77.5,1086.8,62.2,2400,0.0,0.0,16105,-461,73,discharging,None,None
18:59:56.138,sequential,8.4,423.3,175.2,46.3,1086.7,58.4,2400,0.0,0.0,16073,-597,73,discharging,None,None
18:59:56.642,sequential,8.3,423.3,175.2,2.5,1086.7,57.3,2400,0.0,0.0,16116,-544,73,discharging,None,None
18:59:57.151,sequential,8.3,423.3,175.2,22.0,1086.2,59.5,2400,0.0,0.0,16120,-408,73,discharging,None,None
18:59:57.654,sequential,8.3,408.8,175.9,97.5,1086.2,62.2,2400,0.0,0.0,16072,-564,73,discharging,None,None
18:59:58.158,sequential,8.3,408.8,175.9,3.5,1086.4,57.3,2400,0.0,0.0,16106,-618,73,discharging,None,None
18:59:58.661,sequential,8.3,408.8,175.9,2.0,1086.4,57.3,2400,0.0,0.0,16117,-461,73,discharging,None,None
18:59:59.167,sequential,8.4,408.8,175.9,55.4,1086.4,61.7,2400,0.0,0.0,16113,-436,73,discharging,None,None
18:59:59.670,sequential,8.4,409.2,169.9,73.0,1086.4,59.5,2400,0.0,0.0,16070,-618,73,discharging,None,None
19:00:00.174,sequential,7.9,409.2,169.9,2.5,1086.6,57.9,2400,0.0,0.0,16113,-599,73,discharging,None,None
19:00:00.677,sequential,7.9,409.2,169.9,3.0,1087.1,56.8,1600,0.0,0.0,16119,-413,73,discharging,None,None
19:00:01.186,sequential,7.9,420.4,169.9,92.6,1087.1,61.7,2400,0.0,0.0,16090,-483,73,discharging,None,None
19:00:01.690,sequential,8.3,420.4,177.6,29.7,1086.2,57.9,2400,0.0,0.0,16088,-599,73,discharging,None,None
19:00:02.193,sequential,8.3,420.4,177.6,3.0,1085.7,57.3,2400,0.0,0.0,16117,-519,73,discharging,None,None
19:00:02.700,sequential,8.4,420.4,177.6,38.4,1085.7,61.1,2400,0.0,0.0,16120,-409,73,discharging,None,None
19:00:03.204,sequential,8.4,414.2,170.7,82.5,1085.0,60.0,2400,0.0,0.0,16071,-586,73,discharging,None,None
19:00:03.707,sequential,8.3,414.2,170.7,2.5,1085.0,57.3,2400,0.0,0.0,16110,-617,73,discharging,None,None
19:00:04.211,sequential,8.3,414.2,170.7,2.0,1085.8,57.3,2400,0.0,0.0,16119,-440,73,discharging,None,None
19:00:04.719,sequential,8.3,397.3,170.7,83.7,1085.8,62.2,2400,0.0,0.0,16089,-488,73,discharging,None,None
19:00:05.223,sequential,8.2,397.3,176.9,35.1,1085.8,57.9,2400,0.0,0.0,16079,-615,73,discharging,None,None
19:00:05.726,sequential,8.2,397.3,176.9,2.5,1085.8,57.9,2400,0.0,0.0,16115,-534,73,discharging,None,None
19:00:06.235,sequential,8.4,397.3,176.9,33.0,1085.5,59.5,2400,0.0,0.0,16121,-400,73,discharging,None,None
19:00:06.739,sequential,8.4,409.9,179.9,88.2,1086.9,60.0,2400,0.0,0.0,16073,-554,73,discharging,None,None
19:00:07.243,sequential,8.3,409.9,179.9,3.0,1086.6,58.4,2400,0.0,0.0,16105,-609,73,discharging,None,None
19:00:07.747,sequential,8.3,409.9,179.9,3.0,1086.6,56.8,2400,0.0,0.0,16117,-453,73,discharging,None,None
19:00:08.255,sequential,8.3,409.9,179.9,77.1,1086.6,62.2,2400,0.0,0.0,16099,-472,73,discharging,None,None
19:00:08.758,sequential,8.3,399.3,172.4,40.9,1086.6,58.4,2400,0.0,0.0,16068,-615,73,discharging,None,None
19:00:09.262,sequential,8.3,399.3,172.4,2.5,1088.0,57.3,2400,0.0,0.0,16115,-551,73,discharging,None,None
19:00:09.771,sequential,8.4,399.3,172.4,27.9,1088.3,60.0,2400,0.0,0.0,16117,-418,73,discharging,None,None
19:00:10.275,sequential,8.4,406.5,169.3,91.2,1088.0,60.6,2400,0.0,0.0,16069,-578,73,discharging,None,None
19:00:10.778,sequential,8.4,406.5,169.3,2.5,1088.0,57.3,2400,0.0,0.0,16103,-633,73,discharging,None,None
19:00:11.282,sequential,8.3,406.5,169.3,11.0,1088.0,59.0,1500,0.0,0.0,16109,-490,73,discharging,None,None
19:00:11.791,sequential,8.3,406.5,169.3,75.7,1090.6,61.7,2400,0.0,0.0,16114,-457,73,discharging,None,None
19:00:12.294,sequential,7.9,410.6,181.1,47.3,1089.0,58.4,2400,0.0,0.0,16069,-598,73,discharging,None,None
19:00:12.798,sequential,7.9,410.6,181.1,2.5,1089.0,56.8,2400,0.0,0.0,16114,-568,73,discharging,None,None
19:00:13.307,sequential,8.3,410.6,181.1,21.5,1089.0,59.5,2400,0.0,0.0,16118,-407,73,discharging,None,None
19:00:13.811,sequential,8.3,402.4,186.5,98.5,1089.2,62.2,2400,0.0,0.0,16075,-545,73,discharging,None,None
19:00:14.314,sequential,8.3,402.4,186.5,3.0,1091.1,57.9,2400,0.0,0.0,16105,-619,73,discharging,None,None
19:00:14.818,sequential,8.4,402.4,186.5,2.5,1090.4,56.8,2400,0.0,0.0,16117,-481,73,discharging,None,None
19:00:15.323,sequential,8.4,402.4,186.5,66.2,1090.4,62.8,2400,0.0,0.0,16118,-441,73,discharging,None,None
19:00:15.826,sequential,8.3,395.5,175.6,53.0,1090.0,58.4,2400,0.0,0.0,16074,-615,73,discharging,None,None
19:00:16.330,sequential,8.3,395.5,175.6,2.5,1090.0,56.8,2400,0.0,0.0,16115,-583,73,discharging,None,None
19:00:16.840,sequential,8.3,395.5,175.6,15.4,1090.2,57.9,1500,0.0,0.0,16118,-406,73,discharging,None,None
19:00:17.344,sequential,8.2,420.9,175.6,100.0,1090.2,62.2,2400,0.0,0.0,16079,-502,73,discharging,None,None
19:00:17.848,sequential,8.2,420.9,176.0,9.0,1087.7,57.3,2400,0.0,0.0,16101,-595,73,discharging,None,None
19:00:18.351,sequential,8.4,420.9,176.0,3.0,1087.7,56.8,2400,0.0,0.0,16117,-499,73,discharging,None,None
19:00:18.859,sequential,8.4,420.9,176.0,58.4,1087.7,62.2,2400,0.0,0.0,16118,-424,73,discharging,None,None
19:00:19.362,sequential,8.3,405.5,174.4,60.9,1087.2,58.4,2400,0.0,0.0,16069,-604,73,discharging,None,None
19:00:19.866,sequential,8.3,405.5,174.4,2.5,1087.2,57.9,2400,0.0,0.0,16112,-600,73,discharging,None,None
19:00:20.375,sequential,8.3,405.5,174.4,6.5,1086.6,57.9,2400,0.0,0.0,16116,-419,73,discharging,None,None
19:00:20.880,sequential,8.3,407.2,174.4,99.5,1086.6,61.7,2400,0.0,0.0,16081,-507,73,discharging,None,None
19:00:21.383,sequential,8.3,407.2,174.5,14.4,1086.2,57.9,2400,0.0,0.0,16089,-616,73,discharging,None,None
19:00:21.887,sequential,8.4,407.2,174.5,2.5,1086.1,56.8,1800,0.0,0.0,16115,-516,73,discharging,None,None
19:00:22.395,sequential,8.4,407.2,174.5,53.7,1086.1,61.7,2400,0.0,0.0,16120,-400,73,discharging,None,None
19:00:22.899,sequential,8.3,436.2,171.2,71.2,1086.1,59.0,2400,0.0,0.0,16074,-551,73,discharging,None,None
19:00:23.403,sequential,8.3,436.2,171.2,11.0,1086.0,58.4,2400,0.0,0.0,16102,-607,73,discharging,None,None
19:00:23.906,sequential,8.3,436.2,171.2,2.0,1085.8,57.3,2400,0.0,0.0,16118,-456,73,discharging,None,None
19:00:24.415,sequential,7.9,392.2,171.2,95.0,1085.8,62.2,2400,0.0,0.0,16092,-484,73,discharging,None,None
19:00:24.918,sequential,7.9,392.2,175.1,23.9,1085.3,57.9,2400,0.0,0.0,16073,-613,73,discharging,None,None
19:00:25.422,sequential,8.3,392.2,175.1,2.0,1085.3,57.3,2400,0.0,0.0,16116,-536,73,discharging,None,None
19:00:25.931,sequential,8.3,392.2,175.1,45.3,1085.3,61.7,2400,0.0,0.0,16118,-407,73,discharging,None,None
19:00:26.434,sequential,8.3,412.3,175.1,75.4,1085.7,59.0,2400,0.0,0.0,16071,-569,73,discharging,None,None
19:00:26.938,sequential,8.3,412.3,175.1,3.0,1085.8,57.3,2400,0.0,0.0,16104,-620,73,discharging,None,None
19:00:27.442,sequential,8.3,412.3,175.1,3.0,1085.8,57.9,1500,0.0,0.0,16115,-458,73,discharging,None,None
19:00:27.953,sequential,8.3,424.0,175.1,89.8,1086.2,61.1,2400,0.0,0.0,16113,-438,73,discharging,None,None
19:00:28.457,sequential,8.3,424.0,179.0,32.5,1086.0,57.9,2400,0.0,0.0,16068,-592,73,discharging,None,None
19:00:28.960,sequential,8.3,424.0,179.0,2.5,1086.2,57.3,2400,0.0,0.0,16113,-564,73,discharging,None,None
19:00:29.468,sequential,8.3,424.0,179.0,36.6,1086.2,60.6,2400,0.0,0.0,16117,-407,73,discharging,None,None
19:00:29.972,sequential,8.3,412.1,169.1,84.5,1086.4,59.5,2400,0.0,0.0,16075,-548,73,discharging,None,None
19:00:30.475,sequential,8.3,412.1,169.1,2.5,1086.4,57.3,2400,0.0,0.0,16105,-618,73,discharging,None,None
19:00:30.979,sequential,8.3,412.1,169.1,2.0,1086.0,56.8,2400,0.0,0.0,16116,-477,73,discharging,None,None
19:00:31.487,sequential,8.2,398.9,169.1,81.9,1086.0,61.1,2400,0.0,0.0,16118,-445,73,discharging,None,None
19:00:31.991,sequential,8.2,398.9,184.0,37.8,1085.2,58.4,2400,0.0,0.0,16071,-616,73,discharging,None,None
19:00:32.495,sequential,8.2,398.9,184.0,2.5,1085.2,57.3,2400,0.0,0.0,16112,-579,73,discharging,None,None
19:00:33.003,sequential,8.4,398.9,184.0,29.5,1085.2,59.5,2400,0.0,0.0,16117,-405,73,discharging,None,None
19:00:33.506,sequential,8.4,415.3,172.1,91.2,1085.2,60.6,2400,0.0,0.0,16077,-505,73,discharging,None,None
19:00:34.010,sequential,8.3,415.3,172.1,3.0,1085.9,57.3,2400,0.0,0.0,16104,-597,73,discharging,None,None
19:00:34.514,sequential,8.3,415.3,172.1,2.5,1086.4,57.3,2400,0.0,0.0,16115,-497,73,discharging,None,None
19:00:35.218,sequential,8.3,574.1,172.1,69.8,1086.2,60.0,2400,0.0,0.0,16077,-524,73,discharging,None,None
19:00:35.722,sequential,8.3,574.1,169.3,38.7,1086.2,57.9,2400,0.0,0.0,16071,-635,73,discharging,None,None
19:00:36.225,sequential,8.3,574.1,169.3,6.2,1086.2,57.9,2400,0.0,0.0,16115,-519,73,discharging,None,None
19:00:36.732,sequential,7.6,574.1,169.3,31.9,1086.2,60.6,2400,0.0,0.0,16117,-407,73,discharging,None,None
19:00:37.236,sequential,7.6,399.3,176.2,89.1,1085.7,59.5,2400,0.0,0.0,16076,-547,73,discharging,None,None
19:00:37.740,sequential,8.3,399.3,176.2,2.0,1085.7,58.4,2400,0.0,0.0,16104,-614,73,discharging,None,None
19:00:38.244,sequential,8.3,399.3,176.2,2.0,1085.5,56.8,1600,0.0,0.0,16117,-475,73,discharging,None,None
19:00:38.751,sequential,8.3,399.3,176.2,76.1,1085.5,61.7,2400,0.0,0.0,16122,-414,73,discharging,None,None
19:00:39.255,sequential,8.3,411.4,179.6,45.5,1085.5,58.4,2400,0.0,0.0,16071,-586,73,discharging,None,None
19:00:39.758,sequential,8.3,411.4,179.6,1.5,1085.9,56.8,2400,0.0,0.0,16113,-579,73,discharging,None,None
19:00:40.267,sequential,8.4,411.4,179.6,22.0,1085.5,59.5,2400,0.0,0.0,16116,-406,73,discharging,None,None
19:00:40.771,sequential,8.4,395.2,176.3,95.6,1085.5,60.6,2400,0.0,0.0,16075,-532,73,discharging,None,None
19:00:41.274,sequential,8.3,395.2,176.3,1.5,1085.5,57.9,2400,0.0,0.0,16105,-614,73,discharging,None,None
19:00:41.778,sequential,8.3,395.2,176.3,1.5,1085.5,57.3,2400,0.0,0.0,16115,-488,73,discharging,None,None
19:00:42.284,sequential,8.3,395.2,176.3,70.4,1085.2,62.2,2400,0.0,0.0,16116,-431,73,discharging,None,None
19:00:42.788,sequential,8.3,419.5,174.7,52.0,1085.2,58.4,2400,0.0,0.0,16069,-611,73,discharging,None,None
19:00:43.291,sequential,8.3,419.5,174.7,1.5,1085.0,57.3,2400,0.0,0.0,16111,-596,73,discharging,None,None
19:00:43.799,sequential,8.4,419.5,174.7,15.0,1085.0,57.3,1600,0.0,0.0,16116,-417,73,discharging,None,None
19:00:44.304,sequential,8.4,424.6,174.7,100.0,1085.4,62.2,2400,0.0,0.0,16085,-488,73,discharging,None,None
19:00:44.808,sequential,8.3,424.6,179.6,10.4,1086.4,57.9,2400,0.0,0.0,16083,-601,73,discharging,None,None
19:00:45.311,sequential,8.3,424.6,179.6,2.5,1086.2,57.3,2400,0.0,0.0,16115,-521,73,discharging,None,None
19:00:45.819,sequential,8.3,424.6,179.6,57.4,1086.2,61.7,2400,0.0,0.0,16115,-408,73,discharging,None,None
19:00:46.322,sequential,8.3,411.8,175.5,63.4,1085.9,57.9,2400,0.0,0.0,16068,-584,73,discharging,None,None
19:00:46.826,sequential,8.3,411.8,175.5,1.5,1085.9,57.3,2400,0.0,0.0,16106,-618,73,discharging,None,None
19:00:47.336,sequential,8.4,411.8,175.5,13.0,1085.4,57.3,2400,0.0,0.0,16116,-442,73,discharging,None,None
19:00:47.840,sequential,8.4,398.2,175.5,99.5,1085.4,62.2,2400,0.0,0.0,16087,-497,73,discharging,None,None
19:00:48.344,sequential,8.4,398.2,187.9,16.2,1085.4,57.9,2400,0.0,0.0,16073,-629,73,discharging,None,None
19:00:48.848,sequential,7.9,398.2,187.9,1.5,1085.4,58.4,1900,0.0,0.0,16113,-540,73,discharging,None,None
19:00:49.356,sequential,7.9,398.2,187.9,51.7,1085.4,60.6,2400,0.0,0.0,16119,-399,73,discharging,None,None
19:00:49.860,sequential,8.2,413.2,174.8,70.6,1085.4,59.0,2400,0.0,0.0,16073,-539,73,discharging,None,None
19:00:50.363,sequential,8.2,413.2,174.8,2.0,1085.4,58.4,2400,0.0,0.0,16103,-601,73,discharging,None,None
19:00:50.867,sequential,8.4,413.2,174.8,1.5,1085.0,56.8,2400,0.0,0.0,16116,-460,73,discharging,None,None
19:00:51.375,sequential,8.4,400.2,174.8,94.5,1085.0,62.2,2400,0.0,0.0,16102,-464,73,discharging,None,None
19:00:51.879,sequential,8.4,400.2,171.1,24.1,1085.0,57.9,2400,0.0,0.0,16067,-613,73,discharging,None,None
19:00:52.382,sequential,8.3,400.2,171.1,1.5,1085.0,57.3,2400,0.0,0.0,16112,-556,73,discharging,None,None
19:00:52.891,sequential,8.3,400.2,171.1,44.2,1085.0,62.2,2400,0.0,0.0,16115,-407,73,discharging,None,None
19:00:53.394,sequential,8.3,408.6,175.4,74.4,1085.0,59.5,2400,0.0,0.0,16072,-555,73,discharging,None,None
19:00:53.899,sequential,8.3,408.6,175.4,2.0,1085.7,56.8,2400,0.0,0.0,16102,-617,73,discharging,None,None
19:00:54.403,sequential,8.4,408.6,175.4,2.5,1085.7,56.2,1600,0.0,0.0,16115,-470,73,discharging,None,None
19:00:54.912,sequential,8.4,421.9,175.4,90.6,1085.7,61.7,2400,0.0,0.0,16114,-522,73,discharging,None,None
19:00:55.416,sequential,8.4,421.9,177.6,31.2,1085.7,57.9,2400,0.0,0.0,16103,-602,73,discharging,None,None
19:00:55.919,sequential,8.3,421.9,177.6,2.0,1085.7,57.3,2400,0.0,0.0,16115,-483,73,discharging,None,None
19:00:56.427,sequential,8.3,421.9,177.6,35.5,1085.7,60.6,2400,0.0,0.0,16116,-437,73,discharging,None,None
19:00:56.930,sequential,8.3,399.3,174.3,82.7,1085.2,59.5,2400,0.0,0.0,16069,-615,73,discharging,None,None
19:00:57.434,sequential,8.3,399.3,174.3,2.0,1085.2,58.4,2400,0.0,0.0,16112,-585,73,discharging,None,None
19:00:57.937,sequential,8.3,399.3,174.3,1.5,1085.2,56.8,2400,0.0,0.0,16113,-408,73,discharging,None,None
19:00:58.443,sequential,8.4,396.5,174.3,83.2,1085.2,61.1,2400,0.0,0.0,16075,-529,73,discharging,None,None
19:00:58.948,sequential,8.4,396.5,179.1,35.8,1085.0,58.4,2400,0.0,0.0,16102,-618,73,discharging,None,None
19:00:59.451,sequential,8.3,396.5,179.1,10.1,1085.0,58.4,2400,0.0,0.0,16112,-507,73,discharging,None,None
19:00:59.959,sequential,8.3,396.5,179.1,32.3,1085.0,60.0,2400,0.0,0.0,16118,-421,73,discharging,None,None
19:01:00.462,sequential,7.9,425.5,176.3,91.6,1085.0,60.6,2400,0.0,0.0,16069,-585,73,discharging,None,None
19:01:00.966,sequential,7.9,425.5,176.3,2.0,1085.9,57.9,2400,0.0,0.0,16109,-596,73,discharging,None,None
19:01:01.470,sequential,7.9,425.5,176.3,2.0,1085.9,57.3,2400,0.0,0.0,16116,-421,73,discharging,None,None
19:01:01.976,sequential,8.3,425.5,176.3,73.8,1085.9,61.7,2400,0.0,0.0,16079,-506,73,discharging,None,None
19:01:02.480,sequential,8.3,397.5,186.1,46.3,1085.6,57.3,2400,0.0,0.0,16083,-618,73,discharging,None,None
19:01:02.984,sequential,8.4,397.5,186.1,2.5,1085.4,57.3,2400,0.0,0.0,16112,-519,73,discharging,None,None
19:01:03.491,sequential,8.4,397.5,186.1,21.8,1085.0,59.5,2400,0.0,0.0,16115,-409,73,discharging,None,None
19:01:03.994,sequential,8.4,406.1,182.3,98.5,1085.7,62.8,2400,0.0,0.0,16066,-585,73,discharging,None,None
19:01:04.498,sequential,8.3,406.1,182.3,3.0,1085.9,57.9,2400,0.0,0.0,16103,-616,73,discharging,None,None
19:01:05.002,sequential,8.3,406.1,182.3,2.0,1085.9,56.8,1900,0.0,0.0,16113,-440,73,discharging,None,None
19:01:05.508,sequential,8.3,406.1,182.3,66.8,1085.9,60.6,2400,0.0,0.0,16097,-458,73,discharging,None,None
19:01:06.012,sequential,8.3,414.6,186.4,57.9,1085.9,58.4,2400,0.0,0.0,16066,-594,73,discharging,None,None
19:01:06.515,sequential,8.4,414.6,186.4,2.0,1086.3,56.8,2400,0.0,0.0,16111,-545,73,discharging,None,None
19:01:07.024,sequential,8.4,414.6,186.4,10.0,1086.1,59.0,2400,0.0,0.0,16115,-407,73,discharging,None,None
19:01:07.537,sequential,8.4,396.0,186.4,100.0,1086.1,61.7,2400,0.0,0.0,16070,-562,73,discharging,None,None
19:01:08.040,sequential,8.3,396.0,180.1,10.3,1085.9,57.9,2400,0.0,0.0,16103,-616,73,discharging,None,None
19:01:08.544,sequential,8.3,396.0,180.1,2.5,1085.9,56.8,2400,0.0,0.0,16116,-460,73,discharging,None,None
19:01:09.052,sequential,8.3,396.0,180.1,59.6,1085.4,61.7,2400,0.0,0.0,16103,-465,73,discharging,None,None
19:01:09.556,sequential,8.3,402.8,172.3,59.5,1085.2,59.0,2400,0.0,0.0,16067,-614,73,discharging,None,None
19:01:10.060,sequential,8.4,402.8,172.3,3.0,1085.2,57.9,2400,0.0,0.0,16111,-558,73,discharging,None,None
19:01:10.568,sequential,8.4,402.8,172.3,8.4,1085.2,58.4,1600,0.0,0.0,16115,-406,73,discharging,None,None
19:01:11.072,sequential,8.4,419.0,172.3,100.0,1085.2,61.7,2400,0.0,0.0,16073,-533,73,discharging,None,None
19:01:11.576,sequential,8.3,419.0,175.5,24.8,1085.0,58.4,2400,0.0,0.0,16099,-616,73,discharging,None,None
19:01:12.080,sequential,8.3,419.0,175.5,2.5,1084.7,57.9,2400,0.0,0.0,16113,-488,73,discharging,None,None
19:01:12.587,sequential,7.9,419.0,175.5,52.5,1084.7,61.7,2400,0.0,0.0,16112,-447,73,discharging,None,None
19:01:13.090,sequential,7.9,400.0,179.3,67.3,1084.7,59.0,2400,0.0,0.0,16068,-616,73,discharging,None,None
19:01:13.594,sequential,7.9,400.0,179.3,2.5,1084.7,57.9,2400,0.0,0.0,16110,-578,73,discharging,None,None
19:01:14.097,sequential,8.4,400.0,179.3,3.0,1085.7,57.3,2400,0.0,0.0,16113,-408,73,discharging,None,None
19:01:14.604,sequential,8.4,394.5,179.3,98.0,1090.8,62.8,2400,0.0,0.0,16074,-538,73,discharging,None,None
19:01:15.107,sequential,8.3,394.5,177.8,20.0,1093.5,57.9,2400,0.0,0.0,16102,-616,73,discharging,None,None
19:01:15.611,sequential,8.3,394.5,177.8,2.0,1093.5,57.9,2400,0.0,0.0,16114,-486,73,discharging,None,None
19:01:16.119,sequential,8.3,394.5,177.8,48.5,1093.5,61.1,2400,0.0,0.0,16119,-412,73,discharging,None,None
19:01:16.623,sequential,8.3,415.2,173.2,73.4,1093.5,59.5,2400,0.0,0.0,16070,-592,73,discharging,None,None
19:01:17.126,sequential,8.3,415.2,173.2,2.5,1092.0,57.3,2400,0.0,0.0,16110,-593,73,discharging,None,None
19:01:17.630,sequential,8.4,415.2,173.2,2.5,1090.6,57.3,2400,0.0,0.0,16114,-412,73,discharging,None,None
19:01:18.136,sequential,8.4,409.6,173.2,92.1,1090.6,61.7,2400,0.0,0.0,16077,-517,73,discharging,None,None
19:01:18.639,sequential,8.3,409.6,177.6,28.4,1090.3,58.4,2400,0.0,0.0,16092,-619,73,discharging,None,None
19:01:19.143,sequential,8.3,409.6,177.6,3.0,1090.3,57.3,2400,0.0,0.0,16111,-508,73,discharging,None,None
19:01:19.651,sequential,8.3,409.6,177.6,38.8,1090.7,61.1,2400,0.0,0.0,16112,-419,73,discharging,None,None
19:01:20.154,sequential,8.2,410.4,178.8,82.3,1089.4,60.0,2400,0.0,0.0,16063,-597,73,discharging,None,None
19:01:20.658,sequential,8.2,410.4,178.8,2.5,1089.4,57.3,2400,0.0,0.0,16105,-610,73,discharging,None,None
19:01:21.162,sequential,8.4,410.4,178.8,2.5,1087.6,56.8,1600,0.0,0.0,16113,-431,73,discharging,None,None
19:01:21.667,sequential,8.4,425.1,178.8,83.7,1087.6,61.7,2400,0.0,0.0,16091,-473,73,discharging,None,None
19:01:22.171,sequential,8.3,425.1,172.4,39.5,1087.2,58.4,2400,0.0,0.0,16075,-598,73,discharging,None,None
19:01:22.675,sequential,8.3,425.1,172.4,2.5,1087.2,56.8,2400,0.0,0.0,16112,-533,73,discharging,None,None
19:01:23.184,sequential,8.3,425.1,172.4,28.4,1086.9,60.6,2400,0.0,0.0,16114,-408,73,discharging,None,None
19:01:23.696,sequential,8.2,582.1,172.4,88.2,1086.9,61.1,2400,0.0,0.0,16068,-571,73,discharging,None,None
19:01:24.200,sequential,8.2,582.1,172.4,26.5,1087.4,58.4,2400,0.0,0.0,16093,-648,73,discharging,None,None
19:01:24.704,sequential,7.6,582.1,172.4,2.5,1087.4,59.0,2400,0.0,0.0,16111,-483,73,discharging,None,None
19:01:25.211,sequential,7.6,582.1,172.4,42.5,1087.4,62.2,2400,0.0,0.0,16113,-415,73,discharging,None,None
19:01:25.714,sequential,7.6,411.3,175.8,77.7,1087.4,59.5,2400,0.0,0.0,16063,-594,73,discharging,None,None
19:01:26.218,sequential,8.3,411.3,175.8,3.0,1087.4,58.4,2400,0.0,0.0,16104,-613,73,discharging,None,None
19:01:26.722,sequential,8.3,411.3,175.8,3.0,1087.4,56.8,1600,0.0,0.0,16112,-431,73,discharging,None,None
19:01:27.234,sequential,8.2,427.4,175.8,86.6,1087.4,62.8,2400,0.0,0.0,16092,-464,73,discharging,None,None
19:01:27.738,sequential,8.2,427.4,177.3,36.8,1086.7,58.4,2400,0.0,0.0,16070,-598,73,discharging,None,None
19:01:28.241,sequential,8.2,427.4,177.3,2.5,1090.0,58.4,2400,0.0,0.0,16110,-539,73,discharging,None,None
19:01:28.752,sequential,8.4,427.4,177.3,32.7,1090.0,60.6,2400,0.0,0.0,16113,-408,73,discharging,None,None
19:01:29.255,sequential,8.4,414.0,175.6,89.2,1091.0,60.6,2400,0.0,0.0,16067,-568,73,discharging,None,None
19:01:29.759,sequential,8.3,414.0,175.6,2.5,1091.0,57.9,2400,0.0,0.0,16101,-620,73,discharging,None,None
19:01:30.262,sequential,8.3,414.0,175.6,3.0,1090.3,57.9,2400,0.0,0.0,16113,-460,73,discharging,None,None
19:01:30.771,sequential,8.3,414.0,175.6,76.7,1091.1,62.8,2400,0.0,0.0,16100,-467,73,discharging,None,None
19:01:31.275,sequential,8.3,410.1,167.7,43.1,1091.9,59.0,2400,0.0,0.0,16064,-618,73,discharging,None,None
19:01:31.779,sequential,8.3,410.1,167.7,2.0,1092.4,57.9,2400,0.0,0.0,16111,-559,73,discharging,None,None
19:01:32.287,sequential,8.4,410.1,167.7,26.0,1091.5,59.5,2400,0.0,0.0,16115,-403,73,discharging,None,None
19:01:32.791,sequential,8.4,411.9,176.7,95.1,1091.0,61.1,2400,0.0,0.0,16071,-529,73,discharging,None,None
19:01:33.295,sequential,8.3,411.9,176.7,2.5,1089.8,58.4,2400,0.0,0.0,16100,-601,73,discharging,None,None
19:01:33.798,sequential,8.3,411.9,176.7,3.0,1089.5,56.8,2400,0.0,0.0,16112,-474,73,discharging,None,None
19:01:34.307,sequential,8.2,411.9,176.7,70.6,1092.7,61.7,2400,0.0,0.0,16108,-450,73,discharging,None,None
19:01:34.810,sequential,8.2,399.9,186.0,50.2,1092.7,59.0,2400,0.0,0.0,16067,-619,73,discharging,None,None
19:01:35.314,sequential,8.2,399.9,186.0,2.5,1092.2,57.9,2400,0.0,0.0,16108,-577,73,discharging,None,None
19:01:35.824,sequential,8.4,399.9,186.0,26.4,1092.2,60.6,2400,0.0,0.0,16111,-417,73,discharging,None,None
19:01:36.327,sequential,8.4,406.7,169.2,99.0,1092.0,62.8,2400,0.0,0.0,16071,-550,73,discharging,None,None
19:01:36.831,sequential,7.9,406.7,169.2,3.0,1090.3,57.9,2400,0.0,0.0,16099,-620,73,discharging,None,None
19:01:37.335,sequential,7.9,406.7,169.2,3.0,1090.3,57.9,1900,0.0,0.0,16111,-487,73,discharging,None,None
19:01:37.843,sequential,7.9,406.7,169.2,65.7,1089.9,61.7,2400,0.0,0.0,16118,-416,73,discharging,None,None
19:01:38.346,sequential,8.2,413.2,175.0,55.7,1089.0,59.0,2400,0.0,0.0,16065,-593,73,discharging,None,None
19:01:38.850,sequential,8.2,413.2,175.0,2.5,1088.0,57.9,2400,0.0,0.0,16109,-590,73,discharging,None,None
19:01:39.355,sequential,8.4,413.2,175.0,12.4,1088.0,58.4,2400,0.0,0.0,16113,-412,73,discharging,None,None
19:01:39.863,sequential,8.4,396.2,175.0,100.0,1088.0,62.8,2400,0.0,0.0,16074,-521,73,discharging,None,None
19:01:40.367,sequential,8.3,396.2,179.5,9.8,1087.6,58.4,2400,0.0,0.0,16093,-618,73,discharging,None,None
19:01:40.871,sequential,8.3,396.2,179.5,2.0,1086.8,58.4,2400,0.0,0.0,16110,-505,73,discharging,None,None
19:01:41.379,sequential,8.3,396.2,179.5,60.1,1086.8,62.2,2400,0.0,0.0,16112,-422,73,discharging,None,None
19:01:41.882,sequential,8.3,398.8,172.8,58.6,1086.3,59.0,2400,0.0,0.0,16063,-604,73,discharging,None,None
19:01:42.386,sequential,8.3,398.8,172.8,3.0,1086.3,57.9,2400,0.0,0.0,16105,-603,73,discharging,None,None
19:01:42.895,sequential,8.4,398.8,172.8,11.3,1086.1,57.9,1600,0.0,0.0,16111,-421,73,discharging,None,None
19:01:43.400,sequential,8.4,430.3,172.8,99.5,1086.1,62.2,2400,0.0,0.0,16097,-472,73,discharging,None,None
19:01:43.903,sequential,8.4,430.3,174.5,16.0,1085.7,57.9,2400,0.0,0.0,16077,-589,73,discharging,None,None
19:01:44.407,sequential,8.3,430.3,174.5,2.5,1087.3,58.4,2400,0.0,0.0,16110,-526,73,discharging,None,None
19:01:44.919,sequential,8.3,430.3,174.5,52.0,1087.3,61.7,2400,0.0,0.0,16112,-407,73,discharging,None,None
19:01:45.423,sequential,8.3,402.1,168.8,66.3,1087.3,59.5,2400,0.0,0.0,16064,-581,73,discharging,None,None
19:01:45.926,sequential,8.3,402.1,168.8,8.4,1087.2,57.9,2400,0.0,0.0,16102,-615,73,discharging,None,None
19:01:46.435,sequential,8.4,402.1,168.8,4.9,1087.2,57.3,2400,0.0,0.0,16110,-441,73,discharging,None,None
19:01:46.944,sequential,8.4,398.6,168.8,99.5,1087.2,62.2,2400,0.0,0.0,16082,-487,73,discharging,None,None
19:01:47.447,sequential,8.4,398.6,184.7,18.1,1086.7,59.0,2400,0.0,0.0,16067,-617,73,discharging,None,None
19:01:47.951,sequential,8.3,398.6,184.7,10.0,1086.7,57.9,1900,0.0,0.0,16108,-546,73,discharging,None,None
19:01:48.459,sequential,8.3,398.6,184.7,50.2,1086.7,61.7,2400,0.0,0.0,16113,-411,73,discharging,None,None
19:01:48.962,sequential,7.9,402.2,176.1,70.0,1086.6,59.5,2400,0.0,0.0,16065,-553,73,discharging,None,None
19:01:49.466,sequential,7.9,402.2,176.1,1.5,1088.3,58.4,2400,0.0,0.0,16099,-607,73,discharging,None,None
19:01:49.969,sequential,7.9,402.2,176.1,1.5,1087.8,57.9,2400,0.0,0.0,16110,-408,73,discharging,None,None
19:01:50.476,sequential,8.3,407.3,176.1,95.1,1087.8,61.7,2400,0.0,0.0,16067,-562,73,discharging,None,None
19:01:50.980,sequential,8.3,407.3,174.5,23.7,1087.7,59.0,2400,0.0,0.0,16099,-617,73,discharging,None,None
19:01:51.483,sequential,8.4,407.3,174.5,2.0,1087.7,57.3,2400,0.0,0.0,16109,-462,73,discharging,None,None
19:01:51.991,sequential,8.4,407.3,174.5,43.2,1087.7,62.2,2400,0.0,0.0,16099,-463,73,discharging,None,None
19:01:52.494,sequential,8.3,405.0,175.6,75.9,1087.3,59.0,2400,0.0,0.0,16062,-617,73,discharging,None,None
19:01:52.998,sequential,8.3,405.0,175.6,2.0,1086.5,57.3,2400,0.0,0.0,16108,-563,73,discharging,None,None
19:01:53.502,sequential,8.3,405.0,175.6,2.0,1086.5,57.9,1600,0.0,0.0,16111,-405,73,discharging,None,None
19:01:54.015,sequential,8.2,428.7,175.6,89.2,1090.0,62.2,2400,0.0,0.0,16070,-520,73,discharging,None,None
19:01:54.519,sequential,8.2,428.7,173.3,33.2,1091.6,58.4,2400,0.0,0.0,16098,-599,73,discharging,None,None
19:01:55.022,sequential,8.4,428.7,173.3,1.5,1090.8,57.9,2400,0.0,0.0,16111,-482,73,discharging,None,None
19:01:55.531,sequential,8.4,428.7,173.3,34.8,1090.8,61.1,2400,0.0,0.0,16112,-440,73,discharging,None,None
19:01:56.034,sequential,8.3,400.4,179.9,84.7,1090.3,60.0,2400,0.0,0.0,16065,-616,73,discharging,None,None
19:01:56.538,sequential,8.3,400.4,179.9,2.0,1090.3,58.4,2400,0.0,0.0,16108,-583,73,discharging,None,None
19:01:57.041,sequential,8.3,400.4,179.9,1.5,1089.4,57.9,2400,0.0,0.0,16110,-408,73,discharging,None,None
19:01:57.547,sequential,8.3,395.5,179.9,81.2,1089.4,62.2,2400,0.0,0.0,16070,-531,73,discharging,None,None
19:01:58.051,sequential,8.3,395.5,184.8,38.0,1088.8,58.4,2400,0.0,0.0,16098,-617,73,discharging,None,None
19:01:58.554,sequential,8.4,395.5,184.8,2.0,1088.8,58.4,2400,0.0,0.0,16111,-495,73,discharging,None,None
19:01:59.063,sequential,8.4,395.5,184.8,29.4,1088.1,59.5,2400,0.0,0.0,16115,-410,73,discharging,None,None
19:01:59.566,sequential,8.4,415.1,181.4,93.1,1088.1,60.6,2400,0.0,0.0,16067,-584,73,discharging,None,None
19:02:00.070,sequential,8.3,415.1,181.4,10.4,1087.8,58.4,2400,0.0,0.0,16102,-606,73,discharging,None,None
19:02:00.573,sequential,8.3,415.1,181.4,1.5,1087.8,57.9,2400,0.0,0.0,16110,-432,73,discharging,None,None
19:02:01.079,sequential,7.9,415.1,181.4,72.4,1087.8,62.8,2400,0.0,0.0,16074,-507,73,discharging,None,None
19:02:01.583,sequential,7.9,409.9,169.4,46.5,1089.3,58.4,2400,0.0,0.0,16084,-618,73,discharging,None,None
19:02:02.087,sequential,8.3,409.9,169.4,2.0,1088.7,57.9,2400,0.0,0.0,16109,-519,73,discharging,None,None
19:02:02.595,sequential,8.3,409.9,169.4,20.0,1088.7,59.0,2400,0.0,0.0,16111,-411,73,discharging,None,None
19:02:03.098,sequential,8.3,397.7,177.4,97.5,1088.4,62.2,2400,0.0,0.0,16062,-589,73,discharging,None,None
19:02:03.602,sequential,8.3,397.7,177.4,2.0,1088.4,58.4,2400,0.0,0.0,16102,-613,73,discharging,None,None
19:02:04.106,sequential,8.3,397.7,177.4,1.5,1090.8,57.9,1900,0.0,0.0,16110,-435,73,discharging,None,None
19:02:04.612,sequential,8.3,397.7,177.4,68.3,1090.8,61.7,2400,0.0,0.0,16096,-463,73,discharging,None,None
19:02:05.115,sequential,8.3,417.0,187.8,56.5,1090.2,58.4,2400,0.0,0.0,16063,-595,73,discharging,None,None
19:02:05.619,sequential,8.3,417.0,187.8,1.5,1090.5,57.9,2400,0.0,0.0,16109,-540,73,discharging,None,None
19:02:06.127,sequential,8.4,417.0,187.8,10.6,1089.9,59.0,2400,0.0,0.0,16110,-408,73,discharging,None,None
19:02:06.631,sequential,8.4,398.1,187.8,99.5,1089.9,63.4,2400,0.0,0.0,16064,-569,73,discharging,None,None
19:02:07.134,sequential,8.3,398.1,188.5,11.0,1089.0,58.4,2400,0.0,0.0,16097,-621,73,discharging,None,None
19:02:07.638,sequential,8.3,398.1,188.5,1.5,1089.0,57.3,2400,0.0,0.0,16109,-459,73,discharging,None,None
19:02:08.147,sequential,8.3,398.1,188.5,55.7,1088.3,61.7,2400,0.0,0.0,16096,-467,73,discharging,None,None
19:02:08.651,sequential,8.3,396.8,177.5,62.6,1088.3,59.0,2400,0.0,0.0,16059,-616,73,discharging,None,None
19:02:09.154,sequential,8.3,396.8,177.5,1.5,1088.0,57.9,2400,0.0,0.0,16106,-557,73,discharging,None,None
19:02:09.663,sequential,8.4,396.8,177.5,6.0,1088.0,57.9,1600,0.0,0.0,16111,-404,73,discharging,None,None
19:02:10.171,sequential,8.4,422.6,177.5,99.0,1088.3,62.8,2400,0.0,0.0,16068,-532,73,discharging,None,None
19:02:10.674,sequential,8.3,422.6,183.5,20.4,1088.6,58.4,2400,0.0,0.0,16096,-615,73,discharging,None,None
19:02:11.178,sequential,8.3,422.6,183.5,1.5,1089.3,58.4,2400,0.0,0.0,16107,-496,73,discharging,None,None
19:02:11.687,sequential,8.3,422.6,183.5,46.8,1089.3,61.1,2400,0.0,0.0,16108,-460,73,discharging,None,None
19:02:12.191,sequential,8.3,592.0,183.5,89.7,1088.8,62.2,2400,0.0,0.0,16061,-610,73,discharging,None,None
19:02:12.695,sequential,8.3,592.0,172.2,9.5,1091.4,58.4,2400,0.0,0.0,16097,-626,73,discharging,None,None
19:02:13.198,sequential,7.3,592.0,172.2,3.0,1090.1,57.3,2400,0.0,0.0,16108,-468,73,discharging,None,None
19:02:13.707,sequential,7.3,592.0,172.2,57.5,1090.1,62.2,2400,0.0,0.0,16098,-459,73,discharging,None,None
19:02:14.210,sequential,7.3,419.2,171.8,63.2,1090.4,59.5,2400,0.0,0.0,16061,-618,73,discharging,None,None
19:02:14.714,sequential,8.3,419.2,171.8,2.0,1090.4,58.4,2400,0.0,0.0,16106,-569,73,discharging,None,None
19:02:15.223,sequential,8.3,419.2,171.8,4.5,1089.0,57.3,1600,0.0,0.0,16113,-394,73,discharging,None,None
19:02:15.738,sequential,8.3,422.6,171.8,100.0,1089.0,62.2,2400,0.0,0.0,16070,-510,73,discharging,None,None
19:02:16.242,sequential,8.3,422.6,177.3,19.1,1088.8,58.4,2400,0.0,0.0,16096,-602,73,discharging,None,None
19:02:16.746,sequential,8.4,422.6,177.3,2.0,1089.2,57.3,2400,0.0,0.0,16108,-485,73,discharging,None,None
19:02:17.252,sequential,8.4,422.6,177.3,50.0,1088.5,61.7,2400,0.0,0.0,16110,-435,73,discharging,None,None
19:02:17.757,sequential,8.4,397.1,180.7,68.8,1088.5,59.5,2400,0.0,0.0,16065,-614,73,discharging,None,None
19:02:18.260,sequential,8.3,397.1,180.7,2.5,1088.1,57.9,2400,0.0,0.0,16105,-588,73,discharging,None,None
19:02:18.764,sequential,8.3,397.1,180.7,2.0,1088.1,57.3,2400,0.0,0.0,16109,-410,73,discharging,None,None
19:02:19.272,sequential,8.3,396.3,180.7,96.6,1088.3,63.4,2400,0.0,0.0,16069,-523,73,discharging,None,None
19:02:19.775,sequential,8.3,396.3,184.0,22.9,1088.3,57.9,2400,0.0,0.0,16096,-615,73,discharging,None,None
19:02:20.279,sequential,8.3,396.3,184.0,2.5,1087.6,57.3,2400,0.0,0.0,16107,-500,73,discharging,None,None
19:02:20.787,sequential,8.4,396.3,184.0,45.3,1087.6,61.7,2400,0.0,0.0,16112,-408,73,discharging,None,None
19:02:21.290,sequential,8.4,408.5,179.2,76.0,1086.7,59.5,2400,0.0,0.0,16063,-581,73,discharging,None,None
19:02:21.794,sequential,8.3,408.5,179.2,2.5,1086.5,57.9,2400,0.0,0.0,16103,-595,73,discharging,None,None
19:02:22.297,sequential,8.3,408.5,179.2,2.0,1087.4,57.9,2400,0.0,0.0,16108,-422,73,discharging,None,None
19:02:22.804,sequential,8.2,399.2,179.2,89.7,1087.4,62.2,2400,0.0,0.0,16072,-505,73,discharging,None,None
19:02:23.307,sequential,8.2,399.2,172.1,29.0,1086.8,58.4,2400,0.0,0.0,16080,-614,73,discharging,None,None
19:02:23.811,sequential,8.2,399.2,172.1,2.5,1086.5,57.9,2400,0.0,0.0,16106,-516,73,discharging,None,None
19:02:24.323,sequential,8.4,399.2,172.1,48.5,1087.2,61.7,2400,0.0,0.0,16101,-423,73,discharging,None,None
19:02:24.826,sequential,8.4,399.0,175.7,78.2,1087.0,59.5,2400,0.0,0.0,16059,-602,73,discharging,None,None
19:02:25.330,sequential,7.9,399.0,175.7,2.5,1086.8,58.4,2400,0.0,0.0,16099,-611,73,discharging,None,None
19:02:25.833,sequential,7.9,399.0,175.7,2.5,1086.5,56.8,1600,0.0,0.0,16108,-433,73,discharging,None,None
19:02:26.342,sequential,7.9,413.1,175.7,87.7,1086.5,62.8,2400,0.0,0.0,16089,-471,73,discharging,None,None
19:02:26.846,sequential,8.3,413.1,182.8,35.3,1086.3,59.0,2400,0.0,0.0,16073,-595,73,discharging,None,None
19:02:27.350,sequential,8.3,413.1,182.8,2.5,1085.8,57.3,2400,0.0,0.0,16107,-533,73,discharging,None,None
19:02:27.856,sequential,8.4,413.1,182.8,33.5,1085.8,61.1,2400,0.0,0.0,16109,-407,73,discharging,None,None
19:02:28.360,sequential,8.4,399.3,180.9,86.1,1085.6,59.5,2400,0.0,0.0,16060,-572,73,discharging,None,None
19:02:28.863,sequential,8.3,399.3,180.9,2.5,1085.1,58.4,2400,0.0,0.0,16095,-618,73,discharging,None,None
19:02:29.367,sequential,8.3,399.3,180.9,3.5,1085.1,56.8,2400,0.0,0.0,16108,-452,73,discharging,None,None
19:02:29.874,sequential,8.3,399.3,180.9,78.0,1085.1,61.7,2400,0.0,0.0,16088,-475,73,discharging,None,None
19:02:30.378,sequential,8.3,406.0,176.1,41.2,1084.4,58.4,2400,0.0,0.0,16057,-617,73,discharging,None,None
19:02:30.881,sequential,8.3,406.0,176.1,0.0,1084.4,57.3,2400,0.0,0.0,16105,-547,73,discharging,None,None
19:02:31.388,sequential,8.3,406.0,176.1,25.4,1084.4,59.0,1900,0.0,0.0,16110,-397,73,discharging,None,None
19:02:31.892,sequential,8.3,384.1,164.3,86.1,1087.5,58.4,2400,0.0,0.0,16065,-528,73,discharging,None,None
19:02:32.396,sequential,8.3,384.1,164.3,0.0,1087.5,57.9,2400,0.0,0.0,16096,-582,73,discharging,None,None
19:02:32.899,sequential,8.3,384.1,164.3,0.0,1087.0,56.8,2400,0.0,0.0,16109,-448,73,discharging,None,None
19:02:33.411,sequential,8.3,374.6,164.3,78.6,1087.4,61.7,2400,0.0,0.0,16092,-464,73,discharging,None,None
19:02:33.915,sequential,8.3,374.6,164.6,30.7,1087.0,58.4,2400,0.0,0.0,16066,-601,73,discharging,None,None
19:02:34.418,sequential,8.3,374.6,164.6,0.0,1087.0,56.8,2400,0.0,0.0,16106,-536,73,discharging,None,None
19:02:34.927,sequential,8.3,374.6,164.6,34.2,1088.5,61.7,2400,0.0,0.0,16111,-398,73,discharging,None,None
19:02:35.430,sequential,8.3,366.1,162.9,72.9,1091.0,59.5,2400,0.0,0.0,16062,-568,73,discharging,None,None
19:02:35.934,sequential,8.3,366.1,162.9,0.0,1090.8,58.4,2400,0.0,0.0,16100,-599,73,discharging,None,None
19:02:36.438,sequential,8.3,366.1,162.9,0.0,1090.8,56.8,1800,0.0,0.0,16109,-429,73,discharging,None,None
19:02:36.944,sequential,8.3,377.3,162.9,91.6,1090.7,62.2,2400,0.0,0.0,16087,-468,73,discharging,None,None
19:02:37.447,sequential,8.3,377.3,169.0,19.0,1090.2,57.9,2400,0.0,0.0,16076,-585,73,discharging,None,None
19:02:37.951,sequential,8.3,377.3,169.0,0.0,1088.9,56.8,2400,0.0,0.0,16106,-516,73,discharging,None,None
19:02:38.459,sequential,8.3,377.3,169.0,45.8,1088.9,62.8,2400,0.0,0.0,16110,-400,73,discharging,None,None
19:02:38.962,sequential,8.3,364.9,166.7,62.4,1089.1,60.0,2400,0.0,0.0,16059,-585,73,discharging,None,None
19:02:39.466,sequential,8.3,364.9,166.7,0.0,1089.1,57.3,2400,0.0,0.0,16102,-598,73,discharging,None,None
19:02:39.979,sequential,8.3,364.9,166.7,3.0,1088.5,57.3,2400,0.0,0.0,16108,-412,73,discharging,None,None
19:02:40.483,sequential,8.3,366.1,164.0,100.0,1088.5,62.2,2400,0.0,0.0,16071,-503,73,discharging,None,None
19:02:40.986,sequential,8.3,366.1,164.0,4.5,1087.8,57.9,2400,0.0,0.0,16096,-599,73,discharging,None,None
19:02:41.490,sequential,8.3,366.1,164.0,0.0,1087.8,57.3,2400,0.0,0.0,16107,-495,73,discharging,None,None
19:02:41.999,sequential,8.3,366.1,164.0,60.7,1087.8,61.7,2400,0.0,0.0,16110,-411,73,discharging,None,None
19:02:42.502,sequential,8.3,383.4,158.5,49.3,1087.7,58.4,2400,0.0,0.0,16063,-588,73,discharging,None,None
19:02:43.006,sequential,8.3,383.4,158.5,0.0,1087.5,56.8,2400,0.0,0.0,16106,-578,73,discharging,None,None
19:02:43.515,sequential,8.3,383.4,158.5,15.9,1087.5,59.0,2400,0.0,0.0,16108,-400,73,discharging,None,None
19:02:44.019,sequential,8.3,364.9,165.7,91.1,1087.2,60.0,2400,0.0,0.0,16066,-525,73,discharging,None,None
19:02:44.522,sequential,8.3,364.9,165.7,0.0,1087.4,57.9,2400,0.0,0.0,16095,-599,73,discharging,None,None
19:02:45.025,sequential,8.3,364.9,165.7,0.0,1087.0,57.3,2400,0.0,0.0,16107,-473,73,discharging,None,None
19:02:45.532,sequential,8.3,365.8,165.7,73.4,1087.0,61.7,2400,0.0,0.0,16110,-435,73,discharging,None,None
19:02:46.036,sequential,8.3,365.8,162.7,34.0,1086.8,57.3,2400,0.0,0.0,16059,-598,73,discharging,None,None
19:02:46.539,sequential,8.3,365.8,162.7,0.0,1086.8,57.9,2400,0.0,0.0,16107,-563,73,discharging,None,None
19:02:47.047,sequential,8.3,365.8,162.7,30.0,1085.6,60.0,2400,0.0,0.0,16110,-399,73,discharging,None,None
19:02:47.550,sequential,8.3,379.9,166.0,80.7,1085.6,59.5,2400,0.0,0.0,16066,-522,73,discharging,None,None
19:02:48.054,sequential,8.3,379.9,166.0,0.0,1085.4,57.3,2400,0.0,0.0,16094,-582,73,discharging,None,None
19:02:48.557,sequential,8.3,379.9,166.0,0.0,1085.4,57.3,2400,0.0,0.0,16108,-458,73,discharging,None,None
19:02:49.064,sequential,8.3,366.2,166.0,84.2,1085.6,61.7,2400,0.0,0.0,16098,-453,73,discharging,None,None
19:02:49.567,sequential,8.3,366.2,162.7,23.0,1085.6,57.9,2400,0.0,0.0,16059,-599,73,discharging,None,None
19:02:50.071,sequential,8.3,366.2,162.7,0.0,1084.9,56.8,2400,0.0,0.0,16103,-544,73,discharging,None,None
19:02:50.579,sequential,8.3,366.2,162.7,41.6,1084.9,61.7,2400,0.0,0.0,16107,-399,73,discharging,None,None
19:02:51.082,sequential,8.3,368.7,157.4,65.5,1084.5,59.0,2400,0.0,0.0,16061,-560,73,discharging,None,None
19:02:51.586,sequential,8.3,368.7,157.4,0.0,1084.5,57.3,2400,0.0,0.0,16097,-598,73,discharging,None,None
19:02:52.090,sequential,8.3,368.7,157.4,0.0,1085.2,56.8,1800,0.0,0.0,16107,-437,73,discharging,None,None
19:02:52.595,sequential,8.3,369.4,157.4,99.5,1085.2,62.2,2400,0.0,0.0,16088,-471,73,discharging,None,None
19:02:53.098,sequential,8.3,369.4,168.5,10.4,1085.4,57.3,2400,0.0,0.0,16075,-591,73,discharging,None,None
19:02:53.602,sequential,8.3,369.4,168.5,0.0,1085.4,57.3,2400,0.0,0.0,16105,-520,73,discharging,None,None
19:02:54.108,sequential,8.3,369.4,168.5,54.7,1086.7,61.1,2400,0.0,0.0,16108,-399,73,discharging,None,None
19:02:54.611,sequential,8.3,367.4,161.1,53.0,1086.7,58.4,2400,0.0,0.0,16058,-582,73,discharging,None,None
19:02:55.115,sequential,8.3,367.4,161.1,0.0,1088.4,56.8,2400,0.0,0.0,16102,-599,73,discharging,None,None
19:02:55.623,sequential,8.3,367.4,161.1,13.6,1088.4,59.0,2400,0.0,0.0,16107,-415,73,discharging,None,None
19:02:56.126,sequential,8.3,368.1,165.8,96.6,1088.9,61.7,2400,0.0,0.0,16070,-500,73,discharging,None,None
19:02:56.630,sequential,8.3,368.1,165.8,0.0,1088.9,57.9,2400,0.0,0.0,16089,-600,73,discharging,None,None
19:02:57.133,sequential,8.3,368.1,165.8,0.0,1088.4,56.8,2400,0.0,0.0,16107,-497,73,discharging,None,None
19:02:57.640,sequential,8.3,368.1,165.8,68.3,1088.4,62.2,2400,0.0,0.0,16109,-401,73,discharging,None,None
19:02:58.143,sequential,8.3,379.0,161.9,41.8,1088.2,57.9,2400,0.0,0.0,16060,-577,73,discharging,None,None
19:02:58.647,sequential,8.3,379.0,161.9,0.0,1088.2,57.3,2400,0.0,0.0,16104,-577,73,discharging,None,None
19:02:59.155,sequential,8.3,379.0,161.9,22.5,1087.2,60.6,2400,0.0,0.0,16108,-401,73,discharging,None,None
19:02:59.659,sequential,8.3,369.7,163.2,85.2,1087.2,59.5,2400,0.0,0.0,16065,-520,73,discharging,None,None
19:03:00.162,sequential,8.3,369.7,163.2,0.0,1086.6,57.9,2400,0.0,0.0,16095,-598,73,discharging,None,None
19:03:00.665,sequential,8.3,369.7,163.2,0.0,1087.0,56.8,2400,0.0,0.0,16107,-477,73,discharging,None,None
19:03:01.176,sequential,8.3,364.6,163.2,79.7,1086.9,61.7,2400,0.0,0.0,16108,-431,73,discharging,None,None
19:03:01.680,sequential,8.3,364.6,168.2,28.6,1087.2,58.4,2400,0.0,0.0,16062,-599,73,discharging,None,None
19:03:02.183,sequential,8.3,364.6,168.2,0.5,1086.6,56.8,2400,0.0,0.0,16105,-568,73,discharging,None,None
19:03:02.691,sequential,8.3,364.6,168.2,35.7,1086.6,61.1,2400,0.0,0.0,16107,-399,73,discharging,None,None
19:03:03.194,sequential,8.3,372.0,167.4,73.5,1087.0,59.0,2400,0.0,0.0,16065,-530,73,discharging,None,None
19:03:03.698,sequential,8.3,372.0,167.4,0.0,1088.2,57.3,2400,0.0,0.0,16094,-593,73,discharging,None,None
19:03:04.201,sequential,8.3,372.0,167.4,0.0,1088.2,56.2,2400,0.0,0.0,16107,-461,73,discharging,None,None
19:03:04.708,sequential,8.3,367.5,167.4,91.6,1088.2,62.2,2400,0.0,0.0,16098,-449,73,discharging,None,None
19:03:05.212,sequential,8.3,367.5,166.7,16.5,1087.9,57.9,2400,0.0,0.0,16058,-599,73,discharging,None,None
19:03:05.716,sequential,8.3,367.5,166.7,0.0,1087.9,57.3,2400,0.0,0.0,16107,-454,73,discharging,None,None
19:03:06.224,sequential,8.3,367.5,166.7,49.0,1088.4,61.7,2400,0.0,0.0,16093,-459,73,discharging,None,None
19:03:06.728,sequential,8.3,364.5,164.0,59.2,1089.4,59.0,2400,0.0,0.0,16058,-598,73,discharging,None,None
19:03:07.231,sequential,8.3,364.5,164.0,0.0,1088.9,56.2,2400,0.0,0.0,16104,-539,73,discharging,None,None
19:03:07.739,sequential,8.3,364.5,164.0,5.0,1088.9,57.3,1800,0.0,0.0,16107,-397,73,discharging,None,None
19:03:08.243,sequential,8.3,375.6,164.6,100.0,1088.9,62.2,2400,0.0,0.0,16060,-548,73,discharging,None,None
19:03:08.746,sequential,8.3,375.6,164.6,4.5,1088.4,57.3,2400,0.0,0.0,16097,-587,73,discharging,None,None
19:03:09.250,sequential,8.3,375.6,164.6,0.5,1087.0,56.8,2400,0.0,0.0,16106,-436,73,discharging,None,None
19:03:09.759,sequential,8.3,375.6,164.6,60.3,1087.0,62.2,2400,0.0,0.0,16079,-481,73,discharging,None,None
19:03:10.262,sequential,8.3,366.8,165.9,47.8,1086.2,57.9,2400,0.0,0.0,16073,-598,73,discharging,None,None
19:03:10.766,sequential,8.3,366.8,165.9,0.0,1086.2,56.8,2400,0.0,0.0,16105,-517,73,discharging,None,None
19:03:11.275,sequential,8.3,366.8,165.9,17.4,1085.8,59.5,2400,0.0,0.0,16109,-400,73,discharging,None,None
19:03:11.778,sequential,8.3,369.4,164.8,90.6,1086.2,60.0,2400,0.0,0.0,16057,-583,73,discharging,None,None
19:03:12.282,sequential,8.3,369.4,164.8,0.0,1086.0,57.3,2400,0.0,0.0,16099,-599,73,discharging,None,None
19:03:12.786,sequential,8.3,369.4,164.8,0.0,1086.0,57.9,2400,0.0,0.0,16106,-414,73,discharging,None,None
19:03:13.291,sequential,8.3,369.4,164.8,74.3,1085.7,62.2,2400,0.0,0.0,16082,-476,73,discharging,None,None
19:03:13.795,sequential,8.3,382.7,157.1,35.5,1085.7,57.9,2400,0.0,0.0,16087,-579,73,discharging,None,None
19:03:14.298,sequential,8.3,382.7,157.1,0.5,1085.6,56.8,2400,0.0,0.0,16105,-501,73,discharging,None,None
19:03:14.803,sequential,8.3,382.7,157.1,28.3,1085.6,60.6,2400,0.0,0.0,16106,-412,73,discharging,None,None
19:03:15.307,sequential,8.3,365.1,166.1,79.7,1085.6,60.6,2400,0.0,0.0,16059,-597,73,discharging,None,None
19:03:15.810,sequential,8.3,365.1,166.1,2.0,1085.6,57.9,2400,0.0,0.0,16101,-589,73,discharging,None,None
19:03:16.314,sequential,11.8,365.1,166.1,2.0,1085.6,57.3,2400,0.0,0.0,16105,-408,73,discharging,None,None
19:03:16.825,sequential,11.8,402.4,166.1,85.3,1085.6,61.1,2400,0.0,0.0,16065,-523,72,discharging,None,None
19:03:17.329,sequential,11.8,402.4,175.7,32.8,1088.4,58.4,2400,0.0,0.0,16090,-615,72,discharging,None,None
19:03:17.833,sequential,8.3,402.4,175.7,2.0,1088.4,57.3,2400,0.0,0.0,16105,-500,72,discharging,None,None
19:03:18.340,sequential,8.3,402.4,175.7,35.0,1088.4,58.4,1600,0.0,0.0,16110,-411,72,discharging,None,None
19:03:18.844,sequential,8.3,435.0,173.8,90.0,1088.5,60.0,2400,0.0,0.0,16063,-564,72,discharging,None,None
19:03:19.347,sequential,8.3,435.0,173.8,2.0,1088.5,57.3,2400,0.0,0.0,16099,-584,72,discharging,None,None
19:03:19.851,sequential,8.4,435.0,173.8,1.5,1087.6,56.8,2400,0.0,0.0,16106,-430,72,discharging,None,None
19:03:20.359,sequential,8.4,435.0,173.8,75.6,1087.6,62.2,2400,0.0,0.0,16070,-499,72,discharging,None,None
19:03:20.863,sequential,8.4,409.8,174.2,44.8,1087.4,58.4,2400,0.0,0.0,16067,-619,72,discharging,None,None
19:03:21.366,sequential,8.3,409.8,174.2,10.0,1087.0,57.9,2400,0.0,0.0,16096,-538,72,discharging,None,None
19:03:21.875,sequential,8.3,409.8,174.2,23.9,1086.6,60.0,2400,0.0,0.0,16104,-419,72,discharging,None,None
19:03:22.379,sequential,7.9,397.8,175.8,94.6,1086.1,60.6,2400,0.0,0.0,16055,-580,72,discharging,None,None
19:03:22.883,sequential,7.9,397.8,175.8,2.5,1085.8,58.4,2400,0.0,0.0,16094,-618,72,discharging,None,None
19:03:23.386,sequential,7.9,397.8,175.8,2.0,1085.8,57.3,1900,0.0,0.0,16103,-445,72,discharging,None,None
19:03:23.895,sequential,8.4,397.8,175.8,71.5,1085.8,63.4,2400,0.0,0.0,16092,-460,72,discharging,None,None
19:03:24.398,sequential,8.4,410.4,176.9,50.2,1086.0,58.4,2400,0.0,0.0,16058,-594,72,discharging,None,None
19:03:24.902,sequential,8.3,410.4,176.9,2.5,1085.6,57.3,2400,0.0,0.0,16102,-542,72,discharging,None,None
19:03:25.412,sequential,8.3,410.4,176.9,18.0,1085.6,59.5,2400,0.0,0.0,16105,-408,72,discharging,None,None
19:03:25.916,sequential,8.3,411.3,174.7,99.5,1085.6,62.8,2400,0.0,0.0,16058,-565,72,discharging,None,None
19:03:26.419,sequential,8.3,411.3,174.7,4.5,1085.5,59.0,2400,0.0,0.0,16092,-619,72,discharging,None,None
19:03:26.923,sequential,8.3,411.3,174.7,2.0,1085.0,57.3,2400,0.0,0.0,16103,-462,72,discharging,None,None
19:03:27.431,sequential,8.4,411.3,174.7,63.4,1085.0,62.2,2400,0.0,0.0,16093,-464,72,discharging,None,None
19:03:27.934,sequential,8.4,404.7,174.8,56.2,1085.2,60.0,2400,0.0,0.0,16055,-617,72,discharging,None,None
19:03:28.438,sequential,8.3,404.7,174.8,2.5,1085.2,56.8,2400,0.0,0.0,16101,-563,72,discharging,None,None
19:03:28.947,sequential,8.3,404.7,174.8,10.4,1085.1,57.9,1700,0.0,0.0,16104,-404,72,discharging,None,None
19:03:29.451,sequential,8.3,444.5,174.8,99.0,1085.1,62.8,2400,0.0,0.0,16064,-524,72,discharging,None,None
19:03:29.955,sequential,8.3,444.5,168.9,16.3,1084.7,59.5,2400,0.0,0.0,16090,-606,72,discharging,None,None
19:03:30.459,sequential,8.3,444.5,168.9,2.5,1090.8,57.9,2400,0.0,0.0,16104,-485,72,discharging,None,None
19:03:30.967,sequential,8.4,444.5,168.9,52.0,1098.6,61.7,2400,0.0,0.0,16104,-437,72,discharging,None,None
19:03:31.471,sequential,8.4,410.6,169.0,67.3,1098.6,59.0,2400,0.0,0.0,16060,-616,72,discharging,None,None
19:03:31.975,sequential,8.3,410.6,169.0,3.0,1097.5,57.9,2400,0.0,0.0,16101,-588,72,discharging,None,None
19:03:32.478,sequential,8.3,410.6,169.0,2.5,1097.5,57.3,2400,0.0,0.0,16104,-409,72,discharging,None,None
19:03:32.986,sequential,8.3,406.8,169.0,98.0,1097.2,63.4,2400,0.0,0.0,16066,-524,72,discharging,None,None
19:03:33.490,sequential,8.3,406.8,356.8,34.2,1095.9,58.4,2400,0.0,0.0,16076,-634,72,discharging,None,None
19:03:33.993,sequential,8.3,406.8,356.8,2.5,1099.4,57.3,2400,0.0,0.0,16101,-520,72,discharging,None,None
19:03:34.502,sequential,7.9,406.8,356.8,12.8,1099.8,57.9,1900,0.0,0.0,16108,-397,72,discharging,None,None
19:03:35.010,sequential,7.9,413.8,356.8,100.0,1099.9,62.8,2400,0.0,0.0,16066,-508,72,discharging,None,None
19:03:35.513,sequential,8.3,413.8,181.7,12.9,1099.4,57.3,2400,0.0,0.0,16091,-598,72,discharging,None,None
19:03:36.017,sequential,8.3,413.8,181.7,2.5,1097.0,57.3,2400,0.0,0.0,16102,-486,72,discharging,None,None
19:03:36.524,sequential,8.3,413.8,181.7,56.4,1097.0,61.1,2400,0.0,0.0,16103,-436,72,discharging,None,None
19:03:37.027,sequential,8.3,398.8,174.8,61.3,1094.0,59.5,2400,0.0,0.0,16057,-616,72,discharging,None,None
19:03:37.531,sequential,8.3,398.8,174.8,2.5,1094.2,57.9,2400,0.0,0.0,16099,-588,72,discharging,None,None
19:03:38.042,sequential,8.4,398.8,174.8,6.8,1092.6,59.0,2400,0.0,0.0,16104,-408,72,discharging,None,None
19:03:38.551,sequential,8.4,407.1,174.8,100.0,1092.6,62.2,2400,0.0,0.0,16062,-525,72,discharging,None,None
19:03:39.055,sequential,8.4,407.1,174.9,16.3,1092.1,58.4,2400,0.0,0.0,16085,-618,72,discharging,None,None
19:03:39.558,sequential,8.3,407.1,174.9,2.5,1092.5,57.3,2400,0.0,0.0,16103,-501,72,discharging,None,None
19:03:40.067,sequential,8.3,407.1,174.9,52.7,1091.8,59.0,2400,0.0,0.0,16108,-409,72,discharging,None,None
19:03:40.570,sequential,8.3,441.0,180.2,73.9,1091.4,59.5,2400,0.0,0.0,16058,-564,72,discharging,None,None
19:03:41.074,sequential,8.3,441.0,180.2,2.5,1089.8,57.9,2400,0.0,0.0,16095,-589,72,discharging,None,None
19:03:41.577,sequential,8.4,441.0,180.2,2.5,1089.8,57.3,2400,0.0,0.0,16103,-434,72,discharging,None,None
19:03:42.083,sequential,8.4,406.8,180.2,91.1,1089.8,62.2,2400,0.0,0.0,16071,-494,72,discharging,None,None
19:03:42.587,sequential,8.4,406.8,174.3,29.7,1089.1,59.0,2400,0.0,0.0,16064,-618,72,discharging,None,None
19:03:43.090,sequential,8.3,406.8,174.3,2.5,1088.8,57.9,2400,0.0,0.0,16100,-532,72,discharging,None,None
19:03:43.599,sequential,8.3,406.8,174.3,38.5,1088.8,61.7,2400,0.0,0.0,16102,-408,72,discharging,None,None
19:03:44.102,sequential,8.3,413.0,175.6,82.4,1088.9,59.5,2400,0.0,0.0,16053,-574,72,discharging,None,None
19:03:44.606,sequential,8.3,413.0,175.6,2.5,1088.9,57.9,2400,0.0,0.0,16089,-621,72,discharging,None,None
19:03:45.111,sequential,8.3,413.0,175.6,2.5,1088.2,58.4,1600,0.0,0.0,16101,-454,72,discharging,None,None
19:03:45.619,sequential,8.3,413.0,175.6,71.6,1088.2,61.7,2400,0.0,0.0,16100,-433,72,discharging,None,None
19:03:46.122,sequential,8.3,404.6,182.8,58.1,1087.4,59.0,2400,0.0,0.0,16057,-615,72,discharging,None,None
19:03:46.626,sequential,8.0,404.6,182.8,3.0,1087.4,58.4,2400,0.0,0.0,16100,-594,72,discharging,None,None
19:03:47.135,sequential,8.0,404.6,182.8,8.5,1087.2,59.0,2400,0.0,0.0,16103,-412,72,discharging,None,None
19:03:47.644,sequential,8.3,400.5,182.8,100.0,1087.2,62.8,2400,0.0,0.0,16066,-518,72,discharging,None,None
19:03:48.147,sequential,8.3,400.5,179.9,10.9,1087.2,57.9,2400,0.0,0.0,16082,-618,72,discharging,None,None
19:03:48.651,sequential,8.3,400.5,179.9,2.5,1087.2,57.9,2400,0.0,0.0,16100,-508,72,discharging,None,None
19:03:49.159,sequential,8.3,400.5,179.9,56.7,1086.5,61.7,2400,0.0,0.0,16103,-420,72,discharging,None,None
19:03:49.663,sequential,8.3,420.3,171.8,65.0,1094.0,59.5,2400,0.0,0.0,16052,-597,72,discharging,None,None
19:03:50.166,sequential,8.3,420.3,171.8,2.5,1092.5,57.9,2400,0.0,0.0,16094,-610,72,discharging,None,None
19:03:50.672,sequential,8.3,420.3,171.8,3.5,1092.5,56.8,1600,0.0,0.0,16104,-424,72,discharging,None,None
19:03:51.180,sequential,8.3,427.5,171.8,99.5,1091.7,61.7,2400,0.0,0.0,16082,-462,72,discharging,None,None
19:03:51.683,sequential,8.3,427.5,175.0,23.4,1091.8,58.4,2400,0.0,0.0,16060,-598,72,discharging,None,None
19:03:52.187,sequential,8.3,427.5,175.0,2.5,1091.0,57.3,2400,0.0,0.0,16100,-535,72,discharging,None,None
19:03:52.695,sequential,8.4,427.5,175.0,44.8,1091.0,61.7,2400,0.0,0.0,16103,-408,72,discharging,None,None
19:03:53.199,sequential,8.4,412.4,174.8,75.9,1089.2,59.0,2400,0.0,0.0,16054,-571,72,discharging,None,None
19:03:53.702,sequential,8.3,412.4,174.8,3.0,1089.2,59.0,2400,0.0,0.0,16089,-620,72,discharging,None,None
19:03:54.206,sequential,8.3,412.4,174.8,2.5,1088.2,57.9,2400,0.0,0.0,16101,-457,72,discharging,None,None
19:03:54.712,sequential,8.3,412.2,174.8,89.7,1088.2,62.2,2400,0.0,0.0,16086,-471,72,discharging,None,None
19:03:55.216,sequential,8.3,412.2,165.1,29.4,1088.2,58.4,2400,0.0,0.0,16052,-617,72,discharging,None,None
19:03:55.719,sequential,8.3,412.2,165.1,2.5,1088.2,57.9,2400,0.0,0.0,16099,-555,72,discharging,None,None
19:03:56.227,sequential,8.3,412.2,165.1,38.8,1087.6,61.1,2400,0.0,0.0,16102,-403,72,discharging,None,None
19:03:56.731,sequential,8.3,413.0,178.0,83.3,1087.6,59.5,2400,0.0,0.0,16060,-534,72,discharging,None,None
19:03:57.361,sequential,8.3,413.0,178.0,9.1,1086.7,57.9,2400,0.0,0.0,16098,-568,72,discharging,None,None
19:03:57.868,sequential,8.3,413.0,178.0,9.9,1085.9,59.5,2400,0.0,0.0,16099,-419,72,discharging,None,None
19:03:58.372,sequential,8.3,405.5,178.0,100.0,1085.9,63.4,2400,0.0,0.0,16058,-558,72,discharging,None,None
19:03:58.876,sequential,7.9,405.5,176.6,12.9,1085.7,57.9,2400,0.0,0.0,16089,-619,72,discharging,None,None
19:03:59.380,sequential,7.9,405.5,176.6,2.5,1085.7,57.9,2400,0.0,0.0,16102,-478,72,discharging,None,None
19:03:59.887,sequential,8.3,405.5,176.6,55.7,1085.7,62.2,2400,0.0,0.0,16102,-445,72,discharging,None,None
19:04:00.390,sequential,8.3,412.0,169.0,64.5,1085.5,59.5,2400,0.0,0.0,16056,-617,72,discharging,None,None
19:04:00.894,sequential,8.4,412.0,169.0,2.5,1086.1,58.4,2400,0.0,0.0,16097,-581,72,discharging,None,None
19:04:01.401,sequential,8.4,412.0,169.0,4.0,1086.1,56.8,1600,0.0,0.0,16101,-408,72,discharging,None,None
19:04:01.908,sequential,8.4,446.2,169.0,99.5,1086.1,60.6,2400,0.0,0.0,16078,-487,72,discharging,None,None
19:04:02.412,sequential,8.3,446.2,172.9,26.2,1085.8,57.9,2400,0.0,0.0,16082,-589,72,discharging,None,None
19:04:02.915,sequential,8.3,446.2,172.9,2.5,1085.8,57.3,2400,0.0,0.0,16100,-508,72,discharging,None,None
19:04:03.423,sequential,8.3,446.2,172.9,41.7,1085.8,61.7,2400,0.0,0.0,16100,-420,72,discharging,None,None
19:04:03.927,sequential,8.3,411.1,170.2,77.5,1086.2,59.5,2400,0.0,0.0,16051,-599,72,discharging,None,None
19:04:04.430,sequential,8.3,411.1,170.2,2.5,1086.6,57.9,2400,0.0,0.0,16094,-607,72,discharging,None,None
19:04:04.934,sequential,8.4,411.1,170.2,4.9,1086.2,57.3,2400,0.0,0.0,16101,-428,72,discharging,None,None
19:04:05.441,sequential,8.4,400.8,170.2,87.8,1086.2,61.7,2400,0.0,0.0,16066,-501,72,discharging,None,None
19:04:05.945,sequential,8.3,400.8,180.4,31.2,1085.8,56.8,2400,0.0,0.0,16068,-616,72,discharging,None,None
19:04:06.449,sequential,8.3,400.8,180.4,1.5,1085.8,57.9,2400,0.0,0.0,16099,-523,72,discharging,None,None
19:04:06.956,sequential,8.2,400.8,180.4,37.1,1086.7,59.0,2400,0.0,0.0,16104,-401,72,discharging,None,None
19:04:07.460,sequential,8.2,413.1,179.6,85.0,1086.5,60.6,2400,0.0,0.0,16056,-555,72,discharging,None,None
19:04:07.963,sequential,8.2,413.1,179.6,1.5,1086.0,59.0,2400,0.0,0.0,16090,-602,72,discharging,None,None
19:04:08.467,sequential,8.5,413.1,179.6,2.0,1086.0,56.8,2400,0.0,0.0,16100,-446,72,discharging,None,None
19:04:08.980,sequential,8.5,401.5,179.6,79.9,1086.2,61.7,2400,0.0,0.0,16075,-481,72,discharging,None,None
19:04:09.484,sequential,8.3,401.5,187.8,48.3,1086.2,58.4,2400,0.0,0.0,16053,-619,72,discharging,None,None
19:04:09.987,sequential,8.3,401.5,187.8,2.0,1086.0,57.9,2400,0.0,0.0,16094,-555,72,discharging,None,None
19:04:10.495,sequential,8.3,401.5,187.8,26.8,1086.0,59.0,2400,0.0,0.0,16100,-418,72,discharging,None,None
19:04:10.999,sequential,7.9,399.6,186.9,93.1,1086.6,60.0,2400,0.0,0.0,16055,-561,72,discharging,None,None
19:04:11.503,sequential,7.9,399.6,186.9,2.0,1086.6,57.9,2400,0.0,0.0,16085,-624,72,discharging,None,None
19:04:12.006,sequential,8.4,399.6,186.9,2.0,1088.1,57.3,1900,0.0,0.0,16099,-480,72,discharging,None,None
19:04:12.515,sequential,8.4,399.6,186.9,72.6,1088.1,62.8,2400,0.0,0.0,16097,-454,72,discharging,None,None
19:04:13.019,sequential,8.3,412.4,186.3,49.3,1087.7,59.0,2400,0.0,0.0,16055,-615,72,discharging,None,None
19:04:13.523,sequential,8.3,412.4,186.3,2.0,1092.1,57.3,2400,0.0,0.0,16097,-586,72,discharging,None,None
19:04:14.032,sequential,8.3,412.4,186.3,17.6,1092.0,59.5,2400,0.0,0.0,16101,-416,72,discharging,None,None
19:04:14.539,sequential,8.3,401.0,173.6,98.6,1092.0,62.2,2400,0.0,0.0,16060,-543,72,discharging,None,None
19:04:15.043,sequential,8.3,401.0,173.6,1.5,1092.2,58.4,2400,0.0,0.0,16087,-616,72,discharging,None,None
19:04:15.546,sequential,8.4,401.0,173.6,1.5,1093.2,57.9,2400,0.0,0.0,16099,-482,72,discharging,None,None
19:04:16.056,sequential,8.4,401.0,173.6,66.3,1100.6,60.0,2400,0.0,0.0,16100,-441,72,discharging,None,None
19:04:16.560,sequential,8.3,400.6,186.7,54.9,1098.7,58.4,2400,0.0,0.0,16055,-618,72,discharging,None,None
19:04:17.063,sequential,8.3,400.6,186.7,2.0,1097.7,58.4,2400,0.0,0.0,16096,-586,72,discharging,None,None
19:04:17.572,sequential,8.3,400.6,186.7,13.6,1097.7,57.9,1600,0.0,0.0,16100,-404,72,discharging,None,None
19:04:18.076,sequential,8.3,405.9,186.7,99.5,1096.0,62.2,2400,0.0,0.0,16060,-505,72,discharging,None,None
19:04:18.580,sequential,8.3,405.9,186.6,9.1,1095.4,58.4,2400,0.0,0.0,16082,-604,72,discharging,None,None
19:04:19.083,sequential,8.4,405.9,186.6,1.5,1093.4,57.3,2400,0.0,0.0,16099,-502,72,discharging,None,None
19:04:19.591,sequential,8.4,405.9,186.6,57.5,1093.4,61.1,2400,0.0,0.0,16101,-421,72,discharging,None,None
19:04:20.095,sequential,8.4,396.6,174.4,60.2,1091.9,59.0,2400,0.0,0.0,16052,-603,72,discharging,None,None
19:04:20.598,sequential,8.3,396.6,174.4,2.0,1091.9,57.9,2400,0.0,0.0,16094,-601,72,discharging,None,None
19:04:21.104,sequential,8.3,396.6,174.4,7.9,1090.6,58.4,2400,0.0,0.0,16099,-420,72,discharging,None,None
19:04:21.654,sequential,8.3,583.0,174.4,93.6,1090.6,60.6,2400,0.0,0.0,16062,-507,72,discharging,None,None
19:04:22.158,sequential,8.3,583.0,169.7,37.8,1089.0,58.4,2400,0.0,0.0,16061,-650,72,discharging,None,None
19:04:22.662,sequential,8.3,583.0,169.7,1.5,1089.0,57.3,1900,0.0,0.0,16098,-554,72,discharging,None,None
19:04:23.168,sequential,7.3,583.0,169.7,29.9,1087.9,59.5,2400,0.0,0.0,16103,-398,72,discharging,None,None
19:04:23.672,sequential,7.3,420.0,167.9,92.0,1087.9,60.6,2400,0.0,0.0,16060,-498,72,discharging,None,None
19:04:24.176,sequential,8.3,420.0,167.9,2.0,1088.4,57.3,2400,0.0,0.0,16085,-599,72,discharging,None,None
19:04:24.679,sequential,8.3,420.0,167.9,2.0,1088.4,57.9,2400,0.0,0.0,16097,-497,72,discharging,None,None
19:04:25.187,sequential,8.3,420.0,167.9,73.4,1088.0,62.8,2400,0.0,0.0,16099,-427,72,discharging,None,None
19:04:25.691,sequential,8.3,398.8,177.2,45.3,1088.0,57.9,2400,0.0,0.0,16051,-610,72,discharging,None,None
19:04:26.194,sequential,8.3,398.8,177.2,2.0,1089.2,57.3,2400,0.0,0.0,16094,-597,72,discharging,None,None
19:04:26.702,sequential,8.3,398.8,177.2,22.1,1089.2,59.5,2400,0.0,0.0,16099,-415,72,discharging,None,None
19:04:27.206,sequential,8.3,402.6,180.2,96.6,1088.7,61.1,2400,0.0,0.0,16063,-514,72,discharging,None,None
19:04:27.709,sequential,8.3,402.6,180.2,2.0,1088.7,57.9,2400,0.0,0.0,16078,-617,72,discharging,None,None
19:04:28.213,sequential,8.3,402.6,180.2,2.0,1088.8,57.3,1800,0.0,0.0,16097,-511,72,discharging,None,None
19:04:28.720,sequential,8.3,402.6,180.2,69.2,1088.8,61.7,2400,0.0,0.0,16102,-405,72,discharging,None,None
19:04:29.223,sequential,8.3,398.9,178.7,50.8,1088.4,57.9,2400,0.0,0.0,16050,-582,72,discharging,None,None
19:04:29.727,sequential,8.3,398.9,178.7,1.5,1088.4,57.3,2400,0.0,0.0,16091,-608,72,discharging,None,None
19:04:30.237,sequential,8.4,398.9,178.7,16.5,1087.3,59.5,2400,0.0,0.0,16097,-429,72,discharging,None,None
19:04:30.741,sequential,8.4,409.0,175.5,99.5,1087.3,61.7,2400,0.0,0.0,16065,-588,72,discharging,None,None
19:04:31.244,sequential,8.3,409.0,175.5,5.5,1086.9,57.3,2400,0.0,0.0,16088,-616,72,discharging,None,None
19:04:31.748,sequential,8.3,409.0,175.5,2.0,1086.9,56.8,2400,0.0,0.0,16098,-438,72,discharging,None,None
19:04:32.256,sequential,8.3,409.0,175.5,63.1,1086.3,61.7,2400,0.0,0.0,16067,-490,72,discharging,None,None
19:04:32.759,sequential,8.3,411.5,173.4,57.5,1086.3,58.4,2400,0.0,0.0,16054,-619,72,discharging,None,None
19:04:33.263,sequential,8.3,411.5,173.4,2.0,1086.0,57.3,2400,0.0,0.0,16095,-538,72,discharging,None,None
19:04:33.772,sequential,8.3,411.5,173.4,19.4,1088.6,59.0,2400,0.0,0.0,16101,-408,72,discharging,None,None
19:04:34.276,sequential,8.3,414.4,173.4,100.0,1089.0,62.2,2400,0.0,0.0,16052,-569,72,discharging,None,None
19:04:34.780,sequential,8.3,414.4,187.4,15.4,1089.1,57.3,2400,0.0,0.0,16085,-625,72,discharging,None,None
19:04:35.283,sequential,8.0,414.4,187.4,3.0,1089.3,56.8,2400,0.0,0.0,16097,-462,72,discharging,None,None
19:04:35.791,sequential,8.0,414.4,187.4,51.7,1089.3,61.1,2400,0.0,0.0,16087,-463,72,discharging,None,None
19:04:36.294,sequential,8.3,396.0,175.5,66.7,1088.1,59.0,2400,0.0,0.0,16050,-615,72,discharging,None,None
19:04:36.798,sequential,8.3,396.0,175.5,2.0,1088.1,57.9,2400,0.0,0.0,16094,-560,72,discharging,None,None
19:04:37.302,sequential,8.4,396.0,175.5,2.0,1087.5,56.8,2400,0.0,0.0,16098,-409,72,discharging,None,None
19:04:37.812,sequential,8.4,411.3,175.5,98.5,1087.3,62.8,2400,0.0,0.0,16053,-552,72,discharging,None,None
19:04:38.315,sequential,8.4,411.3,173.1,20.4,1086.5,58.4,2400,0.0,0.0,16086,-618,72,discharging,None,None
19:04:38.819,sequential,8.3,411.3,173.1,2.5,1086.5,57.3,1600,0.0,0.0,16097,-471,72,discharging,None,None
19:04:39.327,sequential,8.3,411.3,173.1,47.7,1087.2,61.7,2400,0.0,0.0,16101,-417,72,discharging,None,None
19:04:39.831,sequential,8.3,422.2,172.7,74.9,1086.9,60.0,2400,0.0,0.0,16053,-593,72,discharging,None,None
19:04:40.334,sequential,8.3,422.2,172.7,3.4,1086.9,57.3,2400,0.0,0.0,16094,-581,72,discharging,None,None
19:04:40.838,sequential,8.3,422.2,172.7,2.5,1086.6,56.8,2400,0.0,0.0,16098,-408,72,discharging,None,None
19:04:41.347,sequential,8.3,398.9,172.7,90.5,1086.6,61.7,2400,0.0,0.0,16057,-533,72,discharging,None,None
19:04:41.851,sequential,8.3,398.9,177.5,28.1,1086.3,57.9,2400,0.0,0.0,16084,-615,72,discharging,None,None
19:04:42.355,sequential,8.3,398.9,177.5,2.5,1086.3,56.8,2400,0.0,0.0,16096,-490,72,discharging,None,None
19:04:42.863,sequential,8.3,398.9,177.5,41.1,1086.3,61.1,2400,0.0,0.0,16100,-432,72,discharging,None,None
19:04:43.366,sequential,8.3,397.9,184.1,79.3,1086.3,59.0,2400,0.0,0.0,16052,-612,72,discharging,None,None
19:04:43.870,sequential,8.3,397.9,184.1,2.0,1085.9,57.9,2400,0.0,0.0,16096,-593,72,discharging,None,None
19:04:44.373,sequential,8.3,397.9,184.1,2.5,1085.9,57.9,1600,0.0,0.0,16099,-410,72,discharging,None,None
19:04:44.883,sequential,8.3,403.0,184.1,87.2,1089.4,61.7,2400,0.0,0.0,16062,-498,72,discharging,None,None
19:04:45.386,sequential,8.3,403.0,182.6,33.8,1089.2,57.9,2400,0.0,0.0,16076,-602,72,discharging,None,None
19:04:45.890,sequential,8.4,403.0,182.6,10.4,1088.8,56.8,2400,0.0,0.0,16094,-518,72,discharging,None,None
19:04:46.395,sequential,8.4,403.0,182.6,35.0,1088.8,60.6,2400,0.0,0.0,16097,-428,72,discharging,None,None
19:04:46.899,sequential,7.9,402.4,175.8,85.5,1088.4,60.0,2400,0.0,0.0,16047,-596,72,discharging,None,None
19:04:47.402,sequential,7.9,402.4,175.8,2.5,1088.4,57.3,2400,0.0,0.0,16089,-606,72,discharging,None,None
19:04:47.906,sequential,7.9,402.4,175.8,2.5,1087.6,57.3,2400,0.0,0.0,16097,-428,72,discharging,None,None
19:04:48.412,sequential,8.3,398.1,175.8,80.2,1087.6,61.7,2400,0.0,0.0,16061,-501,72,discharging,None,None
19:04:48.916,sequential,8.3,398.1,181.6,39.8,1087.3,57.9,2400,0.0,0.0,16063,-617,72,discharging,None,None
19:04:49.419,sequential,8.4,398.1,181.6,2.5,1087.3,57.3,2400,0.0,0.0,16094,-524,72,discharging,None,None
19:04:49.927,sequential,8.4,398.1,181.6,28.7,1087.3,59.5,2400,0.0,0.0,16100,-399,72,discharging,None,None
19:04:50.431,sequential,8.4,417.6,178.3,93.6,1087.0,60.6,2400,0.0,0.0,16051,-556,72,discharging,None,None
19:04:50.934,sequential,8.3,417.6,178.3,2.5,1086.5,57.3,2400,0.0,0.0,16087,-604,72,discharging,None,None
19:04:51.438,sequential,8.3,417.6,178.3,3.0,1086.5,56.8,2400,0.0,0.0,16096,-446,72,discharging,None,None
19:04:51.947,sequential,8.3,417.6,178.3,71.1,1086.5,61.7,2400,0.0,0.0,16076,-481,72,discharging,None,None
19:04:52.451,sequential,8.3,405.1,181.0,49.3,1086.1,58.4,2400,0.0,0.0,16048,-619,72,discharging,None,None
19:04:52.954,sequential,8.4,405.1,181.0,3.0,1085.9,57.3,2400,0.0,0.0,16094,-546,72,discharging,None,None
19:04:53.463,sequential,8.4,405.1,181.0,19.8,1085.9,60.0,2400,0.0,0.0,16096,-407,72,discharging,None,None
19:04:53.966,sequential,8.4,398.4,175.5,99.0,1085.9,62.2,2400,0.0,0.0,16049,-562,72,discharging,None,None
19:04:54.470,sequential,8.3,398.4,175.5,3.0,1085.9,57.9,2400,0.0,0.0,16082,-617,72,discharging,None,None
19:04:54.973,sequential,8.3,398.4,175.5,2.0,1085.7,57.9,1800,0.0,0.0,16096,-462,72,discharging,None,None
19:04:55.480,sequential,8.3,398.4,175.5,67.0,1086.1,60.0,2400,0.0,0.0,16093,-439,72,discharging,None,None
19:04:55.983,sequential,8.3,419.9,172.0,55.3,1086.1,59.0,2400,0.0,0.0,16047,-596,72,discharging,None,None
19:04:56.487,sequential,8.4,419.9,172.0,3.0,1086.1,57.3,2400,0.0,0.0,16093,-564,72,discharging,None,None
19:04:56.995,sequential,8.4,419.9,172.0,12.3,1085.8,58.4,2400,0.0,0.0,16096,-407,72,discharging,None,None
19:04:57.503,sequential,8.4,407.4,172.0,100.0,1085.8,62.2,2400,0.0,0.0,16053,-548,72,discharging,None,None
19:04:58.006,sequential,8.3,407.4,172.4,18.2,1085.6,57.9,2400,0.0,0.0,16082,-629,72,discharging,None,None
19:04:58.510,sequential,8.3,407.4,172.4,2.5,1085.6,56.8,2400,0.0,0.0,16095,-489,72,discharging,None,None
19:04:59.019,sequential,7.9,407.4,172.4,58.7,1085.6,61.7,2400,0.0,0.0,16097,-446,72,discharging,None,None
19:04:59.522,sequential,7.9,403.0,191.8,61.4,1085.3,58.4,2400,0.0,0.0,16050,-618,72,discharging,None,None
19:05:00.026,sequential,7.9,403.0,191.8,3.0,1085.1,57.3,2400,0.0,0.0,16093,-581,72,discharging,None,None
19:05:00.539,sequential,8.4,403.0,191.8,5.5,1085.1,56.8,1600,0.0,0.0,16096,-404,72,discharging,None,None
19:05:01.044,sequential,8.4,406.9,191.8,100.0,1085.1,61.7,2400,0.0,0.0,16056,-509,72,discharging,None,None
19:05:01.547,sequential,8.3,406.9,182.9,17.7,1084.9,57.9,2400,0.0,0.0,16081,-605,72,discharging,None,None
19:05:02.051,sequential,8.3,406.9,182.9,2.5,1084.9,57.3,2400,0.0,0.0,16094,-500,72,discharging,None,None
19:05:02.560,sequential,8.3,406.9,182.9,50.7,1084.9,61.1,2400,0.0,0.0,16096,-424,72,discharging,None,None
19:05:03.064,sequential,8.3,399.2,171.5,67.6,1084.9,59.0,2400,0.0,0.0,16046,-606,72,discharging,None,None
19:05:03.568,sequential,8.3,399.2,171.5,2.5,1084.9,56.8,2400,0.0,0.0,16090,-598,72,discharging,None,None
19:05:04.071,sequential,8.4,399.2,171.5,2.5,1084.7,56.8,2400,0.0,0.0,16096,-417,72,discharging,None,None
19:05:04.579,sequential,8.4,409.6,171.5,98.5,1085.5,61.7,2400,0.0,0.0,16060,-511,72,discharging,None,None
19:05:05.083,sequential,8.3,409.6,172.4,21.8,1085.6,59.0,2400,0.0,0.0,16070,-618,72,discharging,None,None
19:05:05.586,sequential,8.3,409.6,172.4,2.0,1085.6,57.3,1900,0.0,0.0,16095,-515,72,discharging,None,None
19:05:06.095,sequential,8.3,409.6,172.4,46.8,1085.6,61.1,2400,0.0,0.0,16101,-400,72,discharging,None,None
19:05:06.598,sequential,8.3,426.7,176.0,77.0,1086.1,59.0,2400,0.0,0.0,16050,-563,72,discharging,None,None
19:05:07.102,sequential,8.3,426.7,176.0,2.5,1085.3,56.8,2400,0.0,0.0,16087,-604,72,discharging,None,None
19:05:07.606,sequential,8.4,426.7,176.0,3.0,1085.3,56.8,2400,0.0,0.0,16094,-441,72,discharging,None,None
19:05:08.116,sequential,8.4,398.8,176.0,88.6,1085.3,60.6,2400,0.0,0.0,16065,-488,72,discharging,None,None
19:05:08.620,sequential,8.3,398.8,181.3,31.0,1084.9,59.0,2400,0.0,0.0,16052,-616,72,discharging,None,None
19:05:09.123,sequential,8.3,398.8,181.3,2.5,1084.7,57.3,2400,0.0,0.0,16091,-537,72,discharging,None,None
19:05:09.631,sequential,8.3,398.8,181.3,37.2,1084.7,61.1,2400,0.0,0.0,16094,-408,72,discharging,None,None
19:05:10.135,sequential,8.3,569.3,181.3,89.7,1084.7,61.7,2400,0.0,0.0,16048,-569,72,discharging,None,None
19:05:10.639,sequential,8.3,569.3,169.2,14.4,1084.4,58.4,2400,0.0,0.0,16077,-644,72,discharging,None,None
19:05:11.143,sequential,7.6,569.3,169.2,3.0,1084.2,57.3,1900,0.0,0.0,16094,-483,72,discharging,None,None
19:05:11.652,sequential,7.6,569.3,169.2,53.2,1084.2,61.1,2400,0.0,0.0,16101,-398,72,discharging,None,None
19:05:12.156,sequential,7.6,426.8,172.3,70.2,1084.2,59.0,2400,0.0,0.0,16050,-564,72,discharging,None,None
19:05:12.659,sequential,8.3,426.8,172.3,2.5,1084.2,57.3,2400,0.0,0.0,16087,-602,72,discharging,None,None
19:05:13.163,sequential,8.3,426.8,172.3,2.5,1084.2,56.8,2400,0.0,0.0,16095,-436,72,discharging,None,None
19:05:13.671,sequential,8.3,399.5,172.3,95.5,1084.2,62.2,2400,0.0,0.0,16062,-493,72,discharging,None,None
19:05:14.174,sequential,8.3,399.5,177.5,24.0,1084.6,58.4,2400,0.0,0.0,16055,-616,72,discharging,None,None
19:05:14.679,sequential,8.4,399.5,177.5,5.8,1084.6,57.3,2400,0.0,0.0,16092,-531,72,discharging,None,None
19:05:15.187,sequential,8.4,399.5,177.5,46.6,1084.7,61.1,2400,0.0,0.0,16095,-408,72,discharging,None,None
19:05:15.690,sequential,8.4,401.6,178.6,73.9,1084.7,59.0,2400,0.0,0.0,16045,-576,72,discharging,None,None
19:05:16.194,sequential,8.3,401.6,178.6,1.5,1084.7,56.8,2400,0.0,0.0,16083,-618,72,discharging,None,None
19:05:16.698,sequential,8.3,401.6,178.6,2.0,1084.7,56.2,1800,0.0,0.0,16094,-449,72,discharging,None,None
19:05:17.204,sequential,8.3,424.9,178.6,92.1,1084.7,61.1,2400,0.0,0.0,16086,-443,72,discharging,None,None
19:05:17.708,sequential,8.3,424.9,182.5,33.0,1084.4,57.3,2400,0.0,0.0,16046,-592,72,discharging,None,None
19:05:18.212,sequential,8.3,424.9,182.5,1.5,1085.8,57.9,2400,0.0,0.0,16092,-556,72,discharging,None,None
19:05:18.720,sequential,8.3,424.9,182.5,35.0,1085.8,61.1,2400,0.0,0.0,16094,-407,72,discharging,None,None
19:05:19.223,sequential,8.3,400.8,185.8,85.5,1085.8,59.5,2400,0.0,0.0,16051,-554,72,discharging,None,None
19:05:19.727,sequential,8.3,400.8,185.8,2.0,1085.8,57.9,2400,0.0,0.0,16081,-617,72,discharging,None,None
19:05:20.230,sequential,8.3,400.8,185.8,2.0,1085.6,56.8,2400,0.0,0.0,16093,-472,72,discharging,None,None
19:05:20.735,sequential,8.3,401.2,185.8,79.5,1085.6,61.7,2400,0.0,0.0,16090,-451,72,discharging,None,None
19:05:21.238,sequential,8.3,401.2,175.2,39.8,1085.6,57.9,2400,0.0,0.0,16048,-616,72,discharging,None,None
19:05:21.742,sequential,8.3,401.2,175.2,2.0,1085.6,57.3,2400,0.0,0.0,16090,-574,72,discharging,None,None
19:05:22.251,sequential,8.4,401.2,175.2,36.5,1085.6,60.0,2400,0.0,0.0,16095,-408,72,discharging,None,None
19:05:22.754,sequential,8.4,404.0,178.0,91.2,1085.6,60.6,2400,0.0,0.0,16052,-620,72,discharging,None,None
19:05:23.258,sequential,7.9,404.0,178.0,1.5,1085.8,56.8,2400,0.0,0.0,16091,-581,72,discharging,None,None
19:05:23.761,sequential,7.9,404.0,178.0,2.0,1085.8,57.3,2400,0.0,0.0,16093,-408,72,discharging,None,None
19:05:24.268,sequential,7.9,404.0,178.0,73.9,1085.5,62.8,2400,0.0,0.0,16053,-533,72,discharging,None,None
19:05:24.772,sequential,8.3,397.4,187.5,45.7,1085.8,57.9,2400,0.0,0.0,16081,-618,72,discharging,None,None
19:05:25.275,sequential,8.3,397.4,187.5,2.0,1085.6,56.8,2400,0.0,0.0,16093,-493,72,discharging,None,None
19:05:25.783,sequential,8.3,397.4,187.5,20.2,1085.6,60.6,2400,0.0,0.0,16095,-428,72,discharging,None,None
19:05:26.287,sequential,8.3,400.4,172.3,97.5,1085.1,61.7,2400,0.0,0.0,16045,-610,72,discharging,None,None
19:05:26.790,sequential,8.3,400.4,172.3,1.5,1085.1,57.9,2400,0.0,0.0,16088,-596,72,discharging,None,None
19:05:27.294,sequential,8.3,400.4,172.3,2.0,1084.6,56.8,1600,0.0,0.0,16093,-407,72,discharging,None,None
19:05:27.803,sequential,8.3,400.4,172.3,68.7,1084.6,61.7,2400,0.0,0.0,16099,-486,72,discharging,None,None
19:05:28.306,sequential,8.3,423.0,172.7,53.7,1085.1,58.4,2400,0.0,0.0,16065,-601,72,discharging,None,None
19:05:28.810,sequential,8.3,423.0,172.7,2.5,1084.7,57.9,2400,0.0,0.0,16086,-601,72,discharging,None,None
19:05:29.320,sequential,8.4,423.0,172.7,13.1,1084.7,59.5,2400,0.0,0.0,16091,-412,72,discharging,None,None
19:05:29.825,sequential,8.4,414.2,172.7,99.5,1084.7,62.2,2400,0.0,0.0,16045,-591,72,discharging,None,None
19:05:30.328,sequential,8.4,414.2,170.6,7.5,1084.7,57.3,2400,0.0,0.0,16083,-614,72,discharging,None,None
19:05:30.832,sequential,8.3,414.2,170.6,2.0,1084.4,56.8,2400,0.0,0.0,16091,-435,72,discharging,None,None
19:05:31.340,sequential,8.3,414.2,170.6,60.4,1084.4,60.6,2400,0.0,0.0,16059,-495,72,discharging,None,None
19:05:31.843,sequential,8.3,405.4,171.0,58.5,1084.9,59.0,2400,0.0,0.0,16044,-617,72,discharging,None,None
19:05:32.347,sequential,8.3,405.4,171.0,1.5,1084.9,57.9,2400,0.0,0.0,16082,-618,72,discharging,None,None
19:05:32.855,sequential,8.3,405.4,171.0,9.0,1084.9,57.3,1600,0.0,0.0,16093,-399,72,discharging,None,None
19:05:33.359,sequential,8.3,416.3,171.0,100.0,1084.9,62.2,2400,0.0,0.0,16079,-717,72,discharging,None,None
19:05:33.863,sequential,8.3,416.3,175.5,14.9,1086.0,57.9,2400,0.0,0.0,16045,-595,72,discharging,None,None
19:05:34.367,sequential,8.3,416.3,175.5,11.4,1087.0,57.9,2400,0.0,0.0,16090,-548,72,discharging,None,None
19:05:34.875,sequential,8.3,416.3,175.5,53.5,1087.0,61.1,2400,0.0,0.0,16093,-420,72,discharging,None,None
19:05:35.378,sequential,7.9,415.4,170.5,67.0,1100.0,59.0,2400,0.0,0.0,16046,-570,72,discharging,None,None
19:05:35.882,sequential,7.9,415.4,170.5,1.5,1100.7,57.3,2400,0.0,0.0,16079,-619,72,discharging,None,None
19:05:36.385,sequential,7.9,415.4,170.5,2.5,1100.7,56.8,2400,0.0,0.0,16091,-461,72,discharging,None,None
19:05:36.892,sequential,8.3,409.5,170.5,98.0,1099.9,62.8,2400,0.0,0.0,16080,-464,72,discharging,None,None
19:05:37.395,sequential,8.3,409.5,174.0,21.6,1099.5,58.4,2400,0.0,0.0,16043,-618,72,discharging,None,None
19:05:37.899,sequential,8.4,409.5,174.0,1.5,1097.1,57.3,2400,0.0,0.0,16089,-562,72,discharging,None,None
19:05:38.407,sequential,8.4,409.5,174.0,46.3,1097.1,61.1,2400,0.0,0.0,16095,-403,72,discharging,None,None
19:05:38.910,sequential,8.3,425.2,169.4,75.9,1096.0,59.0,2400,0.0,0.0,16052,-526,72,discharging,None,None
19:05:39.414,sequential,8.3,425.2,169.4,2.0,1096.0,57.3,2400,0.0,0.0,16081,-601,72,discharging,None,None
19:05:39.917,sequential,8.3,425.2,169.4,2.0,1095.0,56.2,2400,0.0,0.0,16092,-477,72,discharging,None,None
19:05:40.424,sequential,8.3,398.2,169.4,89.1,1095.0,60.6,2400,0.0,0.0,16094,-443,72,discharging,None,None
19:05:40.927,sequential,8.3,398.2,173.5,28.4,1092.3,58.4,2400,0.0,0.0,16045,-614,72,discharging,None,None
19:05:41.431,sequential,8.4,398.2,173.5,2.0,1092.3,56.8,2400,0.0,0.0,16087,-580,72,discharging,None,None
19:05:41.939,sequential,8.4,398.2,173.5,39.3,1091.6,61.1,2400,0.0,0.0,16091,-408,72,discharging,None,None
19:05:42.442,sequential,8.3,402.0,186.8,82.3,1090.9,59.5,2400,0.0,0.0,16051,-535,72,discharging,None,None
19:05:42.946,sequential,8.3,402.0,186.8,2.0,1089.9,57.3,2400,0.0,0.0,16079,-619,72,discharging,None,None
19:05:43.449,sequential,8.3,402.0,186.8,2.5,1089.9,56.2,1800,0.0,0.0,16090,-409,72,discharging,None,None
19:05:43.956,sequential,8.2,404.2,186.8,83.7,1089.9,61.1,2400,0.0,0.0,16053,-510,72,discharging,None,None
19:05:44.459,sequential,8.2,404.2,186.5,37.0,1091.0,57.9,2400,0.0,0.0,16072,-606,72,discharging,None,None
19:05:44.963,sequential,8.4,404.2,186.5,3.0,1091.5,56.2,2400,0.0,0.0,16092,-503,72,discharging,None,None
19:05:45.471,sequential,8.4,404.2,186.5,29.5,1091.5,60.0,2400,0.0,0.0,16093,-421,72,discharging,None,None
19:05:45.974,sequential,8.4,401.1,176.1,89.2,1090.6,59.5,2400,0.0,0.0,16044,-602,72,discharging,None,None
19:05:46.478,sequential,8.3,401.1,176.1,10.9,1090.6,57.9,2400,0.0,0.0,16081,-616,72,discharging,None,None
19:05:46.981,sequential,8.3,401.1,176.1,2.5,1089.2,56.8,2400,0.0,0.0,16091,-435,72,discharging,None,None
19:05:47.488,sequential,7.9,401.1,176.1,76.7,1089.2,61.1,2400,0.0,0.0,16055,-506,72,discharging,None,None
19:05:47.991,sequential,7.9,394.9,184.9,42.8,1088.7,58.4,2400,0.0,0.0,16062,-618,72,discharging,None,None
19:05:48.496,sequential,8.4,394.9,184.9,3.0,1088.7,56.8,2400,0.0,0.0,16090,-521,72,discharging,None,None
19:05:49.004,sequential,8.4,394.9,184.9,25.7,1088.5,60.0,2400,0.0,0.0,16095,-398,72,discharging,None,None
19:05:49.508,sequential,8.4,404.7,187.4,96.0,1090.1,60.6,2400,0.0,0.0,16044,-568,72,discharging,None,None
19:05:50.011,sequential,8.3,404.7,187.4,2.5,1089.0,57.3,2400,0.0,0.0,16082,-612,72,discharging,None,None
19:05:50.515,sequential,8.3,404.7,187.4,2.5,1092.5,56.8,2400,0.0,0.0,16091,-441,72,discharging,None,None
19:05:51.023,sequential,8.3,404.7,187.4,68.2,1092.5,62.2,2400,0.0,0.0,16063,-486,72,discharging,None,None
19:05:51.526,sequential,8.3,401.9,183.6,51.7,1092.2,58.4,2400,0.0,0.0,16044,-618,72,discharging,None,None
19:05:52.030,sequential,8.3,401.9,183.6,2.5,1090.9,57.9,2400,0.0,0.0,16089,-539,72,discharging,None,None
19:05:52.540,sequential,8.4,401.9,183.6,15.8,1090.9,60.6,2400,0.0,0.0,16091,-407,72,discharging,None,None
19:05:53.044,sequential,8.4,407.4,169.9,99.5,1090.5,61.7,2400,0.0,0.0,16044,-565,72,discharging,None,None
19:05:53.548,sequential,8.3,407.4,169.9,5.5,1090.0,58.4,2400,0.0,0.0,16077,-617,72,discharging,None,None
19:05:54.051,sequential,8.3,407.4,169.9,2.0,1089.0,56.8,1600,0.0,0.0,16090,-460,72,discharging,None,None
19:05:54.559,sequential,8.3,407.4,169.9,63.5,1089.7,60.6,2400,0.0,0.0,16090,-438,72,discharging,None,None
19:05:55.063,sequential,8.3,425.7,172.5,59.9,1089.4,58.4,2400,0.0,0.0,16043,-594,72,discharging,None,None
19:05:55.566,sequential,8.3,425.7,172.5,2.5,1089.4,57.3,2400,0.0,0.0,16089,-565,72,discharging,None,None
19:05:56.075,sequential,8.4,425.7,172.5,7.5,1088.9,58.4,2400,0.0,0.0,16091,-407,72,discharging,None,None
19:05:56.579,sequential,8.4,410.8,172.5,99.5,1088.9,61.7,2400,0.0,0.0,16050,-549,72,discharging,None,None
19:05:57.082,sequential,8.3,410.8,178.4,15.4,1088.1,57.3,2400,0.0,0.0,16080,-621,72,discharging,None,None
19:05:57.586,sequential,8.3,410.8,178.4,2.5,1088.1,56.8,2400,0.0,0.0,16091,-478,72,discharging,None,None
19:05:58.095,sequential,8.3,410.8,178.4,52.7,1087.9,60.6,2400,0.0,0.0,16092,-443,72,discharging,None,None
19:05:58.599,sequential,8.3,581.9,174.8,88.7,1087.9,61.7,2400,0.0,0.0,16044,-596,72,discharging,None,None
19:05:59.103,sequential,8.3,581.9,174.8,3.5,1087.9,57.9,2400,0.0,0.0,16079,-614,72,discharging,None,None
19:05:59.606,sequential,7.2,581.9,174.8,3.0,1087.9,56.2,1600,0.0,0.0,16089,-458,72,discharging,None,None
19:06:00.115,sequential,7.2,581.9,174.8,65.0,1087.9,61.1,2400,0.0,0.0,16086,-429,72,discharging,None,None
19:06:00.618,sequential,7.2,411.5,178.6,56.4,1087.2,58.4,2400,0.0,0.0,16042,-591,72,discharging,None,None
19:06:01.122,sequential,8.3,411.5,178.6,2.5,1086.8,57.3,2400,0.0,0.0,16087,-565,72,discharging,None,None
19:06:01.631,sequential,8.3,411.5,178.6,11.9,1089.3,58.4,2400,0.0,0.0,16091,-408,72,discharging,None,None
19:06:02.139,sequential,8.3,400.8,178.6,100.0,1090.1,62.2,2400,0.0,0.0,16047,-547,72,discharging,None,None
19:06:02.643,sequential,8.3,400.8,187.4,11.8,1090.0,57.3,2400,0.0,0.0,16079,-617,72,discharging,None,None
19:06:03.146,sequential,8.4,400.8,187.4,2.5,1089.5,56.8,2400,0.0,0.0,16089,-478,72,discharging,None,None
19:06:03.655,sequential,8.4,400.8,187.4,57.4,1089.5,59.5,2400,0.0,0.0,16090,-442,72,discharging,None,None
19:06:04.159,sequential,8.4,398.2,184.2,62.7,1088.0,59.0,2400,0.0,0.0,16045,-615,72,discharging,None,None
19:06:04.662,sequential,8.3,398.2,184.2,3.0,1088.5,56.8,2400,0.0,0.0,16087,-582,72,discharging,None,None
19:06:05.175,sequential,8.3,398.2,184.2,5.5,1088.2,56.2,1600,0.0,0.0,16091,-406,72,discharging,None,None
19:06:05.679,sequential,8.3,416.3,184.2,99.5,1089.0,61.1,2400,0.0,0.0,16055,-505,72,discharging,None,None
19:06:06.183,sequential,8.3,416.3,184.8,18.4,1089.1,57.9,2400,0.0,0.0,16075,-600,72,discharging,None,None
19:06:06.686,sequential,8.3,416.3,184.8,3.0,1089.3,56.2,2400,0.0,0.0,16087,-500,72,discharging,None,None
19:06:07.195,sequential,8.3,416.3,184.8,47.8,1088.6,60.6,2400,0.0,0.0,16091,-421,72,discharging,None,None
19:06:07.699,sequential,8.3,407.2,172.9,71.4,1088.6,59.0,2400,0.0,0.0,16040,-600,72,discharging,None,None
19:06:08.202,sequential,8.3,407.2,172.9,2.5,1087.7,57.3,2400,0.0,0.0,16082,-603,72,discharging,None,None
19:06:08.706,sequential,8.3,407.2,172.9,2.5,1087.7,56.8,2400,0.0,0.0,16089,-424,72,discharging,None,None
19:06:09.215,sequential,8.3,409.5,172.9,93.5,1087.7,61.1,2400,0.0,0.0,16056,-503,72,discharging,None,None
19:06:09.718,sequential,8.3,409.5,175.9,26.6,1088.1,58.4,2400,0.0,0.0,16054,-619,72,discharging,None,None
19:06:10.222,sequential,8.3,409.5,175.9,2.5,1087.7,57.3,2400,0.0,0.0,16087,-523,72,discharging,None,None
19:06:10.731,sequential,8.3,409.5,175.9,51.2,1087.7,61.1,2400,0.0,0.0,16089,-414,72,discharging,None,None
19:06:11.234,sequential,8.3,400.4,186.1,78.3,1087.5,59.0,2400,0.0,0.0,16041,-592,72,discharging,None,None
19:06:11.738,sequential,7.9,400.4,186.1,2.5,1087.5,57.3,2400,0.0,0.0,16079,-619,72,discharging,None,None
19:06:12.241,sequential,7.9,400.4,186.1,2.5,1088.6,57.3,2400,0.0,0.0,16088,-443,72,discharging,None,None
19:06:12.747,sequential,7.9,400.8,186.1,87.6,1090.5,61.1,2400,0.0,0.0,16058,-498,72,discharging,None,None
19:06:13.251,sequential,8.3,400.8,173.0,32.0,1090.0,57.9,2400,0.0,0.0,16047,-635,72,discharging,None,None
19:06:13.755,sequential,8.3,400.8,173.0,2.5,1090.0,57.3,2400,0.0,0.0,16084,-554,72,discharging,None,None
19:06:14.263,sequential,8.3,400.8,173.0,35.7,1091.4,61.7,2400,0.0,0.0,16087,-423,72,discharging,None,None
19:06:14.766,sequential,8.3,401.9,176.9,82.4,1100.3,59.5,2400,0.0,0.0,16040,-582,72,discharging,None,None
19:06:15.270,sequential,8.3,401.9,176.9,2.0,1100.1,57.9,2400,0.0,0.0,16076,-622,72,discharging,None,None
19:06:15.774,sequential,8.3,401.9,176.9,1.5,1100.1,56.8,1600,0.0,0.0,16090,-450,72,discharging,None,None
19:06:16.278,sequential,8.3,375.5,176.9,82.6,1097.5,61.1,2400,0.0,0.0,16079,-441,72,discharging,None,None
19:06:16.782,sequential,8.3,375.5,168.0,27.4,1097.3,57.3,2400,0.0,0.0,16046,-578,72,discharging,None,None
19:06:17.285,sequential,8.3,375.5,168.0,0.0,1096.2,57.3,2400,0.0,0.0,16088,-534,72,discharging,None,None
19:06:17.792,sequential,8.3,375.5,168.0,37.4,1096.2,61.7,2400,0.0,0.0,16091,-399,72,discharging,None,None
19:06:18.295,sequential,8.3,365.4,165.4,70.6,1095.7,59.0,2400,0.0,0.0,16045,-567,72,discharging,None,None
19:06:18.799,sequential,8.3,365.4,165.4,0.0,1094.0,57.3,2400,0.0,0.0,16081,-598,72,discharging,None,None
19:06:19.302,sequential,8.3,365.4,165.4,0.5,1093.2,57.3,2400,0.0,0.0,16091,-430,72,discharging,None,None
19:06:19.811,sequential,8.3,363.0,165.4,93.5,1093.2,61.7,2400,0.0,0.0,16059,-486,72,discharging,None,None
19:06:20.315,sequential,8.3,363.0,168.0,14.8,1092.2,58.4,2400,0.0,0.0,16063,-598,72,discharging,None,None
19:06:20.818,sequential,8.3,363.0,168.0,0.0,1092.2,57.3,2400,0.0,0.0,16088,-512,72,discharging,None,None
19:06:21.327,sequential,8.3,363.0,168.0,50.7,1091.0,60.6,2400,0.0,0.0,16092,-397,72,discharging,None,None
19:06:21.831,sequential,8.3,383.9,162.1,60.3,1089.9,59.0,2400,0.0,0.0,16042,-565,72,discharging,None,None
19:06:22.335,sequential,8.3,383.9,162.1,0.0,1089.3,56.8,2400,0.0,0.0,16083,-583,72,discharging,None,None
19:06:22.843,sequential,8.3,383.9,162.1,5.0,1089.8,57.9,2400,0.0,0.0,16089,-413,72,discharging,None,None
19:06:23.346,sequential,8.3,369.4,165.0,99.5,1089.8,61.1,2400,0.0,0.0,16051,-501,72,discharging,None,None
19:06:23.850,sequential,8.3,369.4,165.0,3.5,1088.7,57.3,2400,0.0,0.0,16072,-600,72,discharging,None,None
19:06:24.353,sequential,8.3,369.4,165.0,1.5,1090.2,56.8,2400,0.0,0.0,16089,-497,72,discharging,None,None
19:06:24.860,sequential,8.3,369.4,165.0,62.3,1090.5,61.7,2400,0.0,0.0,16090,-415,72,discharging,None,None
19:06:25.363,sequential,8.3,363.7,164.6,46.0,1089.8,58.4,2400,0.0,0.0,16043,-597,72,discharging,None,None
19:06:25.867,sequential,8.3,363.7,164.6,0.0,1089.1,57.9,2400,0.0,0.0,16086,-581,72,discharging,None,None
19:06:26.375,sequential,8.3,363.7,164.6,18.4,1089.1,59.0,2400,0.0,0.0,16090,-399,72,discharging,None,None
19:06:26.878,sequential,8.3,373.1,163.8,90.2,1088.8,60.6,2400,0.0,0.0,16047,-517,72,discharging,None,None
19:06:27.382,sequential,8.3,373.1,163.8,0.0,1089.1,56.8,2400,0.0,0.0,16077,-592,72,discharging,None,None
19:06:27.885,sequential,8.3,373.1,163.8,0.0,1088.8,57.9,2400,0.0,0.0,16088,-474,72,discharging,None,None
19:06:28.398,sequential,8.3,362.9,163.8,74.8,1088.8,61.1,2400,0.0,0.0,16090,-434,72,discharging,None,None
19:06:28.902,sequential,8.3,362.9,166.9,33.0,1088.2,57.3,2400,0.0,0.0,16041,-598,72,discharging,None,None
19:06:29.405,sequential,8.3,362.9,166.9,0.0,1088.7,56.8,2400,0.0,0.0,16085,-563,72,discharging,None,None
19:06:29.912,sequential,8.3,362.9,166.9,33.0,1088.7,60.6,2400,0.0,0.0,16090,-399,72,discharging,None,None
19:06:30.416,sequential,8.3,369.1,159.7,75.1,1088.0,58.4,2400,0.0,0.0,16046,-544,72,discharging,None,None
19:06:30.919,sequential,8.3,369.1,159.7,0.0,1087.4,57.3,2400,0.0,0.0,16076,-599,72,discharging,None,None
19:06:31.423,sequential,8.3,369.1,159.7,0.0,1087.4,56.8,1800,0.0,0.0,16089,-454,72,discharging,None,None
19:06:31.932,sequential,8.3,383.6,159.7,89.0,1087.3,61.1,2400,0.0,0.0,16086,-434,72,discharging,None,None
19:06:32.435,sequential,8.3,383.6,165.3,22.7,1086.6,57.3,2400,0.0,0.0,16040,-581,72,discharging,None,None
19:06:32.939,sequential,8.3,383.6,165.3,0.0,1086.3,56.8,2400,0.0,0.0,16085,-546,72,discharging,None,None
19:06:33.447,sequential,8.3,383.6,165.3,43.3,1086.3,61.7,2400,0.0,0.0,16090,-398,72,discharging,None,None
19:06:33.951,sequential,8.3,364.7,165.7,64.9,1085.8,59.0,2400,0.0,0.0,16041,-556,72,discharging,None,None
19:06:34.454,sequential,8.3,364.7,165.7,0.0,1087.5,57.9,2400,0.0,0.0,16077,-599,72,discharging,None,None
19:06:34.960,sequential,8.3,364.7,165.7,0.5,1087.5,56.2,2400,0.0,0.0,16088,-441,72,discharging,None,None
19:06:35.468,sequential,8.3,366.9,165.7,100.0,1087.5,61.1,2400,0.0,0.0,16041,-568,72,discharging,None,None
19:06:35.971,sequential,8.3,366.9,164.4,6.5,1087.2,57.3,2400,0.0,0.0,16079,-599,72,discharging,None,None
19:06:36.475,sequential,8.3,366.9,164.4,0.0,1087.2,56.8,2400,0.0,0.0,16088,-430,72,discharging,None,None
19:06:36.983,sequential,8.3,366.9,164.4,58.0,1087.2,61.1,2400,0.0,0.0,16066,-473,72,discharging,None,None
19:06:37.486,sequential,8.3,375.1,171.4,53.2,1087.5,58.4,2400,0.0,0.0,16054,-590,72,discharging,None,None
19:06:37.990,sequential,8.3,375.1,171.4,0.0,1088.0,57.3,2400,0.0,0.0,16086,-516,72,discharging,None,None
19:06:38.499,sequential,8.3,375.1,171.4,11.9,1088.0,57.9,2400,0.0,0.0,16088,-399,72,discharging,None,None
19:06:39.002,sequential,8.3,367.8,165.7,96.1,1088.0,60.6,2400,0.0,0.0,16038,-583,72,discharging,None,None
19:06:39.506,sequential,8.3,367.8,165.7,0.0,1088.0,56.2,2400,0.0,0.0,16083,-599,72,discharging,None,None
19:06:40.009,sequential,8.3,367.8,165.7,0.0,1087.1,56.8,2400,0.0,0.0,16088,-414,72,discharging,None,None
19:06:40.516,sequential,8.3,367.8,165.7,68.8,1087.6,61.1,2400,0.0,0.0,16051,-501,72,discharging,None,None
19:06:41.020,sequential,8.3,365.3,166.0,39.0,1087.1,57.3,2400,0.0,0.0,16071,-599,72,discharging,None,None
19:06:41.524,sequential,8.3,365.3,166.0,0.0,1087.1,56.8,2400,0.0,0.0,16087,-496,72,discharging,None,None
19:06:42.032,sequential,8.3,365.3,166.0,26.1,1087.2,57.9,1700,0.0,0.0,16089,-407,72,discharging,None,None
19:06:42.536,sequential,8.3,381.6,161.4,84.7,1087.4,59.0,2400,0.0,0.0,16041,-581,72,discharging,None,None
19:06:43.039,sequential,8.3,381.6,161.4,0.0,1086.6,56.8,2400,0.0,0.0,16084,-575,72,discharging,None,None
19:06:43.543,sequential,8.3,381.6,161.4,0.0,1086.6,56.2,2400,0.0,0.0,16088,-401,72,discharging,None,None
19:06:44.055,sequential,8.3,366.0,161.4,80.3,1086.6,60.6,2400,0.0,0.0,16045,-522,72,discharging,None,None
19:06:44.559,sequential,8.3,366.0,171.8,28.1,1087.1,57.9,2400,0.0,0.0,16075,-599,72,discharging,None,None
19:06:45.063,sequential,8.3,366.0,171.8,0.0,1086.9,56.2,2400,0.0,0.0,16087,-476,72,discharging,None,None
19:06:45.571,sequential,8.3,366.0,171.8,36.3,1086.9,60.6,2400,0.0,0.0,16087,-428,72,discharging,None,None
19:06:46.074,sequential,8.3,367.4,162.7,71.4,1087.1,58.4,2400,0.0,0.0,16041,-598,72,discharging,None,None
19:06:46.578,sequential,8.3,367.4,162.7,0.0,1087.1,57.9,2400,0.0,0.0,16085,-568,72,discharging,None,None
19:06:47.081,sequential,8.3,367.4,162.7,0.0,1086.6,56.2,1800,0.0,0.0,16088,-399,72,discharging,None,None
19:06:47.589,sequential,8.3,376.2,162.7,93.1,1086.6,61.1,2400,0.0,0.0,16047,-520,72,discharging,None,None
19:06:48.092,sequential,8.3,376.2,163.3,16.4,1086.7,57.3,2400,0.0,0.0,16076,-583,72,discharging,None,None
19:06:48.596,sequential,8.3,376.2,163.3,0.0,1086.7,57.3,2400,0.0,0.0,16087,-462,72,discharging,None,None
19:06:49.104,sequential,8.3,376.2,163.3,49.3,1086.4,60.6,2400,0.0,0.0,16081,-448,72,discharging,None,None
19:06:49.607,sequential,8.3,365.6,165.6,59.2,1086.4,59.0,2400,0.0,0.0,16037,-598,72,discharging,None,None
19:06:50.111,sequential,8.3,365.6,165.6,0.0,1086.4,57.3,2400,0.0,0.0,16084,-549,72,discharging,None,None
19:06:50.620,sequential,8.3,365.6,165.6,5.5,1086.4,58.4,2400,0.0,0.0,16088,-399,72,discharging,None,None
19:06:51.124,sequential,8.3,368.4,162.2,99.5,1086.4,61.1,2400,0.0,0.0,16040,-554,72,discharging,None,None
19:06:51.628,sequential,8.3,368.4,162.2,2.0,1085.5,57.3,2400,0.0,0.0,16074,-599,72,discharging,None,None
19:06:52.132,sequential,8.3,368.4,162.2,0.0,1085.0,56.2,2400,0.0,0.0,16086,-443,72,discharging,None,None
19:06:52.640,sequential,8.3,368.4,162.2,63.7,1085.0,61.7,2400,0.0,0.0,16072,-462,72,discharging,None,None
19:06:53.143,sequential,8.3,373.1,163.3,45.3,1085.0,57.3,2400,0.0,0.0,16048,-591,72,discharging,None,None
19:06:53.647,sequential,8.3,373.1,163.3,0.0,1085.0,56.8,2400,0.0,0.0,16084,-528,72,discharging,None,None
19:06:54.155,sequential,8.3,373.1,163.3,19.3,1084.6,59.5,2400,0.0,0.0,16088,-398,72,discharging,None,None
19:06:54.659,sequential,8.3,363.8,166.6,88.6,1085.0,60.0,2400,0.0,0.0,16037,-572,72,discharging,None,None
19:06:55.162,sequential,8.3,363.8,166.6,0.5,1084.8,56.8,2400,0.0,0.0,16078,-598,72,discharging,None,None
19:06:55.666,sequential,8.3,363.8,166.6,0.0,1084.8,56.8,2400,0.0,0.0,16086,-424,72,discharging,None,None
19:06:56.178,sequential,8.3,368.9,166.6,76.5,1084.8,61.1,2400,0.0,0.0,16049,-491,72,discharging,None,None
19:06:56.682,sequential,8.3,368.9,166.2,31.7,1085.2,57.9,2400,0.0,0.0,16062,-599,72,discharging,None,None
19:06:57.186,sequential,8.3,368.9,166.2,0.0,1084.9,56.2,2400,0.0,0.0,16085,-506,72,discharging,None,None
19:06:57.692,sequential,8.3,368.9,166.2,33.7,1084.9,59.0,2400,0.0,0.0,16088,-397,72,discharging,None,None
19:06:58.195,sequential,8.3,377.2,165.5,76.6,1084.9,58.4,2400,0.0,0.0,16038,-576,72,discharging,None,None
19:06:58.699,sequential,8.3,377.2,165.5,0.0,1084.9,56.8,2400,0.0,0.0,16081,-586,72,discharging,None,None
19:06:59.202,sequential,8.3,377.2,165.5,0.5,1084.4,56.8,2400,0.0,0.0,16085,-407,72,discharging,None,None
19:06:59.711,sequential,8.3,365.7,165.5,87.5,1084.4,61.7,2400,0.0,0.0,16047,-510,72,discharging,None,None
19:07:00.214,sequential,8.3,365.7,165.5,21.2,1084.4,57.3,2400,0.0,0.0,16074,-599,72,discharging,None,None
19:07:00.718,sequential,8.3,365.7,165.5,1.0,1084.4,56.8,2400,0.0,0.0,16086,-489,72,discharging,None,None
19:07:01.227,sequential,8.3,365.7,165.5,46.0,1084.4,60.6,2400,0.0,0.0,16086,-425,72,discharging,None,None
19:07:01.731,sequential,11.6,409.5,169.7,73.4,1084.4,59.0,2400,0.0,0.0,16037,-610,72,discharging,None,None
19:07:02.234,sequential,11.6,409.5,169.7,3.0,1084.2,57.3,2400,0.0,0.0,16080,-594,72,discharging,None,None
19:07:02.738,sequential,8.4,409.5,169.7,2.0,1084.2,56.2,1600,0.0,0.0,16084,-413,72,discharging,None,None
19:07:03.247,sequential,8.4,421.5,169.7,92.0,1084.2,60.6,2400,0.0,0.0,16057,-487,72,discharging,None,None
19:07:03.751,sequential,8.4,421.5,177.4,31.6,1084.2,57.3,2400,0.0,0.0,16057,-596,72,discharging,None,None
19:07:04.255,sequential,8.3,421.5,177.4,3.0,1084.2,57.3,2400,0.0,0.0,16082,-516,72,discharging,None,None
19:07:04.763,sequential,8.3,421.5,177.4,37.0,1084.2,60.0,2400,0.0,0.0,16083,-411,72,discharging,None,None
19:07:05.267,sequential,8.2,408.3,175.2,82.4,1084.2,59.0,2400,0.0,0.0,16036,-588,72,discharging,None,None
19:07:05.770,sequential,8.2,408.3,175.2,2.5,1084.2,56.8,2400,0.0,0.0,16075,-614,72,discharging,None,None
19:07:06.274,sequential,8.4,408.3,175.2,2.5,1084.2,56.2,2400,0.0,0.0,16084,-436,72,discharging,None,None
19:07:06.790,sequential,8.4,402.3,175.2,83.2,1084.2,61.1,2400,0.0,0.0,16053,-492,72,discharging,None,None
19:07:07.293,sequential,8.4,402.3,183.1,37.1,1084.4,57.9,2400,0.0,0.0,16045,-616,72,discharging,None,None
19:07:07.797,sequential,8.3,402.3,183.1,10.9,1084.4,57.3,2400,0.0,0.0,16075,-543,72,discharging,None,None
19:07:08.304,sequential,8.3,402.3,183.1,32.7,1084.4,59.5,2400,0.0,0.0,16087,-410,72,discharging,None,None
19:07:08.808,sequential,7.9,419.8,177.3,90.5,1085.2,59.0,2400,0.0,0.0,16040,-546,72,discharging,None,None
19:07:09.311,sequential,7.9,419.8,177.3,2.5,1086.1,57.3,2400,0.0,0.0,16072,-605,72,discharging,None,None
19:07:09.815,sequential,7.9,419.8,177.3,2.5,1086.1,56.2,2400,0.0,0.0,16084,-458,72,discharging,None,None
19:07:10.323,sequential,8.4,419.8,177.3,75.0,1086.2,62.2,2400,0.0,0.0,16070,-467,72,discharging,None,None
19:07:10.827,sequential,8.4,410.3,168.3,45.1,1085.8,57.9,2400,0.0,0.0,16034,-616,72,discharging,None,None
19:07:11.330,sequential,8.3,410.3,168.3,2.0,1086.2,57.3,2400,0.0,0.0,16080,-557,72,discharging,None,None
19:07:11.839,sequential,8.3,410.3,168.3,23.9,1086.2,60.0,2400,0.0,0.0,16082,-407,72,discharging,None,None
19:07:12.343,sequential,8.2,411.6,171.6,95.6,1085.8,60.0,2400,0.0,0.0,16041,-555,72,discharging,None,None
19:07:12.847,sequential,8.2,411.6,171.6,3.0,1085.8,56.8,2400,0.0,0.0,16070,-619,72,discharging,None,None
19:07:13.350,sequential,8.2,411.6,171.6,2.0,1085.8,56.2,1800,0.0,0.0,16082,-471,72,discharging,None,None
19:07:13.859,sequential,8.4,411.6,171.6,69.3,1086.0,61.7,2400,0.0,0.0,16084,-429,72,discharging,None,None
19:07:14.362,sequential,8.4,415.2,172.3,51.7,1086.2,57.9,2400,0.0,0.0,16038,-596,72,discharging,None,None
19:07:14.866,sequential,8.3,415.2,172.3,2.5,1086.2,57.3,2400,0.0,0.0,16080,-576,72,discharging,None,None
19:07:15.376,sequential,8.3,415.2,172.3,16.9,1086.2,58.4,2400,0.0,0.0,16084,-408,72,discharging,None,None
19:07:15.883,sequential,8.2,394.5,181.0,99.0,1086.2,61.1,2400,0.0,0.0,16043,-540,72,discharging,None,None
19:07:16.387,sequential,8.2,394.5,181.0,3.5,1085.8,58.4,2400,0.0,0.0,16071,-616,72,discharging,None,None
19:07:16.890,sequential,8.2,394.5,181.0,2.5,1085.2,56.2,2400,0.0,0.0,16082,-484,72,discharging,None,None
19:07:17.399,sequential,8.4,394.5,181.0,65.7,1085.2,62.8,2400,0.0,0.0,16083,-438,72,discharging,None,None
19:07:17.902,sequential,8.4,399.4,176.8,53.5,1085.2,57.3,2400,0.0,0.0,16037,-616,72,discharging,None,None
19:07:18.406,sequential,8.3,399.4,176.8,2.5,1087.5,56.8,2400,0.0,0.0,16079,-587,72,discharging,None,None
19:07:18.915,sequential,8.3,399.4,176.8,14.0,1087.7,57.9,1600,0.0,0.0,16082,-407,72,discharging,None,None
19:07:19.419,sequential,8.3,418.5,176.8,100.0,1087.7,62.8,2400,0.0,0.0,16043,-503,72,discharging,None,None
19:07:19.922,sequential,8.3,418.5,174.4,18.4,1087.5,57.3,2400,0.0,0.0,16055,-612,72,discharging,None,None
19:07:20.426,sequential,8.3,418.5,174.4,2.5,1087.5,56.8,2400,0.0,0.0,16081,-514,72,discharging,None,None
19:07:20.934,sequential,7.9,418.5,174.4,58.2,1087.0,60.6,2400,0.0,0.0,16083,-421,72,discharging,None,None
19:07:21.438,sequential,7.9,401.0,176.0,61.3,1087.0,58.4,2400,0.0,0.0,16033,-603,72,discharging,None,None
19:07:21.941,sequential,8.4,401.0,176.0,2.5,1086.6,57.3,2400,0.0,0.0,16078,-604,72,discharging,None,None
19:07:22.448,sequential,8.4,401.0,176.0,7.9,1086.6,59.0,2400,0.0,0.0,16082,-421,72,discharging,None,None
19:07:22.952,sequential,8.4,399.4,176.0,100.0,1086.4,62.8,2400,0.0,0.0,16047,-506,72,discharging,None,None
19:07:23.456,sequential,8.3,399.4,169.3,12.4,1086.9,57.9,2400,0.0,0.0,16056,-614,72,discharging,None,None
19:07:23.959,sequential,8.3,399.4,169.3,3.0,1086.8,56.8,1900,0.0,0.0,16079,-516,72,discharging,None,None
19:07:24.467,sequential,8.3,399.4,169.3,55.5,1087.5,60.6,2400,0.0,0.0,16086,-401,72,discharging,None,None
19:07:24.970,sequential,8.3,414.1,175.9,66.3,1087.5,59.0,2400,0.0,0.0,16036,-568,72,discharging,None,None
19:07:25.474,sequential,8.3,414.1,175.9,2.0,1087.5,57.3,2400,0.0,0.0,16072,-604,72,discharging,None,None
19:07:25.978,sequential,8.4,414.1,175.9,2.5,1086.8,56.8,2400,0.0,0.0,16082,-436,72,discharging,None,None
19:07:26.487,sequential,8.4,407.3,175.9,99.5,1086.8,62.2,2400,0.0,0.0,16049,-582,72,discharging,None,None
19:07:26.990,sequential,8.3,407.3,173.7,21.1,1086.5,57.9,2400,0.0,0.0,16043,-618,72,discharging,None,None
19:07:27.494,sequential,8.3,407.3,173.7,2.5,1086.5,56.8,2400,0.0,0.0,16080,-533,72,discharging,None,None
19:07:28.003,sequential,8.3,407.3,173.7,48.3,1086.5,60.6,2400,0.0,0.0,16083,-484,72,discharging,None,None
19:07:28.507,sequential,8.3,401.9,177.1,70.6,1086.5,58.4,2400,0.0,0.0,16034,-574,72,discharging,None,None
19:07:29.010,sequential,8.3,401.9,177.1,3.0,1085.9,57.3,2400,0.0,0.0,16071,-617,72,discharging,None,None
19:07:29.514,sequential,8.4,401.9,177.1,3.0,1085.9,56.2,1600,0.0,0.0,16082,-452,72,discharging,None,None
19:07:30.023,sequential,8.4,412.3,177.1,94.5,1085.9,61.1,2400,0.0,0.0,16077,-449,72,discharging,None,None
19:07:30.527,sequential,8.3,412.3,176.9,27.7,1085.6,57.3,2400,0.0,0.0,16033,-595,72,discharging,None,None
19:07:31.030,sequential,8.3,412.3,176.9,2.0,1085.6,56.8,2400,0.0,0.0,16079,-553,72,discharging,None,None
19:07:31.855,sequential,8.3,412.3,176.9,64.5,1085.6,61.7,2400,0.0,0.0,16041,-552,72,discharging,None,None
19:07:32.359,sequential,8.3,560.1,184.1,46.8,1085.2,58.4,2400,0.0,0.0,16048,-659,72,discharging,None,None
19:07:32.862,sequential,8.3,560.1,184.1,3.0,1084.9,56.8,2400,0.0,0.0,16079,-514,72,discharging,None,None
19:07:33.371,sequential,7.2,560.1,184.1,20.8,1084.9,59.5,2400,0.0,0.0,16080,-408,72,discharging,None,None
19:07:33.874,sequential,7.2,407.1,167.7,98.0,1084.9,61.1,2400,0.0,0.0,16032,-581,72,discharging,None,None
19:07:34.378,sequential,8.3,407.1,167.7,5.8,1085.2,57.9,2400,0.0,0.0,16070,-617,72,discharging,None,None
19:07:34.882,sequential,8.3,407.1,167.7,2.0,1085.6,57.9,1600,0.0,0.0,16081,-441,72,discharging,None,None
19:07:35.391,sequential,8.3,407.1,167.7,67.2,1085.6,62.2,2400,0.0,0.0,16070,-454,72,discharging,None,None
19:07:35.894,sequential,8.3,424.0,178.3,56.4,1085.4,57.9,2400,0.0,0.0,16033,-596,72,discharging,None,None
19:07:36.398,sequential,8.3,424.0,178.3,2.0,1085.4,56.8,2400,0.0,0.0,16078,-548,72,discharging,None,None
19:07:36.908,sequential,8.4,424.0,178.3,10.6,1084.9,58.4,2400,0.0,0.0,16082,-407,72,discharging,None,None
19:07:37.413,sequential,8.4,408.6,178.3,100.0,1084.9,62.2,2400,0.0,0.0,16034,-561,72,discharging,None,None
19:07:37.916,sequential,8.3,408.6,175.9,10.0,1084.7,57.3,2400,0.0,0.0,16067,-619,72,discharging,None,None
19:07:38.420,sequential,8.3,408.6,175.9,1.5,1084.7,56.8,2400,0.0,0.0,16080,-465,72,discharging,None,None
19:07:38.928,sequential,8.3,408.6,175.9,58.3,1084.7,61.1,2400,0.0,0.0,16070,-460,72,discharging,None,None
19:07:39.432,sequential,8.3,408.4,174.2,62.0,1085.9,58.4,2400,0.0,0.0,16032,-619,72,discharging,None,None
19:07:39.936,sequential,8.3,408.4,174.2,1.5,1086.1,57.3,2400,0.0,0.0,16077,-566,72,discharging,None,None
19:07:40.444,sequential,8.3,408.4,174.2,6.9,1087.0,56.8,1700,0.0,0.0,16080,-404,72,discharging,None,None
19:07:40.949,sequential,8.3,428.9,174.2,99.0,1087.0,61.7,2400,0.0,0.0,16039,-522,72,discharging,None,None
19:07:41.452,sequential,8.3,428.9,175.6,19.5,1087.0,56.8,2400,0.0,0.0,16067,-604,72,discharging,None,None
19:07:41.956,sequential,8.3,428.9,175.6,1.5,1086.1,57.3,2400,0.0,0.0,16080,-485,72,discharging,None,None
19:07:42.464,sequential,8.3,428.9,175.6,47.8,1086.1,61.7,2400,0.0,0.0,16081,-434,72,discharging,None,None
19:07:42.967,sequential,8.3,398.0,175.5,70.4,1093.3,58.4,2400,0.0,0.0,16035,-615,72,discharging,None,None
19:07:43.471,sequential,8.3,398.0,175.5,1.5,1093.3,57.3,2400,0.0,0.0,16077,-589,72,discharging,None,None
19:07:43.974,sequential,8.4,398.0,175.5,10.9,1093.3,56.8,2400,0.0,0.0,16078,-416,72,discharging,None,None
19:07:44.480,sequential,8.4,413.4,175.5,94.0,1096.5,60.6,2400,0.0,0.0,16038,-535,72,discharging,None,None
19:07:44.987,sequential,7.9,413.4,173.8,26.4,1098.0,57.3,2400,0.0,0.0,16061,-622,72,discharging,None,None
19:07:45.491,sequential,7.9,413.4,173.8,2.0,1098.0,56.8,2400,0.0,0.0,16078,-504,72,discharging,None,None
19:07:45.999,sequential,7.9,413.4,173.8,42.2,1097.6,60.6,2400,0.0,0.0,16084,-407,72,discharging,None,None
19:07:46.502,sequential,8.3,424.9,177.2,81.4,1096.5,58.4,2400,0.0,0.0,16032,-576,72,discharging,None,None
19:07:47.006,sequential,8.3,424.9,177.2,1.5,1093.1,57.3,2400,0.0,0.0,16072,-601,72,discharging,None,None
19:07:47.509,sequential,8.4,424.9,177.2,2.0,1093.1,56.8,2400,0.0,0.0,16080,-431,72,discharging,None,None
19:07:48.015,sequential,8.4,410.9,177.2,83.7,1093.1,60.6,2400,0.0,0.0,16044,-499,72,discharging,None,None
19:07:48.519,sequential,8.4,410.9,172.3,36.0,1092.4,57.3,2400,0.0,0.0,16042,-619,72,discharging,None,None
19:07:49.022,sequential,8.3,410.9,172.3,1.5,1091.3,57.3,2400,0.0,0.0,16079,-527,72,discharging,None,None
19:07:49.528,sequential,8.3,410.9,172.3,31.0,1091.3,60.0,2400,0.0,0.0,16081,-407,72,discharging,None,None
19:07:50.031,sequential,8.3,398.8,180.1,88.6,1089.1,59.5,2400,0.0,0.0,16032,-580,72,discharging,None,None
19:07:50.535,sequential,8.3,398.8,180.1,1.5,1089.1,57.3,2400,0.0,0.0,16070,-617,72,discharging,None,None
19:07:51.039,sequential,8.4,398.8,180.1,2.0,1088.7,56.8,1800,0.0,0.0,16079,-445,72,discharging,None,None
19:07:51.547,sequential,8.4,398.8,180.1,77.1,1088.7,61.1,2400,0.0,0.0,16072,-455,72,discharging,None,None
19:07:52.051,sequential,8.4,415.4,174.7,43.8,1088.2,57.3,2400,0.0,0.0,16031,-594,72,discharging,None,None
19:07:52.555,sequential,8.3,415.4,174.7,2.0,1088.2,57.3,2400,0.0,0.0,16076,-548,72,discharging,None,None
19:07:53.063,sequential,8.3,415.4,174.7,23.9,1087.2,59.5,2400,0.0,0.0,16080,-408,72,discharging,None,None
19:07:53.567,sequential,8.2,396.2,184.1,94.1,1087.2,61.1,2400,0.0,0.0,16034,-562,72,discharging,None,None
19:07:54.070,sequential,8.2,396.2,184.1,2.0,1086.9,59.0,2400,0.0,0.0,16066,-616,72,discharging,None,None
19:07:54.574,sequential,8.2,396.2,184.1,1.5,1087.1,57.3,2400,0.0,0.0,16078,-461,72,discharging,None,None
19:07:55.083,sequential,8.4,396.2,184.1,70.6,1087.1,61.1,2400,0.0,0.0,16068,-463,72,discharging,None,None
19:07:55.586,sequential,8.4,398.2,174.6,48.3,1086.7,57.9,2400,0.0,0.0,16030,-616,72,discharging,None,None
19:07:56.091,sequential,8.3,398.2,174.6,10.5,1088.3,56.8,2400,0.0,0.0,16075,-569,72,discharging,None,None
19:07:56.600,sequential,8.3,398.2,174.6,20.9,1088.3,57.9,1900,0.0,0.0,16079,-417,72,discharging,None,None
19:07:57.104,sequential,7.9,414.4,178.9,99.0,1088.1,61.7,2400,0.0,0.0,16038,-533,72,discharging,None,None
19:07:57.607,sequential,7.9,414.4,178.9,3.5,1087.9,57.3,2400,0.0,0.0,16065,-601,72,discharging,None,None
19:07:58.111,sequential,7.9,414.4,178.9,1.5,1087.2,57.3,2400,0.0,0.0,16078,-477,72,discharging,None,None
19:07:58.619,sequential,8.4,414.4,178.9,64.7,1087.2,61.1,2400,0.0,0.0,16078,-446,72,discharging,None,None
19:07:59.123,sequential,8.4,399.9,178.0,54.5,1087.0,59.5,2400,0.0,0.0,16032,-616,72,discharging,None,None
19:07:59.626,sequential,8.3,399.9,178.0,1.5,1087.0,57.9,2400,0.0,0.0,16074,-579,72,discharging,None,None
19:08:00.135,sequential,8.3,399.9,178.0,13.1,1086.6,59.0,2400,0.0,0.0,16077,-408,72,discharging,None,None
19:08:00.639,sequential,8.3,398.0,178.0,99.5,1086.6,62.2,2400,0.0,0.0,16037,-537,72,discharging,None,None
19:08:01.143,sequential,8.3,398.0,174.6,7.0,1086.4,57.3,2400,0.0,0.0,16066,-617,72,discharging,None,None
19:08:01.646,sequential,8.3,398.0,174.6,3.0,1086.4,56.8,2400,0.0,0.0,16078,-488,72,discharging,None,None
19:08:02.156,sequential,8.2,398.0,174.6,61.2,1086.3,61.1,2400,0.0,0.0,16083,-409,72,discharging,None,None
19:08:02.659,sequential,8.2,428.6,173.2,62.6,1086.3,58.4,2400,0.0,0.0,16032,-589,72,discharging,None,None
19:08:03.163,sequential,8.5,428.6,173.2,2.5,1085.7,56.8,2400,0.0,0.0,16074,-596,72,discharging,None,None
19:08:03.676,sequential,8.5,428.6,173.2,6.0,1085.7,57.9,2400,0.0,0.0,16078,-417,72,discharging,None,None
19:08:04.180,sequential,8.5,410.2,173.2,99.5,1085.7,62.2,2400,0.0,0.0,16041,-512,72,discharging,None,None
19:08:04.684,sequential,8.3,410.2,173.3,15.9,1085.1,57.3,2400,0.0,0.0,16052,-617,72,discharging,None,None
19:08:05.187,sequential,8.3,410.2,173.3,2.0,1085.4,56.8,2400,0.0,0.0,16076,-513,72,discharging,None,None
19:08:05.693,sequential,8.3,410.2,173.3,52.0,1085.4,61.7,2400,0.0,0.0,16077,-415,72,discharging,None,None
19:08:06.196,sequential,8.3,409.4,169.6,67.5,1084.9,59.0,2400,0.0,0.0,16029,-592,72,discharging,None,None
19:08:06.700,sequential,8.4,409.4,169.6,2.5,1086.8,57.9,2400,0.0,0.0,16068,-610,72,discharging,None,None
19:08:07.203,sequential,8.4,409.4,169.6,2.5,1086.3,56.2,1600,0.0,0.0,16078,-432,72,discharging,None,None
19:08:07.711,sequential,8.4,410.0,169.6,98.0,1086.3,62.8,2400,0.0,0.0,16054,-474,72,discharging,None,None
19:08:08.214,sequential,8.3,410.0,177.6,32.0,1086.3,57.9,2400,0.0,0.0,16040,-604,72,discharging,None,None
19:08:08.718,sequential,8.3,410.0,177.6,2.0,1086.3,56.2,2400,0.0,0.0,16075,-541,72,discharging,None,None
19:08:09.227,sequential,7.9,410.0,177.6,44.0,1085.8,61.7,2400,0.0,0.0,16079,-411,72,discharging,None,None
19:08:09.731,sequential,7.9,418.1,171.5,76.1,1085.8,59.0,2400,0.0,0.0,16030,-575,72,discharging,None,None
19:08:10.234,sequential,7.9,418.1,171.5,2.5,1086.3,56.8,2400,0.0,0.0,16067,-621,72,discharging,None,None
19:08:10.738,sequential,8.4,418.1,171.5,2.5,1087.1,56.2,2400,0.0,0.0,16078,-453,72,discharging,None,None
19:08:11.248,sequential,8.4,415.7,171.5,89.1,1087.2,61.7,2400,0.0,0.0,16060,-474,72,discharging,None,None
19:08:11.751,sequential,8.3,415.7,176.8,32.8,1087.1,57.9,2400,0.0,0.0,16029,-621,72,discharging,None,None
19:08:12.255,sequential,8.3,415.7,176.8,3.0,1086.5,57.3,2400,0.0,0.0,16073,-554,72,discharging,None,None
19:08:12.763,sequential,8.3,415.7,176.8,36.0,1086.5,60.6,2400,0.0,0.0,16078,-403,72,discharging,None,None
19:08:13.266,sequential,8.3,426.0,173.6,87.2,1096.7,59.5,2400,0.0,0.0,16036,-536,72,discharging,None,None
19:08:13.770,sequential,8.3,426.0,173.6,3.0,1096.7,57.9,2400,0.0,0.0,16062,-618,72,discharging,None,None
19:08:14.273,sequential,8.4,426.0,173.6,2.5,1097.6,56.8,2400,0.0,0.0,16073,-492,72,discharging,None,None
19:08:14.780,sequential,8.4,426.0,173.6,78.7,1097.6,62.2,2400,0.0,0.0,16071,-464,72,discharging,None,None
19:08:15.284,sequential,8.3,406.4,172.7,41.3,1099.9,57.9,2400,0.0,0.0,16028,-634,72,discharging,None,None
19:08:15.788,sequential,8.3,406.4,172.7,2.5,1099.9,56.8,2400,0.0,0.0,16072,-592,72,discharging,None,None
19:08:16.295,sequential,8.3,406.4,172.7,26.9,1098.1,60.0,2400,0.0,0.0,16076,-413,72,discharging,None,None
19:08:16.798,sequential,8.3,402.7,173.7,91.5,1098.1,60.6,2400,0.0,0.0,16036,-538,72,discharging,None,None
19:08:17.302,sequential,8.3,402.7,173.7,3.0,1097.3,56.8,2400,0.0,0.0,16065,-617,72,discharging,None,None
19:08:17.806,sequential,8.4,402.7,173.7,2.5,1098.6,56.8,1600,0.0,0.0,16075,-486,72,discharging,None,None
19:08:18.315,sequential,8.4,402.7,173.7,74.1,1096.9,62.2,2400,0.0,0.0,16082,-418,72,discharging,None,None
19:08:18.818,sequential,8.3,405.7,181.3,46.8,1096.9,59.5,2400,0.0,0.0,16032,-599,72,discharging,None,None
19:08:19.322,sequential,8.3,405.7,181.3,2.5,1095.5,56.8,2400,0.0,0.0,16073,-594,72,discharging,None,None
19:08:19.831,sequential,8.3,405.7,181.3,21.4,1095.5,60.6,2400,0.0,0.0,16076,-412,72,discharging,None,None
19:08:20.337,sequential,8.3,557.3,181.3,98.5,1095.5,62.2,2400,0.0,0.0,16036,-516,72,discharging,None,None
19:08:20.841,sequential,8.3,557.3,177.1,30.5,1092.5,57.9,2400,0.0,0.0,16027,-658,72,discharging,None,None
19:08:21.345,sequential,7.3,557.3,177.1,3.0,1092.5,57.3,2400,0.0,0.0,16072,-550,72,discharging,None,None
19:08:21.852,sequential,7.3,557.3,177.1,38.4,1092.0,60.6,2400,0.0,0.0,16075,-408,72,discharging,None,None
19:08:22.356,sequential,7.3,410.7,180.0,83.6,1091.4,59.0,2400,0.0,0.0,16034,-549,72,discharging,None,None
19:08:22.859,sequential,8.3,410.7,180.0,2.5,1092.0,57.3,2400,0.0,0.0,16064,-622,72,discharging,None,None
19:08:23.363,sequential,8.3,410.7,180.0,3.0,1092.0,56.2,1600,0.0,0.0,16076,-479,72,discharging,None,None
19:08:23.871,sequential,8.3,410.7,180.0,82.1,1092.0,62.2,2400,0.0,0.0,16082,-406,72,discharging,None,None
19:08:24.375,sequential,8.3,423.5,174.5,41.1,1090.9,57.9,2400,0.0,0.0,16033,-588,72,discharging,None,None
19:08:24.878,sequential,8.3,423.5,174.5,2.5,1090.6,56.8,2400,0.0,0.0,16073,-591,72,discharging,None,None
19:08:25.386,sequential,8.3,423.5,174.5,27.4,1090.6,60.6,2400,0.0,0.0,16077,-410,72,discharging,None,None
19:08:25.890,sequential,8.3,412.8,164.0,91.6,1089.7,59.5,2400,0.0,0.0,16036,-522,72,discharging,None,None
19:08:26.394,sequential,8.3,412.8,164.0,3.0,1089.7,56.8,2400,0.0,0.0,16059,-617,72,discharging,None,None
19:08:26.897,sequential,8.3,412.8,164.0,2.0,1088.7,57.9,2400,0.0,0.0,16075,-503,72,discharging,None,None
19:08:27.404,sequential,8.3,412.8,164.0,74.5,1088.7,62.2,2400,0.0,0.0,16075,-425,72,discharging,None,None
19:08:27.908,sequential,8.3,398.7,177.1,44.3,1088.1,57.9,2400,0.0,0.0,16027,-606,72,discharging,None,None
19:08:28.412,sequential,8.3,398.7,177.1,3.0,1088.1,56.8,2400,0.0,0.0,16069,-509,72,discharging,None,None
19:08:28.919,sequential,8.3,398.7,177.1,24.3,1088.1,60.0,2400,0.0,0.0,16079,-406,72,discharging,None,None
19:08:29.423,sequential,8.3,403.0,183.9,97.0,1087.5,60.6,2400,0.0,0.0,16026,-584,72,discharging,None,None
19:08:29.927,sequential,8.3,403.0,183.9,2.5,1086.4,57.3,2400,0.0,0.0,16068,-606,72,discharging,None,None
19:08:30.430,sequential,8.3,403.0,183.9,2.5,1086.4,56.2,2400,0.0,0.0,16076,-428,72,discharging,None,None
19:08:30.939,sequential,8.3,403.0,183.9,68.3,1086.4,62.2,2400,0.0,0.0,16042,-501,72,discharging,None,None
19:08:31.443,sequential,8.3,395.5,172.5,49.8,1086.3,58.4,2400,0.0,0.0,16043,-615,72,discharging,None,None
19:08:31.946,sequential,8.3,395.5,172.5,2.5,1086.1,57.9,2400,0.0,0.0,16073,-522,72,discharging,None,None
19:08:32.455,sequential,8.4,395.5,172.5,27.4,1086.1,59.0,2400,0.0,0.0,16068,-420,72,discharging,None,None
19:08:32.958,sequential,8.4,399.0,181.1,99.0,1086.1,62.2,2400,0.0,0.0,16026,-598,72,discharging,None,None
19:08:33.462,sequential,7.9,399.0,181.1,3.5,1085.4,57.3,2400,0.0,0.0,16065,-616,72,discharging,None,None
19:08:33.966,sequential,7.9,399.0,181.1,2.5,1087.0,56.8,1900,0.0,0.0,16073,-438,72,discharging,None,None
19:08:34.470,sequential,7.9,399.0,181.1,65.8,1087.0,61.7,2400,0.0,0.0,16058,-463,72,discharging,None,None
19:08:34.974,sequential,8.2,410.0,188.2,58.4,1087.0,58.4,2400,0.0,0.0,16027,-597,72,discharging,None,None
19:08:35.477,sequential,8.2,410.0,188.2,2.5,1087.0,57.3,2400,0.0,0.0,16073,-542,72,discharging,None,None
19:08:35.986,sequential,8.4,410.0,188.2,10.8,1086.6,57.9,2400,0.0,0.0,16075,-408,72,discharging,None,None
19:08:36.495,sequential,8.4,399.0,188.2,99.5,1086.6,63.9,2400,0.0,0.0,16029,-566,72,discharging,None,None
19:08:36.999,sequential,8.3,399.0,173.6,10.8,1085.8,57.9,2400,0.0,0.0,16062,-618,72,discharging,None,None
19:08:37.503,sequential,8.3,399.0,173.6,2.5,1085.8,57.9,2400,0.0,0.0,16073,-459,72,discharging,None,None
19:08:38.011,sequential,8.3,399.0,173.6,58.4,1085.8,61.1,2400,0.0,0.0,16057,-469,72,discharging,None,None
19:08:38.514,sequential,8.2,406.3,173.0,61.1,1085.8,58.4,2400,0.0,0.0,16025,-616,72,discharging,None,None
19:08:39.018,sequential,8.2,406.3,173.0,2.5,1085.1,57.3,2400,0.0,0.0,16071,-555,72,discharging,None,None
19:08:39.527,sequential,8.4,406.3,173.0,7.5,1085.4,57.3,1600,0.0,0.0,16074,-404,72,discharging,None,None
19:08:40.031,sequential,8.4,446.7,173.0,100.0,1085.4,61.7,2400,0.0,0.0,16036,-513,72,discharging,None,None
19:08:40.535,sequential,8.4,446.7,168.5,21.7,1085.8,56.8,2400,0.0,0.0,16063,-590,72,discharging,None,None
19:08:41.038,sequential,8.3,446.7,168.5,2.5,1085.8,56.8,2400,0.0,0.0,16075,-481,72,discharging,None,None
19:08:41.547,sequential,8.3,446.7,168.5,46.8,1085.8,62.2,2400,0.0,0.0,16076,-441,72,discharging,None,None
19:08:42.051,sequential,8.2,410.5,173.2,73.4,1085.3,59.0,2400,0.0,0.0,16029,-619,72,discharging,None,None
19:08:42.554,sequential,8.2,410.5,173.2,3.0,1086.1,56.8,2400,0.0,0.0,16071,-587,72,discharging,None,None
19:08:43.058,sequential,8.4,410.5,173.2,4.4,1086.0,56.2,2400,0.0,0.0,16074,-409,72,discharging,None,None
19:08:43.567,sequential,8.4,406.3,173.2,92.0,1086.0,61.1,2400,0.0,0.0,16033,-529,72,discharging,None,None
19:08:44.071,sequential,8.4,406.3,183.4,32.2,1085.6,57.9,2400,0.0,0.0,16063,-620,72,discharging,None,None
19:08:44.574,sequential,8.3,406.3,183.4,10.9,1085.6,57.3,2400,0.0,0.0,16065,-511,72,discharging,None,None
19:08:45.083,sequential,8.3,406.3,183.4,39.4,1088.6,61.1,2400,0.0,0.0,16078,-418,72,discharging,None,None
19:08:45.586,sequential,7.9,407.4,172.2,79.8,1088.6,59.0,2400,0.0,0.0,16025,-588,72,discharging,None,None
19:08:46.090,sequential,7.9,407.4,172.2,2.0,1088.5,57.3,2400,0.0,0.0,16067,-603,72,discharging,None,None
19:08:46.593,sequential,7.9,407.4,172.2,1.5,1088.5,57.3,2400,0.0,0.0,16073,-422,72,discharging,None,None
19:08:47.111,sequential,8.3,418.6,172.2,83.7,1088.1,61.1,2400,0.0,0.0,16039,-505,72,discharging,None,None
19:08:47.614,sequential,8.3,418.6,178.5,35.8,1087.8,57.9,2400,0.0,0.0,16038,-620,72,discharging,None,None
19:08:48.118,sequential,8.4,418.6,178.5,2.0,1087.0,57.9,2400,0.0,0.0,16071,-524,72,discharging,None,None
19:08:48.627,sequential,8.4,418.6,178.5,32.0,1087.0,60.6,2400,0.0,0.0,16073,-407,72,discharging,None,None
19:08:49.130,sequential,8.3,408.8,178.4,88.1,1086.7,60.0,2400,0.0,0.0,16024,-583,72,discharging,None,None
19:08:49.634,sequential,8.3,408.8,178.4,2.0,1086.7,57.9,2400,0.0,0.0,16062,-621,72,discharging,None,None
19:08:50.138,sequential,8.3,408.8,178.4,1.5,1086.4,57.3,1600,0.0,0.0,16073,-445,71,discharging,None,None
19:08:50.647,sequential,8.2,408.8,178.4,77.7,1088.2,61.7,2400,0.0,0.0,16065,-454,71,discharging,None,None
19:08:51.151,sequential,8.2,425.8,171.2,44.8,1088.2,57.9,2400,0.0,0.0,16026,-595,71,discharging,None,None
19:08:51.654,sequential,8.4,425.8,171.2,1.5,1088.2,57.3,2400,0.0,0.0,16069,-549,71,discharging,None,None
19:08:52.163,sequential,8.4,425.8,171.2,22.5,1088.0,60.6,2400,0.0,0.0,16073,-408,71,discharging,None,None
19:08:52.667,sequential,8.4,412.3,169.4,96.1,1088.0,60.6,2400,0.0,0.0,16027,-562,71,discharging,None,None
19:08:53.171,sequential,8.3,412.3,169.4,2.0,1087.3,58.4,2400,0.0,0.0,16059,-619,71,discharging,None,None
19:08:53.674,sequential,8.3,412.3,169.4,1.5,1087.3,56.8,2400,0.0,0.0,16072,-464,71,discharging,None,None
19:08:54.183,sequential,8.3,412.3,169.4,68.2,1087.1,62.8,2400,0.0,0.0,16060,-462,71,discharging,None,None
19:08:54.686,sequential,8.3,414.2,172.7,51.7,1087.5,57.9,2400,0.0,0.0,16026,-620,71,discharging,None,None
19:08:55.190,sequential,8.4,414.2,172.7,1.5,1088.2,57.9,2400,0.0,0.0,16069,-566,71,discharging,None,None
19:08:55.699,sequential,8.4,414.2,172.7,16.5,1088.2,57.3,1900,0.0,0.0,16073,-406,71,discharging,None,None
19:08:56.203,sequential,8.4,409.7,176.0,100.0,1091.9,61.7,2400,0.0,0.0,16032,-524,71,discharging,None,None
19:08:56.707,sequential,8.3,409.7,176.0,14.4,1091.6,57.3,2400,0.0,0.0,16054,-611,71,discharging,None,None
19:08:57.211,sequential,8.3,409.7,176.0,2.0,1091.1,56.8,2400,0.0,0.0,16072,-493,71,discharging,None,None
19:08:57.719,sequential,7.9,409.7,176.0,61.7,1091.1,62.8,2400,0.0,0.0,16073,-441,71,discharging,None,None
19:08:58.223,sequential,7.9,411.4,175.5,58.9,1090.2,58.4,2400,0.0,0.0,16026,-620,71,discharging,None,None
19:08:58.726,sequential,7.9,411.4,175.5,2.0,1090.2,57.3,2400,0.0,0.0,16069,-589,71,discharging,None,None
19:08:59.235,sequential,8.3,411.4,175.5,8.1,1089.8,58.4,2400,0.0,0.0,16073,-410,71,discharging,None,None
19:08:59.739,sequential,8.3,408.4,175.5,100.0,1089.8,62.2,2400,0.0,0.0,16032,-526,71,discharging,None,None
19:09:00.242,sequential,8.3,408.4,173.2,12.5,1089.0,58.4,2400,0.0,0.0,16060,-618,71,discharging,None,None
19:09:00.746,sequential,8.3,408.4,173.2,1.5,1089.0,58.4,2400,0.0,0.0,16072,-500,71,discharging,None,None
19:09:01.255,sequential,8.3,408.4,173.2,55.2,1088.5,60.6,2400,0.0,0.0,16077,-409,71,discharging,None,None
19:09:01.758,sequential,8.3,426.0,169.2,67.5,1088.5,58.4,2400,0.0,0.0,16025,-581,71,discharging,None,None
19:09:02.262,sequential,8.3,426.0,169.2,1.5,1088.2,57.3,2400,0.0,0.0,16067,-599,71,discharging,None,None
19:09:02.765,sequential,8.4,426.0,169.2,1.5,1088.2,56.8,2400,0.0,0.0,16072,-425,71,discharging,None,None
19:09:03.272,sequential,8.4,402.1,169.2,98.5,1088.2,62.8,2400,0.0,0.0,16038,-504,71,discharging,None,None
19:09:03.776,sequential,8.3,402.1,175.8,20.0,1087.0,57.9,2400,0.0,0.0,16042,-618,71,discharging,None,None
19:09:04.279,sequential,8.3,402.1,175.8,2.0,1087.0,56.8,2400,0.0,0.0,16071,-521,71,discharging,None,None
19:09:04.787,sequential,8.3,402.1,175.8,46.8,1087.0,61.7,2400,0.0,0.0,16071,-410,71,discharging,None,None
19:09:05.290,sequential,8.3,403.6,182.4,73.4,1086.6,59.0,2400,0.0,0.0,16022,-587,71,discharging,None,None
19:09:05.794,sequential,8.3,403.6,182.4,2.0,1086.6,57.3,2400,0.0,0.0,16062,-618,71,discharging,None,None
19:09:06.298,sequential,8.3,403.6,182.4,2.0,1086.1,56.8,1600,0.0,0.0,16070,-440,71,discharging,None,None
19:09:06.804,sequential,8.3,409.0,182.4,92.6,1086.1,61.1,2400,0.0,0.0,16052,-468,71,discharging,None,None
19:09:07.308,sequential,8.3,409.0,187.5,29.1,1085.8,57.3,2400,0.0,0.0,16024,-602,71,discharging,None,None
19:09:07.812,sequential,8.3,409.0,187.5,1.5,1085.8,57.3,2400,0.0,0.0,16069,-542,71,discharging,None,None
19:09:08.319,sequential,8.3,409.0,187.5,37.6,1085.8,60.6,2400,0.0,0.0,16072,-408,71,discharging,None,None
19:09:08.823,sequential,8.3,578.5,187.5,91.1,1085.8,61.1,2400,0.0,0.0,16029,-562,71,discharging,None,None
19:09:09.327,sequential,8.3,578.5,177.1,17.6,1085.4,57.3,2400,0.0,0.0,16044,-651,71,discharging,None,None
19:09:09.830,sequential,7.0,578.5,177.1,2.0,1085.1,56.8,2400,0.0,0.0,16069,-497,71,discharging,None,None
19:09:10.339,sequential,7.0,578.5,177.1,49.8,1085.1,61.7,2400,0.0,0.0,16073,-408,71,discharging,None,None
19:09:10.843,sequential,7.0,400.1,181.4,70.1,1085.8,58.4,2400,0.0,0.0,16022,-586,71,discharging,None,None
19:09:11.347,sequential,8.3,400.1,181.4,2.0,1085.8,57.3,2400,0.0,0.0,16061,-619,71,discharging,None,None
19:09:11.851,sequential,8.3,400.1,181.4,3.0,1085.6,56.2,1600,0.0,0.0,16070,-438,71,discharging,None,None
19:09:12.359,sequential,8.3,404.3,181.4,95.0,1085.6,61.1,2400,0.0,0.0,16049,-464,71,discharging,None,None
19:09:12.863,sequential,8.3,404.3,189.9,27.1,1085.4,57.9,2400,0.0,0.0,16022,-603,71,discharging,None,None
19:09:13.367,sequential,8.3,404.3,189.9,2.5,1085.1,56.8,2400,0.0,0.0,16068,-543,71,discharging,None,None
19:09:13.875,sequential,8.4,404.3,189.9,41.5,1085.1,60.6,2400,0.0,0.0,16071,-408,71,discharging,None,None
19:09:14.378,sequential,8.4,397.0,176.6,76.8,1085.1,59.5,2400,0.0,0.0,16024,-565,71,discharging,None,None
19:09:14.882,sequential,8.3,397.0,176.6,2.5,1084.9,56.8,2400,0.0,0.0,16057,-618,71,discharging,None,None
19:09:15.385,sequential,8.3,397.0,176.6,2.5,1084.9,56.8,2400,0.0,0.0,16070,-460,71,discharging,None,None
19:09:15.893,sequential,8.3,404.6,176.6,89.2,1084.7,61.1,2400,0.0,0.0,16056,-467,71,discharging,None,None
19:09:16.397,sequential,8.3,404.6,173.4,29.9,1084.5,57.9,2400,0.0,0.0,16022,-615,71,discharging,None,None
19:09:16.900,sequential,8.3,404.6,173.4,2.5,1084.5,57.3,2400,0.0,0.0,16068,-557,71,discharging,None,None
19:09:17.408,sequential,8.3,404.6,173.4,38.4,1084.5,60.6,2400,0.0,0.0,16073,-401,71,discharging,None,None
19:09:17.911,sequential,8.3,417.2,176.7,84.1,1084.9,59.5,2400,0.0,0.0,16030,-532,71,discharging,None,None
19:09:18.415,sequential,8.3,417.2,176.7,2.0,1084.9,56.8,2400,0.0,0.0,16059,-606,71,discharging,None,None
19:09:18.918,sequential,8.3,417.2,176.7,3.0,1084.9,57.3,2400,0.0,0.0,16069,-474,71,discharging,None,None
19:09:19.434,sequential,8.3,394.8,176.7,81.4,1084.9,61.7,2400,0.0,0.0,16063,-545,71,discharging,None,None
19:09:19.938,sequential,8.3,394.8,176.9,36.0,1084.6,58.4,2400,0.0,0.0,16057,-616,71,discharging,None,None
19:09:20.442,sequential,8.3,394.8,176.9,2.0,1084.6,56.8,2400,0.0,0.0,16070,-478,71,discharging,None,None
19:09:20.948,sequential,8.4,394.8,176.9,39.6,1084.4,60.6,2400,0.0,0.0,16064,-453,71,discharging,None,None
19:09:21.451,sequential,8.4,404.2,169.8,88.0,1084.4,60.0,2400,0.0,0.0,16024,-626,71,discharging,None,None
19:09:21.955,sequential,7.9,404.2,169.8,2.5,1084.4,57.9,2400,0.0,0.0,16066,-583,71,discharging,None,None
19:09:22.459,sequential,7.9,404.2,169.8,3.0,1084.4,56.8,1600,0.0,0.0,16070,-406,71,discharging,None,None
19:09:22.967,sequential,7.9,404.2,169.8,78.0,1084.4,61.7,2400,0.0,0.0,16030,-503,71,discharging,None,None
19:09:23.471,sequential,8.2,421.6,176.5,46.1,1084.2,58.4,2400,0.0,0.0,16053,-599,71,discharging,None,None
19:09:23.974,sequential,8.2,421.6,176.5,2.0,1084.2,57.3,2400,0.0,0.0,16068,-502,71,discharging,None,None
19:09:24.483,sequential,8.4,421.6,176.5,22.8,1085.0,59.5,2400,0.0,0.0,16071,-424,71,discharging,None,None
19:09:24.987,sequential,8.4,410.4,167.3,96.1,1085.1,60.6,2400,0.0,0.0,16022,-605,71,discharging,None,None
19:09:25.490,sequential,8.3,410.4,167.3,3.0,1085.1,58.4,2400,0.0,0.0,16064,-601,71,discharging,None,None
19:09:25.994,sequential,8.3,410.4,167.3,2.5,1085.1,56.8,2400,0.0,0.0,16069,-419,71,discharging,None,None
19:09:26.500,sequential,8.3,410.4,167.3,69.8,1085.1,62.8,2400,0.0,0.0,16033,-510,71,discharging,None,None
19:09:27.003,sequential,8.3,404.3,179.7,50.7,1084.9,58.4,2400,0.0,0.0,16040,-619,71,discharging,None,None
19:09:27.507,sequential,8.3,404.3,179.7,2.5,1084.9,56.8,2400,0.0,0.0,16067,-517,71,discharging,None,None
19:09:28.015,sequential,8.3,404.3,179.7,16.6,1084.9,56.8,1600,0.0,0.0,16073,-401,71,discharging,None,None
19:09:28.520,sequential,8.3,415.7,179.7,100.0,1084.9,61.7,2400,0.0,0.0,16023,-564,71,discharging,None,None
19:09:29.024,sequential,8.3,415.7,181.6,8.4,1084.9,57.9,2400,0.0,0.0,16058,-604,71,discharging,None,None
19:09:29.527,sequential,8.4,415.7,181.6,3.0,1084.9,56.8,2400,0.0,0.0,16068,-441,71,discharging,None,None
19:09:30.035,sequential,8.4,415.7,181.6,60.0,1084.9,62.2,2400,0.0,0.0,16039,-487,71,discharging,None,None
19:09:30.538,sequential,8.2,400.2,180.9,60.0,1084.7,58.4,2400,0.0,0.0,16027,-617,71,discharging,None,None
19:09:31.042,sequential,8.2,400.2,180.9,2.5,1084.7,57.3,2400,0.0,0.0,16066,-539,71,discharging,None,None
19:09:31.551,sequential,8.4,400.2,180.9,8.5,1084.7,59.0,2400,0.0,0.0,16070,-408,71,discharging,None,None
19:09:32.055,sequential,8.4,400.0,180.9,100.0,1084.7,62.2,2400,0.0,0.0,16023,-569,71,discharging,None,None
19:09:32.559,sequential,8.4,400.0,189.0,14.8,1084.7,57.3,2400,0.0,0.0,16058,-621,71,discharging,None,None
19:09:33.062,sequential,8.3,400.0,189.0,11.0,1084.4,57.3,2400,0.0,0.0,16063,-469,71,discharging,None,None
19:09:33.571,sequential,8.3,400.0,189.0,53.2,1084.4,61.7,2400,0.0,0.0,16067,-452,71,discharging,None,None
19:09:34.075,sequential,7.9,425.9,169.2,69.5,1084.4,58.4,2400,0.0,0.0,16021,-598,71,discharging,None,None
19:09:34.579,sequential,7.9,425.9,169.2,3.0,1084.7,57.3,2400,0.0,0.0,16066,-565,71,discharging,None,None
19:09:35.082,sequential,7.9,425.9,169.2,2.5,1084.9,57.3,2400,0.0,0.0,16069,-408,71,discharging,None,None
19:09:35.591,sequential,8.3,398.2,169.2,96.0,1084.9,62.2,2400,0.0,0.0,16024,-550,71,discharging,None,None
19:09:36.095,sequential,8.3,398.2,180.0,23.5,1084.6,57.9,2400,0.0,0.0,16055,-619,71,discharging,None,None
19:09:36.598,sequential,8.4,398.2,180.0,2.5,1084.6,57.3,2400,0.0,0.0,16067,-477,71,discharging,None,None
19:09:37.107,sequential,8.4,398.2,180.0,45.5,1084.4,61.7,2400,0.0,0.0,16065,-447,71,discharging,None,None
19:09:37.610,sequential,8.3,399.4,183.5,74.5,1084.2,59.0,2400,0.0,0.0,16022,-619,71,discharging,None,None
19:09:38.114,sequential,8.3,399.4,183.5,3.0,1084.2,57.3,2400,0.0,0.0,16065,-580,71,discharging,None,None
19:09:38.618,sequential,8.3,399.4,183.5,2.0,1084.2,56.2,1600,0.0,0.0,16068,-407,71,discharging,None,None
19:09:39.127,sequential,8.2,410.1,183.5,91.5,1084.2,62.2,2400,0.0,0.0,16072,-511,71,discharging,None,None
19:09:39.631,sequential,8.2,410.1,187.2,32.4,1084.2,57.9,2400,0.0,0.0,16055,-602,71,discharging,None,None
19:09:40.134,sequential,8.4,410.1,187.2,2.5,1084.6,57.9,2400,0.0,0.0,16068,-497,71,discharging,None,None
19:09:40.643,sequential,8.4,410.1,187.2,36.8,1085.4,60.6,2400,0.0,0.0,16069,-427,71,discharging,None,None
19:09:41.146,sequential,8.4,398.5,182.4,82.8,1085.6,59.5,2400,0.0,0.0,16021,-608,71,discharging,None,None
19:09:41.650,sequential,8.3,398.5,182.4,3.0,1085.6,57.3,2400,0.0,0.0,16063,-599,71,discharging,None,None
19:09:42.153,sequential,8.3,398.5,182.4,2.5,1085.6,57.3,2400,0.0,0.0,16068,-418,71,discharging,None,None
19:09:42.663,sequential,8.3,408.0,182.4,81.9,1085.6,61.7,2400,0.0,0.0,16029,-510,71,discharging,None,None
19:09:43.167,sequential,8.3,408.0,175.7,37.3,1085.1,58.4,2400,0.0,0.0,16038,-619,71,discharging,None,None
19:09:43.670,sequential,8.4,408.0,175.7,2.5,1085.1,57.3,2400,0.0,0.0,16065,-517,71,discharging,None,None
19:09:44.179,sequential,8.4,408.0,175.7,31.0,1085.1,58.4,2400,0.0,0.0,16070,-401,71,discharging,None,None
19:09:44.683,sequential,8.4,427.6,173.8,92.6,1085.3,60.0,2400,0.0,0.0,16021,-564,71,discharging,None,None
19:09:45.186,sequential,8.3,427.6,173.8,10.9,1085.3,59.0,2400,0.0,0.0,16051,-617,71,discharging,None,None
19:09:45.690,sequential,8.3,427.6,173.8,2.5,1085.3,57.3,2400,0.0,0.0,16066,-454,71,discharging,None,None
19:09:46.199,sequential,7.9,427.6,173.8,73.0,1084.7,61.1,2400,0.0,0.0,16039,-488,71,discharging,None,None
19:09:46.703,sequential,7.9,397.4,183.7,47.1,1084.7,58.4,2400,0.0,0.0,16021,-619,71,discharging,None,None
19:09:47.207,sequential,7.9,397.4,183.7,2.0,1084.7,57.9,2400,0.0,0.0,16064,-540,71,discharging,None,None
19:09:47.715,sequential,8.3,397.4,183.7,22.3,1084.7,59.5,2400,0.0,0.0,16068,-408,71,discharging,None,None
19:09:48.219,sequential,8.3,403.7,168.6,96.1,1084.7,60.6,2400,0.0,0.0,16019,-570,71,discharging,None,None
19:09:48.722,sequential,8.3,403.7,168.6,2.5,1084.7,57.3,2400,0.0,0.0,16054,-618,71,discharging,None,None
19:09:49.226,sequential,8.3,403.7,168.6,2.5,1084.4,56.8,1900,0.0,0.0,16065,-455,71,discharging,None,None
19:09:49.735,sequential,8.3,403.7,168.6,69.8,1085.3,61.7,2400,0.0,0.0,16056,-454,71,discharging,None,None
19:09:50.238,sequential,8.3,415.0,173.8,52.0,1085.3,58.4,2400,0.0,0.0,16017,-600,71,discharging,None,None
19:09:50.742,sequential,8.3,415.0,173.8,2.5,1085.3,57.9,2400,0.0,0.0,16063,-555,71,discharging,None,None
19:09:51.251,sequential,8.3,415.0,173.8,16.3,1085.3,59.5,2400,0.0,0.0,16067,-409,71,discharging,None,None
19:09:51.754,sequential,8.3,413.0,168.4,100.0,1085.7,61.7,2400,0.0,0.0,16023,-557,71,discharging,None,None
19:09:52.258,sequential,8.3,413.0,168.4,5.9,1085.3,57.3,2400,0.0,0.0,16055,-619,71,discharging,None,None
19:09:52.761,sequential,8.3,413.0,168.4,3.9,1085.3,57.9,2400,0.0,0.0,16067,-470,71,discharging,None,None
19:09:53.268,sequential,8.3,413.0,168.4,62.4,1085.3,61.7,2400,0.0,0.0,16059,-455,71,discharging,None,None
19:09:53.771,sequential,8.3,407.5,167.8,56.9,1084.8,59.0,2400,0.0,0.0,16020,-617,71,discharging,None,None
19:09:54.275,sequential,8.3,407.5,167.8,2.0,1084.8,57.9,2400,0.0,0.0,16064,-571,71,discharging,None,None
19:09:54.787,sequential,8.3,407.5,167.8,10.6,1085.1,57.3,1600,0.0,0.0,16066,-402,71,discharging,None,None
19:09:55.291,sequential,8.3,427.7,167.8,100.0,1084.9,62.2,2400,0.0,0.0,16027,-510,71,discharging,None,None
19:09:55.794,sequential,8.3,427.7,175.8,13.0,1084.6,57.9,2400,0.0,0.0,16054,-595,71,discharging,None,None
19:09:56.298,sequential,8.3,427.7,175.8,1.5,1084.6,56.8,2400,0.0,0.0,16064,-488,71,discharging,None,None
19:09:56.807,sequential,8.3,427.7,175.8,54.0,1084.4,62.2,2400,0.0,0.0,16067,-434,71,discharging,None,None
19:09:57.311,sequential,8.3,581.1,182.3,84.2,1084.6,61.7,2400,0.0,0.0,16021,-581,71,discharging,None,None
19:09:57.814,sequential,8.3,581.1,182.3,2.5,1084.6,57.3,2400,0.0,0.0,16053,-617,71,discharging,None,None
19:09:58.318,sequential,7.6,581.1,182.3,1.5,1084.6,56.8,2400,0.0,0.0,16065,-469,71,discharging,None,None
19:09:58.827,sequential,7.6,581.1,182.3,64.7,1084.6,62.2,2400,0.0,0.0,16061,-451,71,discharging,None,None
19:09:59.330,sequential,7.6,411.6,178.2,56.2,1084.6,57.9,2400,0.0,0.0,16021,-621,71,discharging,None,None
19:09:59.834,sequential,8.3,411.6,178.2,1.5,1084.4,56.2,2400,0.0,0.0,16063,-579,71,discharging,None,None
19:10:00.347,sequential,8.3,411.6,178.2,13.2,1084.4,57.3,1600,0.0,0.0,16067,-402,71,discharging,None,None
19:10:00.852,sequential,8.3,408.9,178.2,100.0,1084.4,61.7,2400,0.0,0.0,16028,-512,71,discharging,None,None
19:10:01.356,sequential,8.3,408.9,163.4,5.9,1084.4,57.3,2400,0.0,0.0,16054,-597,71,discharging,None,None
19:10:01.859,sequential,8.3,408.9,163.4,0.0,1084.4,57.3,2400,0.0,0.0,16066,-481,71,discharging,None,None
19:10:02.367,sequential,8.3,408.9,163.4,59.9,1084.4,62.2,2400,0.0,0.0,16066,-428,71,discharging,None,None
19:10:02.870,sequential,8.3,368.2,161.5,48.3,1084.2,58.4,2400,0.0,0.0,16020,-600,71,discharging,None,None
19:10:03.374,sequential,8.3,368.2,161.5,0.0,1084.2,57.3,2400,0.0,0.0,16063,-571,71,discharging,None,None
19:10:03.883,sequential,8.3,368.2,161.5,15.5,1084.2,59.0,2400,0.0,0.0,16066,-399,71,discharging,None,None
19:10:04.387,sequential,8.3,372.0,164.7,91.7,1084.2,60.0,2400,0.0,0.0,16024,-537,71,discharging,None,None
19:10:04.890,sequential,8.3,372.0,164.7,0.0,1084.4,57.3,2400,0.0,0.0,16053,-601,71,discharging,None,None
19:10:05.394,sequential,8.3,372.0,164.7,0.0,1084.4,56.8,1800,0.0,0.0,16065,-463,71,discharging,None,None
19:10:05.901,sequential,8.3,372.0,164.7,72.9,1084.4,61.1,2400,0.0,0.0,16067,-423,71,discharging,None,None
19:10:06.405,sequential,8.3,380.7,162.5,37.5,1084.4,57.3,2400,0.0,0.0,16018,-579,71,discharging,None,None
19:10:06.908,sequential,8.3,380.7,162.5,0.0,1084.2,57.3,2400,0.0,0.0,16064,-555,71,discharging,None,None
19:10:07.416,sequential,8.3,380.7,162.5,28.4,1084.2,60.6,2400,0.0,0.0,16067,-400,71,discharging,None,None
19:10:07.920,sequential,8.3,368.3,166.1,81.0,1084.2,59.5,2400,0.0,0.0,16019,-550,71,discharging,None,None
19:10:08.423,sequential,8.3,368.3,166.1,0.0,1084.2,57.3,2400,0.0,0.0,16054,-601,71,discharging,None,None
19:10:08.926,sequential,8.3,368.3,166.1,0.0,1084.4,56.8,2400,0.0,0.0,16065,-450,71,discharging,None,None
19:10:09.435,sequential,8.3,365.3,166.1,83.6,1084.4,61.1,2400,0.0,0.0,16049,-466,71,discharging,None,None
19:10:09.939,sequential,8.3,365.3,162.8,24.3,1084.4,57.9,2400,0.0,0.0,16026,-599,71,discharging,None,None
19:10:10.442,sequential,8.3,365.3,162.8,0.0,1084.4,57.3,2400,0.0,0.0,16063,-532,71,discharging,None,None
19:10:10.951,sequential,8.3,365.3,162.8,41.3,1084.4,62.2,2400,0.0,0.0,16066,-399,71,discharging,None,None
19:10:11.454,sequential,8.3,372.2,168.3,68.6,1085.8,58.4,2400,0.0,0.0,16020,-561,71,discharging,None,None
19:10:11.958,sequential,8.3,372.2,168.3,0.0,1086.1,57.3,2400,0.0,0.0,16056,-592,71,discharging,None,None
19:10:12.461,sequential,8.3,372.2,168.3,0.0,1086.1,55.6,2400,0.0,0.0,16065,-430,71,discharging,None,None
19:10:12.971,sequential,8.3,367.6,168.3,96.1,1086.1,61.7,2400,0.0,0.0,16035,-487,71,discharging,None,None
19:10:13.474,sequential,8.3,367.6,164.9,12.3,1086.1,57.3,2400,0.0,0.0,16037,-599,71,discharging,None,None
19:10:13.978,sequential,8.3,367.6,164.9,0.0,1086.3,56.8,2400,0.0,0.0,16065,-513,71,discharging,None,None
19:10:14.487,sequential,8.3,367.6,164.9,53.5,1088.8,61.7,2400,0.0,0.0,16065,-408,71,discharging,None,None
19:10:14.990,sequential,8.3,370.2,163.6,54.9,1089.3,58.4,2400,0.0,0.0,16014,-602,71,discharging,None,None
19:10:15.494,sequential,8.3,370.2,163.6,0.0,1089.3,57.3,2400,0.0,0.0,16058,-613,71,discharging,None,None
19:10:16.001,sequential,8.3,370.2,163.6,10.0,1089.1,57.9,1500,0.0,0.0,16063,-425,71,discharging,None,None
19:10:16.506,sequential,8.3,387.4,165.1,99.5,1089.8,61.7,2400,0.0,0.0,16032,-502,71,discharging,None,None
19:10:17.010,sequential,8.3,387.4,165.1,2.5,1088.4,56.8,2400,0.0,0.0,16045,-596,71,discharging,None,None
19:10:17.513,sequential,8.3,387.4,165.1,0.0,1088.4,56.8,2400,0.0,0.0,16063,-500,71,discharging,None,None
19:10:18.020,sequential,8.3,387.4,165.1,63.2,1088.6,62.2,2400,0.0,0.0,16065,-414,71,discharging,None,None
19:10:18.523,sequential,8.3,370.7,166.3,45.5,1090.1,58.4,2400,0.0,0.0,16017,-598,71,discharging,None,None
19:10:19.027,sequential,8.3,370.7,166.3,0.0,1090.1,56.8,2400,0.0,0.0,16061,-586,71,discharging,None,None
19:10:19.535,sequential,8.3,370.7,166.3,18.4,1089.6,59.5,2400,0.0,0.0,16065,-401,71,discharging,None,None
19:10:20.038,sequential,8.3,363.7,165.1,89.2,1088.2,59.5,2400,0.0,0.0,16022,-521,71,discharging,None,None
19:10:20.542,sequential,8.3,363.7,165.1,0.0,1088.2,56.8,2400,0.0,0.0,16052,-599,71,discharging,None,None
19:10:21.045,sequential,8.3,363.7,165.1,0.0,1087.4,56.8,2400,0.0,0.0,16065,-477,71,discharging,None,None
19:10:21.550,sequential,8.3,379.3,165.1,75.2,1087.6,61.1,2400,0.0,0.0,16068,-411,71,discharging,None,None
19:10:22.054,sequential,8.3,379.3,160.4,34.3,1087.3,57.9,2400,0.0,0.0,16019,-582,71,discharging,None,None
19:10:22.557,sequential,8.3,379.3,160.4,0.0,1087.3,56.2,2400,0.0,0.0,16061,-570,71,discharging,None,None
19:10:23.064,sequential,8.3,379.3,160.4,31.2,1086.7,60.6,2400,0.0,0.0,16065,-399,71,discharging,None,None
19:10:23.567,sequential,8.3,366.9,161.4,76.6,1087.1,59.0,2400,0.0,0.0,16021,-537,71,discharging,None,None
19:10:24.071,sequential,8.3,366.9,161.4,0.0,1086.4,56.8,2400,0.0,0.0,16051,-598,71,discharging,None,None
19:10:24.574,sequential,8.3,366.9,161.4,0.0,1086.7,56.8,2400,0.0,0.0,16063,-461,71,discharging,None,None
19:10:25.083,sequential,8.3,366.2,161.4,88.0,1086.8,61.1,2400,0.0,0.0,16054,-452,71,discharging,None,None
19:10:25.586,sequential,8.3,366.2,158.6,19.2,1086.8,57.3,2400,0.0,0.0,16015,-598,71,discharging,None,None
19:10:26.090,sequential,8.3,366.2,158.6,0.0,1088.7,57.9,2400,0.0,0.0,16061,-545,71,discharging,None,None
19:10:26.599,sequential,8.3,366.2,158.6,46.3,1088.7,61.1,2400,0.0,0.0,16065,-398,71,discharging,None,None
19:10:27.102,sequential,8.3,380.7,161.6,64.0,1088.7,58.4,2400,0.0,0.0,16019,-541,71,discharging,None,None
19:10:27.606,sequential,8.3,380.7,161.6,0.0,1088.7,57.9,2400,0.0,0.0,16052,-586,71,discharging,None,None
19:10:28.113,sequential,8.3,380.7,161.6,1.5,1088.1,56.8,2400,0.0,0.0,16064,-442,71,discharging,None,None
19:10:28.620,sequential,8.3,364.9,161.6,100.0,1088.1,61.7,2400,0.0,0.0,16043,-474,71,discharging,None,None
19:10:29.124,sequential,8.3,364.9,167.5,6.5,1088.2,57.3,2400,0.0,0.0,16027,-599,71,discharging,None,None
19:10:29.627,sequential,8.3,364.9,167.5,0.5,1088.2,56.8,2400,0.0,0.0,16061,-524,71,discharging,None,None
19:10:30.135,sequential,8.3,364.9,167.5,57.8,1088.0,62.2,2400,0.0,0.0,16064,-399,71,discharging,None,None
19:10:30.638,sequential,8.3,368.5,161.5,50.0,1087.9,57.9,2400,0.0,0.0,16015,-577,71,discharging,None,None
19:10:31.142,sequential,8.3,368.5,161.5,0.0,1086.1,56.8,2400,0.0,0.0,16056,-599,71,discharging,None,None
19:10:31.653,sequential,8.3,368.5,161.5,15.0,1086.1,57.3,1700,0.0,0.0,16064,-422,71,discharging,None,None
19:10:32.157,sequential,8.3,380.9,166.0,95.1,1086.1,59.5,2400,0.0,0.0,16040,-565,71,discharging,None,None
19:10:32.660,sequential,8.3,380.9,166.0,0.0,1086.1,58.4,2400,0.0,0.0,16058,-583,71,discharging,None,None
19:10:33.164,sequential,8.3,380.9,166.0,0.0,1086.1,56.8,2400,0.0,0.0,16064,-415,71,discharging,None,None
19:10:33.672,sequential,8.3,380.9,166.0,70.1,1086.1,61.1,2400,0.0,0.0,16026,-500,71,discharging,None,None
19:10:34.176,sequential,8.3,373.6,158.8,37.2,1084.9,57.3,2400,0.0,0.0,16045,-599,71,discharging,None,None
19:10:34.679,sequential,8.3,373.6,158.8,0.5,1085.2,56.8,2400,0.0,0.0,16062,-497,71,discharging,None,None
19:10:35.187,sequential,8.3,373.6,158.8,26.9,1085.4,59.5,2400,0.0,0.0,16064,-415,71,discharging,None,None
19:10:35.690,sequential,8.3,368.9,166.1,82.1,1085.4,58.4,2400,0.0,0.0,16018,-599,71,discharging,None,None
19:10:36.194,sequential,8.3,368.9,166.1,0.0,1085.6,57.3,2400,0.0,0.0,16060,-584,71,discharging,None,None
19:10:36.697,sequential,8.3,368.9,166.1,0.0,1085.6,56.2,2400,0.0,0.0,16063,-400,71,discharging,None,None
19:10:37.208,sequential,8.3,385.3,166.1,82.4,1084.8,61.1,2400,0.0,0.0,16028,-498,71,discharging,None,None
19:10:37.711,sequential,8.3,385.3,163.9,28.7,1084.4,57.3,2400,0.0,0.0,16051,-583,71,discharging,None,None
19:10:38.215,sequential,8.3,385.3,163.9,0.0,1084.2,56.8,2400,0.0,0.0,16063,-483,71,discharging,None,None
19:10:38.723,sequential,8.3,385.3,163.9,36.3,1084.2,60.6,2400,0.0,0.0,16063,-426,71,discharging,None,None
19:10:39.226,sequential,8.3,367.5,162.3,71.4,1084.2,59.0,2400,0.0,0.0,16015,-598,71,discharging,None,None
19:10:39.730,sequential,8.3,367.5,162.3,0.0,1084.2,57.3,2400,0.0,0.0,16060,-572,71,discharging,None,None
19:10:40.233,sequential,8.3,367.5,162.3,0.0,1084.2,56.2,2400,0.0,0.0,16062,-400,71,discharging,None,None
19:10:40.740,sequential,8.3,365.0,162.3,93.1,1084.2,61.1,2400,0.0,0.0,16020,-536,71,discharging,None,None
19:10:41.244,sequential,8.3,365.0,165.0,14.0,1084.2,57.9,2400,0.0,0.0,16049,-598,71,discharging,None,None
19:10:41.747,sequential,8.3,365.0,165.0,0.0,1084.2,57.3,2400,0.0,0.0,16062,-462,71,discharging,None,None
19:10:42.255,sequential,8.3,365.0,165.0,50.2,1084.4,60.6,2400,0.0,0.0,16060,-428,71,discharging,None,None
19:10:42.759,sequential,8.3,382.7,164.6,61.1,1084.4,58.4,2400,0.0,0.0,16013,-583,71,discharging,None,None
19:10:43.262,sequential,8.3,382.7,164.6,0.0,1084.9,56.8,2400,0.0,0.0,16059,-556,71,discharging,None,None
19:10:43.771,sequential,8.3,382.7,164.6,4.0,1084.9,56.8,2400,0.0,0.0,16062,-399,71,discharging,None,None
19:10:44.274,sequential,8.3,370.4,160.9,99.5,1084.9,61.7,2400,0.0,0.0,16017,-549,71,discharging,None,None
19:10:44.778,sequential,8.3,370.4,160.9,3.5,1085.1,57.3,2400,0.0,0.0,16051,-599,71,discharging,None,None
19:10:45.281,sequential,8.3,370.4,160.9,0.0,1084.7,56.8,2400,0.0,0.0,16061,-449,71,discharging,None,None
19:10:45.787,sequential,8.3,370.4,160.9,61.2,1084.7,61.7,2400,0.0,0.0,16044,-467,71,discharging,None,None
19:10:46.290,sequential,8.3,390.4,188.1,56.9,1084.4,58.4,2400,0.0,0.0,16012,-613,71,discharging,None,None
19:10:46.794,sequential,9.2,390.4,188.1,2.0,1084.4,56.2,2400,0.0,0.0,16059,-550,71,discharging,None,None
19:10:47.304,sequential,9.2,390.4,188.1,10.9,1084.9,57.3,1600,0.0,0.0,16061,-406,71,discharging,None,None
19:10:47.808,sequential,9.2,410.7,188.1,100.0,1085.3,62.8,2400,0.0,0.0,16020,-542,71,discharging,None,None
19:10:48.312,sequential,8.3,410.7,179.2,12.4,1085.3,57.9,2400,0.0,0.0,16047,-607,71,discharging,None,None
19:10:48.815,sequential,8.3,410.7,179.2,3.0,1084.9,57.3,2400,0.0,0.0,16060,-471,71,discharging,None,None
19:10:49.323,sequential,8.2,410.7,179.2,54.7,1084.9,61.1,2400,0.0,0.0,16054,-453,71,discharging,None,None
19:10:49.827,sequential,8.2,403.9,169.5,63.4,1084.9,58.4,2400,0.0,0.0,16013,-616,71,discharging,None,None
19:10:50.331,sequential,8.2,403.9,169.5,2.0,1084.9,56.8,2400,0.0,0.0,16058,-572,71,discharging,None,None
19:10:50.840,sequential,8.4,403.9,169.5,5.9,1084.9,57.9,2400,0.0,0.0,16060,-408,71,discharging,None,None
19:10:51.345,sequential,8.4,410.1,169.5,100.0,1084.9,61.1,2400,0.0,0.0,16019,-544,71,discharging,None,None
19:10:51.848,sequential,8.3,410.1,178.8,17.9,1084.4,57.3,2400,0.0,0.0,16049,-622,71,discharging,None,None
19:10:52.352,sequential,8.3,410.1,178.8,2.5,1084.4,56.8,1900,0.0,0.0,16059,-484,71,discharging,None,None
19:10:52.860,sequential,8.3,410.1,178.8,50.7,1084.6,61.1,2400,0.0,0.0,16066,-411,71,discharging,None,None
19:10:53.363,sequential,8.3,423.2,176.4,73.1,1084.6,58.4,2400,0.0,0.0,16015,-592,71,discharging,None,None
19:10:53.867,sequential,8.3,423.2,176.4,3.0,1084.6,57.3,2400,0.0,0.0,16056,-594,71,discharging,None,None
19:10:54.370,sequential,8.4,423.2,176.4,10.4,1084.6,56.2,2400,0.0,0.0,16054,-424,71,discharging,None,None
19:10:54.883,sequential,8.4,395.3,176.4,92.5,1086.5,61.1,2400,0.0,0.0,16019,-530,71,discharging,None,None
19:10:55.386,sequential,7.9,395.3,176.0,26.7,1086.1,57.9,2400,0.0,0.0,16039,-616,71,discharging,None,None
19:10:55.890,sequential,7.9,395.3,176.0,2.5,1086.1,56.2,2400,0.0,0.0,16059,-506,71,discharging,None,None
19:10:56.399,sequential,7.9,395.3,176.0,43.0,1086.1,60.6,2400,0.0,0.0,16060,-422,71,discharging,None,None
19:10:56.902,sequential,8.2,408.2,170.9,75.4,1085.8,59.0,2400,0.0,0.0,16010,-602,71,discharging,None,None
19:10:57.406,sequential,8.2,408.2,170.9,3.0,1085.8,57.9,2400,0.0,0.0,16053,-605,71,discharging,None,None
19:10:57.910,sequential,8.4,408.2,170.9,3.0,1085.8,56.8,1600,0.0,0.0,16058,-423,71,discharging,None,None
19:10:58.423,sequential,8.4,424.7,170.9,89.6,1085.8,61.1,2400,0.0,0.0,16035,-482,71,discharging,None,None
19:10:58.926,sequential,8.3,424.7,173.5,32.8,1085.7,57.3,2400,0.0,0.0,16024,-601,71,discharging,None,None
19:10:59.430,sequential,8.3,424.7,173.5,2.5,1085.7,57.3,2400,0.0,0.0,16057,-527,71,discharging,None,None
19:10:59.939,sequential,8.3,424.7,173.5,35.8,1086.1,59.5,2400,0.0,0.0,16060,-407,71,discharging,None,None
19:11:00.442,sequential,8.3,401.9,176.8,83.7,1087.1,59.5,2400,0.0,0.0,16010,-582,71,discharging,None,None
19:11:00.946,sequential,8.3,401.9,176.8,2.5,1087.2,57.3,2400,0.0,0.0,16049,-619,71,discharging,None,None
19:11:01.449,sequential,8.4,401.9,176.8,2.5,1087.2,57.3,2400,0.0,0.0,16058,-444,71,discharging,None,None
19:11:01.960,sequential,8.4,398.4,176.8,82.8,1087.1,61.1,2400,0.0,0.0,16031,-485,71,discharging,None,None
19:11:02.464,sequential,8.3,398.4,178.2,35.8,1086.6,57.9,2400,0.0,0.0,16013,-617,71,discharging,None,None
19:11:02.967,sequential,8.3,398.4,178.2,7.5,1085.8,56.8,2400,0.0,0.0,16056,-540,71,discharging,None,None
19:11:03.475,sequential,8.3,398.4,178.2,34.4,1086.2,59.5,2400,0.0,0.0,16060,-401,71,discharging,None,None
19:11:03.979,sequential,8.2,409.2,178.7,88.7,1087.0,59.0,2400,0.0,0.0,16014,-548,71,discharging,None,None
19:11:04.482,sequential,8.2,409.2,178.7,1.5,1087.2,57.3,2400,0.0,0.0,16046,-607,71,discharging,None,None
19:11:04.986,sequential,8.4,409.2,178.7,2.0,1087.2,56.8,2400,0.0,0.0,16058,-459,71,discharging,None,None
19:11:05.495,sequential,8.4,409.2,178.7,76.6,1087.2,61.7,2400,0.0,0.0,16045,-467,71,discharging,None,None
19:11:05.998,sequential,8.4,396.6,174.4,40.8,1086.1,57.3,2400,0.0,0.0,16008,-616,71,discharging,None,None
19:11:06.502,sequential,8.3,396.6,174.4,10.9,1086.1,57.9,2400,0.0,0.0,16049,-568,71,discharging,None,None
19:11:07.011,sequential,8.3,396.6,174.4,27.0,1085.6,59.5,2400,0.0,0.0,16060,-419,71,discharging,None,None
19:11:07.515,sequential,7.9,396.8,178.9,90.6,1085.6,60.6,2400,0.0,0.0,16015,-558,71,discharging,None,None
19:11:08.018,sequential,7.9,396.8,178.9,2.0,1085.6,57.9,2400,0.0,0.0,16047,-619,71,discharging,None,None
19:11:08.522,sequential,8.3,396.8,178.9,2.0,1085.6,56.2,1600,0.0,0.0,16058,-469,71,discharging,None,None
19:11:09.027,sequential,8.3,396.8,178.9,74.6,1086.0,62.2,2400,0.0,0.0,16059,-438,71,discharging,None,None
19:11:09.531,sequential,8.3,399.3,185.3,46.0,1085.6,58.4,2400,0.0,0.0,16012,-599,71,discharging,None,None
19:11:10.035,sequential,8.4,399.3,185.3,1.5,1085.1,56.8,2400,0.0,0.0,16054,-570,71,discharging,None,None
19:11:10.543,sequential,8.4,399.3,185.3,21.1,1085.1,60.0,2400,0.0,0.0,16057,-410,71,discharging,None,None
19:11:11.047,sequential,8.2,399.3,172.2,96.6,1084.9,61.1,2400,0.0,0.0,16016,-546,71,discharging,None,None
19:11:11.550,sequential,8.2,399.3,172.2,2.0,1084.9,57.9,2400,0.0,0.0,16045,-617,71,discharging,None,None
19:11:12.054,sequential,8.2,399.3,172.2,1.5,1084.7,56.8,2400,0.0,0.0,16056,-480,71,discharging,None,None
19:11:12.560,sequential,8.4,399.3,172.2,69.5,1084.7,62.8,2400,0.0,0.0,16059,-444,71,discharging,None,None
19:11:13.063,sequential,8.4,411.8,174.1,51.0,1085.1,58.4,2400,0.0,0.0,16011,-620,71,discharging,None,None
19:11:13.567,sequential,8.3,411.8,174.1,2.0,1085.1,56.8,2400,0.0,0.0,16055,-586,71,discharging,None,None
19:11:14.076,sequential,8.3,411.8,174.1,16.3,1084.9,59.0,1800,0.0,0.0,16058,-406,71,discharging,None,None
19:11:14.580,sequential,8.3,424.6,174.1,100.0,1085.7,62.2,2400,0.0,0.0,16024,-499,71,discharging,None,None
19:11:15.084,sequential,8.3,424.6,174.9,7.6,1085.6,58.4,2400,0.0,0.0,16041,-600,71,discharging,None,None
19:11:15.587,sequential,8.3,424.6,174.9,2.0,1085.6,57.3,2400,0.0,0.0,16055,-506,71,discharging,None,None
19:11:16.095,sequential,8.4,424.6,174.9,59.0,1085.6,61.7,2400,0.0,0.0,16059,-423,71,discharging,None,None
19:11:16.598,sequential,8.4,396.8,172.7,58.6,1085.6,59.0,2400,0.0,0.0,16008,-605,71,discharging,None,None
19:11:17.102,sequential,8.3,396.8,172.7,1.5,1085.1,57.3,2400,0.0,0.0,16052,-602,71,discharging,None,None
19:11:17.612,sequential,8.3,396.8,172.7,9.0,1085.1,59.0,2400,0.0,0.0,16056,-420,71,discharging,None,None
19:11:18.117,sequential,8.3,398.6,172.7,100.0,1084.9,62.8,2400,0.0,0.0,16018,-511,71,discharging,None,None
19:11:18.620,sequential,8.3,398.6,357.7,21.0,1084.9,57.9,2400,0.0,0.0,16022,-633,71,discharging,None,None
19:11:19.124,sequential,8.3,398.6,357.7,2.0,1084.9,57.3,2400,0.0,0.0,16054,-531,71,discharging,None,None
19:11:19.634,sequential,7.9,398.6,357.7,22.9,1084.9,58.4,1800,0.0,0.0,16059,-401,71,discharging,None,None
19:11:20.140,sequential,7.9,417.6,179.9,99.0,1085.1,61.7,2400,0.0,0.0,16023,-498,71,discharging,None,None
19:11:20.643,sequential,8.3,417.6,179.9,2.5,1085.1,58.4,2400,0.0,0.0,16040,-599,71,discharging,None,None
19:11:21.147,sequential,8.3,417.6,179.9,1.5,1085.1,56.8,2400,0.0,0.0,16056,-502,71,discharging,None,None
19:11:21.652,sequential,8.3,417.6,179.9,65.8,1085.1,62.2,2400,0.0,0.0,16057,-425,71,discharging,None,None
19:11:22.155,sequential,8.3,399.1,180.0,54.0,1084.6,58.4,2400,0.0,0.0,16010,-606,71,discharging,None,None
19:11:22.659,sequential,8.3,399.1,180.0,1.5,1084.6,56.8,2400,0.0,0.0,16050,-602,71,discharging,None,None
19:11:23.167,sequential,8.4,399.1,180.0,13.0,1084.6,59.5,2400,0.0,0.0,16056,-421,71,discharging,None,None
19:11:23.672,sequential,8.4,403.6,180.0,100.0,1084.6,62.2,2400,0.0,0.0,16018,-509,71,discharging,None,None
19:11:24.175,sequential,8.4,403.6,176.7,8.0,1084.6,57.9,2400,0.0,0.0,16031,-620,71,discharging,None,None
19:11:24.679,sequential,8.3,403.6,176.7,2.0,1085.0,56.8,1800,0.0,0.0,16054,-429,71,discharging,None,None
19:11:25.187,sequential,8.3,403.6,176.7,59.7,1085.3,61.1,2400,0.0,0.0,16033,-480,71,discharging,None,None
19:11:25.691,sequential,8.3,421.3,178.0,63.5,1085.8,58.4,2400,0.0,0.0,16018,-602,71,discharging,None,None
19:11:26.194,sequential,8.3,421.3,178.0,2.0,1085.8,57.9,2400,0.0,0.0,16054,-531,71,discharging,None,None
19:11:26.707,sequential,8.4,421.3,178.0,3.5,1085.8,57.3,2400,0.0,0.0,16056,-409,71,discharging,None,None
19:11:27.212,sequential,8.4,410.2,178.0,100.0,1085.8,62.2,2400,0.0,0.0,16005,-577,71,discharging,None,None
19:11:27.716,sequential,8.4,410.2,176.6,17.3,1085.1,58.4,2400,0.0,0.0,16042,-622,71,discharging,None,None
19:11:28.219,sequential,8.3,410.2,176.6,2.0,1084.4,57.3,2400,0.0,0.0,16055,-454,71,discharging,None,None
19:11:28.727,sequential,8.3,410.2,176.6,50.7,1084.8,60.6,2400,0.0,0.0,16037,-478,71,discharging,None,None
19:11:29.232,sequential,8.3,407.3,170.4,68.2,1084.8,59.0,2400,0.0,0.0,16006,-618,71,discharging,None,None
19:11:29.735,sequential,8.3,407.3,170.4,2.5,1084.8,58.4,2400,0.0,0.0,16052,-550,71,discharging,None,None
19:11:30.388,sequential,8.4,407.3,170.4,9.2,1085.1,56.2,2400,0.0,0.0,16057,-402,71,discharging,None,None
19:11:30.896,sequential,8.4,408.1,170.4,99.0,1085.1,62.8,2400,0.0,0.0,16019,-509,71,discharging,None,None
19:11:31.400,sequential,8.4,408.1,176.1,20.4,1084.6,57.9,2400,0.0,0.0,16028,-624,71,discharging,None,None
19:11:31.903,sequential,7.9,408.1,176.1,2.5,1084.3,57.3,2400,0.0,0.0,16053,-517,71,discharging,None,None
19:11:32.409,sequential,7.9,408.1,176.1,46.5,1084.3,61.7,2400,0.0,0.0,16055,-414,71,discharging,None,None
19:11:32.912,sequential,8.3,401.2,176.5,72.9,1084.3,59.0,2400,0.0,0.0,16006,-593,71,discharging,None,None
19:11:33.416,sequential,8.3,401.2,176.5,2.0,1084.3,57.3,2400,0.0,0.0,16047,-614,71,discharging,None,None
19:11:33.919,sequential,8.4,401.2,176.5,2.0,1084.3,57.3,2400,0.0,0.0,16054,-435,71,discharging,None,None
19:11:34.427,sequential,8.4,412.6,176.5,93.1,1084.3,61.7,2400,0.0,0.0,16019,-498,71,discharging,None,None
19:11:34.931,sequential,8.4,412.6,174.9,27.7,1084.8,58.4,2400,0.0,0.0,16015,-622,71,discharging,None,None
19:11:35.434,sequential,8.3,412.6,174.9,3.0,1084.8,57.3,1600,0.0,0.0,16052,-533,71,discharging,None,None
19:11:35.943,sequential,8.3,412.6,174.9,40.1,1084.8,60.0,2400,0.0,0.0,16060,-392,71,discharging,None,None
19:11:36.446,sequential,8.3,424.4,175.2,83.3,1085.0,60.0,2400,0.0,0.0,16009,-540,71,discharging,None,None
19:11:36.950,sequential,8.3,424.4,175.2,2.0,1084.8,57.3,2400,0.0,0.0,16042,-608,71,discharging,None,None
19:11:37.453,sequential,8.3,424.4,175.2,2.5,1085.3,57.3,2400,0.0,0.0,16055,-460,71,discharging,None,None
19:11:37.966,sequential,8.3,404.2,175.2,83.3,1085.3,62.2,2400,0.0,0.0,16041,-472,71,discharging,None,None
19:11:38.470,sequential,8.3,404.2,172.5,35.8,1085.1,57.9,2400,0.0,0.0,16006,-618,71,discharging,None,None
19:11:38.973,sequential,8.3,404.2,172.5,3.0,1084.8,57.9,2400,0.0,0.0,16053,-557,71,discharging,None,None
19:11:39.480,sequential,8.3,404.2,172.5,32.8,1084.8,61.1,2400,0.0,0.0,16056,-409,71,discharging,None,None
19:11:39.984,sequential,8.3,402.9,180.3,87.6,1084.6,60.0,2400,0.0,0.0,16011,-558,71,discharging,None,None
19:11:40.488,sequential,8.3,402.9,180.3,2.5,1084.6,57.9,2400,0.0,0.0,16042,-621,71,discharging,None,None
19:11:40.992,sequential,8.3,402.9,180.3,2.5,1084.4,56.8,1600,0.0,0.0,16053,-471,71,discharging,None,None
19:11:41.501,sequential,8.3,402.9,180.3,78.4,1084.4,62.8,2400,0.0,0.0,16055,-429,71,discharging,None,None
19:11:42.005,sequential,8.3,410.9,180.6,43.0,1084.4,58.4,2400,0.0,0.0,16008,-597,71,discharging,None,None
19:11:42.508,sequential,8.3,410.9,180.6,10.9,1084.4,57.3,2400,0.0,0.0,16049,-578,71,discharging,None,None
19:11:43.016,sequential,8.3,410.9,180.6,25.6,1084.2,60.0,2400,0.0,0.0,16051,-421,71,discharging,None,None
19:11:43.520,sequential,8.3,405.6,174.2,94.0,1084.9,61.1,2400,0.0,0.0,16013,-552,71,discharging,None,None
19:11:44.023,sequential,7.9,405.6,174.2,3.0,1085.1,57.3,2400,0.0,0.0,16041,-619,71,discharging,None,None
19:11:44.527,sequential,7.9,405.6,174.2,2.5,1085.1,57.3,2400,0.0,0.0,16053,-487,71,discharging,None,None
19:11:45.035,sequential,8.2,405.6,174.2,71.0,1085.3,63.4,2400,0.0,0.0,16054,-437,71,discharging,None,None
19:11:45.539,sequential,8.2,402.6,178.8,48.5,1085.3,59.5,2400,0.0,0.0,16009,-617,71,discharging,None,None
19:11:46.042,sequential,8.4,402.6,178.8,2.5,1085.5,57.9,2400,0.0,0.0,16051,-592,71,discharging,None,None
19:11:46.552,sequential,8.4,402.6,178.8,20.2,1085.5,57.9,1900,0.0,0.0,16053,-410,71,discharging,None,None
19:11:47.059,sequential,8.4,412.4,184.9,100.0,1085.5,62.8,2400,0.0,0.0,16024,-498,71,discharging,None,None
19:11:47.563,sequential,8.3,412.4,184.9,4.5,1085.3,58.4,2400,0.0,0.0,16033,-600,71,discharging,None,None
19:11:48.066,sequential,8.3,412.4,184.9,2.5,1085.1,57.3,2400,0.0,0.0,16052,-510,71,discharging,None,None
19:11:48.576,sequential,8.2,412.4,184.9,64.2,1085.1,62.8,2400,0.0,0.0,16053,-420,71,discharging,None,None
19:11:49.079,sequential,8.2,398.4,172.7,53.7,1085.1,59.0,2400,0.0,0.0,16003,-601,71,discharging,None,None
19:11:49.583,sequential,8.4,398.4,172.7,2.5,1085.1,57.9,2400,0.0,0.0,16046,-607,71,discharging,None,None
19:11:50.091,sequential,8.4,398.4,172.7,13.5,1085.1,59.0,2400,0.0,0.0,16054,-425,71,discharging,None,None
19:11:50.595,sequential,8.4,394.7,172.7,100.0,1085.1,62.2,2400,0.0,0.0,16018,-506,71,discharging,None,None
19:11:51.099,sequential,8.3,394.7,179.8,7.0,1084.8,57.9,2400,0.0,0.0,16023,-618,71,discharging,None,None
19:11:51.602,sequential,8.3,394.7,179.8,2.5,1086.2,57.3,2400,0.0,0.0,16051,-520,71,discharging,None,None
19:11:52.111,sequential,8.2,394.7,179.8,60.5,1086.5,60.0,2400,0.0,0.0,16055,-404,71,discharging,None,None
19:11:52.614,sequential,8.2,447.4,188.7,69.0,1086.5,59.5,2400,0.0,0.0,16008,-543,71,discharging,None,None
19:11:53.118,sequential,8.2,447.4,188.7,2.5,1086.5,57.9,2400,0.0,0.0,16040,-598,71,discharging,None,None
19:11:53.622,sequential,8.4,447.4,188.7,3.0,1086.5,57.3,2400,0.0,0.0,16053,-459,71,discharging,None,None
19:11:54.128,sequential,8.4,398.4,188.7,96.5,1086.5,62.2,2400,0.0,0.0,16038,-472,71,discharging,None,None
19:11:54.631,sequential,8.3,398.4,179.5,30.8,1085.5,59.0,2400,0.0,0.0,16003,-617,71,discharging,None,None
19:11:55.135,sequential,8.3,398.4,179.5,3.0,1085.3,58.4,2400,0.0,0.0,16047,-566,71,discharging,None,None
19:11:55.643,sequential,7.9,398.4,179.5,44.2,1085.3,61.7,2400,0.0,0.0,16052,-421,71,discharging,None,None
19:11:56.147,sequential,7.9,395.4,180.5,73.5,1085.6,59.5,2400,0.0,0.0,16007,-559,71,discharging,None,None
19:11:56.651,sequential,7.9,395.4,180.5,2.5,1085.6,57.9,2400,0.0,0.0,16039,-621,71,discharging,None,None
19:11:57.154,sequential,8.4,395.4,180.5,2.5,1085.1,57.3,1600,0.0,0.0,16051,-470,71,discharging,None,None
19:11:57.663,sequential,8.4,418.6,180.5,92.5,1085.1,62.2,2400,0.0,0.0,16051,-522,71,discharging,None,None
19:11:58.167,sequential,8.3,418.6,182.1,32.0,1084.6,58.4,2400,0.0,0.0,16040,-600,71,discharging,None,None
19:11:58.670,sequential,8.3,418.6,182.1,2.5,1084.6,57.3,2400,0.0,0.0,16050,-482,71,discharging,None,None
19:11:59.179,sequential,8.3,418.6,182.1,36.8,1084.6,60.6,2400,0.0,0.0,16053,-444,71,discharging,None,None
19:11:59.682,sequential,8.2,401.9,184.1,82.8,1084.6,59.5,2400,0.0,0.0,16007,-620,71,discharging,None,None
19:12:00.186,sequential,8.2,401.9,184.1,3.0,1084.4,59.0,2400,0.0,0.0,16049,-586,71,discharging,None,None
19:12:00.689,sequential,8.4,401.9,184.1,2.5,1084.4,57.3,2400,0.0,0.0,16051,-410,71,discharging,None,None
19:12:01.195,sequential,8.4,399.3,184.1,81.8,1084.4,62.8,2400,0.0,0.0,16011,-532,71,discharging,None,None
19:12:01.699,sequential,8.3,399.3,175.0,37.0,1084.4,59.0,2400,0.0,0.0,16039,-620,71,discharging,None,None
19:12:02.202,sequential,8.3,399.3,175.0,2.5,1084.4,58.4,2400,0.0,0.0,16050,-496,71,discharging,None,None
19:12:02.710,sequential,8.3,399.3,175.0,31.2,1084.4,60.0,2400,0.0,0.0,16056,-411,71,discharging,None,None
19:12:03.214,sequential,8.3,424.4,171.5,91.7,1084.2,60.0,2400,0.0,0.0,16004,-592,71,discharging,None,None
19:12:03.717,sequential,8.3,424.4,171.5,2.5,1084.2,58.4,2400,0.0,0.0,16046,-602,71,discharging,None,None
19:12:04.221,sequential,8.4,424.4,171.5,2.5,1084.2,57.3,2400,0.0,0.0,16050,-423,71,discharging,None,None
19:12:04.728,sequential,8.4,424.4,171.5,73.8,1084.5,62.2,2400,0.0,0.0,16016,-509,71,discharging,None,None
19:12:05.231,sequential,8.3,407.9,175.9,46.5,1084.6,58.4,2400,0.0,0.0,16023,-620,71,discharging,None,None
19:12:05.735,sequential,8.3,407.9,175.9,2.5,1084.6,57.9,2400,0.0,0.0,16050,-521,71,discharging,None,None
19:12:06.243,sequential,8.3,407.9,175.9,21.8,1084.6,60.0,2400,0.0,0.0,16052,-412,71,discharging,None,None
19:12:06.748,sequential,8.3,576.2,175.9,87.7,1084.6,62.8,2400,0.0,0.0,16004,-578,71,discharging,None,None
19:12:07.252,sequential,8.3,576.2,174.9,32.8,1084.4,59.0,2400,0.0,0.0,16042,-642,71,discharging,None,None
19:12:07.756,sequential,8.3,576.2,174.9,2.5,1084.8,57.9,1900,0.0,0.0,16049,-476,71,discharging,None,None
19:12:08.264,sequential,7.3,576.2,174.9,36.1,1084.8,60.0,2400,0.0,0.0,16057,-404,71,discharging,None,None
19:12:08.767,sequential,7.3,411.6,176.8,86.1,1084.8,60.6,2400,0.0,0.0,16004,-581,71,discharging,None,None
19:12:09.271,sequential,8.3,411.6,176.8,2.5,1084.8,58.4,2400,0.0,0.0,16046,-596,71,discharging,None,None
19:12:09.775,sequential,8.3,411.6,176.8,2.5,1085.5,57.9,2400,0.0,0.0,16051,-419,71,discharging,None,None
19:12:10.279,sequential,8.3,399.7,176.8,79.7,1086.1,62.8,2400,0.0,0.0,16013,-513,71,discharging,None,None
19:12:10.783,sequential,8.3,399.7,185.7,41.6,1086.2,59.0,2400,0.0,0.0,16023,-621,71,discharging,None,None
19:12:11.286,sequential,8.3,399.7,185.7,8.9,1086.2,57.9,2400,0.0,0.0,16049,-519,71,discharging,None,None
19:12:11.795,sequential,8.4,399.7,185.7,26.4,1086.2,61.7,2400,0.0,0.0,16051,-415,71,discharging,None,None
19:12:12.299,sequential,8.4,400.8,179.7,92.2,1085.5,61.1,2400,0.0,0.0,16003,-592,71,discharging,None,None
19:12:12.802,sequential,8.3,400.8,179.7,1.5,1085.5,58.4,2400,0.0,0.0,16042,-615,71,discharging,None,None
19:12:13.306,sequential,8.3,400.8,179.7,2.0,1085.8,57.9,1800,0.0,0.0,16050,-436,71,discharging,None,None
19:12:13.815,sequential,8.3,400.8,179.7,72.5,1086.3,62.2,2400,0.0,0.0,16029,-475,71,discharging,None,None
19:12:14.319,sequential,8.3,415.0,177.7,49.5,1087.8,59.0,2400,0.0,0.0,16011,-603,71,discharging,None,None
19:12:14.822,sequential,8.3,415.0,177.7,1.5,1087.9,56.8,2400,0.0,0.0,16047,-538,71,discharging,None,None
19:12:15.334,sequential,8.4,415.0,177.7,18.2,1090.5,60.0,2400,0.0,0.0,16049,-413,71,discharging,None,None
19:12:15.838,sequential,8.4,410.2,172.0,99.0,1090.5,63.4,2400,0.0,0.0,15999,-585,71,discharging,None,None
19:12:16.341,sequential,8.3,410.2,172.0,3.0,1089.8,58.4,2400,0.0,0.0,16035,-637,71,discharging,None,None
19:12:16.845,sequential,8.3,410.2,172.0,2.0,1089.4,58.4,2400,0.0,0.0,16047,-473,71,discharging,None,None
19:12:17.352,sequential,8.3,410.2,172.0,65.5,1092.1,62.2,2400,0.0,0.0,16028,-489,71,discharging,None,None
19:12:17.855,sequential,8.3,419.5,178.4,57.1,1093.3,59.5,2400,0.0,0.0,15999,-633,71,discharging,None,None
19:12:18.359,sequential,8.3,419.5,178.4,2.0,1093.3,58.4,2400,0.0,0.0,16046,-563,71,discharging,None,None
19:12:18.871,sequential,8.4,419.5,178.4,19.9,1094.3,60.0,2400,0.0,0.0,16049,-412,71,discharging,None,None
19:12:19.375,sequential,8.4,404.6,178.4,100.0,1094.6,62.2,2400,0.0,0.0,16006,-556,71,discharging,None,None
19:12:19.879,sequential,7.9,404.6,171.7,10.4,1092.7,58.4,2400,0.0,0.0,16037,-619,71,discharging,None,None
19:12:20.382,sequential,7.9,404.6,171.7,1.5,1093.0,57.9,2400,0.0,0.0,16048,-474,71,discharging,None,None
19:12:20.891,sequential,7.9,404.6,171.7,57.8,1093.0,62.8,2400,0.0,0.0,16044,-455,71,discharging,None,None
19:12:21.394,sequential,8.3,397.8,177.0,60.6,1091.4,59.0,2400,0.0,0.0,16004,-618,71,discharging,None,None
19:12:21.898,sequential,8.3,397.8,177.0,2.0,1090.2,58.4,2400,0.0,0.0,16046,-574,71,discharging,None,None
19:12:22.407,sequential,8.4,397.8,177.0,7.5,1090.2,59.5,2400,0.0,0.0,16049,-410,71,discharging,None,None
19:12:22.911,sequential,8.4,411.6,177.0,100.0,1089.8,62.2,2400,0.0,0.0,16008,-546,71,discharging,None,None
19:12:23.415,sequential,8.4,411.6,178.1,15.9,1089.4,59.0,2400,0.0,0.0,16036,-625,71,discharging,None,None
19:12:23.918,sequential,8.3,411.6,178.1,2.0,1088.5,57.9,1600,0.0,0.0,16047,-486,71,discharging,None,None
19:12:24.424,sequential,8.3,411.6,178.1,52.0,1096.0,63.4,2400,0.0,0.0,16055,-408,71,discharging,None,None
19:12:24.928,sequential,8.3,421.3,176.9,71.8,1094.9,60.0,2400,0.0,0.0,16004,-591,71,discharging,None,None
19:12:25.432,sequential,8.3,421.3,176.9,1.5,1094.9,59.0,2400,0.0,0.0,16043,-597,71,discharging,None,None
19:12:25.935,sequential,8.3,421.3,176.9,1.5,1092.9,57.3,2400,0.0,0.0,16048,-417,71,discharging,None,None
19:12:26.443,sequential,8.3,398.6,176.9,94.5,1092.9,62.8,2400,0.0,0.0,16011,-517,71,discharging,None,None
19:12:26.946,sequential,8.3,398.6,181.4,25.2,1091.8,59.0,2400,0.0,0.0,16027,-619,71,discharging,None,None
19:12:27.450,sequential,8.3,398.6,181.4,2.0,1091.3,57.9,2400,0.0,0.0,16047,-513,71,discharging,None,None
19:12:27.959,sequential,8.3,398.6,181.4,42.5,1090.9,61.7,2400,0.0,0.0,16049,-420,71,discharging,None,None
19:12:28.462,sequential,8.3,401.8,180.6,76.8,1090.2,59.5,2400,0.0,0.0,15999,-599,71,discharging,None,None
19:12:28.966,sequential,8.3,401.8,180.6,1.5,1089.7,57.9,2400,0.0,0.0,16040,-610,71,discharging,None,None
19:12:29.470,sequential,8.3,401.8,180.6,2.0,1089.7,57.9,1600,0.0,0.0,16048,-429,71,discharging,None,None
19:12:29.983,sequential,8.3,410.5,180.6,89.2,1089.1,62.2,2400,0.0,0.0,16026,-473,71,discharging,None,None
19:12:30.487,sequential,8.3,410.5,183.4,32.7,1089.0,59.5,2400,0.0,0.0,16013,-597,71,discharging,None,None
19:12:30.990,sequential,8.3,410.5,183.4,10.6,1088.5,59.0,2400,0.0,0.0,16044,-540,71,discharging,None,None
19:12:31.499,sequential,8.3,410.5,183.4,34.8,1088.5,62.2,2400,0.0,0.0,16048,-421,71,discharging,None,None
19:12:32.003,sequential,7.9,407.8,174.5,84.2,1088.6,61.1,2400,0.0,0.0,15999,-581,71,discharging,None,None
19:12:32.506,sequential,7.9,407.8,174.5,1.5,1088.6,59.0,2400,0.0,0.0,16036,-622,71,discharging,None,None
19:12:33.010,sequential,7.9,407.8,174.5,1.5,1088.1,58.4,2400,0.0,0.0,16048,-453,71,discharging,None,None
19:12:33.523,sequential,8.2,397.1,174.5,81.5,1088.1,63.4,2400,0.0,0.0,16027,-481,71,discharging,None,None
19:12:34.026,sequential,8.2,397.1,180.7,36.8,1087.1,60.6,2400,0.0,0.0,15999,-619,71,discharging,None,None
19:12:34.530,sequential,8.4,397.1,180.7,1.5,1087.6,58.4,2400,0.0,0.0,16046,-549,71,discharging,None,None
19:12:35.039,sequential,8.4,397.1,180.7,31.5,1091.4,60.0,2400,0.0,0.0,16047,-407,71,discharging,None,None
19:12:35.543,sequential,8.4,414.6,179.4,90.2,1091.4,60.6,2400,0.0,0.0,16006,-544,71,discharging,None,None
19:12:36.046,sequential,8.3,414.6,179.4,2.0,1091.0,58.4,2400,0.0,0.0,16035,-607,71,discharging,None,None
19:12:36.550,sequential,8.3,414.6,179.4,2.0,1091.0,58.4,2400,0.0,0.0,16049,-469,71,discharging,None,None
19:12:37.056,sequential,8.3,414.6,179.4,75.0,1090.4,63.4,2400,0.0,0.0,16038,-462,71,discharging,None,None
19:12:37.560,sequential,8.3,399.9,181.9,44.2,1089.7,59.0,2400,0.0,0.0,15997,-619,71,discharging,None,None
19:12:38.063,sequential,8.4,399.9,181.9,3.0,1089.2,58.4,2400,0.0,0.0,16042,-570,71,discharging,None,None
19:12:38.570,sequential,8.4,399.9,181.9,22.6,1089.2,61.1,2400,0.0,0.0,16047,-411,71,discharging,None,None
19:12:39.074,sequential,8.4,396.9,178.7,96.0,1088.5,61.7,2400,0.0,0.0,16003,-548,71,discharging,None,None
19:12:39.577,sequential,8.3,396.9,178.7,2.5,1088.5,57.9,2400,0.0,0.0,16034,-619,71,discharging,None,None
19:12:40.081,sequential,8.3,396.9,178.7,2.0,1087.7,58.4,2400,0.0,0.0,16046,-480,71,discharging,None,None
19:12:40.587,sequential,8.3,396.9,178.7,68.7,1095.2,63.4,2400,0.0,0.0,16049,-428,71,discharging,None,None
19:12:41.090,sequential,8.3,429.1,180.0,55.4,1094.9,60.0,2400,0.0,0.0,16003,-606,71,discharging,None,None
19:12:41.594,sequential,8.4,429.1,180.0,2.5,1094.9,57.9,2400,0.0,0.0,16043,-590,71,discharging,None,None
19:12:42.104,sequential,8.4,429.1,180.0,11.9,1092.2,59.0,2400,0.0,0.0,16048,-412,71,discharging,None,None
19:12:42.608,sequential,8.4,403.3,180.0,99.0,1092.2,62.8,2400,0.0,0.0,16006,-524,71,discharging,None,None
19:12:43.112,sequential,8.3,403.3,175.0,17.5,1091.4,59.5,2400,0.0,0.0,16027,-629,71,discharging,None,None
19:12:43.615,sequential,8.3,403.3,175.0,2.5,1091.4,57.9,2400,0.0,0.0,16045,-518,71,discharging,None,None
19:12:44.123,sequential,7.9,403.3,175.0,59.6,1090.4,63.4,2400,0.0,0.0,16047,-428,71,discharging,None,None
19:12:44.627,sequential,7.9,403.9,181.3,61.2,1091.9,59.5,2400,0.0,0.0,16000,-607,71,discharging,None,None
19:12:45.130,sequential,7.9,403.9,181.3,3.0,1091.6,58.4,2400,0.0,0.0,16039,-608,71,discharging,None,None
19:12:45.639,sequential,8.4,403.9,181.3,6.0,1091.6,58.4,1600,0.0,0.0,16046,-424,71,discharging,None,None
19:12:46.143,sequential,8.4,410.7,181.3,99.5,1092.5,63.4,2400,0.0,0.0,16017,-487,71,discharging,None,None
19:12:46.647,sequential,8.3,410.7,184.9,18.3,1092.3,59.0,2400,0.0,0.0,16014,-606,71,discharging,None,None
19:12:47.150,sequential,8.3,410.7,184.9,3.0,1091.2,58.4,2400,0.0,0.0,16043,-528,71,discharging,None,None
19:12:47.660,sequential,8.3,410.7,184.9,49.8,1091.2,63.4,2400,0.0,0.0,16046,-411,71,discharging,None,None
19:12:48.163,sequential,8.3,398.0,175.8,68.8,1090.7,59.5,2400,0.0,0.0,15997,-585,71,discharging,None,None
19:12:48.667,sequential,8.3,398.0,175.8,2.5,1090.7,58.4,2400,0.0,0.0,16036,-620,71,discharging,None,None
19:12:49.170,sequential,8.4,398.0,175.8,2.5,1089.9,57.9,2400,0.0,0.0,16045,-446,71,discharging,None,None
19:12:49.683,sequential,8.4,395.5,175.8,97.5,1089.9,63.4,2400,0.0,0.0,16014,-490,71,discharging,None,None
19:12:50.186,sequential,8.3,395.5,177.5,20.7,1090.0,59.5,2400,0.0,0.0,16002,-618,71,discharging,None,None
19:12:50.690,sequential,8.3,395.5,177.5,2.5,1090.0,57.3,2400,0.0,0.0,16044,-538,71,discharging,None,None
19:12:51.199,sequential,8.3,395.5,177.5,48.3,1089.1,62.8,2400,0.0,0.0,16048,-401,71,discharging,None,None
19:12:51.703,sequential,8.3,422.4,175.2,74.5,1091.0,60.6,2400,0.0,0.0,16000,-549,71,discharging,None,None
19:12:52.206,sequential,8.3,422.4,175.2,3.0,1090.4,59.0,2400,0.0,0.0,16033,-610,71,discharging,None,None
19:12:52.710,sequential,8.4,422.4,175.2,2.5,1090.4,57.9,2400,0.0,0.0,16045,-462,71,discharging,None,None
19:12:53.219,sequential,8.4,400.3,175.2,91.0,1090.4,62.2,2400,0.0,0.0,16030,-470,71,discharging,None,None
19:12:53.723,sequential,8.3,400.3,180.2,28.9,1089.5,59.0,2400,0.0,0.0,15996,-621,71,discharging,None,None
19:12:54.226,sequential,8.3,400.3,180.2,2.5,1089.4,58.4,2400,0.0,0.0,16044,-469,71,discharging,None,None
19:12:54.734,sequential,8.3,400.3,180.2,40.3,1089.6,61.7,2400,0.0,0.0,16035,-461,71,discharging,None,None
19:12:55.239,sequential,8.3,581.9,180.2,86.2,1089.2,62.2,2400,0.0,0.0,16011,-606,71,discharging,None,None
19:12:55.742,sequential,8.3,581.9,177.3,16.3,1089.2,60.0,2400,0.0,0.0,16035,-596,71,discharging,None,None
19:12:56.246,sequential,7.6,581.9,177.3,2.5,1088.8,58.4,1600,0.0,0.0,16045,-446,71,discharging,None,None
19:12:56.756,sequential,7.6,581.9,177.3,52.7,1088.8,61.7,2400,0.0,0.0,16037,-449,71,discharging,None,None
19:12:57.264,sequential,7.6,423.3,172.9,70.0,1089.7,60.0,2400,0.0,0.0,15995,-599,71,discharging,None,None
19:12:57.767,sequential,8.3,423.3,172.9,2.5,1089.4,59.0,2400,0.0,0.0,16040,-555,71,discharging,None,None
19:12:58.271,sequential,8.3,423.3,172.9,2.5,1089.2,57.3,2400,0.0,0.0,16044,-410,71,discharging,None,None
19:12:58.779,sequential,8.3,407.5,172.9,96.0,1089.2,63.4,2400,0.0,0.0,16000,-562,71,discharging,None,None
19:12:59.282,sequential,8.3,407.5,178.9,25.5,1089.1,59.0,2400,0.0,0.0,16032,-623,71,discharging,None,None
19:12:59.786,sequential,8.4,407.5,178.9,2.5,1089.1,59.5,2400,0.0,0.0,16044,-471,71,discharging,None,None
19:13:00.295,sequential,8.4,407.5,178.9,43.1,1088.3,62.8,2400,0.0,0.0,16037,-458,71,discharging,None,None
19:13:00.798,sequential,8.4,398.1,176.9,75.5,1088.3,60.0,2400,0.0,0.0,15996,-620,71,discharging,None,None
19:13:01.302,sequential,8.3,398.1,176.9,2.5,1088.3,57.9,2400,0.0,0.0,16041,-572,71,discharging,None,None
19:13:01.806,sequential,8.3,398.1,176.9,2.5,1087.9,57.9,1500,0.0,0.0,16045,-405,71,discharging,None,None
19:13:02.315,sequential,8.3,415.2,176.9,90.5,1087.9,62.2,2400,0.0,0.0,16004,-520,71,discharging,None,None
19:13:02.819,sequential,8.3,415.2,177.4,32.2,1087.9,59.5,2400,0.0,0.0,16032,-601,71,discharging,None,None
19:13:03.322,sequential,8.3,415.2,177.4,3.0,1087.5,59.0,2400,0.0,0.0,16042,-487,71,discharging,None,None
19:13:03.831,sequential,8.4,415.2,177.4,36.8,1087.5,62.2,2400,0.0,0.0,16044,-442,71,discharging,None,None
19:13:04.334,sequential,8.4,396.9,182.2,82.8,1087.1,60.6,2400,0.0,0.0,15998,-620,71,discharging,None,None
19:13:04.838,sequential,8.3,396.9,182.2,2.5,1087.4,57.9,2400,0.0,0.0,16040,-589,71,discharging,None,None
19:13:05.341,sequential,8.3,396.9,182.2,2.5,1087.2,57.9,2400,0.0,0.0,16044,-410,71,discharging,None,None
19:13:05.847,sequential,8.3,398.5,182.2,83.1,1086.5,63.4,2400,0.0,0.0,16004,-531,71,discharging,None,None
19:13:06.351,sequential,8.3,398.5,175.3,35.6,1086.0,59.5,2400,0.0,0.0,16031,-620,71,discharging,None,None
19:13:06.854,sequential,8.3,398.5,175.3,3.0,1085.8,59.0,2400,0.0,0.0,16043,-499,71,discharging,None,None
19:13:07.363,sequential,8.4,398.5,175.3,41.8,1085.5,61.1,2400,0.0,0.0,16042,-433,71,discharging,None,None
19:13:07.867,sequential,8.4,396.1,181.7,86.1,1085.1,60.6,2400,0.0,0.0,15996,-616,71,discharging,None,None
19:13:08.370,sequential,7.9,396.1,181.7,3.0,1085.1,59.0,2400,0.0,0.0,16039,-602,71,discharging,None,None
19:13:08.874,sequential,7.9,396.1,181.7,2.5,1085.1,58.4,2400,0.0,0.0,16044,-418,71,discharging,None,None
19:13:09.379,sequential,7.9,397.7,181.7,79.2,1085.1,62.2,2400,0.0,0.0,16006,-518,71,discharging,None,None
19:13:09.883,sequential,8.3,397.7,177.2,39.5,1085.1,59.0,2400,0.0,0.0,16022,-620,71,discharging,None,None
19:13:10.386,sequential,8.3,397.7,177.2,2.5,1085.1,59.5,2400,0.0,0.0,16041,-514,71,discharging,None,None
19:13:10.895,sequential,8.4,397.7,177.2,27.9,1089.0,60.6,2400,0.0,0.0,16043,-420,71,discharging,None,None
19:13:11.398,sequential,8.4,409.9,175.2,92.2,1088.6,62.2,2400,0.0,0.0,15993,-598,71,discharging,None,None
19:13:11.902,sequential,8.3,409.9,175.2,2.5,1088.4,59.0,2400,0.0,0.0,16034,-613,71,discharging,None,None
19:13:12.405,sequential,8.3,409.9,175.2,2.5,1088.4,58.4,1600,0.0,0.0,16042,-427,71,discharging,None,None
19:13:12.911,sequential,8.3,409.9,175.2,73.9,1088.0,63.4,2400,0.0,0.0,16019,-474,71,discharging,None,None
19:13:13.415,sequential,8.3,419.7,176.0,49.5,1087.8,59.0,2400,0.0,0.0,16004,-604,71,discharging,None,None
19:13:13.918,sequential,8.3,419.7,176.0,2.5,1087.1,58.4,2400,0.0,0.0,16040,-534,71,discharging,None,None
19:13:14.431,sequential,8.3,419.7,176.0,18.3,1087.1,60.6,2400,0.0,0.0,16043,-410,71,discharging,None,None
19:13:14.935,sequential,8.3,411.4,177.2,99.5,1088.5,63.9,2400,0.0,0.0,15992,-578,71,discharging,None,None
19:13:15.438,sequential,8.3,411.4,177.2,5.0,1088.2,59.0,2400,0.0,0.0,16030,-625,71,discharging,None,None
19:13:15.942,sequential,8.3,411.4,177.2,3.0,1087.9,57.9,2400,0.0,0.0,16042,-457,71,discharging,None,None
19:13:16.451,sequential,8.3,411.4,177.2,63.2,1087.9,64.5,2400,0.0,0.0,16024,-478,71,discharging,None,None
19:13:16.954,sequential,8.3,406.9,172.6,55.7,1086.9,60.0,2400,0.0,0.0,15992,-621,71,discharging,None,None
19:13:17.458,sequential,8.3,406.9,172.6,2.5,1086.9,59.0,2400,0.0,0.0,16039,-554,71,discharging,None,None
19:13:17.967,sequential,8.3,406.9,172.6,13.4,1086.7,58.4,1600,0.0,0.0,16043,-402,71,discharging,None,None
19:13:18.471,sequential,8.3,418.6,172.6,100.0,1086.7,63.9,2400,0.0,0.0,16002,-532,71,discharging,None,None
19:13:18.974,sequential,8.3,418.6,174.6,12.3,1086.5,58.4,2400,0.0,0.0,16029,-602,71,discharging,None,None
19:13:19.478,sequential,8.3,418.6,174.6,14.4,1086.5,57.9,2400,0.0,0.0,16035,-483,71,discharging,None,None
19:13:19.987,sequential,8.3,418.6,174.6,57.3,1086.5,62.2,2400,0.0,0.0,16036,-467,71,discharging,None,None
19:13:20.491,sequential,7.9,404.8,169.2,61.9,1086.0,59.5,2400,0.0,0.0,15995,-619,71,discharging,None,None
19:13:20.994,sequential,7.9,404.8,169.2,2.0,1086.3,57.9,2400,0.0,0.0,16039,-574,71,discharging,None,None
19:13:21.503,sequential,7.9,404.8,169.2,5.5,1086.3,58.4,2400,0.0,0.0,16043,-410,71,discharging,None,None
19:13:22.007,sequential,8.2,407.1,169.2,99.5,1086.7,63.4,2400,0.0,0.0,15999,-548,71,discharging,None,None
19:13:22.511,sequential,8.2,407.1,174.6,15.4,1086.9,58.4,2400,0.0,0.0,16029,-622,71,discharging,None,None
19:13:23.014,sequential,8.4,407.1,174.6,1.5,1086.9,58.4,2400,0.0,0.0,16041,-483,71,discharging,None,None
19:13:23.523,sequential,8.4,407.1,174.6,52.3,1086.9,63.4,2400,0.0,0.0,16046,-418,71,discharging,None,None
19:13:24.027,sequential,8.3,424.5,175.9,70.9,1086.6,60.0,2400,0.0,0.0,15997,-595,71,discharging,None,None
19:13:24.531,sequential,8.3,424.5,175.9,2.5,1094.1,58.4,2400,0.0,0.0,16037,-591,71,discharging,None,None
19:13:25.034,sequential,8.3,424.5,175.9,1.5,1093.6,57.3,2400,0.0,0.0,16041,-414,71,discharging,None,None
19:13:25.543,sequential,8.3,398.9,175.9,95.0,1093.6,62.8,2400,0.0,0.0,16001,-524,71,discharging,None,None
19:13:26.046,sequential,8.3,398.9,186.5,25.4,1092.2,58.4,2400,0.0,0.0,16022,-620,71,discharging,None,None
19:13:26.550,sequential,8.4,398.9,186.5,1.5,1092.2,57.9,2400,0.0,0.0,16039,-508,71,discharging,None,None
19:13:27.059,sequential,8.4,398.9,186.5,42.8,1091.2,63.9,2400,0.0,0.0,16040,-424,71,discharging,None,None
19:13:27.562,sequential,8.3,396.9,180.9,75.9,1091.4,60.0,2400,0.0,0.0,15993,-605,71,discharging,None,None
19:13:28.066,sequential,8.3,396.9,180.9,2.0,1090.7,59.0,2400,0.0,0.0,16036,-607,71,discharging,None,None
19:13:28.570,sequential,8.3,396.9,180.9,1.5,1090.7,57.9,1600,0.0,0.0,16041,-425,71,discharging,None,None
19:13:29.079,sequential,8.2,410.5,180.9,89.6,1090.3,62.8,2400,0.0,0.0,16015,-486,71,discharging,None,None
19:13:29.582,sequential,8.2,410.5,184.3,33.0,1090.0,59.5,2400,0.0,0.0,16007,-602,71,discharging,None,None
19:13:30.086,sequential,8.4,410.5,184.3,1.5,1089.4,57.9,2400,0.0,0.0,16038,-527,71,discharging,None,None
19:13:30.595,sequential,8.4,410.5,184.3,35.0,1089.4,62.2,2400,0.0,0.0,16041,-412,71,discharging,None,None
19:13:31.098,sequential,8.4,398.8,179.9,82.8,1088.2,60.6,2400,0.0,0.0,15992,-586,71,discharging,None,None
19:13:31.602,sequential,8.3,398.8,179.9,10.9,1090.0,59.5,2400,0.0,0.0,16024,-632,71,discharging,None,None
19:13:32.105,sequential,8.3,398.8,179.9,1.5,1089.9,59.0,2400,0.0,0.0,16040,-457,71,discharging,None,None
19:13:32.615,sequential,7.9,399.7,179.9,82.2,1089.9,63.4,2400,0.0,0.0,16014,-490,71,discharging,None,None
19:13:33.118,sequential,7.9,399.7,177.4,36.8,1089.6,59.5,2400,0.0,0.0,15995,-621,71,discharging,None,None
19:13:33.622,sequential,8.4,399.7,177.4,1.5,1089.6,57.9,2400,0.0,0.0,16037,-542,71,discharging,None,None
19:13:34.135,sequential,8.4,399.7,177.4,31.7,1090.5,60.0,2400,0.0,0.0,16042,-402,71,discharging,None,None
19:13:34.638,sequential,8.4,413.9,180.6,89.7,1090.5,61.1,2400,0.0,0.0,15996,-546,71,discharging,None,None
19:13:35.142,sequential,8.3,413.9,180.6,1.5,1090.2,59.5,2400,0.0,0.0,16027,-607,71,discharging,None,None
19:13:35.646,sequential,8.3,413.9,180.6,2.0,1092.1,59.5,2400,0.0,0.0,16040,-464,71,discharging,None,None
19:13:36.156,sequential,8.3,413.9,180.6,75.4,1092.1,62.8,2400,0.0,0.0,16026,-469,71,discharging,None,None
19:13:36.659,sequential,8.3,402.3,180.5,43.3,1091.3,59.5,2400,0.0,0.0,15990,-621,71,discharging,None,None
19:13:37.163,sequential,8.3,402.3,180.5,1.5,1090.0,57.9,2400,0.0,0.0,16036,-564,71,discharging,None,None
19:13:37.671,sequential,8.4,402.3,180.5,24.0,1090.0,60.6,2400,0.0,0.0,16040,-412,71,discharging,None,None
19:13:38.174,sequential,8.4,396.7,176.6,94.6,1089.1,61.1,2400,0.0,0.0,15995,-555,71,discharging,None,None
19:13:38.678,sequential,8.3,396.7,176.6,1.5,1089.1,59.0,2400,0.0,0.0,16026,-621,71,discharging,None,None
19:13:39.182,sequential,8.3,396.7,176.6,2.0,1088.3,58.4,1800,0.0,0.0,16038,-475,71,discharging,None,None
19:13:39.688,sequential,8.3,396.7,176.6,71.8,1088.3,63.9,2400,0.0,0.0,16040,-428,71,discharging,None,None
19:13:40.192,sequential,8.3,425.1,176.7,52.5,1088.0,59.5,2400,0.0,0.0,15993,-604,71,discharging,None,None
19:13:40.696,sequential,8.3,425.1,176.7,1.5,1088.0,58.4,2400,0.0,0.0,16035,-586,71,discharging,None,None
19:13:41.203,sequential,8.4,425.1,176.7,14.9,1095.3,59.5,2400,0.0,0.0,16039,-411,71,discharging,None,None
19:13:41.708,sequential,8.4,409.4,176.7,100.0,1095.3,63.9,2400,0.0,0.0,15999,-535,71,discharging,None,None
19:13:42.212,sequential,8.3,409.4,179.4,7.5,1093.7,59.0,2400,0.0,0.0,16025,-624,71,discharging,None,None
19:13:42.716,sequential,8.3,409.4,179.4,2.5,1093.7,58.4,2400,0.0,0.0,16038,-500,71,discharging,None,None
19:13:43.498,sequential,8.3,579.5,179.4,67.8,1091.9,60.6,2400,0.0,0.0,16000,-523,71,discharging,None,None
19:13:44.001,sequential,8.3,579.5,169.7,37.8,1091.3,59.5,2400,0.0,0.0,15992,-652,71,discharging,None,None
19:13:44.505,sequential,8.3,579.5,169.7,1.5,1091.3,58.4,1900,0.0,0.0,16035,-540,71,discharging,None,None
19:13:45.012,sequential,7.3,579.5,169.7,29.7,1090.1,60.6,2400,0.0,0.0,16042,-399,71,discharging,None,None
19:13:45.516,sequential,7.3,415.9,179.7,93.0,1090.6,61.7,2400,0.0,0.0,16000,-512,71,discharging,None,None
19:13:46.020,sequential,8.3,415.9,179.7,2.5,1090.1,58.4,2400,0.0,0.0,16025,-601,71,discharging,None,None
19:13:46.523,sequential,8.3,415.9,179.7,0.0,1090.1,58.4,2400,0.0,0.0,16038,-485,71,discharging,None,None
19:13:47.031,sequential,8.3,367.3,179.7,71.0,1097.2,62.8,2400,0.0,0.0,16039,-433,71,discharging,None,None
19:13:47.535,sequential,8.3,367.3,163.8,37.3,1096.8,59.0,2400,0.0,0.0,15994,-602,71,discharging,None,None
19:13:48.038,sequential,8.3,367.3,163.8,0.0,1094.9,58.4,2400,0.0,0.0,16037,-573,71,discharging,None,None
19:13:48.547,sequential,8.3,367.3,163.8,28.4,1094.9,61.1,2400,0.0,0.0,16039,-402,71,discharging,None,None
19:13:49.050,sequential,8.3,367.5,164.0,79.3,1093.8,60.6,2400,0.0,0.0,15995,-541,71,discharging,None,None
19:13:49.554,sequential,8.3,367.5,164.0,0.0,1093.8,58.4,2400,0.0,0.0,16026,-603,71,discharging,None,None
19:13:50.058,sequential,8.3,367.5,164.0,0.0,1092.5,57.9,1800,0.0,0.0,16039,-463,71,discharging,None,None
19:13:50.565,sequential,8.3,379.3,164.0,85.2,1092.5,62.2,2400,0.0,0.0,16038,-429,71,discharging,None,None
19:13:51.069,sequential,8.3,379.3,166.8,25.0,1090.7,59.0,2400,0.0,0.0,15990,-583,71,discharging,None,None
19:13:51.573,sequential,8.3,379.3,166.8,0.0,1090.7,59.0,2400,0.0,0.0,16035,-557,71,discharging,None,None
19:13:52.080,sequential,8.3,379.3,166.8,39.9,1089.0,62.2,2400,0.0,0.0,16040,-402,71,discharging,None,None
19:13:52.583,sequential,8.3,368.7,160.9,68.0,1089.0,59.5,2400,0.0,0.0,15991,-554,71,discharging,None,None
19:13:53.087,sequential,8.3,368.7,160.9,0.0,1088.1,58.4,2400,0.0,0.0,16025,-603,71,discharging,None,None
19:13:53.590,sequential,8.3,368.7,160.9,0.5,1088.1,57.3,2400,0.0,0.0,16039,-449,71,discharging,None,None
19:13:54.099,sequential,8.3,365.0,160.9,96.0,1088.1,62.8,2400,0.0,0.0,16019,-472,71,discharging,None,None
19:13:54.602,sequential,8.3,365.0,165.7,11.8,1088.0,59.0,2400,0.0,0.0,15999,-602,71,discharging,None,None
19:13:55.106,sequential,8.3,365.0,165.7,0.5,1087.6,59.0,2400,0.0,0.0,16036,-532,71,discharging,None,None
19:13:55.616,sequential,8.3,365.0,165.7,53.7,1087.6,62.2,2400,0.0,0.0,16039,-400,71,discharging,None,None
19:13:56.119,sequential,8.3,383.2,168.1,57.4,1087.1,59.0,2400,0.0,0.0,15995,-554,71,discharging,None,None
19:13:56.623,sequential,8.3,383.2,168.1,0.0,1087.1,58.4,2400,0.0,0.0,16028,-588,71,discharging,None,None
19:13:57.132,sequential,8.3,383.2,168.1,7.0,1086.5,59.5,2400,0.0,0.0,16038,-434,71,discharging,None,None
19:13:57.636,sequential,8.3,367.4,163.4,99.0,1086.5,63.4,2400,0.0,0.0,16007,-487,71,discharging,None,None
19:13:58.143,sequential,8.3,367.4,163.4,1.0,1087.0,58.4,2400,0.0,0.0,16013,-602,71,discharging,None,None
19:13:58.646,sequential,8.3,367.4,163.4,0.0,1087.0,57.9,2400,0.0,0.0,16036,-425,71,discharging,None,None
19:13:59.155,sequential,8.3,367.4,163.4,65.2,1086.8,63.9,2400,0.0,0.0,16001,-497,71,discharging,None,None
19:13:59.658,sequential,8.3,364.5,164.0,42.9,1086.7,59.5,2400,0.0,0.0,16016,-603,71,discharging,None,None
19:14:00.162,sequential,8.3,364.5,164.0,0.5,1086.2,58.4,2400,0.0,0.0,16037,-507,71,discharging,None,None
19:14:00.671,sequential,8.3,364.5,164.0,22.1,1086.2,59.0,1700,0.0,0.0,16038,-407,71,discharging,None,None
19:14:01.175,sequential,8.3,382.9,166.0,88.2,1086.0,60.6,2400,0.0,0.0,15991,-580,71,discharging,None,None
19:14:01.679,sequential,8.3,382.9,166.0,0.0,1086.0,58.4,2400,0.0,0.0,16033,-582,71,discharging,None,None
19:14:02.182,sequential,8.3,382.9,166.0,0.0,1085.8,58.4,2400,0.0,0.0,16037,-408,71,discharging,None,None
19:14:02.695,sequential,8.3,368.8,166.0,76.5,1087.3,62.8,2400,0.0,0.0,15998,-516,71,discharging,None,None
19:14:03.205,sequential,8.3,368.8,164.4,30.9,1087.9,59.0,2400,0.0,0.0,16025,-603,71,discharging,None,None
19:14:03.708,sequential,8.3,368.8,164.4,0.0,1087.9,57.9,2400,0.0,0.0,16036,-488,71,discharging,None,None
19:14:04.215,sequential,8.3,368.8,164.4,36.3,1087.7,62.2,2400,0.0,0.0,16039,-426,71,discharging,None,None
19:14:04.719,sequential,8.3,367.1,158.8,71.4,1087.9,59.5,2400,0.0,0.0,15990,-601,71,discharging,None,None
19:14:05.223,sequential,8.3,367.1,158.8,0.0,1087.2,59.0,2400,0.0,0.0,16034,-577,71,discharging,None,None
19:14:05.726,sequential,8.3,367.1,158.8,0.0,1090.0,58.4,2400,0.0,0.0,16038,-402,71,discharging,None,None
19:14:06.235,sequential,8.3,369.1,158.8,93.0,1090.0,63.4,2400,0.0,0.0,15994,-538,71,discharging,None,None
19:14:06.739,sequential,8.3,369.1,159.8,15.6,1089.9,58.4,2400,0.0,0.0,16023,-603,71,discharging,None,None
19:14:07.242,sequential,8.3,369.1,159.8,0.0,1089.2,58.4,2400,0.0,0.0,16036,-466,71,discharging,None,None
19:14:07.751,sequential,8.3,369.1,159.8,50.7,1089.2,62.2,2400,0.0,0.0,16029,-451,71,discharging,None,None
19:14:08.257,sequential,8.3,371.0,161.9,57.1,1088.1,59.5,2400,0.0,0.0,15986,-602,71,discharging,None,None
19:14:08.760,sequential,8.3,371.0,161.9,0.0,1088.6,57.9,2400,0.0,0.0,16033,-553,71,discharging,None,None
19:14:09.270,sequential,8.3,371.0,161.9,8.9,1088.4,59.5,2400,0.0,0.0,16037,-402,71,discharging,None,None
19:14:09.773,sequential,8.3,365.4,165.8,99.0,1088.4,63.4,2400,0.0,0.0,15989,-557,71,discharging,None,None
19:14:10.277,sequential,8.3,365.4,165.8,0.5,1088.4,58.4,2400,0.0,0.0,16024,-603,71,discharging,None,None
19:14:10.780,sequential,8.3,365.4,165.8,0.0,1088.4,57.9,2400,0.0,0.0,16036,-448,71,discharging,None,None
19:14:11.288,sequential,8.3,365.4,165.8,65.5,1087.7,63.4,2400,0.0,0.0,16030,-451,71,discharging,None,None
19:14:11.791,sequential,8.3,382.2,164.1,45.5,1087.7,59.5,2400,0.0,0.0,15994,-584,71,discharging,None,None
19:14:12.295,sequential,8.3,382.2,164.1,0.0,1087.0,58.4,2400,0.0,0.0,16035,-535,71,discharging,None,None
19:14:12.803,sequential,8.3,382.2,164.1,19.0,1087.0,61.1,2400,0.0,0.0,16037,-401,71,discharging,None,None
19:14:13.306,sequential,8.3,367.3,163.0,88.2,1086.7,61.7,2400,0.0,0.0,15989,-573,71,discharging,None,None
19:14:13.810,sequential,8.3,367.3,163.0,0.0,1086.7,59.0,2400,0.0,0.0,16028,-602,71,discharging,None,None
19:14:14.313,sequential,8.3,367.3,163.0,0.0,1086.7,57.9,2400,0.0,0.0,16036,-431,71,discharging,None,None
19:14:14.823,sequential,8.3,363.3,163.0,76.4,1087.0,62.2,2400,0.0,0.0,16002,-492,71,discharging,None,None
19:14:15.326,sequential,8.3,363.3,166.7,31.2,1086.3,59.0,2400,0.0,0.0,16010,-602,71,discharging,None,None
19:14:15.830,sequential,8.3,363.3,166.7,0.0,1086.0,58.4,2400,0.0,0.0,16034,-513,71,discharging,None,None
19:14:16.336,sequential,8.3,363.3,166.7,33.5,1086.5,61.1,2400,0.0,0.0,16035,-404,71,discharging,None,None
19:14:16.840,sequential,8.3,390.0,163.0,79.0,1086.9,60.0,2400,0.0,0.0,15984,-585,71,discharging,None,None
19:14:17.343,sequential,8.3,390.0,163.0,0.0,1086.9,58.4,2400,0.0,0.0,16027,-606,71,discharging,None,None
19:14:17.847,sequential,8.3,390.0,163.0,0.0,1086.2,57.3,2400,0.0,0.0,16033,-432,71,discharging,None,None
19:14:18.355,sequential,8.3,364.3,163.0,85.6,1089.8,62.2,2400,0.0,0.0,15995,-522,71,discharging,None,None
19:14:18.859,sequential,8.3,364.3,164.7,22.9,1090.2,59.0,2400,0.0,0.0,16020,-612,71,discharging,None,None
19:14:19.362,sequential,8.3,364.3,164.7,0.0,1090.2,58.4,2400,0.0,0.0,16035,-499,71,discharging,None,None
19:14:19.871,sequential,8.3,364.3,164.7,42.7,1094.0,62.8,2400,0.0,0.0,16037,-421,71,discharging,None,None
19:14:20.375,sequential,8.3,366.4,165.9,64.5,1094.0,60.0,2400,0.0,0.0,15990,-602,71,discharging,None,None
19:14:20.878,sequential,8.3,366.4,165.9,0.0,1091.5,59.0,2400,0.0,0.0,16032,-583,71,discharging,None,None
19:14:21.385,sequential,8.3,366.4,165.9,0.5,1091.5,58.4,1800,0.0,0.0,16035,-403,71,discharging,None,None
19:14:21.889,sequential,8.3,385.6,165.9,99.5,1091.1,63.4,2400,0.0,0.0,15999,-509,70,discharging,None,None
19:14:22.392,sequential,8.3,385.6,164.2,11.9,1091.1,59.0,2400,0.0,0.0,16023,-585,70,discharging,None,None
19:14:22.896,sequential,8.3,385.6,164.2,0.0,1090.6,58.4,2400,0.0,0.0,16035,-479,70,discharging,None,None
19:14:23.404,sequential,8.3,385.6,164.2,53.7,1090.6,62.2,2400,0.0,0.0,16035,-434,70,discharging,None,None
19:14:23.907,sequential,8.3,367.3,161.5,53.7,1089.0,59.0,2400,0.0,0.0,15987,-602,70,discharging,None,None
19:14:24.411,sequential,8.3,367.3,161.5,0.0,1089.0,58.4,2400,0.0,0.0,16031,-570,70,discharging,None,None
19:14:24.920,sequential,8.3,367.3,161.5,10.5,1088.4,60.0,2400,0.0,0.0,16035,-402,70,discharging,None,None
19:14:25.423,sequential,8.3,365.8,164.9,96.6,1088.4,62.8,2400,0.0,0.0,15991,-544,70,discharging,None,None
19:14:25.927,sequential,8.3,365.8,164.9,0.0,1088.2,58.4,2400,0.0,0.0,16023,-603,70,discharging,None,None
19:14:26.430,sequential,8.3,365.8,164.9,0.0,1088.2,57.9,2400,0.0,0.0,16034,-460,70,discharging,None,None
19:14:26.940,sequential,8.3,365.8,164.9,67.7,1088.2,62.2,2400,0.0,0.0,16030,-448,70,discharging,None,None
19:14:27.444,sequential,8.3,370.5,163.8,41.5,1087.0,59.0,2400,0.0,0.0,15985,-594,70,discharging,None,None
19:14:27.947,sequential,8.3,370.5,163.8,1.5,1086.8,58.4,2400,0.0,0.0,16032,-549,70,discharging,None,None
19:14:28.456,sequential,8.3,370.5,163.8,27.4,1087.6,61.7,2400,0.0,0.0,16035,-402,70,discharging,None,None
19:14:28.960,sequential,8.3,367.6,162.4,82.6,1087.5,60.6,2400,0.0,0.0,15986,-563,70,discharging,None,None
19:14:29.463,sequential,8.3,367.6,162.4,0.0,1087.5,59.0,2400,0.0,0.0,16023,-604,70,discharging,None,None
19:14:29.967,sequential,8.3,367.6,162.4,0.0,1087.5,57.9,2400,0.0,0.0,16033,-442,70,discharging,None,None
19:14:30.476,sequential,8.3,364.9,162.4,82.0,1087.5,63.9,2400,0.0,0.0,16007,-481,70,discharging,None,None
19:14:30.979,sequential,8.3,364.9,166.4,27.5,1087.2,59.0,2400,0.0,0.0,16000,-603,70,discharging,None,None
19:14:31.483,sequential,8.3,364.9,166.4,1.5,1087.2,58.4,2400,0.0,0.0,16031,-527,70,discharging,None,None
19:14:31.991,sequential,9.5,364.9,166.4,40.8,1087.2,60.6,2400,0.0,0.0,16033,-406,70,discharging,None,None
19:14:32.494,sequential,9.5,437.2,172.2,84.3,1086.8,60.6,2400,0.0,0.0,15990,-546,70,discharging,None,None
19:14:32.998,sequential,9.5,437.2,172.2,2.0,1086.5,58.4,2400,0.0,0.0,16022,-597,70,discharging,None,None
19:14:33.502,sequential,8.4,437.2,172.2,1.5,1086.5,57.9,2400,0.0,0.0,16035,-457,70,discharging,None,None
19:14:34.014,sequential,8.4,398.3,172.2,80.7,1086.5,62.8,2400,0.0,0.0,16017,-476,70,discharging,None,None
19:14:34.518,sequential,8.3,398.3,172.6,36.5,1086.1,59.5,2400,0.0,0.0,15985,-617,70,discharging,None,None
19:14:35.022,sequential,8.3,398.3,172.6,1.5,1086.1,58.4,2400,0.0,0.0,16030,-553,70,discharging,None,None
19:14:35.532,sequential,8.3,398.3,172.6,32.3,1087.5,61.7,2400,0.0,0.0,16034,-412,70,discharging,None,None
19:14:36.035,sequential,8.3,414.5,174.5,88.5,1087.4,61.1,2400,0.0,0.0,15987,-564,70,discharging,None,None
19:14:36.539,sequential,8.3,414.5,174.5,1.5,1087.4,59.0,2400,0.0,0.0,16019,-623,70,discharging,None,None
19:14:37.043,sequential,8.4,414.5,174.5,2.0,1087.9,58.4,1600,0.0,0.0,16031,-469,70,discharging,None,None
19:14:37.552,sequential,8.4,414.5,174.5,77.1,1087.9,62.8,2400,0.0,0.0,16030,-436,70,discharging,None,None
19:14:38.055,sequential,8.3,425.1,174.0,46.3,1088.1,59.5,2400,0.0,0.0,15988,-600,70,discharging,None,None
19:14:38.559,sequential,8.3,425.1,174.0,2.0,1088.1,58.4,2400,0.0,0.0,16029,-575,70,discharging,None,None
19:14:39.067,sequential,8.3,425.1,174.0,21.1,1087.6,61.1,2400,0.0,0.0,16033,-411,70,discharging,None,None
19:14:39.570,sequential,8.3,397.0,182.0,97.0,1087.6,62.2,2400,0.0,0.0,15991,-543,70,discharging,None,None
19:14:40.074,sequential,8.3,397.0,182.0,1.5,1086.7,57.9,2400,0.0,0.0,16019,-620,70,discharging,None,None
19:14:40.577,sequential,8.3,397.0,182.0,10.5,1086.7,57.9,2400,0.0,0.0,16031,-488,70,discharging,None,None
19:14:41.084,sequential,8.3,397.0,182.0,68.6,1088.5,63.9,2400,0.0,0.0,16030,-452,70,discharging,None,None
19:14:41.588,sequential,7.9,405.5,177.1,52.0,1087.9,59.0,2400,0.0,0.0,15987,-630,70,discharging,None,None
19:14:42.091,sequential,7.9,405.5,177.1,1.5,1087.4,57.9,2400,0.0,0.0,16029,-593,70,discharging,None,None
19:14:42.599,sequential,7.9,405.5,177.1,15.1,1087.4,59.0,1600,0.0,0.0,16032,-410,70,discharging,None,None
19:14:43.103,sequential,8.3,429.7,177.1,99.5,1087.4,63.9,2400,0.0,0.0,15999,-497,70,discharging,None,None
19:14:43.607,sequential,8.3,429.7,173.4,10.0,1085.8,59.0,2400,0.0,0.0,16008,-603,70,discharging,None,None
19:14:44.111,sequential,8.4,429.7,173.4,2.0,1085.5,58.4,2400,0.0,0.0,16029,-514,70,discharging,None,None
19:14:44.619,sequential,8.4,429.7,173.4,57.9,1085.5,62.8,2400,0.0,0.0,16030,-419,70,discharging,None,None
19:14:45.122,sequential,8.4,414.3,177.5,63.5,1086.0,60.0,2400,0.0,0.0,15982,-599,70,discharging,None,None
19:14:45.626,sequential,8.3,414.3,177.5,2.0,1086.0,57.9,2400,0.0,0.0,16022,-618,70,discharging,None,None
19:14:46.136,sequential,8.3,414.3,177.5,3.0,1085.8,58.4,2400,0.0,0.0,16031,-438,70,discharging,None,None
19:14:46.644,sequential,8.3,410.1,177.5,100.0,1085.8,63.4,2400,0.0,0.0,15998,-499,70,discharging,None,None
19:14:47.148,sequential,8.3,410.1,176.5,17.0,1085.5,59.0,2400,0.0,0.0,15992,-625,70,discharging,None,None
19:14:47.651,sequential,8.4,410.1,176.5,2.0,1085.5,59.0,2400,0.0,0.0,16029,-536,70,discharging,None,None
19:14:48.159,sequential,8.4,410.1,176.5,50.5,1085.3,61.7,2400,0.0,0.0,16034,-402,70,discharging,None,None
19:14:48.662,sequential,8.4,424.1,182.8,73.8,1086.2,60.6,2400,0.0,0.0,15986,-551,70,discharging,None,None
19:14:49.166,sequential,8.3,424.1,182.8,2.0,1086.0,59.0,2400,0.0,0.0,16018,-611,70,discharging,None,None
19:14:49.669,sequential,8.3,424.1,182.8,1.5,1086.0,57.9,2400,0.0,0.0,16029,-462,70,discharging,None,None
19:14:50.176,sequential,8.3,407.6,182.8,91.2,1086.5,63.4,2400,0.0,0.0,16017,-470,70,discharging,None,None
19:14:50.680,sequential,8.3,407.6,171.5,27.5,1086.3,59.0,2400,0.0,0.0,15980,-622,70,discharging,None,None
19:14:51.183,sequential,8.3,407.6,171.5,2.0,1085.6,58.4,2400,0.0,0.0,16027,-564,70,discharging,None,None
19:14:51.691,sequential,8.4,407.6,171.5,39.5,1085.6,62.2,2400,0.0,0.0,16030,-411,70,discharging,None,None
19:14:52.195,sequential,8.4,399.7,177.6,79.3,1086.2,60.6,2400,0.0,0.0,15986,-621,70,discharging,None,None
19:14:52.700,sequential,8.3,399.7,177.6,10.9,1086.2,59.5,2400,0.0,0.0,16020,-582,70,discharging,None,None
19:14:53.203,sequential,8.3,399.7,177.6,3.0,1086.2,58.4,1600,0.0,0.0,16030,-419,70,discharging,None,None
19:14:53.712,sequential,7.9,422.9,177.6,86.7,1086.2,63.4,2400,0.0,0.0,15990,-527,70,discharging,None,None
19:14:54.216,sequential,7.9,422.9,174.2,35.5,1085.1,59.0,2400,0.0,0.0,16019,-608,70,discharging,None,None
19:14:54.719,sequential,7.9,422.9,174.2,2.0,1085.1,58.4,2400,0.0,0.0,16029,-488,70,discharging,None,None
19:14:55.227,sequential,8.4,422.9,174.2,31.5,1085.3,61.1,2400,0.0,0.0,16030,-442,70,discharging,None,None
19:14:55.730,sequential,8.4,408.3,174.5,88.7,1085.3,61.1,2400,0.0,0.0,15984,-622,70,discharging,None,None
19:14:56.234,sequential,8.3,408.3,174.5,2.5,1085.3,59.0,2400,0.0,0.0,16025,-593,70,discharging,None,None
19:14:56.737,sequential,8.3,408.3,174.5,1.5,1085.3,58.4,2400,0.0,0.0,16030,-413,70,discharging,None,None
19:14:57.244,sequential,8.3,408.3,174.5,77.8,1084.9,63.4,2400,0.0,0.0,15989,-529,70,discharging,None,None
19:14:57.750,sequential,8.3,399.8,177.5,41.6,1084.8,59.5,2400,0.0,0.0,16015,-622,70,discharging,None,None
19:14:58.253,sequential,8.3,399.8,177.5,2.5,1084.8,59.0,2400,0.0,0.0,16029,-504,70,discharging,None,None
19:14:58.760,sequential,8.3,399.8,177.5,27.2,1084.8,61.1,2400,0.0,0.0,16033,-417,70,discharging,None,None
19:14:59.263,sequential,8.3,401.8,182.8,93.5,1084.8,63.4,2400,0.0,0.0,15982,-600,70,discharging,None,None
19:14:59.767,sequential,8.3,401.8,182.8,2.5,1084.8,59.5,2400,0.0,0.0,16024,-607,70,discharging,None,None
19:15:00.270,sequential,8.3,401.8,182.8,3.0,1084.6,58.4,2400,0.0,0.0,16030,-424,70,discharging,None,None
19:15:00.779,sequential,8.3,401.8,182.8,70.6,1084.6,63.9,2400,0.0,0.0,15992,-512,70,discharging,None,None
19:15:01.283,sequential,8.3,401.8,187.4,50.0,1084.6,60.6,2400,0.0,0.0,16002,-624,70,discharging,None,None
19:15:01.786,sequential,8.3,401.8,187.4,2.5,1084.6,59.5,2400,0.0,0.0,16026,-523,70,discharging,None,None
19:15:02.295,sequential,8.4,401.8,187.4,18.8,1084.6,60.6,2400,0.0,0.0,16030,-414,70,discharging,None,None
19:15:02.803,sequential,8.4,397.9,175.5,99.0,1084.6,63.4,2400,0.0,0.0,15979,-593,70,discharging,None,None
19:15:03.307,sequential,8.3,397.9,175.5,2.5,1084.4,59.0,2400,0.0,0.0,16019,-620,70,discharging,None,None
19:15:03.810,sequential,8.3,397.9,175.5,2.0,1084.4,58.4,1900,0.0,0.0,16030,-440,70,discharging,None,None
19:15:04.319,sequential,8.3,397.9,175.5,66.8,1084.4,62.2,2400,0.0,0.0,16013,-465,70,discharging,None,None
19:15:04.822,sequential,8.3,428.8,356.7,77.1,1084.6,60.6,2400,0.0,0.0,15984,-622,70,discharging,None,None
19:15:05.326,sequential,8.3,428.8,356.7,3.0,1084.6,60.6,2400,0.0,0.0,16025,-571,70,discharging,None,None
19:15:05.829,sequential,7.6,428.8,356.7,2.5,1084.6,58.4,2400,0.0,0.0,16030,-414,70,discharging,None,None
19:15:06.336,sequential,7.6,428.8,356.7,72.9,1084.6,63.4,2400,0.0,0.0,15994,-506,70,discharging,None,None
19:15:06.839,sequential,7.6,398.0,181.9,46.3,1084.4,59.5,2400,0.0,0.0,15995,-622,70,discharging,None,None
19:15:07.343,sequential,8.3,398.0,181.9,2.5,1084.4,58.4,2400,0.0,0.0,16027,-528,70,discharging,None,None
19:15:07.851,sequential,8.3,398.0,181.9,21.4,1091.9,61.1,2400,0.0,0.0,16029,-412,70,discharging,None,None
19:15:08.354,sequential,8.2,403.0,184.1,98.0,1091.8,62.8,2400,0.0,0.0,15980,-588,70,discharging,None,None
19:15:08.858,sequential,8.2,403.0,184.1,2.5,1090.8,59.5,2400,0.0,0.0,16017,-624,70,discharging,None,None
19:15:09.362,sequential,8.2,403.0,184.1,2.5,1090.8,57.9,1600,0.0,0.0,16027,-443,70,discharging,None,None
19:15:09.867,sequential,8.4,403.0,184.1,67.0,1089.7,63.4,2400,0.0,0.0,16013,-464,70,discharging,None,None
19:15:10.371,sequential,8.4,407.1,180.0,53.5,1089.3,60.6,2400,0.0,0.0,15982,-601,70,discharging,None,None
19:15:10.875,sequential,8.4,407.1,180.0,2.5,1088.7,59.0,2400,0.0,0.0,16025,-545,70,discharging,None,None
19:15:11.384,sequential,8.4,407.1,180.0,12.0,1088.7,60.6,2400,0.0,0.0,16029,-411,70,discharging,None,None
19:15:11.888,sequential,8.3,406.1,180.0,99.5,1088.3,63.4,2400,0.0,0.0,15981,-568,70,discharging,None,None
19:15:12.392,sequential,8.3,406.1,172.4,8.5,1088.2,59.5,2400,0.0,0.0,16014,-623,70,discharging,None,None
19:15:12.895,sequential,8.3,406.1,172.4,3.0,1087.7,57.9,2400,0.0,0.0,16027,-466,70,discharging,None,None
19:15:13.403,sequential,8.4,406.1,172.4,59.4,1088.7,63.4,2400,0.0,0.0,16014,-469,70,discharging,None,None
19:15:13.907,sequential,8.4,411.2,177.0,61.9,1088.2,59.5,2400,0.0,0.0,15977,-625,70,discharging,None,None
19:15:14.410,sequential,8.3,411.2,177.0,2.0,1088.2,59.0,2400,0.0,0.0,16024,-568,70,discharging,None,None
19:15:14.919,sequential,8.3,411.2,177.0,6.9,1088.1,58.4,1600,0.0,0.0,16028,-407,70,discharging,None,None
19:15:15.423,sequential,8.3,442.2,177.0,100.0,1088.1,62.8,2400,0.0,0.0,15995,-509,70,discharging,None,None
19:15:15.927,sequential,8.3,442.2,174.6,22.8,1087.6,59.0,2400,0.0,0.0,16016,-595,70,discharging,None,None
19:15:16.430,sequential,8.3,442.2,174.6,2.0,1087.6,59.0,2400,0.0,0.0,16026,-492,70,discharging,None,None
19:15:16.940,sequential,8.4,442.2,174.6,38.3,1087.3,61.7,2400,0.0,0.0,16024,-424,70,discharging,None,None
19:15:17.443,sequential,8.4,412.3,175.3,90.7,1087.5,61.7,2400,0.0,0.0,15978,-602,70,discharging,None,None
19:15:17.947,sequential,7.9,412.3,175.3,2.5,1087.3,59.0,2400,0.0,0.0,16017,-623,70,discharging,None,None
19:15:18.450,sequential,7.9,412.3,175.3,2.5,1087.3,58.4,2400,0.0,0.0,16027,-445,70,discharging,None,None
19:15:18.959,sequential,7.9,412.3,175.3,75.1,1094.8,64.5,2400,0.0,0.0,15996,-492,70,discharging,None,None
19:15:19.463,sequential,8.2,411.6,173.1,46.1,1094.2,59.5,2400,0.0,0.0,15982,-623,70,discharging,None,None
19:15:19.966,sequential,8.2,411.6,173.1,2.5,1092.9,59.5,2400,0.0,0.0,16024,-543,70,discharging,None,None
19:15:20.475,sequential,8.4,411.6,173.1,22.9,1092.9,59.5,2400,0.0,0.0,16031,-399,70,discharging,None,None
19:15:20.979,sequential,8.4,426.0,175.5,99.5,1092.1,62.8,2400,0.0,0.0,15982,-544,70,discharging,None,None
19:15:21.482,sequential,8.3,426.0,175.5,4.5,1091.9,59.0,2400,0.0,0.0,16014,-613,70,discharging,None,None
19:15:21.986,sequential,8.3,426.0,175.5,2.5,1090.1,58.4,2400,0.0,0.0,16025,-468,70,discharging,None,None
19:15:22.495,sequential,8.3,426.0,175.5,64.9,1090.5,63.9,2400,0.0,0.0,16014,-466,70,discharging,None,None
19:15:22.998,sequential,8.3,411.4,180.4,56.4,1089.8,60.0,2400,0.0,0.0,15978,-623,70,discharging,None,None
19:15:23.502,sequential,8.3,411.4,180.4,2.5,1089.8,58.4,2400,0.0,0.0,16023,-569,70,discharging,None,None
19:15:24.014,sequential,8.4,411.4,180.4,12.7,1088.5,61.1,2400,0.0,0.0,16026,-411,70,discharging,None,None
19:15:24.519,sequential,8.4,399.7,180.4,100.0,1088.5,64.5,2400,0.0,0.0,15985,-550,70,discharging,None,None
19:15:25.022,sequential,8.4,399.7,185.1,10.9,1088.4,59.0,2400,0.0,0.0,16015,-623,70,discharging,None,None
19:15:25.526,sequential,8.3,399.7,185.1,2.0,1088.4,59.0,1800,0.0,0.0,16027,-484,70,discharging,None,None
19:15:26.031,sequential,8.3,399.7,185.1,58.0,1089.3,62.2,2400,0.0,0.0,16033,-419,70,discharging,None,None
19:15:26.534,sequential,8.3,414.2,182.3,65.7,1089.0,59.5,2400,0.0,0.0,15984,-595,70,discharging,None,None
19:15:27.038,sequential,8.3,414.2,182.3,3.0,1088.2,59.0,2400,0.0,0.0,16024,-589,70,discharging,None,None
19:15:27.542,sequential,8.4,414.2,182.3,2.5,1088.2,58.4,2400,0.0,0.0,16027,-413,70,discharging,None,None
19:15:28.051,sequential,8.4,400.8,182.3,100.0,1088.2,63.9,2400,0.0,0.0,15987,-525,70,discharging,None,None
19:15:28.555,sequential,8.4,400.8,177.1,19.6,1087.5,59.0,2400,0.0,0.0,16013,-620,70,discharging,None,None
19:15:29.058,sequential,8.3,400.8,177.1,10.9,1087.3,58.4,2400,0.0,0.0,16021,-518,70,discharging,None,None
19:15:29.566,sequential,8.3,400.8,177.1,49.0,1087.3,62.8,2400,0.0,0.0,16026,-437,70,discharging,None,None
19:15:30.070,sequential,7.9,414.1,172.7,72.1,1087.3,60.6,2400,0.0,0.0,15977,-608,70,discharging,None,None
19:15:30.574,sequential,7.9,414.1,172.7,2.0,1087.3,59.5,2400,0.0,0.0,16019,-608,70,discharging,None,None
19:15:31.077,sequential,7.9,414.1,172.7,3.0,1086.9,58.4,1600,0.0,0.0,16025,-426,70,discharging,None,None
19:15:31.584,sequential,8.2,420.3,172.7,94.1,1086.9,62.8,2400,0.0,0.0,16000,-483,70,discharging,None,None
19:15:32.087,sequential,8.2,420.3,177.9,29.2,1086.3,59.5,2400,0.0,0.0,15989,-601,70,discharging,None,None
19:15:32.591,sequential,8.4,420.3,177.9,3.5,1086.3,59.5,2400,0.0,0.0,16023,-529,70,discharging,None,None
19:15:33.099,sequential,8.4,420.3,177.9,38.0,1086.0,62.8,2400,0.0,0.0,16026,-411,70,discharging,None,None
19:15:33.602,sequential,8.3,399.9,179.8,79.9,1086.0,60.0,2400,0.0,0.0,15977,-586,70,discharging,None,None
19:15:34.106,sequential,8.3,399.9,179.8,2.5,1085.7,59.5,2400,0.0,0.0,16015,-621,70,discharging,None,None
19:15:34.609,sequential,8.3,399.9,179.8,2.5,1085.7,59.0,2400,0.0,0.0,16025,-447,70,discharging,None,None
19:15:35.122,sequential,8.3,403.3,179.8,85.3,1086.0,63.4,2400,0.0,0.0,16000,-489,70,discharging,None,None
19:15:35.626,sequential,8.3,403.3,178.2,35.0,1105.9,59.5,2400,0.0,0.0,15978,-623,70,discharging,None,None
19:15:36.129,sequential,8.4,403.3,178.2,4.4,1105.1,59.5,2400,0.0,0.0,16021,-547,70,discharging,None,None
19:15:36.636,sequential,8.4,403.3,178.2,36.7,1105.1,61.1,2400,0.0,0.0,16024,-408,70,discharging,None,None
19:15:37.140,sequential,8.4,415.6,181.8,89.1,1102.9,62.2,2400,0.0,0.0,15981,-549,70,discharging,None,None
19:15:37.643,sequential,8.3,415.6,181.8,2.0,1102.9,59.0,2400,0.0,0.0,16011,-609,70,discharging,None,None
19:15:38.147,sequential,8.3,415.6,181.8,1.5,1101.0,58.4,2400,0.0,0.0,16023,-468,70,discharging,None,None
19:15:38.656,sequential,8.2,415.6,181.8,76.5,1101.8,63.4,2400,0.0,0.0,16011,-466,70,discharging,None,None
19:15:39.159,sequential,8.2,407.3,181.8,44.6,1099.3,59.0,2400,0.0,0.0,15975,-624,70,discharging,None,None
19:15:39.663,sequential,8.4,407.3,181.8,2.0,1099.3,58.4,2400,0.0,0.0,16020,-572,70,discharging,None,None
19:15:40.171,sequential,8.4,407.3,181.8,23.5,1096.8,61.7,2400,0.0,0.0,16024,-412,70,discharging,None,None
19:15:40.675,sequential,8.4,397.4,175.8,95.1,1096.8,62.2,2400,0.0,0.0,15981,-552,70,discharging,None,None
19:15:41.179,sequential,8.3,397.4,175.8,10.5,1094.5,59.5,2400,0.0,0.0,16009,-634,70,discharging,None,None
19:15:41.683,sequential,8.3,397.4,175.8,2.0,1094.5,59.0,1900,0.0,0.0,16024,-493,70,discharging,None,None
19:15:42.191,sequential,7.9,397.4,175.8,71.0,1093.8,63.4,2400,0.0,0.0,16028,-428,70,discharging,None,None
19:15:42.694,sequential,7.9,411.5,174.5,49.5,1093.6,60.6,2400,0.0,0.0,15977,-601,70,discharging,None,None
19:15:43.198,sequential,7.9,411.5,174.5,1.5,1092.8,59.5,2400,0.0,0.0,16020,-586,70,discharging,None,None
19:15:43.707,sequential,8.3,411.5,174.5,18.5,1092.8,60.6,2400,0.0,0.0,16023,-413,70,discharging,None,None
19:15:44.211,sequential,8.3,404.6,181.8,99.0,1092.8,63.4,2400,0.0,0.0,15982,-537,70,discharging,None,None
19:15:44.715,sequential,8.3,404.6,181.8,3.0,1091.4,59.5,2400,0.0,0.0,16012,-625,70,discharging,None,None
19:15:45.218,sequential,8.3,404.6,181.8,2.0,1091.1,59.0,2400,0.0,0.0,16022,-500,70,discharging,None,None
19:15:45.723,sequential,8.3,404.6,181.8,63.8,1091.1,63.4,2400,0.0,0.0,16023,-433,70,discharging,None,None
19:15:46.227,sequential,8.3,405.6,169.8,55.2,1091.3,60.0,2400,0.0,0.0,15977,-615,70,discharging,None,None
19:15:46.731,sequential,8.3,405.6,169.8,2.0,1091.7,59.5,2400,0.0,0.0,16020,-602,70,discharging,None,None
19:15:47.240,sequential,8.3,405.6,169.8,12.1,1090.6,59.0,1500,0.0,0.0,16024,-418,70,discharging,None,None
19:15:47.744,sequential,8.3,418.4,169.8,99.5,1091.0,63.9,2400,0.0,0.0,15994,-491,70,discharging,None,None
19:15:48.248,sequential,8.3,418.4,177.2,11.1,1090.5,59.0,2400,0.0,0.0,15996,-600,70,discharging,None,None
19:15:48.752,sequential,8.3,418.4,177.2,2.0,1090.5,59.0,2400,0.0,0.0,16022,-520,70,discharging,None,None
19:15:49.259,sequential,8.3,418.4,177.2,55.7,1090.5,62.2,2400,0.0,0.0,16023,-417,70,discharging,None,None
19:15:49.763,sequential,8.3,409.6,178.4,65.0,1090.8,60.0,2400,0.0,0.0,15975,-596,70,discharging,None,None
19:15:50.266,sequential,8.3,409.6,178.4,1.5,1090.1,59.0,2400,0.0,0.0,16013,-621,70,discharging,None,None
19:15:50.774,sequential,8.3,409.6,178.4,3.5,1090.1,59.0,2400,0.0,0.0,16022,-441,70,discharging,None,None
19:15:51.287,sequential,8.3,412.9,178.4,99.5,1090.1,63.9,2400,0.0,0.0,15990,-496,70,discharging,None,None
19:15:51.790,sequential,8.3,412.9,179.3,20.7,1093.4,60.0,2400,0.0,0.0,15980,-626,70,discharging,None,None
19:15:52.294,sequential,8.3,412.9,179.3,1.5,1092.9,59.5,1900,0.0,0.0,16019,-542,70,discharging,None,None
19:15:52.803,sequential,8.3,412.9,179.3,49.0,1092.9,63.4,2400,0.0,0.0,16025,-404,70,discharging,None,None
19:15:53.307,sequential,8.3,589.6,179.3,88.2,1092.5,63.4,2400,0.0,0.0,15981,-553,70,discharging,None,None
19:15:53.810,sequential,8.3,589.6,178.7,8.0,1092.3,59.0,2400,0.0,0.0,15997,-644,70,discharging,None,None
19:15:54.314,sequential,7.3,589.6,178.7,2.0,1091.8,58.4,2400,0.0,0.0,16021,-495,70,discharging,None,None
19:15:54.827,sequential,7.3,589.6,178.7,58.7,1092.3,63.4,2400,0.0,0.0,16023,-412,70,discharging,None,None
19:15:55.331,sequential,7.3,403.2,174.1,59.4,1090.7,61.1,2400,0.0,0.0,15973,-591,70,discharging,None,None
19:15:55.834,sequential,8.3,403.2,174.1,2.0,1090.7,58.4,2400,0.0,0.0,16012,-622,70,discharging,None,None
19:15:56.343,sequential,8.3,403.2,174.1,8.0,1090.3,60.6,2400,0.0,0.0,16022,-444,70,discharging,None,None
19:15:56.850,sequential,8.3,395.7,174.1,100.0,1090.3,64.5,2400,0.0,0.0,15990,-495,70,discharging,None,None
19:15:57.354,sequential,8.3,395.7,183.8,12.4,1089.7,59.5,2400,0.0,0.0,15981,-623,70,discharging,None,None
19:15:57.858,sequential,8.3,395.7,183.8,2.0,1089.3,57.9,1600,0.0,0.0,16019,-540,70,discharging,None,None
19:15:58.367,sequential,8.3,395.7,183.8,56.2,1089.3,62.2,2400,0.0,0.0,16025,-395,70,discharging,None,None
19:15:58.870,sequential,8.3,413.1,182.3,66.3,1088.8,59.5,2400,0.0,0.0,15977,-543,70,discharging,None,None
19:15:59.374,sequential,8.4,413.1,182.3,2.0,1088.8,59.0,2400,0.0,0.0,16008,-611,70,discharging,None,None
19:15:59.878,sequential,8.4,413.1,182.3,2.0,1088.2,58.4,2400,0.0,0.0,16021,-463,70,discharging,None,None
19:16:00.387,sequential,8.3,396.7,182.3,99.0,1088.2,63.9,2400,0.0,0.0,16006,-473,70,discharging,None,None
19:16:00.891,sequential,8.3,396.7,178.6,19.8,1088.0,59.5,2400,0.0,0.0,15971,-621,70,discharging,None,None
19:16:01.394,sequential,8.3,396.7,178.6,2.0,1088.7,59.0,2400,0.0,0.0,16018,-560,70,discharging,None,None
19:16:01.903,sequential,8.4,396.7,178.6,48.5,1088.7,62.8,2400,0.0,0.0,16021,-412,70,discharging,None,None
19:16:02.407,sequential,8.4,401.2,172.9,69.8,1088.5,60.6,2400,0.0,0.0,15977,-560,70,discharging,None,None
19:16:02.910,sequential,8.3,401.2,172.9,2.0,1087.6,59.0,2400,0.0,0.0,16008,-620,70,discharging,None,None
19:16:03.414,sequential,8.3,401.2,172.9,2.0,1088.5,58.4,1600,0.0,0.0,16019,-472,70,discharging,None,None
19:16:03.924,sequential,8.2,426.0,172.9,95.5,1088.5,63.4,2400,0.0,0.0,16020,-435,70,discharging,None,None
19:16:04.428,sequential,8.2,426.0,173.2,27.5,1087.8,59.0,2400,0.0,0.0,15976,-602,70,discharging,None,None
19:16:04.932,sequential,8.2,426.0,173.2,2.0,1088.2,57.9,2400,0.0,0.0,16019,-579,70,discharging,None,None
19:16:05.437,sequential,8.4,426.0,173.2,50.5,1088.2,63.4,2400,0.0,0.0,16020,-416,70,discharging,None,None
19:16:05.941,sequential,8.4,397.3,177.3,77.7,1088.0,60.0,2400,0.0,0.0,15978,-631,70,discharging,None,None
19:16:06.445,sequential,7.9,397.3,177.3,2.5,1088.0,59.0,2400,0.0,0.0,16016,-585,70,discharging,None,None
19:16:06.948,sequential,7.9,397.3,177.3,2.0,1087.5,59.0,2400,0.0,0.0,16020,-412,70,discharging,None,None
19:16:07.458,sequential,7.9,403.1,177.3,88.7,1088.0,63.4,2400,0.0,0.0,15979,-538,70,discharging,None,None
19:16:07.962,sequential,8.2,403.1,173.4,29.9,1088.0,60.0,2400,0.0,0.0,16007,-622,70,discharging,None,None
19:16:08.465,sequential,8.2,403.1,173.4,3.0,1088.0,59.0,2400,0.0,0.0,16019,-495,70,discharging,None,None
19:16:08.972,sequential,8.4,403.1,173.4,38.1,1088.5,61.7,2400,0.0,0.0,16024,-414,70,discharging,None,None
19:16:09.476,sequential,8.4,421.9,171.6,84.2,1087.7,61.1,2400,0.0,0.0,15973,-592,70,discharging,None,None
19:16:09.979,sequential,8.3,421.9,171.6,2.5,1087.5,58.4,2400,0.0,0.0,16015,-599,70,discharging,None,None
19:16:10.483,sequential,8.3,421.9,171.6,2.0,1088.0,60.0,2400,0.0,0.0,16019,-421,70,discharging,None,None
19:16:10.988,sequential,8.3,399.7,171.6,81.3,1088.0,62.2,2400,0.0,0.0,15983,-517,70,discharging,None,None
19:16:11.492,sequential,8.3,399.7,178.9,38.3,1087.8,59.5,2400,0.0,0.0,15996,-622,70,discharging,None,None
19:16:11.995,sequential,8.3,399.7,178.9,2.5,1087.0,59.0,2400,0.0,0.0,16019,-517,70,discharging,None,None
19:16:12.503,sequential,8.4,399.7,178.9,30.0,1087.0,61.1,2400,0.0,0.0,16020,-420,70,discharging,None,None
19:16:13.006,sequential,8.4,400.5,188.5,91.6,1086.3,61.7,2400,0.0,0.0,15971,-599,70,discharging,None,None
19:16:13.510,sequential,8.3,400.5,188.5,3.0,1086.3,60.0,2400,0.0,0.0,16011,-616,70,discharging,None,None
19:16:14.014,sequential,8.3,400.5,188.5,2.0,1086.1,58.4,1600,0.0,0.0,16018,-437,70,discharging,None,None
19:16:14.519,sequential,8.3,400.5,188.5,74.3,1086.6,62.8,2400,0.0,0.0,15992,-481,70,discharging,None,None
19:16:15.023,sequential,8.2,410.9,179.0,47.3,1086.6,60.0,2400,0.0,0.0,15981,-605,70,discharging,None,None
19:16:15.526,sequential,8.2,410.9,179.0,2.5,1086.6,59.0,2400,0.0,0.0,16015,-536,70,discharging,None,None
19:16:16.035,sequential,8.4,410.9,179.0,20.8,1086.4,61.7,2400,0.0,0.0,16019,-412,70,discharging,None,None
19:16:16.539,sequential,8.4,394.5,175.7,97.0,1086.4,63.4,2400,0.0,0.0,15971,-579,70,discharging,None,None
19:16:17.042,sequential,8.4,394.5,175.7,2.5,1089.4,59.5,2400,0.0,0.0,16008,-620,70,discharging,None,None
19:16:17.546,sequential,8.3,394.5,175.7,11.0,1089.8,59.0,2400,0.0,0.0,16010,-472,70,discharging,None,None
19:16:18.055,sequential,8.3,394.5,175.7,68.3,1090.3,64.5,2400,0.0,0.0,15995,-512,70,discharging,None,None
19:16:18.558,sequential,7.9,401.9,182.3,51.5,1090.6,60.0,2400,0.0,0.0,15967,-639,70,discharging,None,None
19:16:19.062,sequential,7.9,401.9,182.3,2.5,1091.8,59.0,2400,0.0,0.0,16014,-566,70,discharging,None,None
19:16:19.571,sequential,7.9,401.9,182.3,17.9,1094.8,58.4,1700,0.0,0.0,16020,-419,70,discharging,None,None
19:16:20.075,sequential,8.2,412.5,182.3,100.0,1095.0,63.9,2400,0.0,0.0,15975,-547,70,discharging,None,None
19:16:20.579,sequential,8.2,412.5,185.0,8.9,1093.8,59.5,2400,0.0,0.0,16007,-608,70,discharging,None,None
19:16:21.082,sequential,8.4,412.5,185.0,2.5,1093.6,58.4,2400,0.0,0.0,16019,-471,70,discharging,None,None
19:16:21.591,sequential,8.4,412.5,185.0,59.4,1093.6,61.7,2400,0.0,0.0,16011,-461,70,discharging,None,None
19:16:22.094,sequential,8.3,398.0,180.2,60.1,1091.5,60.6,2400,0.0,0.0,15970,-620,70,discharging,None,None
19:16:22.598,sequential,8.3,398.0,180.2,2.5,1091.5,59.0,2400,0.0,0.0,16014,-572,70,discharging,None,None
19:16:23.107,sequential,8.3,398.0,180.2,8.4,1090.7,60.0,2400,0.0,0.0,16018,-412,70,discharging,None,None
19:16:23.611,sequential,8.3,399.7,180.2,100.0,1090.7,64.5,2400,0.0,0.0,15974,-551,70,discharging,None,None
19:16:24.115,sequential,8.3,399.7,185.3,13.9,1090.8,59.5,2400,0.0,0.0,16005,-624,70,discharging,None,None
19:16:24.618,sequential,8.4,399.7,185.3,3.0,1090.8,60.0,2400,0.0,0.0,16017,-485,70,discharging,None,None
19:16:25.127,sequential,8.4,399.7,185.3,53.7,1089.5,62.8,2400,0.0,0.0,16022,-426,70,discharging,None,None
19:16:25.630,sequential,8.3,409.2,174.6,66.8,1089.5,60.0,2400,0.0,0.0,15974,-605,70,discharging,None,None
19:16:26.134,sequential,8.3,409.2,174.6,2.5,1088.7,59.0,2400,0.0,0.0,16014,-591,70,discharging,None,None
19:16:26.638,sequential,8.3,409.2,174.6,2.5,1088.7,59.0,2400,0.0,0.0,16019,-412,70,discharging,None,None
19:16:27.147,sequential,8.3,407.0,174.6,99.5,1088.7,62.8,2400,0.0,0.0,15977,-532,70,discharging,None,None
19:16:27.650,sequential,8.3,407.0,176.7,21.7,1088.5,59.5,2400,0.0,0.0,16002,-624,70,discharging,None,None
19:16:28.154,sequential,8.3,407.0,176.7,2.5,1087.8,60.0,2400,0.0,0.0,16016,-504,70,discharging,None,None
19:16:28.663,sequential,8.3,407.0,176.7,47.0,1087.8,63.4,2400,0.0,0.0,16018,-430,70,discharging,None,None
19:16:29.166,sequential,8.3,412.6,173.1,73.4,1087.1,60.6,2400,0.0,0.0,15968,-612,70,discharging,None,None
19:16:29.670,sequential,8.3,412.6,173.1,10.9,1087.1,59.0,2400,0.0,0.0,16005,-620,70,discharging,None,None
19:16:30.173,sequential,8.3,412.6,173.1,2.5,1087.8,58.4,1600,0.0,0.0,16016,-434,70,discharging,None,None
19:16:30.680,sequential,7.9,403.8,173.1,92.6,1087.8,63.4,2400,0.0,0.0,15985,-493,70,discharging,None,None
19:16:31.189,sequential,7.9,403.8,174.2,27.1,1088.3,59.5,2400,0.0,0.0,15987,-606,70,discharging,None,None
19:16:31.692,sequential,8.3,403.8,174.2,2.5,1088.3,58.4,2400,0.0,0.0,16014,-523,70,discharging,None,None
19:16:32.200,sequential,8.3,403.8,174.2,41.1,1088.0,63.4,2400,0.0,0.0,16017,-417,70,discharging,None,None
19:16:32.703,sequential,8.3,407.1,175.0,77.6,1088.0,61.1,2400,0.0,0.0,15967,-595,70,discharging,None,None
19:16:33.207,sequential,8.3,407.1,175.0,3.0,1087.1,59.5,2400,0.0,0.0,16009,-620,70,discharging,None,None
19:16:33.710,sequential,8.3,407.1,175.0,2.5,1087.1,59.0,2400,0.0,0.0,16016,-441,70,discharging,None,None
19:16:34.219,sequential,8.3,412.5,175.0,87.0,1087.1,62.8,2400,0.0,0.0,15984,-499,70,discharging,None,None
19:16:34.723,sequential,8.3,412.5,172.1,33.3,1087.3,60.0,2400,0.0,0.0,15977,-625,70,discharging,None,None
19:16:35.227,sequential,8.3,412.5,172.1,3.0,1086.9,59.0,2400,0.0,0.0,16014,-539,70,discharging,None,None
19:16:35.738,sequential,8.4,412.5,172.1,36.8,1086.9,62.2,2400,0.0,0.0,16019,-405,70,discharging,None,None
19:16:36.243,sequential,8.4,431.5,177.4,88.6,1088.0,62.2,2400,0.0,0.0,15972,-552,70,discharging,None,None
19:16:36.747,sequential,8.3,431.5,177.4,2.5,1088.0,59.0,2400,0.0,0.0,16004,-614,70,discharging,None,None
19:16:37.250,sequential,8.3,431.5,177.4,2.0,1087.3,59.0,2400,0.0,0.0,16014,-466,70,discharging,None,None
19:16:37.759,sequential,8.3,431.5,177.4,77.1,1087.3,63.4,2400,0.0,0.0,16002,-470,70,discharging,None,None
19:16:38.263,sequential,8.3,401.7,173.9,42.2,1086.9,60.6,2400,0.0,0.0,15965,-623,70,discharging,None,None
19:16:38.766,sequential,8.3,401.7,173.9,2.5,1087.7,59.5,2400,0.0,0.0,16013,-565,70,discharging,None,None
19:16:39.275,sequential,8.4,401.7,173.9,26.4,1087.6,62.2,2400,0.0,0.0,16015,-412,70,discharging,None,None
19:16:39.779,sequential,8.4,401.6,177.8,92.6,1087.6,61.1,2400,0.0,0.0,15973,-558,70,discharging,None,None
19:16:40.282,sequential,8.3,401.6,177.8,2.5,1087.6,59.5,2400,0.0,0.0,16003,-624,70,discharging,None,None
19:16:40.786,sequential,8.3,401.6,177.8,3.5,1088.3,59.0,1800,0.0,0.0,16017,-476,70,discharging,None,None
19:16:41.510,sequential,8.2,587.9,177.8,69.6,1087.9,60.0,2400,0.0,0.0,15974,-528,70,discharging,None,None
19:16:42.013,sequential,8.2,587.9,173.7,37.8,1087.7,59.5,2400,0.0,0.0,15971,-626,70,discharging,None,None
19:16:42.517,sequential,8.2,587.9,173.7,2.5,1087.7,57.3,2400,0.0,0.0,16011,-505,70,discharging,None,None
19:16:43.024,sequential,7.6,587.9,173.7,29.1,1089.3,62.2,2400,0.0,0.0,16016,-413,70,discharging,None,None
19:16:43.528,sequential,7.6,399.2,179.8,91.1,1089.3,61.7,2400,0.0,0.0,15969,-570,70,discharging,None,None
19:16:44.032,sequential,8.3,399.2,179.8,3.0,1089.3,57.9,2400,0.0,0.0,16002,-624,70,discharging,None,None
19:16:44.535,sequential,8.3,399.2,179.8,2.5,1089.3,58.4,2400,0.0,0.0,16015,-467,70,discharging,None,None
19:16:45.043,sequential,8.3,399.2,179.8,74.8,1089.8,63.9,2400,0.0,0.0,16001,-469,70,discharging,None,None
19:16:45.547,sequential,8.3,399.7,177.6,46.2,1089.3,60.6,2400,0.0,0.0,15967,-624,70,discharging,None,None
19:16:46.050,sequential,8.3,399.7,177.6,3.9,1088.6,59.0,1900,0.0,0.0,16012,-567,70,discharging,None,None
19:16:46.563,sequential,8.3,399.7,177.6,25.5,1088.6,60.0,1800,0.0,0.0,16018,-400,70,discharging,None,None
19:16:47.067,sequential,8.3,408.9,186.9,98.0,1087.9,63.4,2400,0.0,0.0,15975,-525,70,discharging,None,None
19:16:47.570,sequential,8.4,408.9,186.9,1.5,1087.8,59.5,2400,0.0,0.0,16003,-607,70,discharging,None,None
19:16:48.074,sequential,8.4,408.9,186.9,1.5,1087.4,59.0,2400,0.0,0.0,16014,-482,70,discharging,None,None
19:16:48.583,sequential,8.3,408.9,186.9,67.5,1087.4,63.9,2400,0.0,0.0,16014,-449,70,discharging,None,None
19:16:49.087,sequential,8.3,396.6,181.4,51.7,1090.7,60.0,2400,0.0,0.0,15970,-622,70,discharging,None,None
19:16:49.590,sequential,8.3,396.6,181.4,2.0,1090.7,59.0,2400,0.0,0.0,16011,-586,70,discharging,None,None
19:16:50.095,sequential,8.4,396.6,181.4,15.6,1089.6,61.7,2400,0.0,0.0,16014,-412,70,discharging,None,None
19:16:50.598,sequential,8.4,406.4,172.3,99.5,1089.6,64.5,2400,0.0,0.0,15974,-540,70,discharging,None,None
19:16:51.103,sequential,8.3,406.4,172.3,5.5,1089.1,60.0,2400,0.0,0.0,16003,-625,70,discharging,None,None
19:16:51.606,sequential,8.3,406.4,172.3,2.0,1089.1,58.4,1800,0.0,0.0,16015,-496,70,discharging,None,None
19:16:52.115,sequential,8.3,406.4,172.3,62.5,1088.8,62.8,2400,0.0,0.0,16020,-414,70,discharging,None,None
19:16:52.619,sequential,8.3,427.0,175.8,61.3,1088.8,60.0,2400,0.0,0.0,15970,-591,70,discharging,None,None
19:16:53.122,sequential,8.3,427.0,175.8,1.5,1088.6,59.0,2400,0.0,0.0,16010,-602,70,discharging,None,None
19:16:53.631,sequential,8.4,427.0,175.8,15.0,1088.6,60.0,2400,0.0,0.0,16013,-425,70,discharging,None,None
19:16:54.135,sequential,8.4,403.6,175.8,100.0,1088.4,64.5,2400,0.0,0.0,15976,-525,70,discharging,None,None
19:16:54.639,sequential,8.4,403.6,183.1,15.8,1088.1,60.0,2400,0.0,0.0,15984,-636,70,discharging,None,None
19:16:55.142,sequential,7.9,403.6,183.1,2.0,1088.2,59.0,2400,0.0,0.0,16013,-525,70,discharging,None,None
19:16:55.651,sequential,7.9,403.6,183.1,52.0,1088.2,63.4,2400,0.0,0.0,16014,-416,70,discharging,None,None
19:16:56.154,sequential,8.3,400.1,175.1,66.5,1088.0,60.6,2400,0.0,0.0,15964,-595,70,discharging,None,None
19:16:56.658,sequential,8.3,400.1,175.1,1.5,1088.0,60.0,2400,0.0,0.0,16003,-621,70,discharging,None,None
19:16:57.162,sequential,8.3,400.1,175.1,2.0,1087.1,58.4,1600,0.0,0.0,16012,-441,70,discharging,None,None
19:16:57.671,sequential,8.3,416.5,175.1,99.5,1087.1,64.5,2400,0.0,0.0,15992,-475,70,discharging,None,None
19:16:58.174,sequential,8.3,416.5,179.0,24.1,1087.2,60.0,2400,0.0,0.0,15971,-604,70,discharging,None,None
19:16:58.678,sequential,8.3,416.5,179.0,1.5,1087.2,59.0,2400,0.0,0.0,16010,-542,70,discharging,None,None
19:16:59.187,sequential,8.3,416.5,179.0,44.2,1087.2,63.4,2400,0.0,0.0,16013,-413,70,discharging,None,None
19:16:59.691,sequential,8.3,408.1,174.2,74.9,1087.2,60.6,2400,0.0,0.0,15965,-576,70,discharging,None,None
19:17:00.194,sequential,8.3,408.1,174.2,2.0,1086.5,59.5,2400,0.0,0.0,16000,-625,70,discharging,None,None
19:17:00.698,sequential,8.4,408.1,174.2,1.5,1086.5,59.5,2400,0.0,0.0,16012,-461,70,discharging,None,None
19:17:01.208,sequential,8.4,409.3,174.2,90.5,1086.5,63.9,2400,0.0,0.0,15996,-475,70,discharging,None,None
19:17:01.712,sequential,8.4,409.3,178.1,30.0,1086.2,60.0,2400,0.0,0.0,15961,-626,70,discharging,None,None
19:17:02.216,sequential,8.3,409.3,178.1,2.0,1150.9,58.4,2400,0.0,0.0,16010,-564,70,discharging,None,None
19:17:02.724,sequential,8.3,409.3,178.1,39.7,1150.9,63.9,2400,0.0,0.0,16013,-407,70,discharging,None,None
19:17:03.227,sequential,8.3,422.3,171.4,83.6,1150.6,61.1,2400,0.0,0.0,15972,-537,70,discharging,None,None
19:17:03.731,sequential,8.3,422.3,171.4,1.5,1150.6,59.5,2400,0.0,0.0,16000,-611,70,discharging,None,None
19:17:04.235,sequential,8.3,422.3,171.4,1.5,1145.0,59.0,2400,0.0,0.0,16012,-481,70,discharging,None,None
19:17:04.743,sequential,8.4,399.0,171.4,81.5,1145.0,62.8,2400,0.0,0.0,16011,-453,70,discharging,None,None
19:17:05.247,sequential,8.4,399.0,179.3,37.9,1136.1,60.0,2400,0.0,0.0,15967,-621,70,discharging,None,None
19:17:05.751,sequential,8.3,399.0,179.3,10.0,1136.1,59.5,2400,0.0,0.0,16010,-582,70,discharging,None,None
19:17:06.259,sequential,8.3,399.0,179.3,30.8,1127.1,62.2,2400,0.0,0.0,16011,-425,70,discharging,None,None
19:17:06.762,sequential,7.9,407.2,179.1,90.1,1126.9,62.2,2400,0.0,0.0,15971,-555,70,discharging,None,None
19:17:07.266,sequential,7.9,407.2,179.1,2.0,1122.2,59.5,2400,0.0,0.0,16000,-627,70,discharging,None,None
19:17:07.770,sequential,7.9,407.2,179.1,1.5,1122.2,58.4,1900,0.0,0.0,16011,-495,70,discharging,None,None
19:17:08.275,sequential,8.2,407.2,179.1,76.4,1117.5,63.4,2400,0.0,0.0,16017,-414,70,discharging,None,None
19:17:08.779,sequential,8.2,425.0,171.7,47.3,1117.5,60.0,2400,0.0,0.0,15964,-595,70,discharging,None,None
19:17:09.283,sequential,8.4,425.0,171.7,1.5,1111.8,59.0,2400,0.0,0.0,16006,-603,70,discharging,None,None
19:17:09.791,sequential,8.4,425.0,171.7,20.5,1111.8,60.6,2400,0.0,0.0,16011,-421,70,discharging,None,None
19:17:10.294,sequential,8.4,407.9,170.9,98.0,1109.9,65.0,2400,0.0,0.0,15974,-609,70,discharging,None,None
19:17:10.798,sequential,8.3,407.9,170.9,2.0,1108.3,59.0,2400,0.0,0.0,16005,-610,70,discharging,None,None
19:17:11.302,sequential,8.3,407.9,170.9,2.0,1105.7,59.0,2400,0.0,0.0,16011,-428,70,discharging,None,None
19:17:11.808,sequential,8.3,407.9,170.9,67.0,1105.3,62.8,2400,0.0,0.0,15975,-511,70,discharging,None,None
19:17:12.311,sequential,8.3,400.3,172.1,50.7,1103.7,60.0,2400,0.0,0.0,15981,-622,70,discharging,None,None
19:17:12.815,sequential,8.4,400.3,172.1,1.5,1102.3,59.5,2400,0.0,0.0,16009,-524,70,discharging,None,None
19:17:13.322,sequential,8.4,400.3,172.1,16.6,1102.3,60.6,2400,0.0,0.0,16014,-406,70,discharging,None,None
19:17:13.831,sequential,8.4,407.2,172.1,100.0,1099.6,63.9,2400,0.0,0.0,15963,-577,70,discharging,None,None
19:17:14.335,sequential,8.3,407.2,187.9,8.3,1098.0,59.5,2400,0.0,0.0,16002,-617,70,discharging,None,None
19:17:14.838,sequential,8.3,407.2,187.9,2.0,1097.5,59.0,2400,0.0,0.0,16010,-445,70,discharging,None,None
19:17:15.347,sequential,8.3,407.2,187.9,61.2,1097.5,64.5,2400,0.0,0.0,15982,-494,70,discharging,None,None
19:17:15.850,sequential,8.3,403.0,184.8,59.8,1095.3,60.6,2400,0.0,0.0,15963,-627,70,discharging,None,None
19:17:16.354,sequential,8.4,403.0,184.8,3.0,1095.3,59.5,2400,0.0,0.0,16009,-545,70,discharging,None,None
19:17:16.863,sequential,8.4,403.0,184.8,7.5,1093.6,60.0,2400,0.0,0.0,16011,-412,70,discharging,None,None
19:17:17.367,sequential,8.4,411.2,184.8,98.5,1093.6,64.5,2400,0.0,0.0,15963,-574,70,discharging,None,None
19:17:17.871,sequential,8.3,411.2,171.9,23.3,1093.2,60.0,2400,0.0,0.0,15991,-637,70,discharging,None,None
19:17:18.374,sequential,8.3,411.2,171.9,2.0,1093.2,58.4,1900,0.0,0.0,16010,-475,70,discharging,None,None
19:17:18.883,sequential,7.9,411.2,171.9,54.7,1093.9,63.4,2400,0.0,0.0,16004,-445,70,discharging,None,None
19:17:19.386,sequential,7.9,411.9,179.5,67.6,1092.1,60.0,2400,0.0,0.0,15962,-601,70,discharging,None,None
19:17:19.890,sequential,7.9,411.9,179.5,3.0,1091.4,59.5,2400,0.0,0.0,16006,-569,70,discharging,None,None
19:17:20.393,sequential,8.3,411.9,179.5,2.0,1091.6,59.0,2400,0.0,0.0,16010,-412,70,discharging,None,None
19:17:20.900,sequential,8.3,399.5,179.5,98.0,1091.6,64.5,2400,0.0,0.0,15966,-557,70,discharging,None,None
19:17:21.403,sequential,8.3,399.5,180.9,21.4,1090.4,59.5,2400,0.0,0.0,15996,-625,70,discharging,None,None
19:17:21.907,sequential,8.3,399.5,180.9,2.5,1089.3,59.0,2400,0.0,0.0,16009,-480,70,discharging,None,None
19:17:22.415,sequential,8.3,399.5,180.9,46.8,1089.3,63.9,2400,0.0,0.0,16009,-454,70,discharging,None,None
19:17:22.919,sequential,8.3,402.0,169.9,72.1,1088.8,61.7,2400,0.0,0.0,15965,-622,70,discharging,None,None
19:17:23.422,sequential,8.3,402.0,169.9,2.0,1088.8,59.0,2400,0.0,0.0,16007,-582,70,discharging,None,None
19:17:23.926,sequential,8.4,402.0,169.9,3.0,1088.3,57.9,1500,0.0,0.0,16011,-410,70,discharging,None,None
19:17:24.434,sequential,8.4,416.4,169.9,93.0,1088.3,63.9,2400,0.0,0.0,15971,-523,70,discharging,None,None
19:17:24.938,sequential,8.3,416.4,179.7,29.4,1088.7,60.0,2400,0.0,0.0,15999,-611,70,discharging,None,None
19:17:25.442,sequential,8.3,416.4,179.7,2.5,1088.7,59.0,2400,0.0,0.0,16009,-497,70,discharging,None,None
19:17:25.948,sequential,8.3,416.4,179.7,38.9,1088.7,62.8,2400,0.0,0.0,16009,-436,70,discharging,None,None
19:17:26.451,sequential,8.2,408.7,173.2,80.6,1088.0,61.1,2400,0.0,0.0,15961,-618,70,discharging,None,None
19:17:26.955,sequential,8.2,408.7,173.2,2.0,1086.9,59.0,2400,0.0,0.0,16004,-601,70,discharging,None,None
19:17:27.459,sequential,8.4,408.7,173.2,3.0,1086.9,59.5,2400,0.0,0.0,16009,-419,70,discharging,None,None
19:17:27.971,sequential,8.4,399.7,173.2,84.8,1087.3,63.9,2400,0.0,0.0,15971,-522,70,discharging,None,None
19:17:28.474,sequential,8.3,399.7,181.7,34.5,1087.1,60.6,2400,0.0,0.0,15988,-625,70,discharging,None,None
19:17:28.978,sequential,8.3,399.7,181.7,2.5,1086.5,59.5,2400,0.0,0.0,16008,-515,70,discharging,None,None
19:17:29.486,sequential,8.3,399.7,181.7,33.8,1086.5,61.7,2400,0.0,0.0,16013,-407,70,discharging,None,None
19:17:29.990,sequential,8.2,588.6,181.7,87.6,1086.2,63.9,2400,0.0,0.0,15964,-563,70,discharging,None,None
19:17:30.494,sequential,8.2,588.6,179.1,23.3,1086.2,59.5,2400,0.0,0.0,15999,-633,70,discharging,None,None
19:17:30.998,sequential,8.2,588.6,179.1,2.5,1086.2,59.0,2400,0.0,0.0,16007,-478,70,discharging,None,None
19:17:31.504,sequential,8.2,588.6,179.1,43.6,1086.2,63.4,2400,0.0,0.0,16011,-434,70,discharging,None,None
19:17:32.008,sequential,8.2,367.7,159.9,64.5,1085.9,61.1,2400,0.0,0.0,15961,-605,70,discharging,None,None
19:17:32.511,sequential,8.2,367.7,159.9,0.0,1085.9,59.0,2400,0.0,0.0,16006,-581,70,discharging,None,None
19:17:33.020,sequential,8.2,367.7,159.9,0.0,1085.9,58.4,2400,0.0,0.0,16009,-405,70,discharging,None,None
19:17:33.525,sequential,8.2,367.8,159.9,99.5,1085.9,64.5,2400,0.0,0.0,15967,-540,70,discharging,None,None
19:17:34.028,sequential,8.2,367.8,160.0,6.5,1085.5,59.5,2400,0.0,0.0,15996,-604,70,discharging,None,None
19:17:34.532,sequential,8.2,367.8,160.0,0.0,1085.5,59.5,1800,0.0,0.0,16008,-468,70,discharging,None,None
19:17:35.040,sequential,8.2,367.8,160.0,58.3,1085.5,63.4,2400,0.0,0.0,16011,-422,70,discharging,None,None
19:17:35.544,sequential,8.2,383.4,168.9,53.7,1085.5,59.5,2400,0.0,0.0,15959,-582,70,discharging,None,None
19:17:36.047,sequential,8.2,383.4,168.9,0.5,1085.5,59.0,2400,0.0,0.0,16006,-563,70,discharging,None,None
19:17:36.556,sequential,8.2,383.4,168.9,10.5,1085.5,60.6,2400,0.0,0.0,16010,-404,70,discharging,None,None
19:17:37.059,sequential,8.2,365.0,162.3,96.1,1086.1,62.8,2400,0.0,0.0,15963,-553,70,discharging,None,None
19:17:37.563,sequential,8.2,365.0,162.3,0.0,1086.1,59.0,2400,0.0,0.0,15997,-605,70,discharging,None,None
19:17:38.066,sequential,8.2,365.0,162.3,0.0,1086.1,59.5,2400,0.0,0.0,16009,-455,70,discharging,None,None
19:17:38.575,sequential,8.2,365.0,162.3,68.5,1086.1,63.4,2400,0.0,0.0,15993,-470,70,discharging,None,None
19:17:39.079,sequential,8.2,366.5,161.3,38.9,1085.5,60.0,2400,0.0,0.0,15965,-604,70,discharging,None,None
19:17:39.582,sequential,8.2,366.5,161.3,0.0,1085.5,58.4,2400,0.0,0.0,16006,-538,70,discharging,None,None
19:17:40.091,sequential,8.2,366.5,161.3,26.5,1085.5,60.6,2400,0.0,0.0,16009,-402,70,discharging,None,None
19:17:40.595,sequential,8.2,382.1,165.6,84.3,1085.5,61.1,2400,0.0,0.0,15963,-554,70,discharging,None,None
19:17:41.098,sequential,8.2,382.1,165.6,0.5,1085.5,59.0,2400,0.0,0.0,15999,-591,70,discharging,None,None
19:17:41.602,sequential,8.2,382.1,165.6,0.0,1085.5,58.4,2400,0.0,0.0,16008,-439,70,discharging,None,None
19:17:42.112,sequential,8.2,364.0,165.6,80.4,1085.5,62.8,2400,0.0,0.0,15977,-488,70,discharging,None,None
19:17:42.616,sequential,8.2,364.0,167.3,27.0,1085.4,59.5,2400,0.0,0.0,15976,-604,70,discharging,None,None
19:17:43.119,sequential,8.2,364.0,167.3,0.0,1085.4,59.0,2400,0.0,0.0,16007,-520,70,discharging,None,None
19:17:43.627,sequential,8.2,364.0,167.3,37.5,1085.4,63.4,2400,0.0,0.0,16010,-406,70,discharging,None,None
19:17:44.130,sequential,8.2,364.4,170.8,71.4,1085.4,60.0,2400,0.0,0.0,15959,-592,70,discharging,None,None
19:17:44.634,sequential,8.2,364.4,170.8,0.0,1085.4,59.0,2400,0.0,0.0,16003,-604,70,discharging,None,None
19:17:45.137,sequential,8.2,364.4,170.8,0.0,1085.9,58.4,2400,0.0,0.0,16009,-418,70,discharging,None,None
19:17:45.644,sequential,8.2,377.8,170.8,93.1,1085.9,62.8,2400,0.0,0.0,15977,-497,70,discharging,None,None
19:17:46.148,sequential,8.2,377.8,155.4,14.5,1085.9,59.5,2400,0.0,0.0,15993,-595,70,discharging,None,None
19:17:46.651,sequential,8.2,377.8,155.4,0.5,1085.9,59.5,2400,0.0,0.0,16007,-501,70,discharging,None,None
19:17:47.159,sequential,8.2,377.8,155.4,50.0,1085.9,62.8,2400,0.0,0.0,16008,-421,70,discharging,None,None
19:17:47.662,sequential,8.2,368.2,164.1,57.4,1085.9,60.0,2400,0.0,0.0,15961,-605,70,discharging,None,None
19:17:48.166,sequential,8.2,368.2,164.1,0.0,1085.9,59.0,2400,0.0,0.0,16004,-588,70,discharging,None,None
19:17:48.676,sequential,8.2,368.2,164.1,7.0,1085.9,60.0,2400,0.0,0.0,16007,-404,70,discharging,None,None
19:17:49.180,sequential,8.2,367.4,164.6,99.0,1086.1,63.9,2400,0.0,0.0,15965,-532,70,discharging,None,None
19:17:49.684,sequential,8.2,367.4,164.6,1.0,1086.4,59.0,2400,0.0,0.0,15995,-605,70,discharging,None,None
19:17:50.187,sequential,8.2,367.4,164.6,0.0,1086.4,59.0,2400,0.0,0.0,16006,-478,70,discharging,None,None
19:17:50.695,sequential,8.2,367.4,164.6,64.0,1086.4,62.8,2400,0.0,0.0,16010,-418,70,discharging,None,None
19:17:51.198,sequential,8.2,382.9,162.5,46.8,1086.4,59.0,2400,0.0,0.0,15961,-587,70,discharging,None,None
19:17:51.702,sequential,8.2,382.9,162.5,0.0,1086.4,58.4,2400,0.0,0.0,16005,-574,70,discharging,None,None
19:17:52.211,sequential,8.2,382.9,162.5,18.1,1085.9,60.6,2400,0.0,0.0,16007,-403,70,discharging,None,None
19:17:52.714,sequential,8.2,364.3,164.3,88.8,1085.9,62.2,2400,0.0,0.0,15962,-545,70,discharging,None,None
19:17:53.218,sequential,8.2,364.3,164.3,0.0,1085.9,59.0,2400,0.0,0.0,15995,-604,70,discharging,None,None
19:17:53.721,sequential,8.2,364.3,164.3,0.0,1085.9,59.0,2400,0.0,0.0,16006,-462,70,discharging,None,None
19:17:54.235,sequential,8.2,367.7,164.3,76.0,1085.7,63.4,2400,0.0,0.0,15996,-458,70,discharging,None,None
19:17:54.739,sequential,8.2,367.7,163.9,32.5,1085.7,60.0,2400,0.0,0.0,15957,-604,70,discharging,None,None
19:17:55.242,sequential,8.2,367.7,163.9,0.0,1086.2,59.5,2400,0.0,0.0,16003,-549,70,discharging,None,None
19:17:55.751,sequential,8.2,367.7,163.9,34.3,1086.2,62.2,2400,0.0,0.0,16007,-404,70,discharging,None,None
19:17:56.255,sequential,8.2,374.8,166.1,75.4,1086.2,60.6,2400,0.0,0.0,15961,-550,70,discharging,None,None
19:17:56.758,sequential,8.2,374.8,166.1,0.0,1086.2,59.5,2400,0.0,0.0,15995,-595,70,discharging,None,None
19:17:57.261,sequential,8.2,374.8,166.1,0.0,1085.7,59.0,2400,0.0,0.0,16007,-448,70,discharging,None,None
19:17:57.768,sequential,8.2,366.0,166.1,89.2,1085.7,64.5,2400,0.0,0.0,15986,-478,70,discharging,None,None
19:17:58.271,sequential,8.2,366.0,162.5,18.1,1085.7,60.0,2400,0.0,0.0,15969,-605,70,discharging,None,None
19:17:58.775,sequential,8.2,366.0,162.5,0.0,1085.7,58.4,2400,0.0,0.0,16005,-530,70,discharging,None,None
19:17:59.283,sequential,8.2,366.0,162.5,46.3,1085.7,63.9,2400,0.0,0.0,16007,-403,70,discharging,None,None
19:17:59.786,sequential,8.2,368.7,161.3,61.6,1085.5,60.0,2400,0.0,0.0,15957,-585,70,discharging,None,None
19:18:00.290,sequential,8.2,368.7,161.3,0.0,1085.5,59.0,2400,0.0,0.0,15998,-605,70,discharging,None,None
19:18:00.799,sequential,8.2,368.7,161.3,3.5,1085.5,58.4,1800,0.0,0.0,16005,-424,70,discharging,None,None
19:18:01.306,sequential,8.2,370.1,160.7,100.0,1085.5,63.4,2400,0.0,0.0,15974,-493,70,discharging,None,None
19:18:01.810,sequential,8.2,370.1,160.7,4.4,1085.3,59.0,2400,0.0,0.0,15986,-597,70,discharging,None,None
19:18:02.313,sequential,8.2,370.1,160.7,0.0,1085.3,59.0,2400,0.0,0.0,16005,-508,70,discharging,None,None
19:18:02.820,sequential,8.2,370.1,160.7,61.9,1085.3,65.5,2400,0.0,0.0,16006,-515,70,discharging,None,None
19:18:03.323,sequential,8.2,366.9,165.4,46.5,1085.3,59.5,2400,0.0,0.0,15993,-606,70,discharging,None,None
19:18:03.827,sequential,8.2,366.9,165.4,0.0,1085.5,59.0,2400,0.0,0.0,16003,-494,70,discharging,None,None
19:18:04.335,sequential,8.2,366.9,165.4,17.5,1085.5,61.1,2400,0.0,0.0,16007,-426,70,discharging,None,None
19:18:04.838,sequential,8.2,364.9,165.3,89.7,1085.7,61.7,2400,0.0,0.0,15958,-604,70,discharging,None,None
19:18:05.342,sequential,8.2,364.9,165.3,0.0,1085.7,59.0,2400,0.0,0.0,15994,-605,70,discharging,None,None
19:18:05.845,sequential,8.2,364.9,165.3,0.0,1086.0,59.0,1800,0.0,0.0,16006,-481,70,discharging,None,None
19:18:06.353,sequential,8.2,364.9,165.3,75.0,1085.7,62.8,2400,0.0,0.0,16010,-412,70,discharging,None,None
19:18:06.857,sequential,8.2,406.9,157.3,39.0,1085.5,59.0,2400,0.0,0.0,15964,-572,70,discharging,None,None
19:18:07.360,sequential,8.2,406.9,157.3,0.0,1085.5,59.5,2400,0.0,0.0,16003,-565,70,discharging,None,None
19:18:07.868,sequential,8.2,406.9,157.3,26.2,1085.5,61.1,2400,0.0,0.0,16006,-403,70,discharging,None,None
19:18:08.372,sequential,8.2,370.3,163.1,82.1,1085.3,61.1,2400,0.0,0.0,15963,-535,70,discharging,None,None
19:18:08.876,sequential,8.2,370.3,163.1,0.0,1085.5,59.0,2400,0.0,0.0,15993,-606,70,discharging,None,None
19:18:09.379,sequential,8.2,370.3,163.1,0.0,1085.5,58.4,2400,0.0,0.0,16004,-473,70,discharging,None,None
19:18:09.888,sequential,8.2,362.8,163.1,82.0,1085.5,63.4,2400,0.0,0.0,16002,-444,70,discharging,None,None
19:18:10.391,sequential,8.2,362.8,168.8,27.0,1085.5,59.5,2400,0.0,0.0,15955,-604,70,discharging,None,None
19:18:10.895,sequential,8.2,362.8,168.8,0.0,1085.3,58.4,2400,0.0,0.0,16002,-563,70,discharging,None,None
19:18:11.403,sequential,8.2,362.8,168.8,39.3,1085.3,62.8,2400,0.0,0.0,16005,-404,70,discharging,None,None
19:18:11.907,sequential,8.2,374.5,166.4,70.9,1085.3,60.6,2400,0.0,0.0,15962,-536,70,discharging,None,None
19:18:12.410,sequential,8.2,374.5,166.4,0.0,1085.3,59.0,2400,0.0,0.0,15991,-590,70,discharging,None,None
19:18:12.914,sequential,8.2,374.5,166.4,0.0,1085.3,57.9,2400,0.0,0.0,16004,-458,70,discharging,None,None
19:18:13.420,sequential,8.2,366.4,166.4,93.6,1085.3,63.4,2400,0.0,0.0,15992,-464,70,discharging,None,None
19:18:13.924,sequential,8.2,366.4,166.2,14.0,1085.3,59.5,2400,0.0,0.0,15956,-604,70,discharging,None,None
19:18:14.427,sequential,8.2,366.4,166.2,0.0,1086.0,58.4,2400,0.0,0.0,16001,-544,70,discharging,None,None
19:18:14.935,sequential,8.2,366.4,166.2,50.5,1086.6,62.8,2400,0.0,0.0,16005,-403,70,discharging,None,None
19:18:15.438,sequential,8.2,369.3,161.1,57.4,1086.6,59.5,2400,0.0,0.0,15955,-569,70,discharging,None,None
19:18:15.942,sequential,8.2,369.3,161.1,0.0,1086.7,58.4,2400,0.0,0.0,15994,-605,70,discharging,None,None
19:18:16.451,sequential,1563.5,369.3,161.1,9.5,1086.7,59.5,1800,0.0,0.0,16002,-441,70,discharging,None,None
19:18:16.955,sequential,1563.5,410.3,161.1,99.5,1086.7,63.4,2400,0.0,0.0,15979,-481,70,discharging,None,None
19:18:17.459,sequential,8.7,410.3,175.9,13.4,1086.4,59.0,2400,0.0,0.0,15954,-618,70,discharging,None,None
19:18:17.963,sequential,8.7,410.3,175.9,1.5,1086.2,59.0,2400,0.0,0.0,16000,-546,70,discharging,None,None
19:18:18.471,sequential,8.2,410.3,175.9,55.0,1087.3,63.4,2400,0.0,0.0,16003,-415,70,discharging,None,None
19:18:18.974,sequential,8.2,407.3,172.6,64.9,1088.5,60.0,2400,0.0,0.0,15953,-584,70,discharging,None,None
19:18:19.478,sequential,8.2,407.3,172.6,2.0,1088.5,58.4,2400,0.0,0.0,15987,-641,70,discharging,None,None
19:18:19.986,sequential,8.4,407.3,172.6,3.0,1088.3,59.0,2400,0.0,0.0,15999,-480,70,discharging,None,None
19:18:20.496,sequential,8.4,419.4,172.6,99.5,1091.1,63.4,2400,0.0,0.0,15986,-488,70,discharging,None,None
19:18:20.999,sequential,8.3,419.4,176.1,21.2,1091.1,59.0,2400,0.0,0.0,15953,-637,70,discharging,None,None
19:18:21.503,sequential,8.3,419.4,176.1,2.0,1091.1,59.5,1800,0.0,0.0,15999,-570,70,discharging,None,None
19:18:22.007,sequential,8.2,419.4,176.1,47.5,1091.1,62.8,2400,0.0,0.0,16003,-406,70,discharging,None,None
19:18:22.511,sequential,8.2,434.2,176.1,77.3,1090.9,60.6,2400,0.0,0.0,15961,-528,70,discharging,None,None
19:18:23.015,sequential,8.2,434.2,176.1,2.0,1089.2,60.0,2400,0.0,0.0,15990,-611,70,discharging,None,None
19:18:23.518,sequential,8.4,434.2,176.1,2.5,1089.2,58.4,2400,0.0,0.0,16001,-489,70,discharging,None,None
19:18:24.027,sequential,8.4,405.4,176.1,87.1,1089.2,62.8,2400,0.0,0.0,16002,-441,70,discharging,None,None
19:18:24.531,sequential,8.3,405.4,171.0,31.9,1088.3,60.0,2400,0.0,0.0,15955,-622,70,discharging,None,None
19:18:25.034,sequential,8.3,405.4,171.0,2.0,1088.1,59.5,2400,0.0,0.0,16000,-495,70,discharging,None,None
19:18:25.543,sequential,8.3,405.4,171.0,36.7,1088.7,61.7,2400,0.0,0.0,16003,-436,70,discharging,None,None
19:18:26.046,sequential,8.2,397.4,182.9,82.4,1087.7,61.7,2400,0.0,0.0,15954,-617,70,discharging,None,None
19:18:26.550,sequential,8.2,397.4,182.9,2.0,1087.7,59.5,2400,0.0,0.0,15997,-599,70,discharging,None,None
19:18:27.053,sequential,8.4,397.4,182.9,11.4,1087.6,58.4,2400,0.0,0.0,15996,-425,70,discharging,None,None
19:18:27.560,sequential,8.4,405.4,182.9,82.7,1087.6,63.9,2400,0.0,0.0,15963,-530,70,discharging,None,None
19:18:28.063,sequential,7.9,405.4,173.7,36.8,1086.5,59.5,2400,0.0,0.0,15979,-623,70,discharging,None,None
19:18:28.567,sequential,7.9,405.4,173.7,2.0,1086.5,59.5,2400,0.0,0.0,15999,-514,70,discharging,None,None
19:18:29.075,sequential,7.9,405.4,173.7,31.7,1086.4,62.2,2400,0.0,0.0,16000,-424,70,discharging,None,None
19:18:29.578,sequential,8.2,397.7,184.6,88.6,1086.4,62.2,2400,0.0,0.0,15951,-604,70,discharging,None,None
19:18:30.082,sequential,8.2,397.7,184.6,2.5,1086.4,59.0,2400,0.0,0.0,15993,-612,70,discharging,None,None
19:18:30.585,sequential,8.4,397.7,184.6,2.5,1086.4,57.9,2400,0.0,0.0,16000,-432,70,discharging,None,None
19:18:31.093,sequential,8.4,397.7,184.6,77.3,1086.9,63.9,2400,0.0,0.0,15965,-507,70,discharging,None,None
19:18:31.597,sequential,8.4,403.1,185.6,43.5,1086.7,59.5,2400,0.0,0.0,15966,-625,70,discharging,None,None
19:18:32.100,sequential,8.3,403.1,185.6,3.5,1086.7,58.4,1500,0.0,0.0,15998,-532,70,discharging,None,None
19:18:32.608,sequential,8.3,403.1,185.6,25.1,1086.7,60.0,1900,0.0,0.0,16006,-392,70,discharging,None,None
19:18:33.111,sequential,8.3,413.6,185.2,99.0,1086.7,63.4,2400,0.0,0.0,15954,-545,70,discharging,None,None
19:18:33.615,sequential,8.3,413.6,185.2,2.5,1086.2,59.0,2400,0.0,0.0,15988,-610,70,discharging,None,None
19:18:34.118,sequential,8.4,413.6,185.2,2.5,1086.2,58.4,2400,0.0,0.0,15999,-456,70,discharging,None,None
19:18:34.627,sequential,8.4,413.6,185.2,66.5,1086.2,63.4,2400,0.0,0.0,15979,-482,70,discharging,None,None
19:18:35.130,sequential,8.4,398.4,179.4,52.5,1086.7,60.0,2400,0.0,0.0,15951,-623,70,discharging,None,None
19:18:35.634,sequential,8.3,398.4,179.4,2.5,1087.8,59.5,2400,0.0,0.0,15998,-553,70,discharging,None,None
19:18:36.145,sequential,8.3,398.4,179.4,15.8,1088.3,60.6,2400,0.0,0.0,16001,-413,70,discharging,None,None
19:18:36.649,sequential,8.3,397.6,175.3,100.0,1088.3,63.9,2400,0.0,0.0,15955,-567,70,discharging,None,None
19:18:37.153,sequential,8.3,397.6,175.3,5.4,1089.7,59.5,2400,0.0,0.0,15987,-622,70,discharging,None,None
19:18:37.656,sequential,8.4,397.6,175.3,2.0,1089.7,59.0,2400,0.0,0.0,16000,-468,70,discharging,None,None
19:18:38.164,sequential,8.4,397.6,175.3,62.4,1089.0,62.8,2400,0.0,0.0,15998,-440,70,discharging,None,None
19:18:38.667,sequential,8.4,429.9,169.6,59.5,1089.0,60.0,2400,0.0,0.0,15953,-603,70,discharging,None,None
19:18:39.171,sequential,8.3,429.9,169.6,10.9,1087.5,59.5,2400,0.0,0.0,15992,-587,70,discharging,None,None
19:18:39.681,sequential,8.3,429.9,169.6,8.5,1088.5,60.0,2400,0.0,0.0,16000,-424,70,discharging,None,None
19:18:40.185,sequential,7.9,398.1,169.6,99.5,1088.7,64.5,2400,0.0,0.0,15957,-552,70,discharging,None,None
19:18:40.689,sequential,7.9,398.1,182.9,13.4,1088.7,60.0,2400,0.0,0.0,15988,-624,70,discharging,None,None
19:18:41.192,sequential,7.9,398.1,182.9,2.5,1088.3,59.5,2400,0.0,0.0,15997,-486,70,discharging,None,None
19:18:41.700,sequential,8.4,398.1,182.9,55.4,1088.3,62.2,2400,0.0,0.0,16000,-448,70,discharging,None,None
19:18:42.204,sequential,8.4,400.4,184.0,65.0,1086.9,60.6,2400,0.0,0.0,15953,-625,70,discharging,None,None
19:18:42.707,sequential,8.3,400.4,184.0,2.0,1086.9,59.5,2400,0.0,0.0,15995,-592,70,discharging,None,None
19:18:43.212,sequential,8.3,400.4,184.0,4.0,1086.9,59.0,1600,0.0,0.0,15999,-413,70,discharging,None,None
19:18:43.720,sequential,8.3,407.1,184.0,99.5,1086.9,63.4,2400,0.0,0.0,15958,-516,70,discharging,None,None
19:18:44.223,sequential,8.3,407.1,175.0,19.9,1086.9,60.0,2400,0.0,0.0,15984,-609,70,discharging,None,None
19:18:44.727,sequential,8.3,407.1,175.0,2.5,1086.9,59.0,2400,0.0,0.0,15998,-505,70,discharging,None,None
19:18:45.235,sequential,8.4,407.1,175.0,47.5,1086.9,63.4,2400,0.0,0.0,15999,-430,70,discharging,None,None
19:18:45.738,sequential,8.4,408.5,172.9,72.1,1086.9,60.0,2400,0.0,0.0,15951,-613,70,discharging,None,None
19:18:46.242,sequential,8.3,408.5,172.9,2.5,1086.9,59.5,2400,0.0,0.0,15993,-608,70,discharging,None,None
19:18:46.745,sequential,8.3,408.5,172.9,2.5,1087.3,58.4,2400,0.0,0.0,15998,-425,70,discharging,None,None
19:18:47.252,sequential,8.3,410.5,172.9,93.6,1087.7,63.9,2400,0.0,0.0,15962,-514,70,discharging,None,None
19:18:47.756,sequential,8.3,410.5,178.5,27.0,1087.8,60.0,2400,0.0,0.0,15969,-627,70,discharging,None,None
19:18:48.259,sequential,8.3,410.5,178.5,3.5,1087.1,58.4,2400,0.0,0.0,15997,-526,70,discharging,None,None
19:18:48.767,sequential,8.4,410.5,178.5,40.2,1087.5,62.2,2400,0.0,0.0,16003,-404,70,discharging,None,None
19:18:49.271,sequential,8.4,427.2,177.2,83.8,1087.5,61.1,2400,0.0,0.0,15953,-563,70,discharging,None,None
19:18:49.774,sequential,8.3,427.2,177.2,2.5,1087.5,59.0,2400,0.0,0.0,15987,-612,70,discharging,None,None
19:18:50.278,sequential,8.3,427.2,177.2,2.5,1087.3,59.0,2400,0.0,0.0,15997,-452,70,discharging,None,None
19:18:50.791,sequential,8.3,407.3,177.2,82.1,1087.3,63.4,2400,0.0,0.0,15971,-487,70,discharging,None,None
19:18:51.295,sequential,8.3,407.3,347.0,50.7,1086.6,60.0,2400,0.0,0.0,15946,-640,70,discharging,None,None
19:18:51.798,sequential,8.3,407.3,347.0,2.5,1086.6,59.5,2400,0.0,0.0,15993,-568,70,discharging,None,None
19:18:52.302,sequential,7.6,407.3,347.0,2.0,1086.4,58.4,2400,0.0,0.0,15997,-416,70,discharging,None,None
19:18:52.810,sequential,7.6,408.8,347.0,94.1,1086.4,63.9,2400,0.0,0.0,15963,-508,70,discharging,None,None
19:18:53.314,sequential,7.6,408.8,175.9,26.1,1086.0,60.0,2400,0.0,0.0,15961,-625,70,discharging,None,None
19:18:53.818,sequential,8.3,408.8,175.9,2.5,1085.5,58.4,1900,0.0,0.0,15995,-531,70,discharging,None,None
19:18:54.324,sequential,8.3,408.8,175.9,43.6,1085.5,62.2,2400,0.0,0.0,16002,-399,70,discharging,None,None
19:18:54.828,sequential,8.3,423.5,171.4,79.6,1085.5,60.6,2400,0.0,0.0,15953,-559,70,discharging,None,None
19:18:55.332,sequential,8.3,423.5,171.4,2.5,1086.4,59.5,2400,0.0,0.0,15986,-615,70,discharging,None,None
19:18:55.835,sequential,8.3,423.5,171.4,3.0,1086.4,59.0,2400,0.0,0.0,15997,-455,70,discharging,None,None
19:18:56.345,sequential,8.3,412.0,171.4,86.1,1086.8,62.8,2400,0.0,0.0,15973,-485,70,discharging,None,None
19:18:56.849,sequential,8.3,412.0,169.8,33.5,1087.1,59.5,2400,0.0,0.0,15950,-624,70,discharging,None,None
19:18:57.352,sequential,8.3,412.0,169.8,2.5,1087.1,60.0,2400,0.0,0.0,15993,-552,70,discharging,None,None
19:18:57.860,sequential,8.3,412.0,169.8,36.0,1087.1,62.8,2400,0.0,0.0,15997,-413,70,discharging,None,None
19:18:58.363,sequential,8.3,397.6,177.5,83.5,1087.1,61.7,2400,0.0,0.0,15952,-570,70,discharging,None,None
19:18:58.867,sequential,8.3,397.6,177.5,2.5,1086.4,59.5,2400,0.0,0.0,15985,-624,70,discharging,None,None
19:18:59.370,sequential,8.3,397.6,177.5,2.5,1086.4,59.0,1600,0.0,0.0,15996,-466,70,discharging,None,None
19:18:59.878,sequential,8.4,413.7,177.5,81.7,1086.4,63.4,2400,0.0,0.0,15993,-444,70,discharging,None,None
19:19:00.383,sequential,8.4,413.7,180.5,41.4,1086.2,60.0,2400,0.0,0.0,15947,-603,70,discharging,None,None
19:19:00.886,sequential,8.3,413.7,180.5,2.5,1086.2,59.5,2400,0.0,0.0,15994,-572,70,discharging,None,None
19:19:01.395,sequential,8.3,413.7,180.5,26.6,1086.2,61.7,2400,0.0,0.0,15996,-413,70,discharging,None,None
19:19:01.899,sequential,8.3,398.3,183.2,91.2,1085.9,62.8,2400,0.0,0.0,15955,-554,70,discharging,None,None
19:19:02.402,sequential,8.3,398.3,183.2,2.5,1085.9,59.0,2400,0.0,0.0,15984,-625,70,discharging,None,None
19:19:02.906,sequential,8.3,398.3,183.2,4.9,1085.7,59.0,2400,0.0,0.0,15994,-483,70,discharging,None,None
19:19:03.415,sequential,8.4,398.3,183.2,53.0,1086.3,63.4,2400,0.0,0.0,15994,-422,70,discharging,None,None
19:19:03.918,sequential,8.4,402.6,176.0,77.3,1086.3,60.6,2400,0.0,0.0,15947,-585,70,discharging,None,None
19:19:04.422,sequential,7.9,402.6,176.0,2.0,1086.3,59.5,2400,0.0,0.0,15982,-628,70,discharging,None,None
19:19:04.926,sequential,7.9,402.6,176.0,2.5,1086.6,57.9,1600,0.0,0.0,15995,-462,70,discharging,None,None
19:19:05.439,sequential,7.9,418.9,176.0,87.7,1086.6,62.8,2400,0.0,0.0,15994,-442,70,discharging,None,None
19:19:05.942,sequential,8.3,418.9,179.3,33.5,1085.9,59.5,2400,0.0,0.0,15947,-600,70,discharging,None,None
19:19:06.446,sequential,8.3,418.9,179.3,1.5,1085.9,59.0,2400,0.0,0.0,15993,-569,70,discharging,None,None
19:19:06.955,sequential,8.4,418.9,179.3,33.8,1085.9,63.4,2400,0.0,0.0,15995,-413,70,discharging,None,None
19:19:07.458,sequential,8.4,412.6,174.4,86.6,1085.9,60.6,2400,0.0,0.0,15953,-556,70,discharging,None,None
19:19:07.962,sequential,8.3,412.6,174.4,2.0,1085.2,59.5,2400,0.0,0.0,15984,-627,70,discharging,None,None
19:19:08.465,sequential,8.3,412.6,174.4,2.0,1086.4,59.0,2400,0.0,0.0,15994,-484,70,discharging,None,None
19:19:08.973,sequential,8.3,412.6,174.4,78.7,1086.6,63.4,2400,0.0,0.0,15994,-450,70,discharging,None,None
19:19:09.477,sequential,8.3,414.7,176.4,42.5,1086.6,59.5,2400,0.0,0.0,15949,-625,70,discharging,None,None
19:19:09.980,sequential,8.3,414.7,176.4,1.5,1086.6,59.0,2400,0.0,0.0,15991,-590,70,discharging,None,None
19:19:10.488,sequential,8.3,414.7,176.4,26.1,1086.6,60.6,2400,0.0,0.0,15994,-412,70,discharging,None,None
19:19:10.991,sequential,8.3,433.5,173.4,98.0,1086.6,65.0,2400,0.0,0.0,15956,-504,70,discharging,None,None
19:19:11.495,sequential,8.4,433.5,173.4,2.0,1085.9,59.0,2400,0.0,0.0,15974,-607,70,discharging,None,None
19:19:11.999,sequential,8.4,433.5,173.4,2.0,1085.9,59.0,2400,0.0,0.0,15993,-513,70,discharging,None,None
19:19:12.507,sequential,8.4,433.5,173.4,66.0,1085.9,65.0,2400,0.0,0.0,15995,-425,70,discharging,None,None
19:19:13.010,sequential,8.3,397.9,178.8,52.5,1085.9,60.6,2400,0.0,0.0,15945,-607,70,discharging,None,None
19:19:13.514,sequential,8.3,397.9,178.8,2.0,1085.9,59.0,2400,0.0,0.0,15988,-612,70,discharging,None,None
19:19:14.023,sequential,8.3,397.9,178.8,15.0,1085.2,61.1,2400,0.0,0.0,15995,-430,70,discharging,None,None
19:19:14.527,sequential,8.3,396.0,177.4,100.0,1085.2,64.5,2400,0.0,0.0,15958,-510,70,discharging,None,None
19:19:15.031,sequential,8.3,396.0,177.4,4.0,1085.5,60.0,2400,0.0,0.0,15966,-624,70,discharging,None,None
19:19:15.534,sequential,8.3,396.0,177.4,10.9,1085.5,59.0,2400,0.0,0.0,15991,-536,70,discharging,None,None
19:19:16.043,sequential,8.3,396.0,177.4,62.3,1086.2,63.4,2400,0.0,0.0,15994,-419,70,discharging,None,None
19:19:16.547,sequential,7.9,426.5,174.9,60.6,1086.2,60.0,2400,0.0,0.0,15948,-573,70,discharging,None,None
19:19:17.050,sequential,7.9,426.5,174.9,1.5,1085.9,59.0,2400,0.0,0.0,15984,-614,70,discharging,None,None
19:19:17.556,sequential,7.9,426.5,174.9,7.0,1085.9,60.0,2400,0.0,0.0,15993,-412,70,discharging,None,None
19:19:18.064,sequential,8.3,413.9,174.9,99.5,1085.9,63.9,2400,0.0,0.0,15944,-577,70,discharging,None,None
19:19:18.567,sequential,8.3,413.9,175.6,14.6,1085.2,59.5,2400,0.0,0.0,15981,-627,70,discharging,None,None
19:19:19.071,sequential,8.4,413.9,175.6,2.0,1085.5,59.0,2400,0.0,0.0,15992,-462,70,discharging,None,None
19:19:19.579,sequential,8.4,413.9,175.6,52.0,1085.5,62.8,2400,0.0,0.0,15978,-477,70,discharging,None,None
19:19:20.083,sequential,8.3,410.2,168.3,66.5,1085.5,61.1,2400,0.0,0.0,15944,-624,70,discharging,None,None
19:19:20.587,sequential,8.3,410.2,168.3,2.5,1085.5,59.5,2400,0.0,0.0,15990,-561,70,discharging,None,None
19:19:21.091,sequential,8.3,410.2,168.3,2.5,1085.2,59.0,1600,0.0,0.0,15996,-406,70,discharging,None,None
19:19:21.599,sequential,8.3,410.9,168.3,99.0,1086.0,63.9,2400,0.0,0.0,15953,-537,70,discharging,None,None
19:19:22.103,sequential,8.3,410.9,180.4,22.7,1086.2,59.0,2400,0.0,0.0,15981,-609,70,discharging,None,None
19:19:22.607,sequential,8.4,410.9,180.4,2.0,1086.2,59.5,2400,0.0,0.0,15992,-478,70,discharging,None,None
19:19:23.115,sequential,8.4,410.9,180.4,45.3,1086.2,62.8,2400,0.0,0.0,15989,-456,70,discharging,None,None
19:19:23.618,sequential,8.3,398.5,186.0,74.9,1086.2,61.1,2400,0.0,0.0,15948,-625,70,discharging,None,None
19:19:24.122,sequential,8.3,398.5,186.0,1.5,1086.9,60.0,2400,0.0,0.0,15990,-581,70,discharging,None,None
19:19:24.626,sequential,8.3,398.5,186.0,1.5,1086.9,58.4,2400,0.0,0.0,15992,-414,70,discharging,None,None
19:19:25.133,sequential,8.3,398.3,186.0,91.1,1086.9,63.9,2400,0.0,0.0,15952,-547,70,discharging,None,None
19:19:25.636,sequential,8.3,398.3,167.5,26.0,1086.9,60.0,2400,0.0,0.0,15980,-622,70,discharging,None,None
19:19:26.140,sequential,8.4,398.3,167.5,1.5,1086.6,58.4,2400,0.0,0.0,15991,-488,70,discharging,None,None
19:19:26.647,sequential,8.4,398.3,167.5,41.5,1086.6,62.8,2400,0.0,0.0,15997,-418,70,discharging,None,None
19:19:27.150,sequential,8.4,427.9,179.8,81.7,1086.6,61.1,2400,0.0,0.0,15948,-601,70,discharging,None,None
19:19:27.654,sequential,8.3,427.9,179.8,10.5,1086.6,60.0,2400,0.0,0.0,15986,-611,70,discharging,None,None
19:19:28.157,sequential,8.3,427.9,179.8,2.0,1086.4,59.0,2400,0.0,0.0,15991,-428,70,discharging,None,None
19:19:28.667,sequential,7.9,399.0,179.8,82.8,1086.4,63.9,2400,0.0,0.0,15954,-525,70,discharging,None,None
19:19:29.170,sequential,7.9,399.0,179.1,36.6,1085.9,60.0,2400,0.0,0.0,15973,-625,70,discharging,None,None
19:19:29.674,sequential,8.4,399.0,179.1,1.5,1086.9,59.5,2400,0.0,0.0,15991,-513,70,discharging,None,None
19:19:30.183,sequential,8.4,399.0,179.1,31.8,1086.9,61.7,2400,0.0,0.0,15994,-426,70,discharging,None,None
19:19:30.686,sequential,8.4,399.2,182.4,87.2,1086.9,62.2,2400,0.0,0.0,15944,-605,70,discharging,None,None
19:19:31.190,sequential,8.3,399.2,182.4,2.5,1086.9,59.0,2400,0.0,0.0,15987,-610,70,discharging,None,None
19:19:31.694,sequential,8.3,399.2,182.4,3.0,1086.9,58.4,1600,0.0,0.0,15993,-429,70,discharging,None,None
19:19:32.200,sequential,8.3,399.2,182.4,76.7,1086.2,62.8,2400,0.0,0.0,15965,-486,70,discharging,None,None
19:19:32.704,sequential,8.3,408.8,176.1,42.8,1086.2,60.0,2400,0.0,0.0,15957,-606,70,discharging,None,None
19:19:33.208,sequential,8.3,408.8,176.1,2.5,1086.2,59.0,2400,0.0,0.0,15989,-532,70,discharging,None,None
19:19:33.714,sequential,8.4,408.8,176.1,25.6,1086.2,62.2,2400,0.0,0.0,15991,-413,70,discharging,None,None
19:19:34.217,sequential,8.4,404.4,171.3,94.5,1086.2,62.8,2400,0.0,0.0,15943,-589,70,discharging,None,None
19:19:34.721,sequential,8.3,404.4,171.3,2.5,1086.2,59.5,2400,0.0,0.0,15981,-624,70,discharging,None,None
19:19:35.224,sequential,8.3,404.4,171.3,1.5,1086.9,59.5,2400,0.0,0.0,15990,-448,70,discharging,None,None
19:19:35.732,sequential,8.3,404.4,171.3,71.9,1086.9,64.5,2400,0.0,0.0,15961,-493,70,discharging,None,None
19:19:36.235,sequential,8.3,396.4,181.1,46.8,1087.0,60.0,2400,0.0,0.0,15949,-622,70,discharging,None,None
19:19:36.739,sequential,8.3,396.4,181.1,3.5,1087.0,59.5,2400,0.0,0.0,15987,-543,70,discharging,None,None
19:19:37.248,sequential,8.4,396.4,181.1,20.5,1086.6,60.6,1600,0.0,0.0,15995,-405,70,discharging,None,None
19:19:37.752,sequential,8.4,413.0,184.8,99.0,1086.6,64.5,2400,0.0,0.0,15948,-549,70,discharging,None,None
19:19:38.256,sequential,8.3,413.0,184.8,5.0,1086.5,59.5,2400,0.0,0.0,15979,-611,70,discharging,None,None
19:19:38.760,sequential,8.3,413.0,184.8,2.0,1086.5,59.0,2400,0.0,0.0,15991,-466,70,discharging,None,None
19:19:39.528,sequential,8.3,583.7,184.8,66.7,1086.8,60.6,2400,0.0,0.0,15946,-563,70,discharging,None,None
19:19:40.031,sequential,8.3,583.7,179.8,38.8,1086.5,59.5,2400,0.0,0.0,15957,-648,70,discharging,None,None
19:19:40.535,sequential,8.3,583.7,179.8,2.0,1086.5,59.0,2400,0.0,0.0,15989,-498,70,discharging,None,None
19:19:41.043,sequential,7.6,583.7,179.8,26.1,1086.1,62.2,2400,0.0,0.0,15990,-412,70,discharging,None,None
19:19:41.546,sequential,7.6,418.9,168.3,93.7,1085.9,63.4,2400,0.0,0.0,15942,-579,70,discharging,None,None
19:19:42.050,sequential,8.3,418.9,168.3,2.5,1085.6,59.5,2400,0.0,0.0,15978,-627,70,discharging,None,None
19:19:42.554,sequential,8.3,418.9,168.3,2.5,1087.1,57.9,1600,0.0,0.0,15991,-456,70,discharging,None,None
19:19:43.061,sequential,8.3,418.9,168.3,71.6,1088.8,62.8,2400,0.0,0.0,15986,-424,70,discharging,None,None
19:19:43.564,sequential,8.3,451.3,173.0,56.7,1089.9,60.6,2400,0.0,0.0,15944,-588,70,discharging,None,None
19:19:44.068,sequential,8.3,451.3,173.0,3.0,1089.6,59.0,2400,0.0,0.0,15988,-573,70,discharging,None,None
19:19:44.577,sequential,8.4,451.3,173.0,11.8,1089.6,60.6,2400,0.0,0.0,15989,-413,70,discharging,None,None
19:19:45.081,sequential,8.4,413.8,173.0,99.5,1089.6,63.9,2400,0.0,0.0,15949,-551,70,discharging,None,None
19:19:45.585,sequential,8.3,413.8,174.9,11.9,1088.6,60.0,2400,0.0,0.0,15977,-627,70,discharging,None,None
19:19:46.089,sequential,8.3,413.8,174.9,2.5,1088.0,59.0,2400,0.0,0.0,15990,-489,70,discharging,None,None
19:19:46.596,sequential,8.3,413.8,174.9,57.1,1088.0,63.4,2400,0.0,0.0,15990,-444,70,discharging,None,None
19:19:47.099,sequential,8.3,412.7,175.4,64.9,1088.2,60.6,2400,0.0,0.0,15944,-625,70,discharging,None,None
19:19:47.603,sequential,8.3,412.7,175.4,2.5,1088.5,59.0,2400,0.0,0.0,15986,-597,70,discharging,None,None
19:19:48.109,sequential,8.4,412.7,175.4,3.0,1087.3,58.4,1500,0.0,0.0,15990,-412,70,discharging,None,None
19:19:48.615,sequential,8.4,423.9,175.4,99.5,1087.3,64.5,2400,0.0,0.0,15958,-499,70,discharging,None,None
19:19:49.119,sequential,8.3,423.9,174.6,22.0,1086.8,59.5,2400,0.0,0.0,15969,-605,70,discharging,None,None
19:19:49.622,sequential,8.3,423.9,174.6,2.5,1087.0,59.0,2400,0.0,0.0,15988,-515,70,discharging,None,None
19:19:50.131,sequential,8.3,423.9,174.6,45.8,1087.0,62.2,2400,0.0,0.0,15989,-424,70,discharging,None,None
19:19:50.635,sequential,8.3,404.3,177.3,74.0,1087.3,61.1,2400,0.0,0.0,15940,-604,70,discharging,None,None
19:19:51.138,sequential,8.3,404.3,177.3,2.5,1086.6,59.5,2400,0.0,0.0,15982,-615,70,discharging,None,None
19:19:51.642,sequential,8.4,404.3,177.3,10.9,1086.6,59.0,2400,0.0,0.0,15990,-439,70,discharging,None,None
19:19:52.151,sequential,8.4,410.8,177.3,91.0,1086.6,63.4,2400,0.0,0.0,15954,-517,69,discharging,None,None
19:19:52.655,sequential,7.9,410.8,173.8,29.4,1086.3,60.0,2400,0.0,0.0,15952,-632,69,discharging,None,None
19:19:53.158,sequential,7.9,410.8,173.8,2.0,1085.9,59.5,2400,0.0,0.0,15986,-533,69,discharging,None,None
19:19:53.667,sequential,7.9,410.8,173.8,39.8,1085.9,60.6,2400,0.0,0.0,15992,-404,69,discharging,None,None
19:19:54.170,sequential,8.3,421.2,174.0,82.8,1085.7,61.1,2400,0.0,0.0,15943,-565,69,discharging,None,None
19:19:54.674,sequential,8.3,421.2,174.0,2.5,1085.7,60.0,2400,0.0,0.0,15976,-618,69,discharging,None,None
19:19:55.177,sequential,8.3,421.2,174.0,3.0,1087.0,59.0,2400,0.0,0.0,15987,-457,69,discharging,None,None
19:19:55.690,sequential,8.3,413.5,174.0,82.6,1087.0,63.9,2400,0.0,0.0,15969,-483,69,discharging,None,None
19:19:56.194,sequential,8.3,413.5,171.9,38.0,1087.5,59.5,2400,0.0,0.0,15939,-626,69,discharging,None,None
19:19:56.697,sequential,8.3,413.5,171.9,2.0,1087.9,59.0,2400,0.0,0.0,15984,-556,69,discharging,None,None
19:19:57.204,sequential,8.3,413.5,171.9,32.4,1088.0,62.8,2400,0.0,0.0,15989,-414,69,discharging,None,None
19:19:57.707,sequential,8.3,403.5,167.7,86.6,1088.0,61.7,2400,0.0,0.0,15942,-568,69,discharging,None,None
19:19:58.211,sequential,8.3,403.5,167.7,2.5,1087.3,59.5,2400,0.0,0.0,15975,-623,69,discharging,None,None
19:19:58.715,sequential,8.3,403.5,167.7,2.5,1087.3,57.9,1600,0.0,0.0,15987,-469,69,discharging,None,None
19:19:59.223,sequential,8.3,403.5,167.7,79.1,1087.1,63.9,2400,0.0,0.0,15982,-452,69,discharging,None,None
19:19:59.726,sequential,8.3,407.6,175.8,41.2,1087.1,59.5,2400,0.0,0.0,15940,-609,69,discharging,None,None
19:20:00.230,sequential,8.3,407.6,175.8,3.0,1086.7,59.0,2400,0.0,0.0,15985,-570,69,discharging,None,None
19:20:00.739,sequential,8.3,407.6,175.8,27.2,1086.7,61.7,2400,0.0,0.0,15988,-413,69,discharging,None,None
19:20:01.242,sequential,8.3,399.2,186.7,91.6,1086.4,62.8,2400,0.0,0.0,15945,-555,69,discharging,None,None
19:20:01.746,sequential,8.3,399.2,186.7,2.5,1086.4,59.0,2400,0.0,0.0,15977,-623,69,discharging,None,None
19:20:02.249,sequential,8.3,399.2,186.7,2.5,1086.4,60.0,2400,0.0,0.0,15986,-480,69,discharging,None,None
19:20:02.755,sequential,8.3,399.2,186.7,72.9,1086.4,64.5,2400,0.0,0.0,15988,-452,69,discharging,None,None
19:20:03.259,sequential,8.3,401.2,170.8,46.3,1086.4,60.0,2400,0.0,0.0,15943,-622,69,discharging,None,None
19:20:03.762,sequential,8.3,401.2,170.8,10.9,1086.4,59.5,2400,0.0,0.0,15986,-589,69,discharging,None,None
19:20:04.271,sequential,8.3,401.2,170.8,22.4,1086.4,59.5,1900,0.0,0.0,15988,-420,69,discharging,None,None
19:20:04.774,sequential,7.9,416.6,177.3,99.0,1086.4,63.9,2400,0.0,0.0,15952,-521,69,discharging,None,None
19:20:05.278,sequential,7.9,416.6,177.3,4.0,1086.6,60.0,2400,0.0,0.0,15976,-606,69,discharging,None,None
19:20:05.781,sequential,7.9,416.6,177.3,2.5,1086.6,59.0,2400,0.0,0.0,15986,-500,69,discharging,None,None
19:20:06.293,sequential,8.4,416.6,177.3,66.0,1086.4,64.5,2400,0.0,0.0,15988,-436,69,discharging,None,None
19:20:06.797,sequential,8.4,402.1,183.5,54.7,1086.4,60.6,2400,0.0,0.0,15939,-618,69,discharging,None,None
19:20:07.300,sequential,8.3,402.1,183.5,2.5,1085.9,59.5,2400,0.0,0.0,15982,-604,69,discharging,None,None
19:20:07.808,sequential,8.3,402.1,183.5,15.2,1087.8,60.6,2400,0.0,0.0,15986,-422,69,discharging,None,None
19:20:08.311,sequential,8.3,399.3,168.9,100.0,1087.8,65.0,2400,0.0,0.0,15949,-520,69,discharging,None,None
19:20:08.815,sequential,8.3,399.3,168.9,6.5,1087.8,60.0,2400,0.0,0.0,15965,-623,69,discharging,None,None
19:20:09.319,sequential,8.3,399.3,168.9,2.5,1087.8,58.4,1800,0.0,0.0,15984,-517,69,discharging,None,None
19:20:09.827,sequential,8.3,399.3,168.9,60.2,1087.8,63.9,2400,0.0,0.0,15991,-410,69,discharging,None,None
19:20:10.330,sequential,8.3,423.1,174.8,61.6,1087.3,60.6,2400,0.0,0.0,15940,-578,69,discharging,None,None
19:20:10.834,sequential,8.4,423.1,174.8,2.5,1086.9,59.5,2400,0.0,0.0,15977,-608,69,discharging,None,None
19:20:11.347,sequential,8.4,423.1,174.8,7.0,1086.9,60.0,2400,0.0,0.0,15985,-439,69,discharging,None,None
19:20:11.851,sequential,8.4,412.0,174.8,99.5,1086.9,63.9,2400,0.0,0.0,15952,-502,69,discharging,None,None
19:20:12.355,sequential,8.3,412.0,170.8,19.2,1086.9,60.0,2400,0.0,0.0,15949,-626,69,discharging,None,None
19:20:12.859,sequential,8.3,412.0,170.8,4.4,1086.5,59.0,2400,0.0,0.0,15983,-537,69,discharging,None,None
19:20:13.369,sequential,8.3,412.0,170.8,53.5,1086.5,62.8,2400,0.0,0.0,15987,-412,69,discharging,None,None
19:20:13.872,sequential,8.3,401.2,177.1,65.2,1086.4,60.6,2400,0.0,0.0,15938,-583,69,discharging,None,None
19:20:14.376,sequential,8.4,401.2,177.1,1.5,1086.4,60.0,2400,0.0,0.0,15974,-624,69,discharging,None,None
19:20:14.888,sequential,8.4,401.2,177.1,3.0,1086.2,58.4,1600,0.0,0.0,15985,-454,69,discharging,None,None
19:20:15.392,sequential,8.4,412.5,177.1,99.0,1086.6,63.9,2400,0.0,0.0,15976,-459,69,discharging,None,None
19:20:15.896,sequential,8.3,412.5,186.7,30.0,1086.6,60.0,2400,0.0,0.0,15936,-607,69,discharging,None,None
19:20:16.399,sequential,8.3,412.5,186.7,1.5,1086.6,59.0,2400,0.0,0.0,15980,-570,69,discharging,None,None
19:20:16.907,sequential,7.9,412.5,186.7,45.8,1086.6,63.4,2400,0.0,0.0,15985,-421,69,discharging,None,None
19:20:17.411,sequential,7.9,413.2,168.4,73.1,1086.6,60.6,2400,0.0,0.0,15942,-563,69,discharging,None,None
19:20:17.914,sequential,7.9,413.2,168.4,1.5,1088.2,59.5,2400,0.0,0.0,15972,-625,69,discharging,None,None
19:20:18.418,sequential,8.4,413.2,168.4,2.5,1088.0,59.0,2400,0.0,0.0,15983,-475,69,discharging,None,None
19:20:18.927,sequential,8.4,411.1,168.4,91.6,1088.0,63.9,2400,0.0,0.0,15977,-461,69,discharging,None,None
19:20:19.430,sequential,8.3,411.1,180.4,29.5,1092.7,60.0,2400,0.0,0.0,15939,-631,69,discharging,None,None
19:20:19.934,sequential,8.3,411.1,180.4,2.0,1094.8,59.0,2400,0.0,0.0,15979,-593,69,discharging,None,None
19:20:20.443,sequential,8.3,411.1,180.4,38.0,1094.8,62.8,2400,0.0,0.0,15983,-428,69,discharging,None,None
19:20:20.946,sequential,8.3,422.0,176.4,84.3,1094.0,61.1,2400,0.0,0.0,15942,-539,69,discharging,None,None
19:20:21.450,sequential,8.3,422.0,176.4,2.0,1094.9,59.5,2400,0.0,0.0,15971,-610,69,discharging,None,None
19:20:21.954,sequential,8.4,422.0,176.4,2.0,1093.4,59.0,2400,0.0,0.0,15985,-422,69,discharging,None,None
19:20:22.464,sequential,8.4,409.1,176.4,81.5,1093.8,63.9,2400,0.0,0.0,15944,-531,69,discharging,None,None
19:20:22.967,sequential,8.3,409.1,178.4,39.4,1093.4,59.5,2400,0.0,0.0,15967,-627,69,discharging,None,None
19:20:23.471,sequential,8.3,409.1,178.4,2.5,1093.4,59.0,2400,0.0,0.0,15982,-508,69,discharging,None,None
19:20:23.979,sequential,8.3,409.1,178.4,28.1,1091.4,61.7,2400,0.0,0.0,15984,-428,69,discharging,None,None
19:20:24.483,sequential,8.3,403.3,171.2,89.7,1091.2,61.1,2400,0.0,0.0,15935,-612,69,discharging,None,None
19:20:24.987,sequential,8.3,403.3,171.2,1.5,1090.9,59.5,2400,0.0,0.0,15979,-609,69,discharging,None,None
19:20:25.491,sequential,8.4,403.3,171.2,2.0,1090.9,59.0,1800,0.0,0.0,15984,-425,69,discharging,None,None
19:20:26.000,sequential,8.4,403.3,171.2,76.1,1090.9,63.9,2400,0.0,0.0,15957,-491,69,discharging,None,None
19:20:26.503,sequential,8.3,416.6,172.0,44.8,1090.4,59.5,2400,0.0,0.0,15956,-604,69,discharging,None,None
19:20:27.008,sequential,8.3,416.6,172.0,2.0,1089.7,59.0,2400,0.0,0.0,15983,-527,69,discharging,None,None
19:20:27.516,sequential,8.3,416.6,172.0,24.1,1090.0,62.2,2400,0.0,0.0,15985,-416,69,discharging,None,None
19:20:28.020,sequential,8.3,581.3,172.0,94.5,1088.5,62.8,2400,0.0,0.0,15940,-586,69,discharging,None,None
19:20:28.524,sequential,8.3,581.3,173.8,31.8,1088.5,60.6,2400,0.0,0.0,15974,-659,69,discharging,None,None
19:20:29.028,sequential,8.3,581.3,173.8,2.0,1088.0,59.0,2400,0.0,0.0,15981,-489,69,discharging,None,None
19:20:29.535,sequential,6.9,581.3,173.8,35.8,1088.0,62.8,2400,0.0,0.0,15984,-433,69,discharging,None,None
19:20:30.038,sequential,6.9,399.7,174.6,82.6,1087.6,61.7,2400,0.0,0.0,15934,-617,69,discharging,None,None
19:20:30.542,sequential,8.3,399.7,174.6,1.5,1087.6,59.5,2400,0.0,0.0,15979,-606,69,discharging,None,None
19:20:31.045,sequential,8.3,399.7,174.6,2.0,1087.2,57.9,1600,0.0,0.0,15986,-413,69,discharging,None,None
19:20:31.558,sequential,8.3,412.8,174.6,83.1,1087.2,63.4,2400,0.0,0.0,15953,-487,69,discharging,None,None
19:20:32.062,sequential,8.3,412.8,175.4,38.5,1087.0,59.5,2400,0.0,0.0,15959,-604,69,discharging,None,None
19:20:32.565,sequential,8.3,412.8,175.4,2.0,1087.0,59.5,2400,0.0,0.0,15981,-521,69,discharging,None,None
19:20:33.072,sequential,8.3,412.8,175.4,30.8,1086.9,62.8,2400,0.0,0.0,15984,-419,69,discharging,None,None
19:20:33.575,sequential,8.3,398.4,170.4,87.1,1086.9,61.1,2400,0.0,0.0,15935,-601,69,discharging,None,None
19:20:34.079,sequential,8.3,398.4,170.4,2.0,1087.1,59.5,2400,0.0,0.0,15976,-616,69,discharging,None,None
19:20:34.583,sequential,8.3,398.4,170.4,2.0,1087.1,57.9,2400,0.0,0.0,15984,-435,69,discharging,None,None
19:20:35.092,sequential,8.3,398.4,170.4,77.5,1087.8,63.9,2400,0.0,0.0,15949,-506,69,discharging,None,None
19:20:35.595,sequential,8.3,414.2,174.1,42.6,1087.8,60.0,2400,0.0,0.0,15945,-628,69,discharging,None,None
19:20:36.099,sequential,8.3,414.2,174.1,2.0,1087.1,59.5,2400,0.0,0.0,15981,-537,69,discharging,None,None
19:20:36.604,sequential,8.3,414.2,174.1,26.0,1087.3,60.6,2400,0.0,0.0,15986,-404,69,discharging,None,None
19:20:37.108,sequential,8.3,432.9,174.5,98.5,1087.3,63.9,2400,0.0,0.0,15937,-558,69,discharging,None,None
19:20:37.611,sequential,8.3,432.9,174.5,2.0,1086.6,59.0,2400,0.0,0.0,15970,-616,69,discharging,None,None
19:20:38.115,sequential,8.3,432.9,174.5,2.0,1086.4,59.5,2400,0.0,0.0,15981,-461,69,discharging,None,None
19:20:38.623,sequential,8.3,432.9,174.5,65.7,1086.4,62.8,2400,0.0,0.0,15966,-475,69,discharging,None,None
19:20:39.126,sequential,8.3,405.2,167.1,52.2,1086.0,60.6,2400,0.0,0.0,15932,-622,69,discharging,None,None
19:20:39.630,sequential,8.3,405.2,167.1,3.0,1086.0,58.4,2400,0.0,0.0,15977,-560,69,discharging,None,None
19:20:40.140,sequential,8.3,405.2,167.1,24.5,1086.1,61.1,2400,0.0,0.0,15981,-423,69,discharging,None,None
19:20:40.644,sequential,8.3,395.9,174.0,99.0,1086.1,63.9,2400,0.0,0.0,15935,-578,69,discharging,None,None
19:20:41.147,sequential,7.9,395.9,174.0,4.5,1086.1,60.0,2400,0.0,0.0,15968,-625,69,discharging,None,None
19:20:41.651,sequential,7.9,395.9,174.0,2.0,1086.1,60.0,1900,0.0,0.0,15981,-470,69,discharging,None,None
19:20:42.159,sequential,7.9,395.9,174.0,64.0,1085.6,63.4,2400,0.0,0.0,15980,-443,69,discharging,None,None
19:20:42.662,sequential,8.3,421.6,175.1,57.8,1085.6,60.0,2400,0.0,0.0,15936,-605,69,discharging,None,None
19:20:43.167,sequential,8.3,421.6,175.1,2.5,1085.6,59.5,2400,0.0,0.0,15978,-576,69,discharging,None,None
19:20:43.675,sequential,8.3,421.6,175.1,10.0,1085.6,61.7,2400,0.0,0.0,15982,-414,69,discharging,None,None
19:20:44.179,sequential,8.3,407.3,175.1,100.0,1085.4,65.0,2400,0.0,0.0,15940,-553,69,discharging,None,None
19:20:44.683,sequential,8.3,407.3,178.7,12.9,1085.4,60.0,2400,0.0,0.0,15970,-628,69,discharging,None,None
19:20:45.186,sequential,8.3,407.3,178.7,3.0,1086.0,59.0,2400,0.0,0.0,15980,-488,69,discharging,None,None
19:20:45.696,sequential,8.3,407.3,178.7,55.2,1086.0,62.2,2400,0.0,0.0,15982,-447,69,discharging,None,None
19:20:46.199,sequential,8.3,409.8,168.1,64.2,1086.1,60.0,2400,0.0,0.0,15935,-624,69,discharging,None,None
19:20:46.703,sequential,8.3,409.8,168.1,2.0,1086.1,59.5,2400,0.0,0.0,15977,-592,69,discharging,None,None
19:20:47.213,sequential,8.3,409.8,168.1,4.0,1086.1,59.0,1600,0.0,0.0,15981,-412,69,discharging,None,None
19:20:47.721,sequential,8.3,411.2,168.1,100.0,1086.1,63.4,2400,0.0,0.0,15942,-512,69,discharging,None,None
19:20:48.225,sequential,8.3,411.2,180.4,19.2,1085.9,59.0,2400,0.0,0.0,15965,-609,69,discharging,None,None
19:20:48.728,sequential,8.3,411.2,180.4,2.5,1085.9,59.0,2400,0.0,0.0,15981,-507,69,discharging,None,None
19:20:49.237,sequential,8.3,411.2,180.4,50.0,1085.9,62.8,2400,0.0,0.0,15981,-431,69,discharging,None,None
19:20:49.741,sequential,8.3,395.0,179.9,68.2,1085.9,61.1,2400,0.0,0.0,15933,-613,69,discharging,None,None
19:20:50.244,sequential,8.3,395.0,179.9,3.0,1086.8,59.0,2400,0.0,0.0,15976,-606,69,discharging,None,None
19:20:50.748,sequential,8.4,395.0,179.9,3.0,1086.8,60.0,2400,0.0,0.0,15981,-423,69,discharging,None,None
19:20:51.256,sequential,8.4,403.3,179.9,96.6,1086.8,64.5,2400,0.0,0.0,15944,-517,69,discharging,None,None
19:20:51.759,sequential,8.4,403.3,166.6,20.5,1086.6,59.5,2400,0.0,0.0,15957,-622,69,discharging,None,None
19:20:52.263,sequential,8.3,403.3,166.6,10.9,1086.3,59.5,2400,0.0,0.0,15978,-528,69,discharging,None,None
19:20:52.771,sequential,8.3,403.3,166.6,47.8,1086.3,63.4,2400,0.0,0.0,15984,-418,69,discharging,None,None
19:20:53.275,sequential,7.9,404.8,181.3,73.0,1086.3,61.1,2400,0.0,0.0,15931,-589,69,discharging,None,None
19:20:53.778,sequential,7.9,404.8,181.3,2.5,1086.3,61.1,2400,0.0,0.0,15972,-617,69,discharging,None,None
19:20:54.282,sequential,7.9,404.8,181.3,3.0,1086.1,59.0,2400,0.0,0.0,15979,-437,69,discharging,None,None
19:20:54.786,sequential,8.3,398.3,181.3,92.1,1086.1,63.9,2400,0.0,0.0,15944,-504,69,discharging,None,None
19:20:55.290,sequential,8.3,398.3,182.6,27.9,1086.1,60.0,2400,0.0,0.0,15940,-625,69,discharging,None,None
19:20:55.794,sequential,8.4,398.3,182.6,2.0,1086.8,59.0,2400,0.0,0.0,15978,-533,69,discharging,None,None
19:20:56.300,sequential,8.4,398.3,182.6,41.2,1086.8,63.4,2400,0.0,0.0,15981,-414,69,discharging,None,None
19:20:56.805,sequential,8.3,400.6,173.2,78.5,1086.6,61.1,2400,0.0,0.0,15932,-586,69,discharging,None,None
19:20:57.308,sequential,8.3,400.6,173.2,2.5,1087.0,59.5,2400,0.0,0.0,15970,-624,69,discharging,None,None
19:20:57.812,sequential,8.3,400.6,173.2,3.0,1086.5,58.4,1600,0.0,0.0,15981,-452,69,discharging,None,None
19:20:58.324,sequential,8.3,421.9,173.2,86.8,1086.3,63.9,2400,0.0,0.0,15971,-463,69,discharging,None,None
19:20:58.828,sequential,8.3,421.9,169.3,33.2,1086.3,60.0,2400,0.0,0.0,15931,-604,69,discharging,None,None
19:20:59.332,sequential,8.4,421.9,169.3,3.0,1086.3,59.5,2400,0.0,0.0,15976,-554,69,discharging,None,None
19:20:59.840,sequential,8.4,421.9,169.3,34.5,1086.3,62.8,2400,0.0,0.0,15979,-414,69,discharging,None,None
19:21:00.344,sequential,8.4,414.6,175.9,86.6,1086.1,61.7,2400,0.0,0.0,15933,-570,69,discharging,None,None
19:21:00.847,sequential,8.3,414.6,175.9,2.0,1085.7,59.5,2400,0.0,0.0,15966,-628,69,discharging,None,None
19:21:01.351,sequential,8.3,414.6,175.9,2.5,1087.0,59.0,2400,0.0,0.0,15977,-471,69,discharging,None,None
19:21:01.859,sequential,8.3,414.6,175.9,79.2,1087.3,64.5,2400,0.0,0.0,15968,-466,69,discharging,None,None
19:21:02.363,sequential,8.3,411.3,172.2,42.0,1087.3,60.6,2400,0.0,0.0,15930,-627,69,discharging,None,None
19:21:02.867,sequential,8.4,411.3,172.2,2.5,1087.0,59.5,2400,0.0,0.0,15976,-574,69,discharging,None,None
19:21:03.376,sequential,8.4,411.3,172.2,26.9,1087.0,62.2,2400,0.0,0.0,15979,-409,69,discharging,None,None
19:21:03.879,sequential,8.4,423.1,177.0,96.1,1086.3,62.8,2400,0.0,0.0,15938,-527,69,discharging,None,None
19:21:04.383,sequential,8.3,423.1,177.0,11.0,1086.3,59.5,2400,0.0,0.0,15965,-618,69,discharging,None,None
19:21:04.886,sequential,8.3,423.1,177.0,2.5,1086.3,57.3,2400,0.0,0.0,15978,-502,69,discharging,None,None
19:21:05.396,sequential,7.9,423.1,177.0,70.0,1086.6,64.5,2400,0.0,0.0,15978,-448,69,discharging,None,None
19:21:05.899,sequential,7.9,404.6,175.2,50.0,1086.6,60.6,2400,0.0,0.0,15934,-623,69,discharging,None,None
19:21:06.403,sequential,7.9,404.6,175.2,3.0,1086.6,59.0,2400,0.0,0.0,15975,-595,69,discharging,None,None
19:21:06.912,sequential,8.4,404.6,175.2,16.5,1086.3,61.1,2400,0.0,0.0,15978,-416,69,discharging,None,None
19:21:07.419,sequential,8.4,401.9,175.9,99.0,1086.3,63.9,2400,0.0,0.0,15937,-529,69,discharging,None,None
19:21:07.923,sequential,8.3,401.9,175.9,3.5,1085.8,60.0,2400,0.0,0.0,15962,-623,69,discharging,None,None
19:21:08.426,sequential,8.3,401.9,175.9,2.5,1085.8,59.0,1800,0.0,0.0,15975,-508,69,discharging,None,None
19:21:08.935,sequential,8.3,401.9,175.9,65.5,1085.8,62.2,2400,0.0,0.0,15982,-413,69,discharging,None,None
19:21:09.438,sequential,8.3,440.9,173.2,60.6,1085.6,60.6,2400,0.0,0.0,15934,-564,69,discharging,None,None
19:21:09.942,sequential,8.3,440.9,173.2,2.5,1085.4,59.5,2400,0.0,0.0,15970,-591,69,discharging,None,None
19:21:10.455,sequential,8.4,440.9,173.2,10.1,1085.4,61.1,2400,0.0,0.0,15977,-439,69,discharging,None,None
19:21:10.960,sequential,8.4,412.4,173.2,100.0,1085.4,63.9,2400,0.0,0.0,15943,-504,69,discharging,None,None
19:21:11.463,sequential,8.3,412.4,174.7,14.0,1085.4,59.5,2400,0.0,0.0,15938,-628,69,discharging,None,None
19:21:11.967,sequential,8.3,412.4,174.7,2.5,1086.3,60.0,2400,0.0,0.0,15975,-538,69,discharging,None,None
19:21:12.475,sequential,8.3,412.4,174.7,53.7,1086.3,62.8,2400,0.0,0.0,15978,-413,69,discharging,None,None
19:21:12.979,sequential,8.3,408.2,169.4,65.7,1086.1,61.1,2400,0.0,0.0,15928,-585,69,discharging,None,None
19:21:13.482,sequential,8.3,408.2,169.4,3.0,1086.1,59.0,2400,0.0,0.0,15965,-625,69,discharging,None,None
19:21:13.990,sequential,8.4,408.2,169.4,3.0,1085.8,57.9,1600,0.0,0.0,15975,-455,69,discharging,None,None
19:21:14.495,sequential,8.4,411.6,169.4,100.0,1085.8,64.5,2400,0.0,0.0,15968,-461,69,discharging,None,None
19:21:14.999,sequential,8.3,411.6,178.5,21.2,1086.2,60.0,2400,0.0,0.0,15928,-603,69,discharging,None,None
19:21:15.502,sequential,8.3,411.6,178.5,3.5,1086.2,59.0,2400,0.0,0.0,15973,-557,69,discharging,None,None
19:21:16.011,sequential,8.3,411.6,178.5,47.0,1086.3,64.5,2400,0.0,0.0,15976,-476,69,discharging,None,None
19:21:16.514,sequential,8.3,386.4,164.6,65.9,1086.3,60.0,2400,0.0,0.0,15929,-617,69,discharging,None,None
19:21:17.018,sequential,8.3,386.4,164.6,0.0,1086.5,59.0,2400,0.0,0.0,15974,-550,69,discharging,None,None
19:21:17.522,sequential,8.3,386.4,164.6,0.5,1086.5,57.9,2400,0.0,0.0,15979,-405,69,discharging,None,None
19:21:18.031,sequential,8.3,363.6,164.6,99.0,1086.5,64.5,2400,0.0,0.0,15928,-569,69,discharging,None,None
19:21:18.534,sequential,8.3,363.6,163.2,8.4,1086.3,60.0,2400,0.0,0.0,15967,-606,69,discharging,None,None
19:21:19.038,sequential,8.3,363.6,163.2,0.0,1086.0,58.4,2400,0.0,0.0,15977,-442,69,discharging,None,None
19:21:19.544,sequential,8.3,363.6,163.2,57.6,1086.0,63.9,2400,0.0,0.0,15963,-464,69,discharging,None,None
19:21:20.047,sequential,8.3,379.9,165.7,53.7,1085.8,60.6,2400,0.0,0.0,15940,-589,69,discharging,None,None
19:21:20.551,sequential,8.3,379.9,165.7,0.0,1085.8,60.0,2400,0.0,0.0,15975,-529,69,discharging,None,None
19:21:21.056,sequential,8.3,379.9,165.7,10.5,1085.6,60.6,2400,0.0,0.0,15978,-404,69,discharging,None,None
19:21:21.560,sequential,8.3,366.5,167.8,97.0,1085.6,63.4,2400,0.0,0.0,15928,-587,69,discharging,None,None
19:21:22.063,sequential,8.3,366.5,167.8,1.0,1085.4,59.0,2400,0.0,0.0,15970,-607,69,discharging,None,None
19:21:22.567,sequential,8.3,366.5,167.8,0.0,1085.4,59.0,2400,0.0,0.0,15977,-425,69,discharging,None,None
19:21:23.075,sequential,8.3,366.5,167.8,66.7,1085.4,63.4,2400,0.0,0.0,15940,-502,69,discharging,None,None
19:21:23.579,sequential,8.3,367.9,163.3,42.0,1085.6,59.5,2400,0.0,0.0,15957,-607,69,discharging,None,None
19:21:24.083,sequential,8.3,367.9,163.3,0.0,1085.6,59.0,2400,0.0,0.0,15976,-510,69,discharging,None,None
19:21:24.591,sequential,8.3,367.9,163.3,23.5,1085.6,60.6,2400,0.0,0.0,15978,-414,69,discharging,None,None
19:21:25.095,sequential,8.3,375.8,162.4,85.2,1085.8,61.1,2400,0.0,0.0,15929,-592,69,discharging,None,None
19:21:25.598,sequential,8.3,375.8,162.4,0.5,1085.8,59.5,2400,0.0,0.0,15973,-588,69,discharging,None,None
19:21:26.102,sequential,8.3,375.8,162.4,0.0,1085.9,58.4,2400,0.0,0.0,15977,-408,69,discharging,None,None
19:21:26.611,sequential,8.3,365.0,162.4,79.2,1085.9,63.9,2400,0.0,0.0,15934,-524,69,discharging,None,None
19:21:27.115,sequential,8.3,365.0,162.4,28.2,1085.6,60.0,2400,0.0,0.0,15964,-606,69,discharging,None,None
19:21:27.618,sequential,8.3,365.0,162.4,0.0,1085.6,57.9,2400,0.0,0.0,15975,-486,69,discharging,None,None
19:21:28.127,sequential,8.3,365.0,162.4,37.5,1085.4,62.8,2400,0.0,0.0,15978,-436,69,discharging,None,None
19:21:28.630,sequential,8.3,369.0,166.9,71.1,1085.6,60.6,2400,0.0,0.0,15929,-607,69,discharging,None,None
19:21:29.134,sequential,8.3,369.0,166.9,0.0,1085.6,59.0,2400,0.0,0.0,15974,-576,69,discharging,None,None
19:21:29.638,sequential,8.3,369.0,166.9,0.0,1085.6,58.4,1800,0.0,0.0,15978,-405,69,discharging,None,None
19:21:30.144,sequential,8.3,379.6,166.9,93.6,1085.6,63.9,2400,0.0,0.0,15937,-522,69,discharging,None,None
19:21:30.648,sequential,8.3,379.6,168.9,17.9,1085.4,60.0,2400,0.0,0.0,15965,-589,69,discharging,None,None
19:21:31.151,sequential,8.3,379.6,168.9,0.0,1085.2,59.0,2400,0.0,0.0,15977,-471,69,discharging,None,None
19:21:31.659,sequential,8.3,379.6,168.9,47.0,1085.2,62.8,2400,0.0,0.0,15971,-449,69,discharging,None,None
19:21:32.162,sequential,8.3,367.5,164.6,61.3,1085.2,59.5,2400,0.0,0.0,15927,-605,69,discharging,None,None
19:21:32.666,sequential,8.3,367.5,164.6,0.0,1085.2,59.5,2400,0.0,0.0,15974,-562,69,discharging,None,None
19:21:33.175,sequential,8.3,367.5,164.6,3.5,1085.2,59.5,2400,0.0,0.0,15976,-405,69,discharging,None,None
19:21:33.679,sequential,8.3,366.8,164.0,99.5,1085.2,64.5,2400,0.0,0.0,15928,-557,69,discharging,None,None
19:21:34.182,sequential,8.3,366.8,164.0,4.0,1085.4,59.5,2400,0.0,0.0,15963,-605,69,discharging,None,None
19:21:34.686,sequential,8.3,366.8,164.0,0.0,1085.4,58.4,2400,0.0,0.0,15975,-453,69,discharging,None,None
19:21:35.191,sequential,8.3,366.8,164.0,60.3,1085.4,64.5,2400,0.0,0.0,15967,-454,69,discharging,None,None
19:21:35.694,sequential,8.3,379.4,162.5,49.8,1085.4,58.4,2400,0.0,0.0,15932,-592,69,discharging,None,None
19:21:36.198,sequential,8.3,379.4,162.5,0.0,1085.4,59.0,2400,0.0,0.0,15972,-543,69,discharging,None,None
19:21:36.711,sequential,8.3,379.4,162.5,15.0,1085.4,61.1,2400,0.0,0.0,15976,-405,69,discharging,None,None
19:21:37.214,sequential,8.3,368.4,164.8,92.2,1085.4,61.7,2400,0.0,0.0,15928,-574,69,discharging,None,None
19:21:37.718,sequential,8.3,368.4,164.8,0.0,1085.4,59.0,2400,0.0,0.0,15965,-607,69,discharging,None,None
19:21:38.221,sequential,8.3,368.4,164.8,0.0,1085.2,59.0,2400,0.0,0.0,15975,-438,69,discharging,None,None
19:21:38.728,sequential,8.3,363.0,164.8,72.6,1085.2,63.4,2400,0.0,0.0,15942,-491,69,discharging,None,None
19:21:39.235,sequential,8.3,363.0,163.5,34.5,1085.6,60.0,2400,0.0,0.0,15946,-605,69,discharging,None,None
19:21:39.738,sequential,8.3,363.0,163.5,0.0,1085.6,59.0,2400,0.0,0.0,15973,-518,69,discharging,None,None
19:21:40.247,sequential,8.3,363.0,163.5,30.8,1085.6,61.1,2400,0.0,0.0,15975,-404,69,discharging,None,None
19:21:40.750,sequential,8.3,384.0,162.3,79.8,1085.6,60.6,2400,0.0,0.0,15928,-575,69,discharging,None,None
19:21:41.254,sequential,8.3,384.0,162.3,0.0,1085.4,60.0,2400,0.0,0.0,15968,-590,69,discharging,None,None
19:21:41.757,sequential,8.3,384.0,162.3,0.0,1085.4,58.4,2400,0.0,0.0,15975,-419,69,discharging,None,None
19:21:42.264,sequential,8.3,363.6,162.3,85.2,1085.4,63.4,2400,0.0,0.0,15936,-510,69,discharging,None,None
19:21:42.768,sequential,8.3,363.6,166.4,22.5,1085.4,59.0,2400,0.0,0.0,15961,-606,69,discharging,None,None
19:21:43.272,sequential,8.3,363.6,166.4,0.0,1085.4,60.0,2400,0.0,0.0,15974,-501,69,discharging,None,None
19:21:43.780,sequential,8.3,363.6,166.4,42.6,1085.4,63.4,2400,0.0,0.0,15975,-422,69,discharging,None,None
19:21:44.285,sequential,8.3,370.5,163.7,65.8,1085.2,60.6,2400,0.0,0.0,15928,-606,69,discharging,None,None
19:21:44.789,sequential,8.3,370.5,163.7,0.0,1085.2,59.0,2400,0.0,0.0,15972,-589,69,discharging,None,None
19:21:45.292,sequential,8.3,370.5,163.7,0.0,1085.2,59.0,1800,0.0,0.0,15974,-405,69,discharging,None,None
19:21:45.800,sequential,8.3,371.6,163.7,98.5,1085.4,64.5,2400,0.0,0.0,15932,-522,69,discharging,None,None
19:21:46.303,sequential,8.3,371.6,166.6,9.6,1086.6,59.5,2400,0.0,0.0,15961,-599,69,discharging,None,None
19:21:46.807,sequential,8.3,371.6,166.6,0.0,1086.6,58.4,2400,0.0,0.0,15974,-480,69,discharging,None,None
19:21:47.315,sequential,8.3,371.6,166.6,54.2,1087.6,63.9,2400,0.0,0.0,15974,-439,69,discharging,None,None
19:21:47.819,sequential,8.3,368.9,161.3,53.7,1088.2,59.5,2400,0.0,0.0,15922,-606,69,discharging,None,None
19:21:48.322,sequential,8.3,368.9,161.3,0.0,1088.0,58.4,2400,0.0,0.0,15970,-571,69,discharging,None,None
19:21:48.831,sequential,8.3,368.9,161.3,11.0,1088.0,60.6,2400,0.0,0.0,15975,-405,69,discharging,None,None
19:21:49.336,sequential,8.3,370.1,162.6,96.1,1087.5,62.8,2400,0.0,0.0,15929,-548,69,discharging,None,None
19:21:49.839,sequential,8.3,370.1,162.6,0.0,1086.5,59.5,2400,0.0,0.0,15961,-607,69,discharging,None,None
19:21:50.343,sequential,8.3,370.1,162.6,0.0,1088.1,58.4,2400,0.0,0.0,15974,-463,69,discharging,None,None
19:21:50.851,sequential,8.3,370.1,162.6,68.3,1088.7,63.4,2400,0.0,0.0,15969,-439,69,discharging,None,None
19:21:51.354,sequential,8.3,380.8,163.8,42.6,1088.7,60.6,2400,0.0,0.0,15924,-588,69,discharging,None,None
19:21:51.858,sequential,8.3,380.8,163.8,0.0,1088.2,59.0,2400,0.0,0.0,15970,-553,69,discharging,None,None
19:21:52.364,sequential,8.3,380.8,163.8,23.6,1088.2,62.2,2400,0.0,0.0,15974,-405,69,discharging,None,None
19:21:52.868,sequential,8.3,367.6,164.0,85.1,1087.0,61.1,2400,0.0,0.0,15926,-563,69,discharging,None,None
19:21:53.372,sequential,8.3,367.6,164.0,0.0,1087.0,59.0,2400,0.0,0.0,15962,-606,69,discharging,None,None
19:21:53.875,sequential,8.3,367.6,164.0,0.0,1087.0,59.0,2400,0.0,0.0,15974,-447,69,discharging,None,None
19:21:54.380,sequential,8.3,363.2,164.0,79.5,1087.6,63.4,2400,0.0,0.0,15952,-481,69,discharging,None,None
19:21:54.884,sequential,8.3,363.2,168.6,29.6,1087.5,60.0,2400,0.0,0.0,15937,-606,69,discharging,None,None
19:21:55.387,sequential,8.3,363.2,168.6,0.0,1087.5,59.0,2400,0.0,0.0,15970,-530,69,discharging,None,None
19:21:55.895,sequential,8.3,363.2,168.6,34.5,1087.5,61.7,2400,0.0,0.0,15974,-401,69,discharging,None,None
19:21:56.399,sequential,8.3,382.5,164.8,75.4,1087.0,60.6,2400,0.0,0.0,15925,-561,69,discharging,None,None
19:21:56.902,sequential,8.3,382.5,164.8,0.0,1086.5,57.9,2400,0.0,0.0,15964,-592,69,discharging,None,None
19:21:57.405,sequential,8.3,382.5,164.8,0.0,1086.5,60.0,2400,0.0,0.0,15972,-431,69,discharging,None,None
19:21:57.912,sequential,8.3,366.6,164.8,89.2,1086.5,65.0,2400,0.0,0.0,15934,-497,69,discharging,None,None
19:21:58.415,sequential,8.3,366.6,162.1,18.0,1086.3,60.0,2400,0.0,0.0,15948,-606,69,discharging,None,None
19:21:58.919,sequential,8.3,366.6,162.1,0.0,1085.6,57.9,2400,0.0,0.0,15970,-513,69,discharging,None,None
19:21:59.427,sequential,8.3,366.6,162.1,46.3,1085.6,63.9,2400,0.0,0.0,15973,-414,69,discharging,None,None
19:21:59.930,sequential,8.3,364.7,166.6,62.1,1086.3,60.0,2400,0.0,0.0,15924,-600,69,discharging,None,None
19:22:00.434,sequential,8.3,364.7,166.6,0.0,1086.3,58.4,2400,0.0,0.0,15968,-596,69,discharging,None,None
19:22:00.947,sequential,8.3,364.7,166.6,3.0,1085.8,58.4,1500,0.0,0.0,15973,-410,69,discharging,None,None
19:22:01.451,sequential,894.7,364.7,166.6,99.5,1085.8,63.9,2400,0.0,0.0,15942,-489,69,discharging,None,None
19:22:01.955,sequential,894.7,565.7,176.5,46.5,1085.4,59.5,2400,0.0,0.0,15922,-645,69,discharging,None,None
19:22:02.458,sequential,894.7,565.7,176.5,2.0,1085.4,59.0,2400,0.0,0.0,15967,-566,69,discharging,None,None
19:22:02.967,sequential,7.2,565.7,176.5,21.5,1085.4,61.1,2400,0.0,0.0,15970,-414,69,discharging,None,None
19:22:03.471,sequential,7.2,398.9,183.5,98.0,1085.4,63.4,2400,0.0,0.0,15927,-551,69,discharging,None,None
19:22:03.974,sequential,8.3,398.9,183.5,2.5,1085.4,60.0,2400,0.0,0.0,15958,-626,69,discharging,None,None
19:22:04.478,sequential,8.3,398.9,183.5,2.0,1085.4,59.0,2400,0.0,0.0,15969,-488,69,discharging,None,None
19:22:04.987,sequential,8.3,398.9,183.5,67.7,1085.4,64.5,2400,0.0,0.0,15970,-448,69,discharging,None,None
19:22:05.490,sequential,8.3,394.6,175.6,51.2,1085.5,60.6,2400,0.0,0.0,15925,-624,69,discharging,None,None
19:22:05.994,sequential,8.3,394.6,175.6,2.5,1085.6,59.5,2400,0.0,0.0,15967,-589,69,discharging,None,None
19:22:06.503,sequential,8.4,394.6,175.6,17.4,1085.6,59.5,1600,0.0,0.0,15973,-406,69,discharging,None,None
19:22:07.007,sequential,8.4,433.1,175.6,98.0,1085.6,63.9,2400,0.0,0.0,15931,-505,69,discharging,None,None
19:22:07.511,sequential,8.3,433.1,194.9,13.2,1085.6,59.5,2400,0.0,0.0,15947,-613,69,discharging,None,None
19:22:08.015,sequential,8.3,433.1,194.9,2.0,1085.6,59.5,2400,0.0,0.0,15969,-514,69,discharging,None,None
19:22:08.524,sequential,8.3,433.1,194.9,56.1,1085.6,63.9,2400,0.0,0.0,15969,-422,69,discharging,None,None
19:22:09.027,sequential,8.3,400.3,173.2,63.0,1085.4,60.0,2400,0.0,0.0,15920,-602,69,discharging,None,None
19:22:09.531,sequential,8.3,400.3,173.2,2.5,1085.4,59.0,2400,0.0,0.0,15961,-616,69,discharging,None,None
19:22:10.040,sequential,8.4,400.3,173.2,5.0,1085.4,60.0,2400,0.0,0.0,15969,-435,69,discharging,None,None
19:22:10.545,sequential,8.4,414.1,173.2,99.5,1085.4,63.9,2400,0.0,0.0,15934,-506,69,discharging,None,None
19:22:11.048,sequential,8.3,414.1,173.4,17.9,1085.8,60.0,2400,0.0,0.0,15933,-628,69,discharging,None,None
19:22:11.552,sequential,8.3,414.1,173.4,2.5,1085.8,58.4,2400,0.0,0.0,15967,-536,69,discharging,None,None
19:22:12.060,sequential,8.3,414.1,173.4,51.0,1085.8,62.8,2400,0.0,0.0,15973,-404,69,discharging,None,None
19:22:12.563,sequential,8.3,425.6,176.2,73.6,1085.8,61.1,2400,0.0,0.0,15924,-559,69,discharging,None,None
19:22:13.067,sequential,8.3,425.6,176.2,2.5,1085.2,59.5,2400,0.0,0.0,15957,-616,69,discharging,None,None
19:22:13.570,sequential,8.4,425.6,176.2,10.0,1085.2,59.0,2400,0.0,0.0,15970,-462,69,discharging,None,None
19:22:14.079,sequential,8.4,398.1,176.2,92.5,1085.6,63.4,2400,0.0,0.0,15949,-491,69,discharging,None,None
19:22:14.582,sequential,7.9,398.1,189.5,29.4,1085.6,60.0,2400,0.0,0.0,15919,-636,69,discharging,None,None
19:22:15.086,sequential,7.9,398.1,189.5,2.5,1087.9,60.0,2400,0.0,0.0,15966,-559,69,discharging,None,None
19:22:15.595,sequential,7.9,398.1,189.5,39.3,1087.9,63.4,2400,0.0,0.0,15969,-414,69,discharging,None,None
19:22:16.099,sequential,8.3,394.8,176.5,78.4,1088.0,61.7,2400,0.0,0.0,15925,-564,69,discharging,None,None
19:22:16.603,sequential,8.3,394.8,176.5,2.5,1088.2,59.5,2400,0.0,0.0,15955,-623,69,discharging,None,None
19:22:17.106,sequential,8.4,394.8,176.5,3.0,1087.3,58.4,1600,0.0,0.0,15968,-473,69,discharging,None,None
19:22:17.619,sequential,8.4,423.2,176.5,86.2,1087.3,62.8,2400,0.0,0.0,15968,-431,69,discharging,None,None
19:22:18.122,sequential,8.4,423.2,172.8,34.7,1087.5,59.5,2400,0.0,0.0,15922,-597,69,discharging,None,None
19:22:18.626,sequential,8.3,423.2,172.8,3.0,1087.5,59.5,2400,0.0,0.0,15964,-581,69,discharging,None,None
19:22:19.135,sequential,8.3,423.2,172.8,33.0,1087.5,62.8,2400,0.0,0.0,15968,-413,69,discharging,None,None
19:22:19.638,sequential,8.3,410.6,175.1,86.8,1087.5,61.1,2400,0.0,0.0,15926,-549,69,discharging,None,None
19:22:20.142,sequential,8.3,410.6,175.1,2.5,1087.9,59.5,2400,0.0,0.0,15956,-629,69,discharging,None,None
19:22:20.645,sequential,8.3,410.6,175.1,2.0,1088.1,58.4,2400,0.0,0.0,15965,-499,69,discharging,None,None
19:22:21.155,sequential,8.3,410.6,175.1,78.9,1088.2,63.9,2400,0.0,0.0,15966,-457,69,discharging,None,None
19:22:21.658,sequential,8.3,412.0,176.4,42.6,1086.8,59.5,2400,0.0,0.0,15919,-641,69,discharging,None,None
19:22:22.162,sequential,8.3,412.0,176.4,2.5,1086.8,59.5,2400,0.0,0.0,15961,-617,69,discharging,None,None
19:22:22.672,sequential,8.3,412.0,176.4,26.9,1089.8,61.1,2400,0.0,0.0,15964,-433,69,discharging,None,None
19:22:23.175,sequential,8.2,430.6,169.8,96.6,1089.4,62.8,2400,0.0,0.0,15937,-506,69,discharging,None,None
19:22:23.679,sequential,8.2,430.6,169.8,3.0,1089.4,59.5,2400,0.0,0.0,15943,-605,69,discharging,None,None
19:22:24.182,sequential,8.4,430.6,169.8,2.5,1088.9,59.5,2400,0.0,0.0,15966,-519,69,discharging,None,None
19:22:24.691,sequential,8.4,430.6,169.8,68.0,1088.9,64.5,2400,0.0,0.0,15967,-421,69,discharging,None,None
19:22:25.194,sequential,8.4,398.3,180.0,51.0,1088.6,60.6,2400,0.0,0.0,15920,-600,69,discharging,None,None
19:22:25.698,sequential,8.3,398.3,180.0,10.9,1088.6,59.5,2400,0.0,0.0,15959,-619,69,discharging,None,None
19:22:26.211,sequential,8.3,398.3,180.0,16.6,1088.4,60.6,2400,0.0,0.0,15963,-449,69,discharging,None,None
19:22:26.715,sequential,7.9,407.2,171.4,99.0,1088.4,64.5,2400,0.0,0.0,15931,-514,69,discharging,None,None
19:22:27.218,sequential,7.9,407.2,171.4,5.0,1087.9,59.5,2400,0.0,0.0,15931,-624,69,discharging,None,None
19:22:27.722,sequential,7.9,407.2,171.4,2.5,1088.4,58.4,1800,0.0,0.0,15964,-533,69,discharging,None,None
19:22:28.231,sequential,8.3,407.2,171.4,64.5,1087.0,62.8,2400,0.0,0.0,15970,-405,69,discharging,None,None
19:22:28.735,sequential,8.3,419.8,174.0,57.6,1087.0,60.6,2400,0.0,0.0,15920,-560,69,discharging,None,None
19:22:29.238,sequential,8.3,419.8,174.0,2.5,1086.9,59.5,2400,0.0,0.0,15955,-612,69,discharging,None,None
19:22:29.751,sequential,8.3,419.8,174.0,11.4,1086.9,60.6,2400,0.0,0.0,15966,-414,69,discharging,None,None
19:22:30.255,sequential,8.2,409.7,174.0,99.5,1086.8,63.4,2400,0.0,0.0,15946,-739,69,discharging,None,None
19:22:30.759,sequential,8.2,409.7,170.6,12.6,1087.0,60.0,2400,0.0,0.0,15916,-623,69,discharging,None,None
19:22:31.262,sequential,8.2,409.7,170.6,4.4,1086.8,59.5,2400,0.0,0.0,15963,-553,69,discharging,None,None
19:22:31.771,sequential,8.4,409.7,170.6,58.5,1086.8,63.4,2400,0.0,0.0,15965,-413,69,discharging,None,None
19:22:32.274,sequential,8.4,400.8,179.2,61.3,1088.2,60.0,2400,0.0,0.0,15920,-570,69,discharging,None,None
19:22:32.778,sequential,8.3,400.8,179.2,1.5,1088.0,59.5,2400,0.0,0.0,15952,-564,69,discharging,None,None
19:22:33.287,sequential,8.3,400.8,179.2,6.0,1088.7,59.0,1600,0.0,0.0,15966,-409,69,discharging,None,None
19:22:33.791,sequential,8.3,416.0,179.2,99.5,1088.7,63.9,2400,0.0,0.0,15923,-538,69,discharging,None,None
19:22:34.295,sequential,8.3,416.0,179.7,17.5,1088.7,59.5,2400,0.0,0.0,15951,-610,69,discharging,None,None
19:22:34.798,sequential,8.3,416.0,179.7,2.0,1088.5,59.0,2400,0.0,0.0,15964,-482,69,discharging,None,None
19:22:35.303,sequential,8.4,416.0,179.7,50.2,1088.5,63.9,2400,0.0,0.0,15961,-455,69,discharging,None,None
19:22:35.806,sequential,8.4,399.0,183.3,69.8,1088.5,60.6,2400,0.0,0.0,15919,-625,69,discharging,None,None
19:22:36.310,sequential,8.3,399.0,183.3,1.5,1088.0,59.5,2400,0.0,0.0,15962,-585,69,discharging,None,None
19:22:36.814,sequential,8.3,399.0,183.3,1.5,1088.9,59.0,2400,0.0,0.0,15964,-414,69,discharging,None,None
19:22:37.320,sequential,8.3,404.0,183.3,95.0,1088.9,63.9,2400,0.0,0.0,15926,-545,69,discharging,None,None
19:22:37.824,sequential,8.3,404.0,178.0,33.0,1088.2,60.6,2400,0.0,0.0,15946,-638,69,discharging,None,None
19:22:38.328,sequential,8.3,404.0,178.0,2.5,1088.2,59.5,2400,0.0,0.0,15963,-507,69,discharging,None,None
19:22:38.836,sequential,7.8,404.0,178.0,44.1,1088.5,61.7,2400,0.0,0.0,15969,-418,69,discharging,None,None
19:22:39.339,sequential,7.8,414.1,176.7,78.1,1087.3,61.1,2400,0.0,0.0,15917,-599,69,discharging,None,None
19:22:39.843,sequential,7.8,414.1,176.7,1.5,1087.3,59.0,2400,0.0,0.0,15960,-601,69,discharging,None,None
19:22:40.346,sequential,8.4,414.1,176.7,1.5,1087.3,59.0,2400,0.0,0.0,15965,-420,69,discharging,None,None
19:22:40.852,sequential,8.4,398.0,176.7,87.1,1087.3,63.4,2400,0.0,0.0,15927,-523,69,discharging,None,None
19:22:41.355,sequential,8.3,398.0,186.4,33.2,1086.6,59.5,2400,0.0,0.0,15940,-628,69,discharging,None,None
19:22:41.859,sequential,8.3,398.0,186.4,1.5,1086.1,59.0,2400,0.0,0.0,15962,-519,69,discharging,None,None
19:22:42.367,sequential,8.3,398.0,186.4,34.5,1086.1,63.4,2400,0.0,0.0,15965,-422,69,discharging,None,None
19:22:42.871,sequential,8.3,401.6,180.0,84.3,1086.1,61.7,2400,0.0,0.0,15915,-603,69,discharging,None,None
19:22:43.374,sequential,8.3,401.6,180.0,2.0,1086.1,60.0,2400,0.0,0.0,15955,-617,69,discharging,None,None
19:22:43.878,sequential,8.4,401.6,180.0,2.0,1085.7,58.4,1800,0.0,0.0,15963,-437,69,discharging,None,None
19:22:44.387,sequential,8.4,401.6,180.0,79.6,1085.7,63.4,2400,0.0,0.0,15940,-485,69,discharging,None,None
19:22:44.891,sequential,8.3,413.6,175.9,41.1,1085.7,60.0,2400,0.0,0.0,15926,-610,69,discharging,None,None
19:22:45.394,sequential,8.3,413.6,175.9,1.5,1085.7,59.5,2400,0.0,0.0,15963,-539,69,discharging,None,None
19:22:45.903,sequential,8.3,413.6,175.9,26.6,1085.7,62.2,2400,0.0,0.0,15965,-413,69,discharging,None,None
19:22:46.406,sequential,8.3,404.5,170.2,91.1,1085.7,62.8,2400,0.0,0.0,15916,-583,69,discharging,None,None
19:22:46.910,sequential,8.3,404.5,170.2,2.0,1085.5,61.1,2400,0.0,0.0,15953,-625,69,discharging,None,None
19:22:47.414,sequential,8.4,404.5,170.2,2.0,1085.2,59.5,2400,0.0,0.0,15963,-454,69,discharging,None,None
19:22:47.920,sequential,8.4,404.5,170.2,74.8,1085.2,63.9,2400,0.0,0.0,15943,-486,69,discharging,None,None
19:22:48.424,sequential,8.3,409.4,172.9,45.5,1085.2,61.1,2400,0.0,0.0,15914,-625,69,discharging,None,None
19:22:48.928,sequential,8.3,409.4,172.9,1.5,1085.2,59.5,2400,0.0,0.0,15958,-552,69,discharging,None,None
19:22:49.436,sequential,8.3,409.4,172.9,22.4,1085.6,60.0,1800,0.0,0.0,15965,-406,69,discharging,None,None
19:22:49.940,sequential,8.3,594.2,172.9,100.0,1085.7,62.8,2400,0.0,0.0,15925,-530,69,discharging,None,None
19:22:50.444,sequential,8.3,594.2,168.7,34.5,1085.7,60.0,2400,0.0,0.0,15927,-652,69,discharging,None,None
19:22:50.947,sequential,8.3,594.2,168.7,1.5,1085.7,59.5,2400,0.0,0.0,15960,-529,69,discharging,None,None
19:22:51.455,sequential,6.7,594.2,168.7,33.0,1085.7,62.8,2400,0.0,0.0,15963,-414,69,discharging,None,None
19:22:51.959,sequential,6.7,396.4,182.0,86.1,1085.4,61.7,2400,0.0,0.0,15913,-588,69,discharging,None,None
19:22:52.462,sequential,8.3,396.4,182.0,2.5,1085.4,59.5,2400,0.0,0.0,15952,-626,69,discharging,None,None
19:22:52.966,sequential,8.3,396.4,182.0,1.5,1085.4,59.0,2400,0.0,0.0,15961,-451,69,discharging,None,None
19:22:53.472,sequential,8.3,399.5,182.0,79.6,1085.4,63.4,2400,0.0,0.0,15937,-491,69,discharging,None,None
19:22:53.976,sequential,8.3,399.5,171.7,38.4,1085.4,59.5,2400,0.0,0.0,15915,-625,69,discharging,None,None
19:22:54.480,sequential,8.3,399.5,171.7,1.5,1085.9,59.5,1900,0.0,0.0,15958,-548,69,discharging,None,None
19:22:54.988,sequential,8.3,399.5,171.7,30.7,1085.7,61.7,2400,0.0,0.0,15967,-401,69,discharging,None,None
19:22:55.491,sequential,8.3,412.2,175.3,90.6,1088.2,61.7,2400,0.0,0.0,15916,-549,69,discharging,None,None
19:22:55.995,sequential,8.3,412.2,175.3,1.5,1088.5,59.5,2400,0.0,0.0,15948,-613,69,discharging,None,None
19:22:56.499,sequential,8.3,412.2,175.3,2.0,1088.5,59.0,2400,0.0,0.0,15961,-466,69,discharging,None,None
19:22:57.007,sequential,8.3,412.2,175.3,74.0,1088.2,63.9,2400,0.0,0.0,15948,-473,69,discharging,None,None
19:22:57.510,sequential,8.3,411.3,173.5,47.1,1088.0,60.0,2400,0.0,0.0,15912,-627,69,discharging,None,None
19:22:58.014,sequential,8.3,411.3,173.5,2.0,1087.8,59.5,2400,0.0,0.0,15958,-568,69,discharging,None,None
19:22:58.523,sequential,8.4,411.3,173.5,21.9,1087.8,61.7,2400,0.0,0.0,15960,-414,69,discharging,None,None
19:22:59.026,sequential,8.4,410.1,175.8,98.0,1087.8,63.9,2400,0.0,0.0,15918,-560,69,discharging,None,None
19:22:59.531,sequential,8.3,410.1,175.8,2.5,1087.6,59.5,2400,0.0,0.0,15950,-628,69,discharging,None,None
19:23:00.035,sequential,8.3,410.1,175.8,2.5,1087.2,59.0,1600,0.0,0.0,15961,-482,69,discharging,None,None
19:23:00.543,sequential,8.3,410.1,175.8,67.0,1088.0,63.9,2400,0.0,0.0,15965,-424,69,discharging,None,None
19:23:01.046,sequential,8.3,420.5,178.8,56.4,1088.4,59.5,2400,0.0,0.0,15917,-599,69,discharging,None,None
19:23:01.550,sequential,8.3,420.5,178.8,2.0,1088.9,59.0,2400,0.0,0.0,15957,-590,69,discharging,None,None
19:23:02.059,sequential,8.4,420.5,178.8,20.4,1088.7,60.6,2400,0.0,0.0,15961,-416,69,discharging,None,None
19:23:02.564,sequential,8.4,398.7,178.8,100.0,1088.7,65.0,2400,0.0,0.0,15919,-548,69,discharging,None,None
19:23:03.068,sequential,8.4,398.7,171.2,7.9,1088.0,59.5,2400,0.0,0.0,15948,-634,69,discharging,None,None
19:23:03.571,sequential,7.9,398.7,171.2,3.0,1088.0,59.0,2400,0.0,0.0,15959,-501,69,discharging,None,None
19:23:04.079,sequential,7.9,398.7,171.2,60.4,1088.0,63.9,2400,0.0,0.0,15961,-436,69,discharging,None,None
19:23:04.583,sequential,8.3,412.2,177.4,60.7,1087.6,60.6,2400,0.0,0.0,15913,-619,69,discharging,None,None
19:23:05.086,sequential,8.3,412.2,177.4,2.5,1088.5,59.0,2400,0.0,0.0,15956,-606,69,discharging,None,None
19:23:05.593,sequential,8.4,412.2,177.4,7.5,1089.0,59.0,1600,0.0,0.0,15960,-422,69,discharging,None,None
19:23:06.097,sequential,8.4,429.7,177.4,99.5,1089.0,63.9,2400,0.0,0.0,15935,-493,69,discharging,None,None
19:23:06.601,sequential,8.4,429.7,172.4,19.8,1088.2,60.0,2400,0.0,0.0,15928,-608,69,discharging,None,None
19:23:07.104,sequential,8.4,429.7,172.4,2.0,1087.8,59.0,2400,0.0,0.0,15959,-529,69,discharging,None,None
19:23:07.612,sequential,8.4,429.7,172.4,49.5,1087.8,62.2,2400,0.0,0.0,15961,-414,69,discharging,None,None
19:23:08.116,sequential,8.2,409.8,174.1,71.1,1087.8,61.1,2400,0.0,0.0,15912,-593,69,discharging,None,None
19:23:08.619,sequential,8.2,409.8,174.1,3.0,1087.8,59.5,2400,0.0,0.0,15951,-627,69,discharging,None,None
19:23:09.123,sequential,8.4,409.8,174.1,2.5,1087.3,59.0,2400,0.0,0.0,15960,-447,69,discharging,None,None
19:23:09.631,sequential,8.4,398.5,174.1,93.5,1087.3,62.8,2400,0.0,0.0,15931,-494,69,discharging,None,None
19:23:10.134,sequential,8.4,398.5,180.3,25.6,1086.9,59.5,2400,0.0,0.0,15918,-624,69,discharging,None,None
19:23:10.638,sequential,8.3,398.5,180.3,2.5,1086.9,59.0,2400,0.0,0.0,15956,-544,69,discharging,None,None
19:23:11.143,sequential,8.3,398.5,180.3,44.3,1086.8,62.2,2400,0.0,0.0,15961,-407,69,discharging,None,None
19:23:11.647,sequential,8.2,413.7,180.7,79.6,1086.8,60.6,2400,0.0,0.0,15916,-552,69,discharging,None,None
19:23:12.150,sequential,8.2,413.7,180.7,2.5,1086.4,59.5,2400,0.0,0.0,15946,-612,69,discharging,None,None
19:23:12.654,sequential,8.2,413.7,180.7,2.5,1086.4,59.0,2400,0.0,0.0,15959,-466,69,discharging,None,None
19:23:13.161,sequential,8.4,400.2,180.7,86.1,1086.4,62.8,2400,0.0,0.0,15946,-473,69,discharging,None,None
19:23:13.665,sequential,8.4,400.2,183.7,35.3,1085.9,60.0,2400,0.0,0.0,15911,-627,69,discharging,None,None
19:23:14.168,sequential,8.3,400.2,183.7,10.4,1085.9,59.5,2400,0.0,0.0,15957,-570,69,discharging,None,None
19:23:14.679,sequential,8.3,400.2,183.7,34.5,1085.9,62.8,2400,0.0,0.0,15956,-425,69,discharging,None,None
19:23:15.182,sequential,7.9,403.6,170.9,84.7,1087.5,61.1,2400,0.0,0.0,15916,-569,69,discharging,None,None
19:23:15.686,sequential,7.9,403.6,170.9,2.5,1087.5,59.0,2400,0.0,0.0,15946,-625,69,discharging,None,None
19:23:16.189,sequential,7.9,403.6,170.9,2.5,1087.3,57.9,1900,0.0,0.0,15957,-479,69,discharging,None,None
19:23:16.695,sequential,8.2,412.2,170.9,81.2,1087.3,63.4,2400,0.0,0.0,15960,-435,69,discharging,None,None
19:23:17.198,sequential,8.2,412.2,181.8,41.8,1087.3,60.0,2400,0.0,0.0,15912,-605,69,discharging,None,None
19:23:17.702,sequential,8.4,412.2,181.8,2.5,1087.3,59.5,2400,0.0,0.0,15954,-586,69,discharging,None,None
19:23:18.209,sequential,8.4,412.2,181.8,26.7,1087.1,61.1,2400,0.0,0.0,15959,-414,69,discharging,None,None
19:23:18.712,sequential,8.4,397.4,184.9,93.1,1087.1,62.2,2400,0.0,0.0,15918,-543,69,discharging,None,None
19:23:19.216,sequential,8.3,397.4,184.9,2.5,1086.8,59.5,2400,0.0,0.0,15947,-625,69,discharging,None,None
19:23:19.719,sequential,8.3,397.4,184.9,3.0,1086.8,59.5,2400,0.0,0.0,15958,-495,69,discharging,None,None
19:23:20.227,sequential,8.3,397.4,184.9,71.6,1086.7,63.4,2400,0.0,0.0,15958,-438,69,discharging,None,None
19:23:20.730,sequential,8.3,398.8,176.8,46.8,1086.7,60.0,2400,0.0,0.0,15914,-621,69,discharging,None,None
19:23:21.234,sequential,8.4,398.8,176.8,2.5,1086.5,58.4,2400,0.0,0.0,15955,-598,69,discharging,None,None
19:23:21.743,sequential,8.4,398.8,176.8,20.9,1086.9,60.0,2400,0.0,0.0,15959,-414,69,discharging,None,None
19:23:22.246,sequential,8.4,418.1,173.8,100.0,1087.0,63.4,2400,0.0,0.0,15922,-504,69,discharging,None,None
19:23:22.750,sequential,8.3,418.1,173.8,3.5,1086.8,59.0,2400,0.0,0.0,15936,-609,69,discharging,None,None
19:23:23.253,sequential,8.3,418.1,173.8,2.5,1086.7,59.5,2400,0.0,0.0,15955,-518,69,discharging,None,None
19:23:23.760,sequential,8.3,418.1,173.8,64.7,1086.7,63.9,2400,0.0,0.0,15958,-423,69,discharging,None,None
19:23:24.263,sequential,8.3,410.2,175.0,55.2,1086.4,60.0,2400,0.0,0.0,15908,-603,69,discharging,None,None
19:23:24.767,sequential,8.4,410.2,175.0,3.0,1086.4,58.4,2400,0.0,0.0,15949,-618,69,discharging,None,None
19:23:25.275,sequential,8.4,410.2,175.0,12.4,1086.6,60.6,2400,0.0,0.0,15957,-415,69,discharging,None,None
19:23:25.783,sequential,8.4,415.8,175.0,99.5,1087.5,64.5,2400,0.0,0.0,15908,-595,69,discharging,None,None
19:23:26.286,sequential,8.3,415.8,168.7,19.2,1087.5,61.1,2400,0.0,0.0,15941,-636,69,discharging,None,None
19:23:26.790,sequential,8.3,415.8,168.7,2.5,1087.5,59.0,1900,0.0,0.0,15955,-456,69,discharging,None,None
19:23:27.299,sequential,7.9,415.8,168.7,59.3,1087.8,63.4,2400,0.0,0.0,15942,-467,69,discharging,None,None
19:23:27.803,sequential,7.9,414.0,186.8,64.2,1087.1,60.6,2400,0.0,0.0,15908,-604,69,discharging,None,None
19:23:28.307,sequential,7.9,414.0,186.8,3.0,1087.1,59.0,2400,0.0,0.0,15955,-550,69,discharging,None,None
19:23:28.816,sequential,8.3,414.0,186.8,4.4,1086.8,59.0,2400,0.0,0.0,15956,-413,69,discharging,None,None
19:23:29.324,sequential,8.3,409.8,186.8,99.0,1086.8,64.5,2400,0.0,0.0,15910,-571,69,discharging,None,None
19:23:29.828,sequential,8.3,409.8,187.5,19.5,1086.8,60.6,2400,0.0,0.0,15944,-630,69,discharging,None,None
19:23:30.331,sequential,8.3,409.8,187.5,2.5,1086.8,59.0,2400,0.0,0.0,15955,-472,69,discharging,None,None
19:23:30.839,sequential,8.3,409.8,187.5,48.3,1086.8,63.9,2400,0.0,0.0,15947,-466,69,discharging,None,None
19:23:31.343,sequential,8.3,399.9,173.7,71.1,1086.1,62.2,2400,0.0,0.0,15908,-624,69,discharging,None,None
19:23:31.846,sequential,8.3,399.9,173.7,2.5,1085.9,59.0,2400,0.0,0.0,15954,-572,69,discharging,None,None
19:23:32.350,sequential,8.3,399.9,173.7,3.0,1086.3,58.4,1600,0.0,0.0,15958,-409,69,discharging,None,None
19:23:32.859,sequential,8.3,421.3,173.7,94.5,1086.6,63.4,2400,0.0,0.0,15916,-535,69,discharging,None,None
19:23:33.363,sequential,8.3,421.3,179.5,29.9,1086.6,59.5,2400,0.0,0.0,15944,-615,69,discharging,None,None
19:23:33.866,sequential,8.3,421.3,179.5,2.5,1086.1,59.0,2400,0.0,0.0,15956,-489,69,discharging,None,None
19:23:34.375,sequential,8.3,421.3,179.5,38.8,1086.1,62.8,2400,0.0,0.0,15958,-445,69,discharging,None,None
19:23:34.878,sequential,8.3,407.8,176.0,80.8,1085.7,61.1,2400,0.0,0.0,15911,-626,69,discharging,None,None
19:23:35.382,sequential,8.3,407.8,176.0,2.5,1086.6,59.5,2400,0.0,0.0,15954,-596,69,discharging,None,None
19:23:35.885,sequential,8.3,407.8,176.0,3.0,1086.6,58.4,2400,0.0,0.0,15956,-415,69,discharging,None,None
19:23:36.398,sequential,8.3,407.6,176.0,84.7,1086.6,62.8,2400,0.0,0.0,15915,-531,69,discharging,None,None
19:23:36.902,sequential,8.3,407.6,172.4,34.6,1086.4,59.5,2400,0.0,0.0,15940,-626,69,discharging,None,None
19:23:37.405,sequential,8.3,407.6,172.4,2.5,1086.4,59.0,2400,0.0,0.0,15954,-507,69,discharging,None,None
19:23:37.912,sequential,8.3,407.6,172.4,34.8,1086.1,61.7,2400,0.0,0.0,15960,-416,69,discharging,None,None
19:23:38.417,sequential,8.3,558.9,172.4,99.0,1086.3,63.9,2400,0.0,0.0,15912,-580,69,discharging,None,None
19:23:38.920,sequential,8.3,558.9,185.6,19.4,1086.6,59.5,2400,0.0,0.0,15943,-645,69,discharging,None,None
19:23:39.424,sequential,8.0,558.9,185.6,4.4,1087.5,59.0,2400,0.0,0.0,15955,-483,69,discharging,None,None
19:23:39.932,sequential,8.0,558.9,185.6,50.2,1087.5,63.4,2400,0.0,0.0,15956,-454,69,discharging,None,None
19:23:40.435,sequential,8.0,399.1,183.5,71.1,1087.5,61.1,2400,0.0,0.0,15911,-626,69,discharging,None,None
19:23:40.939,sequential,8.3,399.1,183.5,1.5,1086.8,59.5,2400,0.0,0.0,15952,-587,69,discharging,None,None
19:23:41.442,sequential,8.3,399.1,183.5,2.0,1086.8,58.4,2400,0.0,0.0,15956,-414,69,discharging,None,None
19:23:41.951,sequential,8.3,404.7,183.5,94.0,1086.8,63.4,2400,0.0,0.0,15914,-543,69,discharging,None,None
19:23:42.455,sequential,8.3,404.7,177.7,26.2,1086.6,60.0,2400,0.0,0.0,15944,-627,69,discharging,None,None
19:23:42.959,sequential,8.4,404.7,177.7,2.0,1086.6,59.0,1900,0.0,0.0,15954,-497,69,discharging,None,None
19:23:43.467,sequential,8.4,404.7,177.7,41.2,1086.6,62.8,2400,0.0,0.0,15961,-410,69,discharging,None,None
19:23:43.972,sequential,8.4,422.8,178.1,80.9,1087.0,61.7,2400,0.0,0.0,15907,-592,69,discharging,None,None
19:23:44.475,sequential,8.3,422.8,178.1,2.0,1087.0,59.5,2400,0.0,0.0,15948,-608,69,discharging,None,None
19:23:44.979,sequential,8.3,422.8,178.1,1.5,1086.8,59.0,2400,0.0,0.0,15954,-426,69,discharging,None,None
19:23:45.490,sequential,8.3,405.8,178.1,84.3,1088.7,62.8,2400,0.0,0.0,15917,-515,69,discharging,None,None
19:23:45.994,sequential,8.3,405.8,179.8,34.7,1088.2,60.0,2400,0.0,0.0,15925,-626,69,discharging,None,None
19:23:46.498,sequential,8.3,405.8,179.8,1.5,1088.2,59.5,2400,0.0,0.0,15953,-525,69,discharging,None,None
19:23:47.004,sequential,8.4,405.8,179.8,33.2,1088.0,62.8,2400,0.0,0.0,15954,-417,69,discharging,None,None
19:23:47.508,sequential,8.4,411.3,172.0,87.5,1088.0,62.2,2400,0.0,0.0,15905,-597,69,discharging,None,None
19:23:48.012,sequential,8.3,411.3,172.0,1.5,1087.5,59.5,2400,0.0,0.0,15945,-624,69,discharging,None,None
19:23:48.515,sequential,8.3,411.3,172.0,2.0,1087.5,57.9,1600,0.0,0.0,15954,-445,69,discharging,None,None
19:23:49.024,sequential,8.3,411.3,172.0,77.7,1089.4,63.4,2400,0.0,0.0,15936,-471,69,discharging,None,None
19:23:49.527,sequential,8.3,427.3,175.9,46.0,1088.9,60.0,2400,0.0,0.0,15907,-606,69,discharging,None,None
19:23:50.031,sequential,8.3,427.3,175.9,2.0,1089.7,60.0,2400,0.0,0.0,15949,-550,69,discharging,None,None
19:23:50.539,sequential,8.4,427.3,175.9,31.0,1089.7,61.7,2400,0.0,0.0,15946,-425,69,discharging,None,None
19:23:51.051,sequential,8.4,399.5,175.3,94.7,1088.8,63.4,2400,0.0,0.0,15906,-584,69,discharging,None,None
19:23:51.554,sequential,7.9,399.5,175.3,1.5,1088.8,59.5,2400,0.0,0.0,15940,-626,69,discharging,None,None
19:23:52.058,sequential,7.9,399.5,175.3,2.0,1087.8,59.0,2400,0.0,0.0,15954,-466,69,discharging,None,None
19:23:52.567,sequential,7.9,399.5,175.3,70.5,1087.8,64.5,2400,0.0,0.0,15940,-474,69,discharging,None,None
19:23:53.070,sequential,8.3,408.0,176.0,49.8,1088.3,60.0,2400,0.0,0.0,15904,-627,69,discharging,None,None
19:23:53.574,sequential,8.3,408.0,176.0,1.5,1088.3,59.0,2400,0.0,0.0,15950,-567,69,discharging,None,None
19:23:54.080,sequential,8.4,408.0,176.0,18.9,1087.5,60.0,1600,0.0,0.0,15953,-409,69,discharging,None,None
19:23:54.583,sequential,8.4,423.3,172.7,100.0,1087.5,63.9,2400,0.0,0.0,15913,-536,69,discharging,None,None
19:23:55.087,sequential,8.3,423.3,172.7,5.0,1086.8,59.0,2400,0.0,0.0,15940,-611,69,discharging,None,None
19:23:55.590,sequential,8.3,423.3,172.7,2.5,1086.8,59.5,2400,0.0,0.0,15953,-483,69,discharging,None,None
19:23:56.099,sequential,8.3,423.3,172.7,61.1,1086.8,63.4,2400,0.0,0.0,15952,-452,69,discharging,None,None
19:23:56.602,sequential,8.3,411.3,172.6,58.3,1088.7,60.0,2400,0.0,0.0,15908,-625,69,discharging,None,None
19:23:57.106,sequential,8.3,411.3,172.6,1.5,1088.5,58.4,2400,0.0,0.0,15949,-589,69,discharging,None,None
19:23:57.616,sequential,8.4,411.3,172.6,9.0,1088.5,60.0,2400,0.0,0.0,15953,-414,69,discharging,None,None
19:23:58.120,sequential,8.4,402.2,172.6,100.0,1088.5,64.5,2400,0.0,0.0,15912,-538,69,discharging,None,None
19:23:58.624,sequential,8.3,402.2,181.9,11.6,1087.8,60.0,2400,0.0,0.0,15941,-626,69,discharging,None,None
19:23:59.127,sequential,8.3,402.2,181.9,2.0,1087.6,59.0,1900,0.0,0.0,15952,-500,69,discharging,None,None
19:23:59.635,sequential,8.3,402.2,181.9,55.9,1087.5,63.4,2400,0.0,0.0,15958,-415,69,discharging,None,None
19:24:00.138,sequential,8.2,414.1,181.7,67.2,1087.3,60.6,2400,0.0,0.0,15907,-592,69,discharging,None,None
19:24:00.642,sequential,8.2,414.1,181.7,2.0,1087.3,59.0,2400,0.0,0.0,15948,-603,69,discharging,None,None
19:24:01.145,sequential,8.5,414.1,181.7,1.5,1086.9,59.0,2400,0.0,0.0,15953,-426,69,discharging,None,None
19:24:01.652,sequential,8.5,397.0,181.7,98.0,1087.7,63.9,2400,0.0,0.0,15917,-515,69,discharging,None,None
19:24:02.156,sequential,8.5,397.0,172.5,18.6,1088.2,59.5,2400,0.0,0.0,15928,-621,69,discharging,None,None
19:24:02.659,sequential,8.3,397.0,172.5,10.5,1088.2,59.5,2400,0.0,0.0,15944,-531,69,discharging,None,None
19:24:03.167,sequential,8.3,397.0,172.5,48.8,1088.0,62.2,2400,0.0,0.0,15951,-433,69,discharging,None,None
19:24:03.671,sequential,7.9,398.9,171.0,68.3,1088.0,61.1,2400,0.0,0.0,15903,-605,69,discharging,None,None
19:24:04.174,sequential,7.9,398.9,171.0,2.5,1086.9,59.5,2400,0.0,0.0,15944,-617,69,discharging,None,None
19:24:04.678,sequential,8.4,398.9,171.0,2.0,1086.9,57.9,1600,0.0,0.0,15952,-433,69,discharging,None,None
19:24:05.187,sequential,8.4,404.3,171.0,96.5,1087.8,63.9,2400,0.0,0.0,15920,-497,69,discharging,None,None
19:24:05.690,sequential,8.4,404.3,181.1,24.1,1088.0,60.6,2400,0.0,0.0,15919,-616,69,discharging,None,None
19:24:06.194,sequential,8.3,404.3,181.1,2.0,1088.0,59.0,2400,0.0,0.0,15949,-533,69,discharging,None,None
19:24:06.703,sequential,8.3,404.3,181.1,44.3,1088.0,63.4,2400,0.0,0.0,15952,-415,69,discharging,None,None
19:24:07.206,sequential,8.3,406.1,172.0,73.4,1087.1,60.6,2400,0.0,0.0,15903,-590,69,discharging,None,None
19:24:07.710,sequential,8.3,406.1,172.0,2.5,1087.1,59.5,2400,0.0,0.0,15942,-624,69,discharging,None,None
19:24:08.213,sequential,8.3,406.1,172.0,2.5,1086.8,59.5,2400,0.0,0.0,15951,-447,69,discharging,None,None
19:24:08.719,sequential,8.3,398.8,172.0,90.5,1086.8,63.9,2400,0.0,0.0,15920,-494,69,discharging,None,None
19:24:09.222,sequential,8.3,398.8,175.3,28.9,1086.8,59.5,2400,0.0,0.0,15904,-627,69,discharging,None,None
19:24:09.726,sequential,8.3,398.8,175.3,2.5,1086.8,58.4,2400,0.0,0.0,15948,-547,69,discharging,None,None
19:24:10.235,sequential,8.3,398.8,175.3,40.0,1086.8,62.8,2400,0.0,0.0,15954,-405,69,discharging,None,None
19:24:10.738,sequential,8.3,420.0,173.4,81.8,1088.7,61.1,2400,0.0,0.0,15906,-557,69,discharging,None,None
19:24:11.242,sequential,8.3,420.0,173.4,2.5,1088.5,59.0,2400,0.0,0.0,15937,-619,69,discharging,None,None
19:24:11.745,sequential,8.3,420.0,173.4,3.0,1088.5,57.9,2400,0.0,0.0,15949,-468,69,discharging,None,None
19:24:12.258,sequential,8.3,406.2,173.4,83.3,1088.2,63.4,2400,0.0,0.0,15937,-473,69,discharging,None,None
19:24:12.762,sequential,8.3,406.2,166.9,34.0,1088.2,59.5,2400,0.0,0.0,15900,-624,69,discharging,None,None
19:24:13.265,sequential,8.4,406.2,166.9,2.5,1088.0,60.0,2400,0.0,0.0,15948,-567,69,discharging,None,None
19:24:13.769,sequential,8.4,406.2,166.9,34.8,1088.0,63.4,2400,0.0,0.0,15951,-414,69,discharging,None,None
19:24:14.443,sequential,8.3,403.9,174.1,70.1,1087.8,60.6,2400,0.0,0.0,15901,-626,69,discharging,None,None
19:24:14.946,sequential,8.3,403.9,174.1,3.5,1087.4,59.5,2400,0.0,0.0,15944,-583,69,discharging,None,None
19:24:15.455,sequential,8.3,403.9,174.1,15.4,1087.8,59.5,1600,0.0,0.0,15949,-421,69,discharging,None,None
19:24:15.959,sequential,7.9,425.5,174.1,100.0,1087.8,63.9,2400,0.0,0.0,15910,-532,69,discharging,None,None
19:24:16.463,sequential,7.9,425.5,172.4,9.9,1088.1,59.5,2400,0.0,0.0,15938,-612,69,discharging,None,None
19:24:16.967,sequential,8.4,425.5,172.4,3.0,1087.7,59.0,2400,0.0,0.0,15949,-490,69,discharging,None,None
19:24:17.475,sequential,8.4,425.5,172.4,58.9,1087.7,64.5,2400,0.0,0.0,15951,-447,69,discharging,None,None
19:24:17.978,sequential,8.3,407.5,172.9,60.9,1087.1,60.6,2400,0.0,0.0,15904,-626,69,discharging,None,None
19:24:18.482,sequential,8.3,407.5,172.9,2.5,1087.9,59.5,2400,0.0,0.0,15946,-595,69,discharging,None,None
19:24:18.991,sequential,8.3,407.5,172.9,7.0,1087.8,59.5,2400,0.0,0.0,15951,-416,69,discharging,None,None
19:24:19.497,sequential,8.3,401.8,172.9,99.5,1087.8,64.5,2400,0.0,0.0,15907,-534,69,discharging,None,None
19:24:20.000,sequential,8.3,401.8,176.3,13.9,1087.8,59.5,2400,0.0,0.0,15935,-626,69,discharging,None,None
19:24:20.504,sequential,8.4,401.8,176.3,2.5,1087.8,58.4,2400,0.0,0.0,15948,-505,69,discharging,None,None
19:24:21.012,sequential,8.4,401.8,176.3,54.9,1087.8,62.8,2400,0.0,0.0,15952,-415,69,discharging,None,None
19:24:21.515,sequential,8.4,418.9,176.9,68.0,1089.2,60.0,2400,0.0,0.0,15899,-598,69,discharging,None,None
19:24:22.019,sequential,8.3,418.9,176.9,3.0,1089.4,59.0,2400,0.0,0.0,15940,-619,69,discharging,None,None
19:24:22.522,sequential,8.3,418.9,176.9,2.5,1089.4,58.4,2400,0.0,0.0,15947,-445,69,discharging,None,None
19:24:23.031,sequential,8.3,398.5,176.9,97.0,1089.4,63.4,2400,0.0,0.0,15911,-531,69,discharging,None,None
19:24:23.534,sequential,8.3,398.5,183.4,24.0,1096.9,60.0,2400,0.0,0.0,15918,-643,69,discharging,None,None
19:24:24.038,sequential,8.3,398.5,183.4,2.5,1095.6,58.4,2400,0.0,0.0,15946,-537,69,discharging,None,None
19:24:24.547,sequential,8.3,398.5,183.4,46.0,1095.6,63.4,2400,0.0,0.0,15949,-419,69,discharging,None,None
19:24:25.050,sequential,8.3,396.0,173.3,72.1,1095.1,60.6,2400,0.0,0.0,15900,-597,69,discharging,None,None
19:24:25.554,sequential,8.3,396.0,173.3,2.5,1095.6,59.0,2400,0.0,0.0,15939,-622,69,discharging,None,None
19:24:26.057,sequential,8.3,396.0,173.3,2.5,1094.0,58.4,1600,0.0,0.0,15948,-441,69,discharging,None,None
19:24:26.676,sequential,8.3,590.3,173.3,88.6,1094.0,61.7,2400,0.0,0.0,15924,-483,69,discharging,None,None
19:24:27.179,sequential,8.3,590.3,175.4,38.5,1094.9,60.0,2400,0.0,0.0,15916,-636,69,discharging,None,None
19:24:27.683,sequential,8.3,590.3,175.4,2.5,1095.3,59.0,2400,0.0,0.0,15942,-576,69,discharging,None,None
19:24:28.191,sequential,7.3,590.3,175.4,28.1,1093.3,61.7,2400,0.0,0.0,15947,-423,69,discharging,None,None
19:24:28.694,sequential,7.3,415.2,174.3,93.6,1093.3,62.8,2400,0.0,0.0,15910,-607,69,discharging,None,None
19:24:29.198,sequential,8.3,415.2,174.3,2.5,1092.0,60.0,2400,0.0,0.0,15941,-615,69,discharging,None,None
19:24:29.701,sequential,8.3,415.2,174.3,3.0,1092.0,58.4,2400,0.0,0.0,15948,-434,69,discharging,None,None
19:24:30.208,sequential,8.3,415.2,174.3,72.1,1090.9,65.0,2400,0.0,0.0,15912,-508,69,discharging,None,None
19:24:30.711,sequential,8.3,409.7,168.6,47.0,1090.9,60.6,2400,0.0,0.0,15915,-627,69,discharging,None,None
19:24:31.215,sequential,8.3,409.7,168.6,3.0,1089.5,59.0,1900,0.0,0.0,15944,-532,69,discharging,None,None
19:24:31.727,sequential,8.3,409.7,168.6,20.5,1089.5,60.0,1800,0.0,0.0,15954,-396,69,discharging,None,None
19:24:32.230,sequential,8.3,422.9,168.3,98.5,1089.3,63.9,2400,0.0,0.0,15902,-555,69,discharging,None,None
19:24:32.734,sequential,8.3,422.9,168.3,3.5,1089.0,59.5,2400,0.0,0.0,15936,-611,69,discharging,None,None
19:24:33.237,sequential,8.3,422.9,168.3,2.5,1088.6,58.4,2400,0.0,0.0,15946,-453,69,discharging,None,None
19:24:33.744,sequential,8.3,422.9,168.3,65.7,1088.6,63.4,2400,0.0,0.0,15919,-491,69,discharging,None,None
19:24:34.248,sequential,8.3,402.6,175.9,54.0,1087.8,60.0,2400,0.0,0.0,15898,-626,69,discharging,None,None
19:24:34.751,sequential,8.3,402.6,175.9,2.0,1087.6,59.5,2400,0.0,0.0,15944,-550,69,discharging,None,None
19:24:35.259,sequential,8.4,402.6,175.9,14.4,1088.5,61.1,2400,0.0,0.0,15947,-414,69,discharging,None,None
19:24:35.763,sequential,8.4,399.8,175.9,100.0,1088.5,63.9,2400,0.0,0.0,15900,-574,69,discharging,None,None
19:24:36.266,sequential,8.3,399.8,184.0,8.9,1088.5,60.0,2400,0.0,0.0,15934,-628,69,discharging,None,None
19:24:36.770,sequential,8.3,399.8,184.0,2.5,1088.5,59.5,2400,0.0,0.0,15946,-467,69,discharging,None,None
19:24:37.279,sequential,8.3,399.8,184.0,59.5,1089.9,63.4,2400,0.0,0.0,15942,-444,69,discharging,None,None
19:24:37.782,sequential,8.3,423.0,181.3,64.7,1089.9,60.6,2400,0.0,0.0,15898,-606,69,discharging,None,None
19:24:38.286,sequential,8.3,423.0,181.3,2.0,1089.4,60.0,2400,0.0,0.0,15942,-577,69,discharging,None,None
19:24:38.793,sequential,8.4,423.0,181.3,12.7,1089.4,59.0,2400,0.0,0.0,15946,-423,69,discharging,None,None
19:24:39.299,sequential,8.4,402.3,181.3,100.0,1089.4,63.4,2400,0.0,0.0,15902,-564,69,discharging,None,None
19:24:39.802,sequential,7.9,402.3,175.7,18.3,1089.4,59.5,2400,0.0,0.0,15934,-628,69,discharging,None,None
19:24:40.306,sequential,7.9,402.3,175.7,3.0,1088.7,59.0,2400,0.0,0.0,15947,-488,69,discharging,None,None
19:24:40.815,sequential,7.9,402.3,175.7,50.2,1088.7,64.5,2400,0.0,0.0,15944,-452,69,discharging,None,None
19:24:41.318,sequential,8.3,395.6,182.4,68.5,1088.2,60.6,2400,0.0,0.0,15900,-626,69,discharging,None,None
19:24:41.822,sequential,8.3,395.6,182.4,2.5,1088.2,60.0,2400,0.0,0.0,15944,-591,69,discharging,None,None
19:24:42.326,sequential,8.4,395.6,182.4,3.0,1088.2,59.0,1600,0.0,0.0,15946,-413,69,discharging,None,None
19:24:42.832,sequential,8.4,417.0,182.4,96.6,1088.2,63.9,2400,0.0,0.0,15914,-515,69,discharging,None,None
19:24:43.336,sequential,8.4,417.0,182.1,26.5,1089.4,60.6,2400,0.0,0.0,15930,-611,69,discharging,None,None
19:24:43.839,sequential,8.3,417.0,182.1,2.5,1088.9,59.5,2400,0.0,0.0,15947,-509,69,discharging,None,None
19:24:44.347,sequential,8.3,417.0,182.1,42.3,1089.4,63.4,2400,0.0,0.0,15946,-431,69,discharging,None,None
19:24:44.850,sequential,8.3,397.2,174.6,76.6,1088.7,61.1,2400,0.0,0.0,15900,-615,69,discharging,None,None
19:24:45.354,sequential,8.3,397.2,174.6,3.0,1088.9,59.5,2400,0.0,0.0,15939,-609,69,discharging,None,None
19:24:45.857,sequential,8.4,397.2,174.6,2.0,1088.0,59.0,2400,0.0,0.0,15946,-424,69,discharging,None,None
19:24:46.367,sequential,8.4,412.8,174.6,87.7,1088.0,64.5,2400,0.0,0.0,15907,-516,69,discharging,None,None
19:24:46.870,sequential,8.4,412.8,180.2,32.3,1087.3,60.6,2400,0.0,0.0,15916,-628,69,discharging,None,None
19:24:47.374,sequential,8.3,412.8,180.2,3.0,1087.3,59.0,2400,0.0,0.0,15943,-527,69,discharging,None,None
19:24:47.884,sequential,8.3,412.8,180.2,35.3,1087.3,60.0,1600,0.0,0.0,15948,-408,69,discharging,None,None
19:24:48.388,sequential,8.2,443.2,167.8,89.7,1086.6,61.7,2400,0.0,0.0,15901,-555,69,discharging,None,None
19:24:48.891,sequential,8.2,443.2,167.8,4.9,1086.6,59.0,2400,0.0,0.0,15933,-604,69,discharging,None,None
19:24:49.395,sequential,8.2,443.2,167.8,7.1,1087.1,58.4,2400,0.0,0.0,15946,-457,69,discharging,None,None
19:24:49.903,sequential,8.4,443.2,167.8,74.6,1087.1,63.4,2400,0.0,0.0,15925,-484,69,discharging,None,None
19:24:50.407,sequential,8.4,411.5,178.1,45.8,1086.4,60.0,2400,0.0,0.0,15895,-626,69,discharging,None,None
19:24:50.911,sequential,8.3,411.5,178.1,10.6,1087.1,59.0,2400,0.0,0.0,15941,-566,69,discharging,None,None
19:24:51.419,sequential,8.3,411.5,178.1,22.0,1087.1,61.7,2400,0.0,0.0,15944,-426,69,discharging,None,None
19:24:51.922,sequential,7.9,396.6,185.5,97.0,1086.8,63.4,2400,0.0,0.0,15899,-571,69,discharging,None,None
19:24:52.426,sequential,7.9,396.6,185.5,1.5,1086.8,59.0,2400,0.0,0.0,15931,-628,69,discharging,None,None
19:24:52.929,sequential,7.9,396.6,185.5,2.0,1085.9,58.4,1600,0.0,0.0,15944,-473,69,discharging,None,None
19:24:53.435,sequential,8.4,396.6,185.5,69.0,1085.9,63.4,2400,0.0,0.0,15942,-439,69,discharging,None,None
19:24:53.939,sequential,8.4,410.7,185.6,54.3,1085.9,59.5,2400,0.0,0.0,15896,-602,69,discharging,None,None
19:24:54.443,sequential,8.3,410.7,185.6,2.0,1085.9,58.4,2400,0.0,0.0,15940,-578,69,discharging,None,None
19:24:54.955,sequential,8.3,410.7,185.6,12.6,1085.7,61.1,2400,0.0,0.0,15944,-415,69,discharging,None,None
19:24:55.459,sequential,8.3,401.8,185.6,100.0,1085.7,65.5,2400,0.0,0.0,15902,-551,69,discharging,None,None
19:24:55.963,sequential,8.3,401.8,183.3,8.0,1085.5,60.0,2400,0.0,0.0,15932,-627,69,discharging,None,None
19:24:56.466,sequential,8.3,401.8,183.3,1.5,1085.5,59.0,2400,0.0,0.0,15943,-491,69,discharging,None,None
19:24:56.975,sequential,8.3,401.8,183.3,58.7,1085.5,63.4,2400,0.0,0.0,15945,-444,69,discharging,None,None
19:24:57.478,sequential,8.3,408.0,173.0,59.9,1087.1,59.5,2400,0.0,0.0,15899,-626,69,discharging,None,None
19:24:57.982,sequential,8.3,408.0,173.0,1.5,1087.4,59.0,2400,0.0,0.0,15941,-598,69,discharging,None,None
19:24:58.492,sequential,8.3,408.0,173.0,7.5,1088.9,60.0,1600,0.0,0.0,15943,-413,69,discharging,None,None
19:24:58.996,sequential,8.3,421.4,173.0,100.0,1089.2,63.9,2400,0.0,0.0,15907,-503,69,discharging,None,None
19:24:59.500,sequential,8.3,421.4,178.3,16.5,1089.2,59.5,2400,0.0,0.0,15923,-608,69,discharging,None,None
19:25:00.003,sequential,8.3,421.4,178.3,1.5,1092.7,59.0,2400,0.0,0.0,15942,-516,69,discharging,None,None
19:25:00.511,sequential,8.2,421.4,178.3,50.8,1092.7,63.4,2400,0.0,0.0,15944,-424,69,discharging,None,None
19:25:01.015,sequential,8.2,413.7,172.1,70.2,1092.1,61.1,2400,0.0,0.0,15894,-605,69,discharging,None,None
19:25:01.519,sequential,8.2,413.7,172.1,0.5,1092.1,59.5,2400,0.0,0.0,15934,-617,69,discharging,None,None
19:25:02.022,sequential,8.2,413.7,172.1,0.0,1091.5,58.4,2400,0.0,0.0,15944,-432,69,discharging,None,None
19:25:02.531,sequential,8.2,367.5,172.1,95.5,1091.5,63.4,2400,0.0,0.0,15908,-501,69,discharging,None,None
19:25:03.034,sequential,8.2,367.5,164.1,12.8,1091.2,59.0,2400,0.0,0.0,15924,-607,69,discharging,None,None
19:25:03.538,sequential,8.2,367.5,164.1,0.0,1091.2,59.0,2400,0.0,0.0,15943,-510,69,discharging,None,None
19:25:04.047,sequential,8.2,367.5,164.1,52.5,1091.4,62.8,2400,0.0,0.0,15948,-405,69,discharging,None,None
19:25:04.550,sequential,8.2,383.3,168.0,58.3,1091.7,59.5,2400,0.0,0.0,15899,-583,69,discharging,None,None
19:25:05.054,sequential,8.2,383.3,168.0,0.0,1091.7,59.0,2400,0.0,0.0,15941,-589,69,discharging,None,None
19:25:05.563,sequential,8.2,383.3,168.0,5.5,1094.0,59.5,2400,0.0,0.0,15944,-412,69,discharging,None,None
19:25:06.067,sequential,8.2,365.6,165.8,99.0,1093.7,63.9,2400,0.0,0.0,15905,-517,69,discharging,None,None
19:25:06.570,sequential,8.2,365.6,165.8,2.5,1093.0,59.5,2400,0.0,0.0,15931,-606,69,discharging,None,None
19:25:07.073,sequential,8.2,365.6,165.8,0.0,1091.8,58.4,2400,0.0,0.0,15944,-495,69,discharging,None,None
19:25:07.580,sequential,8.2,365.6,165.8,63.5,1091.8,64.5,2400,0.0,0.0,15943,-428,69,discharging,None,None
19:25:08.083,sequential,8.2,367.4,160.7,44.0,1091.7,59.5,2400,0.0,0.0,15896,-606,69,discharging,None,None
19:25:08.587,sequential,8.2,367.4,160.7,0.0,1091.7,58.4,2400,0.0,0.0,15940,-584,69,discharging,None,None
19:25:09.095,sequential,8.2,367.4,160.7,20.4,1090.8,60.0,1600,0.0,0.0,15943,-405,69,discharging,None,None
19:25:09.598,sequential,8.2,382.7,158.5,89.2,1090.8,61.7,2400,0.0,0.0,15901,-520,69,discharging,None,None
19:25:10.102,sequential,8.2,382.7,158.5,0.0,1089.6,59.0,2400,0.0,0.0,15931,-589,69,discharging,None,None
19:25:10.605,sequential,8.2,382.7,158.5,0.0,1089.6,59.0,2400,0.0,0.0,15943,-474,69,discharging,None,None
19:25:11.119,sequential,8.2,364.4,158.5,75.4,1092.4,62.8,2400,0.0,0.0,15940,-448,69,discharging,None,None
19:25:11.622,sequential,8.2,364.4,161.3,31.0,1091.5,59.0,2400,0.0,0.0,15893,-606,69,discharging,None,None
19:25:12.126,sequential,8.2,364.4,161.3,0.0,1091.0,59.0,2400,0.0,0.0,15939,-564,69,discharging,None,None
19:25:12.635,sequential,8.2,364.4,161.3,34.2,1091.0,63.4,2400,0.0,0.0,15943,-405,69,discharging,None,None
19:25:13.138,sequential,8.2,366.4,159.6,72.5,1090.4,60.0,2400,0.0,0.0,15897,-557,69,discharging,None,None
19:25:13.642,sequential,8.2,366.4,159.6,0.0,1090.4,58.4,2400,0.0,0.0,15929,-606,69,discharging,None,None
19:25:14.145,sequential,8.2,366.4,159.6,0.0,1090.0,58.4,1800,0.0,0.0,15942,-453,69,discharging,None,None
19:25:14.652,sequential,8.2,383.9,159.6,92.2,1090.0,63.9,2400,0.0,0.0,15933,-450,69,discharging,None,None
19:25:15.155,sequential,8.2,383.9,162.1,18.1,1089.6,59.0,2400,0.0,0.0,15899,-588,69,discharging,None,None
19:25:15.659,sequential,8.2,383.9,162.1,0.0,1089.6,58.4,2400,0.0,0.0,15939,-543,69,discharging,None,None
19:25:16.167,sequential,8.2,383.9,162.1,46.5,1091.0,62.2,2400,0.0,0.0,15941,-406,69,discharging,None,None
19:25:16.670,sequential,8.2,365.1,166.8,62.1,1091.0,60.0,2400,0.0,0.0,15895,-576,69,discharging,None,None
19:25:17.174,sequential,8.2,365.1,166.8,0.0,1091.4,58.4,2400,0.0,0.0,15932,-608,69,discharging,None,None
19:25:17.683,sequential,8.2,365.1,166.8,3.5,1091.4,59.0,2400,0.0,0.0,15941,-437,69,discharging,None,None
19:25:18.188,sequential,8.2,368.5,160.2,100.0,1091.3,63.4,2400,0.0,0.0,15909,-492,69,discharging,None,None
19:25:18.691,sequential,8.2,368.5,160.2,4.0,1091.0,59.0,2400,0.0,0.0,15912,-606,69,discharging,None,None
19:25:19.195,sequential,8.2,368.5,160.2,0.0,1090.7,58.4,2400,0.0,0.0,15941,-520,69,discharging,None,None
19:25:19.703,sequential,8.2,368.5,160.2,61.0,1090.7,63.4,2400,0.0,0.0,15942,-404,69,discharging,None,None
19:25:20.206,sequential,8.2,383.3,163.5,50.5,1089.6,59.5,2400,0.0,0.0,15895,-574,69,discharging,None,None
19:25:20.710,sequential,8.2,383.3,163.5,0.0,1089.6,58.4,2400,0.0,0.0,15935,-591,69,discharging,None,None
19:25:21.223,sequential,8.2,383.3,163.5,15.0,1090.7,60.6,2400,0.0,0.0,15942,-419,68,discharging,None,None
19:25:21.726,sequential,8.2,367.9,161.7,91.3,1091.7,61.1,2400,0.0,0.0,15902,-510,68,discharging,None,None
19:25:22.230,sequential,8.2,367.9,161.7,0.0,1091.4,58.4,2400,0.0,0.0,15928,-599,68,discharging,None,None
19:25:22.733,sequential,8.2,367.9,161.7,0.0,1091.4,58.4,2400,0.0,0.0,15942,-410,68,discharging,None,None
19:25:23.240,sequential,8.2,365.7,161.7,73.3,1090.5,63.4,2400,0.0,0.0,15900,-523,68,discharging,None,None
19:25:23.744,sequential,8.2,365.7,162.9,34.5,1090.5,59.5,2400,0.0,0.0,15929,-606,68,discharging,None,None
19:25:24.247,sequential,8.2,365.7,162.9,0.0,1089.4,57.9,2400,0.0,0.0,15939,-488,68,discharging,None,None
19:25:24.755,sequential,8.2,365.7,162.9,30.3,1089.4,61.1,2400,0.0,0.0,15943,-416,68,discharging,None,None
19:25:25.258,sequential,8.2,388.3,160.3,80.8,1090.1,60.6,2400,0.0,0.0,15894,-590,68,discharging,None,None
19:25:25.762,sequential,8.2,388.3,160.3,0.0,1090.1,58.4,2400,0.0,0.0,15937,-580,68,discharging,None,None
19:25:26.265,sequential,8.2,388.3,160.3,0.0,1090.5,58.4,2400,0.0,0.0,15940,-405,68,discharging,None,None
19:25:26.773,sequential,8.2,367.3,160.3,83.7,1090.5,64.5,2400,0.0,0.0,15899,-539,68,discharging,None,None
19:25:27.276,sequential,8.2,367.3,161.0,23.5,1089.8,59.5,2400,0.0,0.0,15928,-607,68,discharging,None,None
19:25:27.780,sequential,8.2,367.3,161.0,0.0,1089.4,57.9,2400,0.0,0.0,15940,-473,68,discharging,None,None
19:25:28.288,sequential,8.2,367.3,161.0,41.6,1088.9,63.4,2400,0.0,0.0,15937,-450,68,discharging,None,None
19:25:28.791,sequential,8.2,366.0,167.8,67.2,1089.1,60.0,2400,0.0,0.0,15892,-608,68,discharging,None,None
19:25:29.295,sequential,8.2,366.0,167.8,0.0,1088.8,59.5,2400,0.0,0.0,15938,-564,68,discharging,None,None
19:25:29.798,sequential,8.2,366.0,167.8,0.0,1087.8,58.4,1800,0.0,0.0,15941,-405,68,discharging,None,None
19:25:30.307,sequential,8.2,379.6,167.8,97.0,1087.8,63.4,2400,0.0,0.0,15896,-537,68,discharging,None,None
19:25:30.810,sequential,8.2,379.6,162.4,12.9,1087.5,59.0,2400,0.0,0.0,15927,-591,68,discharging,None,None
19:25:31.314,sequential,8.2,379.6,162.4,0.0,1087.3,59.0,2400,0.0,0.0,15939,-459,68,discharging,None,None
19:25:31.823,sequential,8.2,379.6,162.4,52.5,1087.3,63.4,2400,0.0,0.0,15924,-467,68,discharging,None,None
19:25:32.327,sequential,8.2,373.3,156.8,55.2,1086.6,59.5,2400,0.0,0.0,15894,-606,68,discharging,None,None
19:25:32.830,sequential,8.2,373.3,156.8,0.0,1086.6,59.0,2400,0.0,0.0,15936,-545,68,discharging,None,None
19:25:33.340,sequential,8.2,373.3,156.8,9.5,1086.4,59.5,2400,0.0,0.0,15940,-406,68,discharging,None,None
19:25:33.843,sequential,8.2,366.8,166.0,97.5,1086.9,63.4,2400,0.0,0.0,15893,-573,68,discharging,None,None
19:25:34.347,sequential,8.2,366.8,166.0,0.0,1086.9,59.0,2400,0.0,0.0,15931,-607,68,discharging,None,None
19:25:34.850,sequential,8.2,366.8,166.0,0.0,1086.6,57.9,2400,0.0,0.0,15940,-439,68,discharging,None,None
19:25:35.359,sequential,8.2,366.8,166.0,67.2,1087.0,62.8,2400,0.0,0.0,15918,-479,68,discharging,None,None
19:25:35.863,sequential,8.2,373.4,165.0,42.4,1088.0,59.5,2400,0.0,0.0,15906,-597,68,discharging,None,None
19:25:36.366,sequential,8.2,373.4,165.0,1.0,1088.2,59.0,2400,0.0,0.0,15938,-524,68,discharging,None,None
19:25:36.875,sequential,8.2,373.4,165.0,22.5,1092.9,62.2,2400,0.0,0.0,15940,-406,68,discharging,None,None
19:25:37.378,sequential,8.2,374.3,165.1,86.7,1092.9,61.1,2400,0.0,0.0,15888,-591,68,discharging,None,None
19:25:37.882,sequential,8.2,374.3,165.1,0.0,1092.2,59.0,2400,0.0,0.0,15931,-609,68,discharging,None,None
19:25:38.385,sequential,8.2,374.3,165.1,0.0,1092.7,58.4,2400,0.0,0.0,15939,-424,68,discharging,None,None
19:25:38.899,sequential,8.2,362.5,165.1,78.2,1093.1,62.8,2400,0.0,0.0,15901,-508,68,discharging,None,None
19:25:39.402,sequential,8.2,362.5,164.8,28.9,1092.0,59.5,2400,0.0,0.0,15921,-607,68,discharging,None,None
19:25:39.906,sequential,8.2,362.5,164.8,0.0,1091.9,58.4,2400,0.0,0.0,15937,-505,68,discharging,None,None
19:25:40.412,sequential,8.2,362.5,164.8,37.1,1091.9,61.7,2400,0.0,0.0,15940,-409,68,discharging,None,None
19:25:40.916,sequential,8.2,382.4,162.6,73.9,1090.6,60.6,2400,0.0,0.0,15891,-586,68,discharging,None,None
19:25:41.419,sequential,8.2,382.4,162.6,0.5,1090.4,58.4,2400,0.0,0.0,15935,-586,68,discharging,None,None
19:25:41.922,sequential,8.2,382.4,162.6,0.0,1089.4,57.9,2400,0.0,0.0,15939,-408,68,discharging,None,None
19:25:42.431,sequential,8.2,365.0,162.6,90.5,1089.4,63.9,2400,0.0,0.0,15896,-527,68,discharging,None,None
19:25:42.935,sequential,8.2,365.0,167.5,17.7,1088.7,59.0,2400,0.0,0.0,15925,-606,68,discharging,None,None
19:25:43.438,sequential,8.2,365.0,167.5,0.0,1088.7,58.4,2400,0.0,0.0,15937,-484,68,discharging,None,None
19:25:43.948,sequential,8.2,365.0,167.5,47.8,1089.1,62.8,2400,0.0,0.0,15938,-435,68,discharging,None,None
19:25:44.451,sequential,8.2,367.8,166.5,60.6,1088.5,60.0,2400,0.0,0.0,15891,-608,68,discharging,None,None
19:25:44.955,sequential,8.2,367.8,166.5,0.0,1088.4,59.0,2400,0.0,0.0,15935,-578,68,discharging,None,None
19:25:45.463,sequential,8.2,367.8,166.5,4.5,1088.8,57.9,1800,0.0,0.0,15937,-405,68,discharging,None,None
19:25:45.967,sequential,8.2,379.6,166.5,100.0,1088.9,63.4,2400,0.0,0.0,15897,-525,68,discharging,None,None
19:25:46.471,sequential,49.6,379.6,163.6,7.5,1088.4,59.0,2400,0.0,0.0,15924,-594,68,discharging,None,None
19:25:46.975,sequential,49.6,379.6,163.6,2.5,1088.2,58.4,2400,0.0,0.0,15936,-477,68,discharging,None,None
19:25:47.483,sequential,49.6,379.6,163.6,59.9,1088.2,63.4,2400,0.0,0.0,15933,-456,68,discharging,None,None
19:25:47.987,sequential,8.2,399.9,356.7,77.9,1088.0,60.6,2400,0.0,0.0,15892,-634,68,discharging,None,None
19:25:48.491,sequential,8.2,399.9,356.7,2.5,1088.0,59.0,2400,0.0,0.0,15930,-604,68,discharging,None,None
19:25:48.995,sequential,7.3,399.9,356.7,2.5,1087.2,59.0,2400,0.0,0.0,15936,-427,68,discharging,None,None
19:25:49.503,sequential,7.3,399.9,356.7,71.6,1087.2,63.4,2400,0.0,0.0,15920,-479,68,discharging,None,None
19:25:50.007,sequential,7.3,403.8,184.0,48.8,1087.7,60.0,2400,0.0,0.0,15886,-628,68,discharging,None,None
19:25:50.510,sequential,8.3,403.8,184.0,2.5,1087.7,59.0,2400,0.0,0.0,15932,-563,68,discharging,None,None
19:25:51.022,sequential,8.3,403.8,184.0,18.9,1087.5,59.5,2400,0.0,0.0,15937,-407,68,discharging,None,None
19:25:51.526,sequential,8.3,418.5,176.7,99.0,1087.5,63.9,2400,0.0,0.0,15893,-539,68,discharging,None,None
19:25:52.030,sequential,8.3,418.5,176.7,4.5,1088.2,59.0,2400,0.0,0.0,15924,-614,68,discharging,None,None
19:25:52.533,sequential,8.3,418.5,176.7,2.5,1088.2,58.4,2400,0.0,0.0,15934,-480,68,discharging,None,None
19:25:53.040,sequential,8.4,418.5,176.7,62.7,1089.0,63.4,2400,0.0,0.0,15931,-454,68,discharging,None,None
19:25:53.543,sequential,8.4,405.9,174.2,56.3,1089.2,61.1,2400,0.0,0.0,15888,-627,68,discharging,None,None
19:25:54.047,sequential,8.3,405.9,174.2,3.0,1089.2,59.5,2400,0.0,0.0,15933,-587,68,discharging,None,None
19:25:54.556,sequential,8.3,405.9,174.2,10.4,1089.2,60.0,2400,0.0,0.0,15937,-414,68,discharging,None,None
19:25:55.060,sequential,8.3,412.9,174.2,100.0,1090.1,63.9,2400,0.0,0.0,15894,-544,68,discharging,None,None
19:25:55.564,sequential,8.3,412.9,177.3,12.9,1089.8,59.0,2400,0.0,0.0,15924,-629,68,discharging,None,None
19:25:56.067,sequential,8.3,412.9,177.3,2.5,1090.3,59.5,1800,0.0,0.0,15935,-499,68,discharging,None,None
19:25:56.574,sequential,8.4,412.9,177.3,55.7,1090.3,62.8,2400,0.0,0.0,15940,-413,68,discharging,None,None
19:25:57.078,sequential,8.4,422.1,174.1,67.3,1090.0,60.6,2400,0.0,0.0,15889,-592,68,discharging,None,None
19:25:57.582,sequential,8.3,422.1,174.1,3.4,1090.0,59.5,2400,0.0,0.0,15929,-604,68,discharging,None,None
19:25:58.085,sequential,8.3,422.1,174.1,5.3,1089.0,59.0,2400,0.0,0.0,15934,-425,68,discharging,None,None
19:25:58.592,sequential,8.3,401.4,174.1,98.5,1096.4,63.9,2400,0.0,0.0,15897,-518,68,discharging,None,None
19:25:59.095,sequential,8.3,401.4,174.0,19.6,1095.7,59.5,2400,0.0,0.0,15907,-626,68,discharging,None,None
19:25:59.599,sequential,8.3,401.4,174.0,1.5,1095.7,59.5,2400,0.0,0.0,15932,-523,68,discharging,None,None
19:26:00.107,sequential,8.4,401.4,174.0,31.5,1094.7,61.7,2400,0.0,0.0,15934,-420,68,discharging,None,None
19:26:00.610,sequential,8.4,411.1,176.1,97.1,1095.1,63.4,2400,0.0,0.0,15890,-570,68,discharging,None,None
19:26:01.114,sequential,7.9,411.1,176.1,1.5,1093.7,60.0,2400,0.0,0.0,15922,-633,68,discharging,None,None
19:26:01.618,sequential,7.9,411.1,176.1,2.0,1093.7,58.4,1600,0.0,0.0,15933,-482,68,discharging,None,None
19:26:02.127,sequential,7.9,411.1,176.1,68.2,1092.8,62.8,2400,0.0,0.0,15938,-424,68,discharging,None,None
19:26:02.631,sequential,8.3,423.0,173.6,54.5,1092.3,60.0,2400,0.0,0.0,15890,-601,68,discharging,None,None
19:26:03.134,sequential,8.3,423.0,173.6,2.0,1091.0,59.0,2400,0.0,0.0,15931,-592,68,discharging,None,None
19:26:03.644,sequential,8.4,423.0,173.6,13.1,1091.0,60.0,2400,0.0,0.0,15935,-415,68,discharging,None,None
19:26:04.148,sequential,8.4,417.2,173.6,99.5,1090.6,63.9,2400,0.0,0.0,15893,-537,68,discharging,None,None
19:26:04.652,sequential,8.4,417.2,169.2,7.5,1090.2,59.0,2400,0.0,0.0,15920,-627,68,discharging,None,None
19:26:05.156,sequential,8.3,417.2,169.2,1.5,1089.5,58.4,2400,0.0,0.0,15932,-506,68,discharging,None,None
19:26:05.664,sequential,8.3,417.2,169.2,59.9,1090.0,63.9,2400,0.0,0.0,15934,-433,68,discharging,None,None
19:26:06.168,sequential,8.3,410.7,171.9,60.2,1089.4,60.0,2400,0.0,0.0,15885,-617,68,discharging,None,None
19:26:06.671,sequential,8.3,410.7,171.9,1.5,1089.4,58.4,2400,0.0,0.0,15928,-609,68,discharging,None,None
19:26:07.179,sequential,8.4,410.7,171.9,7.0,1089.1,60.0,1800,0.0,0.0,15933,-423,68,discharging,None,None
19:26:07.683,sequential,8.4,409.8,171.9,100.0,1089.1,63.4,2400,0.0,0.0,15907,-492,68,discharging,None,None
19:26:08.187,sequential,8.4,409.8,178.5,15.5,1088.3,59.0,2400,0.0,0.0,15903,-605,68,discharging,None,None
19:26:08.691,sequential,8.3,409.8,178.5,1.5,1088.3,59.5,2400,0.0,0.0,15931,-526,68,discharging,None,None
19:26:09.199,sequential,8.3,409.8,178.5,52.0,1088.1,62.8,2400,0.0,0.0,15934,-417,68,discharging,None,None
19:26:09.703,sequential,8.3,398.2,178.9,66.3,1088.1,59.5,2400,0.0,0.0,15883,-598,68,discharging,None,None
19:26:10.206,sequential,8.3,398.2,178.9,2.5,1087.6,59.0,2400,0.0,0.0,15923,-623,68,discharging,None,None
19:26:10.710,sequential,8.3,398.2,178.9,1.5,1087.6,57.9,2400,0.0,0.0,15932,-442,68,discharging,None,None
19:26:11.219,sequential,8.3,400.7,178.9,99.5,1087.6,63.9,2400,0.0,0.0,15899,-501,68,discharging,None,None
19:26:11.723,sequential,8.3,400.7,182.5,20.8,1087.0,59.5,2400,0.0,0.0,15892,-627,68,discharging,None,None
19:26:12.226,sequential,8.3,400.7,182.5,10.9,1086.8,59.0,2400,0.0,0.0,15929,-545,68,discharging,None,None
19:26:12.735,sequential,8.3,400.7,182.5,47.5,1086.8,62.2,2400,0.0,0.0,15932,-420,68,discharging,None,None
19:26:13.238,sequential,7.9,428.8,175.7,76.5,1086.7,60.6,2400,0.0,0.0,15888,-560,68,discharging,None,None
19:26:13.742,sequential,7.9,428.8,175.7,2.0,1086.7,59.0,2400,0.0,0.0,15919,-613,68,discharging,None,None
19:26:14.246,sequential,7.9,428.8,175.7,2.0,1086.4,58.4,2400,0.0,0.0,15931,-414,68,discharging,None,None
19:26:14.757,sequential,8.2,423.7,175.7,87.7,1087.5,63.4,2400,0.0,0.0,15891,-566,68,discharging,None,None
19:26:15.260,sequential,8.2,423.7,170.8,32.5,1088.0,59.5,2400,0.0,0.0,15919,-630,68,discharging,None,None
19:26:15.764,sequential,8.4,423.7,170.8,2.0,1089.4,58.4,2400,0.0,0.0,15931,-477,68,discharging,None,None
19:26:16.272,sequential,8.4,423.7,170.8,35.6,1089.4,62.2,2400,0.0,0.0,15925,-460,68,discharging,None,None
19:26:16.775,sequential,8.3,404.4,179.5,84.1,1089.4,61.1,2400,0.0,0.0,15885,-626,68,discharging,None,None
19:26:17.279,sequential,8.3,404.4,179.5,2.0,1088.9,59.0,2400,0.0,0.0,15928,-581,68,discharging,None,None
19:26:17.782,sequential,8.3,404.4,179.5,2.0,1089.4,57.9,1600,0.0,0.0,15932,-410,68,discharging,None,None
19:26:18.292,sequential,8.3,404.1,179.5,80.8,1088.7,63.4,2400,0.0,0.0,15892,-531,68,discharging,None,None
19:26:18.796,sequential,8.3,404.1,179.5,39.0,1088.9,59.0,2400,0.0,0.0,15918,-614,68,discharging,None,None
19:26:19.300,sequential,8.4,404.1,179.5,2.0,1088.7,59.0,2400,0.0,0.0,15929,-492,68,discharging,None,None
19:26:19.808,sequential,8.4,404.1,179.5,28.9,1088.7,62.2,2400,0.0,0.0,15931,-444,68,discharging,None,None
19:26:20.312,sequential,8.4,404.0,187.8,92.1,1087.7,61.7,2400,0.0,0.0,15887,-626,68,discharging,None,None
19:26:20.815,sequential,8.3,404.0,187.8,1.5,1087.7,59.5,2400,0.0,0.0,15927,-600,68,discharging,None,None
19:26:21.320,sequential,8.3,404.0,187.8,2.0,1087.3,58.4,2400,0.0,0.0,15931,-417,68,discharging,None,None
19:26:21.827,sequential,8.3,404.0,187.8,73.4,1087.3,63.4,2400,0.0,0.0,15890,-528,68,discharging,None,None
19:26:22.330,sequential,8.3,399.4,175.9,45.8,1093.2,59.5,2400,0.0,0.0,15911,-631,68,discharging,None,None
19:26:22.834,sequential,8.4,399.4,175.9,2.0,1096.4,59.0,2400,0.0,0.0,15927,-526,68,discharging,None,None
19:26:23.343,sequential,8.4,399.4,175.9,22.0,1096.4,59.5,1800,0.0,0.0,15933,-427,68,discharging,None,None
19:26:23.850,sequential,8.4,423.3,172.2,99.0,1096.4,63.4,2400,0.0,0.0,15881,-592,68,discharging,None,None
19:26:24.354,sequential,8.3,423.3,172.2,12.8,1097.6,58.4,2400,0.0,0.0,15917,-633,68,discharging,None,None
19:26:24.857,sequential,8.3,423.3,172.2,2.0,1096.4,58.4,2400,0.0,0.0,15929,-457,68,discharging,None,None
19:26:25.364,sequential,7.9,423.3,172.2,66.8,1096.4,63.4,2400,0.0,0.0,15895,-506,68,discharging,None,None
19:26:25.867,sequential,7.9,396.8,181.6,53.0,1095.7,59.5,2400,0.0,0.0,15894,-624,68,discharging,None,None
19:26:26.371,sequential,7.9,396.8,181.6,2.5,1095.9,59.5,2400,0.0,0.0,15927,-531,68,discharging,None,None
19:26:26.879,sequential,8.4,396.8,181.6,14.1,1095.2,60.6,2400,0.0,0.0,15931,-414,68,discharging,None,None
19:26:27.383,sequential,8.4,396.3,176.2,100.0,1095.2,63.9,2400,0.0,0.0,15881,-590,68,discharging,None,None
19:26:27.887,sequential,8.3,396.3,176.2,5.5,1094.4,59.0,2400,0.0,0.0,15921,-624,68,discharging,None,None
19:26:28.390,sequential,8.3,396.3,176.2,1.5,1094.4,59.0,2400,0.0,0.0,15927,-448,68,discharging,None,None
19:26:28.899,sequential,8.3,396.3,176.2,62.7,1094.4,62.8,2400,0.0,0.0,15931,-475,68,discharging,None,None
19:26:29.403,sequential,8.3,419.9,175.5,60.1,1094.0,60.6,2400,0.0,0.0,15884,-611,68,discharging,None,None
19:26:29.907,sequential,8.3,419.9,175.5,2.5,1091.1,58.4,2400,0.0,0.0,15927,-549,68,discharging,None,None
19:26:30.415,sequential,8.4,419.9,175.5,7.1,1091.1,60.0,2400,0.0,0.0,15928,-413,68,discharging,None,None
19:26:30.919,sequential,8.4,403.3,175.5,99.5,1091.1,63.9,2400,0.0,0.0,15883,-571,68,discharging,None,None
19:26:31.422,sequential,8.3,403.3,176.6,13.9,1090.3,59.0,2400,0.0,0.0,15879,-624,68,discharging,None,None
19:26:31.926,sequential,8.3,403.3,176.6,2.5,1089.5,58.4,2400,0.0,0.0,15925,-558,68,discharging,None,None
19:26:32.435,sequential,8.3,403.3,176.6,54.3,1089.5,62.8,2400,0.0,0.0,15929,-472,68,discharging,None,None
19:26:32.938,sequential,8.2,401.2,181.2,65.7,1088.5,60.6,2400,0.0,0.0,15883,-625,68,discharging,None,None
19:26:33.442,sequential,8.2,401.2,181.2,3.0,1088.8,59.5,2400,0.0,0.0,15916,-627,68,discharging,None,None
19:26:33.951,sequential,8.4,401.2,181.2,2.5,1088.4,57.9,1600,0.0,0.0,15928,-411,68,discharging,None,None
19:26:34.456,sequential,8.4,410.5,181.2,100.0,1088.4,63.9,2400,0.0,0.0,15888,-536,68,discharging,None,None
19:26:34.960,sequential,8.3,410.5,184.7,22.2,1088.0,59.5,2400,0.0,0.0,15884,-605,68,discharging,None,None
19:26:35.463,sequential,8.3,410.5,184.7,2.0,1088.4,59.0,2400,0.0,0.0,15925,-484,68,discharging,None,None
19:26:35.971,sequential,8.3,410.5,184.7,46.5,1088.7,62.8,2400,0.0,0.0,15929,-451,68,discharging,None,None
19:26:36.475,sequential,8.3,582.5,184.7,85.1,1089.4,63.4,2400,0.0,0.0,15892,-596,68,discharging,None,None
19:26:36.979,sequential,8.3,582.5,169.3,8.9,1089.9,59.0,2400,0.0,0.0,15915,-610,68,discharging,None,None
19:26:37.483,sequential,7.6,582.5,169.3,3.0,1089.9,59.0,2400,0.0,0.0,15928,-467,68,discharging,None,None
19:26:37.991,sequential,7.6,582.5,169.3,59.2,1089.6,62.8,2400,0.0,0.0,15915,-473,68,discharging,None,None
19:26:38.495,sequential,7.6,411.0,178.0,62.1,1089.1,59.5,2400,0.0,0.0,15878,-628,68,discharging,None,None
19:26:38.998,sequential,8.3,411.0,178.0,2.5,1088.7,59.5,2400,0.0,0.0,15924,-571,68,discharging,None,None
19:26:39.507,sequential,8.3,411.0,178.0,6.5,1089.8,58.4,1600,0.0,0.0,15932,-402,68,discharging,None,None
19:26:40.011,sequential,8.3,425.9,178.0,100.0,1089.8,63.4,2400,0.0,0.0,15887,-525,68,discharging,None,None
19:26:40.515,sequential,8.3,425.9,176.5,19.9,1089.6,59.0,2400,0.0,0.0,15915,-613,68,discharging,None,None
19:26:41.018,sequential,8.4,425.9,176.5,2.5,1089.1,58.4,2400,0.0,0.0,15927,-489,68,discharging,None,None
19:26:41.527,sequential,8.4,425.9,176.5,48.5,1089.1,63.4,2400,0.0,0.0,15928,-447,68,discharging,None,None
19:26:42.030,sequential,8.4,408.6,172.3,70.9,1087.4,60.6,2400,0.0,0.0,15882,-626,68,discharging,None,None
19:26:42.534,sequential,8.3,408.6,172.3,3.0,1087.4,59.5,2400,0.0,0.0,15924,-595,68,discharging,None,None
19:26:43.037,sequential,8.3,408.6,172.3,2.5,1087.3,58.4,2400,0.0,0.0,15927,-416,68,discharging,None,None
19:26:43.544,sequential,8.3,405.4,172.3,94.6,1087.3,62.8,2400,0.0,0.0,15888,-535,68,discharging,None,None
19:26:44.048,sequential,8.3,405.4,178.3,25.1,1087.0,59.0,2400,0.0,0.0,15913,-627,68,discharging,None,None
19:26:44.551,sequential,8.3,405.4,178.3,3.0,1087.5,59.5,2400,0.0,0.0,15928,-507,68,discharging,None,None
19:26:45.059,sequential,8.4,405.4,178.3,42.5,1086.7,61.7,2400,0.0,0.0,15930,-417,68,discharging,None,None
19:26:45.562,sequential,8.4,417.0,178.9,80.9,1087.7,60.6,2400,0.0,0.0,15881,-590,68,discharging,None,None
19:26:46.066,sequential,8.3,417.0,178.9,2.5,1087.7,59.5,2400,0.0,0.0,15920,-604,68,discharging,None,None
19:26:46.569,sequential,8.3,417.0,178.9,2.0,1087.7,57.9,2400,0.0,0.0,15927,-430,68,discharging,None,None
19:26:47.082,sequential,8.3,400.5,178.9,85.3,1087.7,64.5,2400,0.0,0.0,15892,-512,68,discharging,None,None
19:26:47.586,sequential,8.3,400.5,183.7,35.0,1087.2,60.6,2400,0.0,0.0,15898,-627,68,discharging,None,None
19:26:48.089,sequential,8.3,400.5,183.7,2.5,1087.0,59.0,2400,0.0,0.0,15925,-531,68,discharging,None,None
19:26:48.595,sequential,8.4,400.5,183.7,42.6,1087.0,63.4,2400,0.0,0.0,15921,-426,68,discharging,None,None
19:26:49.099,sequential,8.4,403.8,169.5,84.7,1087.0,61.7,2400,0.0,0.0,15878,-605,68,discharging,None,None
19:26:49.603,sequential,7.9,403.8,169.5,2.0,1087.0,59.5,2400,0.0,0.0,15918,-627,68,discharging,None,None
19:26:50.106,sequential,7.9,403.8,169.5,2.5,1086.5,59.0,1900,0.0,0.0,15927,-446,68,discharging,None,None
19:26:50.615,sequential,7.9,413.8,169.5,81.2,1086.5,63.4,2400,0.0,0.0,15906,-474,68,discharging,None,None
19:26:51.119,sequential,8.2,413.8,178.4,40.8,1086.3,60.0,2400,0.0,0.0,15883,-606,68,discharging,None,None
19:26:51.622,sequential,8.2,413.8,178.4,2.5,1086.3,58.4,2400,0.0,0.0,15924,-546,68,discharging,None,None
19:26:52.131,sequential,8.4,413.8,178.4,27.2,1086.3,62.2,2400,0.0,0.0,15925,-415,68,discharging,None,None
19:26:52.634,sequential,8.4,395.1,184.8,92.1,1086.3,61.7,2400,0.0,0.0,15879,-575,68,discharging,None,None
19:26:53.138,sequential,8.3,395.1,184.8,2.5,1086.0,60.0,2400,0.0,0.0,15912,-625,68,discharging,None,None
19:26:53.641,sequential,8.3,395.1,184.8,3.0,1086.0,59.0,2400,0.0,0.0,15925,-464,68,discharging,None,None
19:26:54.147,sequential,8.3,395.1,184.8,73.6,1086.0,63.4,2400,0.0,0.0,15909,-478,68,discharging,None,None
19:26:54.651,sequential,8.3,395.9,174.8,45.3,1085.8,60.0,2400,0.0,0.0,15876,-623,68,discharging,None,None
19:26:55.154,sequential,8.3,395.9,174.8,2.5,1085.8,59.0,2400,0.0,0.0,15922,-561,68,discharging,None,None
19:26:55.663,sequential,8.3,395.9,174.8,23.4,1087.7,59.5,2400,0.0,0.0,15926,-409,68,discharging,None,None
19:26:56.166,sequential,8.3,428.3,175.3,99.0,1087.7,63.9,2400,0.0,0.0,15884,-542,68,discharging,None,None
19:26:56.670,sequential,8.3,428.3,175.3,4.0,1087.4,59.0,2400,0.0,0.0,15913,-615,68,discharging,None,None
19:26:57.173,sequential,8.3,428.3,175.3,2.5,1087.2,59.0,2400,0.0,0.0,15924,-480,68,discharging,None,None
19:26:57.680,sequential,8.3,428.3,175.3,64.9,1088.0,63.9,2400,0.0,0.0,15921,-456,68,discharging,None,None
19:26:58.183,sequential,8.3,408.5,174.9,55.2,1087.9,60.0,2400,0.0,0.0,15878,-627,68,discharging,None,None
19:26:58.687,sequential,8.3,408.5,174.9,3.0,1092.4,59.5,2400,0.0,0.0,15922,-587,68,discharging,None,None
19:26:59.195,sequential,8.4,408.5,174.9,12.0,1092.4,60.6,2400,0.0,0.0,15925,-415,68,discharging,None,None
19:26:59.703,sequential,8.4,412.9,174.9,99.5,1093.1,64.5,2400,0.0,0.0,15884,-546,68,discharging,None,None
19:27:00.206,sequential,8.4,412.9,175.6,11.3,1092.6,59.5,2400,0.0,0.0,15912,-629,68,discharging,None,None
19:27:00.710,sequential,8.3,412.9,175.6,11.4,1093.3,58.4,1900,0.0,0.0,15916,-509,68,discharging,None,None
19:27:01.219,sequential,8.3,412.9,175.6,57.7,1091.5,62.2,2400,0.0,0.0,15929,-430,68,discharging,None,None
19:27:01.723,sequential,7.9,411.4,186.0,64.0,1091.8,60.6,2400,0.0,0.0,15876,-601,68,discharging,None,None
19:27:02.227,sequential,7.9,411.4,186.0,3.0,1091.3,59.0,2400,0.0,0.0,15920,-607,68,discharging,None,None
19:27:02.736,sequential,8.4,411.4,186.0,4.4,1091.3,59.0,2400,0.0,0.0,15924,-424,68,discharging,None,None
19:27:03.244,sequential,8.4,397.2,186.0,99.5,1091.3,62.8,2400,0.0,0.0,15887,-519,68,discharging,None,None
19:27:03.748,sequential,8.4,397.2,174.4,15.5,1090.5,59.5,2400,0.0,0.0,15903,-625,68,discharging,None,None
19:27:04.251,sequential,8.3,397.2,174.4,3.0,1088.8,59.0,2400,0.0,0.0,15922,-520,68,discharging,None,None
19:27:04.759,sequential,8.3,397.2,174.4,52.0,1089.0,62.8,2400,0.0,0.0,15925,-423,68,discharging,None,None
19:27:05.262,sequential,8.3,412.9,171.4,68.6,1088.8,60.6,2400,0.0,0.0,15875,-604,68,discharging,None,None
19:27:05.766,sequential,8.3,412.9,171.4,2.5,1088.6,59.5,2400,0.0,0.0,15915,-621,68,discharging,None,None
19:27:06.270,sequential,8.3,412.9,171.4,3.4,1089.7,58.4,1600,0.0,0.0,15923,-440,68,discharging,None,None
19:27:06.779,sequential,8.2,423.7,171.4,97.5,1089.7,63.9,2400,0.0,0.0,15901,-479,68,discharging,None,None
19:27:07.282,sequential,8.2,423.7,174.4,27.9,1089.0,59.5,2400,0.0,0.0,15884,-609,68,discharging,None,None
19:27:07.786,sequential,8.5,423.7,174.4,7.1,1088.8,58.4,2400,0.0,0.0,15921,-544,68,discharging,None,None
19:27:08.295,sequential,8.5,423.7,174.4,42.6,1088.6,63.4,2400,0.0,0.0,15925,-414,68,discharging,None,None
19:27:08.798,sequential,8.3,405.6,173.9,76.8,1088.6,61.1,2400,0.0,0.0,15876,-581,68,discharging,None,None
19:27:09.302,sequential,8.3,405.6,173.9,1.5,1088.1,59.0,2400,0.0,0.0,15912,-628,68,discharging,None,None
19:27:09.805,sequential,8.3,405.6,173.9,2.0,1087.9,58.4,2400,0.0,0.0,15923,-461,68,discharging,None,None
19:27:10.313,sequential,8.2,401.1,173.9,89.1,1087.9,63.9,2400,0.0,0.0,15907,-482,68,discharging,None,None
19:27:10.816,sequential,8.2,401.1,183.3,30.5,1087.4,60.0,2400,0.0,0.0,15875,-628,68,discharging,None,None
19:27:11.320,sequential,8.4,401.1,183.3,2.0,1087.4,59.0,2400,0.0,0.0,15921,-560,68,discharging,None,None
19:27:11.828,sequential,8.4,401.1,183.3,37.4,1087.4,62.8,2400,0.0,0.0,15925,-409,68,discharging,None,None
19:27:12.497,sequential,8.3,412.3,182.4,70.9,1086.0,61.1,2400,0.0,0.0,15874,-606,68,discharging,None,None
19:27:13.000,sequential,8.3,412.3,182.4,2.0,1086.0,59.5,2400,0.0,0.0,15918,-584,68,discharging,None,None
19:27:13.509,sequential,8.3,412.3,182.4,14.4,1086.0,60.6,2400,0.0,0.0,15922,-425,68,discharging,None,None
19:27:14.015,sequential,7.9,411.1,182.4,100.0,1085.8,63.9,2400,0.0,0.0,15880,-556,68,discharging,None,None
19:27:14.518,sequential,7.9,411.1,178.0,8.9,1085.8,59.0,2400,0.0,0.0,15911,-629,68,discharging,None,None
19:27:15.023,sequential,8.4,411.1,178.0,2.0,1085.4,59.0,2400,0.0,0.0,15922,-488,68,discharging,None,None
19:27:15.531,sequential,8.4,411.1,178.0,59.2,1085.4,61.7,2400,0.0,0.0,15922,-448,68,discharging,None,None
19:27:16.035,sequential,8.3,408.0,175.0,60.9,1085.5,60.6,2400,0.0,0.0,15876,-625,68,discharging,None,None
19:27:16.538,sequential,8.3,408.0,175.0,1.5,1085.9,59.0,2400,0.0,0.0,15918,-593,68,discharging,None,None
19:27:17.047,sequential,8.3,408.0,175.0,7.0,1086.9,59.0,1600,0.0,0.0,15922,-413,68,discharging,None,None
19:27:17.551,sequential,8.3,411.6,175.0,100.0,1086.9,63.9,2400,0.0,0.0,15882,-512,68,discharging,None,None
19:27:18.055,sequential,8.3,411.6,180.0,16.4,1086.9,59.5,2400,0.0,0.0,15905,-610,68,discharging,None,None
19:27:18.558,sequential,8.4,411.6,180.0,2.0,1086.9,59.5,2400,0.0,0.0,15922,-509,68,discharging,None,None
19:27:19.067,sequential,8.4,411.6,180.0,51.2,1086.9,62.8,2400,0.0,0.0,15922,-431,68,discharging,None,None
19:27:19.570,sequential,8.4,403.3,184.7,69.3,1086.2,60.6,2400,0.0,0.0,15875,-611,68,discharging,None,None
19:27:20.074,sequential,8.3,403.3,184.7,2.0,1086.2,59.5,2400,0.0,0.0,15917,-611,68,discharging,None,None
19:27:20.577,sequential,8.3,403.3,184.7,1.5,1086.2,59.0,2400,0.0,0.0,15923,-431,68,discharging,None,None
19:27:21.084,sequential,8.3,394.1,184.7,96.1,1086.2,64.5,2400,0.0,0.0,15887,-512,68,discharging,None,None
19:27:21.587,sequential,8.3,394.1,184.3,22.5,1086.5,60.0,2400,0.0,0.0,15893,-625,68,discharging,None,None
19:27:22.091,sequential,8.4,394.1,184.3,1.5,1086.0,59.0,2400,0.0,0.0,15920,-528,68,discharging,None,None
19:27:22.601,sequential,8.4,394.1,184.3,45.8,1086.0,62.2,2400,0.0,0.0,15926,-406,68,discharging,None,None
19:27:23.104,sequential,8.4,406.9,181.6,76.0,1086.7,61.1,2400,0.0,0.0,15873,-575,68,discharging,None,None
19:27:23.608,sequential,8.3,406.9,181.6,1.5,1086.7,59.5,2400,0.0,0.0,15911,-618,68,discharging,None,None
19:27:24.111,sequential,8.3,406.9,181.6,2.0,1086.7,58.4,2400,0.0,0.0,15921,-447,68,discharging,None,None
19:27:24.732,sequential,8.3,406.9,181.6,86.6,1086.9,61.1,2400,0.0,0.0,15878,-579,68,discharging,None,None
19:27:25.236,sequential,8.3,574.5,167.6,36.7,1086.9,60.0,2400,0.0,0.0,15906,-654,68,discharging,None,None
19:27:25.739,sequential,8.3,574.5,167.6,2.0,1088.1,59.0,2400,0.0,0.0,15920,-489,68,discharging,None,None
19:27:26.247,sequential,7.3,574.5,167.6,28.0,1087.6,62.8,2400,0.0,0.0,15921,-428,68,discharging,None,None
19:27:26.751,sequential,7.3,406.8,173.6,91.1,1087.6,62.2,2400,0.0,0.0,15873,-610,68,discharging,None,None
19:27:27.254,sequential,8.3,406.8,173.6,1.5,1087.1,59.5,2400,0.0,0.0,15914,-613,68,discharging,None,None
19:27:27.758,sequential,8.3,406.8,173.6,2.5,1087.1,57.9,1600,0.0,0.0,15923,-423,68,discharging,None,None
19:27:28.267,sequential,8.3,406.8,173.6,75.0,1086.2,65.0,2400,0.0,0.0,15896,-478,68,discharging,None,None
19:27:28.770,sequential,8.3,414.5,174.3,46.0,1086.5,60.0,2400,0.0,0.0,15890,-603,68,discharging,None,None
19:27:29.274,sequential,8.3,414.5,174.3,2.5,1086.5,59.0,2400,0.0,0.0,15919,-532,68,discharging,None,None
19:27:29.783,sequential,8.4,414.5,174.3,21.4,1086.7,60.6,2400,0.0,0.0,15921,-414,68,discharging,None,None
19:27:30.286,sequential,8.4,405.0,179.6,98.0,1086.7,63.9,2400,0.0,0.0,15871,-593,68,discharging,None,None
19:27:30.790,sequential,8.3,405.0,179.6,2.0,1087.2,59.0,2400,0.0,0.0,15909,-629,68,discharging,None,None
19:27:31.293,sequential,8.3,405.0,179.6,1.5,1086.9,59.0,2400,0.0,0.0,15920,-451,68,discharging,None,None
19:27:31.800,sequential,8.3,405.0,179.6,67.5,1086.9,63.9,2400,0.0,0.0,15892,-494,68,discharging,None,None
19:27:32.303,sequential,8.3,399.7,187.9,54.0,1086.4,61.1,2400,0.0,0.0,15871,-629,68,discharging,None,None
19:27:32.807,sequential,8.3,399.7,187.9,2.0,1085.8,59.5,2400,0.0,0.0,15917,-551,68,discharging,None,None
19:27:33.313,sequential,8.4,399.7,187.9,13.9,1086.5,59.5,1600,0.0,0.0,15921,-407,68,discharging,None,None
19:27:33.823,sequential,8.4,411.5,187.9,100.0,1086.7,65.0,2400,0.0,0.0,15876,-553,68,discharging,None,None
19:27:34.326,sequential,8.3,411.5,188.7,12.3,1086.9,60.0,2400,0.0,0.0,15905,-621,68,discharging,None,None
19:27:34.830,sequential,8.3,411.5,188.7,1.5,1086.9,59.0,2400,0.0,0.0,15918,-474,68,discharging,None,None
19:27:35.339,sequential,8.3,411.5,188.7,56.8,1086.9,64.5,2400,0.0,0.0,15910,-466,68,discharging,None,None
19:27:35.842,sequential,8.3,397.4,182.3,62.3,1086.4,60.6,2400,0.0,0.0,15868,-627,68,discharging,None,None
19:27:36.347,sequential,8.3,397.4,182.3,3.0,1086.4,59.5,2400,0.0,0.0,15914,-576,68,discharging,None,None
19:27:36.855,sequential,8.4,397.4,182.3,13.5,1086.0,59.5,2400,0.0,0.0,15918,-424,68,discharging,None,None
19:27:37.359,sequential,8.4,402.1,182.3,100.0,1086.0,63.9,2400,0.0,0.0,15875,-568,68,discharging,None,None
19:27:37.862,sequential,7.9,402.1,173.8,15.3,1085.8,60.6,2400,0.0,0.0,15905,-629,68,discharging,None,None
19:27:38.366,sequential,7.9,402.1,173.8,2.5,1085.8,57.9,1900,0.0,0.0,15917,-486,68,discharging,None,None
19:27:38.875,sequential,7.9,402.1,173.8,53.0,1085.8,62.8,2400,0.0,0.0,15924,-435,68,discharging,None,None
19:27:39.378,sequential,8.3,404.3,186.0,68.5,1085.5,60.6,2400,0.0,0.0,15872,-612,68,discharging,None,None
19:27:39.882,sequential,8.3,404.3,186.0,2.5,1086.2,59.5,2400,0.0,0.0,15916,-593,68,discharging,None,None
19:27:40.385,sequential,8.4,404.3,186.0,2.5,1086.2,59.0,2400,0.0,0.0,15918,-415,68,discharging,None,None
19:27:40.892,sequential,8.4,398.6,186.0,97.0,1086.2,65.0,2400,0.0,0.0,15878,-540,68,discharging,None,None
19:27:41.395,sequential,8.4,398.6,179.9,21.0,1086.2,59.5,2400,0.0,0.0,15906,-628,68,discharging,None,None
19:27:41.899,sequential,8.3,398.6,179.9,2.5,1086.0,59.0,2400,0.0,0.0,15917,-502,68,discharging,None,None
19:27:42.407,sequential,8.3,398.6,179.9,44.8,1086.0,63.9,2400,0.0,0.0,15918,-435,68,discharging,None,None
19:27:42.910,sequential,8.3,414.9,175.1,76.5,1086.0,61.1,2400,0.0,0.0,15870,-618,68,discharging,None,None
19:27:43.414,sequential,8.3,414.9,175.1,2.5,1086.0,59.0,2400,0.0,0.0,15912,-609,68,discharging,None,None
19:27:43.918,sequential,8.3,414.9,175.1,2.0,1086.0,59.0,1600,0.0,0.0,15918,-424,68,discharging,None,None
19:27:44.431,sequential,8.3,432.3,175.1,87.6,1086.0,63.4,2400,0.0,0.0,15893,-484,68,discharging,None,None
19:27:44.934,sequential,8.3,432.3,192.1,36.8,1085.7,60.0,2400,0.0,0.0,15880,-609,68,discharging,None,None
19:27:45.438,sequential,8.4,432.3,192.1,3.0,1086.4,59.5,2400,0.0,0.0,15915,-538,68,discharging,None,None
19:27:45.947,sequential,8.4,432.3,192.1,30.7,1086.4,62.2,2400,0.0,0.0,15918,-415,68,discharging,None,None
19:27:46.450,sequential,8.3,403.3,172.3,88.2,1086.4,61.7,2400,0.0,0.0,15869,-584,68,discharging,None,None
19:27:46.954,sequential,8.3,403.3,172.3,2.5,1086.4,59.5,2400,0.0,0.0,15904,-628,68,discharging,None,None
19:27:47.458,sequential,8.3,403.3,172.3,2.5,1086.4,58.4,2400,0.0,0.0,15916,-458,68,discharging,None,None
19:27:47.971,sequential,8.4,403.3,172.3,78.2,1086.4,64.5,2400,0.0,0.0,15892,-487,68,discharging,None,None
19:27:48.474,sequential,8.4,406.8,179.5,42.6,1085.9,60.0,2400,0.0,0.0,15866,-629,68,discharging,None,None
19:27:48.978,sequential,8.3,406.8,179.5,10.9,1085.9,60.0,2400,0.0,0.0,15912,-566,68,discharging,None,None
19:27:49.487,sequential,8.3,406.8,179.5,26.4,1085.9,61.7,2400,0.0,0.0,15918,-423,68,discharging,None,None
19:27:49.990,sequential,7.9,408.1,185.9,95.1,1085.9,63.4,2400,0.0,0.0,15875,-558,68,discharging,None,None
19:27:50.494,sequential,7.9,408.1,185.9,2.5,1085.9,60.6,2400,0.0,0.0,15905,-622,68,discharging,None,None
19:27:50.997,sequential,7.9,408.1,185.9,2.0,1085.7,59.5,2400,0.0,0.0,15917,-478,68,discharging,None,None
19:27:51.507,sequential,8.4,408.1,185.9,70.4,1085.7,64.5,2400,0.0,0.0,15909,-464,68,discharging,None,None
19:27:52.010,sequential,8.4,397.3,179.6,48.0,1085.7,60.0,2400,0.0,0.0,15868,-626,68,discharging,None,None
19:27:52.514,sequential,8.3,397.3,179.6,2.5,1085.7,60.0,2400,0.0,0.0,15913,-578,68,discharging,None,None
19:27:53.020,sequential,8.3,397.3,179.6,19.3,1086.2,61.7,2400,0.0,0.0,15916,-416,68,discharging,None,None
19:27:53.524,sequential,8.3,407.1,171.8,99.0,1086.2,63.9,2400,0.0,0.0,15874,-554,68,discharging,None,None
19:27:54.031,sequential,8.3,407.1,171.8,3.9,1086.2,59.5,2400,0.0,0.0,15905,-628,68,discharging,None,None
19:27:54.535,sequential,8.3,407.1,171.8,2.5,1086.2,58.4,1900,0.0,0.0,15915,-489,68,discharging,None,None
19:27:55.043,sequential,8.2,407.1,171.8,65.5,1086.2,63.4,2400,0.0,0.0,15921,-424,68,discharging,None,None
19:27:55.547,sequential,8.2,427.6,179.4,58.6,1085.9,60.0,2400,0.0,0.0,15872,-602,68,discharging,None,None
19:27:56.050,sequential,8.5,427.6,179.4,2.5,1086.2,59.5,2400,0.0,0.0,15912,-597,68,discharging,None,None
19:27:56.560,sequential,8.5,427.6,179.4,9.4,1087.4,60.6,2400,0.0,0.0,15916,-419,68,discharging,None,None
19:27:57.064,sequential,8.5,412.0,179.4,99.5,1087.4,65.0,2400,0.0,0.0,15877,-527,68,discharging,None,None
19:27:57.568,sequential,8.3,412.0,174.0,13.0,1087.4,59.5,2400,0.0,0.0,15894,-629,68,discharging,None,None
19:27:58.071,sequential,8.3,412.0,174.0,2.5,1086.7,58.4,2400,0.0,0.0,15914,-518,68,discharging,None,None
19:27:58.579,sequential,8.2,412.0,174.0,54.5,1086.7,62.8,2400,0.0,0.0,15915,-427,68,discharging,None,None
19:27:59.082,sequential,8.2,406.2,167.0,64.2,1085.7,60.6,2400,0.0,0.0,15865,-610,68,discharging,None,None
19:27:59.586,sequential,8.4,406.2,167.0,2.5,1086.0,61.1,2400,0.0,0.0,15909,-617,68,discharging,None,None
19:28:00.096,sequential,8.4,406.2,167.0,4.0,1086.2,58.4,1600,0.0,0.0,15915,-432,68,discharging,None,None
19:28:00.602,sequential,8.4,412.8,167.0,100.0,1086.2,63.9,2400,0.0,0.0,15890,-487,68,discharging,None,None
19:28:01.106,sequential,8.3,412.8,177.6,27.0,1086.0,60.0,2400,0.0,0.0,15882,-615,68,discharging,None,None
19:28:01.609,sequential,8.3,412.8,177.6,2.5,1086.0,58.4,2400,0.0,0.0,15911,-545,68,discharging,None,None
19:28:02.115,sequential,7.9,412.8,177.6,50.0,1088.1,63.4,2400,0.0,0.0,15914,-418,68,discharging,None,None
19:28:02.619,sequential,7.9,412.2,169.7,70.9,1088.1,60.6,2400,0.0,0.0,15867,-592,68,discharging,None,None
19:28:03.122,sequential,7.9,412.2,169.7,2.5,1087.8,59.5,2400,0.0,0.0,15904,-629,68,discharging,None,None
19:28:03.626,sequential,8.4,412.2,169.7,2.5,1087.8,60.0,2400,0.0,0.0,15914,-452,68,discharging,None,None
19:28:04.135,sequential,8.4,406.3,169.7,95.0,1087.8,63.9,2400,0.0,0.0,15886,-493,68,discharging,None,None
19:28:04.638,sequential,8.3,406.3,175.3,25.5,1087.6,59.5,2400,0.0,0.0,15866,-628,68,discharging,None,None
19:28:05.142,sequential,8.3,406.3,175.3,3.0,1087.8,59.5,2400,0.0,0.0,15910,-552,68,discharging,None,None
19:28:05.651,sequential,8.2,406.3,175.3,43.0,1088.8,60.0,1700,0.0,0.0,15915,-411,68,discharging,None,None
19:28:06.154,sequential,8.2,443.7,175.2,83.7,1088.6,60.6,2400,0.0,0.0,15871,-533,68,discharging,None,None
19:28:06.658,sequential,8.2,443.7,175.2,2.5,1088.6,59.5,2400,0.0,0.0,15901,-602,68,discharging,None,None
19:28:07.162,sequential,8.4,443.7,175.2,2.5,1087.8,58.4,2400,0.0,0.0,15913,-479,68,discharging,None,None
19:28:07.671,sequential,8.4,408.4,175.2,82.1,1088.0,63.9,2400,0.0,0.0,15905,-558,68,discharging,None,None
19:28:08.174,sequential,8.3,408.4,168.6,37.3,1087.7,60.6,2400,0.0,0.0,15901,-628,68,discharging,None,None
19:28:08.678,sequential,8.3,408.4,168.6,2.5,1087.9,59.0,2400,0.0,0.0,15912,-484,68,discharging,None,None
19:28:09.186,sequential,8.3,408.4,168.6,31.3,1087.6,63.4,2400,0.0,0.0,15913,-455,68,discharging,None,None
19:28:09.691,sequential,8.3,398.2,176.5,87.1,1088.1,61.7,2400,0.0,0.0,15867,-626,68,discharging,None,None
19:28:10.194,sequential,8.3,398.2,176.5,2.5,1087.6,59.5,2400,0.0,0.0,15908,-586,68,discharging,None,None
19:28:10.698,sequential,8.4,398.2,176.5,2.5,1087.8,58.4,1600,0.0,0.0,15913,-413,68,discharging,None,None
19:28:11.207,sequential,8.4,398.2,176.5,79.1,1087.8,63.9,2400,0.0,0.0,15873,-527,68,discharging,None,None
19:28:11.711,sequential,8.3,406.3,183.0,42.2,1087.8,60.6,2400,0.0,0.0,15901,-614,68,discharging,None,None
19:28:12.215,sequential,8.3,406.3,183.0,3.0,1087.4,60.0,2400,0.0,0.0,15912,-499,68,discharging,None,None
19:28:12.723,sequential,8.3,406.3,183.0,25.9,1087.4,61.7,2400,0.0,0.0,15913,-439,68,discharging,None,None
19:28:13.228,sequential,8.3,573.6,183.0,95.6,1087.1,63.9,2400,0.0,0.0,15864,-607,68,discharging,None,None
19:28:13.731,sequential,8.3,573.6,175.8,27.9,1087.3,60.0,2400,0.0,0.0,15901,-645,68,discharging,None,None
19:28:14.235,sequential,8.3,573.6,175.8,2.0,1087.1,59.5,2400,0.0,0.0,15912,-478,68,discharging,None,None
19:28:14.743,sequential,7.0,573.6,175.8,39.6,1087.1,62.8,2400,0.0,0.0,15906,-461,68,discharging,None,None
19:28:15.246,sequential,7.0,399.3,179.7,79.8,1086.9,61.1,2400,0.0,0.0,15866,-627,68,discharging,None,None
19:28:15.750,sequential,8.3,399.3,179.7,2.5,1090.9,59.5,2400,0.0,0.0,15908,-582,68,discharging,None,None
19:28:16.254,sequential,8.3,399.3,179.7,4.4,1090.5,59.5,1600,0.0,0.0,15915,-405,68,discharging,None,None
19:28:16.767,sequential,8.3,411.7,179.7,86.3,1090.1,64.5,2400,0.0,0.0,15873,-519,68,discharging,None,None
19:28:17.271,sequential,8.3,411.7,187.0,38.5,1089.6,60.6,2400,0.0,0.0,15900,-611,68,discharging,None,None
19:28:17.774,sequential,8.3,411.7,187.0,1.5,1089.8,59.5,2400,0.0,0.0,15911,-497,68,discharging,None,None
19:28:18.283,sequential,8.4,411.7,187.0,31.5,1089.2,62.8,2400,0.0,0.0,15911,-440,68,discharging,None,None
19:28:18.786,sequential,8.4,397.8,178.5,86.7,1089.7,62.2,2400,0.0,0.0,15866,-624,68,discharging,None,None
19:28:19.290,sequential,8.3,397.8,178.5,1.5,1088.8,59.5,2400,0.0,0.0,15910,-602,68,discharging,None,None
19:28:19.794,sequential,8.3,397.8,178.5,2.5,1088.5,59.0,2400,0.0,0.0,15913,-418,68,discharging,None,None
19:28:20.299,sequential,8.3,397.8,178.5,78.7,1088.3,63.9,2400,0.0,0.0,15873,-530,68,discharging,None,None
19:28:20.803,sequential,8.3,402.5,172.4,40.0,1087.8,59.5,2400,0.0,0.0,15893,-627,68,discharging,None,None
19:28:21.306,sequential,8.3,402.5,172.4,1.5,1087.8,59.5,2400,0.0,0.0,15906,-513,68,discharging,None,None
19:28:21.815,sequential,8.4,402.5,172.4,27.1,1088.3,61.1,2400,0.0,0.0,15911,-413,68,discharging,None,None
19:28:22.319,sequential,8.4,427.0,175.6,96.1,1088.0,61.7,2400,0.0,0.0,15864,-584,68,discharging,None,None
19:28:22.822,sequential,8.3,427.0,175.6,1.5,1087.6,59.5,2400,0.0,0.0,15879,-612,68,discharging,None,None
19:28:23.326,sequential,8.3,427.0,175.6,1.5,1088.4,59.5,2400,0.0,0.0,15909,-529,68,discharging,None,None
19:28:23.835,sequential,8.3,427.0,175.6,69.2,1089.0,64.5,2400,0.0,0.0,15908,-521,68,discharging,None,None
19:28:24.338,sequential,8.3,411.0,170.0,50.2,1088.3,60.6,2400,0.0,0.0,15859,-616,68,discharging,None,None
19:28:24.842,sequential,8.3,411.0,170.0,2.0,1088.2,59.5,2400,0.0,0.0,15900,-645,68,discharging,None,None
19:28:25.355,sequential,8.4,411.0,170.0,26.7,1089.4,61.7,2400,0.0,0.0,15909,-442,68,discharging,None,None
19:28:25.859,sequential,8.4,409.8,176.8,100.0,1090.1,65.0,2400,0.0,0.0,15861,-609,68,discharging,None,None
19:28:26.362,sequential,7.9,409.8,176.8,3.5,1089.5,59.5,2400,0.0,0.0,15900,-632,68,discharging,None,None
19:28:26.866,sequential,7.9,409.8,176.8,2.0,1088.0,59.5,1900,0.0,0.0,15908,-547,68,discharging,None,None
19:28:27.375,sequential,7.9,409.8,176.8,63.5,1088.0,64.5,2400,0.0,0.0,15915,-464,68,discharging,None,None
19:28:27.878,sequential,8.2,411.0,175.5,56.9,1087.4,59.5,2400,0.0,0.0,15861,-607,68,discharging,None,None
19:28:28.382,sequential,8.2,411.0,175.5,2.0,1087.4,59.5,2400,0.0,0.0,15907,-559,68,discharging,None,None
19:28:28.892,sequential,8.4,411.0,175.5,10.9,1086.5,60.6,2400,0.0,0.0,15910,-416,68,discharging,None,None
19:28:29.397,sequential,8.4,411.4,175.5,100.0,1086.5,63.4,2400,0.0,0.0,15862,-570,68,discharging,None,None
19:28:29.901,sequential,8.4,411.4,179.1,11.5,1086.4,60.0,2400,0.0,0.0,15896,-631,68,discharging,None,None
19:28:30.404,sequential,8.3,411.4,179.1,1.5,1086.4,59.0,2400,0.0,0.0,15908,-476,68,discharging,None,None
19:28:30.910,sequential,8.3,411.4,179.1,56.4,1086.4,63.4,2400,0.0,0.0,15901,-466,68,discharging,None,None
19:28:31.413,sequential,8.3,408.8,174.6,64.3,1086.4,61.1,2400,0.0,0.0,15862,-630,68,discharging,None,None
19:28:31.917,sequential,8.3,408.8,174.6,2.0,1086.4,60.6,2400,0.0,0.0,15907,-580,68,discharging,None,None
19:28:32.425,sequential,8.3,408.8,174.6,4.0,1086.4,59.5,1700,0.0,0.0,15910,-411,68,discharging,None,None
19:28:32.932,sequential,8.3,424.5,174.6,100.0,1086.4,63.9,2400,0.0,0.0,15869,-529,68,discharging,None,None
19:28:33.435,sequential,8.3,424.5,176.2,21.1,1086.2,60.0,2400,0.0,0.0,15897,-614,68,discharging,None,None
19:28:33.939,sequential,8.4,424.5,176.2,1.5,1086.0,59.5,2400,0.0,0.0,15909,-496,68,discharging,None,None
19:28:34.447,sequential,8.4,424.5,176.2,46.3,1086.0,63.9,2400,0.0,0.0,15910,-442,68,discharging,None,None
19:28:34.951,sequential,8.3,407.2,170.5,72.8,1086.0,61.7,2400,0.0,0.0,15862,-625,68,discharging,None,None
19:28:35.455,sequential,8.3,407.2,170.5,1.5,1086.0,59.5,2400,0.0,0.0,15906,-602,68,discharging,None,None
19:28:35.958,sequential,8.4,407.2,170.5,2.0,1086.2,59.0,2400,0.0,0.0,15908,-418,68,discharging,None,None
19:28:36.467,sequential,8.4,394.4,170.5,93.0,1086.2,64.5,2400,0.0,0.0,15869,-531,68,discharging,None,None
19:28:36.970,sequential,8.4,394.4,183.4,26.2,1086.4,59.5,2400,0.0,0.0,15892,-629,68,discharging,None,None
19:28:37.474,sequential,8.3,394.4,183.4,11.0,1086.9,59.5,2400,0.0,0.0,15904,-524,68,discharging,None,None
19:28:37.983,sequential,8.3,394.4,183.4,41.8,1086.9,62.8,2400,0.0,0.0,15911,-430,68,discharging,None,None
19:28:38.486,sequential,7.9,426.3,172.8,80.8,1086.9,62.2,2400,0.0,0.0,15859,-592,68,discharging,None,None
19:28:38.990,sequential,7.9,426.3,172.8,1.5,1086.4,57.9,2400,0.0,0.0,15901,-611,68,discharging,None,None
19:28:39.494,sequential,7.9,426.3,172.8,2.0,1087.1,59.0,2400,0.0,0.0,15909,-437,68,discharging,None,None
19:28:40.004,sequential,8.3,406.7,172.8,84.4,1087.1,62.8,2400,0.0,0.0,15873,-510,68,discharging,None,None
19:28:40.508,sequential,8.3,406.7,170.5,32.8,1087.4,60.0,2400,0.0,0.0,15872,-629,68,discharging,None,None
19:28:41.011,sequential,8.4,406.7,170.5,2.0,1088.1,59.5,2400,0.0,0.0,15907,-535,68,discharging,None,None
19:28:41.516,sequential,8.4,406.7,170.5,34.3,1088.1,63.4,2400,0.0,0.0,15909,-416,68,discharging,None,None
19:28:42.020,sequential,8.3,400.5,178.0,85.6,1087.8,61.7,2400,0.0,0.0,15861,-594,68,discharging,None,None
19:28:42.523,sequential,8.3,400.5,178.0,1.5,1087.8,59.5,2400,0.0,0.0,15898,-628,68,discharging,None,None
19:28:43.027,sequential,8.3,400.5,178.0,2.0,1087.1,60.0,1800,0.0,0.0,15907,-450,68,discharging,None,None
19:28:43.535,sequential,8.2,400.5,178.0,79.6,1087.7,63.4,2400,0.0,0.0,15895,-469,68,discharging,None,None
19:28:44.038,sequential,8.2,433.7,179.3,45.9,1088.2,60.0,2400,0.0,0.0,15858,-613,68,discharging,None,None
19:28:44.542,sequential,8.4,433.7,179.3,2.0,1088.2,59.0,2400,0.0,0.0,15904,-560,68,discharging,None,None
19:28:45.051,sequential,8.4,433.7,179.3,21.9,1088.7,62.2,2400,0.0,0.0,15908,-415,68,discharging,None,None
19:28:45.554,sequential,8.4,400.1,183.8,97.1,1088.7,63.4,2400,0.0,0.0,15862,-569,68,discharging,None,None
19:28:46.058,sequential,8.3,400.1,183.8,2.5,1087.6,59.0,2400,0.0,0.0,15895,-630,68,discharging,None,None
19:28:46.562,sequential,8.3,400.1,183.8,1.0,1088.0,60.0,2400,0.0,0.0,15906,-475,68,discharging,None,None
19:28:47.069,sequential,8.3,400.1,183.8,67.3,1088.0,64.5,2400,0.0,0.0,15900,-463,68,discharging,None,None
19:28:47.573,sequential,8.3,367.5,165.6,40.8,1087.8,60.0,2400,0.0,0.0,15857,-610,68,discharging,None,None
19:28:48.076,sequential,8.3,367.5,165.6,0.0,1087.6,59.5,2400,0.0,0.0,15905,-558,68,discharging,None,None
19:28:48.584,sequential,8.3,367.5,165.6,24.3,1087.6,62.2,2400,0.0,0.0,15909,-404,68,discharging,None,None
19:28:49.088,sequential,8.3,372.8,167.6,85.1,1086.7,61.7,2400,0.0,0.0,15863,-548,68,discharging,None,None
19:28:49.591,sequential,8.3,372.8,167.6,0.0,1086.7,59.5,2400,0.0,0.0,15896,-599,68,discharging,None,None
19:28:50.095,sequential,8.3,372.8,167.6,0.0,1087.1,59.0,2400,0.0,0.0,15907,-454,68,discharging,None,None
19:28:50.607,sequential,8.3,364.5,167.6,78.9,1087.1,63.4,2400,0.0,0.0,15889,-478,68,discharging,None,None
19:28:51.110,sequential,8.3,364.5,167.3,28.5,1087.8,60.0,2400,0.0,0.0,15868,-609,68,discharging,None,None
19:28:51.614,sequential,8.3,364.5,167.3,0.0,1087.8,59.0,2400,0.0,0.0,15905,-538,68,discharging,None,None
19:28:52.123,sequential,8.3,364.5,167.3,36.8,1087.6,61.7,2400,0.0,0.0,15908,-406,68,discharging,None,None
19:28:52.626,sequential,8.3,362.9,167.1,70.9,1087.8,61.1,2400,0.0,0.0,15858,-583,68,discharging,None,None
19:28:53.130,sequential,8.3,362.9,167.1,0.0,1088.1,59.0,2400,0.0,0.0,15899,-609,68,discharging,None,None
19:28:53.633,sequential,8.3,362.9,167.1,0.0,1088.3,58.4,1800,0.0,0.0,15907,-433,68,discharging,None,None
19:28:54.140,sequential,8.3,375.7,167.1,93.6,1089.5,63.4,2400,0.0,0.0,15884,-482,68,discharging,None,None
19:28:54.644,sequential,8.3,375.7,166.0,16.4,1089.5,60.0,2400,0.0,0.0,15880,-593,68,discharging,None,None
19:28:55.147,sequential,8.3,375.7,166.0,0.0,1088.5,59.5,2400,0.0,0.0,15905,-519,68,discharging,None,None
19:28:55.655,sequential,8.3,375.7,166.0,48.8,1088.5,63.4,2400,0.0,0.0,15908,-412,68,discharging,None,None
19:28:56.158,sequential,8.3,367.2,162.1,59.2,1087.1,59.5,2400,0.0,0.0,15858,-602,68,discharging,None,None
19:28:56.662,sequential,8.3,367.2,162.1,0.0,1087.4,59.5,2400,0.0,0.0,15903,-603,68,discharging,None,None
19:28:57.171,sequential,8.3,367.2,162.1,5.5,1087.4,61.7,2400,0.0,0.0,15907,-413,68,discharging,None,None
19:28:57.675,sequential,8.3,365.2,162.2,99.5,1087.4,64.5,2400,0.0,0.0,15866,-521,68,discharging,None,None
19:28:58.179,sequential,8.3,365.2,162.2,2.0,1087.4,59.5,2400,0.0,0.0,15894,-610,68,discharging,None,None
19:28:58.682,sequential,8.3,365.2,162.2,0.0,1087.4,59.0,2400,0.0,0.0,15905,-494,68,discharging,None,None
19:28:59.187,sequential,8.3,365.2,162.2,63.2,1086.7,63.9,2400,0.0,0.0,15910,-413,68,discharging,None,None
19:28:59.690,sequential,8.3,385.4,162.1,48.0,1086.7,60.0,2400,0.0,0.0,15861,-591,68,discharging,None,None
19:29:00.194,sequential,8.3,385.4,162.1,0.0,1087.6,59.5,2400,0.0,0.0,15905,-584,68,discharging,None,None
19:29:00.703,sequential,8.3,385.4,162.1,16.5,1087.6,61.1,2400,0.0,0.0,15908,-406,68,discharging,None,None
19:29:01.207,sequential,8.3,364.7,166.0,90.7,1087.6,62.2,2400,0.0,0.0,15864,-538,68,discharging,None,None
19:29:01.710,sequential,8.3,364.7,166.0,0.0,1087.6,59.0,2400,0.0,0.0,15894,-609,68,discharging,None,None
19:29:02.214,sequential,8.3,364.7,166.0,0.0,1087.2,59.5,2400,0.0,0.0,15907,-477,68,discharging,None,None
19:29:02.726,sequential,8.3,366.1,166.0,74.3,1087.2,63.4,2400,0.0,0.0,15905,-448,68,discharging,None,None
19:29:03.230,sequential,8.3,366.1,161.9,32.7,1086.9,60.0,2400,0.0,0.0,15855,-608,68,discharging,None,None
19:29:03.733,sequential,8.3,366.1,161.9,0.0,1086.9,59.5,2400,0.0,0.0,15903,-567,68,discharging,None,None
19:29:04.240,sequential,8.3,366.1,161.9,33.2,1086.7,61.7,2400,0.0,0.0,15906,-407,68,discharging,None,None
19:29:04.743,sequential,8.3,373.3,165.1,76.6,1086.7,61.1,2400,0.0,0.0,15861,-547,68,discharging,None,None
19:29:05.247,sequential,8.3,373.3,165.1,0.0,1086.9,59.5,2400,0.0,0.0,15892,-600,68,discharging,None,None
19:29:05.750,sequential,8.3,373.3,165.1,0.0,1086.9,57.9,2400,0.0,0.0,15905,-460,68,discharging,None,None
19:29:06.259,sequential,8.3,366.5,165.1,87.5,1087.2,63.4,2400,0.0,0.0,15892,-470,68,discharging,None,None
19:29:06.762,sequential,8.3,366.5,162.2,19.8,1087.2,60.0,2400,0.0,0.0,15859,-608,68,discharging,None,None
19:29:07.266,sequential,8.3,366.5,162.2,0.0,1087.2,58.4,2400,0.0,0.0,15903,-545,68,discharging,None,None
19:29:07.775,sequential,8.3,366.5,162.2,45.5,1087.2,63.4,2400,0.0,0.0,15907,-406,68,discharging,None,None
19:29:08.278,sequential,8.3,364.4,168.9,63.1,1086.7,60.6,2400,0.0,0.0,15857,-577,68,discharging,None,None
19:29:08.782,sequential,8.3,364.4,168.9,0.0,1086.2,59.0,2400,0.0,0.0,15896,-610,68,discharging,None,None
19:29:09.292,sequential,8.3,364.4,168.9,1.0,1086.2,59.0,1800,0.0,0.0,15904,-439,68,discharging,None,None
19:29:09.799,sequential,8.3,378.9,168.9,99.5,1086.2,64.5,2400,0.0,0.0,15888,-472,68,discharging,None,None
19:29:10.303,sequential,8.3,378.9,166.3,7.0,1086.2,59.5,2400,0.0,0.0,15871,-592,68,discharging,None,None
19:29:10.806,sequential,8.3,378.9,166.3,0.5,1086.2,59.0,2400,0.0,0.0,15902,-527,68,discharging,None,None
19:29:11.315,sequential,8.3,378.9,166.3,57.5,1087.0,63.4,2400,0.0,0.0,15905,-406,68,discharging,None,None
19:29:11.818,sequential,8.3,364.4,165.2,50.2,1087.2,59.5,2400,0.0,0.0,15855,-593,68,discharging,None,None
19:29:12.322,sequential,8.3,364.4,165.2,0.0,1086.7,59.5,2400,0.0,0.0,15898,-609,68,discharging,None,None
19:29:12.832,sequential,8.3,364.4,165.2,16.2,1087.2,61.1,2400,0.0,0.0,15905,-421,68,discharging,None,None
19:29:13.336,sequential,8.3,366.5,166.3,92.5,1086.9,61.7,2400,0.0,0.0,15867,-510,68,discharging,None,None
19:29:13.839,sequential,8.3,366.5,166.3,0.0,1086.4,59.5,2400,0.0,0.0,15888,-609,68,discharging,None,None
19:29:14.343,sequential,8.3,366.5,166.3,0.0,1086.4,59.5,2400,0.0,0.0,15904,-506,68,discharging,None,None
19:29:14.851,sequential,8.3,366.5,166.3,71.6,1086.4,63.4,2400,0.0,0.0,15905,-417,68,discharging,None,None
19:29:15.355,sequential,8.3,377.7,160.2,37.9,1086.2,60.0,2400,0.0,0.0,15857,-596,68,discharging,None,None
19:29:15.858,sequential,8.3,377.7,160.2,0.5,1086.2,59.5,2400,0.0,0.0,15901,-587,68,discharging,None,None
19:29:16.367,sequential,8.3,377.7,160.2,27.5,1086.9,62.2,2400,0.0,0.0,15904,-407,68,discharging,None,None
19:29:16.870,sequential,8.3,367.3,163.3,80.0,1087.1,60.0,2400,0.0,0.0,15861,-532,68,discharging,None,None
19:29:17.374,sequential,8.3,367.3,163.3,0.0,1088.1,58.4,2400,0.0,0.0,15891,-609,68,discharging,None,None
19:29:17.877,sequential,8.3,367.3,163.3,0.0,1088.1,58.4,2400,0.0,0.0,15903,-407,68,discharging,None,None
19:29:18.384,sequential,8.3,364.7,163.3,84.7,1088.8,63.4,2400,0.0,0.0,15861,-542,68,discharging,None,None
19:29:18.888,sequential,8.3,364.7,168.1,23.4,1089.0,59.5,2400,0.0,0.0,15891,-610,68,discharging,None,None
19:29:19.391,sequential,8.3,364.7,168.1,0.0,1090.8,59.0,2400,0.0,0.0,15904,-474,68,discharging,None,None
19:29:19.899,sequential,8.3,364.7,168.1,41.0,1090.8,62.2,2400,0.0,0.0,15904,-429,68,discharging,None,None
19:29:20.402,sequential,8.3,382.6,160.6,69.1,1089.9,60.0,2400,0.0,0.0,15854,-592,68,discharging,None,None
19:29:20.906,sequential,8.3,382.6,160.6,0.0,1088.3,59.0,2400,0.0,0.0,15900,-569,68,discharging,None,None
19:29:21.409,sequential,8.3,382.6,160.6,0.0,1088.3,58.4,2400,0.0,0.0,15904,-406,68,discharging,None,None
19:29:21.916,sequential,8.3,362.3,160.6,95.5,1088.3,63.9,2400,0.0,0.0,15857,-556,68,discharging,None,None
19:29:22.419,sequential,8.3,362.3,165.0,11.9,1087.6,59.0,2400,0.0,0.0,15890,-608,68,discharging,None,None
19:29:22.923,sequential,8.3,362.3,165.0,0.0,1087.1,59.5,2400,0.0,0.0,15902,-459,68,discharging,None,None
19:29:23.431,sequential,8.3,362.3,165.0,52.7,1088.1,63.4,2400,0.0,0.0,15887,-472,68,discharging,None,None
19:29:23.935,sequential,8.3,366.9,163.1,55.2,1088.5,61.1,2400,0.0,0.0,15857,-608,68,discharging,None,None
19:29:24.438,sequential,8.3,366.9,163.1,0.0,1088.7,59.0,2400,0.0,0.0,15900,-543,68,discharging,None,None
19:29:24.947,sequential,8.3,366.9,163.1,10.0,1087.5,59.5,1600,0.0,0.0,15903,-404,68,discharging,None,None
19:29:25.450,sequential,8.3,384.2,162.0,99.0,1087.5,63.9,2400,0.0,0.0,15858,-554,68,discharging,None,None
19:29:25.954,sequential,8.3,384.2,162.0,1.5,1087.6,59.5,2400,0.0,0.0,15892,-594,68,discharging,None,None
19:29:26.457,sequential,8.3,384.2,162.0,1.0,1087.8,59.5,2400,0.0,0.0,15902,-443,68,discharging,None,None
19:29:26.964,sequential,8.3,384.2,162.0,65.4,1087.8,65.0,2400,0.0,0.0,15872,-490,68,discharging,None,None
19:29:27.467,sequential,8.3,365.3,165.4,43.3,1087.3,60.0,2400,0.0,0.0,15873,-609,68,discharging,None,None
19:29:27.971,sequential,8.3,365.3,165.4,0.0,1086.6,59.0,2400,0.0,0.0,15900,-526,68,discharging,None,None
19:29:28.479,sequential,8.3,365.3,165.4,20.9,1086.6,62.2,2400,0.0,0.0,15902,-407,68,discharging,None,None
19:29:28.983,sequential,8.3,365.1,164.7,86.7,1085.9,61.7,2400,0.0,0.0,15852,-594,68,discharging,None,None
19:29:29.486,sequential,8.3,365.1,164.7,0.0,1087.1,59.0,2400,0.0,0.0,15896,-607,68,discharging,None,None
19:29:29.990,sequential,8.3,365.1,164.7,0.0,1087.1,59.0,2400,0.0,0.0,15903,-421,68,discharging,None,None
19:29:30.502,sequential,8.3,375.0,164.7,78.3,1087.1,62.8,2400,0.0,0.0,15874,-492,68,discharging,None,None
19:29:31.006,sequential,8.3,375.0,166.2,31.2,1086.6,60.0,2400,0.0,0.0,15884,-592,68,discharging,None,None
19:29:31.510,sequential,8.3,375.0,166.2,1.0,1086.9,59.0,2400,0.0,0.0,15902,-509,68,discharging,None,None
19:29:32.019,sequential,23.0,375.0,166.2,35.5,1085.8,61.7,2400,0.0,0.0,15902,-427,68,discharging,None,None
19:29:32.522,sequential,23.0,418.1,172.9,85.3,1086.0,61.1,2400,0.0,0.0,15853,-611,68,discharging,None,None
19:29:33.026,sequential,8.3,418.1,172.9,1.5,1086.4,60.0,2400,0.0,0.0,15893,-615,68,discharging,None,None
19:29:33.529,sequential,8.3,418.1,172.9,1.5,1086.4,58.4,2400,0.0,0.0,15901,-433,68,discharging,None,None
19:29:34.036,sequential,8.3,402.3,172.9,80.3,1086.4,63.4,2400,0.0,0.0,15864,-512,68,discharging,None,None
19:29:34.540,sequential,8.3,402.3,351.2,53.7,1086.0,60.6,2400,0.0,0.0,15858,-649,68,discharging,None,None
19:29:35.043,sequential,8.3,402.3,351.2,2.0,1086.0,59.0,2400,0.0,0.0,15897,-552,68,discharging,None,None
19:29:35.547,sequential,7.9,402.3,351.2,2.5,1086.8,58.4,1600,0.0,0.0,15901,-410,68,discharging,None,None
19:29:36.056,sequential,7.9,419.8,351.2,91.0,1086.9,63.4,2400,0.0,0.0,15870,-499,68,discharging,None,None
19:29:36.560,sequential,7.9,419.8,175.8,30.5,1086.7,60.6,2400,0.0,0.0,15881,-607,68,discharging,None,None
19:29:37.063,sequential,8.3,419.8,175.8,2.5,1086.5,59.0,2400,0.0,0.0,15900,-516,68,discharging,None,None
19:29:37.571,sequential,8.3,419.8,175.8,37.5,1086.5,63.9,2400,0.0,0.0,15901,-426,68,discharging,None,None
19:29:38.074,sequential,8.3,395.0,186.3,82.2,1086.9,61.1,2400,0.0,0.0,15851,-610,68,discharging,None,None
19:29:38.578,sequential,8.3,395.0,186.3,1.5,1086.9,59.5,2400,0.0,0.0,15893,-614,68,discharging,None,None
19:29:39.081,sequential,8.4,395.0,186.3,1.5,1087.4,59.0,2400,0.0,0.0,15900,-430,68,discharging,None,None
19:29:39.591,sequential,8.4,401.7,186.3,83.8,1087.4,63.9,2400,0.0,0.0,15864,-511,68,discharging,None,None
19:29:40.095,sequential,8.4,401.7,180.1,34.5,1086.9,60.0,2400,0.0,0.0,15866,-627,68,discharging,None,None
19:29:40.599,sequential,8.3,401.7,180.1,2.0,1086.9,60.0,2400,0.0,0.0,15897,-530,68,discharging,None,None
19:29:41.111,sequential,8.3,401.7,180.1,31.7,1086.2,61.1,2400,0.0,0.0,15901,-407,68,discharging,None,None
19:29:41.614,sequential,8.3,418.9,187.9,89.8,1086.2,62.2,2400,0.0,0.0,15853,-567,68,discharging,None,None
19:29:42.118,sequential,8.3,418.9,187.9,2.0,1086.7,59.0,2400,0.0,0.0,15887,-617,68,discharging,None,None
19:29:42.622,sequential,8.4,418.9,187.9,1.5,1086.7,59.0,2400,0.0,0.0,15898,-457,68,discharging,None,None
19:29:43.132,sequential,8.4,418.9,187.9,74.5,1086.7,63.9,2400,0.0,0.0,15880,-486,68,discharging,None,None
19:29:43.636,sequential,8.4,402.9,173.4,44.3,1086.7,60.6,2400,0.0,0.0,15850,-628,68,discharging,None,None
19:29:44.139,sequential,8.3,402.9,173.4,2.5,1086.4,59.5,2400,0.0,0.0,15896,-558,68,discharging,None,None
19:29:44.647,sequential,8.3,402.9,173.4,22.3,1086.4,62.8,2400,0.0,0.0,15899,-415,68,discharging,None,None
19:29:45.151,sequential,8.3,409.3,177.8,97.1,1085.8,63.9,2400,0.0,0.0,15852,-570,68,discharging,None,None
19:29:45.654,sequential,8.3,409.3,177.8,2.0,1086.0,59.0,2400,0.0,0.0,15887,-631,68,discharging,None,None
19:29:46.158,sequential,8.3,409.3,177.8,1.5,1086.2,59.0,1900,0.0,0.0,15897,-475,68,discharging,None,None
19:29:46.667,sequential,8.3,409.3,177.8,57.2,1086.2,63.4,2400,0.0,0.0,15898,-429,68,discharging,None,None
19:29:47.171,sequential,8.3,410.6,181.2,73.3,1086.2,60.6,2400,0.0,0.0,15848,-612,68,discharging,None,None
19:29:47.674,sequential,8.0,410.6,181.2,2.0,1086.2,59.5,2400,0.0,0.0,15891,-615,68,discharging,None,None
19:29:48.178,sequential,8.0,410.6,181.2,1.5,1085.8,59.0,2400,0.0,0.0,15898,-433,68,discharging,None,None
19:29:48.684,sequential,8.0,393.7,181.2,92.5,1085.8,64.5,2400,0.0,0.0,15860,-513,68,discharging,None,None
19:29:49.188,sequential,8.3,393.7,167.3,24.4,1085.3,60.0,2400,0.0,0.0,15870,-624,68,discharging,None,None
19:29:49.691,sequential,8.3,393.7,167.3,2.0,1086.1,59.0,2400,0.0,0.0,15897,-527,68,discharging,None,None
19:29:50.199,sequential,8.4,393.7,167.3,44.0,1086.2,63.9,2400,0.0,0.0,15899,-420,68,discharging,None,None
19:29:50.702,sequential,8.4,408.5,176.1,76.4,1086.2,60.6,2400,0.0,0.0,15851,-600,68,discharging,None,None
19:29:51.206,sequential,8.3,408.5,176.1,1.5,1086.9,60.0,2400,0.0,0.0,15890,-624,68,discharging,None,None
19:29:51.710,sequential,8.3,408.5,176.1,3.5,1087.4,58.4,1600,0.0,0.0,15900,-441,68,discharging,None,None
19:29:52.219,sequential,8.3,406.4,176.1,88.9,1087.4,63.4,2400,0.0,0.0,15876,-474,68,discharging,None,None
19:29:52.722,sequential,8.2,406.4,183.0,32.0,1086.9,60.0,2400,0.0,0.0,15859,-606,68,discharging,None,None
19:29:53.226,sequential,8.2,406.4,183.0,1.5,1086.9,59.5,2400,0.0,0.0,15894,-545,68,discharging,None,None
19:29:53.735,sequential,8.4,406.4,183.0,36.6,1086.9,62.8,2400,0.0,0.0,15897,-416,68,discharging,None,None
19:29:54.239,sequential,8.4,404.6,183.4,84.7,1086.2,62.2,2400,0.0,0.0,15848,-579,68,discharging,None,None
19:29:54.742,sequential,8.3,404.6,183.4,2.0,1086.2,60.0,2400,0.0,0.0,15884,-629,68,discharging,None,None
19:29:55.246,sequential,8.3,404.6,183.4,2.0,1085.7,59.0,2400,0.0,0.0,15896,-464,68,discharging,None,None
19:29:55.756,sequential,8.3,395.8,183.4,81.3,1085.7,64.5,2400,0.0,0.0,15877,-480,68,discharging,None,None
19:29:56.260,sequential,8.3,395.8,182.0,37.6,1086.6,60.0,2400,0.0,0.0,15846,-628,68,discharging,None,None
19:29:56.764,sequential,8.3,395.8,182.0,2.5,1086.6,59.5,2400,0.0,0.0,15893,-563,68,discharging,None,None
19:29:57.272,sequential,8.4,395.8,182.0,32.0,1086.6,60.6,2400,0.0,0.0,15899,-408,68,discharging,None,None
19:29:57.776,sequential,8.4,417.1,179.8,91.5,1086.6,62.2,2400,0.0,0.0,15855,-537,68,discharging,None,None
19:29:58.279,sequential,8.4,417.1,179.8,2.5,1087.3,59.5,2400,0.0,0.0,15883,-609,68,discharging,None,None
19:29:58.783,sequential,8.3,417.1,179.8,10.9,1087.3,59.5,2400,0.0,0.0,15890,-493,68,discharging,None,None
19:29:59.291,sequential,8.3,417.1,179.8,73.6,1086.9,64.5,2400,0.0,0.0,15893,-469,68,discharging,None,None
19:29:59.795,sequential,7.9,399.6,181.0,46.1,1087.3,60.6,2400,0.0,0.0,15850,-627,68,discharging,None,None
19:30:00.299,sequential,7.9,399.6,181.0,3.0,1086.9,59.5,2400,0.0,0.0,15892,-586,68,discharging,None,None
19:30:00.807,sequential,8.3,399.6,181.0,21.5,1087.1,61.1,2400,0.0,0.0,15896,-416,68,discharging,None,None
19:30:01.310,sequential,8.3,401.7,185.7,98.5,1087.1,63.9,2400,0.0,0.0,15855,-546,68,discharging,None,None
19:30:01.814,sequential,8.3,401.7,185.7,2.5,1085.9,59.5,2400,0.0,0.0,15884,-629,68,discharging,None,None
19:30:02.318,sequential,8.4,401.7,185.7,2.5,1085.9,59.0,1900,0.0,0.0,15895,-498,68,discharging,None,None
19:30:02.824,sequential,8.4,401.7,185.7,67.3,1085.9,63.9,2400,0.0,0.0,15899,-422,68,discharging,None,None
19:30:03.327,sequential,8.3,409.9,184.5,55.2,1086.1,60.6,2400,0.0,0.0,15849,-600,68,discharging,None,None
19:30:03.831,sequential,8.3,409.9,184.5,2.5,1086.1,59.0,2400,0.0,0.0,15889,-601,68,discharging,None,None
19:30:04.340,sequential,8.3,409.9,184.5,12.4,1086.4,61.1,2400,0.0,0.0,15895,-422,68,discharging,None,None
19:30:04.851,sequential,8.3,398.8,184.5,99.5,1086.4,63.4,2400,0.0,0.0,15859,-521,68,discharging,None,None
19:30:05.355,sequential,8.3,398.8,178.7,7.5,1086.4,60.0,2400,0.0,0.0,15871,-628,68,discharging,None,None
19:30:05.858,sequential,8.4,398.8,178.7,2.5,1086.4,59.0,2400,0.0,0.0,15895,-520,68,discharging,None,None
19:30:06.367,sequential,8.4,398.8,178.7,60.7,1086.4,63.9,2400,0.0,0.0,15895,-424,68,discharging,None,None
19:30:06.870,sequential,8.3,397.2,177.6,58.1,1086.4,60.0,2400,0.0,0.0,15847,-605,68,discharging,None,None
19:30:07.374,sequential,8.3,397.2,177.6,3.0,1086.2,60.0,2400,0.0,0.0,15887,-526,68,discharging,None,None
19:30:07.885,sequential,8.3,397.2,177.6,11.2,1086.4,59.5,1800,0.0,0.0,15897,-410,68,discharging,None,None
19:30:08.389,sequential,8.3,421.5,177.6,100.0,1086.4,63.9,2400,0.0,0.0,15848,-574,68,discharging,None,None
19:30:08.893,sequential,8.3,421.5,177.0,15.3,1086.1,60.0,2400,0.0,0.0,15884,-615,68,discharging,None,None
19:30:09.396,sequential,8.4,421.5,177.0,2.0,1086.1,59.0,2400,0.0,0.0,15894,-451,68,discharging,None,None
19:30:09.908,sequential,8.4,421.5,177.0,54.2,1085.9,63.4,2400,0.0,0.0,15864,-496,68,discharging,None,None
19:30:10.555,sequential,8.3,410.5,172.5,58.1,1085.7,60.6,2400,0.0,0.0,15848,-630,68,discharging,None,None
19:30:11.059,sequential,8.3,410.5,172.5,3.0,1085.7,59.0,2400,0.0,0.0,15889,-561,68,discharging,None,None
19:30:11.567,sequential,8.3,410.5,172.5,29.6,1085.7,62.2,2400,0.0,0.0,15894,-427,68,discharging,None,None
19:30:12.070,sequential,7.9,398.9,180.5,88.2,1085.5,62.2,2400,0.0,0.0,15846,-579,68,discharging,None,None
19:30:12.574,sequential,7.9,398.9,180.5,2.5,1085.5,59.0,2400,0.0,0.0,15881,-629,68,discharging,None,None
19:30:13.078,sequential,8.4,398.9,180.5,3.0,1085.5,57.9,1500,0.0,0.0,15893,-466,68,discharging,None,None
19:30:13.587,sequential,8.4,398.9,180.5,76.6,1085.5,63.4,2400,0.0,0.0,15891,-453,68,discharging,None,None
19:30:14.090,sequential,8.3,417.5,171.5,45.0,1085.7,59.5,2400,0.0,0.0,15845,-607,68,discharging,None,None
19:30:14.594,sequential,8.3,417.5,171.5,2.5,1085.7,59.0,2400,0.0,0.0,15890,-569,68,discharging,None,None
19:30:15.103,sequential,8.3,417.5,171.5,23.3,1085.7,61.7,2400,0.0,0.0,15893,-415,68,discharging,None,None
19:30:15.607,sequential,8.3,409.0,176.0,97.1,1085.7,63.9,2400,0.0,0.0,15849,-562,68,discharging,None,None
19:30:16.110,sequential,8.3,409.0,176.0,2.5,1085.5,60.0,2400,0.0,0.0,15880,-630,68,discharging,None,None
19:30:16.614,sequential,8.4,409.0,176.0,2.5,1085.5,59.0,2400,0.0,0.0,15892,-483,68,discharging,None,None
19:30:17.123,sequential,8.4,409.0,176.0,68.8,1085.5,64.5,2400,0.0,0.0,15888,-458,68,discharging,None,None
19:30:17.626,sequential,8.4,411.3,170.8,51.0,1085.5,60.0,2400,0.0,0.0,15847,-631,68,discharging,None,None
19:30:18.130,sequential,8.3,411.3,170.8,3.5,1085.5,59.5,2400,0.0,0.0,15889,-589,68,discharging,None,None
19:30:18.639,sequential,8.3,411.3,170.8,16.9,1085.5,60.0,1900,0.0,0.0,15893,-413,68,discharging,None,None
19:30:19.143,sequential,8.3,428.4,170.8,100.0,1085.7,63.4,2400,0.0,0.0,15858,-516,68,discharging,None,None
19:30:19.647,sequential,8.3,428.4,172.3,8.9,1085.7,59.5,2400,0.0,0.0,15882,-610,68,discharging,None,None
19:30:20.150,sequential,8.3,428.4,172.3,2.5,1085.7,59.0,2400,0.0,0.0,15892,-506,68,discharging,None,None
19:30:20.659,sequential,8.3,428.4,172.3,59.7,1085.7,63.4,2400,0.0,0.0,15894,-436,68,discharging,None,None
19:30:21.163,sequential,8.3,399.3,180.2,60.3,1085.5,60.6,2400,0.0,0.0,15845,-621,68,discharging,None,None
19:30:21.666,sequential,8.3,399.3,180.2,2.5,1085.5,60.0,2400,0.0,0.0,15889,-609,68,discharging,None,None
19:30:22.175,sequential,8.3,399.3,180.2,8.0,1085.5,60.6,2400,0.0,0.0,15893,-424,68,discharging,None,None
19:30:22.719,sequential,8.3,583.2,180.2,85.0,1085.5,61.7,2400,0.0,0.0,15855,-522,68,discharging,None,None
19:30:23.223,sequential,8.3,583.2,168.1,37.6,1085.5,60.0,2400,0.0,0.0,15854,-647,68,discharging,None,None
19:30:23.726,sequential,8.3,583.2,168.1,2.5,1085.5,59.0,2400,0.0,0.0,15889,-541,68,discharging,None,None
19:30:24.235,sequential,7.6,583.2,168.1,29.5,1087.1,60.6,2400,0.0,0.0,15894,-407,68,discharging,None,None
19:30:24.739,sequential,7.6,415.5,175.3,92.2,1087.5,62.2,2400,0.0,0.0,15850,-531,68,discharging,None,None
19:30:25.242,sequential,8.3,415.5,175.3,2.5,1087.8,60.0,2400,0.0,0.0,15876,-633,68,discharging,None,None
19:30:25.746,sequential,8.3,415.5,175.3,2.5,1088.2,59.5,2400,0.0,0.0,15887,-519,68,discharging,None,None
19:30:26.255,sequential,8.2,415.5,175.3,73.3,1088.2,63.9,2400,0.0,0.0,15891,-455,68,discharging,None,None
19:30:26.759,sequential,8.2,407.7,175.7,47.1,1090.4,60.6,2400,0.0,0.0,15842,-636,68,discharging,None,None
19:30:27.263,sequential,8.2,407.7,175.7,3.0,1089.2,59.0,2400,0.0,0.0,15888,-612,68,discharging,None,None
19:30:27.771,sequential,8.4,407.7,175.7,21.8,1089.2,62.2,2400,0.0,0.0,15892,-422,68,discharging,None,None
19:30:28.274,sequential,8.4,399.7,177.9,97.0,1089.5,63.9,2400,0.0,0.0,15853,-526,68,discharging,None,None
19:30:28.778,sequential,8.3,399.7,177.9,2.5,1089.0,59.5,2400,0.0,0.0,15869,-630,68,discharging,None,None
19:30:29.282,sequential,8.3,399.7,177.9,2.5,1088.3,59.0,1600,0.0,0.0,15889,-519,68,discharging,None,None
19:30:29.788,sequential,8.2,399.7,177.9,69.1,1088.3,65.5,2400,0.0,0.0,15896,-411,68,discharging,None,None
19:30:30.291,sequential,8.2,412.4,186.3,54.8,1088.9,60.0,2400,0.0,0.0,15843,-579,68,discharging,None,None
19:30:30.795,sequential,8.2,412.4,186.3,2.5,1088.9,59.0,2400,0.0,0.0,15881,-611,68,discharging,None,None
19:30:31.304,sequential,8.4,412.4,186.3,12.9,1088.5,60.6,2400,0.0,0.0,15890,-443,68,discharging,None,None
19:30:31.808,sequential,8.4,397.0,186.3,99.5,1088.5,63.9,2400,0.0,0.0,15855,-506,68,discharging,None,None
19:30:32.312,sequential,8.3,397.0,176.3,8.0,1087.5,59.5,2400,0.0,0.0,15853,-628,68,discharging,None,None
19:30:32.816,sequential,8.3,397.0,176.3,3.0,1087.5,59.5,2400,0.0,0.0,15888,-539,68,discharging,None,None
19:30:33.324,sequential,8.3,397.0,176.3,58.9,1086.4,64.5,2400,0.0,0.0,15891,-415,68,discharging,None,None
19:30:33.828,sequential,8.3,412.4,175.2,60.4,1086.9,60.0,2400,0.0,0.0,15841,-587,68,discharging,None,None
19:30:34.331,sequential,8.3,412.4,175.2,2.5,1086.9,59.5,2400,0.0,0.0,15879,-631,68,discharging,None,None
19:30:34.840,sequential,8.4,412.4,175.2,17.3,1086.9,60.6,2400,0.0,0.0,15890,-459,68,discharging,None,None
19:30:35.348,sequential,8.4,403.9,175.2,99.5,1086.9,63.9,2400,0.0,0.0,15868,-493,68,discharging,None,None
19:30:35.851,sequential,7.9,403.9,187.5,18.1,1086.7,60.0,2400,0.0,0.0,15839,-638,68,discharging,None,None
19:30:36.355,sequential,7.9,403.9,187.5,7.5,1087.8,59.5,2400,0.0,0.0,15886,-561,68,discharging,None,None
19:30:36.863,sequential,7.9,403.9,187.5,52.7,1088.5,63.4,2400,0.0,0.0,15889,-415,68,discharging,None,None
19:30:37.367,sequential,8.2,400.0,188.0,67.5,1088.5,61.1,2400,0.0,0.0,15842,-570,68,discharging,None,None
19:30:37.871,sequential,8.2,400.0,188.0,2.0,1089.0,59.5,2400,0.0,0.0,15876,-632,68,discharging,None,None
19:30:38.374,sequential,8.4,400.0,188.0,2.0,1089.0,58.4,2400,0.0,0.0,15888,-417,68,discharging,None,None
19:30:38.883,sequential,8.4,399.3,188.0,97.5,1089.9,64.5,2400,0.0,0.0,15846,-562,68,discharging,None,None
19:30:39.386,sequential,8.4,399.3,174.6,21.3,1089.5,60.6,2400,0.0,0.0,15877,-629,68,discharging,None,None
19:30:39.890,sequential,8.3,399.3,174.6,2.5,1088.8,59.5,1600,0.0,0.0,15888,-479,68,discharging,None,None
19:30:40.399,sequential,8.3,399.3,174.6,47.5,1089.2,63.4,2400,0.0,0.0,15892,-423,68,discharging,None,None
19:30:40.902,sequential,8.3,420.8,177.3,75.9,1089.0,60.6,2400,0.0,0.0,15843,-602,68,discharging,None,None
19:30:41.406,sequential,8.3,420.8,177.3,1.5,1090.4,58.4,2400,0.0,0.0,15886,-593,68,discharging,None,None
19:30:41.910,sequential,8.4,420.8,177.3,1.5,1089.7,58.4,2400,0.0,0.0,15888,-416,68,discharging,None,None
19:30:42.416,sequential,8.4,410.2,177.3,89.7,1089.7,64.5,2400,0.0,0.0,15848,-543,68,discharging,None,None
19:30:42.920,sequential,8.4,410.2,178.9,31.0,1089.5,61.1,2400,0.0,0.0,15876,-632,68,discharging,None,None
19:30:43.424,sequential,8.3,410.2,178.9,2.0,1089.7,59.0,2400,0.0,0.0,15888,-505,68,discharging,None,None
19:30:43.932,sequential,8.3,410.2,178.9,37.1,1090.6,62.2,2400,0.0,0.0,15889,-436,68,discharging,None,None
19:30:44.435,sequential,8.2,415.9,172.5,84.0,1089.7,61.7,2400,0.0,0.0,15841,-619,68,discharging,None,None
19:30:44.939,sequential,8.2,415.9,172.5,2.0,1089.2,59.5,2400,0.0,0.0,15883,-611,68,discharging,None,None
19:30:45.442,sequential,8.2,415.9,172.5,1.5,1089.9,59.5,1600,0.0,0.0,15888,-426,68,discharging,None,None
19:30:45.951,sequential,8.4,415.9,172.5,81.5,1089.5,63.4,2400,0.0,0.0,15854,-500,68,discharging,None,None
19:30:46.455,sequential,8.4,419.4,171.7,40.4,1089.3,60.0,2400,0.0,0.0,15856,-614,68,discharging,None,None
19:30:46.959,sequential,8.3,419.4,171.7,10.4,1089.5,59.5,2400,0.0,0.0,15883,-540,68,discharging,None,None
19:30:47.467,sequential,8.3,419.4,171.7,27.6,1089.5,62.2,2400,0.0,0.0,15888,-431,68,discharging,None,None
19:30:47.970,sequential,7.9,398.7,176.9,91.1,1088.5,61.7,2400,0.0,0.0,15839,-598,68,discharging,None,None
19:30:48.474,sequential,7.9,398.7,176.9,2.0,1088.8,59.5,2400,0.0,0.0,15878,-625,68,discharging,None,None
19:30:48.977,sequential,7.9,398.7,176.9,1.5,1088.3,59.5,2400,0.0,0.0,15888,-446,67,discharging,None,None
19:30:49.484,sequential,8.3,398.7,176.9,75.1,1088.5,65.5,2400,0.0,0.0,15855,-503,67,discharging,None,None
19:30:49.987,sequential,8.3,411.3,176.3,46.3,1088.5,61.1,2400,0.0,0.0,15849,-632,67,discharging,None,None
19:30:50.491,sequential,8.4,411.3,176.3,2.0,1088.5,59.5,2400,0.0,0.0,15886,-544,67,discharging,None,None
19:30:51.001,sequential,8.4,411.3,176.3,21.0,1087.6,60.0,2400,0.0,0.0,15891,-409,67,discharging,None,None
19:30:51.507,sequential,8.4,427.0,172.3,99.5,1087.6,63.9,2400,0.0,0.0,15845,-557,67,discharging,None,None
19:30:52.011,sequential,8.3,427.0,172.3,3.5,1087.2,60.6,2400,0.0,0.0,15872,-617,67,discharging,None,None
19:30:52.514,sequential,8.3,427.0,172.3,1.5,1087.2,59.5,2400,0.0,0.0,15886,-470,67,discharging,None,None
19:30:53.023,sequential,8.2,427.0,172.3,64.2,1087.2,63.9,2400,0.0,0.0,15875,-475,67,discharging,None,None
19:30:53.526,sequential,8.2,410.4,173.3,55.4,1087.4,60.6,2400,0.0,0.0,15837,-629,67,discharging,None,None
19:30:54.030,sequential,8.4,410.4,173.3,1.5,1087.2,60.0,2400,0.0,0.0,15885,-571,67,discharging,None,None
19:30:54.539,sequential,8.4,410.4,173.3,12.1,1087.2,60.6,2400,0.0,0.0,15887,-416,67,discharging,None,None
19:30:55.044,sequential,8.4,397.2,173.3,100.0,1087.2,65.0,2400,0.0,0.0,15844,-564,67,discharging,None,None
19:30:55.548,sequential,8.3,397.2,179.3,7.9,1086.5,60.6,2400,0.0,0.0,15873,-630,67,discharging,None,None
19:30:56.051,sequential,8.3,397.2,179.3,1.5,1087.4,59.5,1800,0.0,0.0,15885,-481,67,discharging,None,None
19:30:56.559,sequential,8.2,397.2,179.3,60.7,1087.6,63.4,2400,0.0,0.0,15888,-433,67,discharging,None,None
19:30:57.062,sequential,8.2,413.1,176.1,61.4,1087.6,60.0,2400,0.0,0.0,15841,-605,67,discharging,None,None
19:30:57.566,sequential,8.4,413.1,176.1,1.5,1087.6,59.0,2400,0.0,0.0,15883,-588,67,discharging,None,None
19:30:58.075,sequential,8.4,413.1,176.1,6.5,1087.6,59.5,2400,0.0,0.0,15887,-417,67,discharging,None,None
19:30:58.579,sequential,8.4,399.7,176.1,100.0,1087.6,65.0,2400,0.0,0.0,15846,-548,67,discharging,None,None
19:30:59.082,sequential,8.3,399.7,180.3,22.4,1086.7,60.6,2400,0.0,0.0,15871,-639,67,discharging,None,None
19:30:59.586,sequential,8.3,399.7,180.3,1.5,1086.7,59.5,2400,0.0,0.0,15885,-508,67,discharging,None,None
19:31:00.093,sequential,7.9,399.7,180.3,53.0,1086.4,64.5,2400,0.0,0.0,15887,-442,67,discharging,None,None
19:31:00.597,sequential,7.9,403.2,171.9,65.5,1086.4,60.6,2400,0.0,0.0,15838,-625,67,discharging,None,None
19:31:01.100,sequential,7.9,403.2,171.9,2.0,1086.9,59.5,2400,0.0,0.0,15883,-602,67,discharging,None,None
19:31:01.608,sequential,8.4,403.2,171.9,2.5,1086.9,59.0,1600,0.0,0.0,15885,-417,67,discharging,None,None
19:31:02.113,sequential,8.4,410.2,171.9,99.5,1086.9,64.5,2400,0.0,0.0,15852,-509,67,discharging,None,None
19:31:02.616,sequential,8.3,410.2,180.1,20.9,1086.4,59.5,2400,0.0,0.0,15865,-611,67,discharging,None,None
19:31:03.120,sequential,8.3,410.2,180.1,2.5,1086.4,59.0,2400,0.0,0.0,15885,-518,67,discharging,None,None
19:31:03.628,sequential,8.3,410.2,180.1,47.3,1086.4,63.9,2400,0.0,0.0,15886,-429,67,discharging,None,None
19:31:04.132,sequential,8.3,405.1,183.4,74.1,1087.9,61.7,2400,0.0,0.0,15835,-612,67,discharging,None,None
19:31:04.635,sequential,8.3,405.1,183.4,3.0,1087.9,59.5,2400,0.0,0.0,15878,-619,67,discharging,None,None
19:31:05.139,sequential,8.4,405.1,183.4,2.0,1087.6,59.5,2400,0.0,0.0,15886,-436,67,discharging,None,None
19:31:05.647,sequential,8.4,395.4,183.4,91.5,1087.6,63.9,2400,0.0,0.0,15849,-511,67,discharging,None,None
19:31:06.150,sequential,8.3,395.4,173.5,27.1,1087.4,60.6,2400,0.0,0.0,15854,-627,67,discharging,None,None
19:31:06.654,sequential,8.3,395.4,173.5,2.0,1087.4,59.5,2400,0.0,0.0,15883,-532,67,discharging,None,None
19:31:07.159,sequential,8.3,395.4,173.5,41.8,1088.3,62.8,2400,0.0,0.0,15887,-410,67,discharging,None,None
19:31:07.662,sequential,8.3,418.0,171.2,79.7,1088.3,60.6,2400,0.0,0.0,15839,-579,67,discharging,None,None
19:31:08.167,sequential,8.3,418.0,171.2,2.5,1088.3,60.0,2400,0.0,0.0,15875,-621,67,discharging,None,None
19:31:08.670,sequential,8.4,418.0,171.2,2.5,1088.5,59.5,2400,0.0,0.0,15885,-452,67,discharging,None,None
19:31:09.179,sequential,8.4,411.9,171.2,85.1,1088.6,63.4,2400,0.0,0.0,15853,-495,67,discharging,None,None
19:31:09.682,sequential,8.3,411.9,172.5,35.0,1087.7,60.0,2400,0.0,0.0,15839,-628,67,discharging,None,None
19:31:10.186,sequential,8.3,411.9,172.5,3.0,1087.5,60.0,2400,0.0,0.0,15882,-550,67,discharging,None,None
19:31:10.694,sequential,8.3,411.9,172.5,33.2,1087.5,62.8,2400,0.0,0.0,15886,-416,67,discharging,None,None
19:31:11.199,sequential,8.3,584.2,172.5,86.7,1087.1,63.4,2400,0.0,0.0,15841,-573,67,discharging,None,None
19:31:11.702,sequential,8.3,584.2,173.7,22.3,1087.1,60.6,2400,0.0,0.0,15858,-655,67,discharging,None,None
19:31:12.206,sequential,7.3,584.2,173.7,3.5,1087.0,58.4,1600,0.0,0.0,15884,-497,67,discharging,None,None
19:31:12.715,sequential,7.3,584.2,173.7,45.8,1087.0,62.8,2400,0.0,0.0,15891,-398,67,discharging,None,None
19:31:13.218,sequential,7.3,412.5,176.6,75.5,1086.9,61.7,2400,0.0,0.0,15839,-564,67,discharging,None,None
19:31:13.722,sequential,8.3,412.5,176.6,2.5,1086.9,60.0,2400,0.0,0.0,15874,-616,67,discharging,None,None
19:31:14.225,sequential,8.3,412.5,176.6,2.5,1086.7,59.0,2400,0.0,0.0,15885,-452,67,discharging,None,None
19:31:14.733,sequential,8.2,398.8,176.6,90.1,1086.7,63.9,2400,0.0,0.0,15856,-497,67,discharging,None,None
19:31:15.237,sequential,8.2,398.8,185.2,29.9,1086.7,60.0,2400,0.0,0.0,15838,-631,67,discharging,None,None
19:31:15.740,sequential,8.2,398.8,185.2,2.5,1086.7,59.5,2400,0.0,0.0,15880,-551,67,discharging,None,None
19:31:16.248,sequential,8.4,398.8,185.2,38.9,1086.7,63.9,2400,0.0,0.0,15883,-416,67,discharging,None,None
19:31:16.752,sequential,8.4,401.9,176.6,80.1,1086.7,61.1,2400,0.0,0.0,15836,-578,67,discharging,None,None
19:31:17.255,sequential,8.3,401.9,176.6,2.5,1087.6,60.0,2400,0.0,0.0,15871,-629,67,discharging,None,None
19:31:17.759,sequential,8.3,401.9,176.6,2.5,1087.6,58.4,1600,0.0,0.0,15882,-466,67,discharging,None,None
19:31:18.267,sequential,8.2,401.9,176.6,82.8,1087.4,63.4,2400,0.0,0.0,15880,-451,67,discharging,None,None
19:31:18.771,sequential,8.2,434.4,180.4,40.8,1087.9,59.5,2400,0.0,0.0,15835,-611,67,discharging,None,None
19:31:19.274,sequential,8.2,434.4,180.4,2.0,1087.1,59.5,2400,0.0,0.0,15879,-577,67,discharging,None,None
19:31:19.783,sequential,8.4,434.4,180.4,26.0,1088.1,63.4,2400,0.0,0.0,15883,-418,67,discharging,None,None
19:31:20.287,sequential,8.4,398.0,177.2,92.6,1088.3,62.8,2400,0.0,0.0,15840,-556,67,discharging,None,None
19:31:20.790,sequential,8.3,398.0,177.2,2.5,1088.3,59.5,2400,0.0,0.0,15872,-628,67,discharging,None,None
19:31:21.294,sequential,8.3,398.0,177.2,2.5,1088.5,59.0,2400,0.0,0.0,15883,-489,67,discharging,None,None
19:31:21.802,sequential,8.3,398.0,177.2,72.5,1088.5,65.0,2400,0.0,0.0,15883,-453,67,discharging,None,None
19:31:22.306,sequential,8.2,415.3,172.0,48.0,1087.6,60.6,2400,0.0,0.0,15837,-632,67,discharging,None,None
19:31:22.810,sequential,8.2,415.3,172.0,2.5,1087.6,59.0,2400,0.0,0.0,15879,-595,67,discharging,None,None
19:31:23.316,sequential,8.4,415.3,172.0,30.2,1087.6,61.7,2400,0.0,0.0,15884,-416,67,discharging,None,None
19:31:23.823,sequential,8.4,399.1,185.4,98.5,1087.8,64.5,2400,0.0,0.0,15842,-543,67,discharging,None,None
19:31:24.327,sequential,7.9,399.1,185.4,2.5,1087.8,60.0,2400,0.0,0.0,15869,-635,67,discharging,None,None
19:31:24.830,sequential,7.9,399.1,185.4,2.0,1088.3,60.0,2400,0.0,0.0,15881,-508,67,discharging,None,None
19:31:25.338,sequential,7.9,399.1,185.4,66.7,1088.7,65.0,2400,0.0,0.0,15882,-435,67,discharging,None,None
19:31:25.842,sequential,8.2,396.3,172.2,51.7,1088.7,60.6,2400,0.0,0.0,15833,-621,67,discharging,None,None
19:31:26.346,sequential,8.2,396.3,172.2,2.5,1089.4,60.0,2400,0.0,0.0,15876,-610,67,discharging,None,None
19:31:26.856,sequential,8.4,396.3,172.2,16.8,1089.4,61.7,2400,0.0,0.0,15882,-424,67,discharging,None,None
19:31:27.360,sequential,8.4,408.6,178.9,100.0,1089.4,65.0,2400,0.0,0.0,15845,-524,67,discharging,None,None
19:31:27.864,sequential,8.4,408.6,178.9,6.0,1088.0,60.0,2400,0.0,0.0,15855,-631,67,discharging,None,None
19:31:28.367,sequential,8.3,408.6,178.9,3.0,1088.4,59.0,1500,0.0,0.0,15879,-523,67,discharging,None,None
19:31:28.875,sequential,8.3,408.6,178.9,62.6,1088.4,62.8,2400,0.0,0.0,15886,-403,67,discharging,None,None
19:31:29.378,sequential,8.2,428.8,173.0,61.7,1087.7,60.6,2400,0.0,0.0,15835,-572,67,discharging,None,None
19:31:29.882,sequential,8.2,428.8,173.0,2.5,1087.5,59.5,2400,0.0,0.0,15871,-616,67,discharging,None,None
19:31:30.392,sequential,8.4,428.8,173.0,6.5,1087.5,59.5,2400,0.0,0.0,15880,-416,67,discharging,None,None
19:31:30.897,sequential,8.4,410.3,173.0,99.5,1087.5,64.5,2400,0.0,0.0,15832,-590,67,discharging,None,None
19:31:31.400,sequential,8.4,410.3,173.1,15.5,1086.6,60.0,2400,0.0,0.0,15870,-631,67,discharging,None,None
19:31:31.904,sequential,8.3,410.3,173.1,2.5,1086.8,59.5,2400,0.0,0.0,15880,-457,67,discharging,None,None
19:31:32.412,sequential,8.3,410.3,173.1,53.2,1086.8,63.4,2400,0.0,0.0,15858,-490,67,discharging,None,None
19:31:32.917,sequential,8.2,397.1,179.3,66.0,1086.8,60.0,2400,0.0,0.0,15832,-628,67,discharging,None,None
19:31:33.420,sequential,8.2,397.1,179.3,2.5,1086.8,59.5,2400,0.0,0.0,15877,-555,67,discharging,None,None
19:31:33.925,sequential,8.4,397.1,179.3,3.0,1086.4,58.4,1600,0.0,0.0,15879,-412,67,discharging,None,None
19:31:34.432,sequential,8.4,409.2,179.3,99.5,1086.4,64.5,2400,0.0,0.0,15836,-554,67,discharging,None,None
19:31:34.935,sequential,8.4,409.2,181.8,21.1,1086.4,60.0,2400,0.0,0.0,15867,-615,67,discharging,None,None
19:31:35.439,sequential,8.3,409.2,181.8,10.9,1086.8,59.5,2400,0.0,0.0,15873,-483,67,discharging,None,None
19:31:35.947,sequential,8.3,409.2,181.8,46.0,1087.1,63.4,2400,0.0,0.0,15868,-481,67,discharging,None,None
19:31:36.451,sequential,7.9,409.7,173.2,73.9,1087.3,61.1,2400,0.0,0.0,15831,-631,67,discharging,None,None
19:31:36.954,sequential,7.9,409.7,173.2,3.5,1087.1,59.5,2400,0.0,0.0,15877,-577,67,discharging,None,None
19:31:37.458,sequential,7.9,409.7,173.2,2.0,1087.1,59.0,2400,0.0,0.0,15880,-416,67,discharging,None,None
19:31:37.967,sequential,8.3,395.9,173.2,91.6,1087.1,64.5,2400,0.0,0.0,15836,-560,67,discharging,None,None
19:31:38.471,sequential,8.3,395.9,178.0,27.3,1086.6,59.5,2400,0.0,0.0,15866,-630,67,discharging,None,None
19:31:38.974,sequential,8.4,395.9,178.0,2.0,1086.1,59.5,2400,0.0,0.0,15878,-485,67,discharging,None,None
19:31:39.483,sequential,8.4,395.9,178.0,42.0,1086.1,63.4,2400,0.0,0.0,15882,-431,67,discharging,None,None
19:31:39.987,sequential,8.3,410.7,178.9,79.8,1086.3,61.1,2400,0.0,0.0,15832,-607,67,discharging,None,None
19:31:40.490,sequential,8.3,410.7,178.9,2.5,1087.3,59.5,2400,0.0,0.0,15875,-592,67,discharging,None,None
19:31:40.994,sequential,8.3,410.7,178.9,2.5,1087.0,59.0,2400,0.0,0.0,15879,-418,67,discharging,None,None
19:31:41.503,sequential,8.2,397.4,178.9,86.6,1087.0,64.5,2400,0.0,0.0,15837,-545,67,discharging,None,None
19:31:42.007,sequential,8.2,397.4,185.2,33.7,1086.8,60.0,2400,0.0,0.0,15867,-630,67,discharging,None,None
19:31:42.510,sequential,8.4,397.4,185.2,2.5,1086.8,60.6,2400,0.0,0.0,15879,-502,67,discharging,None,None
19:31:43.019,sequential,8.4,397.4,185.2,35.0,1087.4,63.9,2400,0.0,0.0,15881,-438,67,discharging,None,None
19:31:43.522,sequential,8.4,398.2,175.2,83.7,1087.5,61.1,2400,0.0,0.0,15835,-623,67,discharging,None,None
19:31:44.026,sequential,8.3,398.2,175.2,2.5,1088.5,60.0,2400,0.0,0.0,15876,-606,67,discharging,None,None
19:31:44.530,sequential,8.3,398.2,175.2,3.5,1088.5,59.0,1800,0.0,0.0,15879,-420,67,discharging,None,None
19:31:45.040,sequential,8.3,398.2,175.2,80.6,1088.5,63.9,2400,0.0,0.0,15848,-499,67,discharging,None,None
19:31:45.543,sequential,8.3,422.9,171.5,41.5,1088.5,60.0,2400,0.0,0.0,15853,-608,67,discharging,None,None
19:31:46.047,sequential,8.4,422.9,171.5,4.9,1087.5,59.5,2400,0.0,0.0,15876,-525,67,discharging,None,None
19:31:46.555,sequential,8.4,422.9,171.5,28.0,1088.2,61.7,2400,0.0,0.0,15878,-424,67,discharging,None,None
19:31:47.059,sequential,8.4,408.9,174.0,92.1,1088.2,62.2,2400,0.0,0.0,15829,-605,67,discharging,None,None
19:31:47.562,sequential,8.3,408.9,174.0,10.4,1088.2,60.0,2400,0.0,0.0,15863,-635,67,discharging,None,None
19:31:48.066,sequential,8.3,408.9,174.0,2.0,1088.0,59.0,2400,0.0,0.0,15877,-454,67,discharging,None,None
19:31:48.571,sequential,7.9,408.9,174.0,73.6,1088.2,64.5,2400,0.0,0.0,15841,-509,67,discharging,None,None
19:31:49.075,sequential,7.9,398.7,186.8,45.5,1087.0,60.6,2400,0.0,0.0,15839,-630,67,discharging,None,None
19:31:49.579,sequential,7.9,398.7,186.8,2.0,1087.0,60.0,2400,0.0,0.0,15875,-538,67,discharging,None,None
19:31:50.087,sequential,8.3,398.7,186.8,20.1,1087.0,61.1,2400,0.0,0.0,15881,-407,67,discharging,None,None
19:31:50.590,sequential,8.3,415.2,175.9,99.0,1087.0,64.5,2400,0.0,0.0,15830,-568,67,discharging,None,None
19:31:51.094,sequential,8.3,415.2,175.9,3.0,1087.5,59.5,2400,0.0,0.0,15865,-622,67,discharging,None,None
19:31:51.598,sequential,8.3,415.2,175.9,1.5,1089.4,59.5,2400,0.0,0.0,15877,-462,67,discharging,None,None
19:31:52.104,sequential,8.3,415.2,175.9,64.4,1089.1,65.0,2400,0.0,0.0,15858,-484,67,discharging,None,None
19:31:52.607,sequential,8.3,410.6,165.5,53.5,1089.1,60.6,2400,0.0,0.0,15825,-628,67,discharging,None,None
19:31:53.111,sequential,8.3,410.6,165.5,2.0,1088.3,59.5,2400,0.0,0.0,15873,-561,67,discharging,None,None
19:31:53.619,sequential,8.3,410.6,165.5,12.6,1088.3,61.1,2400,0.0,0.0,15877,-417,67,discharging,None,None
19:31:54.123,sequential,8.3,409.1,165.5,100.0,1088.3,64.5,2400,0.0,0.0,15830,-572,67,discharging,None,None
19:31:54.627,sequential,8.3,409.1,172.6,8.5,1088.0,59.5,2400,0.0,0.0,15863,-631,67,discharging,None,None
19:31:55.130,sequential,8.3,409.1,172.6,1.5,1087.8,59.5,1800,0.0,0.0,15876,-475,67,discharging,None,None
19:31:55.639,sequential,8.3,409.1,172.6,59.3,1088.2,63.9,2400,0.0,0.0,15875,-440,67,discharging,None,None
19:31:56.142,sequential,8.3,427.7,173.3,64.0,1088.8,61.1,2400,0.0,0.0,15831,-609,67,discharging,None,None
19:31:56.646,sequential,8.3,427.7,173.3,1.5,1088.8,59.5,2400,0.0,0.0,15873,-585,67,discharging,None,None
19:31:57.156,sequential,8.4,427.7,173.3,3.5,1089.1,59.0,2400,0.0,0.0,15877,-416,67,discharging,None,None
19:31:57.663,sequential,8.4,397.6,173.3,100.0,1089.1,64.5,2400,0.0,0.0,15835,-552,67,discharging,None,None
19:31:58.167,sequential,8.3,397.6,175.6,15.0,1090.1,60.0,2400,0.0,0.0,15863,-628,67,discharging,None,None
19:31:58.670,sequential,8.3,397.6,175.6,1.5,1090.1,59.0,2400,0.0,0.0,15875,-492,67,discharging,None,None
19:31:59.180,sequential,8.3,397.6,175.6,52.5,1089.0,63.9,2400,0.0,0.0,15877,-450,67,discharging,None,None
19:31:59.683,sequential,8.3,577.2,178.5,81.8,1089.2,63.9,2400,0.0,0.0,15838,-595,67,discharging,None,None
19:32:00.187,sequential,8.3,577.2,178.5,2.0,1089.4,59.5,2400,0.0,0.0,15863,-618,67,discharging,None,None
19:32:00.691,sequential,7.6,577.2,178.5,3.0,1089.4,59.0,1500,0.0,0.0,15875,-470,67,discharging,None,None
19:32:01.199,sequential,7.6,577.2,178.5,65.2,1088.9,63.9,2400,0.0,0.0,15874,-432,67,discharging,None,None
19:32:01.702,sequential,7.6,427.9,176.1,58.7,1088.9,60.0,2400,0.0,0.0,15829,-603,67,discharging,None,None
19:32:02.206,sequential,8.3,427.9,176.1,1.5,1088.9,60.0,2400,0.0,0.0,15872,-585,67,discharging,None,None
19:32:02.711,sequential,8.3,427.9,176.1,9.0,1088.9,60.0,2400,0.0,0.0,15877,-417,67,discharging,None,None
19:32:03.216,sequential,8.2,399.5,176.1,100.0,1088.9,65.0,2400,0.0,0.0,15835,-551,67,discharging,None,None
19:32:03.719,sequential,8.2,399.5,179.1,12.6,1088.7,60.0,2400,0.0,0.0,15864,-629,67,discharging,None,None
19:32:04.223,sequential,8.4,399.5,179.1,1.5,1088.5,59.0,2400,0.0,0.0,15876,-495,67,discharging,None,None
19:32:04.731,sequential,8.4,399.5,179.1,55.2,1088.5,63.9,2400,0.0,0.0,15877,-446,67,discharging,None,None
19:32:05.236,sequential,8.4,400.4,176.1,63.9,1088.5,60.6,2400,0.0,0.0,15830,-627,67,discharging,None,None
19:32:05.739,sequential,8.3,400.4,176.1,2.0,1089.4,59.5,2400,0.0,0.0,15872,-600,67,discharging,None,None
19:32:06.248,sequential,8.3,400.4,176.1,4.0,1089.6,58.4,1500,0.0,0.0,15875,-415,67,discharging,None,None
19:32:06.756,sequential,8.3,406.4,176.1,100.0,1089.6,64.5,2400,0.0,0.0,15835,-517,67,discharging,None,None
19:32:07.259,sequential,8.3,406.4,185.6,17.5,1088.9,59.5,2400,0.0,0.0,15855,-617,67,discharging,None,None
19:32:07.763,sequential,8.4,406.4,185.6,2.5,1090.8,59.0,2400,0.0,0.0,15873,-514,67,discharging,None,None
19:32:08.271,sequential,8.4,406.4,185.6,49.2,1090.3,62.8,2400,0.0,0.0,15874,-430,67,discharging,None,None
19:32:08.774,sequential,8.4,402.2,181.3,70.6,1090.3,61.7,2400,0.0,0.0,15825,-614,67,discharging,None,None
19:32:09.278,sequential,8.3,402.2,181.3,1.5,1090.1,60.0,2400,0.0,0.0,15867,-617,67,discharging,None,None
19:32:09.781,sequential,8.3,402.2,181.3,2.0,1090.1,59.5,2400,0.0,0.0,15874,-433,67,discharging,None,None
19:32:10.287,sequential,8.3,401.8,181.3,94.6,1089.6,64.5,2400,0.0,0.0,15840,-515,67,discharging,None,None
19:32:10.791,sequential,8.3,401.8,173.7,24.1,1089.2,60.6,2400,0.0,0.0,15842,-629,67,discharging,None,None
19:32:11.295,sequential,8.3,401.8,173.7,2.5,1089.4,59.5,1900,0.0,0.0,15872,-531,67,discharging,None,None
19:32:11.803,sequential,8.3,401.8,173.7,52.5,1089.4,63.4,2400,0.0,0.0,15872,-423,67,discharging,None,None
19:32:12.306,sequential,8.3,397.5,181.8,75.5,1089.0,61.7,2400,0.0,0.0,15824,-605,67,discharging,None,None
19:32:12.810,sequential,7.9,397.5,181.8,2.0,1089.0,59.5,2400,0.0,0.0,15865,-628,67,discharging,None,None
19:32:13.313,sequential,7.9,397.5,181.8,2.5,1088.9,59.5,2400,0.0,0.0,15872,-446,67,discharging,None,None
19:32:13.820,sequential,7.9,397.6,181.8,90.6,1088.9,62.8,2400,0.0,0.0,15842,-503,67,discharging,None,None
19:32:14.324,sequential,8.3,397.6,176.0,28.9,1088.1,60.0,2400,0.0,0.0,15833,-629,67,discharging,None,None
19:32:14.827,sequential,8.3,397.6,176.0,2.5,1088.0,59.5,2400,0.0,0.0,15871,-544,67,discharging,None,None
19:32:15.335,sequential,8.4,397.6,176.0,37.9,1088.0,62.8,2400,0.0,0.0,15874,-416,67,discharging,None,None
19:32:15.838,sequential,8.4,407.4,174.0,80.4,1088.2,62.2,2400,0.0,0.0,15823,-587,67,discharging,None,None
19:32:16.342,sequential,8.3,407.4,174.0,2.5,1088.5,60.0,2400,0.0,0.0,15860,-632,67,discharging,None,None
19:32:16.846,sequential,8.3,407.4,174.0,3.0,1088.2,59.0,1600,0.0,0.0,15873,-459,67,discharging,None,None
19:32:17.352,sequential,8.3,425.6,174.0,84.7,1088.2,62.2,2400,0.0,0.0,15867,-456,67,discharging,None,None
19:32:17.856,sequential,8.2,425.6,168.6,37.3,1087.8,60.6,2400,0.0,0.0,15824,-606,67,discharging,None,None
19:32:18.359,sequential,8.2,425.6,168.6,2.5,1087.8,59.5,2400,0.0,0.0,15869,-565,67,discharging,None,None
19:32:18.870,sequential,8.4,425.6,168.6,30.5,1089.7,62.2,2400,0.0,0.0,15873,-417,67,discharging,None,None
19:32:19.374,sequential,8.4,410.2,172.9,88.8,1088.7,62.2,2400,0.0,0.0,15829,-569,67,discharging,None,None
19:32:19.878,sequential,8.3,410.2,172.9,2.5,1088.7,60.0,2400,0.0,0.0,15859,-631,67,discharging,None,None
19:32:20.381,sequential,8.3,410.2,172.9,2.5,1088.7,59.0,2400,0.0,0.0,15871,-479,67,discharging,None,None
19:32:20.888,sequential,8.3,410.2,172.9,76.7,1088.7,63.9,2400,0.0,0.0,15863,-464,67,discharging,None,None
19:32:21.392,sequential,8.3,403.0,179.8,42.8,1088.3,60.0,2400,0.0,0.0,15823,-629,67,discharging,None,None
19:32:21.896,sequential,8.3,403.0,179.8,3.0,1088.1,59.5,2400,0.0,0.0,15869,-583,67,discharging,None,None
19:32:22.404,sequential,8.4,403.0,179.8,25.7,1088.3,61.7,2400,0.0,0.0,15872,-413,67,discharging,None,None
19:32:22.908,sequential,8.4,415.6,186.2,98.5,1088.1,63.9,2400,0.0,0.0,15833,-526,67,discharging,None,None
19:32:23.411,sequential,8.4,415.6,186.2,2.0,1088.1,59.5,2400,0.0,0.0,15861,-612,67,discharging,None,None
19:32:23.915,sequential,8.3,415.6,186.2,10.9,1087.7,59.0,2400,0.0,0.0,15866,-509,67,discharging,None,None
19:32:24.423,sequential,8.3,415.6,186.2,66.8,1088.7,65.0,2400,0.0,0.0,15874,-452,67,discharging,None,None
19:32:24.926,sequential,7.9,409.0,172.6,53.2,1088.2,60.0,2400,0.0,0.0,15827,-624,67,discharging,None,None
19:32:25.430,sequential,7.9,409.0,172.6,3.5,1092.5,60.0,2400,0.0,0.0,15867,-609,67,discharging,None,None
19:32:25.939,sequential,8.3,409.0,172.6,14.1,1092.6,61.7,2400,0.0,0.0,15870,-436,67,discharging,None,None
19:32:26.443,sequential,8.3,401.3,178.8,99.5,1093.0,65.0,2400,0.0,0.0,15832,-544,67,discharging,None,None
19:32:26.946,sequential,8.3,401.3,178.8,6.9,1092.6,60.0,2400,0.0,0.0,15848,-645,67,discharging,None,None
19:32:27.450,sequential,8.4,401.3,178.8,3.0,1094.5,59.5,1900,0.0,0.0,15867,-536,67,discharging,None,None
19:32:27.962,sequential,8.4,401.3,178.8,62.4,1094.1,63.9,2400,0.0,0.0,15874,-425,67,discharging,None,None
19:32:28.466,sequential,8.3,417.8,176.2,60.3,1093.3,61.1,2400,0.0,0.0,15824,-589,67,discharging,None,None
19:32:28.969,sequential,8.3,417.8,176.2,2.5,1092.5,59.0,2400,0.0,0.0,15864,-613,67,discharging,None,None
19:32:29.477,sequential,8.3,417.8,176.2,9.3,1092.5,61.1,2400,0.0,0.0,15871,-441,67,discharging,None,None
19:32:29.983,sequential,8.3,401.5,176.2,99.5,1091.4,65.0,2400,0.0,0.0,15836,-508,67,discharging,None,None
19:32:30.486,sequential,8.3,401.5,182.2,14.9,1090.4,60.0,2400,0.0,0.0,15831,-630,67,discharging,None,None
19:32:30.990,sequential,8.4,401.5,182.2,2.5,1090.2,59.5,2400,0.0,0.0,15868,-539,67,discharging,None,None
19:32:31.499,sequential,8.4,401.5,182.2,53.7,1090.2,63.4,2400,0.0,0.0,15872,-417,67,discharging,None,None
19:32:32.003,sequential,8.4,374.3,164.0,56.7,1089.0,61.7,2400,0.0,0.0,15821,-593,67,discharging,None,None
19:32:32.506,sequential,8.4,374.3,164.0,0.0,1089.0,59.5,2400,0.0,0.0,15863,-614,67,discharging,None,None
19:32:33.012,sequential,8.4,374.3,164.0,8.5,1088.5,59.0,1500,0.0,0.0,15871,-433,67,discharging,None,None
19:32:33.517,sequential,8.4,379.9,163.4,99.0,1088.5,64.5,2400,0.0,0.0,15851,-476,67,discharging,None,None
19:32:34.021,sequential,8.4,379.9,163.4,2.5,1087.5,59.5,2400,0.0,0.0,15844,-588,67,discharging,None,None
19:32:34.524,sequential,8.4,379.9,163.4,0.0,1089.4,59.5,2400,0.0,0.0,15869,-521,67,discharging,None,None
19:32:35.032,sequential,8.4,379.9,163.4,63.4,1089.4,65.5,2400,0.0,0.0,15871,-414,67,discharging,None,None
19:32:35.535,sequential,8.4,368.8,163.1,44.8,1089.3,60.6,2400,0.0,0.0,15822,-603,67,discharging,None,None
19:32:36.039,sequential,8.4,368.8,163.1,0.0,1097.4,59.5,2400,0.0,0.0,15866,-605,67,discharging,None,None
19:32:36.547,sequential,8.4,368.8,163.1,19.9,1101.4,61.7,2400,0.0,0.0,15871,-415,67,discharging,None,None
19:32:37.050,sequential,8.4,367.9,161.6,87.3,1100.8,61.7,2400,0.0,0.0,15832,-521,67,discharging,None,None
19:32:37.554,sequential,8.4,367.9,161.6,0.0,1100.8,59.5,2400,0.0,0.0,15858,-611,67,discharging,None,None
19:32:38.057,sequential,8.4,367.9,161.6,0.0,1099.0,59.0,2400,0.0,0.0,15871,-497,67,discharging,None,None
19:32:38.571,sequential,8.4,373.6,161.6,77.6,1099.5,63.9,2400,0.0,0.0,15872,-422,67,discharging,None,None
19:32:39.075,sequential,8.4,373.6,163.7,31.9,1097.3,59.5,2400,0.0,0.0,15823,-600,67,discharging,None,None
19:32:39.578,sequential,8.4,373.6,163.7,0.5,1097.8,60.0,2400,0.0,0.0,15868,-586,67,discharging,None,None
19:32:40.087,sequential,8.4,373.6,163.7,34.3,1097.9,62.8,2400,0.0,0.0,15871,-408,67,discharging,None,None
19:32:40.590,sequential,8.4,367.8,164.0,74.0,1097.9,62.2,2400,0.0,0.0,15828,-542,67,discharging,None,None
19:32:41.094,sequential,8.4,367.8,164.0,0.0,1096.5,59.5,2400,0.0,0.0,15858,-610,67,discharging,None,None
19:32:41.597,sequential,8.4,367.8,164.0,0.0,1096.5,59.0,2400,0.0,0.0,15869,-475,67,discharging,None,None
19:32:42.104,sequential,8.4,367.2,164.0,91.1,1095.2,65.0,2400,0.0,0.0,15866,-551,67,discharging,None,None
19:32:42.608,sequential,8.4,367.2,161.9,16.5,1093.4,60.0,2400,0.0,0.0,15820,-610,67,discharging,None,None
19:32:43.111,sequential,8.4,367.2,161.9,0.0,1092.6,59.0,2400,0.0,0.0,15870,-466,67,discharging,None,None
19:32:43.619,sequential,8.4,367.2,161.9,48.5,1092.9,63.9,2400,0.0,0.0,15864,-452,67,discharging,None,None
19:32:44.122,sequential,8.4,376.9,167.6,62.4,1092.3,60.0,2400,0.0,0.0,15819,-603,67,discharging,None,None
19:32:44.626,sequential,8.4,376.9,167.6,0.0,1092.3,59.5,2400,0.0,0.0,15867,-558,67,discharging,None,None
19:32:45.136,sequential,8.4,376.9,167.6,2.5,1092.2,59.0,2400,0.0,0.0,15870,-407,67,discharging,None,None
19:32:45.640,sequential,8.4,368.0,167.6,99.5,1092.6,64.5,2400,0.0,0.0,15823,-566,67,discharging,None,None
19:32:46.144,sequential,8.4,368.0,160.3,5.0,1091.8,59.5,2400,0.0,0.0,15858,-610,67,discharging,None,None
19:32:46.647,sequential,8.4,368.0,160.3,0.0,1091.8,59.0,2400,0.0,0.0,15869,-451,67,discharging,None,None
19:32:47.155,sequential,8.4,368.0,160.3,60.2,1090.9,64.5,2400,0.0,0.0,15849,-483,67,discharging,None,None
19:32:47.658,sequential,8.4,367.6,161.8,47.8,1091.4,60.6,2400,0.0,0.0,15833,-610,67,discharging,None,None
19:32:48.162,sequential,8.4,367.6,161.8,0.0,1090.9,59.5,2400,0.0,0.0,15867,-534,67,discharging,None,None
19:32:48.671,sequential,8.4,367.6,161.8,17.5,1091.3,59.5,1800,0.0,0.0,15870,-406,67,discharging,None,None
19:32:49.174,sequential,8.4,381.5,163.5,92.6,1090.4,61.1,2400,0.0,0.0,15823,-566,67,discharging,None,None
19:32:49.678,sequential,8.4,381.5,163.5,0.0,1090.4,59.5,2400,0.0,0.0,15861,-595,67,discharging,None,None
19:32:50.181,sequential,8.4,381.5,163.5,0.0,1089.2,59.0,2400,0.0,0.0,15869,-434,67,discharging,None,None
19:32:50.687,sequential,8.4,368.6,163.5,71.8,1089.2,62.8,2400,0.0,0.0,15832,-501,67,discharging,None,None
19:32:51.191,sequential,8.4,368.6,156.1,34.8,1089.2,59.5,2400,0.0,0.0,15847,-609,67,discharging,None,None
19:32:51.694,sequential,8.4,368.6,156.1,0.0,1089.2,59.5,2400,0.0,0.0,15868,-516,67,discharging,None,None
19:32:52.203,sequential,8.4,368.6,156.1,29.5,1089.0,62.2,2400,0.0,0.0,15869,-419,67,discharging,None,None
19:32:52.706,sequential,8.4,366.8,163.6,77.8,1089.0,60.6,2400,0.0,0.0,15822,-607,67,discharging,None,None
19:32:53.210,sequential,8.4,366.8,163.6,0.0,1087.4,59.0,2400,0.0,0.0,15866,-599,67,discharging,None,None
19:32:53.713,sequential,8.4,366.8,163.6,0.0,1087.4,58.4,2400,0.0,0.0,15870,-410,67,discharging,None,None
19:32:54.220,sequential,8.4,375.8,163.6,86.8,1087.4,63.9,2400,0.0,0.0,15834,-514,67,discharging,None,None
19:32:54.724,sequential,8.4,375.8,167.5,23.9,1086.9,60.0,2400,0.0,0.0,15857,-601,67,discharging,None,None
19:32:55.227,sequential,8.4,375.8,167.5,3.8,1086.9,58.4,2400,0.0,0.0,15869,-494,67,discharging,None,None
19:32:55.735,sequential,8.4,375.8,167.5,41.3,1086.9,63.4,2400,0.0,0.0,15870,-432,67,discharging,None,None
19:32:56.238,sequential,8.4,367.9,161.3,66.5,1087.3,60.0,2400,0.0,0.0,15821,-609,67,discharging,None,None
19:32:56.742,sequential,8.4,367.9,161.3,0.0,1088.0,58.4,2400,0.0,0.0,15867,-585,67,discharging,None,None
19:32:57.245,sequential,8.4,367.9,161.3,0.0,1088.3,59.0,2400,0.0,0.0,15869,-408,67,discharging,None,None
19:32:57.752,sequential,8.4,365.9,161.3,98.5,1088.3,63.9,2400,0.0,0.0,15825,-545,67,discharging,None,None
19:32:58.256,sequential,8.4,365.9,161.7,8.5,1087.8,60.0,2400,0.0,0.0,15854,-611,67,discharging,None,None
19:32:58.759,sequential,8.4,365.9,161.7,0.0,1087.8,59.0,2400,0.0,0.0,15868,-472,67,discharging,None,None
19:32:59.267,sequential,8.4,365.9,161.7,56.0,1086.9,61.7,2400,0.0,0.0,15867,-433,67,discharging,None,None
19:32:59.770,sequential,8.4,385.6,158.8,54.7,1086.9,59.5,2400,0.0,0.0,15818,-590,67,discharging,None,None
19:33:00.274,sequential,8.4,385.6,158.8,0.0,1086.9,59.5,2400,0.0,0.0,15865,-564,67,discharging,None,None
19:33:00.785,sequential,8.4,385.6,158.8,10.0,1086.9,60.6,2400,0.0,0.0,15868,-406,67,discharging,None,None
19:33:01.288,sequential,8.4,368.8,168.0,97.5,1087.1,62.8,2400,0.0,0.0,15821,-560,67,discharging,None,None
19:33:01.792,sequential,8.4,368.8,168.0,0.0,1086.8,59.5,2400,0.0,0.0,15855,-611,67,discharging,None,None
19:33:02.295,sequential,8.4,368.8,168.0,0.0,1086.8,59.0,2400,0.0,0.0,15868,-457,67,discharging,None,None
19:33:02.803,sequential,8.4,368.8,168.0,66.7,1086.8,63.9,2400,0.0,0.0,15851,-473,67,discharging,None,None
19:33:03.307,sequential,8.4,365.8,163.6,41.4,1086.6,59.5,2400,0.0,0.0,15824,-610,67,discharging,None,None
19:33:03.810,sequential,8.4,365.8,163.6,0.0,1086.6,59.0,2400,0.0,0.0,15865,-543,67,discharging,None,None
19:33:04.319,sequential,8.4,365.8,163.6,24.0,1086.4,60.6,1800,0.0,0.0,15867,-406,67,discharging,None,None
19:33:04.822,sequential,8.4,385.1,156.3,85.3,1086.4,61.1,2400,0.0,0.0,15824,-560,67,discharging,None,None
19:33:05.326,sequential,8.4,385.1,156.3,0.0,1086.0,59.0,2400,0.0,0.0,15857,-595,67,discharging,None,None
19:33:05.829,sequential,8.4,385.1,156.3,0.0,1086.0,59.0,2400,0.0,0.0,15868,-441,67,discharging,None,None
19:33:06.333,sequential,8.4,362.3,156.3,79.1,1087.8,62.8,2400,0.0,0.0,15837,-494,67,discharging,None,None
19:33:06.837,sequential,8.4,362.3,165.4,28.9,1088.5,60.0,2400,0.0,0.0,15838,-610,67,discharging,None,None
19:33:07.340,sequential,8.4,362.3,165.4,0.0,1088.5,59.0,2400,0.0,0.0,15865,-523,67,discharging,None,None
19:33:07.847,sequential,8.4,362.3,165.4,36.5,1088.5,63.4,2400,0.0,0.0,15867,-411,67,discharging,None,None
19:33:08.351,sequential,8.4,367.2,163.0,71.6,1088.3,61.7,2400,0.0,0.0,15816,-600,67,discharging,None,None
19:33:08.855,sequential,8.4,367.2,163.0,0.0,1086.9,58.4,2400,0.0,0.0,15861,-606,67,discharging,None,None
19:33:09.358,sequential,8.4,367.2,163.0,0.0,1086.9,59.0,2400,0.0,0.0,15866,-416,67,discharging,None,None
19:33:09.867,sequential,8.4,372.4,163.0,93.0,1086.9,64.5,2400,0.0,0.0,15829,-508,67,discharging,None,None
19:33:10.371,sequential,8.4,372.4,172.0,17.6,1087.1,59.0,2400,0.0,0.0,15852,-603,67,discharging,None,None
19:33:10.874,sequential,8.4,372.4,172.0,0.5,1087.1,59.0,2400,0.0,0.0,15866,-502,67,discharging,None,None
19:33:11.384,sequential,8.4,372.4,172.0,47.3,1087.1,62.8,2400,0.0,0.0,15867,-425,67,discharging,None,None
19:33:11.887,sequential,8.4,367.4,160.5,59.8,1086.9,59.5,2400,0.0,0.0,15819,-607,67,discharging,None,None
19:33:12.391,sequential,8.4,367.4,160.5,0.0,1087.6,59.0,2400,0.0,0.0,15862,-590,67,discharging,None,None
19:33:12.900,sequential,8.4,367.4,160.5,5.4,1087.8,59.5,2400,0.0,0.0,15867,-406,67,discharging,None,None
19:33:13.403,sequential,8.4,366.8,165.5,99.5,1088.2,64.5,2400,0.0,0.0,15823,-536,67,discharging,None,None
19:33:13.907,sequential,8.4,366.8,165.5,2.5,1088.3,60.0,2400,0.0,0.0,15854,-609,67,discharging,None,None
19:33:14.410,sequential,8.4,366.8,165.5,0.5,1088.3,59.0,2400,0.0,0.0,15866,-479,67,discharging,None,None
19:33:14.919,sequential,8.4,366.8,165.5,62.0,1088.3,63.9,2400,0.0,0.0,15865,-426,67,discharging,None,None
19:33:15.422,sequential,8.4,382.1,162.1,48.3,1088.3,59.5,2400,0.0,0.0,15819,-593,67,discharging,None,None
19:33:15.926,sequential,8.4,382.1,162.1,0.0,1087.1,59.0,2400,0.0,0.0,15863,-573,67,discharging,None,None
19:33:16.435,sequential,8.4,382.1,162.1,16.8,1087.4,60.6,2400,0.0,0.0,15867,-407,67,discharging,None,None
19:33:16.939,sequential,19.9,396.0,182.4,99.0,1087.4,63.9,2400,0.0,0.0,15824,-551,67,discharging,None,None
19:33:17.443,sequential,19.9,396.0,182.4,2.0,1087.4,59.5,2400,0.0,0.0,15852,-626,67,discharging,None,None
19:33:17.946,sequential,19.9,396.0,182.4,2.0,1087.4,59.0,2400,0.0,0.0,15864,-486,67,discharging,None,None
19:33:18.452,sequential,8.4,396.0,182.4,65.5,1087.4,63.9,2400,0.0,0.0,15864,-453,67,discharging,None,None
19:33:18.956,sequential,8.4,409.9,165.7,52.7,1086.4,59.5,2400,0.0,0.0,15818,-628,67,discharging,None,None
19:33:19.459,sequential,8.3,409.9,165.7,2.0,1086.4,59.0,2400,0.0,0.0,15861,-590,67,discharging,None,None
19:33:19.967,sequential,8.3,409.9,165.7,14.0,1086.4,59.5,1600,0.0,0.0,15864,-416,67,discharging,None,None
19:33:20.472,sequential,8.3,414.1,165.7,100.0,1086.4,63.9,2400,0.0,0.0,15824,-524,67,discharging,None,None
19:33:20.975,sequential,8.3,414.1,174.4,17.4,1086.2,59.5,2400,0.0,0.0,15845,-623,67,discharging,None,None
19:33:21.479,sequential,8.3,414.1,174.4,2.0,1086.2,59.5,2400,0.0,0.0,15862,-514,67,discharging,None,None
19:33:21.987,sequential,7.9,414.1,174.4,59.0,1086.2,63.4,2400,0.0,0.0,15863,-438,67,discharging,None,None
19:33:22.491,sequential,7.9,398.4,181.4,60.3,1085.7,60.0,2400,0.0,0.0,15815,-622,67,discharging,None,None
19:33:22.995,sequential,8.4,398.4,181.4,3.0,1085.7,59.5,2400,0.0,0.0,15859,-607,67,discharging,None,None
19:33:23.504,sequential,8.4,398.4,181.4,7.0,1085.7,60.6,2400,0.0,0.0,15863,-423,67,discharging,None,None
19:33:24.008,sequential,8.4,396.4,181.4,100.0,1086.0,63.9,2400,0.0,0.0,15824,-526,67,discharging,None,None
19:33:24.512,sequential,8.3,396.4,174.0,11.5,1086.0,59.5,2400,0.0,0.0,15843,-626,67,discharging,None,None
19:33:25.015,sequential,8.3,396.4,174.0,3.0,1085.9,59.5,1800,0.0,0.0,15862,-517,67,discharging,None,None
19:33:25.523,sequential,8.3,396.4,174.0,56.4,1085.9,62.8,2400,0.0,0.0,15867,-412,67,discharging,None,None
19:33:26.026,sequential,8.3,425.4,173.9,67.2,1086.2,60.6,2400,0.0,0.0,15816,-584,67,discharging,None,None
19:33:26.530,sequential,8.3,425.4,173.9,2.5,1087.1,59.5,2400,0.0,0.0,15853,-615,67,discharging,None,None
19:33:27.033,sequential,8.4,425.4,173.9,2.0,1087.1,58.4,2400,0.0,0.0,15862,-441,67,discharging,None,None
19:33:27.540,sequential,8.4,413.0,173.9,98.5,1087.1,63.9,2400,0.0,0.0,15828,-506,67,discharging,None,None
19:33:28.044,sequential,8.3,413.0,168.6,22.3,1086.7,59.5,2400,0.0,0.0,15824,-631,67,discharging,None,None
19:33:28.547,sequential,8.3,413.0,168.6,2.5,1086.7,59.0,2400,0.0,0.0,15860,-540,67,discharging,None,None
19:33:29.056,sequential,8.2,413.0,168.6,46.5,1085.7,64.5,2400,0.0,0.0,15862,-416,67,discharging,None,None
19:33:29.559,sequential,8.2,406.9,174.9,72.9,1086.0,60.6,2400,0.0,0.0,15813,-590,67,discharging,None,None
19:33:30.063,sequential,8.2,406.9,174.9,3.0,1086.0,59.0,2400,0.0,0.0,15850,-630,67,discharging,None,None
19:33:30.567,sequential,8.4,406.9,174.9,3.0,1086.0,58.4,1600,0.0,0.0,15861,-458,67,discharging,None,None
19:33:31.076,sequential,8.4,416.8,174.9,92.1,1086.0,63.4,2400,0.0,0.0,15852,-463,67,discharging,None,None
19:33:31.580,sequential,8.3,416.8,175.8,29.9,1086.2,59.5,2400,0.0,0.0,15813,-607,67,discharging,None,None
19:33:32.083,sequential,8.3,416.8,175.8,2.5,1086.0,59.0,2400,0.0,0.0,15859,-561,67,discharging,None,None
19:33:32.591,sequential,8.2,416.8,175.8,38.8,1086.0,61.7,2400,0.0,0.0,15860,-416,67,discharging,None,None
19:33:33.095,sequential,8.2,575.6,175.8,97.5,1086.0,64.5,2400,0.0,0.0,15821,-564,67,discharging,None,None
19:33:33.599,sequential,8.2,575.6,168.0,14.9,1086.0,60.6,2400,0.0,0.0,15829,-609,67,discharging,None,None
19:33:34.102,sequential,7.0,575.6,168.0,2.5,1086.4,59.5,2400,0.0,0.0,15861,-445,67,discharging,None,None
19:33:34.611,sequential,7.0,575.6,168.0,52.7,1086.4,62.8,2400,0.0,0.0,15827,-503,67,discharging,None,None
19:33:35.115,sequential,7.0,411.4,169.3,67.0,1086.4,60.6,2400,0.0,0.0,15822,-630,67,discharging,None,None
19:33:35.619,sequential,8.3,411.4,169.3,2.0,1086.4,59.0,2400,0.0,0.0,15858,-544,67,discharging,None,None
19:33:36.123,sequential,8.3,411.4,169.3,3.0,1087.1,58.4,1600,0.0,0.0,15865,-404,67,discharging,None,None
19:33:36.631,sequential,8.2,414.5,169.3,99.5,1087.1,64.5,2400,0.0,0.0,15815,-556,67,discharging,None,None
19:33:37.135,sequential,8.2,414.5,178.2,22.3,1087.4,59.5,2400,0.0,0.0,15847,-615,67,discharging,None,None
19:33:37.638,sequential,8.4,414.5,178.2,3.0,1087.4,59.5,2400,0.0,0.0,15860,-464,67,discharging,None,None
19:33:38.147,sequential,8.4,414.5,178.2,45.3,1087.1,62.8,2400,0.0,0.0,15862,-484,67,discharging,None,None
19:33:38.651,sequential,8.4,395.5,180.4,73.0,1087.1,61.1,2400,0.0,0.0,15810,-630,67,discharging,None,None
19:33:39.154,sequential,8.3,395.5,180.4,2.5,1086.2,60.6,2400,0.0,0.0,15857,-563,67,discharging,None,None
19:33:39.658,sequential,8.3,395.5,180.4,2.5,1086.2,59.0,2400,0.0,0.0,15860,-470,67,discharging,None,None
19:33:40.168,sequential,8.3,396.0,180.4,93.1,1086.2,63.4,2400,0.0,0.0,15814,-571,67,discharging,None,None
19:33:40.671,sequential,8.3,396.0,173.0,25.5,1085.7,60.0,2400,0.0,0.0,15846,-628,67,discharging,None,None
19:33:41.175,sequential,8.3,396.0,173.0,2.0,1086.0,59.5,2400,0.0,0.0,15856,-474,67,discharging,None,None
19:33:41.683,sequential,8.4,396.0,173.0,43.0,1086.0,61.1,2400,0.0,0.0,15860,-432,67,discharging,None,None
19:33:42.186,sequential,8.4,434.4,184.0,82.4,1086.0,61.1,2400,0.0,0.0,15813,-599,67,discharging,None,None
19:33:42.690,sequential,8.3,434.4,184.0,3.0,1086.0,59.5,2400,0.0,0.0,15847,-606,67,discharging,None,None
19:33:43.194,sequential,8.3,434.4,184.0,2.0,1085.7,59.0,2400,0.0,0.0,15858,-488,67,discharging,None,None
19:33:43.707,sequential,8.3,396.9,184.0,83.5,1085.7,63.4,2400,0.0,0.0,15819,-549,67,discharging,None,None
19:33:44.211,sequential,8.3,396.9,179.6,34.8,1085.7,59.5,2400,0.0,0.0,15846,-629,67,discharging,None,None
19:33:44.715,sequential,8.3,396.9,179.6,2.5,1085.7,59.0,2400,0.0,0.0,15858,-496,67,discharging,None,None
19:33:45.223,sequential,8.4,396.9,179.6,41.5,1085.7,63.4,2400,0.0,0.0,15860,-456,67,discharging,None,None
19:33:45.727,sequential,8.4,402.3,179.4,86.3,1085.7,61.7,2400,0.0,0.0,15813,-639,67,discharging,None,None
19:33:46.230,sequential,7.9,402.3,179.4,3.0,1086.0,59.5,2400,0.0,0.0,15857,-603,67,discharging,None,None
19:33:46.734,sequential,7.9,402.3,179.4,2.5,1086.0,59.5,1600,0.0,0.0,15858,-505,67,discharging,None,None
19:33:47.243,sequential,7.9,402.3,179.4,78.8,1087.1,63.9,2400,0.0,0.0,15864,-513,67,discharging,None,None
19:33:47.746,sequential,8.2,406.7,185.5,42.6,1087.1,59.5,2400,0.0,0.0,15839,-616,67,discharging,None,None
19:33:48.250,sequential,8.2,406.7,185.5,2.0,1086.9,60.0,2400,0.0,0.0,15854,-611,67,discharging,None,None
19:33:48.759,sequential,8.4,406.7,185.5,26.6,1086.9,61.1,2400,0.0,0.0,15858,-428,67,discharging,None,None
19:33:49.262,sequential,8.4,397.9,176.6,93.1,1085.7,62.2,2400,0.0,0.0,15810,-612,67,discharging,None,None
19:33:49.766,sequential,8.3,397.9,176.6,2.5,1086.0,59.5,2400,0.0,0.0,15832,-629,67,discharging,None,None
19:33:50.269,sequential,8.3,397.9,176.6,2.0,1086.2,58.4,2400,0.0,0.0,15855,-524,67,discharging,None,None
19:33:50.775,sequential,8.3,397.9,176.6,73.0,1086.2,63.9,2400,0.0,0.0,15858,-423,67,discharging,None,None
19:33:51.279,sequential,8.3,410.5,181.7,49.3,1086.2,60.6,2400,0.0,0.0,15810,-604,67,discharging,None,None
19:33:51.782,sequential,8.3,410.5,181.7,2.5,1086.4,59.0,2400,0.0,0.0,15849,-626,67,discharging,None,None
19:33:52.292,sequential,8.4,410.5,181.7,18.0,1086.0,60.0,2400,0.0,0.0,15858,-444,67,discharging,None,None
19:33:52.796,sequential,8.4,419.3,172.4,99.5,1086.0,63.9,2400,0.0,0.0,15833,-482,67,discharging,None,None
19:33:53.299,sequential,8.4,419.3,172.4,5.5,1086.0,59.5,2400,0.0,0.0,15816,-615,67,discharging,None,None
19:33:53.803,sequential,8.3,419.3,172.4,3.0,1086.4,59.0,2400,0.0,0.0,15854,-549,67,discharging,None,None
19:33:54.311,sequential,8.3,419.3,172.4,62.5,1086.2,64.5,2400,0.0,0.0,15859,-416,67,discharging,None,None
19:33:54.814,sequential,8.3,407.0,171.0,56.4,1086.2,60.6,2400,0.0,0.0,15809,-627,67,discharging,None,None
19:33:55.318,sequential,8.3,407.0,171.0,2.5,1086.2,59.5,2400,0.0,0.0,15854,-555,67,discharging,None,None
19:33:55.834,sequential,8.4,407.0,171.0,11.4,1086.7,61.1,2400,0.0,0.0,15857,-417,67,discharging,None,None
19:33:56.339,sequential,8.4,403.9,171.0,100.0,1086.7,64.5,2400,0.0,0.0,15810,-575,67,discharging,None,None
19:33:56.842,sequential,8.4,403.9,183.3,10.0,1086.9,60.0,2400,0.0,0.0,15844,-630,67,discharging,None,None
19:33:57.346,sequential,8.3,403.9,183.3,11.4,1087.1,59.0,1900,0.0,0.0,15850,-484,67,discharging,None,None
19:33:57.853,sequential,8.3,403.9,183.3,57.7,1087.1,63.4,2400,0.0,0.0,15854,-458,67,discharging,None,None
19:33:58.357,sequential,7.9,415.3,175.2,63.9,1087.3,60.6,2400,0.0,0.0,15809,-607,67,discharging,None,None
19:33:58.860,sequential,7.9,415.3,175.2,2.5,1087.1,59.0,2400,0.0,0.0,15853,-578,67,discharging,None,None
19:33:59.370,sequential,7.9,415.3,175.2,5.4,1087.5,59.5,2400,0.0,0.0,15856,-417,67,discharging,None,None
19:33:59.879,sequential,8.3,405.9,175.2,100.0,1087.5,63.9,2400,0.0,0.0,15814,-557,67,discharging,None,None
19:34:00.382,sequential,8.3,405.9,169.7,16.2,1087.3,59.5,2400,0.0,0.0,15845,-628,67,discharging,None,None
19:34:00.886,sequential,8.4,405.9,169.7,2.5,1086.6,58.4,2400,0.0,0.0,15856,-487,67,discharging,None,None
19:34:01.395,sequential,8.4,405.9,169.7,53.0,1087.1,63.4,2400,0.0,0.0,15857,-454,67,discharging,None,None
19:34:01.899,sequential,8.3,397.1,182.0,66.3,1086.4,60.6,2400,0.0,0.0,15810,-626,67,discharging,None,None
19:34:02.402,sequential,8.3,397.1,182.0,3.0,1086.4,59.5,2400,0.0,0.0,15852,-590,67,discharging,None,None
19:34:02.907,sequential,8.3,397.1,182.0,2.5,1086.2,58.4,1600,0.0,0.0,15856,-415,67,discharging,None,None
19:34:03.415,sequential,8.2,417.3,182.0,99.5,1086.2,63.4,2400,0.0,0.0,15817,-517,67,discharging,None,None
19:34:03.918,sequential,8.2,417.3,179.9,24.8,1086.0,59.5,2400,0.0,0.0,15843,-611,67,discharging,None,None
19:34:04.422,sequential,8.4,417.3,179.9,7.1,1086.3,59.5,2400,0.0,0.0,15855,-507,67,discharging,None,None
19:34:04.931,sequential,8.4,417.3,179.9,46.6,1086.8,63.4,2400,0.0,0.0,15855,-435,67,discharging,None,None
19:34:05.434,sequential,8.3,395.4,183.6,74.5,1087.8,61.1,2400,0.0,0.0,15807,-621,67,discharging,None,None
19:34:05.938,sequential,8.3,395.4,183.6,1.5,1088.1,59.5,2400,0.0,0.0,15849,-610,67,discharging,None,None
19:34:06.441,sequential,8.3,395.4,183.6,1.5,1088.5,58.4,2400,0.0,0.0,15857,-425,67,discharging,None,None
19:34:06.948,sequential,8.3,395.9,183.6,91.2,1088.9,62.8,2400,0.0,0.0,15819,-522,67,discharging,None,None
19:34:07.451,sequential,8.3,395.9,178.5,26.8,1088.5,59.5,2400,0.0,0.0,15834,-627,67,discharging,None,None
19:34:07.955,sequential,8.4,395.9,178.5,2.0,1087.8,59.0,2400,0.0,0.0,15854,-522,67,discharging,None,None
19:34:08.463,sequential,8.4,395.9,178.5,40.8,1090.6,62.2,2400,0.0,0.0,15860,-411,67,discharging,None,None
19:34:08.966,sequential,8.4,415.6,176.9,81.8,1090.6,61.1,2400,0.0,0.0,15810,-580,67,discharging,None,None
19:34:09.470,sequential,8.3,415.6,176.9,10.5,1090.6,59.5,2400,0.0,0.0,15841,-626,67,discharging,None,None
19:34:09.973,sequential,8.3,415.6,176.9,1.5,1090.2,59.0,2400,0.0,0.0,15854,-455,67,discharging,None,None
19:34:10.480,sequential,7.9,394.0,176.9,84.2,1090.2,63.9,2400,0.0,0.0,15820,-506,67,discharging,None,None
19:34:10.983,sequential,7.9,394.0,185.1,35.0,1089.0,59.5,2400,0.0,0.0,15815,-631,67,discharging,None,None
19:34:11.487,sequential,8.3,394.0,185.1,1.5,1090.4,60.0,2400,0.0,0.0,15852,-541,67,discharging,None,None
19:34:11.995,sequential,8.3,394.0,185.1,32.5,1090.8,62.8,2400,0.0,0.0,15854,-418,67,discharging,None,None
19:34:12.499,sequential,8.3,400.1,188.1,86.8,1091.1,62.2,2400,0.0,0.0,15804,-588,67,discharging,None,None
19:34:13.002,sequential,8.3,400.1,188.1,2.0,1091.8,59.5,2400,0.0,0.0,15842,-630,67,discharging,None,None
19:34:13.506,sequential,8.3,400.1,188.1,2.5,1091.8,59.0,1900,0.0,0.0,15853,-459,67,discharging,None,None
19:34:14.015,sequential,8.2,400.1,188.1,77.0,1091.8,63.4,2400,0.0,0.0,15842,-471,67,discharging,None,None
19:34:14.519,sequential,8.2,400.8,176.3,42.1,1091.3,60.6,2400,0.0,0.0,15805,-613,67,discharging,None,None
19:34:15.023,sequential,8.2,400.8,176.3,1.5,1090.6,59.0,2400,0.0,0.0,15851,-558,67,discharging,None,None
19:34:15.531,sequential,8.4,400.8,176.3,26.1,1090.6,61.1,2400,0.0,0.0,15855,-417,67,discharging,None,None
19:34:16.034,sequential,8.4,409.3,170.4,92.6,1088.8,62.2,2400,0.0,0.0,15807,-574,67,discharging,None,None
19:34:16.538,sequential,8.3,409.3,170.4,1.5,1089.5,59.5,2400,0.0,0.0,15840,-631,67,discharging,None,None
19:34:17.041,sequential,8.3,409.3,170.4,1.5,1089.2,59.0,2400,0.0,0.0,15852,-473,67,discharging,None,None
19:34:17.548,sequential,8.3,409.3,170.4,72.9,1089.2,64.5,2400,0.0,0.0,15842,-472,67,discharging,None,None
19:34:18.052,sequential,8.3,401.0,176.1,45.3,1088.5,59.5,2400,0.0,0.0,15804,-629,67,discharging,None,None
19:34:18.555,sequential,8.3,401.0,176.1,2.5,1088.5,59.0,2400,0.0,0.0,15850,-574,67,discharging,None,None
19:34:19.063,sequential,8.4,401.0,176.1,21.5,1087.4,59.0,1900,0.0,0.0,15854,-411,67,discharging,None,None
19:34:19.568,sequential,8.4,410.9,176.1,99.0,1087.8,63.9,2400,0.0,0.0,15811,-535,67,discharging,None,None
19:34:20.071,sequential,8.3,410.9,176.1,2.5,1087.2,59.5,2400,0.0,0.0,15841,-611,67,discharging,None,None
19:34:20.575,sequential,8.3,410.9,176.1,1.5,1087.2,59.5,2400,0.0,0.0,15853,-488,67,discharging,None,None
19:34:21.296,sequential,8.3,552.7,176.1,71.5,1086.5,60.6,2400,0.0,0.0,15811,-551,67,discharging,None,None
19:34:21.800,sequential,8.3,552.7,170.3,37.7,1086.5,60.0,2400,0.0,0.0,15811,-655,67,discharging,None,None
19:34:22.303,sequential,8.3,552.7,170.3,2.0,1086.5,59.0,2400,0.0,0.0,15850,-520,67,discharging,None,None
19:34:22.815,sequential,7.6,552.7,170.3,28.9,1086.5,61.7,2400,0.0,0.0,15852,-417,67,discharging,None,None
19:34:23.318,sequential,7.6,398.2,181.5,89.7,1086.2,61.7,2400,0.0,0.0,15804,-581,67,discharging,None,None
19:34:23.823,sequential,8.3,398.2,181.5,1.5,1086.2,59.5,2400,0.0,0.0,15840,-631,67,discharging,None,None
19:34:24.327,sequential,8.3,398.2,181.5,2.5,1086.0,59.0,1600,0.0,0.0,15851,-466,67,discharging,None,None
19:34:24.836,sequential,8.3,398.2,181.5,76.0,1086.0,63.4,2400,0.0,0.0,15845,-459,67,discharging,None,None
19:34:25.344,sequential,8.3,407.5,182.8,44.4,1086.5,59.5,2400,0.0,0.0,15802,-611,67,discharging,None,None
19:34:25.847,sequential,8.3,407.5,182.8,1.5,1087.4,59.5,2400,0.0,0.0,15849,-569,67,discharging,None,None
19:34:26.359,sequential,8.4,407.5,182.8,23.5,1089.0,61.7,2400,0.0,0.0,15852,-421,67,discharging,None,None
19:34:26.863,sequential,8.4,400.6,168.5,93.6,1090.2,62.8,2400,0.0,0.0,15805,-577,67,discharging,None,None
19:34:27.366,sequential,8.3,400.6,168.5,2.0,1090.2,59.5,2400,0.0,0.0,15837,-645,67,discharging,None,None
19:34:27.870,sequential,8.3,400.6,168.5,2.0,1089.7,59.0,2400,0.0,0.0,15848,-495,67,discharging,None,None
19:34:28.376,sequential,8.3,400.6,168.5,72.3,1089.7,64.5,2400,0.0,0.0,15842,-480,67,discharging,None,None
19:34:28.879,sequential,8.2,418.9,173.3,49.7,1090.4,60.6,2400,0.0,0.0,15805,-644,67,discharging,None,None
19:34:29.383,sequential,8.2,418.9,173.3,1.5,1090.4,59.0,2400,0.0,0.0,15849,-589,67,discharging,None,None
19:34:29.891,sequential,8.4,418.9,173.3,18.3,1090.4,59.5,1600,0.0,0.0,15852,-412,67,discharging,None,None
19:34:30.396,sequential,8.4,421.4,172.4,100.0,1090.4,63.9,2400,0.0,0.0,15811,-522,67,discharging,None,None
19:34:30.900,sequential,8.3,421.4,172.4,5.5,1089.4,59.5,2400,0.0,0.0,15839,-611,67,discharging,None,None
19:34:31.403,sequential,8.3,421.4,172.4,2.0,1089.4,59.5,2400,0.0,0.0,15850,-500,67,discharging,None,None
19:34:31.911,sequential,8.3,421.4,172.4,61.7,1089.4,65.0,2400,0.0,0.0,15852,-440,67,discharging,None,None
19:34:32.414,sequential,8.2,411.5,167.5,57.6,1088.7,60.0,2400,0.0,0.0,15805,-623,67,discharging,None,None
19:34:32.918,sequential,8.2,411.5,167.5,2.0,1088.7,59.0,2400,0.0,0.0,15847,-604,67,discharging,None,None
19:34:33.428,sequential,8.4,411.5,167.5,18.9,1088.7,61.1,2400,0.0,0.0,15851,-421,67,discharging,None,None
19:34:33.933,sequential,8.4,402.1,167.5,100.0,1088.4,65.0,2400,0.0,0.0,15812,-541,67,discharging,None,None
19:34:34.437,sequential,8.4,402.1,177.9,10.4,1087.7,60.0,2400,0.0,0.0,15832,-641,67,discharging,None,None
19:34:34.941,sequential,7.9,402.1,177.9,2.5,1087.5,59.0,1900,0.0,0.0,15849,-518,67,discharging,None,None
19:34:35.448,sequential,7.9,402.1,177.9,57.9,1087.7,63.4,2400,0.0,0.0,15855,-414,67,discharging,None,None
19:34:35.952,sequential,8.2,427.1,172.0,65.7,1087.5,60.0,2400,0.0,0.0,15804,-584,67,discharging,None,None
19:34:36.455,sequential,8.2,427.1,172.0,2.5,1087.7,59.5,2400,0.0,0.0,15841,-613,67,discharging,None,None
19:34:36.965,sequential,8.4,427.1,172.0,2.0,1088.7,59.0,2400,0.0,0.0,15849,-442,67,discharging,None,None
19:34:37.472,sequential,8.4,414.9,172.0,100.0,1089.0,64.5,2400,0.0,0.0,15815,-507,67,discharging,None,None
19:34:37.975,sequential,8.4,414.9,176.5,20.4,1089.1,59.5,2400,0.0,0.0,15811,-633,67,discharging,None,None
19:34:38.479,sequential,8.3,414.9,176.5,2.5,1089.5,59.0,2400,0.0,0.0,15847,-542,67,discharging,None,None
19:34:38.987,sequential,8.3,414.9,176.5,47.3,1089.6,63.4,2400,0.0,0.0,15852,-417,67,discharging,None,None
19:34:39.490,sequential,8.3,411.6,176.2,73.9,1088.0,61.1,2400,0.0,0.0,15803,-585,67,discharging,None,None
19:34:39.994,sequential,8.3,411.6,176.2,3.0,1088.0,60.6,2400,0.0,0.0,15838,-632,67,discharging,None,None
19:34:40.498,sequential,8.4,411.6,176.2,2.5,1088.0,58.4,1600,0.0,0.0,15850,-464,67,discharging,None,None
19:34:41.004,sequential,8.4,422.9,176.2,91.6,1087.0,63.4,2400,0.0,0.0,15844,-458,67,discharging,None,None
19:34:41.507,sequential,8.4,422.9,172.4,30.8,1086.8,59.5,2400,0.0,0.0,15801,-609,67,discharging,None,None
19:34:42.011,sequential,8.3,422.9,172.4,2.5,1086.9,59.0,2400,0.0,0.0,15846,-569,67,discharging,None,None
19:34:42.523,sequential,8.3,422.9,172.4,37.4,1086.9,62.8,2400,0.0,0.0,15850,-417,67,discharging,None,None
19:34:43.026,sequential,8.3,401.9,178.9,81.7,1086.5,61.1,2400,0.0,0.0,15806,-566,67,discharging,None,None
19:34:43.530,sequential,8.3,401.9,178.9,2.5,1087.2,59.5,2400,0.0,0.0,15837,-631,67,discharging,None,None
19:34:44.033,sequential,8.3,401.9,178.9,3.0,1088.5,59.5,2400,0.0,0.0,15847,-482,67,discharging,None,None
19:34:44.539,sequential,8.4,397.5,178.9,84.2,1088.5,63.9,2400,0.0,0.0,15841,-462,67,discharging,None,None
19:34:45.043,sequential,8.4,397.5,182.3,35.8,1088.5,59.5,2400,0.0,0.0,15801,-630,67,discharging,None,None
19:34:45.546,sequential,8.3,397.5,182.3,10.5,1088.5,60.0,2400,0.0,0.0,15844,-585,67,discharging,None,None
19:34:46.056,sequential,8.3,397.5,182.3,31.8,1087.8,61.7,2400,0.0,0.0,15847,-426,67,discharging,None,None
19:34:46.560,sequential,7.9,425.3,173.3,91.2,1089.2,61.7,2400,0.0,0.0,15808,-538,67,discharging,None,None
19:34:47.063,sequential,7.9,425.3,173.3,2.5,1089.2,59.5,2400,0.0,0.0,15836,-613,67,discharging,None,None
19:34:47.567,sequential,7.9,425.3,173.3,2.5,1089.2,59.0,2400,0.0,0.0,15849,-501,67,discharging,None,None
19:34:48.075,sequential,8.3,425.3,173.3,74.9,1089.2,63.9,2400,0.0,0.0,15849,-440,67,discharging,None,None
19:34:48.579,sequential,8.3,407.6,176.8,46.1,1088.9,60.0,2400,0.0,0.0,15804,-623,67,discharging,None,None
19:34:49.082,sequential,8.4,407.6,176.8,3.0,1087.1,59.5,2400,0.0,0.0,15843,-606,67,discharging,None,None
19:34:49.591,sequential,8.4,407.6,176.8,22.4,1087.8,61.7,2400,0.0,0.0,15849,-423,67,discharging,None,None
19:34:50.094,sequential,8.4,399.2,182.9,97.0,1087.8,64.5,2400,0.0,0.0,15811,-525,67,discharging,None,None
19:34:50.598,sequential,8.3,399.2,182.9,2.0,1087.8,59.5,2400,0.0,0.0,15826,-630,67,discharging,None,None
19:34:51.102,sequential,8.3,399.2,182.9,3.0,1087.5,59.0,1900,0.0,0.0,15847,-522,67,discharging,None,None
19:34:51.608,sequential,8.3,399.2,182.9,69.0,1087.5,63.9,2400,0.0,0.0,15851,-414,67,discharging,None,None
19:34:52.111,sequential,8.3,414.0,179.9,53.0,1087.3,60.0,2400,0.0,0.0,15802,-582,67,discharging,None,None
19:34:52.615,sequential,8.4,414.0,179.9,2.5,1087.3,59.5,2400,0.0,0.0,15839,-611,67,discharging,None,None
19:34:53.123,sequential,8.4,414.0,179.9,13.9,1087.6,60.6,2400,0.0,0.0,15848,-443,67,discharging,None,None
19:34:53.632,sequential,8.4,399.6,174.9,100.0,1087.6,63.4,2400,0.0,0.0,15813,-506,67,discharging,None,None
19:34:54.135,sequential,8.3,399.6,174.9,7.4,1087.3,59.0,2400,0.0,0.0,15810,-627,67,discharging,None,None
19:34:54.639,sequential,8.3,399.6,174.9,2.5,1087.3,59.0,2400,0.0,0.0,15844,-538,67,discharging,None,None
19:34:55.147,sequential,8.3,399.6,174.9,62.2,1086.9,63.9,2400,0.0,0.0,15847,-417,67,discharging,None,None
19:34:55.650,sequential,8.3,400.5,176.3,57.4,1086.9,60.0,2400,0.0,0.0,15799,-589,67,discharging,None,None
19:34:56.154,sequential,8.4,400.5,176.3,2.5,1087.1,59.0,2400,0.0,0.0,15836,-629,67,discharging,None,None
19:34:56.660,sequential,8.4,400.5,176.3,11.4,1087.1,59.5,1600,0.0,0.0,15847,-456,67,discharging,None,None
19:34:57.164,sequential,8.4,422.9,176.3,100.0,1087.1,64.5,2400,0.0,0.0,15835,-471,67,discharging,None,None
19:34:57.668,sequential,8.3,422.9,175.3,23.3,1087.5,59.5,2400,0.0,0.0,15799,-616,67,discharging,None,None
19:34:58.171,sequential,8.3,422.9,175.3,2.5,1087.5,59.0,2400,0.0,0.0,15841,-480,67,discharging,None,None
19:34:58.679,sequential,7.9,422.9,175.3,53.5,1087.5,63.4,2400,0.0,0.0,15831,-479,67,discharging,None,None
19:34:59.182,sequential,7.9,400.2,183.6,66.7,1087.5,61.1,2400,0.0,0.0,15797,-633,67,discharging,None,None
19:34:59.686,sequential,7.9,400.2,183.6,2.5,1087.5,59.5,2400,0.0,0.0,15843,-571,67,discharging,None,None
19:35:00.190,sequential,8.4,400.2,183.6,3.0,1086.6,59.5,2400,0.0,0.0,15846,-417,67,discharging,None,None
19:35:00.699,sequential,8.4,399.7,183.6,99.0,1086.6,64.5,2400,0.0,0.0,15802,-565,67,discharging,None,None
19:35:01.203,sequential,8.3,399.7,188.1,22.1,1086.6,59.5,2400,0.0,0.0,15834,-631,67,discharging,None,None
19:35:01.706,sequential,8.3,399.7,188.1,2.5,1086.6,59.5,2400,0.0,0.0,15845,-483,67,discharging,None,None
19:35:02.216,sequential,8.3,399.7,188.1,47.0,1086.4,63.4,2400,0.0,0.0,15850,-441,67,discharging,None,None
19:35:02.719,sequential,8.3,410.9,165.9,72.9,1086.4,60.6,2400,0.0,0.0,15801,-611,67,discharging,None,None
19:35:03.223,sequential,8.3,410.9,165.9,2.0,1086.4,59.5,2400,0.0,0.0,15843,-589,67,discharging,None,None
19:35:03.726,sequential,8.4,410.9,165.9,3.0,1086.4,59.0,2400,0.0,0.0,15847,-417,67,discharging,None,None
19:35:04.235,sequential,8.4,409.7,165.9,93.0,1086.4,63.9,2400,0.0,0.0,15805,-550,67,discharging,None,None
19:35:04.739,sequential,8.3,409.7,176.8,28.9,1086.1,60.0,2400,0.0,0.0,15833,-634,67,discharging,None,None
19:35:05.242,sequential,8.3,409.7,176.8,2.5,1085.9,59.0,2400,0.0,0.0,15845,-499,67,discharging,None,None
19:35:05.751,sequential,8.3,409.7,176.8,40.0,1085.9,63.4,2400,0.0,0.0,15846,-442,67,discharging,None,None
19:35:06.254,sequential,8.3,414.6,175.5,80.8,1086.1,61.1,2400,0.0,0.0,15799,-627,67,discharging,None,None
19:35:06.758,sequential,8.3,414.6,175.5,2.5,1086.1,59.5,2400,0.0,0.0,15841,-608,67,discharging,None,None
19:35:07.262,sequential,8.4,414.6,175.5,3.0,1087.1,58.4,1600,0.0,0.0,15845,-422,67,discharging,None,None
19:35:07.774,sequential,8.4,424.5,175.5,84.6,1087.1,63.4,2400,0.0,0.0,15814,-500,67,discharging,None,None
19:35:08.278,sequential,8.3,424.5,178.9,39.3,1087.3,60.0,2400,0.0,0.0,15817,-615,67,discharging,None,None
19:35:08.781,sequential,8.3,424.5,178.9,2.5,1087.3,59.5,2400,0.0,0.0,15842,-530,67,discharging,None,None
19:35:09.288,sequential,8.3,424.5,178.9,30.9,1086.4,61.7,2400,0.0,0.0,15846,-418,67,discharging,None,None
19:35:09.795,sequential,8.2,580.0,178.9,87.0,1086.4,63.4,2400,0.0,0.0,15798,-592,67,discharging,None,None
19:35:10.298,sequential,8.2,580.0,180.2,25.7,1085.9,60.0,2400,0.0,0.0,15836,-658,67,discharging,None,None
19:35:10.802,sequential,7.3,580.0,180.2,3.0,1085.9,59.0,2400,0.0,0.0,15845,-484,67,discharging,None,None
19:35:11.311,sequential,7.3,580.0,180.2,41.6,1085.9,62.2,2400,0.0,0.0,15846,-435,67,discharging,None,None
19:35:11.814,sequential,7.3,397.7,185.6,78.4,1086.2,60.6,2400,0.0,0.0,15798,-619,67,discharging,None,None
19:35:12.318,sequential,8.3,397.7,185.6,2.5,1086.2,59.5,2400,0.0,0.0,15839,-612,67,discharging,None,None
19:35:12.822,sequential,8.3,397.7,185.6,3.5,1086.2,58.4,1600,0.0,0.0,15848,-420,67,discharging,None,None
19:35:13.338,sequential,8.3,407.3,185.6,87.2,1086.2,62.8,2400,0.0,0.0,15818,-485,67,discharging,None,None
19:35:13.842,sequential,8.3,407.3,176.9,35.5,1086.4,60.0,2400,0.0,0.0,15816,-606,67,discharging,None,None
19:35:14.345,sequential,8.3,407.3,176.9,5.3,1086.4,59.0,2400,0.0,0.0,15842,-530,67,discharging,None,None
19:35:14.852,sequential,8.4,407.3,176.9,36.8,1086.4,62.8,2400,0.0,0.0,15844,-421,67,discharging,None,None
19:35:15.356,sequential,8.4,405.9,177.5,83.1,1086.4,61.1,2400,0.0,0.0,15795,-599,67,discharging,None,None
19:35:15.859,sequential,8.3,405.9,177.5,2.0,1086.6,60.6,2400,0.0,0.0,15835,-626,67,discharging,None,None
19:35:16.363,sequential,8.3,405.9,177.5,1.5,1087.3,59.0,2400,0.0,0.0,15843,-447,67,discharging,None,None
19:35:16.872,sequential,8.3,397.1,177.5,81.9,1087.3,63.9,2400,0.0,0.0,15813,-504,67,discharging,None,None
19:35:17.375,sequential,8.3,397.1,178.6,36.2,1087.1,60.0,2400,0.0,0.0,15804,-630,67,discharging,None,None
19:35:17.879,sequential,8.3,397.1,178.6,1.5,1086.8,59.5,2400,0.0,0.0,15841,-544,67,discharging,None,None
19:35:18.387,sequential,8.4,397.1,178.6,31.3,1086.8,61.7,2400,0.0,0.0,15844,-411,67,discharging,None,None
19:35:18.891,sequential,8.4,426.0,174.2,92.1,1086.1,62.2,2400,0.0,0.0,15798,-560,67,discharging,None,None
19:35:19.394,sequential,8.3,426.0,174.2,1.5,1086.6,59.5,2400,0.0,0.0,15831,-618,67,discharging,None,None
19:35:19.898,sequential,8.3,426.0,174.2,2.0,1086.6,59.0,2400,0.0,0.0,15843,-468,67,discharging,None,None
19:35:20.404,sequential,8.3,426.0,174.2,73.8,1086.6,64.5,2400,0.0,0.0,15829,-478,67,discharging,None,None
19:35:20.908,sequential,8.3,408.1,176.3,46.8,1086.4,60.0,2400,0.0,0.0,15793,-631,67,discharging,None,None
19:35:21.411,sequential,8.3,408.1,176.3,2.0,1086.6,59.5,2400,0.0,0.0,15840,-570,67,discharging,None,None
19:35:21.920,sequential,8.4,408.1,176.3,29.1,1086.1,63.9,2400,0.0,0.0,15841,-426,67,discharging,None,None
19:35:22.423,sequential,8.4,395.8,180.3,97.1,1086.4,62.8,2400,0.0,0.0,15798,-579,67,discharging,None,None
19:35:22.927,sequential,7.9,395.8,180.3,1.5,1086.4,60.0,2400,0.0,0.0,15829,-632,67,discharging,None,None
19:35:23.431,sequential,7.9,395.8,180.3,1.5,1086.4,59.5,1900,0.0,0.0,15841,-480,67,discharging,None,None
19:35:23.935,sequential,7.9,395.8,180.3,67.2,1086.4,63.4,2400,0.0,0.0,15845,-437,67,discharging,None,None
19:35:24.439,sequential,8.3,427.5,192.1,58.4,1086.4,60.6,2400,0.0,0.0,15797,-614,67,discharging,None,None
19:35:24.943,sequential,8.3,427.5,192.1,1.5,1086.4,59.5,2400,0.0,0.0,15840,-595,67,discharging,None,None
19:35:25.451,sequential,8.4,427.5,192.1,7.5,1086.4,61.1,2400,0.0,0.0,15843,-417,67,discharging,None,None
19:35:25.955,sequential,8.4,402.1,192.1,99.5,1087.3,65.0,2400,0.0,0.0,15802,-540,67,discharging,None,None
19:35:26.459,sequential,8.4,402.1,181.9,13.4,1087.5,60.0,2400,0.0,0.0,15829,-632,67,discharging,None,None
19:35:26.963,sequential,8.3,402.1,181.9,1.5,1087.3,59.5,2400,0.0,0.0,15841,-508,67,discharging,None,None
19:35:27.471,sequential,8.3,402.1,181.9,54.0,1087.3,62.8,2400,0.0,0.0,15843,-433,67,discharging,None,None
19:35:27.974,sequential,8.3,414.5,172.3,66.8,1086.6,60.6,2400,0.0,0.0,15793,-619,67,discharging,None,None
19:35:28.478,sequential,8.3,414.5,172.3,1.5,1086.6,60.0,2400,0.0,0.0,15835,-616,67,discharging,None,None
19:35:28.982,sequential,8.3,414.5,172.3,2.0,1086.3,59.0,1600,0.0,0.0,15841,-431,67,discharging,None,None
19:35:29.491,sequential,8.3,421.4,172.3,99.0,1086.3,63.4,2400,0.0,0.0,15816,-491,67,discharging,None,None
19:35:29.994,sequential,8.3,421.4,175.7,24.3,1086.3,60.0,2400,0.0,0.0,15807,-611,67,discharging,None,None
19:35:30.498,sequential,8.3,421.4,175.7,1.5,1088.2,59.5,2400,0.0,0.0,15839,-536,67,discharging,None,None
19:35:31.007,sequential,8.3,421.4,175.7,44.0,1088.2,64.5,2400,0.0,0.0,15843,-417,67,discharging,None,None
19:35:31.510,sequential,8.3,413.3,177.7,76.8,1088.2,61.1,2400,0.0,0.0,15794,-594,67,discharging,None,None
19:35:32.014,sequential,8.3,413.3,177.7,2.0,1088.9,59.5,2400,0.0,0.0,15832,-634,67,discharging,None,None
19:35:32.517,sequential,8.4,413.3,177.7,1.5,1088.9,59.0,2400,0.0,0.0,15841,-456,67,discharging,None,None
19:35:33.022,sequential,8.4,405.5,177.7,87.6,1088.9,63.9,2400,0.0,0.0,15820,-492,67,discharging,None,None
19:35:33.526,sequential,8.4,405.5,175.5,31.8,1088.9,60.6,2400,0.0,0.0,15792,-629,67,discharging,None,None
19:35:34.029,sequential,8.3,405.5,175.5,10.6,1088.4,59.5,2400,0.0,0.0,15837,-563,67,discharging,None,None
19:35:34.536,sequential,8.3,405.5,175.5,34.7,1090.4,62.8,2400,0.0,0.0,15843,-422,67,discharging,None,None
19:35:35.040,sequential,7.9,427.2,188.0,89.0,1090.8,61.7,2400,0.0,0.0,15797,-558,67,discharging,None,None
19:35:35.543,sequential,7.9,427.2,188.0,1.5,1092.7,59.5,2400,0.0,0.0,15826,-625,67,discharging,None,None
19:35:36.047,sequential,7.9,427.2,188.0,2.5,1092.1,59.0,2400,0.0,0.0,15840,-480,67,discharging,None,None
19:35:36.556,sequential,8.4,427.2,188.0,74.6,1092.1,63.9,2400,0.0,0.0,15834,-463,67,discharging,None,None
19:35:37.059,sequential,8.4,395.4,174.7,43.6,1090.1,60.0,2400,0.0,0.0,15793,-629,67,discharging,None,None
19:35:37.563,sequential,8.3,395.4,174.7,2.5,1090.1,59.5,2400,0.0,0.0,15837,-585,67,discharging,None,None
19:35:38.071,sequential,8.3,395.4,174.7,26.2,1089.8,62.2,2400,0.0,0.0,15840,-419,67,discharging,None,None
19:35:38.575,sequential,8.3,412.1,171.1,94.1,1090.3,62.8,2400,0.0,0.0,15799,-557,67,discharging,None,None
19:35:39.078,sequential,8.3,412.1,171.1,2.0,1089.1,59.5,2400,0.0,0.0,15828,-633,67,discharging,None,None
19:35:39.582,sequential,8.3,412.1,171.1,2.0,1089.1,59.0,1900,0.0,0.0,15840,-494,67,discharging,None,None
19:35:40.091,sequential,8.2,412.1,171.1,71.5,1089.6,64.5,2400,0.0,0.0,15845,-427,67,discharging,None,None
19:35:40.594,sequential,8.2,423.1,179.0,52.7,1089.1,60.6,2400,0.0,0.0,15796,-610,67,discharging,None,None
19:35:41.098,sequential,8.4,423.1,179.0,2.5,1088.4,59.0,2400,0.0,0.0,15836,-607,67,discharging,None,None
19:35:41.607,sequential,8.4,423.1,179.0,15.8,1088.4,60.6,2400,0.0,0.0,15840,-423,67,discharging,None,None
19:35:42.111,sequential,8.4,414.2,179.0,99.5,1087.5,64.5,2400,0.0,0.0,15802,-529,67,discharging,None,None
19:35:42.615,sequential,8.3,414.2,174.3,7.0,1087.5,60.0,2400,0.0,0.0,15817,-633,67,discharging,None,None
19:35:43.119,sequential,8.3,414.2,174.3,2.5,1087.5,60.0,2400,0.0,0.0,15838,-521,67,discharging,None,None
19:35:43.627,sequential,8.3,414.2,174.3,61.1,1087.5,63.9,2400,0.0,0.0,15838,-428,67,discharging,None,None
19:35:44.131,sequential,8.3,405.3,167.9,57.8,1086.5,61.1,2400,0.0,0.0,15790,-612,67,discharging,None,None
19:35:44.634,sequential,8.4,405.3,167.9,2.0,1086.5,60.0,2400,0.0,0.0,15831,-621,67,discharging,None,None
19:35:45.142,sequential,8.4,405.3,167.9,10.5,1086.3,59.0,1800,0.0,0.0,15840,-435,67,discharging,None,None
19:35:45.651,sequential,8.4,415.2,167.9,100.0,1086.3,64.5,2400,0.0,0.0,15817,-484,67,discharging,None,None
19:35:46.155,sequential,8.3,415.2,172.4,20.7,1088.0,59.5,2400,0.0,0.0,15804,-615,67,discharging,None,None
19:35:46.659,sequential,8.3,415.2,172.4,2.5,1088.5,59.0,2400,0.0,0.0,15835,-551,67,discharging,None,None
19:35:47.167,sequential,7.9,415.2,172.4,55.8,1088.5,63.4,2400,0.0,0.0,15840,-422,67,discharging,None,None
19:35:47.671,sequential,7.9,411.0,171.8,64.2,1088.9,61.1,2400,0.0,0.0,15790,-595,67,discharging,None,None
19:35:48.175,sequential,7.9,411.0,171.8,2.5,1088.7,59.5,2400,0.0,0.0,15828,-633,67,discharging,None,None
19:35:48.684,sequential,8.4,411.0,171.8,4.5,1088.7,59.5,2400,0.0,0.0,15838,-456,67,discharging,None,None
19:35:49.188,sequential,8.4,415.5,171.8,99.0,1088.7,65.0,2400,0.0,0.0,15813,-492,67,discharging,None,None
19:35:49.692,sequential,8.3,415.5,176.3,19.4,1086.8,60.0,2400,0.0,0.0,15788,-632,67,discharging,None,None
19:35:50.195,sequential,8.3,415.5,176.3,2.5,1086.5,59.5,2400,0.0,0.0,15833,-467,67,discharging,None,None
19:35:50.703,sequential,8.2,415.5,176.3,49.0,1086.5,63.4,2400,0.0,0.0,15831,-458,67,discharging,None,None
19:35:51.207,sequential,8.2,419.2,171.5,72.8,1086.8,61.1,2400,0.0,0.0,15788,-611,67,discharging,None,None
19:35:51.711,sequential,8.2,419.2,171.5,3.0,1086.8,60.0,2400,0.0,0.0,15834,-572,67,discharging,None,None
19:35:52.215,sequential,8.4,419.2,171.5,3.0,1086.8,59.5,2400,0.0,0.0,15837,-418,67,discharging,None,None
19:35:52.723,sequential,8.4,403.9,171.5,92.5,1086.8,64.5,2400,0.0,0.0,15795,-565,67,discharging,None,None
19:35:53.227,sequential,8.3,403.9,175.5,27.5,1086.1,60.0,2400,0.0,0.0,15823,-631,67,discharging,None,None
19:35:53.730,sequential,8.3,403.9,175.5,2.5,1086.1,59.0,2400,0.0,0.0,15837,-483,67,discharging,None,None
19:35:54.239,sequential,8.3,403.9,175.5,42.3,1085.9,63.4,2400,0.0,0.0,15832,-462,67,discharging,None,None
19:35:54.742,sequential,8.3,404.0,185.9,79.3,1085.9,61.7,2400,0.0,0.0,15792,-632,67,discharging,None,None
19:35:55.246,sequential,8.3,404.0,185.9,2.5,1086.2,60.0,2400,0.0,0.0,15834,-589,67,discharging,None,None
19:35:55.750,sequential,8.4,404.0,185.9,2.5,1086.2,59.0,1600,0.0,0.0,15837,-415,67,discharging,None,None
19:35:56.255,sequential,8.4,408.2,185.9,86.6,1089.8,63.4,2400,0.0,0.0,15797,-528,67,discharging,None,None
19:35:56.759,sequential,8.3,408.2,188.3,36.8,1090.3,59.5,2400,0.0,0.0,15825,-618,67,discharging,None,None
19:35:57.263,sequential,8.3,408.2,188.3,2.5,1090.3,59.5,2400,0.0,0.0,15837,-505,67,discharging,None,None
19:35:57.771,sequential,8.3,408.2,188.3,31.3,1090.8,63.4,2400,0.0,0.0,15838,-439,67,discharging,None,None
19:35:58.275,sequential,8.2,574.2,188.3,92.6,1088.9,63.4,2400,0.0,0.0,15789,-600,67,discharging,None,None
19:35:58.779,sequential,8.2,574.2,178.2,23.8,1089.1,60.0,2400,0.0,0.0,15825,-643,67,discharging,None,None
19:35:59.283,sequential,7.0,574.2,178.2,3.0,1088.7,59.0,2400,0.0,0.0,15836,-482,67,discharging,None,None
19:35:59.791,sequential,7.0,574.2,178.2,44.1,1089.0,64.5,2400,0.0,0.0,15831,-460,67,discharging,None,None
19:36:00.295,sequential,7.0,397.6,181.5,75.0,1088.5,61.7,2400,0.0,0.0,15789,-631,67,discharging,None,None
19:36:00.798,sequential,8.3,397.6,181.5,2.5,1088.5,59.5,2400,0.0,0.0,15832,-589,67,discharging,None,None
19:36:01.302,sequential,8.3,397.6,181.5,3.0,1087.9,59.0,1600,0.0,0.0,15840,-408,67,discharging,None,None
19:36:01.811,sequential,8.3,411.3,181.5,90.0,1087.9,63.4,2400,0.0,0.0,15796,-523,67,discharging,None,None
19:36:02.314,sequential,8.3,411.3,181.6,32.0,1087.0,60.0,2400,0.0,0.0,15825,-620,67,discharging,None,None
19:36:02.818,sequential,8.3,411.3,181.6,2.5,1087.7,59.5,2400,0.0,0.0,15836,-503,67,discharging,None,None
19:36:03.327,sequential,8.4,411.3,181.6,37.0,1090.8,62.2,2400,0.0,0.0,15838,-440,67,discharging,None,None
19:36:03.830,sequential,8.4,397.3,172.4,80.9,1090.7,61.1,2400,0.0,0.0,15792,-627,67,discharging,None,None
19:36:04.334,sequential,8.3,397.3,172.4,3.0,1090.7,60.0,2400,0.0,0.0,15834,-607,67,discharging,None,None
19:36:04.837,sequential,8.3,397.3,172.4,3.0,1089.5,59.5,2400,0.0,0.0,15837,-420,67,discharging,None,None
19:36:05.343,sequential,8.2,407.5,172.4,84.3,1089.7,64.5,2400,0.0,0.0,15796,-533,67,discharging,None,None
19:36:05.847,sequential,8.2,407.5,172.7,35.0,1096.5,60.6,2400,0.0,0.0,15819,-631,67,discharging,None,None
19:36:06.350,sequential,8.2,407.5,172.7,2.0,1097.4,59.5,2400,0.0,0.0,15833,-516,67,discharging,None,None
19:36:06.863,sequential,8.4,407.5,172.7,34.5,1096.2,62.8,2400,0.0,0.0,15839,-415,67,discharging,None,None
19:36:07.366,sequential,8.4,426.2,174.2,90.0,1096.1,62.2,2400,0.0,0.0,15787,-589,67,discharging,None,None
19:36:07.870,sequential,8.3,426.2,174.2,2.5,1094.7,59.5,2400,0.0,0.0,15827,-617,67,discharging,None,None
19:36:08.373,sequential,8.3,426.2,174.2,2.0,1102.0,59.5,2400,0.0,0.0,15834,-442,67,discharging,None,None
19:36:08.881,sequential,8.3,426.2,174.2,76.0,1101.0,63.9,2400,0.0,0.0,15798,-509,67,discharging,None,None
19:36:09.385,sequential,8.3,410.1,175.4,44.8,1100.6,60.6,2400,0.0,0.0,15796,-634,67,discharging,None,None
19:36:09.888,sequential,8.3,410.1,175.4,2.5,1099.0,60.0,2400,0.0,0.0,15832,-542,67,discharging,None,None
19:36:10.396,sequential,8.4,410.1,175.4,31.2,1099.0,62.8,2400,0.0,0.0,15832,-428,67,discharging,None,None
19:36:10.899,sequential,8.4,415.0,184.6,98.5,1097.8,63.9,2400,0.0,0.0,15786,-598,67,discharging,None,None
19:36:11.403,sequential,7.9,415.0,184.6,2.5,1097.5,59.5,2400,0.0,0.0,15822,-636,67,discharging,None,None
19:36:11.907,sequential,7.9,415.0,184.6,2.5,1096.0,59.0,1900,0.0,0.0,15833,-466,67,discharging,None,None
19:36:12.414,sequential,7.9,415.0,184.6,65.5,1096.2,63.9,2400,0.0,0.0,15829,-450,67,discharging,None,None
19:36:12.918,sequential,8.3,422.6,182.5,58.9,1094.3,60.0,2400,0.0,0.0,15786,-605,67,discharging,None,None
19:36:13.422,sequential,8.3,422.6,182.5,3.0,1094.3,59.5,2400,0.0,0.0,15830,-576,67,discharging,None,None
19:36:13.934,sequential,8.4,422.6,182.5,9.0,1093.2,60.6,2400,0.0,0.0,15835,-419,67,discharging,None,None
19:36:14.438,sequential,8.4,404.4,182.5,99.0,1093.2,64.5,2400,0.0,0.0,15790,-562,67,discharging,None,None
19:36:14.942,sequential,8.4,404.4,175.7,11.9,1091.8,60.0,2400,0.0,0.0,15821,-632,66,discharging,None,None
19:36:15.445,sequential,8.3,404.4,175.7,3.0,1091.8,59.5,2400,0.0,0.0,15833,-486,66,discharging,None,None
19:36:15.952,sequential,8.3,404.4,175.7,56.4,1091.1,63.4,2400,0.0,0.0,15829,-458,66,discharging,None,None
19:36:16.455,sequential,8.3,412.3,172.9,64.5,1091.0,61.1,2400,0.0,0.0,15788,-633,66,discharging,None,None
19:36:16.959,sequential,8.3,412.3,172.9,0.5,1090.8,59.0,2400,0.0,0.0,15831,-590,66,discharging,None,None
19:36:17.467,sequential,8.3,412.3,172.9,2.0,1091.5,58.4,1500,0.0,0.0,15835,-411,66,discharging,None,None
19:36:17.971,sequential,8.3,378.3,172.9,100.0,1091.1,64.5,2400,0.0,0.0,15792,-521,66,discharging,None,None
19:36:18.475,sequential,8.3,378.3,167.8,9.9,1091.2,59.0,2400,0.0,0.0,15822,-596,66,discharging,None,None
19:36:18.978,sequential,8.3,378.3,167.8,0.0,1091.1,59.0,2400,0.0,0.0,15834,-483,66,discharging,None,None
19:36:19.487,sequential,8.3,378.3,167.8,55.7,1091.1,64.5,2400,0.0,0.0,15834,-446,66,discharging,None,None
19:36:19.990,sequential,8.3,363.7,167.3,52.7,1090.1,59.5,2400,0.0,0.0,15784,-612,66,discharging,None,None
19:36:20.494,sequential,8.3,363.7,167.3,0.0,1090.1,59.0,2400,0.0,0.0,15830,-574,66,discharging,None,None
19:36:21.003,sequential,8.3,363.7,167.3,12.5,1088.4,61.1,2400,0.0,0.0,15835,-408,66,discharging,None,None
19:36:21.507,sequential,8.3,365.2,165.0,94.6,1088.7,62.2,2400,0.0,0.0,15788,-556,66,discharging,None,None
19:36:22.011,sequential,8.3,365.2,165.0,0.5,1088.4,59.5,2400,0.0,0.0,15821,-612,66,discharging,None,None
19:36:22.514,sequential,8.3,365.2,165.0,0.0,1088.4,59.0,2400,0.0,0.0,15834,-464,66,discharging,None,None
19:36:23.024,sequential,8.3,365.2,165.0,70.3,1088.4,63.4,2400,0.0,0.0,15829,-445,66,discharging,None,None
19:36:23.528,sequential,8.3,380.6,165.9,41.2,1088.2,59.0,2400,0.0,0.0,15784,-593,66,discharging,None,None
19:36:24.031,sequential,8.3,380.6,165.9,0.0,1087.3,59.0,2400,0.0,0.0,15831,-557,66,discharging,None,None
19:36:24.540,sequential,8.3,380.6,165.9,24.5,1087.5,62.2,2400,0.0,0.0,15835,-409,66,discharging,None,None
19:36:25.044,sequential,8.3,365.1,164.7,83.3,1087.3,61.1,2400,0.0,0.0,15786,-569,66,discharging,None,None
19:36:25.547,sequential,8.3,365.1,164.7,0.0,1087.3,59.5,2400,0.0,0.0,15822,-612,66,discharging,None,None
19:36:26.051,sequential,8.3,365.1,164.7,0.0,1090.9,58.4,2400,0.0,0.0,15834,-450,66,discharging,None,None
19:36:26.560,sequential,8.3,363.6,164.7,81.6,1090.9,64.5,2400,0.0,0.0,15809,-487,66,discharging,None,None
19:36:27.064,sequential,8.3,363.6,167.8,27.3,1092.2,60.0,2400,0.0,0.0,15799,-613,66,discharging,None,None
19:36:27.567,sequential,8.3,363.6,167.8,0.0,1092.2,59.0,2400,0.0,0.0,15829,-540,66,discharging,None,None
19:36:28.075,sequential,8.3,363.6,167.8,38.8,1092.3,62.2,2400,0.0,0.0,15831,-421,66,discharging,None,None
19:36:28.578,sequential,8.3,380.5,163.6,71.9,1092.3,61.1,2400,0.0,0.0,15783,-586,66,discharging,None,None
19:36:29.082,sequential,8.3,380.5,163.6,0.5,1090.7,59.5,2400,0.0,0.0,15822,-614,66,discharging,None,None
19:36:29.585,sequential,8.3,380.5,163.6,0.5,1093.0,58.4,2400,0.0,0.0,15830,-451,66,discharging,None,None
19:36:30.092,sequential,8.3,367.3,163.6,93.1,1092.9,63.9,2400,0.0,0.0,15795,-513,66,discharging,None,None
19:36:30.596,sequential,8.3,367.3,161.4,14.0,1091.8,60.0,2400,0.0,0.0,15811,-611,66,discharging,None,None
19:36:31.099,sequential,8.3,367.3,161.4,0.0,1091.3,59.0,2400,0.0,0.0,15831,-516,66,discharging,None,None
19:36:31.607,sequential,8.3,367.3,161.4,50.7,1091.3,62.8,2400,0.0,0.0,15833,-420,66,discharging,None,None
19:36:32.111,sequential,8.3,365.9,167.5,57.2,1089.6,60.6,2400,0.0,0.0,15784,-608,66,discharging,None,None
19:36:32.614,sequential,8.3,365.9,167.5,0.0,1089.6,59.5,2400,0.0,0.0,15829,-600,66,discharging,None,None
19:36:33.128,sequential,8.3,365.9,167.5,7.0,1088.6,59.5,1800,0.0,0.0,15833,-411,66,discharging,None,None
19:36:33.632,sequential,8.3,380.0,165.4,99.5,1088.6,63.4,2400,0.0,0.0,15800,-507,66,discharging,None,None
19:36:34.136,sequential,8.3,380.0,165.4,2.5,1088.5,59.5,2400,0.0,0.0,15820,-596,66,discharging,None,None
19:36:34.639,sequential,8.3,380.0,165.4,0.0,1088.5,59.0,2400,0.0,0.0,15831,-497,66,discharging,None,None
19:36:35.147,sequential,8.3,380.0,165.4,62.5,1087.8,64.5,2400,0.0,0.0,15833,-432,66,discharging,None,None
19:36:35.650,sequential,8.3,365.6,163.4,45.6,1088.3,60.0,2400,0.0,0.0,15783,-611,66,discharging,None,None
19:36:36.154,sequential,8.3,365.6,163.4,0.0,1090.0,59.5,2400,0.0,0.0,15828,-588,66,discharging,None,None
19:36:36.663,sequential,8.3,365.6,163.4,19.9,1090.0,62.2,2400,0.0,0.0,15832,-409,66,discharging,None,None
19:36:37.167,sequential,8.3,368.4,163.8,88.1,1090.0,62.8,2400,0.0,0.0,15789,-545,66,discharging,None,None
19:36:37.671,sequential,8.3,368.4,163.8,0.0,1090.0,59.0,2400,0.0,0.0,15819,-612,66,discharging,None,None
19:36:38.174,sequential,8.3,368.4,163.8,1.0,1089.2,59.5,2400,0.0,0.0,15832,-475,66,discharging,None,None
19:36:38.688,sequential,8.3,379.6,163.8,77.2,1089.2,63.4,2400,0.0,0.0,15830,-436,66,discharging,None,None
19:36:39.192,sequential,8.3,379.6,161.0,31.5,1088.4,59.5,2400,0.0,0.0,15782,-596,66,discharging,None,None
19:36:39.695,sequential,8.3,379.6,161.0,0.0,1088.6,59.5,2400,0.0,0.0,15828,-569,66,discharging,None,None
19:36:40.203,sequential,8.3,379.6,161.0,32.7,1088.1,62.8,2400,0.0,0.0,15832,-409,66,discharging,None,None
19:36:40.706,sequential,8.3,365.3,167.2,75.2,1088.6,60.6,2400,0.0,0.0,15785,-560,66,discharging,None,None
19:36:41.210,sequential,8.3,365.3,167.2,0.0,1088.3,59.0,2400,0.0,0.0,15819,-612,66,discharging,None,None
19:36:41.713,sequential,8.3,365.3,167.2,0.0,1088.3,59.0,2400,0.0,0.0,15830,-409,66,discharging,None,None
19:36:42.220,sequential,8.3,364.0,167.2,89.6,1088.3,63.9,2400,0.0,0.0,15782,-568,66,discharging,None,None
19:36:42.723,sequential,8.3,364.0,169.4,18.1,1087.8,59.5,2400,0.0,0.0,15819,-612,66,discharging,None,None
19:36:43.227,sequential,8.3,364.0,169.4,0.0,1086.7,59.0,2400,0.0,0.0,15830,-452,66,discharging,None,None
19:36:43.735,sequential,8.3,364.0,169.4,45.5,1087.8,62.2,2400,0.0,0.0,15832,-471,66,discharging,None,None
19:36:44.239,sequential,8.3,387.5,160.6,65.5,1087.9,60.6,2400,0.0,0.0,15790,-606,66,discharging,None,None
19:36:44.742,sequential,8.3,387.5,160.6,0.0,1087.9,59.0,2400,0.0,0.0,15828,-542,66,discharging,None,None
19:36:45.247,sequential,8.3,387.5,160.6,0.0,1088.2,59.0,2400,0.0,0.0,15830,-408,66,discharging,None,None
19:36:45.755,sequential,8.3,370.6,160.6,99.0,1088.2,62.8,2400,0.0,0.0,15804,-583,66,discharging,None,None
19:36:46.258,sequential,8.3,370.6,159.6,9.3,1088.6,59.0,2400,0.0,0.0,15822,-611,66,discharging,None,None
19:36:46.762,sequential,8.3,370.6,159.6,0.0,1089.5,59.0,2400,0.0,0.0,15828,-272,66,discharging,None,None
19:36:47.268,sequential,8.3,370.6,159.6,57.4,1089.3,63.9,2400,0.0,0.0,15830,-501,66,discharging,None,None
19:36:47.771,sequential,8.3,363.9,163.1,50.2,1089.3,60.6,2400,0.0,0.0,15779,-597,66,discharging,None,None
19:36:48.275,sequential,8.3,363.9,163.1,0.0,1089.3,59.0,2400,0.0,0.0,15824,-611,66,discharging,None,None
19:36:48.783,sequential,8.3,363.9,163.1,14.0,1089.3,59.5,1500,0.0,0.0,15830,-423,66,discharging,None,None
19:36:49.286,sequential,8.3,380.4,162.3,95.6,1087.4,62.8,2400,0.0,0.0,15800,-490,66,discharging,None,None
19:36:49.790,sequential,8.3,380.4,162.3,0.0,1087.4,60.0,2400,0.0,0.0,15810,-594,66,discharging,None,None
19:36:50.293,sequential,8.3,380.4,162.3,0.0,1087.4,59.0,2400,0.0,0.0,15829,-512,66,discharging,None,None
19:36:50.801,sequential,8.3,380.4,162.3,69.3,1087.4,63.9,2400,0.0,0.0,15830,-423,66,discharging,None,None
19:36:51.305,sequential,8.3,365.1,166.3,38.8,1087.0,59.5,2400,0.0,0.0,15783,-610,66,discharging,None,None
19:36:51.808,sequential,8.3,365.1,166.3,0.0,1086.7,59.0,2400,0.0,0.0,15827,-597,66,discharging,None,None
19:36:52.316,sequential,8.3,365.1,166.3,26.6,1086.3,61.7,2400,0.0,0.0,15830,-409,66,discharging,None,None
19:36:52.820,sequential,8.3,369.1,163.8,82.1,1086.3,61.1,2400,0.0,0.0,15787,-534,66,discharging,None,None
19:36:53.323,sequential,8.3,369.1,163.8,0.5,1086.3,59.0,2400,0.0,0.0,15817,-611,66,discharging,None,None
19:36:53.827,sequential,8.3,369.1,163.8,0.0,1086.3,58.4,1800,0.0,0.0,15828,-486,66,discharging,None,None
19:36:54.335,sequential,8.3,387.6,163.8,81.6,1086.3,63.4,2400,0.0,0.0,15833,-418,66,discharging,None,None
19:36:54.839,sequential,8.3,387.6,163.1,29.2,1085.8,60.0,2400,0.0,0.0,15780,-594,66,discharging,None,None
19:36:55.342,sequential,8.3,387.6,163.1,0.5,1085.8,59.0,2400,0.0,0.0,15825,-585,66,discharging,None,None
19:36:55.851,sequential,8.3,387.6,163.1,35.5,1087.4,62.8,2400,0.0,0.0,15830,-408,66,discharging,None,None
19:36:56.355,sequential,8.3,368.4,164.7,72.5,1087.7,60.6,2400,0.0,0.0,15786,-546,66,discharging,None,None
19:36:56.858,sequential,8.3,368.4,164.7,0.0,1088.4,59.5,2400,0.0,0.0,15816,-612,66,discharging,None,None
19:36:57.361,sequential,8.3,368.4,164.7,0.0,1088.4,59.0,2400,0.0,0.0,15828,-474,66,discharging,None,None
19:36:57.868,sequential,8.3,366.7,164.7,91.6,1088.4,64.5,2400,0.0,0.0,15824,-455,66,discharging,None,None
19:36:58.371,sequential,8.3,366.7,165.8,15.6,1088.4,59.5,2400,0.0,0.0,15779,-611,66,discharging,None,None
19:36:58.875,sequential,8.3,366.7,165.8,0.0,1087.5,59.0,2400,0.0,0.0,15825,-564,66,discharging,None,None
19:36:59.383,sequential,8.3,366.7,165.8,48.8,1087.5,62.2,2400,0.0,0.0,15829,-408,66,discharging,None,None
19:36:59.886,sequential,8.3,381.0,166.6,62.4,1087.3,60.6,2400,0.0,0.0,15784,-538,66,discharging,None,None
19:37:00.390,sequential,8.3,381.0,166.6,0.0,1087.3,58.4,2400,0.0,0.0,15815,-593,66,discharging,None,None
19:37:00.903,sequential,8.3,381.0,166.6,2.5,1087.1,59.5,2400,0.0,0.0,15827,-462,66,discharging,None,None
19:37:01.407,sequential,8.3,365.9,164.6,100.0,1087.1,63.9,2400,0.0,0.0,15811,-471,66,discharging,None,None
19:37:01.910,sequential,8.3,365.9,164.6,6.0,1086.9,59.5,2400,0.0,0.0,15817,-614,66,discharging,None,None
19:37:02.414,sequential,13.7,365.9,164.6,2.5,1086.9,59.0,2400,0.0,0.0,15826,-458,66,discharging,None,None
19:37:02.923,sequential,13.7,365.9,164.6,61.7,1086.9,63.4,2400,0.0,0.0,15805,-490,66,discharging,None,None
19:37:03.426,sequential,13.7,401.5,174.9,57.4,1087.9,60.0,2400,0.0,0.0,15777,-631,66,discharging,None,None
19:37:03.930,sequential,8.3,401.5,174.9,3.0,1087.8,57.9,2400,0.0,0.0,15824,-558,66,discharging,None,None
19:37:04.439,sequential,8.3,401.5,174.9,9.9,1087.8,60.0,1600,0.0,0.0,15826,-414,66,discharging,None,None
19:37:04.943,sequential,8.3,420.5,174.9,100.0,1087.8,63.9,2400,0.0,0.0,15784,-554,66,discharging,None,None
19:37:05.446,sequential,8.3,420.5,178.4,14.9,1087.7,59.5,2400,0.0,0.0,15814,-617,66,discharging,None,None
19:37:05.950,sequential,8.3,420.5,178.4,2.5,1087.0,59.5,2400,0.0,0.0,15825,-478,66,discharging,None,None
19:37:06.460,sequential,8.4,420.5,178.4,54.4,1087.0,62.8,2400,0.0,0.0,15820,-465,66,discharging,None,None
19:37:06.963,sequential,8.4,413.4,172.3,66.7,1087.7,60.6,2400,0.0,0.0,15779,-632,66,discharging,None,None
19:37:07.467,sequential,8.3,413.4,172.3,10.9,1087.7,59.5,2400,0.0,0.0,15819,-596,66,discharging,None,None
19:37:07.971,sequential,8.3,413.4,172.3,2.5,1087.7,59.0,2400,0.0,0.0,15826,-429,66,discharging,None,None
19:37:08.479,sequential,7.9,402.6,172.3,98.5,1087.7,64.5,2400,0.0,0.0,15783,-556,66,discharging,None,None
19:37:08.982,sequential,7.9,402.6,183.2,21.8,1087.7,60.0,2400,0.0,0.0,15813,-632,66,discharging,None,None
19:37:09.486,sequential,7.9,402.6,183.2,2.5,1087.9,59.0,1900,0.0,0.0,15825,-494,66,discharging,None,None
19:37:09.995,sequential,8.4,402.6,183.2,47.5,1087.9,62.2,2400,0.0,0.0,15830,-428,66,discharging,None,None
19:37:10.499,sequential,8.4,407.5,174.5,73.0,1088.1,61.7,2400,0.0,0.0,15781,-610,66,discharging,None,None
19:37:11.002,sequential,8.3,407.5,174.5,2.5,1087.9,59.0,2400,0.0,0.0,15822,-601,66,discharging,None,None
19:37:11.506,sequential,8.3,407.5,174.5,3.0,1087.9,58.4,2400,0.0,0.0,15825,-418,66,discharging,None,None
19:37:12.014,sequential,8.3,405.5,174.5,92.0,1088.7,63.4,2400,0.0,0.0,15783,-535,66,discharging,None,None
19:37:12.518,sequential,8.3,405.5,175.5,28.6,1088.5,60.6,2400,0.0,0.0,15809,-629,66,discharging,None,None
19:37:13.022,sequential,8.3,405.5,175.5,2.0,1089.1,59.5,2400,0.0,0.0,15824,-512,66,discharging,None,None
19:37:13.531,sequential,8.4,405.5,175.5,40.8,1089.1,62.8,2400,0.0,0.0,15827,-433,66,discharging,None,None
19:37:14.034,sequential,8.4,412.5,172.6,79.4,1088.8,62.2,2400,0.0,0.0,15777,-616,66,discharging,None,None
19:37:14.538,sequential,8.3,412.5,172.6,2.0,1088.8,60.0,2400,0.0,0.0,15820,-616,66,discharging,None,None
19:37:15.042,sequential,8.3,412.5,172.6,3.9,1087.5,58.4,1600,0.0,0.0,15825,-430,66,discharging,None,None
19:37:15.555,sequential,8.3,426.8,172.6,86.2,1087.5,62.8,2400,0.0,0.0,15803,-486,66,discharging,None,None
19:37:16.058,sequential,8.3,426.8,174.5,36.3,1088.9,61.7,2400,0.0,0.0,15788,-609,66,discharging,None,None
19:37:16.562,sequential,8.3,426.8,174.5,2.5,1089.6,60.0,2400,0.0,0.0,15822,-538,66,discharging,None,None
19:37:17.070,sequential,8.4,426.8,174.5,31.8,1089.3,62.2,2400,0.0,0.0,15825,-416,66,discharging,None,None
19:37:17.574,sequential,8.4,396.9,183.2,87.7,1089.6,62.2,2400,0.0,0.0,15775,-592,66,discharging,None,None
19:37:18.078,sequential,8.3,396.9,183.2,2.0,1089.1,60.0,2400,0.0,0.0,15812,-631,66,discharging,None,None
19:37:18.581,sequential,8.3,396.9,183.2,2.5,1089.1,59.0,2400,0.0,0.0,15822,-456,66,discharging,None,None
19:37:19.087,sequential,8.3,393.8,183.2,77.7,1089.1,63.4,2400,0.0,0.0,15799,-495,66,discharging,None,None
19:37:19.591,sequential,8.3,393.8,358.1,51.0,1088.0,59.5,2400,0.0,0.0,15773,-640,66,discharging,None,None
19:37:20.094,sequential,8.3,393.8,358.1,2.5,1088.2,58.4,2400,0.0,0.0,15820,-566,66,discharging,None,None
19:37:20.598,sequential,7.9,393.8,358.1,3.0,1088.2,57.9,1600,0.0,0.0,15826,-413,66,discharging,None,None
19:37:21.111,sequential,7.9,411.6,358.1,89.7,1088.2,63.9,2400,0.0,0.0,15795,-489,66,discharging,None,None
19:37:21.614,sequential,7.9,411.6,182.7,30.7,1088.5,60.0,2400,0.0,0.0,15788,-615,66,discharging,None,None
19:37:22.118,sequential,8.4,411.6,182.7,2.0,1088.1,59.0,2400,0.0,0.0,15820,-536,66,discharging,None,None
19:37:22.624,sequential,8.4,411.6,182.7,38.2,1088.1,63.4,2400,0.0,0.0,15823,-418,66,discharging,None,None
19:37:23.127,sequential,8.3,400.7,191.9,83.5,1088.2,61.1,2400,0.0,0.0,15775,-594,66,discharging,None,None
19:37:23.631,sequential,8.3,400.7,191.9,3.0,1088.5,59.5,2400,0.0,0.0,15813,-633,66,discharging,None,None
19:37:24.135,sequential,8.4,400.7,191.9,3.0,1088.0,59.5,2400,0.0,0.0,15822,-456,66,discharging,None,None
19:37:24.641,sequential,8.4,403.3,191.9,80.6,1088.0,63.4,2400,0.0,0.0,15800,-491,66,discharging,None,None
19:37:25.147,sequential,8.4,403.3,174.8,39.4,1087.7,59.5,2400,0.0,0.0,15774,-631,66,discharging,None,None
19:37:25.651,sequential,8.3,403.3,174.8,2.5,1088.0,59.5,2400,0.0,0.0,15820,-558,66,discharging,None,None
19:37:26.157,sequential,8.3,403.3,174.8,29.4,1088.0,59.5,1600,0.0,0.0,15825,-412,66,discharging,None,None
19:37:26.661,sequential,8.3,440.5,180.2,97.0,1088.0,63.4,2400,0.0,0.0,15780,-539,66,discharging,None,None
19:37:27.164,sequential,8.3,440.5,180.2,2.5,1087.5,59.5,2400,0.0,0.0,15810,-610,66,discharging,None,None
19:37:27.668,sequential,8.3,440.5,180.2,2.5,1087.5,58.4,2400,0.0,0.0,15821,-482,66,discharging,None,None
19:37:28.176,sequential,8.4,440.5,180.2,66.3,1087.3,65.0,2400,0.0,0.0,15819,-459,66,discharging,None,None
19:37:28.679,sequential,8.4,407.2,176.8,53.0,1087.5,60.0,2400,0.0,0.0,15776,-632,66,discharging,None,None
19:37:29.183,sequential,8.3,407.2,176.8,2.5,1087.3,59.0,2400,0.0,0.0,15820,-590,66,discharging,None,None
19:37:29.691,sequential,8.3,407.2,176.8,14.0,1087.3,60.6,2400,0.0,0.0,15822,-417,66,discharging,None,None
19:37:30.195,sequential,8.3,410.6,176.8,100.0,1087.5,63.9,2400,0.0,0.0,15781,-549,66,discharging,None,None
19:37:30.699,sequential,8.3,410.6,174.1,7.5,1092.7,59.5,2400,0.0,0.0,15809,-634,66,discharging,None,None
19:37:31.203,sequential,8.3,410.6,174.1,3.4,1093.4,58.4,1500,0.0,0.0,15820,-502,66,discharging,None,None
19:37:31.711,sequential,8.3,410.6,174.1,47.0,1093.6,62.8,2400,0.0,0.0,15825,-407,66,discharging,None,None
19:37:32.215,sequential,8.3,415.3,178.5,84.5,1092.9,61.7,2400,0.0,0.0,15773,-574,66,discharging,None,None
19:37:32.718,sequential,8.0,415.3,178.5,7.5,1092.9,59.5,2400,0.0,0.0,15809,-637,66,discharging,None,None
19:37:33.222,sequential,8.0,415.3,178.5,2.0,1092.0,58.4,2400,0.0,0.0,15822,-469,66,discharging,None,None
19:37:33.735,sequential,8.0,395.3,178.5,81.9,1092.0,63.4,2400,0.0,0.0,15807,-479,66,discharging,None,None
19:37:34.238,sequential,8.3,395.3,182.2,35.8,1091.9,60.0,2400,0.0,0.0,15772,-630,66,discharging,None,None
19:37:34.742,sequential,8.3,395.3,182.2,2.0,1091.9,59.5,2400,0.0,0.0,15819,-569,66,discharging,None,None
19:37:35.251,sequential,8.4,395.3,182.2,30.5,1090.9,62.2,2400,0.0,0.0,15823,-418,66,discharging,None,None
19:37:35.754,sequential,8.4,406.5,176.1,88.2,1090.9,62.2,2400,0.0,0.0,15777,-566,66,discharging,None,None
19:37:36.258,sequential,8.3,406.5,176.1,1.5,1092.2,59.5,2400,0.0,0.0,15808,-632,66,discharging,None,None
19:37:36.762,sequential,8.3,406.5,176.1,2.5,1092.2,58.4,1600,0.0,0.0,15820,-479,66,discharging,None,None
19:37:37.271,sequential,8.3,406.5,176.1,77.5,1091.9,63.9,2400,0.0,0.0,15823,-429,66,discharging,None,None
19:37:37.775,sequential,8.3,419.3,173.0,44.6,1091.9,61.1,2400,0.0,0.0,15774,-606,66,discharging,None,None
19:37:38.278,sequential,8.3,419.3,173.0,2.0,1091.8,58.4,2400,0.0,0.0,15816,-592,66,discharging,None,None
19:37:38.787,sequential,8.4,419.3,173.0,22.2,1091.8,62.8,2400,0.0,0.0,15821,-418,66,discharging,None,None
19:37:39.291,sequential,8.4,412.3,174.9,97.1,1090.6,62.8,2400,0.0,0.0,15779,-548,66,discharging,None,None
19:37:39.795,sequential,8.3,412.3,174.9,2.0,1090.4,59.5,2400,0.0,0.0,15807,-633,66,discharging,None,None
19:37:40.298,sequential,8.3,412.3,174.9,2.0,1090.2,59.0,2400,0.0,0.0,15819,-503,66,discharging,None,None
19:37:40.807,sequential,8.3,412.3,174.9,68.3,1090.2,65.0,2400,0.0,0.0,15821,-441,66,discharging,None,None
19:37:41.310,sequential,8.2,398.0,182.5,50.7,1089.4,60.0,2400,0.0,0.0,15772,-626,66,discharging,None,None
19:37:41.814,sequential,8.2,398.0,182.5,1.5,1088.7,59.0,2400,0.0,0.0,15817,-608,66,discharging,None,None
19:37:42.323,sequential,8.4,398.0,182.5,17.0,1089.6,60.0,1900,0.0,0.0,15820,-423,66,discharging,None,None
19:37:42.827,sequential,8.4,417.8,182.5,100.0,1090.0,63.9,2400,0.0,0.0,15792,-501,66,discharging,None,None
19:37:43.331,sequential,8.4,417.8,182.2,7.5,1089.8,59.5,2400,0.0,0.0,15791,-611,66,discharging,None,None
19:37:43.834,sequential,8.4,417.8,182.2,10.6,1089.6,59.0,2400,0.0,0.0,15814,-538,66,discharging,None,None
19:37:44.343,sequential,8.4,417.8,182.2,59.0,1089.6,63.4,2400,0.0,0.0,15819,-432,66,discharging,None,None
19:37:44.846,sequential,7.9,404.8,170.7,58.8,1088.9,60.0,2400,0.0,0.0,15770,-603,66,discharging,None,None
19:37:45.350,sequential,7.9,404.8,170.7,1.5,1088.9,59.0,2400,0.0,0.0,15811,-626,66,discharging,None,None
19:37:45.859,sequential,8.3,404.8,170.7,8.5,1088.9,60.6,2400,0.0,0.0,15819,-444,66,discharging,None,None
19:37:46.363,sequential,8.3,408.7,170.7,99.5,1089.7,65.0,2400,0.0,0.0,15785,-506,66,discharging,None,None
19:37:46.866,sequential,8.3,408.7,175.8,13.4,1090.5,60.0,2400,0.0,0.0,15780,-633,66,discharging,None,None
19:37:47.370,sequential,8.4,408.7,175.8,1.5,1090.5,59.0,2400,0.0,0.0,15817,-543,66,discharging,None,None
19:37:47.879,sequential,8.4,408.7,175.8,54.8,1090.5,62.8,2400,0.0,0.0,15820,-411,66,discharging,None,None
19:37:48.382,sequential,8.3,423.4,176.2,69.1,1090.1,61.1,2400,0.0,0.0,15774,-563,66,discharging,None,None
19:37:48.886,sequential,8.3,423.4,176.2,1.5,1088.5,59.0,2400,0.0,0.0,15807,-620,66,discharging,None,None
19:37:49.389,sequential,8.3,423.4,176.2,1.5,1090.3,58.4,2400,0.0,0.0,15817,-468,66,discharging,None,None
19:37:49.896,sequential,8.2,399.1,176.2,97.0,1090.3,63.9,2400,0.0,0.0,15803,-482,66,discharging,None,None
19:37:50.399,sequential,8.2,399.1,188.0,22.6,1090.1,59.5,2400,0.0,0.0,15767,-632,66,discharging,None,None
19:37:50.903,sequential,8.4,399.1,188.0,2.0,1089.6,60.0,2400,0.0,0.0,15815,-569,66,discharging,None,None
19:37:51.411,sequential,8.4,399.1,188.0,43.5,1089.6,63.4,2400,0.0,0.0,15819,-417,66,discharging,None,None
19:37:51.914,sequential,8.3,399.4,184.7,76.2,1088.4,62.2,2400,0.0,0.0,15774,-631,66,discharging,None,None
19:37:52.418,sequential,8.3,399.4,184.7,2.0,1088.4,59.5,2400,0.0,0.0,15815,-579,66,discharging,None,None
19:37:52.922,sequential,8.3,399.4,184.7,2.0,1088.4,59.0,1600,0.0,0.0,15818,-414,66,discharging,None,None
19:37:53.428,sequential,8.2,406.1,184.7,89.6,1088.4,62.2,2400,0.0,0.0,15777,-534,66,discharging,None,None
19:37:53.932,sequential,8.2,406.1,173.0,30.0,1087.4,59.5,2400,0.0,0.0,15805,-612,66,discharging,None,None
19:37:54.435,sequential,8.4,406.1,173.0,1.5,1087.4,59.0,2400,0.0,0.0,15817,-491,66,discharging,None,None
19:37:54.943,sequential,8.4,406.1,173.0,37.5,1087.4,62.2,2400,0.0,0.0,15817,-456,66,discharging,None,None
19:37:55.446,sequential,8.4,402.2,173.2,80.8,1087.0,61.7,2400,0.0,0.0,15771,-630,66,discharging,None,None
19:37:55.950,sequential,8.3,402.2,173.2,10.5,1087.4,60.0,2400,0.0,0.0,15812,-604,66,discharging,None,None
19:37:56.453,sequential,8.3,402.2,173.2,1.5,1089.5,59.5,2400,0.0,0.0,15818,-430,66,discharging,None,None
19:37:56.966,sequential,7.9,398.7,173.2,84.7,1090.1,63.4,2400,0.0,0.0,15775,-549,66,discharging,None,None
19:37:57.470,sequential,7.9,398.7,181.2,34.2,1090.2,60.0,2400,0.0,0.0,15805,-632,66,discharging,None,None
19:37:57.974,sequential,8.4,398.7,181.2,2.0,1090.4,59.5,2400,0.0,0.0,15817,-502,66,discharging,None,None
19:37:58.483,sequential,8.4,398.7,181.2,34.5,1090.4,62.8,2400,0.0,0.0,15821,-422,66,discharging,None,None
19:37:58.986,sequential,8.4,418.1,180.6,88.2,1089.7,61.7,2400,0.0,0.0,15771,-602,66,discharging,None,None
19:37:59.490,sequential,8.3,418.1,180.6,2.5,1090.4,59.5,2400,0.0,0.0,15812,-608,66,discharging,None,None
19:37:59.994,sequential,8.3,418.1,180.6,1.5,1090.2,59.5,2400,0.0,0.0,15816,-428,66,discharging,None,None
19:38:00.500,sequential,8.3,418.1,180.6,76.1,1090.2,65.0,2400,0.0,0.0,15780,-522,66,discharging,None,None
19:38:01.004,sequential,8.3,401.1,181.8,42.3,1090.0,60.0,2400,0.0,0.0,15791,-630,66,discharging,None,None
19:38:01.508,sequential,8.3,401.1,181.8,3.0,1090.0,59.0,2400,0.0,0.0,15815,-527,66,discharging,None,None
19:38:02.016,sequential,8.4,401.1,181.8,24.8,1089.3,61.7,2400,0.0,0.0,15817,-423,66,discharging,None,None
19:38:02.520,sequential,8.4,406.6,173.4,94.6,1088.2,62.8,2400,0.0,0.0,15767,-603,66,discharging,None,None
19:38:03.023,sequential,8.3,406.6,173.4,2.0,1088.2,60.0,2400,0.0,0.0,15806,-627,66,discharging,None,None
19:38:03.527,sequential,8.3,406.6,173.4,2.5,1089.0,59.0,1800,0.0,0.0,15815,-446,66,discharging,None,None
19:38:04.033,sequential,8.3,406.6,173.4,71.0,1089.2,65.0,2400,0.0,0.0,15797,-478,66,discharging,None,None
19:38:04.536,sequential,8.3,425.0,177.5,54.2,1089.0,60.0,2400,0.0,0.0,15771,-613,66,discharging,None,None
19:38:05.040,sequential,8.3,425.0,177.5,2.5,1088.7,59.5,2400,0.0,0.0,15814,-552,66,discharging,None,None
19:38:05.550,sequential,8.4,425.0,177.5,14.4,1088.7,61.1,2400,0.0,0.0,15818,-417,66,discharging,None,None
19:38:06.059,sequential,8.4,411.4,177.5,100.0,1088.0,65.0,2400,0.0,0.0,15770,-580,66,discharging,None,None
19:38:06.563,sequential,8.3,411.4,175.7,8.3,1088.5,59.5,2400,0.0,0.0,15802,-635,66,discharging,None,None
19:38:07.066,sequential,8.3,411.4,175.7,3.0,1087.9,59.0,2400,0.0,0.0,15815,-472,66,discharging,None,None
19:38:07.848,sequential,8.3,583.8,175.7,68.6,1087.2,61.7,2400,0.0,0.0,15772,-570,66,discharging,None,None
19:38:08.352,sequential,8.3,583.8,166.7,37.8,1087.2,60.0,2400,0.0,0.0,15782,-664,66,discharging,None,None
19:38:08.855,sequential,8.3,583.8,166.7,2.5,1086.3,58.4,1900,0.0,0.0,15814,-511,66,discharging,None,None
19:38:09.363,sequential,7.3,583.8,166.7,29.1,1086.3,61.7,2400,0.0,0.0,15820,-400,66,discharging,None,None
19:38:09.866,sequential,7.3,415.7,173.1,91.1,1086.0,61.7,2400,0.0,0.0,15769,-557,66,discharging,None,None
19:38:10.370,sequential,8.3,415.7,173.1,3.5,1086.0,60.0,2400,0.0,0.0,15804,-616,66,discharging,None,None
19:38:10.873,sequential,8.3,415.7,173.1,2.5,1086.5,59.0,2400,0.0,0.0,15813,-459,66,discharging,None,None
19:38:11.380,sequential,8.3,415.7,173.1,73.8,1086.5,63.9,2400,0.0,0.0,15794,-491,66,discharging,None,None
19:38:11.884,sequential,8.3,398.3,181.5,45.5,1087.0,60.6,2400,0.0,0.0,15765,-632,66,discharging,None,None
19:38:12.387,sequential,8.3,398.3,181.5,2.5,1087.0,60.0,2400,0.0,0.0,15812,-560,66,discharging,None,None
19:38:12.894,sequential,8.4,398.3,181.5,22.4,1086.8,62.2,2400,0.0,0.0,15815,-418,66,discharging,None,None
19:38:13.398,sequential,8.4,402.6,177.0,97.5,1086.7,63.9,2400,0.0,0.0,15769,-576,66,discharging,None,None
19:38:13.901,sequential,8.3,402.6,177.0,2.5,1086.5,59.5,2400,0.0,0.0,15801,-633,66,discharging,None,None
19:38:14.405,sequential,8.3,402.6,177.0,2.5,1086.5,59.5,1800,0.0,0.0,15815,-474,66,discharging,None,None
19:38:14.912,sequential,8.3,402.6,177.0,67.3,1086.5,63.4,2400,0.0,0.0,15813,-450,66,discharging,None,None
19:38:15.415,sequential,8.3,420.7,181.1,56.2,1086.7,60.6,2400,0.0,0.0,15767,-615,66,discharging,None,None
19:38:15.919,sequential,8.3,420.7,181.1,2.0,1086.5,60.0,2400,0.0,0.0,15813,-584,66,discharging,None,None
19:38:16.427,sequential,8.4,420.7,181.1,11.9,1087.2,60.6,2400,0.0,0.0,15815,-419,66,discharging,None,None
19:38:16.932,sequential,8.4,405.8,181.1,100.0,1087.2,64.5,2400,0.0,0.0,15773,-557,66,discharging,None,None
19:38:17.436,sequential,8.3,405.8,170.7,9.0,1087.2,60.0,2400,0.0,0.0,15802,-631,66,discharging,None,None
19:38:17.939,sequential,8.3,405.8,170.7,3.0,1087.0,59.5,2400,0.0,0.0,15813,-493,66,discharging,None,None
19:38:18.447,sequential,8.3,405.8,170.7,58.7,1087.0,63.4,2400,0.0,0.0,15815,-452,66,discharging,None,None
19:38:18.950,sequential,8.3,412.7,176.7,62.4,1086.0,60.6,2400,0.0,0.0,15768,-633,66,discharging,None,None
19:38:19.454,sequential,8.3,412.7,176.7,2.5,1086.0,59.5,2400,0.0,0.0,15809,-601,66,discharging,None,None
19:38:19.963,sequential,8.4,412.7,176.7,15.0,1086.0,59.5,2400,0.0,0.0,15813,-418,66,discharging,None,None
19:38:20.467,sequential,8.4,402.6,176.7,99.5,1086.0,64.5,2400,0.0,0.0,15771,-542,66,discharging,None,None
19:38:20.971,sequential,8.4,402.6,176.2,16.3,1086.3,60.6,2400,0.0,0.0,15797,-637,66,discharging,None,None
19:38:21.474,sequential,7.9,402.6,176.2,2.5,1086.3,59.0,2400,0.0,0.0,15812,-511,66,discharging,None,None
19:38:21.983,sequential,7.9,402.6,176.2,52.7,1086.3,63.4,2400,0.0,0.0,15814,-436,66,discharging,None,None
19:38:22.486,sequential,8.3,399.2,170.5,65.2,1086.0,61.1,2400,0.0,0.0,15764,-619,66,discharging,None,None
19:38:22.990,sequential,8.3,399.2,170.5,2.5,1085.8,59.0,2400,0.0,0.0,15808,-610,66,discharging,None,None
19:38:23.498,sequential,8.4,399.2,170.5,3.0,1085.8,60.6,2400,0.0,0.0,15812,-427,66,discharging,None,None
19:38:24.003,sequential,8.4,412.7,170.5,99.5,1085.8,64.5,2400,0.0,0.0,15775,-524,66,discharging,None,None
19:38:24.507,sequential,8.4,412.7,176.0,20.8,1085.8,59.5,2400,0.0,0.0,15785,-632,66,discharging,None,None
19:38:25.010,sequential,8.3,412.7,176.0,3.0,1085.8,59.0,1600,0.0,0.0,15810,-527,66,discharging,None,None
19:38:25.519,sequential,8.3,412.7,176.0,48.0,1085.8,63.4,2400,0.0,0.0,15818,-400,66,discharging,None,None
19:38:26.023,sequential,8.3,419.2,173.5,73.9,1085.8,60.6,2400,0.0,0.0,15765,-573,66,discharging,None,None
19:38:26.526,sequential,8.3,419.2,173.5,3.0,1086.6,60.0,2400,0.0,0.0,15803,-622,66,discharging,None,None
19:38:27.030,sequential,8.3,419.2,173.5,2.5,1087.5,59.0,2400,0.0,0.0,15812,-449,66,discharging,None,None
19:38:27.535,sequential,8.3,398.1,173.5,91.0,1087.5,63.9,2400,0.0,0.0,15781,-502,66,discharging,None,None
19:38:28.039,sequential,8.3,398.1,180.9,28.4,1088.5,60.0,2400,0.0,0.0,15772,-630,66,discharging,None,None
19:38:28.542,sequential,8.3,398.1,180.9,3.0,1088.5,59.5,2400,0.0,0.0,15807,-552,66,discharging,None,None
19:38:29.052,sequential,8.3,398.1,180.9,39.8,1087.7,63.4,2400,0.0,0.0,15810,-435,66,discharging,None,None
19:38:29.555,sequential,8.2,396.7,182.7,79.3,1087.7,61.1,2400,0.0,0.0,15761,-603,66,discharging,None,None
19:38:30.059,sequential,8.2,396.7,182.7,2.5,1087.5,60.0,2400,0.0,0.0,15798,-648,66,discharging,None,None
19:38:30.563,sequential,8.2,396.7,182.7,3.0,1089.8,59.0,1600,0.0,0.0,15808,-481,66,discharging,None,None
19:38:31.070,sequential,8.4,414.2,182.7,86.6,1090.0,63.4,2400,0.0,0.0,15802,-467,66,discharging,None,None
19:38:31.574,sequential,8.4,414.2,174.9,35.5,1089.5,60.6,2400,0.0,0.0,15761,-607,66,discharging,None,None
19:38:32.077,sequential,8.4,414.2,174.9,10.5,1089.5,59.5,2400,0.0,0.0,15808,-568,66,discharging,None,None
19:38:32.584,sequential,8.4,414.2,174.9,34.0,1090.9,62.8,2400,0.0,0.0,15809,-429,66,discharging,None,None
19:38:33.087,sequential,7.9,396.5,180.6,86.1,1089.5,61.1,2400,0.0,0.0,15766,-580,66,discharging,None,None
19:38:33.591,sequential,7.9,396.5,180.6,2.5,1089.5,60.6,2400,0.0,0.0,15797,-632,66,discharging,None,None
19:38:34.095,sequential,7.9,396.5,180.6,2.5,1089.2,60.0,2400,0.0,0.0,15811,-479,66,discharging,None,None
19:38:34.599,sequential,8.2,394.4,180.6,79.4,1089.2,63.9,2400,0.0,0.0,15803,-468,66,discharging,None,None
19:38:35.103,sequential,8.2,394.4,184.5,40.4,1088.3,60.6,2400,0.0,0.0,15763,-630,66,discharging,None,None
19:38:35.606,sequential,8.4,394.4,184.5,3.0,1088.3,59.5,2400,0.0,0.0,15807,-581,66,discharging,None,None
19:38:36.115,sequential,8.4,394.4,184.5,27.5,1087.4,61.1,1900,0.0,0.0,15812,-417,66,discharging,None,None
19:38:36.618,sequential,8.4,410.0,183.4,94.1,1088.1,61.7,2400,0.0,0.0,15771,-535,66,discharging,None,None
19:38:37.122,sequential,8.3,410.0,183.4,2.5,1088.1,60.0,2400,0.0,0.0,15799,-613,66,discharging,None,None
19:38:37.625,sequential,8.3,410.0,183.4,2.5,1088.4,59.0,2400,0.0,0.0,15811,-494,66,discharging,None,None
19:38:38.131,sequential,8.3,410.0,183.4,71.8,1088.8,63.9,2400,0.0,0.0,15811,-450,66,discharging,None,None
19:38:38.635,sequential,8.3,412.5,174.0,49.8,1088.4,60.6,2400,0.0,0.0,15767,-631,66,discharging,None,None
19:38:39.138,sequential,8.4,412.5,174.0,2.5,1087.6,60.0,2400,0.0,0.0,15806,-602,66,discharging,None,None
19:38:39.647,sequential,8.4,412.5,174.0,18.0,1087.6,61.7,2400,0.0,0.0,15810,-420,66,discharging,None,None
19:38:40.150,sequential,8.4,397.8,175.6,99.0,1087.6,63.9,2400,0.0,0.0,15767,-536,66,discharging,None,None
19:38:40.654,sequential,8.3,397.8,175.6,4.0,1087.7,59.5,2400,0.0,0.0,15793,-630,66,discharging,None,None
19:38:41.158,sequential,8.3,397.8,175.6,3.0,1087.4,59.0,1800,0.0,0.0,15808,-513,66,discharging,None,None
19:38:41.664,sequential,8.3,397.8,175.6,65.2,1087.4,63.4,2400,0.0,0.0,15815,-417,66,discharging,None,None
19:38:42.168,sequential,8.3,423.5,177.4,58.8,1087.4,60.6,2400,0.0,0.0,15761,-591,66,discharging,None,None
19:38:42.671,sequential,8.3,423.5,177.4,2.5,1087.4,59.5,2400,0.0,0.0,15803,-613,66,discharging,None,None
19:38:43.180,sequential,8.4,423.5,177.4,8.6,1086.9,60.6,2400,0.0,0.0,15809,-438,66,discharging,None,None
19:38:43.684,sequential,8.4,410.8,177.4,99.0,1087.3,65.0,2400,0.0,0.0,15774,-513,66,discharging,None,None
19:38:44.188,sequential,8.3,410.8,179.4,22.6,1087.9,60.6,2400,0.0,0.0,15771,-636,66,discharging,None,None
19:38:44.691,sequential,8.3,410.8,179.4,1.5,1087.9,59.5,2400,0.0,0.0,15804,-552,66,discharging,None,None
19:38:45.199,sequential,7.9,410.8,179.4,54.5,1087.9,63.4,2400,0.0,0.0,15809,-429,66,discharging,None,None
19:38:45.703,sequential,7.9,398.4,189.2,66.0,1088.1,61.1,2400,0.0,0.0,15759,-594,66,discharging,None,None
19:38:46.206,sequential,7.9,398.4,189.2,1.5,1087.9,60.0,2400,0.0,0.0,15798,-634,66,discharging,None,None
19:38:46.710,sequential,8.4,398.4,189.2,2.5,1087.9,57.9,1600,0.0,0.0,15808,-459,66,discharging,None,None
19:38:47.219,sequential,8.4,414.4,189.2,98.0,1087.9,64.5,2400,0.0,0.0,15798,-469,66,discharging,None,None
19:38:47.722,sequential,8.3,414.4,176.7,22.4,1087.7,59.5,2400,0.0,0.0,15758,-613,66,discharging,None,None
19:38:48.226,sequential,8.3,414.4,176.7,2.0,1087.0,59.0,2400,0.0,0.0,15806,-563,66,discharging,None,None
19:38:48.735,sequential,8.3,414.4,176.7,44.8,1087.0,64.5,2400,0.0,0.0,15809,-418,66,discharging,None,None
19:38:49.239,sequential,8.3,406.6,174.2,74.4,1086.3,61.1,2400,0.0,0.0,15763,-572,66,discharging,None,None
19:38:49.742,sequential,8.3,406.6,174.2,1.5,1086.3,59.5,2400,0.0,0.0,15796,-631,66,discharging,None,None
19:38:50.246,sequential,8.4,406.6,174.2,1.5,1086.3,59.5,2400,0.0,0.0,15807,-478,66,discharging,None,None
19:38:50.755,sequential,8.4,409.2,174.2,91.1,1086.3,63.4,2400,0.0,0.0,15800,-470,66,discharging,None,None
19:38:51.259,sequential,8.3,409.2,174.2,28.4,1086.3,60.6,2400,0.0,0.0,15760,-634,66,discharging,None,None
19:38:51.762,sequential,8.3,409.2,174.2,2.5,1086.5,59.5,2400,0.0,0.0,15805,-583,66,discharging,None,None
19:38:52.267,sequential,8.3,409.2,174.2,39.0,1086.3,62.8,2400,0.0,0.0,15809,-413,66,discharging,None,None
19:38:52.770,sequential,8.3,424.6,169.5,83.2,1086.3,60.0,2400,0.0,0.0,15767,-534,66,discharging,None,None
19:38:53.274,sequential,8.3,424.6,169.5,1.5,1087.0,60.6,2400,0.0,0.0,15795,-618,66,discharging,None,None
19:38:53.777,sequential,8.3,424.6,169.5,1.5,1087.0,59.0,2400,0.0,0.0,15807,-419,66,discharging,None,None
19:38:54.289,sequential,8.3,396.5,169.5,82.8,1086.7,62.2,2400,0.0,0.0,15766,-546,66,discharging,None,None
19:38:54.793,sequential,8.3,396.5,180.2,35.2,1086.5,60.0,2400,0.0,0.0,15796,-631,66,discharging,None,None
19:38:55.296,sequential,8.3,396.5,180.2,1.5,1086.3,60.0,2400,0.0,0.0,15806,-503,66,discharging,None,None
19:38:55.804,sequential,8.3,396.5,180.2,32.8,1086.3,63.4,2400,0.0,0.0,15808,-443,66,discharging,None,None
19:38:56.308,sequential,8.3,581.5,180.2,83.6,1087.4,63.4,2400,0.0,0.0,15763,-590,66,discharging,None,None
19:38:56.812,sequential,8.3,581.5,167.6,21.2,1087.5,60.0,2400,0.0,0.0,15794,-627,66,discharging,None,None
19:38:57.315,sequential,7.6,581.5,167.6,2.0,1087.5,59.0,1500,0.0,0.0,15806,-478,66,discharging,None,None
19:38:57.823,sequential,7.6,581.5,167.6,45.2,1087.5,63.4,2400,0.0,0.0,15807,-428,66,discharging,None,None
19:38:58.326,sequential,7.6,426.3,176.0,78.0,1087.2,61.1,2400,0.0,0.0,15761,-603,66,discharging,None,None
19:38:58.830,sequential,8.4,426.3,176.0,1.5,1086.5,60.0,2400,0.0,0.0,15804,-592,66,discharging,None,None
19:38:59.334,sequential,8.4,426.3,176.0,2.0,1086.5,60.0,2400,0.0,0.0,15807,-419,66,discharging,None,None
19:38:59.841,sequential,8.3,397.4,176.0,87.2,1086.5,63.9,2400,0.0,0.0,15767,-547,66,discharging,None,None
19:39:00.344,sequential,8.3,397.4,184.9,32.2,1086.5,60.0,2400,0.0,0.0,15794,-632,66,discharging,None,None
19:39:00.848,sequential,8.3,397.4,184.9,1.5,1086.3,59.0,2400,0.0,0.0,15806,-503,66,discharging,None,None
19:39:01.353,sequential,8.4,397.4,184.9,35.0,1087.0,63.4,2400,0.0,0.0,15807,-442,66,discharging,None,None
19:39:01.857,sequential,8.4,409.5,183.5,85.6,1086.8,62.2,2400,0.0,0.0,15759,-626,66,discharging,None,None
19:39:02.360,sequential,8.3,409.5,183.5,2.0,1087.0,59.5,2400,0.0,0.0,15801,-611,66,discharging,None,None
19:39:02.864,sequential,8.3,409.5,183.5,2.0,1087.0,59.0,1800,0.0,0.0,15806,-426,66,discharging,None,None
19:39:03.373,sequential,8.3,409.5,183.5,78.7,1087.0,63.4,2400,0.0,0.0,15776,-500,66,discharging,None,None
19:39:03.877,sequential,8.3,411.8,176.7,41.8,1085.8,60.0,2400,0.0,0.0,15784,-612,66,discharging,None,None
19:39:04.380,sequential,8.3,411.8,176.7,2.5,1085.8,59.5,2400,0.0,0.0,15804,-530,66,discharging,None,None
19:39:04.888,sequential,8.3,411.8,176.7,25.4,1086.2,62.2,2400,0.0,0.0,15807,-423,66,discharging,None,None
19:39:05.392,sequential,8.3,402.7,186.3,95.5,1086.9,62.8,2400,0.0,0.0,15757,-604,66,discharging,None,None
19:39:05.895,sequential,8.3,402.7,186.3,1.5,1086.9,59.5,2400,0.0,0.0,15795,-631,66,discharging,None,None
19:39:06.399,sequential,8.3,402.7,186.3,2.0,1087.6,60.0,2400,0.0,0.0,15806,-449,66,discharging,None,None
19:39:06.908,sequential,8.3,402.7,186.3,70.0,1087.6,64.5,2400,0.0,0.0,15772,-504,66,discharging,None,None
19:39:07.412,sequential,8.3,400.9,181.5,50.2,1087.2,60.0,2400,0.0,0.0,15764,-632,66,discharging,None,None
19:39:07.915,sequential,8.3,400.9,181.5,1.5,1086.7,60.0,2400,0.0,0.0,15804,-548,66,discharging,None,None
19:39:08.427,sequential,8.4,400.9,181.5,27.4,1086.7,61.7,2400,0.0,0.0,15803,-426,66,discharging,None,None
19:39:08.931,sequential,8.4,402.0,175.3,98.5,1086.7,64.5,2400,0.0,0.0,15757,-593,66,discharging,None,None
19:39:09.435,sequential,7.9,402.0,175.3,3.0,1086.2,60.0,2400,0.0,0.0,15792,-632,66,discharging,None,None
19:39:09.938,sequential,7.9,402.0,175.3,2.5,1086.0,59.5,2400,0.0,0.0,15804,-464,66,discharging,None,None
19:39:10.447,sequential,7.9,402.0,175.3,66.2,1086.0,64.5,2400,0.0,0.0,15785,-487,66,discharging,None,None
19:39:10.950,sequential,8.3,400.1,184.5,54.7,1085.8,60.0,2400,0.0,0.0,15754,-634,66,discharging,None,None
19:39:11.454,sequential,8.3,400.1,184.5,2.5,1085.8,60.0,2400,0.0,0.0,15801,-566,66,discharging,None,None
19:39:11.963,sequential,8.4,400.1,184.5,12.6,1085.6,61.1,2400,0.0,0.0,15805,-419,66,discharging,None,None
19:39:12.467,sequential,8.4,402.7,184.5,99.0,1085.6,64.5,2400,0.0,0.0,15759,-571,66,discharging,None,None
19:39:12.970,sequential,8.3,402.7,189.9,10.4,1085.6,60.0,2400,0.0,0.0,15791,-634,66,discharging,None,None
19:39:13.474,sequential,8.3,402.7,189.9,2.5,1085.6,58.4,1500,0.0,0.0,15804,-478,66,discharging,None,None
19:39:13.984,sequential,8.3,402.7,189.9,58.0,1085.6,63.4,2400,0.0,0.0,15806,-433,66,discharging,None,None
19:39:14.487,sequential,8.3,408.3,181.6,63.2,1085.6,60.6,2400,0.0,0.0,15758,-607,66,discharging,None,None
19:39:14.991,sequential,8.3,408.3,181.6,2.5,1085.8,60.0,2400,0.0,0.0,15801,-589,66,discharging,None,None
19:39:15.503,sequential,8.4,408.3,181.6,5.9,1085.8,59.5,2400,0.0,0.0,15804,-418,66,discharging,None,None
19:39:16.011,sequential,8.4,398.4,181.6,100.0,1085.8,65.0,2400,0.0,0.0,15764,-553,66,discharging,None,None
19:39:16.514,sequential,8.4,398.4,176.2,16.2,1086.2,59.5,2400,0.0,0.0,15791,-634,66,discharging,None,None
19:39:17.018,sequential,8.3,398.4,176.2,2.5,1086.5,59.0,2400,0.0,0.0,15803,-499,66,discharging,None,None
19:39:17.527,sequential,8.3,398.4,176.2,53.2,1086.5,63.9,2400,0.0,0.0,15804,-447,66,discharging,None,None
19:39:18.031,sequential,8.3,411.2,174.0,67.5,1086.7,61.7,2400,0.0,0.0,15759,-630,66,discharging,None,None
19:39:18.534,sequential,8.3,411.2,174.0,3.0,1086.7,59.0,2400,0.0,0.0,15799,-606,66,discharging,None,None
19:39:19.038,sequential,8.4,411.2,174.0,2.5,1086.0,59.0,1600,0.0,0.0,15804,-420,66,discharging,None,None
19:39:19.544,sequential,8.4,421.4,174.0,98.5,1086.0,63.9,2400,0.0,0.0,15772,-505,66,discharging,None,None
19:39:20.048,sequential,8.4,421.4,179.4,25.7,1086.2,60.0,2400,0.0,0.0,15781,-615,66,discharging,None,None
19:39:20.551,sequential,8.4,421.4,179.4,10.9,1086.7,59.5,2400,0.0,0.0,15797,-538,66,discharging,None,None
19:39:21.059,sequential,8.4,421.4,179.4,42.8,1086.7,63.9,2400,0.0,0.0,15804,-438,66,discharging,None,None
19:39:21.562,sequential,7.9,398.1,175.9,76.4,1087.2,61.1,2400,0.0,0.0,15753,-609,66,discharging,None,None
19:39:22.066,sequential,7.9,398.1,175.9,2.5,1086.7,59.5,2400,0.0,0.0,15795,-623,66,discharging,None,None
19:39:22.569,sequential,7.9,398.1,175.9,2.5,1086.7,59.0,2400,0.0,0.0,15802,-441,66,discharging,None,None
19:39:23.076,sequential,8.3,407.0,175.9,89.2,1086.7,63.9,2400,0.0,0.0,15768,-513,66,discharging,None,None
19:39:23.580,sequential,8.3,407.0,176.0,30.0,1086.5,60.0,2400,0.0,0.0,15766,-634,66,discharging,None,None
19:39:24.084,sequential,8.4,407.0,176.0,3.0,1086.0,59.5,2400,0.0,0.0,15800,-540,66,discharging,None,None
19:39:24.592,sequential,8.4,407.0,176.0,38.2,1086.0,63.4,2400,0.0,0.0,15806,-410,66,discharging,None,None
19:39:25.095,sequential,8.3,425.5,173.0,85.1,1086.0,61.7,2400,0.0,0.0,15758,-570,66,discharging,None,None
19:39:25.599,sequential,8.3,425.5,173.0,2.5,1086.5,59.5,2400,0.0,0.0,15790,-625,66,discharging,None,None
19:39:26.102,sequential,8.3,425.5,173.0,3.0,1087.0,59.5,2400,0.0,0.0,15803,-464,66,discharging,None,None
19:39:26.611,sequential,8.3,397.3,173.0,80.5,1087.0,63.4,2400,0.0,0.0,15784,-487,66,discharging,None,None
19:39:27.114,sequential,8.3,397.3,182.7,39.9,1087.0,60.6,2400,0.0,0.0,15754,-631,66,discharging,None,None
19:39:27.618,sequential,8.4,397.3,182.7,2.5,1087.0,59.0,2400,0.0,0.0,15800,-562,66,discharging,None,None
19:39:28.127,sequential,8.4,397.3,182.7,28.9,1086.5,62.8,2400,0.0,0.0,15802,-419,66,discharging,None,None
19:39:28.631,sequential,8.4,401.9,176.4,89.7,1086.5,62.2,2400,0.0,0.0,15757,-574,66,discharging,None,None
19:39:29.134,sequential,8.3,401.9,176.4,3.0,1085.6,60.0,2400,0.0,0.0,15790,-631,66,discharging,None,None
19:39:29.638,sequential,8.3,401.9,176.4,2.5,1085.6,59.0,1800,0.0,0.0,15801,-475,66,discharging,None,None
19:39:30.147,sequential,8.3,401.9,176.4,75.5,1085.6,63.9,2400,0.0,0.0,15800,-454,66,discharging,None,None
19:39:30.651,sequential,8.3,402.5,189.4,46.1,1085.6,60.0,2400,0.0,0.0,15753,-615,66,discharging,None,None
19:39:31.155,sequential,8.4,402.5,189.4,2.5,1085.6,59.5,2400,0.0,0.0,15799,-581,66,discharging,None,None
19:39:31.663,sequential,8.4,402.5,189.4,22.4,1086.0,62.2,2400,0.0,0.0,15801,-419,66,discharging,None,None
19:39:32.167,sequential,8.4,402.3,176.8,96.6,1086.3,63.9,2400,0.0,0.0,15759,-557,66,discharging,None,None
19:39:32.670,sequential,8.3,402.3,176.8,11.4,1086.7,60.6,2400,0.0,0.0,15784,-642,66,discharging,None,None
19:39:33.174,sequential,8.3,402.3,176.8,2.5,1086.7,59.5,2400,0.0,0.0,15800,-503,66,discharging,None,None
19:39:33.683,sequential,7.9,402.3,176.8,68.2,1086.7,65.5,2400,0.0,0.0,15802,-454,66,discharging,None,None
19:39:34.186,sequential,7.9,398.6,183.0,51.5,1086.5,60.6,2400,0.0,0.0,15754,-631,66,discharging,None,None
19:39:34.690,sequential,7.9,398.6,183.0,2.5,1086.5,59.5,2400,0.0,0.0,15796,-597,66,discharging,None,None
19:39:35.199,sequential,8.4,398.6,183.0,17.8,1086.0,59.5,1800,0.0,0.0,15802,-415,66,discharging,None,None
19:39:35.704,sequential,8.4,411.5,183.0,100.0,1086.0,63.9,2400,0.0,0.0,15766,-511,66,discharging,None,None
19:39:36.207,sequential,8.3,411.5,184.6,7.9,1086.5,59.5,2400,0.0,0.0,15786,-611,66,discharging,None,None
19:39:36.711,sequential,8.3,411.5,184.6,2.5,1086.7,59.0,2400,0.0,0.0,15800,-514,66,discharging,None,None
19:39:37.219,sequential,8.3,411.5,184.6,60.9,1087.6,64.5,2400,0.0,0.0,15801,-435,66,discharging,None,None
19:39:37.722,sequential,8.3,399.2,180.7,59.3,1087.6,61.1,2400,0.0,0.0,15752,-619,66,discharging,None,None
19:39:38.226,sequential,8.3,399.2,180.7,2.0,1088.8,59.5,2400,0.0,0.0,15794,-616,66,discharging,None,None
19:39:38.735,sequential,8.3,399.2,180.7,9.0,1088.8,61.1,2400,0.0,0.0,15799,-431,66,discharging,None,None
19:39:39.243,sequential,8.3,399.2,180.7,99.5,1089.0,65.5,2400,0.0,0.0,15762,-519,66,discharging,None,None
19:39:39.747,sequential,8.3,399.2,176.3,10.9,1087.7,61.1,2400,0.0,0.0,15773,-630,66,discharging,None,None
19:39:40.250,sequential,8.3,399.2,176.3,3.0,1087.7,59.0,2400,0.0,0.0,15798,-529,66,discharging,None,None
19:39:40.759,sequential,8.3,399.2,176.3,56.5,1087.7,63.9,2400,0.0,0.0,15804,-412,66,discharging,None,None
19:39:41.262,sequential,8.3,419.0,170.7,64.4,1087.9,60.6,2400,0.0,0.0,15754,-579,66,discharging,None,None
19:39:41.766,sequential,8.3,419.0,170.7,2.5,1087.9,59.5,2400,0.0,0.0,15791,-618,66,discharging,None,None
19:39:42.276,sequential,8.3,419.0,170.7,4.0,1087.6,58.4,2400,0.0,0.0,15800,-450,66,discharging,None,None
19:39:42.781,sequential,8.3,408.6,170.7,99.5,1087.6,64.5,2400,0.0,0.0,15767,-503,66,discharging,None,None
19:39:43.284,sequential,8.3,408.6,175.1,18.4,1087.0,60.6,2400,0.0,0.0,15761,-635,66,discharging,None,None
19:39:43.788,sequential,8.3,408.6,175.1,2.5,1086.5,59.5,2400,0.0,0.0,15796,-550,66,discharging,None,None
19:39:44.297,sequential,8.3,408.6,175.1,50.5,1086.3,64.5,2400,0.0,0.0,15800,-493,66,discharging,None,None
19:39:44.801,sequential,8.3,588.8,175.1,88.6,1086.7,64.5,2400,0.0,0.0,15768,-643,66,discharging,None,None
19:39:45.305,sequential,8.3,588.8,183.7,8.5,1086.7,59.5,2400,0.0,0.0,15793,-594,66,discharging,None,None
19:39:45.808,sequential,7.2,588.8,183.7,3.0,1086.7,59.5,1600,0.0,0.0,15801,-436,66,discharging,None,None
19:39:46.316,sequential,7.2,588.8,183.7,59.9,1086.7,64.5,2400,0.0,0.0,15775,-478,66,discharging,None,None
19:39:46.820,sequential,7.2,423.2,172.7,63.4,1086.8,60.6,2400,0.0,0.0,15758,-616,66,discharging,None,None
19:39:47.324,sequential,8.4,423.2,172.7,2.5,1087.4,59.5,2400,0.0,0.0,15796,-549,66,discharging,None,None
19:39:47.832,sequential,8.4,423.2,172.7,4.5,1087.4,60.0,2400,0.0,0.0,15798,-419,66,discharging,None,None
19:39:48.336,sequential,8.3,401.9,172.7,100.0,1087.4,63.9,2400,0.0,0.0,15748,-587,66,discharging,None,None
19:39:48.840,sequential,8.3,401.9,173.5,16.3,1087.0,60.0,2400,0.0,0.0,15786,-632,66,discharging,None,None
19:39:49.343,sequential,8.4,401.9,173.5,2.5,1087.0,59.0,2400,0.0,0.0,15797,-464,66,discharging,None,None
19:39:49.851,sequential,8.4,401.9,173.5,51.5,1087.0,62.8,2400,0.0,0.0,15780,-489,66,discharging,None,None
19:39:50.354,sequential,8.4,434.8,169.1,70.0,1086.3,62.2,2400,0.0,0.0,15748,-637,66,discharging,None,None
19:39:50.858,sequential,8.3,434.8,169.1,4.9,1086.5,60.0,2400,0.0,0.0,15795,-567,66,discharging,None,None
19:39:51.362,sequential,8.3,434.8,169.1,6.7,1086.5,59.5,1600,0.0,0.0,15801,-412,66,discharging,None,None
19:39:51.875,sequential,8.3,418.1,169.1,93.1,1086.5,63.9,2400,0.0,0.0,15756,-536,66,discharging,None,None
19:39:52.379,sequential,8.3,418.1,178.8,29.1,1086.8,60.0,2400,0.0,0.0,15785,-615,66,discharging,None,None
19:39:52.882,sequential,8.3,418.1,178.8,1.5,1086.8,60.0,2400,0.0,0.0,15797,-490,66,discharging,None,None
19:39:53.395,sequential,8.3,418.1,178.8,40.7,1086.8,62.8,2400,0.0,0.0,15796,-457,66,discharging,None,None
19:39:53.898,sequential,8.3,396.5,185.3,79.1,1086.8,61.1,2400,0.0,0.0,15750,-633,66,discharging,None,None
19:39:54.402,sequential,8.3,396.5,185.3,1.5,1086.8,59.5,2400,0.0,0.0,15793,-595,66,discharging,None,None
19:39:54.905,sequential,8.3,396.5,185.3,2.0,1086.5,60.0,2400,0.0,0.0,15797,-419,66,discharging,None,None
19:39:55.415,sequential,8.3,398.3,185.3,86.5,1086.5,64.5,2400,0.0,0.0,15757,-548,66,discharging,None,None
19:39:55.919,sequential,8.3,398.3,173.3,32.2,1086.5,61.1,2400,0.0,0.0,15786,-631,66,discharging,None,None
19:39:56.423,sequential,8.3,398.3,173.3,1.5,1086.8,59.5,2400,0.0,0.0,15798,-502,66,discharging,None,None
19:39:56.931,sequential,8.4,398.3,173.3,45.5,1086.8,63.4,2400,0.0,0.0,15794,-451,66,discharging,None,None
19:39:57.435,sequential,8.4,401.8,171.5,81.4,1086.3,62.2,2400,0.0,0.0,15749,-636,66,discharging,None,None
19:39:57.938,sequential,7.9,401.8,171.5,1.5,1086.0,60.0,2400,0.0,0.0,15795,-607,66,discharging,None,None
19:39:58.442,sequential,7.9,401.8,171.5,1.5,1086.3,59.5,2400,0.0,0.0,15798,-421,66,discharging,None,None
19:39:58.952,sequential,7.9,399.3,171.5,84.8,1086.3,63.9,2400,0.0,0.0,15756,-537,66,discharging,None,None
19:39:59.456,sequential,8.3,399.3,185.1,34.5,1085.8,60.0,2400,0.0,0.0,15777,-635,66,discharging,None,None
19:39:59.959,sequential,8.3,399.3,185.1,2.0,1086.3,60.0,2400,0.0,0.0,15795,-516,66,discharging,None,None
19:40:00.467,sequential,8.4,399.3,185.1,31.7,1087.0,63.4,2400,0.0,0.0,15797,-433,66,discharging,None,None
19:40:00.971,sequential,8.4,398.8,173.4,85.7,1086.8,61.7,2400,0.0,0.0,15748,-619,66,discharging,None,None
19:40:01.474,sequential,8.3,398.8,173.4,2.0,1086.8,61.1,2400,0.0,0.0,15789,-618,66,discharging,None,None
19:40:01.978,sequential,8.3,398.8,173.4,1.5,1086.3,58.4,1500,0.0,0.0,15799,-422,66,discharging,None,None
19:40:02.490,sequential,8.3,377.8,173.4,79.3,1086.3,63.9,2400,0.0,0.0,15771,-482,66,discharging,None,None
19:40:02.994,sequential,8.3,377.8,165.8,30.5,1085.8,59.5,2400,0.0,0.0,15779,-589,66,discharging,None,None
19:40:03.497,sequential,8.3,377.8,165.8,0.0,1086.3,60.0,2400,0.0,0.0,15797,-512,66,discharging,None,None
19:40:04.004,sequential,8.3,377.8,165.8,35.6,1086.3,62.8,2400,0.0,0.0,15798,-425,66,discharging,None,None
19:40:04.507,sequential,8.3,365.2,164.3,72.1,1086.3,61.1,2400,0.0,0.0,15748,-612,66,discharging,None,None
19:40:05.011,sequential,8.3,365.2,164.3,0.0,1086.0,59.0,2400,0.0,0.0,15794,-598,66,discharging,None,None
19:40:05.514,sequential,8.3,365.2,164.3,0.0,1086.0,59.5,2400,0.0,0.0,15798,-410,66,discharging,None,None
19:40:06.023,sequential,8.3,367.7,164.3,92.0,1086.0,65.0,2400,0.0,0.0,15754,-538,66,discharging,None,None
19:40:06.526,sequential,8.3,367.7,163.6,16.7,1086.5,59.5,2400,0.0,0.0,15784,-614,66,discharging,None,None
19:40:07.030,sequential,8.3,367.7,163.6,0.0,1086.5,59.5,2400,0.0,0.0,15796,-486,66,discharging,None,None
19:40:07.539,sequential,8.3,367.7,163.6,49.0,1087.0,63.4,2400,0.0,0.0,15800,-422,66,discharging,None,None
19:40:08.042,sequential,8.3,383.7,164.7,62.3,1087.0,60.6,2400,0.0,0.0,15749,-596,66,discharging,None,None
19:40:08.546,sequential,8.3,383.7,164.7,0.0,1087.0,59.5,2400,0.0,0.0,15793,-584,66,discharging,None,None
19:40:09.055,sequential,8.3,383.7,164.7,2.0,1086.1,60.0,2400,0.0,0.0,15797,-410,66,discharging,None,None
19:40:09.563,sequential,8.3,366.7,164.7,100.0,1086.1,63.9,2400,0.0,0.0,15753,-551,66,discharging,None,None
19:40:10.067,sequential,8.3,366.7,167.1,5.9,1085.8,60.6,2400,0.0,0.0,15783,-615,66,discharging,None,None
19:40:10.570,sequential,8.3,366.7,167.1,0.0,1085.8,59.0,2400,0.0,0.0,15796,-473,66,discharging,None,None
19:40:11.079,sequential,8.3,366.7,167.1,60.2,1085.8,64.5,2400,0.0,0.0,15789,-460,66,discharging,None,None
19:40:11.582,sequential,8.3,368.3,161.9,47.5,1086.6,60.6,2400,0.0,0.0,15746,-614,66,discharging,None,None
19:40:12.086,sequential,8.3,368.3,161.9,0.0,1087.9,60.0,2400,0.0,0.0,15793,-563,66,discharging,None,None
19:40:12.599,sequential,8.3,368.3,161.9,16.5,1087.9,60.0,1800,0.0,0.0,15796,-409,66,discharging,None,None
19:40:13.102,sequential,8.3,381.2,162.3,91.2,1087.9,63.4,2400,0.0,0.0,15750,-548,66,discharging,None,None
19:40:13.606,sequential,8.3,381.2,162.3,0.0,1087.9,60.0,2400,0.0,0.0,15783,-599,66,discharging,None,None
19:40:14.109,sequential,8.3,381.2,162.3,0.5,1086.0,59.5,2400,0.0,0.0,15795,-459,66,discharging,None,None
19:40:14.616,sequential,8.3,363.8,162.3,73.4,1086.0,63.4,2400,0.0,0.0,15776,-479,66,discharging,None,None
19:40:15.120,sequential,8.3,363.8,165.8,34.8,1087.2,59.5,2400,0.0,0.0,15756,-613,66,discharging,None,None
19:40:15.623,sequential,8.3,363.8,165.8,0.0,1087.2,59.5,2400,0.0,0.0,15793,-543,66,discharging,None,None
19:40:16.131,sequential,8.3,363.8,165.8,30.0,1087.2,61.1,2400,0.0,0.0,15797,-409,66,discharging,None,None
19:40:16.634,sequential,8.3,367.3,167.5,77.9,1088.3,61.7,2400,0.0,0.0,15747,-586,66,discharging,None,None
19:40:17.138,sequential,8.3,367.3,167.5,0.0,1087.9,59.5,2400,0.0,0.0,15787,-615,66,discharging,None,None
19:40:17.641,sequential,8.3,367.3,167.5,0.0,1087.9,58.4,1800,0.0,0.0,15796,-437,66,discharging,None,None
19:40:18.148,sequential,8.3,378.7,167.5,86.1,1087.9,63.9,2400,0.0,0.0,15776,-479,66,discharging,None,None
19:40:18.651,sequential,8.3,378.7,167.8,24.5,1087.7,60.0,2400,0.0,0.0,15764,-597,66,discharging,None,None
19:40:19.155,sequential,8.3,378.7,167.8,0.0,1086.7,59.5,2400,0.0,0.0,15794,-527,66,discharging,None,None
19:40:19.663,sequential,8.3,378.7,167.8,40.0,1086.7,63.4,2400,0.0,0.0,15796,-412,66,discharging,None,None
19:40:20.167,sequential,8.3,368.9,163.8,68.3,1086.7,60.6,2400,0.0,0.0,15744,-600,66,discharging,None,None
19:40:20.670,sequential,8.3,368.9,163.8,0.0,1086.7,59.5,2400,0.0,0.0,15789,-611,66,discharging,None,None
19:40:21.173,sequential,8.3,368.9,163.8,0.0,1086.5,59.0,2400,0.0,0.0,15794,-422,66,discharging,None,None
19:40:21.680,sequential,8.3,363.5,163.8,96.1,1086.5,63.9,2400,0.0,0.0,15754,-517,66,discharging,None,None
19:40:22.183,sequential,8.3,363.5,160.0,9.5,1086.2,59.5,2400,0.0,0.0,15781,-612,66,discharging,None,None
19:40:22.687,sequential,8.3,363.5,160.0,0.0,1086.2,59.5,2400,0.0,0.0,15794,-504,66,discharging,None,None
19:40:23.195,sequential,8.3,363.5,160.0,54.3,1086.2,63.4,2400,0.0,0.0,15796,-421,66,discharging,None,None
19:40:23.699,sequential,8.3,379.4,165.9,56.2,1086.2,60.6,2400,0.0,0.0,15748,-597,66,discharging,None,None
19:40:24.202,sequential,8.3,379.4,165.9,0.0,1086.2,59.0,2400,0.0,0.0,15791,-587,66,discharging,None,None
19:40:24.711,sequential,8.3,379.4,165.9,9.0,1086.5,60.6,2400,0.0,0.0,15795,-410,66,discharging,None,None
19:40:25.215,sequential,8.3,369.6,164.3,98.5,1086.5,63.9,2400,0.0,0.0,15751,-539,66,discharging,None,None
19:40:25.718,sequential,8.3,369.6,164.3,0.5,1086.7,60.0,2400,0.0,0.0,15782,-614,66,discharging,None,None
19:40:26.222,sequential,8.3,369.6,164.3,0.0,1087.2,59.0,2400,0.0,0.0,15793,-485,66,discharging,None,None
19:40:26.728,sequential,8.3,369.6,164.3,65.8,1087.2,63.4,2400,0.0,0.0,15794,-447,66,discharging,None,None
19:40:27.231,sequential,8.3,362.7,166.4,41.5,1087.2,60.6,2400,0.0,0.0,15744,-612,66,discharging,None,None
19:40:27.735,sequential,8.3,362.7,166.4,0.0,1087.2,59.5,2400,0.0,0.0,15790,-575,66,discharging,None,None
19:40:28.243,sequential,8.3,362.7,166.4,22.4,1086.7,61.1,2400,0.0,0.0,15793,-409,66,discharging,None,None
19:40:28.746,sequential,8.3,373.1,159.2,85.3,1086.7,61.7,2400,0.0,0.0,15751,-548,66,discharging,None,None
19:40:29.250,sequential,8.3,373.1,159.2,0.0,1088.3,59.5,2400,0.0,0.0,15781,-606,66,discharging,None,None
19:40:29.753,sequential,8.3,373.1,159.2,0.0,1089.2,59.0,2400,0.0,0.0,15790,-476,66,discharging,None,None
19:40:30.264,sequential,8.3,367.9,159.2,79.4,1089.1,63.4,2400,0.0,0.0,15779,-487,66,discharging,None,None
19:40:30.768,sequential,8.3,367.9,164.6,28.4,1089.1,60.0,2400,0.0,0.0,15743,-630,66,discharging,None,None
19:40:31.271,sequential,8.3,367.9,164.6,0.0,1088.9,59.5,2400,0.0,0.0,15788,-570,66,discharging,None,None
19:40:31.779,sequential,8.3,367.9,164.6,37.0,1092.8,63.4,2400,0.0,0.0,15791,-425,66,discharging,None,None
19:40:32.282,sequential,8.3,367.3,166.2,71.9,1092.1,61.1,2400,0.0,0.0,15743,-582,66,discharging,None,None
19:40:32.786,sequential,8.3,367.3,166.2,0.0,1092.1,59.5,2400,0.0,0.0,15783,-614,66,discharging,None,None
19:40:33.289,sequential,8.3,367.3,166.2,0.0,1091.9,59.5,1800,0.0,0.0,15792,-448,66,discharging,None,None
19:40:33.796,sequential,8.3,377.0,166.2,92.6,1091.9,64.5,2400,0.0,0.0,15777,-471,66,discharging,None,None
19:40:34.300,sequential,8.3,377.0,162.9,16.5,1090.3,60.0,2400,0.0,0.0,15757,-596,66,discharging,None,None
19:40:34.803,sequential,8.3,377.0,162.9,0.0,1090.3,59.0,2400,0.0,0.0,15790,-536,66,discharging,None,None
19:40:35.311,sequential,8.3,377.0,162.9,47.5,1089.9,63.4,2400,0.0,0.0,15792,-409,66,discharging,None,None
19:40:35.815,sequential,8.3,368.2,158.6,59.1,1089.6,61.1,2400,0.0,0.0,15743,-594,66,discharging,None,None
19:40:36.319,sequential,8.3,368.2,158.6,0.5,1090.9,59.0,2400,0.0,0.0,15785,-612,66,discharging,None,None
19:40:36.827,sequential,8.3,368.2,158.6,5.5,1091.7,59.5,2400,0.0,0.0,15793,-427,66,discharging,None,None
19:40:37.331,sequential,8.3,373.1,157.3,99.0,1092.8,64.5,2400,0.0,0.0,15756,-512,66,discharging,None,None
19:40:37.834,sequential,8.3,373.1,157.3,2.0,1091.8,59.5,2400,0.0,0.0,15775,-613,66,discharging,None,None
19:40:38.338,sequential,8.3,373.1,157.3,0.0,1092.2,59.0,2400,0.0,0.0,15791,-511,66,discharging,None,None
19:40:38.847,sequential,8.3,373.1,157.3,62.2,1092.1,65.0,2400,0.0,0.0,15794,-413,66,discharging,None,None
19:40:39.350,sequential,8.3,385.1,167.4,49.0,1091.1,61.1,2400,0.0,0.0,15745,-592,66,discharging,None,None
19:40:39.854,sequential,8.3,385.1,167.4,0.0,1089.9,59.5,2400,0.0,0.0,15788,-594,66,discharging,None,None
19:40:40.363,sequential,8.3,385.1,167.4,15.9,1089.9,61.7,2400,0.0,0.0,15792,-415,66,discharging,None,None
19:40:40.866,sequential,8.3,364.9,162.1,91.1,1089.5,62.2,2400,0.0,0.0,15750,-529,66,discharging,None,None
19:40:41.370,sequential,8.3,364.9,162.1,0.0,1089.5,59.5,2400,0.0,0.0,15779,-613,66,discharging,None,None
19:40:41.873,sequential,8.3,364.9,162.1,0.0,1089.5,59.0,2400,0.0,0.0,15790,-494,66,discharging,None,None
19:40:42.383,sequential,8.3,365.5,162.1,74.0,1089.5,63.4,2400,0.0,0.0,15792,-439,66,discharging,None,None
19:40:42.887,sequential,8.3,365.5,162.9,33.0,1089.0,59.5,2400,0.0,0.0,15745,-613,66,discharging,None,None
19:40:43.390,sequential,8.3,365.5,162.9,0.0,1089.0,60.0,2400,0.0,0.0,15788,-583,66,discharging,None,None
19:40:43.899,sequential,8.3,365.5,162.9,31.8,1090.5,61.7,2400,0.0,0.0,15792,-410,66,discharging,None,None
19:40:44.403,sequential,8.3,388.5,167.5,79.8,1091.1,61.7,2400,0.0,0.0,15751,-531,66,discharging,None,None
19:40:44.906,sequential,8.3,388.5,167.5,0.0,1091.1,60.0,2400,0.0,0.0,15779,-599,66,discharging,None,None
19:40:45.409,sequential,8.3,388.5,167.5,0.0,1091.3,59.0,2400,0.0,0.0,15790,-479,66,discharging,None,None
19:40:45.916,sequential,8.3,368.3,167.5,84.2,1092.3,63.4,2400,0.0,0.0,15789,-452,66,discharging,None,None
19:40:46.420,sequential,8.3,368.3,162.8,24.4,1091.9,59.5,2400,0.0,0.0,15741,-613,66,discharging,None,None
19:40:46.923,sequential,8.3,368.3,162.8,0.5,1092.4,59.5,2400,0.0,0.0,15787,-572,66,discharging,None,None
19:40:47.430,sequential,8.3,368.3,162.8,42.3,1092.4,63.9,2400,0.0,0.0,15789,-413,66,discharging,None,None
19:40:47.934,sequential,13.5,396.3,175.1,76.4,1091.7,61.1,2400,0.0,0.0,15745,-566,66,discharging,None,None
19:40:48.438,sequential,13.5,396.3,175.1,2.5,1091.9,59.5,2400,0.0,0.0,15776,-631,66,discharging,None,None
19:40:48.941,sequential,8.4,396.3,175.1,2.5,1089.5,59.0,1800,0.0,0.0,15789,-482,66,discharging,None,None
19:40:49.452,sequential,8.4,422.9,175.1,89.3,1089.5,63.9,2400,0.0,0.0,15790,-442,66,discharging,None,None
19:40:49.955,sequential,8.4,422.9,172.3,32.0,1088.8,60.0,2400,0.0,0.0,15741,-617,66,discharging,None,None
19:40:50.459,sequential,8.3,422.9,172.3,3.0,1088.8,59.0,2400,0.0,0.0,15786,-594,66,discharging,None,None
19:40:50.967,sequential,8.3,422.9,172.3,35.3,1088.8,62.2,2400,0.0,0.0,15790,-419,66,discharging,None,None
19:40:51.471,sequential,8.2,412.4,173.9,84.8,1088.8,61.7,2400,0.0,0.0,15748,-551,66,discharging,None,None
19:40:51.974,sequential,8.2,412.4,173.9,2.5,1089.3,59.5,2400,0.0,0.0,15776,-635,66,discharging,None,None
19:40:52.478,sequential,8.4,412.4,173.9,2.5,1090.0,59.5,2400,0.0,0.0,15788,-503,66,discharging,None,None
19:40:52.988,sequential,8.4,401.6,173.9,80.6,1090.7,63.9,2400,0.0,0.0,15788,-444,66,discharging,None,None
19:40:53.491,sequential,8.4,401.6,175.7,38.5,1089.9,60.0,2400,0.0,0.0,15742,-628,66,discharging,None,None
19:40:53.995,sequential,8.3,401.6,175.7,10.6,1089.3,59.5,2400,0.0,0.0,15785,-615,66,discharging,None,None
19:40:54.504,sequential,8.3,401.6,175.7,31.7,1089.3,62.2,2400,0.0,0.0,15787,-433,66,discharging,None,None
19:40:55.008,sequential,7.9,419.5,173.0,91.5,1088.4,62.2,2400,0.0,0.0,15754,-599,66,discharging,None,None
19:40:55.511,sequential,7.9,419.5,173.0,3.0,1088.4,58.4,2400,0.0,0.0,15782,-613,66,discharging,None,None
19:40:56.015,sequential,7.9,419.5,173.0,2.0,1089.1,59.0,2400,0.0,0.0,15787,-434,66,discharging,None,None
19:40:56.523,sequential,8.4,419.5,173.0,74.1,1090.7,63.9,2400,0.0,0.0,15751,-519,66,discharging,None,None
19:40:57.027,sequential,8.4,410.4,173.0,47.1,1090.3,60.0,2400,0.0,0.0,15754,-634,66,discharging,None,None
19:40:57.530,sequential,8.3,410.4,173.0,2.0,1090.3,59.5,2400,0.0,0.0,15785,-535,66,discharging,None,None
19:40:58.039,sequential,8.3,410.4,173.0,21.9,1089.6,62.2,2400,0.0,0.0,15788,-420,66,discharging,None,None
19:40:58.543,sequential,8.2,409.4,173.1,97.0,1089.6,63.4,2400,0.0,0.0,15739,-603,66,discharging,None,None
19:40:59.047,sequential,8.2,409.4,173.1,3.4,1088.9,59.0,2400,0.0,0.0,15777,-634,66,discharging,None,None
19:40:59.550,sequential,8.2,409.4,173.1,3.5,1088.9,60.0,1900,0.0,0.0,15787,-451,66,discharging,None,None
19:41:00.059,sequential,8.4,409.4,173.1,67.7,1088.9,64.5,2400,0.0,0.0,15771,-473,66,discharging,None,None
19:41:00.562,sequential,8.4,423.2,168.7,55.9,1088.6,61.1,2400,0.0,0.0,15743,-608,66,discharging,None,None
19:41:01.066,sequential,8.4,423.2,168.7,5.8,1088.2,60.0,2400,0.0,0.0,15783,-555,66,discharging,None,None
19:41:01.575,sequential,8.4,423.2,168.7,13.1,1088.5,60.6,2400,0.0,0.0,15787,-420,66,discharging,None,None
19:41:02.080,sequential,8.2,402.8,173.7,100.0,1088.9,64.5,2400,0.0,0.0,15739,-581,66,discharging,None,None
19:41:02.583,sequential,8.2,402.8,173.7,5.0,1088.5,60.6,2400,0.0,0.0,15774,-632,66,discharging,None,None
19:41:03.087,sequential,8.2,402.8,173.7,2.0,1087.9,59.5,2400,0.0,0.0,15786,-470,66,discharging,None,None
19:41:03.595,sequential,8.4,402.8,173.7,61.3,1087.9,63.9,2400,0.0,0.0,15767,-483,66,discharging,None,None
19:41:04.098,sequential,8.4,399.2,186.9,59.8,1087.8,61.7,2400,0.0,0.0,15736,-636,66,discharging,None,None
19:41:04.602,sequential,8.3,399.2,186.9,1.5,1087.8,60.0,2400,0.0,0.0,15784,-571,66,discharging,None,None
19:41:05.111,sequential,8.3,399.2,186.9,8.5,1088.6,59.5,1600,0.0,0.0,15786,-415,66,discharging,None,None
19:41:05.616,sequential,8.3,426.9,186.9,100.0,1088.6,63.9,2400,0.0,0.0,15745,-533,66,discharging,None,None
19:41:06.119,sequential,8.3,426.9,360.7,28.5,1090.5,60.0,2400,0.0,0.0,15768,-626,66,discharging,None,None
19:41:06.623,sequential,8.3,426.9,360.7,1.5,1090.5,59.5,2400,0.0,0.0,15785,-508,66,discharging,None,None
19:41:07.131,sequential,8.0,426.9,360.7,13.6,1089.6,61.1,2400,0.0,0.0,15787,-418,66,discharging,None,None
19:41:07.635,sequential,8.0,406.6,360.7,100.0,1089.6,65.5,2400,0.0,0.0,15742,-575,66,discharging,None,None
19:41:08.139,sequential,8.3,406.6,184.8,8.5,1089.6,60.0,2400,0.0,0.0,15774,-638,66,discharging,None,None
19:41:08.642,sequential,8.3,406.6,184.8,2.0,1089.6,59.0,2400,0.0,0.0,15787,-480,66,discharging,None,None
19:41:09.151,sequential,8.3,406.6,184.8,58.8,1088.1,63.9,2400,0.0,0.0,15778,-470,66,discharging,None,None
19:41:09.655,sequential,8.3,398.5,176.7,59.1,1088.4,60.0,2400,0.0,0.0,15737,-633,66,discharging,None,None
19:41:10.159,sequential,8.3,398.5,176.7,1.5,1089.0,59.5,1900,0.0,0.0,15782,-583,66,discharging,None,None
19:41:10.667,sequential,8.3,398.5,176.7,9.0,1089.0,60.0,1600,0.0,0.0,15790,-404,66,discharging,None,None
19:41:11.171,sequential,8.3,422.8,176.7,100.0,1089.0,65.0,2400,0.0,0.0,15746,-525,66,discharging,None,None
19:41:11.675,sequential,8.3,422.8,179.0,16.9,1089.4,60.0,2400,0.0,0.0,15773,-620,66,discharging,None,None
19:41:12.178,sequential,8.3,422.8,179.0,2.0,1088.5,59.5,2400,0.0,0.0,15784,-499,66,discharging,None,None
19:41:12.687,sequential,8.3,422.8,179.0,51.0,1088.5,63.9,2400,0.0,0.0,15786,-447,66,discharging,None,None
19:41:13.191,sequential,8.3,408.4,176.1,69.1,1087.9,61.1,2400,0.0,0.0,15740,-631,66,discharging,None,None
19:41:13.695,sequential,8.3,408.4,176.1,2.0,1087.9,60.6,2400,0.0,0.0,15782,-608,66,discharging,None,None
19:41:14.198,sequential,8.4,408.4,176.1,1.5,1087.3,59.5,2400,0.0,0.0,15786,-424,66,discharging,None,None
19:41:14.707,sequential,8.4,411.2,176.1,96.5,1087.3,64.5,2400,0.0,0.0,15744,-534,66,discharging,None,None
19:41:15.211,sequential,8.4,411.2,178.0,25.1,1086.8,60.6,2400,0.0,0.0,15763,-636,66,discharging,None,None
19:41:15.714,sequential,8.3,411.2,178.0,1.5,1086.8,59.5,2400,0.0,0.0,15783,-521,66,discharging,None,None
19:41:16.223,sequential,8.3,411.2,178.0,43.5,1087.1,63.9,2400,0.0,0.0,15788,-417,66,discharging,None,None
19:41:16.726,sequential,8.3,425.9,174.9,79.9,1087.4,61.1,2400,0.0,0.0,15737,-588,66,discharging,None,None
19:41:17.230,sequential,8.3,425.9,174.9,1.5,1088.1,60.0,2400,0.0,0.0,15775,-618,66,discharging,None,None
19:41:17.908,sequential,8.4,425.9,174.9,8.2,1088.1,59.5,2400,0.0,0.0,15785,-425,66,discharging,None,None
19:41:18.415,sequential,8.4,405.8,174.9,99.5,1088.1,64.5,2400,0.0,0.0,15740,-576,66,discharging,None,None
19:41:18.919,sequential,8.4,405.8,175.1,20.4,1086.7,61.7,2400,0.0,0.0,15772,-640,66,discharging,None,None
19:41:19.422,sequential,7.9,405.8,175.1,1.5,1086.7,59.5,2400,0.0,0.0,15782,-488,66,discharging,None,None
19:41:19.932,sequential,7.9,405.8,175.1,48.3,1087.4,63.9,2400,0.0,0.0,15782,-460,66,discharging,None,None
19:41:20.435,sequential,8.3,412.3,175.9,73.0,1087.7,61.1,2400,0.0,0.0,15738,-636,66,discharging,None,None
19:41:20.939,sequential,8.3,412.3,175.9,1.5,1088.8,60.0,2400,0.0,0.0,15780,-596,66,discharging,None,None
19:41:21.443,sequential,8.3,412.3,175.9,2.5,1089.0,59.0,1600,0.0,0.0,15785,-413,66,discharging,None,None
19:41:21.951,sequential,8.3,427.4,175.9,92.0,1088.9,64.5,2400,0.0,0.0,15743,-514,66,discharging,None,None
19:41:22.455,sequential,8.3,427.4,175.3,31.5,1088.2,60.6,2400,0.0,0.0,15765,-616,66,discharging,None,None
19:41:22.959,sequential,8.3,427.4,175.3,2.5,1087.5,59.5,2400,0.0,0.0,15781,-515,66,discharging,None,None
19:41:23.467,sequential,8.3,427.4,175.3,36.8,1087.5,62.8,2400,0.0,0.0,15783,-435,66,discharging,None,None
19:41:23.971,sequential,8.3,412.0,170.8,82.8,1087.5,62.2,2400,0.0,0.0,15735,-620,66,discharging,None,None
19:41:24.474,sequential,8.3,412.0,170.8,1.5,1087.7,60.0,2400,0.0,0.0,15778,-619,66,discharging,None,None
19:41:24.978,sequential,8.3,412.0,170.8,2.0,1087.3,59.0,2400,0.0,0.0,15784,-434,66,discharging,None,None
19:41:25.490,sequential,8.4,400.7,170.8,82.8,1087.3,63.4,2400,0.0,0.0,15746,-521,66,discharging,None,None
19:41:25.994,sequential,8.4,400.7,176.2,35.6,1087.0,60.6,2400,0.0,0.0,15752,-634,66,discharging,None,None
19:41:26.497,sequential,8.3,400.7,176.2,2.0,1088.4,59.5,2400,0.0,0.0,15780,-532,66,discharging,None,None
19:41:27.004,sequential,8.3,400.7,176.2,33.3,1088.2,62.8,2400,0.0,0.0,15787,-411,66,discharging,None,None
19:41:27.508,sequential,8.3,414.0,174.9,88.0,1088.2,61.7,2400,0.0,0.0,15736,-581,66,discharging,None,None
19:41:28.011,sequential,8.3,414.0,174.9,3.0,1087.9,59.5,2400,0.0,0.0,15772,-621,66,discharging,None,None
19:41:28.515,sequential,8.3,414.0,174.9,2.5,1087.9,59.5,2400,0.0,0.0,15781,-451,66,discharging,None,None
19:41:29.024,sequential,8.4,414.0,174.9,76.7,1087.9,64.5,2400,0.0,0.0,15753,-504,66,discharging,None,None
19:41:29.528,sequential,8.4,401.4,184.4,43.4,1087.0,60.6,2400,0.0,0.0,15738,-635,66,discharging,None,None
19:41:30.032,sequential,8.3,401.4,184.4,10.9,1087.0,60.6,2400,0.0,0.0,15780,-557,66,discharging,None,None
19:41:30.540,sequential,8.3,401.4,184.4,25.2,1087.0,62.8,2400,0.0,0.0,15781,-431,66,discharging,None,None
19:41:31.043,sequential,8.3,399.2,176.1,93.5,1087.0,62.8,2400,0.0,0.0,15734,-591,66,discharging,None,None
19:41:31.547,sequential,7.9,399.2,176.1,2.5,1087.7,60.0,2400,0.0,0.0,15769,-633,66,discharging,None,None
19:41:32.051,sequential,7.9,399.2,176.1,2.5,1087.5,59.5,1600,0.0,0.0,15780,-467,66,discharging,None,None
19:41:32.559,sequential,8.3,399.2,176.1,70.0,1087.5,65.0,2400,0.0,0.0,15773,-469,66,discharging,None,None
19:41:33.062,sequential,8.3,423.3,175.2,51.5,1087.9,62.2,2400,0.0,0.0,15732,-618,66,discharging,None,None
19:41:33.566,sequential,8.4,423.3,175.2,2.5,1088.2,59.5,2400,0.0,0.0,15778,-570,66,discharging,None,None
19:41:34.076,sequential,8.4,423.3,175.2,17.7,1087.5,61.1,2400,0.0,0.0,15781,-419,66,discharging,None,None
19:41:34.583,sequential,8.4,395.4,180.9,99.5,1087.5,64.5,2400,0.0,0.0,15737,-568,66,discharging,None,None
19:41:35.087,sequential,8.3,395.4,180.9,3.5,1086.8,60.0,2400,0.0,0.0,15766,-634,66,discharging,None,None
19:41:35.590,sequential,8.3,395.4,180.9,2.5,1086.8,60.0,2400,0.0,0.0,15781,-486,66,discharging,None,None
19:41:36.097,sequential,8.3,395.4,180.9,64.8,1087.1,65.0,2400,0.0,0.0,15777,-465,66,discharging,None,None
19:41:36.600,sequential,8.3,399.0,172.9,54.2,1087.5,61.1,2400,0.0,0.0,15735,-632,66,discharging,None,None
19:41:37.104,sequential,8.4,399.0,172.9,2.5,1087.0,60.0,2400,0.0,0.0,15779,-588,66,discharging,None,None
19:41:37.611,sequential,8.4,399.0,172.9,13.5,1087.0,60.6,1600,0.0,0.0,15782,-416,66,discharging,None,None
19:41:38.119,sequential,8.4,426.5,172.9,99.5,1087.2,65.0,2400,0.0,0.0,15741,-532,66,discharging,None,None
19:41:38.623,sequential,8.3,426.5,175.5,12.3,1087.2,60.0,2400,0.0,0.0,15769,-620,66,discharging,None,None
19:41:39.126,sequential,8.3,426.5,175.5,3.0,1086.7,59.5,2400,0.0,0.0,15780,-502,66,discharging,None,None
19:41:39.635,sequential,8.2,426.5,175.5,55.7,1086.7,63.4,2400,0.0,0.0,15781,-443,66,discharging,None,None
19:41:40.139,sequential,8.2,411.7,175.8,63.9,1086.7,62.2,2400,0.0,0.0,15732,-629,66,discharging,None,None
19:41:40.642,sequential,8.2,411.7,175.8,2.5,1086.7,60.0,2400,0.0,0.0,15774,-612,65,discharging,None,None
19:41:41.151,sequential,8.4,411.7,175.8,5.0,1086.5,60.0,2400,0.0,0.0,15781,-426,65,discharging,None,None
19:41:41.656,sequential,8.4,407.4,175.8,100.0,1086.5,64.5,2400,0.0,0.0,15743,-530,65,discharging,None,None
19:41:42.159,sequential,8.3,407.4,172.5,26.1,1087.4,60.6,2400,0.0,0.0,15758,-640,65,discharging,None,None
19:41:42.663,sequential,8.3,407.4,172.5,2.5,1088.4,59.5,1900,0.0,0.0,15777,-537,65,discharging,None,None
19:41:43.171,sequential,7.9,407.4,172.5,51.2,1088.4,64.5,2400,0.0,0.0,15784,-421,65,discharging,None,None
19:41:43.675,sequential,7.9,406.8,174.0,69.0,1088.4,61.7,2400,0.0,0.0,15732,-591,65,discharging,None,None
19:41:44.179,sequential,7.9,406.8,174.0,3.0,1087.6,59.5,2400,0.0,0.0,15774,-618,65,discharging,None,None
19:41:44.682,sequential,8.4,406.8,174.0,2.5,1087.6,59.5,2400,0.0,0.0,15778,-442,65,discharging,None,None
19:41:45.191,sequential,8.4,409.3,174.0,96.5,1087.6,65.0,2400,0.0,0.0,15744,-513,65,discharging,None,None
19:41:45.694,sequential,8.3,409.3,178.3,24.6,1087.2,61.1,2400,0.0,0.0,15740,-635,65,discharging,None,None
19:41:46.198,sequential,8.3,409.3,178.3,2.5,1088.1,60.0,2400,0.0,0.0,15777,-543,65,discharging,None,None
19:41:46.707,sequential,8.3,409.3,178.3,44.1,1088.1,64.5,2400,0.0,0.0,15779,-420,65,discharging,None,None
19:41:47.211,sequential,8.2,416.7,172.6,76.8,1089.0,61.7,2400,0.0,0.0,15731,-593,65,discharging,None,None
19:41:47.714,sequential,8.2,416.7,172.6,3.5,1089.0,60.0,2400,0.0,0.0,15766,-637,65,discharging,None,None
19:41:48.218,sequential,8.4,416.7,172.6,2.5,1089.3,59.5,1600,0.0,0.0,15779,-464,65,discharging,None,None
19:41:48.731,sequential,8.4,423.3,172.6,88.3,1089.3,63.9,2400,0.0,0.0,15771,-467,65,discharging,None,None
19:41:49.234,sequential,8.3,423.3,176.4,33.8,1088.8,60.6,2400,0.0,0.0,15730,-615,65,discharging,None,None
19:41:49.738,sequential,8.3,423.3,176.4,2.5,1090.9,59.5,2400,0.0,0.0,15775,-569,65,discharging,None,None
19:41:50.243,sequential,8.3,423.3,176.4,35.3,1090.0,63.9,2400,0.0,0.0,15779,-421,65,discharging,None,None
19:41:50.747,sequential,8.3,411.0,168.0,85.1,1090.7,62.8,2400,0.0,0.0,15735,-571,65,discharging,None,None
19:41:51.251,sequential,8.3,411.0,168.0,2.5,1091.0,60.0,2400,0.0,0.0,15765,-634,65,discharging,None,None
19:41:51.754,sequential,8.4,411.0,168.0,2.0,1091.0,59.5,2400,0.0,0.0,15777,-483,65,discharging,None,None
19:41:52.260,sequential,8.4,399.6,168.0,80.2,1090.6,63.9,2400,0.0,0.0,15771,-468,65,discharging,None,None
19:41:52.763,sequential,8.3,399.6,173.2,38.9,1090.4,60.0,2400,0.0,0.0,15727,-632,65,discharging,None,None
19:41:53.267,sequential,8.3,399.6,173.2,2.5,1089.4,60.0,2400,0.0,0.0,15775,-585,65,discharging,None,None
19:41:53.775,sequential,8.3,399.6,173.2,30.3,1089.4,62.2,2400,0.0,0.0,15778,-415,65,discharging,None,None
19:41:54.279,sequential,8.3,585.3,173.2,85.7,1089.0,63.9,2400,0.0,0.0,15736,-595,65,discharging,None,None
19:41:54.783,sequential,8.3,585.3,169.0,25.2,1089.0,60.0,2400,0.0,0.0,15733,-617,65,discharging,None,None
19:41:55.287,sequential,7.6,585.3,169.0,3.0,1088.8,59.5,2400,0.0,0.0,15774,-520,65,discharging,None,None
19:41:55.795,sequential,7.6,585.3,169.0,42.1,1088.8,63.9,2400,0.0,0.0,15778,-486,65,discharging,None,None
19:41:56.298,sequential,7.6,398.9,184.5,77.8,1089.6,61.7,2400,0.0,0.0,15732,-579,65,discharging,None,None
19:41:56.802,sequential,8.3,398.9,184.5,2.5,1089.6,59.0,2400,0.0,0.0,15764,-635,65,discharging,None,None
19:41:57.306,sequential,8.3,398.9,184.5,2.5,1089.2,59.0,2400,0.0,0.0,15778,-476,65,discharging,None,None
19:41:57.820,sequential,8.3,395.2,184.5,88.2,1089.2,63.9,2400,0.0,0.0,15766,-732,65,discharging,None,None
19:41:58.323,sequential,8.3,395.2,179.8,30.4,1089.4,59.5,2400,0.0,0.0,15764,-634,65,discharging,None,None
19:41:58.827,sequential,8.3,395.2,179.8,2.5,1088.9,59.5,1600,0.0,0.0,15775,-478,65,discharging,None,None
19:41:59.335,sequential,8.4,395.2,179.8,39.0,1090.7,62.8,2400,0.0,0.0,15781,-433,65,discharging,None,None
19:41:59.839,sequential,8.4,410.3,184.3,83.3,1091.0,62.2,2400,0.0,0.0,15731,-604,65,discharging,None,None
19:42:00.342,sequential,8.3,410.3,184.3,3.0,1091.0,60.0,2400,0.0,0.0,15765,-614,65,discharging,None,None
19:42:00.846,sequential,8.3,410.3,184.3,2.5,1090.4,59.0,2400,0.0,0.0,15775,-490,65,discharging,None,None
19:42:01.362,sequential,8.3,400.0,184.3,82.7,1090.6,63.9,2400,0.0,0.0,15776,-557,65,discharging,None,None
19:42:01.866,sequential,8.3,400.0,171.3,34.8,1089.8,60.6,2400,0.0,0.0,15765,-633,65,discharging,None,None
19:42:02.369,sequential,8.3,400.0,171.3,3.0,1090.5,59.5,2400,0.0,0.0,15776,-497,65,discharging,None,None
19:42:02.876,sequential,8.4,400.0,171.3,34.0,1090.5,62.2,2400,0.0,0.0,15777,-453,65,discharging,None,None
19:42:03.380,sequential,8.4,412.6,171.3,86.6,1090.0,62.8,2400,0.0,0.0,15731,-635,65,discharging,None,None
19:42:03.883,sequential,8.3,412.6,171.3,2.5,1089.6,60.6,2400,0.0,0.0,15774,-604,65,discharging,None,None
19:42:04.387,sequential,8.3,412.6,171.3,2.5,1089.6,59.5,1600,0.0,0.0,15776,-420,65,discharging,None,None
19:42:04.895,sequential,8.3,412.6,171.3,79.1,1090.5,63.9,2400,0.0,0.0,15781,-513,65,discharging,None,None
19:42:05.399,sequential,8.3,422.2,175.9,44.3,1089.8,60.6,2400,0.0,0.0,15756,-616,65,discharging,None,None
19:42:05.902,sequential,8.3,422.2,175.9,2.5,1089.4,59.5,2400,0.0,0.0,15771,-612,65,discharging,None,None
19:42:06.412,sequential,8.4,422.2,175.9,32.8,1092.9,62.2,2400,0.0,0.0,15775,-445,65,discharging,None,None
19:42:06.915,sequential,8.4,397.1,180.9,94.1,1092.7,63.9,2400,0.0,0.0,15727,-630,65,discharging,None,None
19:42:07.419,sequential,7.9,397.1,180.9,2.5,1092.7,60.0,2400,0.0,0.0,15750,-646,65,discharging,None,None
19:42:07.922,sequential,7.9,397.1,180.9,2.5,1091.7,59.5,2400,0.0,0.0,15773,-529,65,discharging,None,None
19:42:08.430,sequential,7.9,397.1,180.9,70.8,1091.7,65.0,2400,0.0,0.0,15776,-519,65,discharging,None,None
19:42:08.934,sequential,8.3,401.8,167.9,47.8,1090.4,61.1,2400,0.0,0.0,15726,-610,65,discharging,None,None
19:42:09.438,sequential,8.3,401.8,167.9,2.5,1090.4,60.0,2400,0.0,0.0,15769,-628,65,discharging,None,None
19:42:09.947,sequential,8.3,401.8,167.9,26.2,1090.4,60.6,2400,0.0,0.0,15776,-413,65,discharging,None,None
19:42:10.454,sequential,8.3,423.4,176.5,99.5,1091.9,63.9,2400,0.0,0.0,15752,-582,65,discharging,None,None
19:42:10.958,sequential,8.3,423.4,176.5,4.5,1092.5,60.0,2400,0.0,0.0,15736,-625,65,discharging,None,None
19:42:11.461,sequential,8.3,423.4,176.5,1.5,1092.5,60.0,2400,0.0,0.0,15773,-546,65,discharging,None,None
19:42:11.968,sequential,8.3,423.4,176.5,64.4,1092.7,65.0,2400,0.0,0.0,15776,-419,65,discharging,None,None
19:42:12.471,sequential,8.3,409.4,176.6,56.3,1091.8,62.8,2400,0.0,0.0,15724,-589,65,discharging,None,None
19:42:12.975,sequential,8.3,409.4,176.6,2.0,1090.9,59.5,2400,0.0,0.0,15761,-636,65,discharging,None,None
19:42:13.483,sequential,8.4,409.4,176.6,11.1,1091.4,61.1,2400,0.0,0.0,15773,-467,65,discharging,None,None
19:42:13.991,sequential,8.4,400.1,176.6,100.0,1091.4,65.0,2400,0.0,0.0,15755,-582,65,discharging,None,None
19:42:14.494,sequential,8.4,400.1,175.4,9.4,1091.0,60.0,2400,0.0,0.0,15725,-634,65,discharging,None,None
19:42:14.998,sequential,8.3,400.1,175.4,1.5,1090.0,59.5,1900,0.0,0.0,15774,-471,65,discharging,None,None
19:42:15.507,sequential,8.3,400.1,175.4,60.0,1090.0,63.9,2400,0.0,0.0,15768,-453,65,discharging,None,None
19:42:16.015,sequential,8.3,412.1,179.8,60.8,1089.0,61.1,2400,0.0,0.0,15726,-610,65,discharging,None,None
19:42:16.519,sequential,8.3,412.1,179.8,1.5,1094.2,60.0,2400,0.0,0.0,15770,-576,65,discharging,None,None
19:42:17.027,sequential,8.4,412.1,179.8,6.5,1093.2,61.7,2400,0.0,0.0,15775,-419,65,discharging,None,None
19:42:17.531,sequential,8.4,399.0,179.8,99.5,1094.8,65.5,2400,0.0,0.0,15730,-566,65,discharging,None,None
19:42:18.034,sequential,8.4,399.0,189.9,16.0,1093.7,59.5,2400,0.0,0.0,15760,-637,65,discharging,None,None
19:42:18.538,sequential,8.3,399.0,189.9,10.5,1093.7,59.5,2400,0.0,0.0,15765,-503,65,discharging,None,None
19:42:19.043,sequential,8.3,399.0,189.9,50.2,1093.3,64.5,2400,0.0,0.0,15770,-470,65,discharging,None,None
19:42:19.547,sequential,7.9,417.9,172.3,71.1,1092.3,61.7,2400,0.0,0.0,15727,-637,65,discharging,None,None
19:42:20.050,sequential,7.9,417.9,172.3,1.5,1091.7,60.6,2400,0.0,0.0,15770,-601,65,discharging,None,None
19:42:20.554,sequential,7.9,417.9,172.3,2.0,1091.7,59.5,1600,0.0,0.0,15774,-420,65,discharging,None,None
19:42:21.063,sequential,8.2,423.4,172.3,95.0,1092.8,63.9,2400,0.0,0.0,15733,-517,65,discharging,None,None
19:42:21.567,sequential,8.2,423.4,176.5,28.6,1092.5,60.0,2400,0.0,0.0,15753,-618,65,discharging,None,None
19:42:22.070,sequential,8.4,423.4,176.5,2.0,1091.5,60.6,2400,0.0,0.0,15772,-518,65,discharging,None,None
19:42:22.579,sequential,8.4,423.4,176.5,38.9,1091.5,62.8,2400,0.0,0.0,15773,-434,65,discharging,None,None
19:42:23.082,sequential,8.3,398.3,175.9,78.4,1091.4,62.2,2400,0.0,0.0,15724,-621,65,discharging,None,None
19:42:23.586,sequential,8.3,398.3,175.9,1.5,1091.4,60.0,2400,0.0,0.0,15767,-619,65,discharging,None,None
19:42:24.089,sequential,8.3,398.3,175.9,2.0,1091.4,59.5,2400,0.0,0.0,15774,-433,65,discharging,None,None
19:42:24.596,sequential,8.2,395.5,175.9,87.7,1091.4,64.5,2400,0.0,0.0,15734,-522,65,discharging,None,None
19:42:25.099,sequential,8.2,395.5,178.7,30.7,1090.5,60.6,2400,0.0,0.0,15749,-634,65,discharging,None,None
19:42:25.603,sequential,8.4,395.5,178.7,1.5,1090.5,60.0,2400,0.0,0.0,15771,-532,65,discharging,None,None
19:42:26.111,sequential,8.4,395.5,178.7,37.0,1089.7,62.8,2400,0.0,0.0,15777,-414,65,discharging,None,None
19:42:26.614,sequential,8.4,411.9,185.3,85.6,1094.4,62.8,2400,0.0,0.0,15726,-584,65,discharging,None,None
19:42:27.118,sequential,8.3,411.9,185.3,2.0,1093.8,60.6,2400,0.0,0.0,15763,-623,65,discharging,None,None
19:42:27.621,sequential,8.3,411.9,185.3,2.0,1093.8,59.5,2400,0.0,0.0,15771,-451,65,discharging,None,None
19:42:28.127,sequential,8.2,399.3,185.3,79.7,1093.2,63.9,2400,0.0,0.0,15741,-505,65,discharging,None,None
19:42:28.631,sequential,8.2,399.3,174.2,38.7,1092.8,60.6,2400,0.0,0.0,15732,-634,65,discharging,None,None
19:42:29.134,sequential,8.4,399.3,174.2,2.0,1091.4,59.5,2400,0.0,0.0,15771,-549,65,discharging,None,None
19:42:29.643,sequential,8.4,399.3,174.2,27.1,1091.4,63.9,2400,0.0,0.0,15773,-420,65,discharging,None,None
19:42:30.146,sequential,8.4,417.1,175.7,93.1,1092.6,62.8,2400,0.0,0.0,15724,-588,65,discharging,None,None
19:42:30.650,sequential,8.3,417.1,175.7,10.9,1093.1,60.6,2400,0.0,0.0,15749,-660,65,discharging,None,None
19:42:31.154,sequential,8.3,417.1,175.7,2.0,1092.4,59.5,1600,0.0,0.0,15769,-500,65,discharging,None,None
19:42:31.663,sequential,7.9,417.1,175.7,72.6,1092.4,65.0,2400,0.0,0.0,15761,-474,65,discharging,None,None
19:42:32.166,sequential,7.9,409.9,183.1,49.3,1091.6,61.1,2400,0.0,0.0,15719,-627,65,discharging,None,None
19:42:32.670,sequential,7.9,409.9,183.1,2.0,1092.4,59.5,2400,0.0,0.0,15766,-589,65,discharging,None,None
19:42:33.179,sequential,8.4,409.9,183.1,18.6,1091.1,62.2,2400,0.0,0.0,15771,-426,65,discharging,None,None
19:42:33.682,sequential,8.4,396.7,189.1,99.5,1091.1,65.0,2400,0.0,0.0,15728,-569,65,discharging,None,None
19:42:34.186,sequential,8.3,396.7,189.1,4.0,1090.5,60.6,2400,0.0,0.0,15757,-637,65,discharging,None,None
19:42:34.689,sequential,8.3,396.7,189.1,2.0,1090.5,59.5,2400,0.0,0.0,15771,-488,65,discharging,None,None
19:42:35.196,sequential,8.3,396.7,189.1,64.5,1089.5,66.1,2400,0.0,0.0,15766,-464,65,discharging,None,None
19:42:35.700,sequential,8.3,399.5,175.9,54.5,1089.5,62.2,2400,0.0,0.0,15726,-634,65,discharging,None,None
19:42:36.203,sequential,8.3,399.5,175.9,2.0,1090.7,60.0,2400,0.0,0.0,15768,-591,65,discharging,None,None
19:42:36.712,sequential,8.4,399.5,175.9,12.9,1090.7,60.0,1600,0.0,0.0,15772,-418,65,discharging,None,None
19:42:37.216,sequential,8.4,427.5,175.9,99.5,1091.1,65.0,2400,0.0,0.0,15731,-529,65,discharging,None,None
19:42:37.720,sequential,8.3,427.5,173.7,12.4,1091.4,60.6,2400,0.0,0.0,15759,-619,65,discharging,None,None
19:42:38.224,sequential,8.3,427.5,173.7,2.5,1091.4,59.5,2400,0.0,0.0,15770,-507,65,discharging,None,None
19:42:38.732,sequential,8.2,427.5,173.7,56.2,1091.4,64.5,2400,0.0,0.0,15771,-442,65,discharging,None,None
19:42:39.236,sequential,8.2,409.7,175.6,64.9,1090.0,61.7,2400,0.0,0.0,15723,-628,65,discharging,None,None
19:42:39.739,sequential,8.2,409.7,175.6,3.0,1090.2,60.0,2400,0.0,0.0,15765,-613,65,discharging,None,None
19:42:40.250,sequential,8.4,409.7,175.6,3.0,1089.3,59.5,2400,0.0,0.0,15770,-428,65,discharging,None,None
19:42:40.763,sequential,8.4,408.3,175.6,100.0,1089.3,65.0,2400,0.0,0.0,15733,-527,65,discharging,None,None
19:42:41.267,sequential,8.3,408.3,176.2,19.0,1089.3,60.6,2400,0.0,0.0,15747,-635,65,discharging,None,None
19:42:41.770,sequential,8.3,408.3,176.2,2.0,1089.5,59.5,2400,0.0,0.0,15768,-529,65,discharging,None,None
19:42:42.279,sequential,8.3,408.3,176.2,50.7,1089.1,63.9,2400,0.0,0.0,15774,-414,65,discharging,None,None
19:42:42.783,sequential,8.3,600.6,176.2,86.7,1089.1,64.5,2400,0.0,0.0,15727,-573,65,discharging,None,None
19:42:43.286,sequential,8.3,600.6,178.0,9.0,1088.8,60.6,2400,0.0,0.0,15763,-648,65,discharging,None,None
19:42:43.790,sequential,7.3,600.6,178.0,2.0,1089.0,59.5,2400,0.0,0.0,15768,-488,65,discharging,None,None
19:42:44.301,sequential,7.3,600.6,178.0,59.8,1088.6,63.9,2400,0.0,0.0,15770,-438,65,discharging,None,None
19:42:44.805,sequential,7.3,398.8,175.8,59.1,1089.0,61.1,2400,0.0,0.0,15721,-623,65,discharging,None,None
19:42:45.308,sequential,8.3,398.8,175.8,2.0,1089.5,60.0,2400,0.0,0.0,15765,-615,65,discharging,None,None
19:42:45.816,sequential,8.3,398.8,175.8,10.3,1090.0,61.7,2400,0.0,0.0,15769,-429,65,discharging,None,None
19:42:46.320,sequential,8.3,400.1,175.8,99.5,1091.5,64.5,2400,0.0,0.0,15731,-526,65,discharging,None,None
19:42:46.823,sequential,8.3,400.1,186.5,14.0,1089.8,60.6,2400,0.0,0.0,15741,-635,65,discharging,None,None
19:42:47.327,sequential,8.4,400.1,186.5,2.5,1089.8,60.0,1600,0.0,0.0,15766,-529,65,discharging,None,None
19:42:47.835,sequential,8.4,400.1,186.5,54.0,1090.0,63.4,2400,0.0,0.0,15775,-405,65,discharging,None,None
19:42:48.338,sequential,8.4,409.3,183.6,68.0,1089.8,61.1,2400,0.0,0.0,15723,-580,65,discharging,None,None
19:42:48.842,sequential,8.3,409.3,183.6,2.5,1090.1,60.6,2400,0.0,0.0,15761,-626,65,discharging,None,None
19:42:49.345,sequential,8.3,409.3,183.6,3.0,1089.3,59.5,2400,0.0,0.0,15769,-450,65,discharging,None,None
19:42:49.852,sequential,8.3,399.3,183.6,97.0,1089.3,64.5,2400,0.0,0.0,15740,-506,65,discharging,None,None
19:42:50.356,sequential,8.3,399.3,190.3,23.4,1088.8,60.6,2400,0.0,0.0,15730,-637,65,discharging,None,None
19:42:50.859,sequential,8.3,399.3,190.3,2.5,1088.1,60.0,2400,0.0,0.0,15767,-551,65,discharging,None,None
19:42:51.368,sequential,8.4,399.3,190.3,43.8,1088.1,64.5,2400,0.0,0.0,15770,-420,65,discharging,None,None
19:42:51.872,sequential,8.4,401.1,176.8,75.6,1088.4,62.2,2400,0.0,0.0,15720,-585,65,discharging,None,None
19:42:52.375,sequential,8.3,401.1,176.8,2.5,1088.4,60.6,2400,0.0,0.0,15756,-636,65,discharging,None,None
19:42:52.879,sequential,8.3,401.1,176.8,2.5,1088.5,59.5,1600,0.0,0.0,15767,-470,65,discharging,None,None
19:42:53.388,sequential,8.3,420.0,176.8,90.2,1088.9,63.9,2400,0.0,0.0,15762,-460,65,discharging,None,None
19:42:53.892,sequential,8.3,420.0,179.6,32.3,1088.1,60.0,2400,0.0,0.0,15719,-617,65,discharging,None,None
19:42:54.395,sequential,8.3,420.0,179.6,3.0,1088.1,59.5,2400,0.0,0.0,15763,-577,65,discharging,None,None
19:42:54.903,sequential,8.4,420.0,179.6,43.5,1088.1,63.4,2400,0.0,0.0,15767,-430,65,discharging,None,None
19:42:55.407,sequential,8.4,402.1,182.9,85.2,1087.8,62.8,2400,0.0,0.0,15723,-579,65,discharging,None,None
19:42:55.911,sequential,7.9,402.1,182.9,3.0,1087.2,60.6,2400,0.0,0.0,15754,-639,65,discharging,None,None
19:42:56.414,sequential,7.9,402.1,182.9,3.0,1088.0,59.5,2400,0.0,0.0,15767,-491,65,discharging,None,None
19:42:56.920,sequential,7.9,400.0,182.9,80.1,1088.0,64.5,2400,0.0,0.0,15766,-463,65,discharging,None,None
19:42:57.424,sequential,8.3,400.0,177.2,38.1,1087.9,60.6,2400,0.0,0.0,15723,-631,65,discharging,None,None
19:42:57.928,sequential,8.3,400.0,177.2,3.0,1088.4,60.0,2400,0.0,0.0,15764,-591,65,discharging,None,None
19:42:58.436,sequential,8.4,400.0,177.2,29.9,1088.4,61.7,2400,0.0,0.0,15767,-417,65,discharging,None,None
19:42:58.939,sequential,8.4,414.0,176.0,92.0,1087.7,62.8,2400,0.0,0.0,15727,-531,65,discharging,None,None
19:42:59.443,sequential,8.3,414.0,176.0,2.5,1087.7,60.6,2400,0.0,0.0,15756,-619,65,discharging,None,None
19:42:59.946,sequential,8.3,414.0,176.0,2.5,1088.4,60.0,2400,0.0,0.0,15766,-505,65,discharging,None,None
19:43:00.455,sequential,8.3,414.0,176.0,72.5,1088.4,65.0,2400,0.0,0.0,15767,-444,65,discharging,None,None
19:43:00.958,sequential,8.3,411.2,171.8,47.3,1088.4,60.6,2400,0.0,0.0,15718,-630,65,discharging,None,None
19:43:01.462,sequential,8.3,411.2,171.8,3.0,1088.4,60.0,2400,0.0,0.0,15761,-612,65,discharging,None,None
19:43:01.971,sequential,8.4,411.2,171.8,21.3,1089.3,62.2,2400,0.0,0.0,15767,-427,65,discharging,None,None
19:43:02.474,sequential,8.4,415.5,174.3,99.0,1089.3,64.5,2400,0.0,0.0,15730,-530,65,discharging,None,None
19:43:02.978,sequential,8.3,415.5,174.3,3.0,1091.5,60.0,2400,0.0,0.0,15742,-637,65,discharging,None,None
19:43:03.482,sequential,8.3,415.5,174.3,3.0,1091.5,59.5,1900,0.0,0.0,15765,-528,65,discharging,None,None
19:43:03.991,sequential,8.3,415.5,174.3,65.7,1091.5,65.0,2400,0.0,0.0,15770,-414,65,discharging,None,None
19:43:04.494,sequential,8.3,425.1,179.9,58.1,1090.8,60.0,2400,0.0,0.0,15720,-583,65,discharging,None,None
19:43:04.998,sequential,8.3,425.1,179.9,2.5,1089.6,59.5,2400,0.0,0.0,15756,-622,65,discharging,None,None
19:43:05.507,sequential,8.3,425.1,179.9,10.4,1090.2,61.1,2400,0.0,0.0,15766,-453,65,discharging,None,None
19:43:06.012,sequential,8.3,403.6,179.9,100.0,1091.0,64.5,2400,0.0,0.0,15734,-503,65,discharging,None,None
19:43:06.515,sequential,8.3,403.6,177.9,11.9,1090.7,60.6,2400,0.0,0.0,15727,-635,65,discharging,None,None
19:43:07.019,sequential,8.3,403.6,177.9,10.9,1090.3,59.5,2400,0.0,0.0,15762,-561,65,discharging,None,None
19:43:07.527,sequential,8.3,403.6,177.9,55.9,1090.3,63.9,2400,0.0,0.0,15766,-508,65,discharging,None,None
19:43:08.031,sequential,7.9,401.1,176.3,63.5,1088.5,61.1,2400,0.0,0.0,15717,-635,65,discharging,None,None
19:43:08.535,sequential,7.9,401.1,176.3,2.5,1088.5,60.0,2400,0.0,0.0,15762,-560,65,discharging,None,None
19:43:09.043,sequential,7.9,401.1,176.3,5.0,1088.2,59.5,1600,0.0,0.0,15767,-414,65,discharging,None,None
19:43:09.551,sequential,8.2,423.1,176.3,99.5,1088.2,64.5,2400,0.0,0.0,15721,-553,65,discharging,None,None
19:43:10.054,sequential,8.2,423.1,175.4,20.7,1088.1,60.0,2400,0.0,0.0,15752,-620,65,discharging,None,None
19:43:10.558,sequential,8.5,423.1,175.4,2.5,1088.1,59.5,2400,0.0,0.0,15763,-480,65,discharging,None,None
19:43:11.062,sequential,8.5,423.1,175.4,48.3,1088.1,63.9,2400,0.0,0.0,15755,-472,65,discharging,None,None
19:43:11.566,sequential,8.3,411.9,179.0,73.8,1087.9,61.7,2400,0.0,0.0,15718,-638,65,discharging,None,None
19:43:12.070,sequential,8.3,411.9,179.0,2.5,1088.1,60.0,2400,0.0,0.0,15761,-588,65,discharging,None,None
19:43:12.574,sequential,8.3,411.9,179.0,2.5,1088.1,59.5,2400,0.0,0.0,15766,-421,65,discharging,None,None
19:43:13.080,sequential,8.2,408.4,179.0,92.1,1088.1,64.5,2400,0.0,0.0,15723,-559,65,discharging,None,None
19:43:13.584,sequential,8.2,408.4,176.0,27.9,1088.1,60.6,2400,0.0,0.0,15753,-637,65,discharging,None,None
19:43:14.088,sequential,8.4,408.4,176.0,3.0,1087.0,60.0,2400,0.0,0.0,15764,-498,65,discharging,None,None
19:43:14.596,sequential,8.4,408.4,176.0,40.4,1087.7,63.4,2400,0.0,0.0,15769,-427,65,discharging,None,None
19:43:15.099,sequential,8.3,415.2,172.8,81.1,1087.7,62.2,2400,0.0,0.0,15718,-612,65,discharging,None,None
19:43:15.603,sequential,8.3,415.2,172.8,2.5,1088.4,60.6,2400,0.0,0.0,15761,-606,65,discharging,None,None
19:43:16.106,sequential,8.3,415.2,172.8,2.5,1088.3,60.0,2400,0.0,0.0,15764,-422,65,discharging,None,None
19:43:16.618,sequential,8.2,398.7,172.8,84.1,1088.3,64.5,2400,0.0,0.0,15724,-539,65,discharging,None,None
19:43:17.122,sequential,8.2,398.7,177.2,34.8,1087.4,60.6,2400,0.0,0.0,15749,-636,65,discharging,None,None
19:43:17.626,sequential,8.4,398.7,177.2,2.5,1087.4,60.6,2400,0.0,0.0,15763,-517,65,discharging,None,None
19:43:18.135,sequential,8.4,398.7,177.2,34.3,1086.7,63.9,2400,0.0,0.0,15764,-437,65,discharging,None,None
19:43:18.638,sequential,8.4,401.8,187.5,85.9,1087.2,62.8,2400,0.0,0.0,15717,-623,65,discharging,None,None
19:43:19.142,sequential,8.3,401.8,187.5,14.0,1087.4,60.6,2400,0.0,0.0,15756,-632,65,discharging,None,None
19:43:19.645,sequential,8.3,401.8,187.5,6.7,1087.4,59.0,1900,0.0,0.0,15765,-446,65,discharging,None,None
19:43:20.152,sequential,7.8,401.8,187.5,78.9,1087.4,63.9,2400,0.0,0.0,15741,-493,65,discharging,None,None
19:43:20.656,sequential,7.8,428.4,177.2,45.5,1087.0,60.6,2400,0.0,0.0,15727,-618,65,discharging,None,None
19:43:21.159,sequential,8.4,428.4,177.2,2.0,1086.5,59.5,2400,0.0,0.0,15762,-545,65,discharging,None,None
19:43:21.667,sequential,8.4,428.4,177.2,21.9,1086.5,62.8,2400,0.0,0.0,15765,-420,65,discharging,None,None
19:43:22.170,sequential,8.4,410.3,165.9,96.5,1086.5,65.0,2400,0.0,0.0,15715,-594,65,discharging,None,None
19:43:22.674,sequential,8.3,410.3,165.9,1.5,1086.5,60.0,2400,0.0,0.0,15752,-634,65,discharging,None,None
19:43:23.178,sequential,8.3,410.3,165.9,2.0,1086.0,59.5,2400,0.0,0.0,15762,-461,65,discharging,None,None
19:43:23.684,sequential,8.3,410.3,165.9,69.0,1086.0,65.5,2400,0.0,0.0,15740,-497,65,discharging,None,None
19:43:24.187,sequential,8.3,397.3,178.2,49.0,1086.2,60.6,2400,0.0,0.0,15713,-634,65,discharging,None,None
19:43:24.691,sequential,8.3,397.3,178.2,2.0,1086.2,59.5,2400,0.0,0.0,15759,-558,65,discharging,None,None
19:43:25.204,sequential,8.4,397.3,178.2,18.0,1086.2,60.6,1600,0.0,0.0,15764,-414,65,discharging,None,None
19:43:25.708,sequential,8.4,416.7,177.8,100.0,1086.2,65.0,2400,0.0,0.0,15718,-555,65,discharging,None,None
19:43:26.211,sequential,8.3,416.7,177.8,5.0,1086.4,59.0,2400,0.0,0.0,15750,-619,65,discharging,None,None
19:43:26.715,sequential,8.3,416.7,177.8,1.5,1086.4,58.4,2400,0.0,0.0,15762,-478,65,discharging,None,None
19:43:27.223,sequential,8.3,416.7,177.8,62.5,1086.7,64.5,2400,0.0,0.0,15752,-476,65,discharging,None,None
19:43:27.727,sequential,8.3,398.1,173.3,55.7,1086.7,61.1,2400,0.0,0.0,15712,-633,65,discharging,None,None
19:43:28.231,sequential,8.3,398.1,173.3,2.0,1087.0,61.1,2400,0.0,0.0,15758,-578,65,discharging,None,None
19:43:28.739,sequential,8.4,398.1,173.3,12.1,1087.0,61.7,2400,0.0,0.0,15762,-422,65,discharging,None,None
19:43:29.243,sequential,8.4,406.1,173.3,99.5,1087.0,65.0,2400,0.0,0.0,15719,-567,65,discharging,None,None
19:43:29.747,sequential,8.3,406.1,174.9,9.0,1086.7,60.0,2400,0.0,0.0,15749,-634,65,discharging,None,None
19:43:30.251,sequential,8.3,406.1,174.9,2.0,1086.5,59.5,1800,0.0,0.0,15761,-488,65,discharging,None,None
19:43:31.060,sequential,8.3,600.7,174.9,68.4,1086.5,62.2,2400,0.0,0.0,15723,-525,65,discharging,None,None
19:43:31.564,sequential,8.3,600.7,171.2,37.5,1086.5,60.6,2400,0.0,0.0,15714,-645,65,discharging,None,None
19:43:32.067,sequential,8.3,600.7,171.2,1.5,1086.3,59.5,2400,0.0,0.0,15759,-537,65,discharging,None,None
19:43:32.575,sequential,7.3,600.7,171.2,28.0,1086.3,63.4,2400,0.0,0.0,15762,-421,65,discharging,None,None
19:43:33.079,sequential,7.3,407.6,170.0,90.6,1086.3,62.2,2400,0.0,0.0,15718,-573,65,discharging,None,None
19:43:33.582,sequential,8.3,407.6,170.0,2.0,1086.3,60.0,2400,0.0,0.0,15749,-635,65,discharging,None,None
19:43:34.086,sequential,8.3,407.6,170.0,1.5,1086.8,59.5,2400,0.0,0.0,15760,-482,65,discharging,None,None
19:43:34.595,sequential,8.3,407.6,170.0,75.1,1086.8,65.0,2400,0.0,0.0,15751,-470,65,discharging,None,None
19:43:35.099,sequential,8.3,401.3,173.9,43.1,1086.8,60.6,2400,0.0,0.0,15710,-633,65,discharging,None,None
19:43:35.603,sequential,8.3,401.3,173.9,2.0,1086.8,59.5,1900,0.0,0.0,15758,-584,65,discharging,None,None
19:43:36.110,sequential,8.4,401.3,173.9,25.1,1086.3,61.1,1900,0.0,0.0,15765,-410,65,discharging,None,None
19:43:36.614,sequential,8.4,413.3,176.6,95.6,1086.3,62.8,2400,0.0,0.0,15719,-528,65,discharging,None,None
19:43:37.117,sequential,8.3,413.3,176.6,2.0,1086.3,61.1,2400,0.0,0.0,15749,-615,65,discharging,None,None
19:43:37.621,sequential,8.3,413.3,176.6,1.5,1086.3,59.5,2400,0.0,0.0,15760,-495,65,discharging,None,None
19:43:38.131,sequential,8.3,413.3,176.6,69.7,1086.5,63.9,2400,0.0,0.0,15761,-455,65,discharging,None,None
19:43:38.635,sequential,8.3,398.7,171.5,48.3,1086.5,61.1,2400,0.0,0.0,15714,-633,65,discharging,None,None
19:43:39.138,sequential,8.3,398.7,171.5,2.0,1087.9,59.5,2400,0.0,0.0,15757,-599,65,discharging,None,None
19:43:39.647,sequential,8.4,398.7,171.5,19.1,1087.9,61.1,2400,0.0,0.0,15761,-421,65,discharging,None,None
19:43:40.150,sequential,8.4,407.8,172.8,98.5,1087.9,65.0,2400,0.0,0.0,15719,-546,65,discharging,None,None
19:43:40.654,sequential,8.3,407.8,172.8,3.0,1087.7,60.6,2400,0.0,0.0,15748,-635,65,discharging,None,None
19:43:41.158,sequential,8.3,407.8,172.8,1.5,1087.7,60.0,1800,0.0,0.0,15759,-510,65,discharging,None,None
19:43:41.667,sequential,8.3,407.8,172.8,65.7,1087.7,63.9,2400,0.0,0.0,15765,-421,65,discharging,None,None
19:43:42.170,sequential,8.3,426.1,170.6,56.4,1086.5,61.1,2400,0.0,0.0,15713,-600,65,discharging,None,None
19:43:42.674,sequential,8.3,426.1,170.6,2.0,1086.5,60.0,2400,0.0,0.0,15755,-612,65,discharging,None,None
19:43:43.184,sequential,8.4,426.1,170.6,20.0,1087.0,61.7,2400,0.0,0.0,15759,-432,65,discharging,None,None
19:43:43.688,sequential,8.4,405.0,170.6,99.5,1087.0,66.1,2400,0.0,0.0,15721,-535,65,discharging,None,None
19:43:44.192,sequential,7.9,405.0,179.2,10.5,1087.2,61.7,2400,0.0,0.0,15730,-646,65,discharging,None,None
19:43:44.695,sequential,7.9,405.0,179.2,2.0,1087.2,60.0,2400,0.0,0.0,15758,-531,65,discharging,None,None
19:43:45.203,sequential,7.9,405.0,179.2,57.7,1086.5,63.9,2400,0.0,0.0,15760,-424,65,discharging,None,None
19:43:45.707,sequential,8.3,394.6,173.5,59.7,1086.5,60.6,2400,0.0,0.0,15711,-606,65,discharging,None,None
19:43:46.210,sequential,8.3,394.6,173.5,3.0,1086.4,59.5,2400,0.0,0.0,15751,-629,65,discharging,None,None
19:43:46.720,sequential,8.4,394.6,173.5,7.1,1087.4,60.0,1600,0.0,0.0,15759,-447,65,discharging,None,None
19:43:47.224,sequential,8.4,407.7,173.5,99.5,1087.4,65.0,2400,0.0,0.0,15738,-575,65,discharging,None,None
19:43:47.728,sequential,8.4,407.7,166.7,9.5,1087.4,60.6,2400,0.0,0.0,15752,-611,65,discharging,None,None
19:43:48.231,sequential,8.4,407.7,166.7,0.0,1088.1,59.5,2400,0.0,0.0,15760,-443,65,discharging,None,None
19:43:48.739,sequential,8.4,407.7,166.7,55.2,1088.1,65.0,2400,0.0,0.0,15729,-500,65,discharging,None,None
19:43:49.243,sequential,8.4,364.5,171.0,53.5,1088.5,61.1,2400,0.0,0.0,15729,-616,65,discharging,None,None
19:43:49.746,sequential,8.4,364.5,171.0,0.0,1089.5,60.0,2400,0.0,0.0,15757,-527,65,discharging,None,None
19:43:50.255,sequential,8.4,364.5,171.0,11.0,1089.5,60.6,2400,0.0,0.0,15760,-414,65,discharging,None,None
19:43:50.758,sequential,8.4,364.2,165.8,96.1,1089.5,63.9,2400,0.0,0.0,15708,-604,65,discharging,None,None
19:43:51.262,sequential,8.4,364.2,165.8,0.5,1089.1,60.0,2400,0.0,0.0,15754,-612,65,discharging,None,None
19:43:51.765,sequential,8.4,364.2,165.8,0.0,1089.1,59.0,2400,0.0,0.0,15761,-422,65,discharging,None,None
19:43:52.272,sequential,8.4,364.2,165.8,68.8,1087.7,64.5,2400,0.0,0.0,15732,-498,65,discharging,None,None
19:43:52.775,sequential,8.4,382.1,160.2,41.8,1087.9,60.0,2400,0.0,0.0,15746,-596,65,discharging,None,None
19:43:53.279,sequential,8.4,382.1,160.2,0.0,1088.4,59.0,2400,0.0,0.0,15760,-510,65,discharging,None,None
19:43:53.787,sequential,8.4,382.1,160.2,23.0,1088.4,62.2,2400,0.0,0.0,15761,-429,65,discharging,None,None
19:43:54.290,sequential,8.4,370.7,160.3,84.8,1089.1,62.2,2400,0.0,0.0,15713,-615,65,discharging,None,None
19:43:54.794,sequential,8.4,370.7,160.3,0.0,1088.5,60.0,2400,0.0,0.0,15756,-597,65,discharging,None,None
19:43:55.297,sequential,8.4,370.7,160.3,0.0,1088.5,59.0,2400,0.0,0.0,15759,-412,65,discharging,None,None
19:43:55.804,sequential,8.4,363.5,160.3,79.8,1088.5,63.9,2400,0.0,0.0,15716,-541,65,discharging,None,None
19:43:56.308,sequential,8.4,363.5,163.4,27.4,1089.0,60.6,2400,0.0,0.0,15746,-615,65,discharging,None,None
19:43:56.812,sequential,8.4,363.5,163.4,0.0,1089.0,59.5,2400,0.0,0.0,15758,-484,65,discharging,None,None
19:43:57.319,sequential,8.4,363.5,163.4,37.9,1088.5,61.7,2400,0.0,0.0,15759,-434,65,discharging,None,None
19:43:57.822,sequential,8.4,388.1,159.5,73.8,1088.0,60.6,2400,0.0,0.0,15710,-594,65,discharging,None,None
19:43:58.326,sequential,8.4,388.1,159.5,0.0,1089.3,59.5,2400,0.0,0.0,15756,-572,65,discharging,None,None
19:43:58.829,sequential,8.4,388.1,159.5,0.0,1088.9,59.5,2400,0.0,0.0,15760,-411,65,discharging,None,None
19:43:59.336,sequential,8.4,363.4,159.5,91.1,1088.9,64.5,2400,0.0,0.0,15716,-556,65,discharging,None,None
19:43:59.840,sequential,8.4,363.4,166.3,16.4,1088.7,59.5,2400,0.0,0.0,15748,-615,65,discharging,None,None
19:44:00.343,sequential,8.4,363.4,166.3,0.0,1088.7,60.0,2400,0.0,0.0,15759,-469,65,discharging,None,None
19:44:00.851,sequential,8.4,363.4,166.3,48.0,1088.7,63.9,2400,0.0,0.0,15749,-468,65,discharging,None,None
19:44:01.355,sequential,8.4,365.3,166.2,60.1,1088.2,60.6,2400,0.0,0.0,15710,-615,65,discharging,None,None
19:44:01.858,sequential,8.4,365.3,166.2,0.0,1088.0,59.5,2400,0.0,0.0,15757,-558,65,discharging,None,None
19:44:02.367,sequential,8.4,365.3,166.2,5.0,1088.0,59.5,1800,0.0,0.0,15758,-411,65,discharging,None,None
19:44:02.870,sequential,8.4,381.1,154.5,100.0,1088.0,64.5,2400,0.0,0.0,15711,-562,65,discharging,None,None
19:44:03.374,sequential,8.4,381.1,154.5,4.0,1087.8,59.5,2400,0.0,0.0,15746,-604,65,discharging,None,None
19:44:03.877,sequential,8.4,381.1,154.5,0.0,1087.8,59.5,2400,0.0,0.0,15756,-292,65,discharging,None,None
19:44:04.384,sequential,8.4,381.1,154.5,61.4,1087.5,65.0,2400,0.0,0.0,15759,-490,65,discharging,None,None
19:44:04.887,sequential,8.4,368.9,164.0,47.5,1087.5,60.6,2400,0.0,0.0,15710,-584,65,discharging,None,None
19:44:05.391,sequential,8.4,368.9,164.0,0.0,1087.5,59.5,2400,0.0,0.0,15749,-616,65,discharging,None,None
19:44:05.899,sequential,8.4,368.9,164.0,17.0,1087.3,61.7,2400,0.0,0.0,15758,-441,65,discharging,None,None
19:44:06.402,sequential,8.4,368.0,163.9,90.7,1087.8,62.8,2400,0.0,0.0,15724,-500,65,discharging,None,None
19:44:06.906,sequential,8.4,368.0,163.9,0.0,1087.5,59.5,2400,0.0,0.0,15732,-615,65,discharging,None,None
19:44:07.409,sequential,8.4,368.0,163.9,0.0,1087.5,59.5,2400,0.0,0.0,15756,-525,65,discharging,None,None
19:44:07.916,sequential,8.4,381.2,163.9,74.4,1087.5,63.9,2400,0.0,0.0,15759,-488,65,discharging,None,None
19:44:08.420,sequential,8.4,381.2,164.6,36.5,1087.5,60.0,2400,0.0,0.0,15734,-597,65,discharging,None,None
19:44:08.923,sequential,8.4,381.2,164.6,0.0,1087.0,59.0,2400,0.0,0.0,15756,-520,65,discharging,None,None
19:44:09.431,sequential,8.4,381.2,164.6,27.9,1087.5,62.2,2400,0.0,0.0,15758,-421,65,discharging,None,None
19:44:09.934,sequential,8.4,369.2,160.6,79.8,1087.2,61.7,2400,0.0,0.0,15708,-610,65,discharging,None,None
19:44:10.438,sequential,8.4,369.2,160.6,0.0,1087.2,59.5,2400,0.0,0.0,15754,-605,65,discharging,None,None
19:44:10.941,sequential,8.4,369.2,160.6,0.0,1087.2,59.0,2400,0.0,0.0,15757,-415,65,discharging,None,None
19:44:11.448,sequential,8.4,366.7,160.6,85.1,1087.2,63.9,2400,0.0,0.0,15715,-531,65,discharging,None,None
19:44:11.952,sequential,8.4,366.7,165.2,22.9,1086.8,60.0,2400,0.0,0.0,15745,-615,65,discharging,None,None
19:44:12.456,sequential,8.4,366.7,165.2,0.0,1086.8,59.0,2400,0.0,0.0,15756,-494,65,discharging,None,None
19:44:12.963,sequential,8.4,366.7,165.2,42.3,1086.8,62.8,2400,0.0,0.0,15759,-421,65,discharging,None,None
19:44:13.466,sequential,8.4,386.3,163.4,69.5,1086.8,60.0,2400,0.0,0.0,15713,-596,65,discharging,None,None
19:44:13.970,sequential,8.4,386.3,163.4,0.0,1087.0,59.0,2400,0.0,0.0,15755,-587,65,discharging,None,None
19:44:14.473,sequential,8.4,386.3,163.4,0.0,1087.0,59.0,2400,0.0,0.0,15757,-411,65,discharging,None,None
19:44:14.980,sequential,8.4,363.8,163.4,94.6,1087.5,63.9,2400,0.0,0.0,15714,-545,65,discharging,None,None
19:44:15.484,sequential,8.4,363.8,167.4,13.4,1087.3,59.5,2400,0.0,0.0,15745,-615,65,discharging,None,None
19:44:15.987,sequential,8.4,363.8,167.4,0.5,1087.2,59.5,2400,0.0,0.0,15756,-479,65,discharging,None,None
19:44:16.495,sequential,8.4,363.8,167.4,51.5,1087.7,63.4,2400,0.0,0.0,15752,-453,65,discharging,None,None
19:44:16.998,sequential,8.4,367.7,162.2,55.9,1087.5,60.6,2400,0.0,0.0,15707,-615,65,discharging,None,None
19:44:17.502,sequential,8.4,367.7,162.2,0.0,1087.5,59.5,2400,0.0,0.0,15753,-572,65,discharging,None,None
19:44:18.015,sequential,8.4,367.7,162.2,9.0,1087.2,60.0,1800,0.0,0.0,15756,-411,65,discharging,None,None
19:44:18.519,sequential,8.4,385.2,163.4,99.5,1087.6,63.9,2400,0.0,0.0,15713,-541,65,discharging,None,None
19:44:19.022,sequential,8.4,385.2,163.4,2.0,1087.5,59.5,2400,0.0,0.0,15744,-597,65,discharging,None,None
19:44:19.526,sequential,8.4,385.2,163.4,0.0,1087.9,59.0,2400,0.0,0.0,15757,-467,65,discharging,None,None
19:44:20.032,sequential,8.4,385.2,163.4,63.9,1088.3,65.0,2400,0.0,0.0,15746,-470,65,discharging,None,None
19:44:20.535,sequential,8.4,372.0,160.9,44.8,1092.3,60.0,2400,0.0,0.0,15708,-614,65,discharging,None,None
19:44:21.039,sequential,8.4,372.0,160.9,0.0,1092.4,59.5,2400,0.0,0.0,15754,-555,65,discharging,None,None
19:44:21.547,sequential,8.4,372.0,160.9,19.8,1092.4,61.7,2400,0.0,0.0,15757,-410,65,discharging,None,None
19:44:22.051,sequential,8.4,366.7,161.5,87.7,1091.5,61.1,2400,0.0,0.0,15706,-577,65,discharging,None,None
19:44:22.554,sequential,8.4,366.7,161.5,0.0,1091.7,59.5,2400,0.0,0.0,15746,-615,65,discharging,None,None
19:44:23.058,sequential,8.4,366.7,161.5,0.0,1091.2,59.0,1800,0.0,0.0,15755,-448,65,discharging,None,None
19:44:23.570,sequential,8.4,382.3,161.5,77.0,1091.2,63.4,2400,0.0,0.0,15743,-471,65,discharging,None,None
19:44:24.074,sequential,8.4,382.3,160.4,33.2,1091.2,60.6,2400,0.0,0.0,15721,-594,65,discharging,None,None
19:44:24.577,sequential,8.4,382.3,160.4,0.0,1091.2,59.5,2400,0.0,0.0,15752,-535,65,discharging,None,None
19:44:25.084,sequential,8.4,382.3,160.4,33.7,1090.5,61.7,2400,0.0,0.0,15756,-410,65,discharging,None,None
19:44:25.588,sequential,8.4,367.3,164.7,75.0,1090.5,61.1,2400,0.0,0.0,15706,-596,65,discharging,None,None
19:44:26.091,sequential,8.4,367.3,164.7,0.0,1089.3,59.5,2400,0.0,0.0,15749,-615,65,discharging,None,None
19:44:26.595,sequential,8.4,367.3,164.7,0.0,1090.0,58.4,2400,0.0,0.0,15755,-430,65,discharging,None,None
19:44:27.103,sequential,8.4,366.6,164.7,89.0,1090.1,64.5,2400,0.0,0.0,15718,-513,65,discharging,None,None
19:44:27.607,sequential,8.4,366.6,162.1,18.7,1090.1,59.0,2400,0.0,0.0,15736,-614,65,discharging,None,None
19:44:28.110,sequential,8.4,366.6,162.1,0.0,1090.4,59.0,2400,0.0,0.0,15755,-512,65,discharging,None,None
19:44:28.620,sequential,8.4,366.6,162.1,47.3,1090.4,63.4,2400,0.0,0.0,15756,-418,65,discharging,None,None
19:44:29.123,sequential,8.4,376.4,172.5,64.2,1090.1,60.0,2400,0.0,0.0,15707,-596,65,discharging,None,None
19:44:29.627,sequential,8.4,376.4,172.5,0.0,1090.1,59.5,2400,0.0,0.0,15751,-593,65,discharging,None,None
19:44:30.138,sequential,8.4,376.4,172.5,2.5,1089.9,59.5,2400,0.0,0.0,15754,-414,65,discharging,None,None
19:44:30.643,sequential,8.4,367.9,172.5,100.0,1089.9,64.5,2400,0.0,0.0,15713,-531,65,discharging,None,None
19:44:31.147,sequential,8.4,367.9,162.9,6.4,1090.1,59.5,2400,0.0,0.0,15742,-615,65,discharging,None,None
19:44:31.650,sequential,8.4,367.9,162.9,0.5,1090.3,59.0,2400,0.0,0.0,15751,-503,65,discharging,None,None
19:44:32.159,sequential,8.4,367.9,162.9,58.7,1090.1,64.5,2400,0.0,0.0,15752,-458,65,discharging,None,None
19:44:32.663,sequential,8.4,404.3,179.8,60.4,1089.9,60.6,2400,0.0,0.0,15706,-643,65,discharging,None,None
19:44:33.167,sequential,11.9,404.3,179.8,2.5,1089.9,59.5,2400,0.0,0.0,15747,-621,65,discharging,None,None
19:44:33.675,sequential,11.9,404.3,179.8,7.1,1091.3,59.5,1800,0.0,0.0,15751,-439,65,discharging,None,None
19:44:34.179,sequential,8.3,411.8,179.8,100.0,1090.8,64.5,2400,0.0,0.0,15722,-522,65,discharging,None,None
19:44:34.683,sequential,8.3,411.8,185.1,16.9,1089.9,60.0,2400,0.0,0.0,15729,-619,65,discharging,None,None
19:44:35.186,sequential,8.4,411.8,185.1,1.5,1089.4,59.5,2400,0.0,0.0,15751,-524,65,discharging,None,None
19:44:35.695,sequential,8.4,411.8,185.1,50.7,1089.4,62.8,2400,0.0,0.0,15753,-428,65,discharging,None,None
19:44:36.198,sequential,8.4,393.8,172.5,66.3,1089.0,60.0,2400,0.0,0.0,15700,-613,65,discharging,None,None
19:44:36.702,sequential,8.3,393.8,172.5,2.0,1089.9,59.0,2400,0.0,0.0,15745,-622,65,discharging,None,None
19:44:37.206,sequential,8.3,393.8,172.5,1.5,1089.7,59.0,2400,0.0,0.0,15751,-437,65,discharging,None,None
19:44:37.719,sequential,8.3,411.4,172.5,99.5,1089.7,64.5,2400,0.0,0.0,15717,-517,65,discharging,None,None
19:44:38.222,sequential,8.3,411.4,179.8,20.5,1089.7,60.0,2400,0.0,0.0,15717,-636,65,discharging,None,None
19:44:38.726,sequential,8.3,411.4,179.8,1.5,1089.7,59.0,2400,0.0,0.0,15750,-539,65,discharging,None,None
19:44:39.235,sequential,8.4,411.4,179.8,47.0,1092.0,63.4,2400,0.0,0.0,15755,-414,65,discharging,None,None
19:44:39.739,sequential,8.4,423.6,179.8,76.2,1092.0,60.6,2400,0.0,0.0,15706,-573,65,discharging,None,None
19:44:40.242,sequential,8.3,423.6,179.8,10.5,1091.0,59.5,2400,0.0,0.0,15741,-625,65,discharging,None,None
19:44:40.746,sequential,8.3,423.6,179.8,2.0,1091.0,59.0,2400,0.0,0.0,15750,-476,65,discharging,None,None
19:44:41.257,sequential,8.3,399.4,179.8,88.7,1090.1,63.9,2400,0.0,0.0,15732,-501,65,discharging,None,None
19:44:41.761,sequential,7.9,399.4,184.0,29.9,1089.7,60.0,2400,0.0,0.0,15702,-634,65,discharging,None,None
19:44:42.264,sequential,7.9,399.4,184.0,2.0,1089.5,59.0,2400,0.0,0.0,15749,-564,65,discharging,None,None
19:44:42.772,sequential,8.4,399.4,184.0,38.1,1089.9,62.8,2400,0.0,0.0,15752,-420,65,discharging,None,None
19:44:43.275,sequential,8.4,403.3,172.9,81.1,1089.6,61.7,2400,0.0,0.0,15705,-575,65,discharging,None,None
19:44:43.780,sequential,8.3,403.3,172.9,2.0,1089.3,59.0,2400,0.0,0.0,15738,-634,65,discharging,None,None
19:44:44.283,sequential,8.3,403.3,172.9,2.5,1089.6,58.4,1600,0.0,0.0,15748,-480,65,discharging,None,None
19:44:44.796,sequential,8.3,418.5,172.9,84.0,1089.3,63.4,2400,0.0,0.0,15749,-453,65,discharging,None,None
19:44:45.300,sequential,8.3,418.5,173.7,36.2,1088.9,60.0,2400,0.0,0.0,15703,-618,65,discharging,None,None
19:44:45.803,sequential,8.3,418.5,173.7,1.5,1088.9,59.5,2400,0.0,0.0,15747,-588,65,discharging,None,None
19:44:46.311,sequential,8.3,418.5,173.7,31.0,1089.5,63.4,2400,0.0,0.0,15751,-420,65,discharging,None,None
19:44:46.814,sequential,8.3,409.1,176.9,89.7,1089.0,62.2,2400,0.0,0.0,15708,-559,65,discharging,None,None
19:44:47.318,sequential,8.3,409.1,176.9,1.5,1089.0,60.0,2400,0.0,0.0,15738,-638,65,discharging,None,None
19:44:47.821,sequential,8.3,409.1,176.9,1.5,1089.1,59.0,2400,0.0,0.0,15750,-498,65,discharging,None,None
19:44:48.329,sequential,8.3,409.1,176.9,76.2,1089.1,64.5,2400,0.0,0.0,15752,-451,65,discharging,None,None
19:44:48.832,sequential,8.3,406.8,170.0,42.5,1088.7,60.0,2400,0.0,0.0,15704,-632,65,discharging,None,None
19:44:49.336,sequential,8.3,406.8,170.0,1.5,1088.7,59.0,2400,0.0,0.0,15746,-602,65,discharging,None,None
19:44:49.844,sequential,8.3,406.8,170.0,25.9,1088.5,61.1,1900,0.0,0.0,15750,-417,65,discharging,None,None
19:44:50.348,sequential,8.3,416.9,174.0,95.5,1088.6,62.8,2400,0.0,0.0,15715,-513,65,discharging,None,None
19:44:50.851,sequential,8.3,416.9,174.0,2.0,1088.4,60.0,2400,0.0,0.0,15732,-614,65,discharging,None,None
19:44:51.355,sequential,8.3,416.9,174.0,2.0,1088.4,59.0,2400,0.0,0.0,15748,-517,65,discharging,None,None
19:44:51.863,sequential,8.3,416.9,174.0,69.3,1088.4,64.5,2400,0.0,0.0,15750,-435,65,discharging,None,None
19:44:52.367,sequential,8.3,396.7,360.3,59.9,1088.2,61.1,2400,0.0,0.0,15701,-621,65,discharging,None,None
19:44:52.871,sequential,8.3,396.7,360.3,2.5,1087.7,59.5,2400,0.0,0.0,15741,-633,65,discharging,None,None
19:44:53.375,sequential,7.9,396.7,360.3,2.0,1087.7,59.5,2400,0.0,0.0,15749,-447,65,discharging,None,None
19:44:53.887,sequential,7.9,396.4,360.3,81.8,1087.7,64.5,2400,0.0,0.0,15750,-455,65,discharging,None,None
19:44:54.390,sequential,7.9,396.4,173.4,35.3,1087.5,60.0,2400,0.0,0.0,15703,-632,65,discharging,None,None
19:44:54.894,sequential,8.3,396.4,173.4,2.0,1087.2,59.5,1900,0.0,0.0,15746,-598,65,discharging,None,None
19:44:55.403,sequential,8.3,396.4,173.4,32.5,1087.2,61.7,2400,0.0,0.0,15752,-412,65,discharging,None,None
19:44:55.907,sequential,8.3,417.7,175.5,89.1,1087.0,61.1,2400,0.0,0.0,15710,-519,65,discharging,None,None
19:44:56.410,sequential,8.3,417.7,175.5,2.5,1088.0,59.5,2400,0.0,0.0,15736,-618,65,discharging,None,None
19:44:56.914,sequential,8.3,417.7,175.5,2.5,1087.7,59.0,2400,0.0,0.0,15747,-512,65,discharging,None,None
19:44:57.428,sequential,8.4,417.7,175.5,76.8,1087.7,63.9,2400,0.0,0.0,15749,-438,65,discharging,None,None
19:44:57.932,sequential,8.4,411.6,171.2,43.1,1087.5,60.6,2400,0.0,0.0,15701,-624,65,discharging,None,None
19:44:58.436,sequential,8.3,411.6,171.2,2.5,1088.0,59.5,2400,0.0,0.0,15743,-522,65,discharging,None,None
19:44:58.944,sequential,8.3,411.6,171.2,27.0,1087.7,62.8,2400,0.0,0.0,15748,-432,65,discharging,None,None
19:44:59.448,sequential,8.3,412.4,172.5,94.0,1087.7,62.2,2400,0.0,0.0,15699,-615,65,discharging,None,None
19:44:59.952,sequential,8.3,412.4,172.5,3.0,1087.7,60.0,2400,0.0,0.0,15741,-625,65,discharging,None,None
19:45:00.455,sequential,8.3,412.4,172.5,2.5,1087.7,59.0,1900,0.0,0.0,15748,-440,65,discharging,None,None
19:45:00.963,sequential,8.4,412.4,172.5,70.1,1088.0,64.5,2400,0.0,0.0,15724,-487,65,discharging,None,None
19:45:01.466,sequential,8.4,431.1,173.7,53.7,1088.2,60.6,2400,0.0,0.0,15709,-617,65,discharging,None,None
19:45:01.970,sequential,8.4,431.1,173.7,2.0,1088.0,59.5,2400,0.0,0.0,15746,-548,65,discharging,None,None
19:45:02.480,sequential,8.4,431.1,173.7,14.9,1088.0,61.1,2400,0.0,0.0,15747,-420,65,discharging,None,None
19:45:02.984,sequential,8.3,400.0,179.3,100.0,1088.0,64.5,2400,0.0,0.0,15699,-589,65,discharging,None,None
19:45:03.487,sequential,8.3,400.0,179.3,6.0,1087.5,60.0,2400,0.0,0.0,15735,-635,65,discharging,None,None
19:45:03.991,sequential,8.3,400.0,179.3,2.5,1087.0,59.5,2400,0.0,0.0,15746,-465,65,discharging,None,None
19:45:04.499,sequential,8.4,400.0,179.3,42.3,1087.0,63.4,2400,0.0,0.0,15742,-450,65,discharging,None,None
19:45:05.002,sequential,8.4,416.9,173.2,86.7,1086.8,62.2,2400,0.0,0.0,15699,-635,65,discharging,None,None
19:45:05.506,sequential,7.9,416.9,173.2,2.0,1086.8,58.4,2400,0.0,0.0,15741,-619,65,discharging,None,None
19:45:06.010,sequential,7.9,416.9,173.2,3.5,1086.8,58.4,1600,0.0,0.0,15749,-427,65,discharging,None,None
19:45:06.519,sequential,7.9,416.9,173.2,78.5,1087.2,63.9,2400,0.0,0.0,15722,-490,65,discharging,None,None
19:45:07.023,sequential,8.2,422.3,174.5,43.6,1087.6,60.6,2400,0.0,0.0,15716,-614,65,discharging,None,None
19:45:07.527,sequential,8.2,422.3,174.5,2.5,1087.6,59.5,2400,0.0,0.0,15744,-538,65,discharging,None,None
19:45:08.035,sequential,8.4,422.3,174.5,25.6,1087.6,62.8,2400,0.0,0.0,15747,-419,65,discharging,None,None
19:45:08.538,sequential,8.4,412.8,175.3,96.0,1087.6,62.8,2400,0.0,0.0,15697,-598,65,discharging,None,None
19:45:09.042,sequential,8.3,412.8,175.3,2.5,1087.2,60.6,2400,0.0,0.0,15736,-637,65,discharging,None,None
19:45:09.545,sequential,8.3,412.8,175.3,3.0,1087.6,59.0,2400,0.0,0.0,15746,-458,65,discharging,None,None
19:45:10.052,sequential,8.3,412.8,175.3,69.5,1087.6,65.0,2400,0.0,0.0,15715,-497,65,discharging,None,None
19:45:10.555,sequential,8.3,411.8,170.9,50.5,1087.1,60.0,2400,0.0,0.0,15698,-635,65,discharging,None,None
19:45:11.059,sequential,8.3,411.8,170.9,3.0,1087.1,59.5,2400,0.0,0.0,15743,-558,65,discharging,None,None
19:45:11.567,sequential,8.4,411.8,170.9,17.3,1087.1,59.5,1700,0.0,0.0,15749,-415,65,discharging,None,None
19:45:12.072,sequential,8.4,424.6,170.9,100.0,1087.1,63.9,2400,0.0,0.0,15702,-556,65,discharging,None,None
19:45:12.575,sequential,8.4,424.6,169.0,7.0,1086.7,60.0,2400,0.0,0.0,15734,-620,65,discharging,None,None
19:45:13.079,sequential,8.3,424.6,169.0,2.5,1086.5,59.5,2400,0.0,0.0,15748,-477,65,discharging,None,None
19:45:13.587,sequential,8.3,424.6,169.0,61.0,1086.5,63.4,2400,0.0,0.0,15734,-475,65,discharging,None,None
19:45:14.090,sequential,8.2,398.2,175.8,57.8,1086.5,61.1,2400,0.0,0.0,15698,-634,65,discharging,None,None
19:45:14.594,sequential,8.2,398.2,175.8,2.5,1086.5,59.5,2400,0.0,0.0,15742,-579,65,discharging,None,None
19:45:15.103,sequential,8.4,398.2,175.8,10.9,1086.7,60.6,2400,0.0,0.0,15747,-420,65,discharging,None,None
19:45:15.607,sequential,8.4,399.6,175.8,100.0,1086.7,65.0,2400,0.0,0.0,15702,-566,65,discharging,None,None
19:45:16.110,sequential,8.4,399.6,184.0,12.4,1087.9,59.5,2400,0.0,0.0,15731,-635,65,discharging,None,None
19:45:16.614,sequential,8.3,399.6,184.0,10.0,1087.9,60.6,1900,0.0,0.0,15737,-501,65,discharging,None,None
19:45:17.123,sequential,8.3,399.6,184.0,56.7,1087.9,62.8,2400,0.0,0.0,15747,-447,65,discharging,None,None
19:45:17.626,sequential,7.9,427.3,170.7,66.7,1087.9,60.6,2400,0.0,0.0,15700,-612,65,discharging,None,None
19:45:18.130,sequential,7.9,427.3,170.7,2.5,1087.2,59.5,2400,0.0,0.0,15743,-599,65,discharging,None,None
19:45:18.634,sequential,7.9,427.3,170.7,2.0,1088.6,58.4,2400,0.0,0.0,15746,-421,65,discharging,None,None
19:45:19.142,sequential,8.3,400.8,170.7,98.5,1088.6,65.0,2400,0.0,0.0,15703,-544,65,discharging,None,None
19:45:19.646,sequential,8.3,400.8,185.1,22.7,1087.9,60.6,2400,0.0,0.0,15731,-635,65,discharging,None,None
19:45:20.149,sequential,8.4,400.8,185.1,2.0,1088.3,59.5,2400,0.0,0.0,15744,-511,65,discharging,None,None
19:45:20.656,sequential,8.4,400.8,185.1,46.8,1089.1,63.4,2400,0.0,0.0,15744,-439,65,discharging,None,None
19:45:21.160,sequential,8.3,404.1,184.5,74.1,1089.7,61.1,2400,0.0,0.0,15698,-623,65,discharging,None,None
19:45:21.663,sequential,8.3,404.1,184.5,2.5,1089.7,59.5,2400,0.0,0.0,15739,-618,65,discharging,None,None
19:45:22.168,sequential,8.3,404.1,184.5,3.0,1089.5,59.0,1600,0.0,0.0,15744,-432,65,discharging,None,None
19:45:22.680,sequential,8.2,412.9,184.5,90.8,1089.5,63.4,2400,0.0,0.0,15720,-494,65,discharging,None,None
19:45:23.183,sequential,8.2,412.9,186.8,31.8,1088.5,60.0,2400,0.0,0.0,15711,-613,65,discharging,None,None
19:45:23.687,sequential,8.4,412.9,186.8,2.0,1088.5,59.0,2400,0.0,0.0,15743,-538,65,discharging,None,None
19:45:24.195,sequential,8.4,412.9,186.8,36.8,1087.8,63.4,2400,0.0,0.0,15744,-420,65,discharging,None,None
19:45:24.698,sequential,8.3,400.4,180.4,83.3,1087.8,61.7,2400,0.0,0.0,15695,-597,65,discharging,None,None
19:45:25.202,sequential,8.3,400.4,180.4,2.5,1087.8,60.0,2400,0.0,0.0,15735,-634,65,discharging,None,None
19:45:25.706,sequential,8.3,400.4,180.4,2.5,1087.8,58.4,2400,0.0,0.0,15743,-456,65,discharging,None,None
19:45:26.218,sequential,8.3,399.1,180.4,82.3,1087.6,65.0,2400,0.0,0.0,15715,-499,65,discharging,None,None
19:45:26.721,sequential,8.3,399.1,176.9,35.8,1089.5,60.6,2400,0.0,0.0,15697,-633,65,discharging,None,None
19:45:27.225,sequential,8.4,399.1,176.9,3.0,1089.2,59.0,2400,0.0,0.0,15741,-554,65,discharging,None,None
19:45:27.732,sequential,8.4,399.1,176.9,32.2,1089.2,61.1,2400,0.0,0.0,15745,-413,65,discharging,None,None
19:45:28.236,sequential,8.4,426.4,176.5,90.5,1088.7,62.2,2400,0.0,0.0,15701,-557,65,discharging,None,None
19:45:28.739,sequential,8.3,426.4,176.5,10.9,1088.7,60.0,2400,0.0,0.0,15723,-633,65,discharging,None,None
19:45:29.243,sequential,8.3,426.4,176.5,2.5,1088.2,59.5,2400,0.0,0.0,15743,-489,65,discharging,None,None
19:45:29.752,sequential,7.9,426.4,176.5,74.1,1088.2,64.5,2400,0.0,0.0,15731,-476,65,discharging,None,None
19:45:30.255,sequential,7.9,398.2,188.2,46.6,1088.0,61.1,2400,0.0,0.0,15695,-636,65,discharging,None,None
19:45:30.759,sequential,8.3,398.2,188.2,3.0,1088.0,59.5,2400,0.0,0.0,15741,-581,65,discharging,None,None
19:45:31.267,sequential,8.3,398.2,188.2,21.5,1087.6,61.7,2400,0.0,0.0,15743,-420,65,discharging,None,None
19:45:31.770,sequential,8.3,396.5,173.9,95.6,1088.0,63.9,2400,0.0,0.0,15701,-562,65,discharging,None,None
19:45:32.274,sequential,8.3,396.5,173.9,2.5,1087.9,59.5,2400,0.0,0.0,15731,-631,65,discharging,None,None
19:45:32.778,sequential,8.3,396.5,173.9,2.5,1087.9,59.5,1600,0.0,0.0,15743,-490,65,discharging,None,None
19:45:33.287,sequential,8.3,396.5,173.9,70.8,1087.7,64.5,2400,0.0,0.0,15747,-440,65,discharging,None,None
19:45:33.790,sequential,8.3,404.9,169.9,49.0,1087.7,60.6,2400,0.0,0.0,15695,-613,65,discharging,None,None
19:45:34.294,sequential,8.3,404.9,169.9,2.5,1087.4,59.5,2400,0.0,0.0,15740,-594,65,discharging,None,None
19:45:34.801,sequential,8.3,404.9,169.9,20.5,1087.4,61.1,2400,0.0,0.0,15743,-420,65,discharging,None,None
19:45:35.307,sequential,8.3,409.5,173.7,99.5,1087.4,63.9,2400,0.0,0.0,15701,-554,65,discharging,None,None
19:45:35.811,sequential,8.3,409.5,173.7,3.5,1087.4,59.5,2400,0.0,0.0,15729,-637,65,discharging,None,None
19:45:36.314,sequential,8.3,409.5,173.7,2.5,1087.7,59.5,2400,0.0,0.0,15741,-503,65,discharging,None,None
19:45:36.823,sequential,8.3,409.5,173.7,65.2,1087.7,63.9,2400,0.0,0.0,15743,-446,65,discharging,None,None
19:45:37.326,sequential,8.3,413.3,172.6,55.9,1088.2,60.0,2400,0.0,0.0,15696,-632,65,discharging,None,None
19:45:37.830,sequential,8.3,413.3,172.6,4.4,1088.6,59.5,2400,0.0,0.0,15739,-612,65,discharging,None,None
19:45:38.340,sequential,8.4,413.3,172.6,18.7,1088.6,60.0,1800,0.0,0.0,15742,-424,65,discharging,None,None
19:45:38.844,sequential,8.4,430.7,172.6,100.0,1088.6,65.5,2400,0.0,0.0,15715,-501,65,discharging,None,None
19:45:39.347,sequential,8.3,430.7,172.3,12.6,1088.1,60.6,2400,0.0,0.0,15716,-615,65,discharging,None,None
19:45:39.851,sequential,8.3,430.7,172.3,1.5,1087.8,59.5,2400,0.0,0.0,15740,-532,65,discharging,None,None
19:45:40.359,sequential,8.3,430.7,172.3,54.7,1088.3,63.4,2400,0.0,0.0,15743,-424,65,discharging,None,None
19:45:40.863,sequential,8.3,559.4,181.4,90.1,1088.3,63.4,2400,0.0,0.0,15693,-601,65,discharging,None,None
19:45:41.366,sequential,8.3,559.4,181.4,2.0,1088.5,60.0,2400,0.0,0.0,15732,-669,65,discharging,None,None
19:45:41.870,sequential,7.6,559.4,181.4,1.5,1088.1,60.0,2400,0.0,0.0,15740,-491,65,discharging,None,None
19:45:42.379,sequential,7.6,559.4,181.4,69.7,1088.1,65.0,2400,0.0,0.0,15742,-447,65,discharging,None,None
19:45:42.884,sequential,7.6,408.7,177.1,50.7,1088.1,60.6,2400,0.0,0.0,15696,-632,65,discharging,None,None
19:45:43.387,sequential,8.3,408.7,177.1,2.0,1088.5,59.5,2400,0.0,0.0,15736,-611,65,discharging,None,None
19:45:43.895,sequential,8.3,408.7,177.1,17.6,1088.5,60.0,1600,0.0,0.0,15742,-420,65,discharging,None,None
19:45:44.399,sequential,8.3,427.1,177.1,99.5,1088.5,63.4,2400,0.0,0.0,15710,-500,65,discharging,None,None
19:45:44.903,sequential,8.3,427.1,167.4,7.0,1087.6,60.6,2400,0.0,0.0,15717,-614,65,discharging,None,None
19:45:45.406,sequential,8.3,427.1,167.4,2.0,1087.8,59.0,2400,0.0,0.0,15739,-529,65,discharging,None,None
19:45:45.915,sequential,8.3,427.1,167.4,61.0,1087.8,63.4,2400,0.0,0.0,15741,-428,65,discharging,None,None
19:45:46.419,sequential,8.3,399.6,177.5,57.8,1087.8,60.6,2400,0.0,0.0,15692,-612,65,discharging,None,None
19:45:46.923,sequential,8.3,399.6,177.5,1.5,1087.6,60.0,2400,0.0,0.0,15732,-626,65,discharging,None,None
19:45:47.435,sequential,8.3,399.6,177.5,9.5,1087.6,60.6,2400,0.0,0.0,15740,-442,65,discharging,None,None
19:45:47.940,sequential,8.3,398.3,177.5,100.0,1087.6,64.5,2400,0.0,0.0,15704,-515,65,discharging,None,None
19:45:48.443,sequential,8.3,398.3,182.9,9.5,1087.1,59.5,2400,0.0,0.0,15708,-635,65,discharging,None,None
19:45:48.947,sequential,8.4,398.3,182.9,1.5,1086.6,59.5,1800,0.0,0.0,15737,-451,65,discharging,None,None
19:45:49.455,sequential,8.4,398.3,182.9,57.7,1086.6,63.9,2400,0.0,0.0,15718,-486,65,discharging,None,None
19:45:49.959,sequential,8.4,408.4,183.3,63.7,1086.9,61.7,2400,0.0,0.0,15695,-619,65,discharging,None,None
19:45:50.463,sequential,8.3,408.4,183.3,2.0,1086.9,59.5,2400,0.0,0.0,15737,-553,65,discharging,None,None
19:45:50.973,sequential,8.3,408.4,183.3,3.0,1086.7,60.0,2400,0.0,0.0,15740,-420,65,discharging,None,None
19:45:51.480,sequential,8.3,400.7,183.3,100.0,1087.5,64.5,2400,0.0,0.0,15691,-585,65,discharging,None,None
19:45:51.984,sequential,8.3,400.7,177.2,15.6,1087.2,60.6,2400,0.0,0.0,15727,-636,65,discharging,None,None
19:45:52.487,sequential,8.3,400.7,177.2,1.5,1088.6,59.0,2400,0.0,0.0,15739,-470,65,discharging,None,None
19:45:52.995,sequential,8.4,400.7,177.2,60.2,1089.5,63.9,2400,0.0,0.0,15722,-498,65,discharging,None,None
19:45:53.498,sequential,8.4,397.3,174.8,66.5,1089.5,60.6,2400,0.0,0.0,15689,-645,65,discharging,None,None
19:45:54.003,sequential,7.9,397.3,174.8,1.5,1089.3,60.0,2400,0.0,0.0,15737,-568,65,discharging,None,None
19:45:54.507,sequential,7.9,397.3,174.8,2.5,1089.3,59.5,1600,0.0,0.0,15741,-412,65,discharging,None,None
19:45:55.015,sequential,8.3,408.6,174.8,99.0,1089.3,64.5,2400,0.0,0.0,15697,-554,65,discharging,None,None
19:45:55.518,sequential,8.3,408.6,181.0,22.2,1088.6,60.6,2400,0.0,0.0,15726,-624,65,discharging,None,None
19:45:56.022,sequential,8.3,408.6,181.0,1.5,1088.6,59.5,2400,0.0,0.0,15739,-483,65,discharging,None,None
19:45:56.535,sequential,8.4,408.6,181.0,46.5,1088.8,64.5,2400,0.0,0.0,15731,-470,65,discharging,None,None
19:45:57.038,sequential,8.4,392.9,176.7,70.9,1088.6,61.1,2400,0.0,0.0,15691,-631,65,discharging,None,None
19:45:57.542,sequential,8.3,392.9,176.7,2.0,1088.6,59.0,2400,0.0,0.0,15736,-582,65,discharging,None,None
19:45:58.045,sequential,8.3,392.9,176.7,1.5,1087.9,59.5,2400,0.0,0.0,15738,-420,65,discharging,None,None
19:45:58.552,sequential,8.3,412.0,176.7,95.1,1087.9,63.9,2400,0.0,0.0,15695,-563,65,discharging,None,None
19:45:59.056,sequential,8.3,412.0,175.8,26.0,1087.6,60.6,2400,0.0,0.0,15726,-638,65,discharging,None,None
19:45:59.560,sequential,8.3,412.0,175.8,1.5,1087.6,60.0,2400,0.0,0.0,15738,-495,65,discharging,None,None
19:46:00.068,sequential,8.3,412.0,175.8,42.4,1087.4,63.9,2400,0.0,0.0,15745,-432,65,discharging,None,None
19:46:00.572,sequential,8.3,423.6,174.9,81.0,1087.4,61.1,2400,0.0,0.0,15694,-615,65,discharging,None,None
19:46:01.075,sequential,8.3,423.6,174.9,2.0,1087.6,59.5,2400,0.0,0.0,15735,-607,65,discharging,None,None
19:46:01.579,sequential,8.3,423.6,174.9,2.5,1087.6,59.0,2400,0.0,0.0,15740,-424,65,discharging,None,None
19:46:02.091,sequential,8.3,412.5,174.9,83.7,1087.6,63.9,2400,0.0,0.0,15701,-536,65,discharging,None,None
19:46:02.594,sequential,8.3,412.5,179.3,36.6,1087.6,60.0,2400,0.0,0.0,15718,-638,65,discharging,None,None
19:46:03.098,sequential,8.3,412.5,179.3,2.0,1087.2,60.0,2400,0.0,0.0,15738,-523,65,discharging,None,None
19:46:03.604,sequential,8.4,412.5,179.3,31.8,1087.5,63.4,2400,0.0,0.0,15738,-432,65,discharging,None,None
19:46:04.108,sequential,8.4,398.4,174.2,86.7,1087.0,62.2,2400,0.0,0.0,15687,-618,65,discharging,None,None
19:46:04.757,sequential,8.3,398.4,174.2,8.5,1087.0,60.0,2400,0.0,0.0,15731,-623,65,discharging,None,None
19:46:05.264,sequential,8.3,398.4,174.2,10.0,1087.0,60.0,1600,0.0,0.0,15735,-447,65,discharging,None,None
19:46:05.769,sequential,8.3,422.9,174.2,99.5,1087.0,64.5,2400,0.0,0.0,15712,-504,65,discharging,None,None
19:46:06.272,sequential,7.9,422.9,176.3,16.4,1086.8,60.6,2400,0.0,0.0,15700,-617,65,discharging,None,None
19:46:06.776,sequential,7.9,422.9,176.3,2.0,1087.6,59.5,2400,0.0,0.0,15736,-543,65,discharging,None,None
19:46:07.284,sequential,8.3,422.9,176.3,52.5,1087.7,61.7,2400,0.0,0.0,15738,-420,65,discharging,None,None
19:46:07.787,sequential,8.3,407.0,175.7,68.2,1087.7,61.1,2400,0.0,0.0,15688,-595,65,discharging,None,None
19:46:08.291,sequential,8.4,407.0,175.7,2.0,1087.7,59.5,2400,0.0,0.0,15726,-637,65,discharging,None,None
19:46:08.794,sequential,8.4,407.0,175.7,2.5,1087.5,59.0,2400,0.0,0.0,15737,-461,65,discharging,None,None
19:46:09.301,sequential,8.4,407.9,175.7,97.5,1087.5,64.5,2400,0.0,0.0,15715,-495,65,discharging,None,None
19:46:09.805,sequential,8.3,407.9,175.8,24.0,1087.9,60.0,2400,0.0,0.0,15688,-635,65,discharging,None,None
19:46:10.308,sequential,8.3,407.9,175.8,2.5,1087.9,59.0,2400,0.0,0.0,15733,-560,65,discharging,None,None
19:46:10.816,sequential,8.2,407.9,175.8,45.5,1088.4,62.8,2400,0.0,0.0,15739,-414,65,discharging,None,None
19:46:11.319,sequential,8.2,423.5,168.6,76.5,1088.4,61.7,2400,0.0,0.0,15693,-553,65,discharging,None,None
19:46:11.823,sequential,8.2,423.5,168.6,2.5,1087.7,60.0,2400,0.0,0.0,15724,-619,65,discharging,None,None
19:46:12.328,sequential,8.4,423.5,168.6,2.5,1087.7,59.5,2400,0.0,0.0,15736,-479,65,discharging,None,None
19:46:12.836,sequential,8.4,398.8,168.6,88.8,1087.7,63.4,2400,0.0,0.0,15726,-473,65,discharging,None,None
19:46:13.340,sequential,8.3,398.8,176.8,29.0,1087.5,60.0,2400,0.0,0.0,15686,-634,65,discharging,None,None
19:46:13.843,sequential,8.3,398.8,176.8,2.5,1087.2,59.5,2400,0.0,0.0,15734,-582,65,discharging,None,None
19:46:14.351,sequential,8.3,398.8,176.8,38.5,1087.2,64.5,2400,0.0,0.0,15737,-421,65,discharging,None,None
19:46:14.854,sequential,8.3,402.4,177.3,81.4,1087.2,61.7,2400,0.0,0.0,15693,-564,65,discharging,None,None
19:46:15.358,sequential,8.3,402.4,177.3,2.0,1087.4,60.6,2400,0.0,0.0,15724,-635,65,discharging,None,None
19:46:15.862,sequential,8.4,402.4,177.3,3.0,1087.2,59.0,1500,0.0,0.0,15734,-491,65,discharging,None,None
19:46:16.378,sequential,8.4,408.4,177.3,84.7,1087.2,63.4,2400,0.0,0.0,15741,-434,65,discharging,None,None
19:46:16.881,sequential,8.3,408.4,175.0,43.6,1087.4,60.6,2400,0.0,0.0,15690,-610,65,discharging,None,None
19:46:17.385,sequential,8.3,408.4,175.0,2.5,1087.4,59.0,2400,0.0,0.0,15730,-609,65,discharging,None,None
19:46:17.892,sequential,8.3,408.4,175.0,34.8,1087.4,63.4,2400,0.0,0.0,15736,-433,65,discharging,None,None
19:46:18.395,sequential,7.9,401.2,176.2,85.0,1086.9,62.2,2400,0.0,0.0,15694,-549,65,discharging,None,None
19:46:18.899,sequential,7.9,401.2,176.2,2.5,1086.5,59.5,2400,0.0,0.0,15723,-606,65,discharging,None,None
19:46:19.402,sequential,8.4,401.2,176.2,2.5,1087.0,59.5,2400,0.0,0.0,15736,-421,65,discharging,None,None
19:46:19.911,sequential,8.4,398.3,176.2,80.3,1087.4,64.5,2400,0.0,0.0,15695,-543,65,discharging,None,None
19:46:20.414,sequential,8.3,398.3,189.6,39.9,1087.4,60.0,2400,0.0,0.0,15722,-637,65,discharging,None,None
19:46:20.918,sequential,8.3,398.3,189.6,3.0,1087.4,59.5,2400,0.0,0.0,15734,-514,65,discharging,None,None
19:46:21.427,sequential,8.3,398.3,189.6,28.0,1087.4,62.2,2400,0.0,0.0,15740,-418,65,discharging,None,None
19:46:21.931,sequential,8.3,406.6,173.4,91.7,1087.4,62.8,2400,0.0,0.0,15686,-603,65,discharging,None,None
19:46:22.434,sequential,8.3,406.6,173.4,2.5,1087.4,60.0,2400,0.0,0.0,15728,-620,65,discharging,None,None
19:46:22.938,sequential,8.4,406.6,173.4,2.0,1087.4,59.0,2400,0.0,0.0,15734,-435,65,discharging,None,None
19:46:23.444,sequential,8.4,406.6,173.4,73.4,1087.4,64.5,2400,0.0,0.0,15697,-521,65,discharging,None,None
19:46:23.947,sequential,8.3,405.9,175.3,46.0,1087.0,60.6,2400,0.0,0.0,15703,-635,65,discharging,None,None
19:46:24.451,sequential,8.3,405.9,175.3,2.5,1087.0,59.5,2400,0.0,0.0,15733,-535,65,discharging,None,None
19:46:24.959,sequential,8.3,405.9,175.3,21.4,1086.5,61.7,2400,0.0,0.0,15734,-423,65,discharging,None,None
19:46:25.463,sequential,8.3,412.9,177.4,99.0,1086.5,63.9,2400,0.0,0.0,15685,-605,65,discharging,None,None
19:46:25.966,sequential,8.3,412.9,177.4,3.0,1086.5,60.0,2400,0.0,0.0,15725,-637,65,discharging,None,None
19:46:26.470,sequential,8.3,412.9,177.4,3.0,1087.3,59.0,1600,0.0,0.0,15735,-455,65,discharging,None,None
19:46:26.979,sequential,8.3,412.9,177.4,65.7,1087.7,63.9,2400,0.0,0.0,15722,-471,65,discharging,None,None
19:46:27.482,sequential,8.3,429.4,173.2,58.1,1087.9,59.5,2400,0.0,0.0,15687,-610,65,discharging,None,None
19:46:27.986,sequential,8.3,429.4,173.2,2.5,1087.7,59.0,2400,0.0,0.0,15730,-560,65,discharging,None,None
19:46:28.503,sequential,8.3,429.4,173.2,10.5,1087.7,60.6,2400,0.0,0.0,15734,-421,65,discharging,None,None
19:46:29.035,sequential,8.3,589.7,173.2,89.9,1087.2,61.7,2400,0.0,0.0,15690,-577,65,discharging,None,None
19:46:29.539,sequential,8.3,589.7,168.2,37.4,1087.2,61.1,2400,0.0,0.0,15705,-666,65,discharging,None,None
19:46:30.042,sequential,8.3,589.7,168.2,2.5,1087.0,59.5,2400,0.0,0.0,15733,-510,65,discharging,None,None
19:46:30.551,sequential,7.3,589.7,168.2,29.4,1087.0,62.8,2400,0.0,0.0,15734,-421,65,discharging,None,None
19:46:31.054,sequential,7.3,403.9,177.3,90.1,1087.0,62.2,2400,0.0,0.0,15685,-597,65,discharging,None,None
19:46:31.558,sequential,8.3,403.9,177.3,3.0,1087.0,60.0,2400,0.0,0.0,15724,-635,65,discharging,None,None
19:46:32.062,sequential,8.3,403.9,177.3,3.0,1088.4,60.0,1600,0.0,0.0,15734,-453,65,discharging,None,None
19:46:32.568,sequential,8.3,403.9,177.3,75.4,1089.9,64.5,2400,0.0,0.0,15720,-474,65,discharging,None,None
19:46:33.071,sequential,8.3,409.1,185.4,47.0,1090.7,61.1,2400,0.0,0.0,15682,-630,65,discharging,None,None
19:46:33.575,sequential,8.3,409.1,185.4,2.5,1090.7,60.0,2400,0.0,0.0,15729,-581,65,discharging,None,None
19:46:34.083,sequential,8.4,409.1,185.4,21.4,1090.7,62.2,2400,0.0,0.0,15731,-437,65,discharging,None,None
19:46:34.586,sequential,8.4,406.1,184.4,99.0,1094.6,64.5,2400,0.0,0.0,15685,-592,65,discharging,None,None
19:46:35.090,sequential,8.3,406.1,184.4,4.0,1094.0,60.0,2400,0.0,0.0,15719,-645,65,discharging,None,None
19:46:35.593,sequential,8.3,406.1,184.4,2.5,1094.0,59.0,2400,0.0,0.0,15731,-481,65,discharging,None,None
19:46:36.099,sequential,8.3,406.1,184.4,65.2,1094.0,64.5,2400,0.0,0.0,15724,-471,65,discharging,None,None
19:46:36.603,sequential,8.2,397.8,176.6,54.7,1094.0,60.0,2400,0.0,0.0,15683,-633,65,discharging,None,None
19:46:37.107,sequential,8.2,397.8,176.6,2.5,1093.1,59.5,2400,0.0,0.0,15729,-583,65,discharging,None,None
19:46:37.615,sequential,8.4,397.8,176.6,12.6,1094.5,60.0,1600,0.0,0.0,15733,-416,65,discharging,None,None
19:46:38.119,sequential,8.4,420.5,176.6,100.0,1094.5,65.0,2400,0.0,0.0,15691,-539,65,discharging,None,None
19:46:38.623,sequential,8.3,420.5,179.4,12.3,1093.6,59.5,2400,0.0,0.0,15720,-622,65,discharging,None,None
19:46:39.126,sequential,8.3,420.5,179.4,3.5,1093.3,59.5,2400,0.0,0.0,15731,-499,65,discharging,None,None
19:46:39.635,sequential,8.3,420.5,179.4,56.2,1093.3,63.9,2400,0.0,0.0,15734,-451,65,discharging,None,None
19:46:40.139,sequential,8.2,402.5,174.3,62.7,1092.3,60.6,2400,0.0,0.0,15686,-631,65,discharging,None,None
19:46:40.643,sequential,8.2,402.5,174.3,2.5,1092.3,59.0,2400,0.0,0.0,15729,-603,65,discharging,None,None
19:46:41.151,sequential,8.4,402.5,174.3,14.0,1091.5,60.6,2400,0.0,0.0,15731,-424,65,discharging,None,None
19:46:41.655,sequential,8.4,398.2,174.3,100.0,1091.5,64.5,2400,0.0,0.0,15692,-553,65,discharging,None,None
19:46:42.159,sequential,8.4,398.2,178.8,15.8,1090.8,60.0,2400,0.0,0.0,15717,-644,65,discharging,None,None
19:46:42.663,sequential,7.9,398.2,178.8,3.0,1090.8,60.0,1900,0.0,0.0,15730,-513,65,discharging,None,None
19:46:43.172,sequential,7.9,398.2,178.8,53.7,1090.4,62.8,2400,0.0,0.0,15737,-419,65,discharging,None,None
19:46:43.675,sequential,8.3,407.3,175.2,66.5,1090.4,61.1,2400,0.0,0.0,15684,-603,65,discharging,None,None
19:46:44.179,sequential,8.3,407.3,175.2,3.0,1090.0,59.5,2400,0.0,0.0,15725,-616,65,discharging,None,None
19:46:44.682,sequential,8.4,407.3,175.2,2.5,1090.0,59.5,2400,0.0,0.0,15731,-433,65,discharging,None,None
19:46:45.191,sequential,8.4,409.5,175.2,98.5,1089.8,63.9,2400,0.0,0.0,15694,-525,65,discharging,None,None
19:46:45.695,sequential,8.4,409.5,178.9,23.6,1089.6,60.0,2400,0.0,0.0,15703,-637,65,discharging,None,None
19:46:46.198,sequential,8.3,409.5,178.9,2.5,1089.1,59.0,2400,0.0,0.0,15728,-534,65,discharging,None,None
19:46:46.707,sequential,8.3,409.5,178.9,44.8,1089.5,63.4,2400,0.0,0.0,15732,-424,65,discharging,None,None
19:46:47.210,sequential,8.2,416.4,171.7,75.0,1088.6,61.1,2400,0.0,0.0,15680,-605,65,discharging,None,None
19:46:47.714,sequential,8.2,416.4,171.7,4.4,1088.6,59.5,2400,0.0,0.0,15721,-635,65,discharging,None,None
19:46:48.218,sequential,8.4,416.4,171.7,6.2,1088.6,59.0,1600,0.0,0.0,15731,-453,65,discharging,None,None
19:46:48.727,sequential,8.4,420.5,171.7,90.6,1089.1,63.9,2400,0.0,0.0,15709,-478,65,discharging,None,None
19:46:49.231,sequential,8.4,420.5,168.5,30.7,1088.4,60.0,2400,0.0,0.0,15684,-614,65,discharging,None,None
19:46:49.735,sequential,8.3,420.5,168.5,1.5,1088.4,59.0,2400,0.0,0.0,15727,-557,65,discharging,None,None
19:46:50.245,sequential,8.3,420.5,168.5,37.5,1088.0,63.9,2400,0.0,0.0,15731,-421,65,discharging,None,None
19:46:50.748,sequential,8.3,402.3,174.2,80.3,1088.0,61.7,2400,0.0,0.0,15684,-585,65,discharging,None,None
19:46:51.252,sequential,8.3,402.3,174.2,1.5,1088.0,59.5,2400,0.0,0.0,15718,-634,65,discharging,None,None
19:46:51.755,sequential,8.3,402.3,174.2,1.5,1088.0,59.0,2400,0.0,0.0,15731,-470,65,discharging,None,None
19:46:52.267,sequential,8.4,396.7,174.2,85.2,1090.0,64.5,2400,0.0,0.0,15714,-486,65,discharging,None,None
19:46:52.770,sequential,8.4,396.7,190.9,35.6,1090.0,60.6,2400,0.0,0.0,15680,-638,65,discharging,None,None
19:46:53.274,sequential,8.3,396.7,190.9,10.1,1090.3,59.5,2400,0.0,0.0,15727,-575,65,discharging,None,None
19:46:53.787,sequential,8.3,396.7,190.9,33.8,1091.2,61.7,2400,0.0,0.0,15730,-426,65,discharging,None,None
19:46:54.290,sequential,7.9,424.9,177.7,90.5,1091.0,62.8,2400,0.0,0.0,15688,-553,65,discharging,None,None
19:46:54.794,sequential,7.9,424.9,177.7,1.5,1091.0,60.6,2400,0.0,0.0,15717,-622,65,discharging,None,None
19:46:55.298,sequential,7.9,424.9,177.7,2.0,1089.9,58.4,2400,0.0,0.0,15728,-493,65,discharging,None,None
19:46:55.805,sequential,8.3,424.9,177.7,75.2,1089.9,63.9,2400,0.0,0.0,15728,-457,65,discharging,None,None
19:46:56.308,sequential,8.3,409.8,173.7,45.0,1089.4,60.6,2400,0.0,0.0,15683,-635,65,discharging,None,None
19:46:56.812,sequential,8.4,409.8,173.7,1.5,1091.0,59.5,2400,0.0,0.0,15726,-599,65,discharging,None,None
19:46:57.320,sequential,8.4,409.8,173.7,23.3,1090.7,62.8,2400,0.0,0.0,15729,-422,65,discharging,None,None
19:46:57.824,sequential,8.4,398.1,175.0,95.0,1090.3,63.4,2400,0.0,0.0,15687,-548,65,discharging,None,None
19:46:58.327,sequential,8.3,398.1,175.0,1.5,1090.3,60.0,2400,0.0,0.0,15717,-634,65,discharging,None,None
19:46:58.831,sequential,8.3,398.1,175.0,2.0,1089.4,59.0,1800,0.0,0.0,15728,-506,65,discharging,None,None
19:46:59.339,sequential,8.2,398.1,175.0,69.8,1089.4,64.5,2400,0.0,0.0,15732,-425,65,discharging,None,None
19:46:59.842,sequential,8.2,410.8,177.6,50.7,1089.0,60.0,2400,0.0,0.0,15683,-607,65,discharging,None,None
19:47:00.346,sequential,8.4,410.8,177.6,2.0,1089.0,59.0,2400,0.0,0.0,15723,-609,65,discharging,None,None
19:47:00.855,sequential,8.4,410.8,177.6,16.6,1089.0,61.1,2400,0.0,0.0,15729,-426,65,discharging,None,None
19:47:01.362,sequential,8.4,398.5,175.9,99.5,1088.8,63.9,2400,0.0,0.0,15691,-530,65,discharging,None,None
19:47:01.866,sequential,8.3,398.5,175.9,2.5,1088.0,60.6,2400,0.0,0.0,15709,-634,65,discharging,None,None
19:47:02.369,sequential,8.3,398.5,175.9,2.0,1088.0,59.5,2400,0.0,0.0,15727,-525,65,discharging,None,None
19:47:02.876,sequential,8.3,398.5,175.9,65.3,1088.0,64.5,2400,0.0,0.0,15728,-432,65,discharging,None,None
19:47:03.379,sequential,8.3,403.7,173.7,53.0,1087.8,60.6,2400,0.0,0.0,15677,-616,65,discharging,None,None
19:47:03.883,sequential,8.4,403.7,173.7,2.0,1087.8,60.0,2400,0.0,0.0,15721,-626,64,discharging,None,None
19:47:04.395,sequential,8.4,403.7,173.7,13.5,1087.8,59.5,1600,0.0,0.0,15728,-440,64,discharging,None,None
19:47:04.899,sequential,8.4,425.2,173.7,100.0,1088.0,64.5,2400,0.0,0.0,15706,-491,64,discharging,None,None
19:47:05.403,sequential,8.3,425.2,176.8,19.5,1087.7,60.6,2400,0.0,0.0,15690,-619,64,discharging,None,None
19:47:05.906,sequential,8.3,425.2,176.8,1.5,1087.5,59.5,2400,0.0,0.0,15724,-558,64,discharging,None,None
19:47:06.413,sequential,7.9,425.2,176.8,56.0,1088.3,63.9,2400,0.0,0.0,15728,-431,64,discharging,None,None
19:47:06.916,sequential,7.9,402.3,178.8,62.4,1087.8,60.6,2400,0.0,0.0,15681,-593,64,discharging,None,None
19:47:07.420,sequential,7.9,402.3,178.8,2.0,1087.8,60.0,2400,0.0,0.0,15716,-635,64,discharging,None,None
19:47:07.929,sequential,8.4,402.3,178.8,5.4,1087.8,60.6,2400,0.0,0.0,15728,-463,64,discharging,None,None
19:47:08.433,sequential,8.4,409.1,178.8,99.0,1087.8,63.9,2400,0.0,0.0,15703,-584,64,discharging,None,None
19:47:08.937,sequential,8.3,409.1,188.0,18.5,1087.3,60.0,2400,0.0,0.0,15715,-640,64,discharging,None,None
19:47:09.441,sequential,8.3,409.1,188.0,1.5,1087.3,59.0,1900,0.0,0.0,15726,-475,64,discharging,None,None
19:47:09.948,sequential,8.3,409.1,188.0,49.5,1087.3,63.4,2400,0.0,0.0,15725,-456,64,discharging,None,None
19:47:10.452,sequential,8.3,407.3,171.4,71.1,1088.9,61.1,2400,0.0,0.0,15679,-612,64,discharging,None,None
19:47:10.955,sequential,8.3,407.3,171.4,2.0,1088.9,59.5,2400,0.0,0.0,15723,-577,64,discharging,None,None
19:47:11.459,sequential,8.4,407.3,171.4,2.0,1088.9,59.0,2400,0.0,0.0,15726,-422,64,discharging,None,None
19:47:11.967,sequential,8.4,408.0,171.4,94.5,1088.9,63.4,2400,0.0,0.0,15683,-568,64,discharging,None,None
19:47:12.470,sequential,8.3,408.0,174.6,25.7,1088.4,60.0,2400,0.0,0.0,15715,-636,64,discharging,None,None
19:47:12.974,sequential,8.3,408.0,174.6,1.5,1087.7,59.0,2400,0.0,0.0,15727,-490,64,discharging,None,None
19:47:13.483,sequential,8.3,408.0,174.6,42.5,1087.7,63.4,2400,0.0,0.0,15725,-462,64,discharging,None,None
19:47:13.987,sequential,8.3,412.7,176.1,77.9,1087.2,61.1,2400,0.0,0.0,15680,-637,64,discharging,None,None
19:47:14.490,sequential,8.3,412.7,176.1,2.0,1087.2,59.5,2400,0.0,0.0,15724,-597,64,discharging,None,None
19:47:14.994,sequential,8.4,412.7,176.1,2.5,1087.0,59.0,1600,0.0,0.0,15727,-418,64,discharging,None,None
19:47:15.506,sequential,8.4,419.3,176.1,86.6,1087.0,63.4,2400,0.0,0.0,15687,-527,64,discharging,None,None
19:47:16.015,sequential,8.3,419.3,170.6,33.3,1087.5,60.0,2400,0.0,0.0,15714,-621,64,discharging,None,None
19:47:16.519,sequential,8.3,419.3,170.6,3.0,1087.5,59.0,2400,0.0,0.0,15724,-511,64,discharging,None,None
19:47:17.027,sequential,8.3,419.3,170.6,35.5,1087.5,63.4,2400,0.0,0.0,15727,-441,64,discharging,None,None
19:47:17.531,sequential,8.3,539.9,170.6,98.0,1087.5,65.5,2400,0.0,0.0,15680,-613,64,discharging,None,None
19:47:18.035,sequential,8.3,539.9,172.6,11.9,1087.2,59.5,2400,0.0,0.0,15713,-648,64,discharging,None,None
19:47:18.538,sequential,7.6,539.9,172.6,2.5,1087.2,59.5,2400,0.0,0.0,15725,-477,64,discharging,None,None
19:47:19.045,sequential,7.6,539.9,172.6,56.4,1087.2,63.9,2400,0.0,0.0,15713,-477,64,discharging,None,None
19:47:19.549,sequential,7.6,403.5,181.2,64.5,1087.0,61.1,2400,0.0,0.0,15677,-636,64,discharging,None,None
19:47:20.053,sequential,8.3,403.5,181.2,2.5,1087.0,60.0,2400,0.0,0.0,15724,-580,64,discharging,None,None
19:47:20.562,sequential,8.3,403.5,181.2,5.0,1087.0,58.4,1600,0.0,0.0,15730,-409,64,discharging,None,None
19:47:21.074,sequential,8.2,409.4,181.2,100.0,1087.9,64.5,2400,0.0,0.0,15685,-531,64,discharging,None,None
19:47:21.577,sequential,8.2,409.4,187.8,19.3,1087.5,60.0,2400,0.0,0.0,15715,-617,64,discharging,None,None
19:47:22.081,sequential,8.4,409.4,187.8,2.5,1087.5,59.5,2400,0.0,0.0,15724,-494,64,discharging,None,None
19:47:22.588,sequential,8.4,409.4,187.8,48.8,1087.5,63.4,2400,0.0,0.0,15726,-454,64,discharging,None,None
19:47:23.091,sequential,8.4,408.7,178.9,72.1,1087.7,61.1,2400,0.0,0.0,15680,-634,64,discharging,None,None
19:47:23.595,sequential,8.3,408.7,178.9,2.5,1087.7,60.0,2400,0.0,0.0,15722,-603,64,discharging,None,None
19:47:24.099,sequential,8.3,408.7,178.9,2.5,1087.2,58.4,2400,0.0,0.0,15726,-421,64,discharging,None,None
19:47:24.607,sequential,8.2,400.2,178.9,93.0,1087.2,63.9,2400,0.0,0.0,15683,-541,64,discharging,None,None
19:47:25.111,sequential,8.2,400.2,175.0,27.0,1087.0,60.0,2400,0.0,0.0,15709,-634,64,discharging,None,None
19:47:25.614,sequential,8.2,400.2,175.0,2.5,1087.0,58.4,2400,0.0,0.0,15723,-512,64,discharging,None,None
19:47:26.123,sequential,8.4,400.2,175.0,42.2,1086.7,62.8,2400,0.0,0.0,15730,-418,64,discharging,None,None
19:47:26.626,sequential,8.4,408.8,174.7,77.5,1086.9,61.1,2400,0.0,0.0,15677,-602,64,discharging,None,None
19:47:27.130,sequential,8.3,408.8,174.7,3.0,1086.5,60.0,2400,0.0,0.0,15720,-616,64,discharging,None,None
19:47:27.634,sequential,8.3,408.8,174.7,2.5,1086.5,59.0,2400,0.0,0.0,15724,-433,64,discharging,None,None
19:47:28.144,sequential,8.2,412.2,174.7,87.7,1086.3,63.4,2400,0.0,0.0,15688,-522,64,discharging,None,None
19:47:28.647,sequential,8.2,412.2,176.4,32.3,1086.3,60.0,2400,0.0,0.0,15692,-635,64,discharging,None,None
19:47:29.151,sequential,8.2,412.2,176.4,2.5,1086.1,59.5,2400,0.0,0.0,15722,-534,64,discharging,None,None
19:47:29.659,sequential,8.4,412.2,176.4,44.0,1086.1,63.4,2400,0.0,0.0,15719,-435,64,discharging,None,None
19:47:30.163,sequential,8.4,394.8,175.4,82.4,1085.8,61.7,2400,0.0,0.0,15673,-616,64,discharging,None,None
19:47:30.666,sequential,7.9,394.8,175.4,3.0,1085.8,60.0,2400,0.0,0.0,15714,-630,64,discharging,None,None
19:47:31.170,sequential,7.9,394.8,175.4,2.5,1086.5,58.4,1600,0.0,0.0,15723,-448,64,discharging,None,None
19:47:31.680,sequential,7.9,394.8,175.4,83.1,1086.5,64.5,2400,0.0,0.0,15709,-466,64,discharging,None,None
19:47:32.184,sequential,8.3,438.9,188.5,44.1,1086.5,60.6,2400,0.0,0.0,15674,-606,64,discharging,None,None
19:47:32.687,sequential,8.3,438.9,188.5,0.0,1086.5,59.0,2400,0.0,0.0,15722,-556,64,discharging,None,None
19:47:33.195,sequential,8.3,438.9,188.5,21.4,1086.3,61.7,2400,0.0,0.0,15726,-411,64,discharging,None,None
19:47:33.699,sequential,8.3,364.6,165.9,86.2,1086.3,61.7,2400,0.0,0.0,15676,-573,64,discharging,None,None
19:47:34.202,sequential,8.3,364.6,165.9,0.0,1086.1,59.5,2400,0.0,0.0,15713,-618,64,discharging,None,None
19:47:34.705,sequential,8.3,364.6,165.9,0.0,1086.1,59.0,2400,0.0,0.0,15724,-455,64,discharging,None,None
19:47:35.214,sequential,8.3,364.7,165.9,78.8,1086.1,63.4,2400,0.0,0.0,15702,-490,64,discharging,None,None
19:47:35.718,sequential,8.3,364.7,163.9,28.9,1086.1,59.0,2400,0.0,0.0,15687,-615,64,discharging,None,None
19:47:36.222,sequential,8.3,364.7,163.9,0.0,1085.8,59.5,2400,0.0,0.0,15722,-537,64,discharging,None,None
19:47:36.728,sequential,8.3,364.7,163.9,36.6,1086.1,62.2,2400,0.0,0.0,15726,-405,64,discharging,None,None
19:47:37.231,sequential,8.3,383.7,161.1,74.5,1086.1,60.0,2400,0.0,0.0,15678,-568,64,discharging,None,None
19:47:37.735,sequential,8.3,383.7,161.1,0.0,1086.1,59.0,2400,0.0,0.0,15716,-600,64,discharging,None,None
19:47:38.238,sequential,8.3,383.7,161.1,0.5,1086.1,58.4,2400,0.0,0.0,15724,-437,64,discharging,None,None
19:47:38.747,sequential,8.3,366.3,161.1,90.0,1086.1,65.0,2400,0.0,0.0,15687,-507,64,discharging,None,None
19:47:39.250,sequential,8.3,366.3,164.2,18.2,1085.6,60.0,2400,0.0,0.0,15702,-614,64,discharging,None,None
19:47:39.754,sequential,8.3,366.3,164.2,0.0,1085.6,58.4,2400,0.0,0.0,15723,-518,64,discharging,None,None
19:47:40.264,sequential,8.3,366.3,164.2,47.5,1085.6,63.9,2400,0.0,0.0,15726,-422,64,discharging,None,None
19:47:40.767,sequential,8.3,367.1,163.9,60.5,1085.6,60.0,2400,0.0,0.0,15676,-612,64,discharging,None,None
19:47:41.271,sequential,8.3,367.1,163.9,0.0,1085.6,59.0,2400,0.0,0.0,15722,-605,64,discharging,None,None
19:47:41.779,sequential,8.3,367.1,163.9,4.5,1085.6,58.4,1800,0.0,0.0,15724,-415,64,discharging,None,None
19:47:42.283,sequential,8.3,395.5,163.9,100.0,1086.0,64.5,2400,0.0,0.0,15699,-494,64,discharging,None,None
19:47:42.787,sequential,8.3,395.5,161.9,8.5,1085.8,59.0,2400,0.0,0.0,15711,-591,64,discharging,None,None
19:47:43.291,sequential,8.3,395.5,161.9,0.0,1085.8,59.0,2400,0.0,0.0,15722,-508,64,discharging,None,None
19:47:43.799,sequential,8.3,395.5,161.9,56.5,1085.8,63.9,2400,0.0,0.0,15724,-431,64,discharging,None,None
19:47:44.302,sequential,8.3,365.3,163.4,51.5,1085.6,60.0,2400,0.0,0.0,15675,-614,64,discharging,None,None
19:47:44.806,sequential,8.3,365.3,163.4,0.0,1085.6,59.0,2400,0.0,0.0,15719,-595,64,discharging,None,None
19:47:45.316,sequential,8.3,365.3,163.4,14.0,1085.6,60.6,2400,0.0,0.0,15723,-412,64,discharging,None,None
19:47:45.819,sequential,8.3,363.5,166.2,92.6,1085.6,62.2,2400,0.0,0.0,15680,-544,64,discharging,None,None
19:47:46.323,sequential,8.3,363.5,166.2,0.0,1085.6,59.0,2400,0.0,0.0,15711,-615,64,discharging,None,None
19:47:46.826,sequential,8.3,363.5,166.2,0.0,1085.4,58.4,2400,0.0,0.0,15723,-482,64,discharging,None,None
19:47:47.335,sequential,8.3,363.5,166.2,71.6,1085.4,62.8,2400,0.0,0.0,15725,-436,64,discharging,None,None
19:47:47.839,sequential,8.3,378.2,163.8,38.9,1086.3,60.0,2400,0.0,0.0,15672,-599,64,discharging,None,None
19:47:48.342,sequential,8.3,378.2,163.8,0.5,1086.3,59.0,2400,0.0,0.0,15720,-574,64,discharging,None,None
19:47:48.851,sequential,8.3,378.2,163.8,26.5,1086.3,61.7,2400,0.0,0.0,15723,-412,64,discharging,None,None
19:47:49.354,sequential,8.3,370.9,159.1,80.8,1086.0,61.1,2400,0.0,0.0,15677,-560,64,discharging,None,None
19:47:49.858,sequential,8.3,370.9,159.1,0.0,1086.0,60.0,2400,0.0,0.0,15709,-615,64,discharging,None,None
19:47:50.361,sequential,8.3,370.9,159.1,0.0,1086.0,58.4,2400,0.0,0.0,15722,-466,64,discharging,None,None
19:47:50.868,sequential,8.3,364.5,159.1,83.7,1086.0,63.4,2400,0.0,0.0,15708,-474,64,discharging,None,None
19:47:51.372,sequential,8.3,364.5,162.0,22.6,1086.0,58.4,2400,0.0,0.0,15674,-614,64,discharging,None,None
19:47:51.875,sequential,8.3,364.5,162.0,0.0,1085.8,59.0,2400,0.0,0.0,15719,-552,64,discharging,None,None
19:47:52.383,sequential,8.3,364.5,162.0,41.0,1085.8,62.8,2400,0.0,0.0,15723,-411,64,discharging,None,None
19:47:52.887,sequential,8.3,381.4,160.8,68.5,1086.3,60.6,2400,0.0,0.0,15674,-567,64,discharging,None,None
19:47:53.390,sequential,8.3,381.4,160.8,0.0,1086.3,59.5,2400,0.0,0.0,15712,-606,64,discharging,None,None
19:47:53.893,sequential,8.3,381.4,160.8,0.0,1086.0,59.0,2400,0.0,0.0,15722,-449,64,discharging,None,None
19:47:54.400,sequential,8.3,367.1,160.8,96.0,1086.4,63.9,2400,0.0,0.0,15694,-495,64,discharging,None,None
19:47:54.904,sequential,8.3,367.1,166.0,12.0,1086.3,59.5,2400,0.0,0.0,15686,-616,64,discharging,None,None
19:47:55.407,sequential,8.3,367.1,166.0,0.0,1086.3,59.5,2400,0.0,0.0,15719,-532,64,discharging,None,None
19:47:55.915,sequential,8.3,367.1,166.0,52.7,1086.3,62.8,2400,0.0,0.0,15722,-411,64,discharging,None,None
19:47:56.418,sequential,8.3,368.9,164.8,55.9,1088.1,60.6,2400,0.0,0.0,15670,-600,64,discharging,None,None
19:47:56.922,sequential,8.3,368.9,164.8,0.0,1087.7,59.0,2400,0.0,0.0,15714,-523,64,discharging,None,None
19:47:57.431,sequential,8.3,368.9,164.8,8.5,1087.7,57.9,1800,0.0,0.0,15722,-414,64,discharging,None,None
19:47:57.937,sequential,8.3,369.5,166.2,99.0,1087.7,63.4,2400,0.0,0.0,15674,-600,64,discharging,None,None
19:47:58.441,sequential,8.3,369.5,166.2,2.4,1087.5,59.0,2400,0.0,0.0,15716,-605,64,discharging,None,None
19:47:58.944,sequential,8.3,369.5,166.2,2.0,1087.4,59.0,2400,0.0,0.0,15721,-420,64,discharging,None,None
19:47:59.452,sequential,8.3,369.5,166.2,66.0,1087.4,63.9,2400,0.0,0.0,15681,-526,64,discharging,None,None
19:47:59.955,sequential,8.3,366.3,163.8,41.8,1087.2,60.0,2400,0.0,0.0,15708,-616,64,discharging,None,None
19:48:00.459,sequential,8.3,366.3,163.8,0.0,1087.2,59.0,2400,0.0,0.0,15720,-502,64,discharging,None,None
19:48:00.967,sequential,8.3,366.3,163.8,23.3,1086.7,61.7,2400,0.0,0.0,15721,-435,64,discharging,None,None
19:48:01.470,sequential,8.3,365.8,164.2,85.1,1086.7,61.7,2400,0.0,0.0,15673,-615,64,discharging,None,None
19:48:01.974,sequential,8.3,365.8,164.2,0.0,1086.4,59.0,2400,0.0,0.0,15717,-592,64,discharging,None,None
19:48:02.477,sequential,8.3,365.8,164.2,0.0,1086.4,58.4,1800,0.0,0.0,15721,-412,64,discharging,None,None
19:48:02.988,sequential,8.3,380.7,164.2,80.1,1086.4,63.9,2400,0.0,0.0,15680,-526,64,discharging,None,None
19:48:03.491,sequential,8.3,380.7,166.5,30.2,1086.3,59.5,2400,0.0,0.0,15708,-599,64,discharging,None,None
19:48:03.995,sequential,8.3,380.7,166.5,0.0,1086.3,59.0,2400,0.0,0.0,15721,-484,64,discharging,None,None
19:48:04.503,sequential,8.3,380.7,166.5,34.3,1086.6,62.8,2400,0.0,0.0,15721,-452,64,discharging,None,None
19:48:05.006,sequential,8.3,364.9,172.2,74.4,1086.6,60.6,2400,0.0,0.0,15670,-615,64,discharging,None,None
19:48:05.510,sequential,8.3,364.9,172.2,0.0,1086.6,59.0,2400,0.0,0.0,15717,-576,64,discharging,None,None
