Timestamp,Schedule_Mode,FPS,Leaf_Lat_ms,Pest_Lat_ms,CPU_%,RAM_MB,Temp_C,Freq_MHz,GPU_%,GPU_MHz,Batt_Voltage_mV,Batt_Current_mA,Batt_Percent,Batt_State,Leaf_Detections,Pest_Detections
17:16:28.408,parallel,0.0,0.0,0.0,0.0,977.0,49.6,2400,0.0,0.0,16585,-465,93,discharging,None,None
17:16:28.911,parallel,0.0,0.0,0.0,0.0,977.2,48.5,2400,0.0,0.0,16594,-308,93,discharging,None,None
17:16:29.415,parallel,0.0,0.0,0.0,0.5,977.2,48.0,2400,0.0,0.0,16596,-280,93,discharging,None,None
17:16:29.918,parallel,0.0,0.0,0.0,0.0,977.2,48.5,2400,0.0,0.0,16596,-277,93,discharging,None,None
17:16:30.422,parallel,0.0,0.0,0.0,0.0,977.2,48.5,2400,0.0,0.0,16596,-277,93,discharging,None,None
17:16:30.925,parallel,0.0,0.0,0.0,0.5,971.4,48.0,2400,0.0,0.0,16598,-273,93,discharging,None,None
17:16:31.429,parallel,0.0,0.0,0.0,0.0,971.4,47.4,1500,0.0,0.0,16604,-250,93,discharging,None,None
17:16:31.932,parallel,0.0,0.0,0.0,0.0,971.4,46.3,1500,0.0,0.0,16606,-223,93,discharging,None,None
17:16:32.436,parallel,0.0,0.0,0.0,0.0,971.4,46.9,1500,0.0,0.0,16607,-216,93,discharging,None,None
17:16:32.940,parallel,0.0,0.0,0.0,0.0,971.8,46.3,1500,0.0,0.0,16608,-216,93,discharging,None,None
17:16:33.443,parallel,0.0,0.0,0.0,0.0,971.8,46.3,1500,0.0,0.0,16608,-216,93,discharging,None,None
17:16:33.947,parallel,0.0,0.0,0.0,0.0,967.9,46.9,1500,0.0,0.0,16608,-215,93,discharging,None,None
17:16:34.450,parallel,0.0,0.0,0.0,0.0,967.9,46.9,1500,0.0,0.0,16607,-216,93,discharging,None,None
17:16:34.954,parallel,0.0,0.0,0.0,0.0,967.9,46.9,1500,0.0,0.0,16607,-216,93,discharging,None,None
17:16:35.457,parallel,0.0,0.0,0.0,0.5,973.7,46.9,1500,0.0,0.0,16607,-216,93,discharging,None,None
17:16:35.961,parallel,0.0,0.0,0.0,1.0,973.6,45.8,1500,0.0,0.0,16606,-218,93,discharging,None,None
17:16:36.465,parallel,0.0,0.0,0.0,0.5,973.6,46.3,1500,0.0,0.0,16608,-218,93,discharging,None,None
17:16:36.969,parallel,0.0,0.0,0.0,0.5,973.4,46.3,1500,0.0,0.0,16608,-217,93,discharging,None,None
17:16:37.472,parallel,0.0,0.0,0.0,1.0,973.6,46.3,1500,0.0,0.0,16607,-216,93,discharging,None,None
17:16:37.976,parallel,0.0,0.0,0.0,1.0,969.7,45.8,1500,0.0,0.0,16608,-217,93,discharging,None,None
17:16:38.480,parallel,0.0,0.0,0.0,0.0,970.0,46.9,1500,0.0,0.0,16608,-217,93,discharging,None,None
17:16:38.984,parallel,0.0,0.0,0.0,0.0,979.3,46.3,1500,0.0,0.0,16609,-216,93,discharging,None,None
17:16:39.487,parallel,0.0,0.0,0.0,0.5,979.3,46.3,1500,0.0,0.0,16607,-216,93,discharging,None,None
17:16:39.991,parallel,0.0,0.0,0.0,0.0,978.2,46.3,1500,0.0,0.0,16608,-216,93,discharging,None,None
17:16:40.494,parallel,0.0,0.0,0.0,0.0,978.2,46.3,1500,0.0,0.0,16608,-215,93,discharging,None,None
17:16:40.998,parallel,0.0,0.0,0.0,0.0,972.9,46.3,1500,0.0,0.0,16609,-215,93,discharging,None,None
17:16:41.501,parallel,0.0,0.0,0.0,0.0,972.9,45.8,1500,0.0,0.0,16608,-215,93,discharging,None,None
17:16:42.005,parallel,0.0,0.0,0.0,0.0,972.8,46.9,1500,0.0,0.0,16607,-215,93,discharging,None,None
17:16:42.508,parallel,0.0,0.0,0.0,0.0,972.8,45.8,1500,0.0,0.0,16607,-215,93,discharging,None,None
17:16:43.012,parallel,0.0,0.0,0.0,0.0,971.8,45.8,1500,0.0,0.0,16607,-215,93,discharging,None,None
17:16:43.516,parallel,0.0,0.0,0.0,0.0,971.8,45.8,1500,0.0,0.0,16606,-216,93,discharging,None,None
17:16:44.019,parallel,0.0,0.0,0.0,0.5,967.2,45.2,1500,0.0,0.0,16607,-215,93,discharging,None,None
17:16:44.523,parallel,0.0,0.0,0.0,0.0,967.2,45.8,1500,0.0,0.0,16607,-215,93,discharging,None,None
17:16:45.026,parallel,0.0,0.0,0.0,0.0,965.4,45.8,1500,0.0,0.0,16606,-215,93,discharging,None,None
17:16:45.530,parallel,0.0,0.0,0.0,0.0,965.4,45.8,1500,0.0,0.0,16608,-215,93,discharging,None,None
17:16:46.033,parallel,0.0,0.0,0.0,0.0,964.1,45.8,1500,0.0,0.0,16608,-215,93,discharging,None,None
17:16:46.537,parallel,0.0,0.0,0.0,0.0,964.4,45.8,1500,0.0,0.0,16606,-215,93,discharging,None,None
17:16:47.040,parallel,0.0,0.0,0.0,0.0,960.8,45.8,1500,0.0,0.0,16608,-215,93,discharging,None,None
17:16:47.544,parallel,0.0,0.0,0.0,0.0,960.8,45.8,1500,0.0,0.0,16607,-215,93,discharging,None,None
17:16:48.047,parallel,0.0,0.0,0.0,0.0,959.2,46.9,1500,0.0,0.0,16608,-215,93,discharging,None,None
17:16:48.551,parallel,0.0,0.0,0.0,0.0,959.9,45.8,1500,0.0,0.0,16607,-215,93,discharging,None,None
17:16:49.055,parallel,0.0,0.0,0.0,0.0,958.5,45.8,1500,0.0,0.0,16608,-215,93,discharging,None,None
17:16:49.558,parallel,0.0,0.0,0.0,0.0,958.5,45.8,1500,0.0,0.0,16607,-215,93,discharging,None,None
17:16:50.062,parallel,0.0,0.0,0.0,0.0,955.2,45.8,1500,0.0,0.0,16608,-216,93,discharging,None,None
17:16:50.565,parallel,0.0,0.0,0.0,0.0,955.2,45.8,1500,0.0,0.0,16606,-215,93,discharging,None,None
17:16:51.069,parallel,0.0,0.0,0.0,0.0,955.2,45.8,1500,0.0,0.0,16607,-215,93,discharging,None,None
17:16:51.572,parallel,0.0,0.0,0.0,0.0,955.2,45.2,1500,0.0,0.0,16607,-215,93,discharging,None,None
17:16:52.076,parallel,0.0,0.0,0.0,0.0,954.4,44.1,1500,0.0,0.0,16607,-215,93,discharging,None,None
17:16:52.579,parallel,0.0,0.0,0.0,0.0,954.4,45.2,1500,0.0,0.0,16607,-215,93,discharging,None,None
17:16:53.083,parallel,0.0,0.0,0.0,0.0,954.2,45.8,1500,0.0,0.0,16607,-215,93,discharging,None,None
17:16:53.586,parallel,0.0,0.0,0.0,0.0,954.2,45.2,1500,0.0,0.0,16607,-215,93,discharging,None,None
17:16:54.090,parallel,0.0,0.0,0.0,0.0,955.6,46.9,1500,0.0,0.0,16606,-215,93,discharging,None,None
17:16:54.593,parallel,0.0,0.0,0.0,0.0,955.6,45.2,1500,0.0,0.0,16606,-214,93,discharging,None,None
17:16:55.097,parallel,0.0,0.0,0.0,0.0,955.6,45.8,1500,0.0,0.0,16607,-215,93,discharging,None,None
17:16:55.601,parallel,0.0,0.0,0.0,0.0,955.6,46.3,1500,0.0,0.0,16606,-215,93,discharging,None,None
17:16:56.104,parallel,0.0,0.0,0.0,0.0,955.1,45.8,1500,0.0,0.0,16607,-215,93,discharging,None,None
17:16:56.608,parallel,0.0,0.0,0.0,0.0,955.1,46.3,1500,0.0,0.0,16607,-215,93,discharging,None,None
17:16:57.111,parallel,0.0,0.0,0.0,0.0,954.5,45.8,1500,0.0,0.0,16607,-215,93,discharging,None,None
17:16:57.615,parallel,0.0,0.0,0.0,0.0,954.5,45.2,1500,0.0,0.0,16607,-215,93,discharging,None,None
17:16:58.118,parallel,0.0,0.0,0.0,0.5,954.3,45.8,1500,0.0,0.0,16605,-215,93,discharging,None,None
17:16:58.622,parallel,0.0,0.0,0.0,0.0,954.3,45.8,1500,0.0,0.0,16606,-215,93,discharging,None,None
17:16:59.126,parallel,0.0,0.0,0.0,0.0,954.2,45.8,1500,0.0,0.0,16606,-215,93,discharging,None,None
17:16:59.629,parallel,0.0,0.0,0.0,0.0,955.1,45.2,1500,0.0,0.0,16606,-215,93,discharging,None,None
17:17:00.133,parallel,0.0,0.0,0.0,0.0,954.5,45.2,1500,0.0,0.0,16605,-214,93,discharging,None,None
17:17:00.636,parallel,0.0,0.0,0.0,0.0,954.5,45.2,1500,0.0,0.0,16606,-215,93,discharging,None,None
17:17:01.140,parallel,0.0,0.0,0.0,0.0,954.2,45.8,1500,0.0,0.0,16605,-215,93,discharging,None,None
17:17:01.643,parallel,0.0,0.0,0.0,0.0,954.2,45.2,1500,0.0,0.0,16605,-215,93,discharging,None,None
17:17:02.147,parallel,0.0,0.0,0.0,0.5,992.8,45.8,1500,0.0,0.0,16605,-215,93,discharging,None,None
17:17:02.650,parallel,0.0,0.0,0.0,0.5,992.8,45.8,1500,0.0,0.0,16606,-216,93,discharging,None,None
17:17:03.154,parallel,0.0,0.0,0.0,0.0,992.2,45.2,1500,0.0,0.0,16607,-215,93,discharging,None,None
17:17:03.658,parallel,0.0,0.0,0.0,0.0,992.2,45.2,1500,0.0,0.0,16607,-215,93,discharging,None,None
17:17:04.161,parallel,0.0,0.0,0.0,0.0,987.2,45.2,1500,0.0,0.0,16606,-215,93,discharging,None,None
17:17:04.665,parallel,0.0,0.0,0.0,0.0,987.2,45.2,1500,0.0,0.0,16606,-214,93,discharging,None,None
17:17:05.168,parallel,0.0,0.0,0.0,0.0,982.0,45.8,1500,0.0,0.0,16606,-215,93,discharging,None,None
17:17:05.672,parallel,0.0,0.0,0.0,0.0,982.0,45.8,1500,0.0,0.0,16605,-215,93,discharging,None,None
17:17:06.175,parallel,0.0,0.0,0.0,0.0,980.0,45.2,1500,0.0,0.0,16605,-215,93,discharging,None,None
17:17:06.679,parallel,0.0,0.0,0.0,0.0,980.0,45.2,1500,0.0,0.0,16605,-215,93,discharging,None,None
17:17:07.182,parallel,0.0,0.0,0.0,0.5,974.9,45.8,1500,0.0,0.0,16605,-215,93,discharging,None,None
17:17:07.686,parallel,0.0,0.0,0.0,0.0,974.9,45.8,1500,0.0,0.0,16605,-216,93,discharging,None,None
17:17:08.190,parallel,0.0,0.0,0.0,0.0,971.2,45.2,1500,0.0,0.0,16605,-215,93,discharging,None,None
17:17:08.693,parallel,0.0,0.0,0.0,0.0,972.2,45.2,1500,0.0,0.0,16605,-214,93,discharging,None,None
17:17:09.197,parallel,0.0,0.0,0.0,0.0,970.4,45.2,1500,0.0,0.0,16604,-215,93,discharging,None,None
17:17:09.700,parallel,0.0,0.0,0.0,0.0,970.4,44.6,1500,0.0,0.0,16604,-215,93,discharging,None,None
17:17:10.204,parallel,0.0,0.0,0.0,0.0,965.7,45.8,1500,0.0,0.0,16606,-215,93,discharging,None,None
17:17:10.707,parallel,0.0,0.0,0.0,0.0,965.6,45.2,1500,0.0,0.0,16605,-215,93,discharging,None,None
17:17:11.211,parallel,0.0,0.0,0.0,0.0,962.8,45.2,1500,0.0,0.0,16605,-215,93,discharging,None,None
17:17:11.714,parallel,0.0,0.0,0.0,0.0,962.6,45.8,1500,0.0,0.0,16604,-215,93,discharging,None,None
17:17:12.218,parallel,0.0,0.0,0.0,0.0,961.8,45.2,1500,0.0,0.0,16603,-215,93,discharging,None,None
17:17:12.722,parallel,0.0,0.0,0.0,0.0,961.8,45.2,1500,0.0,0.0,16603,-215,93,discharging,None,None
17:17:13.225,parallel,0.0,0.0,0.0,0.0,960.7,45.2,1500,0.0,0.0,16605,-215,93,discharging,None,None
17:17:13.729,parallel,0.0,0.0,0.0,0.0,960.7,45.2,1500,0.0,0.0,16603,-215,93,discharging,None,None
17:17:14.232,parallel,0.0,0.0,0.0,0.0,958.6,45.8,1500,0.0,0.0,16605,-215,93,discharging,None,None
17:17:14.736,parallel,0.0,0.0,0.0,0.0,958.6,45.8,1500,0.0,0.0,16604,-215,93,discharging,None,None
17:17:15.239,parallel,0.0,0.0,0.0,0.5,958.1,45.2,1500,0.0,0.0,16603,-215,93,discharging,None,None
17:17:15.743,parallel,0.0,0.0,0.0,0.0,958.1,45.2,1500,0.0,0.0,16603,-215,93,discharging,None,None
17:17:16.246,parallel,0.0,0.0,0.0,0.0,957.4,44.6,1500,0.0,0.0,16603,-216,93,discharging,None,None
17:17:16.750,parallel,0.0,0.0,0.0,0.0,957.4,45.2,1500,0.0,0.0,16604,-216,93,discharging,None,None
17:17:17.253,parallel,0.0,0.0,0.0,0.0,956.8,45.2,1500,0.0,0.0,16604,-215,93,discharging,None,None
17:17:17.757,parallel,0.0,0.0,0.0,0.0,956.8,45.2,1500,0.0,0.0,16603,-215,93,discharging,None,None
17:17:18.261,parallel,0.0,0.0,0.0,0.5,955.3,45.2,1500,0.0,0.0,16602,-219,93,discharging,None,None
17:17:18.764,parallel,0.0,0.0,0.0,0.0,956.3,45.2,1500,0.0,0.0,16600,-230,93,discharging,None,None
17:17:19.268,parallel,0.0,0.0,0.0,0.0,956.8,44.6,1500,0.0,0.0,16600,-237,93,discharging,None,None
17:17:19.771,parallel,0.0,0.0,0.0,0.0,956.8,45.2,1500,0.0,0.0,16600,-237,93,discharging,None,None
17:17:20.275,parallel,0.0,0.0,0.0,0.0,956.0,45.8,1500,0.0,0.0,16601,-236,93,discharging,None,None
17:17:20.779,parallel,0.0,0.0,0.0,1.5,958.9,44.6,1500,0.0,0.0,16603,-229,93,discharging,None,None
17:17:21.282,parallel,0.0,0.0,0.0,0.0,957.0,45.2,1500,0.0,0.0,16602,-219,93,discharging,None,None
17:17:21.786,parallel,0.0,0.0,0.0,0.0,957.0,45.8,1500,0.0,0.0,16602,-216,93,discharging,None,None
17:17:22.289,parallel,0.0,0.0,0.0,0.0,956.8,45.8,1500,0.0,0.0,16603,-215,93,discharging,None,None
17:17:22.793,parallel,0.0,0.0,0.0,0.0,956.8,45.2,1500,0.0,0.0,16603,-214,93,discharging,None,None
17:17:23.297,parallel,0.0,0.0,0.0,0.0,954.9,45.2,1500,0.0,0.0,16602,-215,93,discharging,None,None
17:17:23.800,parallel,0.0,0.0,0.0,0.0,954.5,45.2,1500,0.0,0.0,16602,-216,93,discharging,None,None
17:17:24.304,parallel,0.0,0.0,0.0,0.0,954.5,45.2,1500,0.0,0.0,16602,-215,93,discharging,None,None
17:17:24.807,parallel,0.0,0.0,0.0,0.0,954.3,45.8,1500,0.0,0.0,16602,-215,93,discharging,None,None
17:17:25.311,parallel,0.0,0.0,0.0,0.0,954.3,45.2,1500,0.0,0.0,16602,-215,93,discharging,None,None
17:17:25.814,parallel,0.0,0.0,0.0,0.0,954.1,44.6,1500,0.0,0.0,16602,-215,93,discharging,None,None
17:17:26.318,parallel,0.0,0.0,0.0,0.0,953.4,45.8,1500,0.0,0.0,16602,-215,93,discharging,None,None
17:17:26.821,parallel,0.0,0.0,0.0,0.0,953.0,45.8,1500,0.0,0.0,16603,-215,93,discharging,None,None
17:17:27.325,parallel,0.0,0.0,0.0,0.0,953.0,45.2,1500,0.0,0.0,16602,-215,93,discharging,None,None
17:17:27.828,parallel,0.0,0.0,0.0,0.0,952.8,45.8,1500,0.0,0.0,16602,-216,93,discharging,None,None
17:17:28.332,parallel,0.0,0.0,0.0,0.0,952.8,46.9,1500,0.0,0.0,16601,-215,93,discharging,None,None
17:17:28.835,parallel,0.0,0.0,0.0,9.5,955.1,45.8,2400,0.0,0.0,16596,-237,93,discharging,None,None
17:17:29.347,parallel,0.0,0.0,0.0,68.1,1096.9,50.7,2400,0.0,0.0,16548,-378,93,discharging,None,None
17:17:29.850,parallel,0.0,689.3,441.2,71.9,1127.1,49.6,2400,0.0,0.0,16519,-580,93,discharging,None,None
17:17:30.354,parallel,6.2,689.3,441.2,2.5,1127.1,48.0,2400,0.0,0.0,16568,-520,93,discharging,None,None
17:17:30.866,parallel,6.2,689.3,441.2,72.4,1142.6,53.5,2400,0.0,0.0,16534,-461,93,discharging,None,None
17:17:31.370,parallel,8.3,710.3,477.2,71.4,1142.6,49.6,2400,0.0,0.0,16514,-616,93,discharging,None,None
17:17:31.873,parallel,8.3,710.3,477.2,2.5,1142.6,49.6,2400,0.0,0.0,16563,-531,93,discharging,None,None
17:17:32.390,parallel,8.3,710.3,477.2,75.4,1142.6,54.5,2400,0.0,0.0,16528,-468,93,discharging,None,None
17:17:32.894,parallel,8.2,549.8,322.8,56.3,1138.6,50.7,2400,0.0,0.0,16513,-600,93,discharging,None,None
17:17:33.404,parallel,8.2,549.8,322.8,10.9,1138.6,52.9,2400,0.0,0.0,16561,-508,93,discharging,None,None
17:17:33.908,parallel,8.3,413.4,322.8,87.4,1138.6,54.0,2400,0.0,0.0,16526,-510,93,discharging,None,None
17:17:34.411,parallel,8.3,413.4,166.7,25.5,1138.6,51.2,2400,0.0,0.0,16554,-569,93,discharging,None,None
17:17:34.920,parallel,8.4,413.4,166.7,70.6,1138.8,56.2,2400,0.0,0.0,16534,-511,93,discharging,None,None
17:17:35.424,parallel,8.4,395.3,157.9,47.5,1136.9,53.5,2400,0.0,0.0,16548,-543,93,discharging,None,None
17:17:35.931,parallel,8.4,395.3,157.9,34.2,1136.5,54.0,2400,0.0,0.0,16554,-508,93,discharging,None,None
17:17:36.434,parallel,8.3,403.6,157.9,50.5,1132.8,51.2,2400,0.0,0.0,16509,-550,93,discharging,None,None
17:17:36.938,parallel,8.3,403.6,158.0,35.8,1132.0,52.4,2400,0.0,0.0,16526,-565,93,discharging,None,None
17:17:37.442,parallel,8.3,403.3,158.0,82.6,1132.0,54.5,2400,0.0,0.0,16514,-552,93,discharging,None,None
17:17:37.952,parallel,8.3,403.3,158.0,6.4,1129.1,52.4,2400,0.0,0.0,16549,-521,93,discharging,None,None
17:17:38.457,parallel,8.3,403.3,167.2,88.6,1130.0,56.8,2400,0.0,0.0,16533,-505,93,discharging,None,None
17:17:38.961,parallel,8.3,395.6,167.2,26.4,1126.5,52.9,2400,0.0,0.0,16539,-579,93,discharging,None,None
17:17:39.472,parallel,8.3,395.6,167.2,35.6,1126.5,55.1,2400,0.0,0.0,16557,-482,93,discharging,None,None
17:17:39.976,parallel,8.3,588.5,395.8,99.0,1125.6,57.3,2400,0.0,0.0,16504,-555,93,discharging,None,None
17:17:40.480,parallel,8.3,588.5,395.8,3.5,1125.1,52.9,2400,0.0,0.0,16540,-604,93,discharging,None,None
17:17:41.267,parallel,8.3,588.5,395.8,65.3,1124.7,57.9,2400,0.0,0.0,16517,-480,93,discharging,None,None
17:17:41.770,parallel,8.3,651.8,261.5,57.9,1121.7,53.5,2400,0.0,0.0,16504,-629,93,discharging,None,None
17:17:42.279,parallel,8.3,651.8,261.5,15.3,1117.8,54.5,2400,0.0,0.0,16552,-529,93,discharging,None,None
17:17:42.785,parallel,6.7,394.6,261.5,78.5,1117.8,56.2,2400,0.0,0.0,16507,-513,93,discharging,None,None
17:17:43.289,parallel,6.7,394.6,159.8,25.5,1115.8,53.5,2400,0.0,0.0,16531,-577,93,discharging,None,None
17:17:43.796,parallel,8.3,394.6,159.8,76.8,1115.8,57.3,2400,0.0,0.0,16535,-507,93,discharging,None,None
17:17:44.304,parallel,8.3,406.6,170.4,43.3,1113.0,55.6,2400,0.0,0.0,16543,-514,93,discharging,None,None
17:17:44.812,parallel,8.3,406.6,170.4,40.4,1114.0,57.9,2400,0.0,0.0,16540,-507,93,discharging,None,None
17:17:45.315,parallel,8.3,399.4,170.4,43.1,1112.2,54.0,2400,0.0,0.0,16498,-577,93,discharging,None,None
17:17:45.823,parallel,8.3,399.4,164.1,36.9,1111.5,55.1,2400,0.0,0.0,16539,-570,93,discharging,None,None
17:17:46.327,parallel,8.3,390.6,164.1,79.7,1111.5,55.1,2400,0.0,0.0,16508,-540,93,discharging,None,None
17:17:46.836,parallel,8.3,390.6,164.1,1.5,1110.5,53.5,2400,0.0,0.0,16538,-529,93,discharging,None,None
17:17:47.344,parallel,8.4,390.6,163.5,99.0,1110.5,57.9,2400,0.0,0.0,16513,-510,93,discharging,None,None
17:17:47.848,parallel,8.4,397.2,163.5,17.0,1120.3,54.5,2400,0.0,0.0,16520,-580,93,discharging,None,None
17:17:48.359,parallel,8.3,397.2,163.5,34.2,1120.3,57.3,2400,0.0,0.0,16547,-489,93,discharging,None,None
17:17:48.863,parallel,8.3,397.2,527.5,100.0,1119.9,59.5,2400,0.0,0.0,16505,-522,93,discharging,None,None
17:17:49.367,parallel,8.3,737.0,527.5,20.8,1122.2,55.1,2400,0.0,0.0,16515,-635,93,discharging,None,None
17:17:49.875,parallel,8.4,737.0,527.5,26.9,1123.4,56.8,2400,0.0,0.0,16547,-494,93,discharging,None,None
17:17:50.381,parallel,8.4,737.0,380.3,100.0,1123.4,59.5,2400,0.0,0.0,16507,-511,93,discharging,None,None
17:17:50.885,parallel,8.3,666.6,380.3,10.5,1118.7,54.5,2400,0.0,0.0,16524,-609,93,discharging,None,None
17:17:51.392,parallel,8.3,666.6,380.3,37.1,1118.7,59.0,2400,0.0,0.0,16547,-478,93,discharging,None,None
17:17:51.897,parallel,8.3,635.2,380.3,100.0,1118.3,59.0,2400,0.0,0.0,16500,-528,93,discharging,None,None
17:17:52.400,parallel,8.3,635.2,402.3,7.0,1116.8,54.5,2400,0.0,0.0,16526,-620,93,discharging,None,None
17:17:52.909,parallel,8.3,635.2,402.3,52.7,1115.3,58.4,2400,0.0,0.0,16544,-475,93,discharging,None,None
17:17:53.462,parallel,8.2,402.5,358.5,80.9,1114.5,55.1,2400,0.0,0.0,16493,-537,93,discharging,None,None
17:17:53.970,parallel,8.2,402.5,358.5,25.0,1112.2,56.2,1700,0.0,0.0,16528,-611,93,discharging,None,None
17:17:54.473,parallel,8.2,408.2,358.5,62.1,1113.8,55.1,2400,0.0,0.0,16511,-545,93,discharging,None,None
17:17:54.977,parallel,7.3,408.2,164.4,36.0,1111.4,55.1,2400,0.0,0.0,16533,-511,93,discharging,None,None
17:17:55.481,parallel,7.3,399.8,164.4,82.6,1111.4,59.0,2400,0.0,0.0,16532,-513,93,discharging,None,None
17:17:55.985,parallel,8.3,399.8,164.4,2.0,1110.7,55.6,2400,0.0,0.0,16517,-580,93,discharging,None,None
17:17:56.492,parallel,8.3,399.8,163.5,81.2,1110.7,60.0,2400,0.0,0.0,16530,-538,93,discharging,None,None
17:17:56.995,parallel,8.3,399.4,163.5,37.0,1108.4,55.6,2400,0.0,0.0,16490,-589,93,discharging,None,None
17:17:57.507,parallel,8.3,399.4,163.5,21.6,1108.4,56.8,2400,0.0,0.0,16536,-548,93,discharging,None,None
17:17:58.018,parallel,8.3,399.4,455.6,100.0,1108.4,59.5,2400,0.0,0.0,16502,-491,93,discharging,None,None
17:17:58.521,parallel,8.3,637.9,455.6,23.0,1114.9,55.6,2400,0.0,0.0,16483,-641,93,discharging,None,None
17:17:59.028,parallel,8.3,637.9,455.6,27.2,1118.6,57.3,1900,0.0,0.0,16535,-548,93,discharging,None,None
17:17:59.539,parallel,8.2,637.9,455.6,100.0,1118.6,60.0,2400,0.0,0.0,16511,-482,93,discharging,None,None
17:18:00.042,parallel,8.2,776.1,533.1,32.5,1124.3,56.2,2400,0.0,0.0,16483,-651,93,discharging,None,None
17:18:00.551,parallel,8.4,776.1,533.1,15.4,1124.3,57.9,2400,0.0,0.0,16534,-567,93,discharging,None,None
17:18:01.054,parallel,8.4,776.1,533.1,100.0,1123.3,60.6,2400,0.0,0.0,16506,-475,93,discharging,None,None
17:18:01.558,parallel,8.4,708.6,375.3,31.8,1121.6,55.6,2400,0.0,0.0,16485,-639,93,discharging,None,None
17:18:02.069,parallel,8.4,708.6,375.3,16.5,1118.2,57.9,2400,0.0,0.0,16532,-477,93,discharging,None,None
17:18:02.575,parallel,8.4,431.1,193.2,100.0,1118.2,60.0,2400,0.0,0.0,16485,-563,93,discharging,None,None
17:18:03.079,parallel,8.3,431.1,193.2,2.0,1116.6,55.6,2400,0.0,0.0,16524,-600,93,discharging,None,None
17:18:03.587,parallel,8.3,431.1,193.2,72.6,1116.6,60.0,2400,0.0,0.0,16496,-523,93,discharging,None,None
17:18:04.091,parallel,8.3,393.1,174.3,46.8,1114.4,56.8,2400,0.0,0.0,16494,-600,93,discharging,None,None
17:18:04.599,parallel,8.3,393.1,174.3,37.5,1114.4,60.6,2400,0.0,0.0,16531,-532,93,discharging,None,None
17:18:05.102,parallel,8.3,393.9,174.3,46.0,1113.0,56.8,2400,0.0,0.0,16494,-541,93,discharging,None,None
17:18:05.607,parallel,8.3,393.9,158.7,44.5,1113.0,56.2,2400,0.0,0.0,16506,-586,93,discharging,None,None
17:18:06.112,parallel,8.3,411.2,158.7,83.7,1111.7,59.0,2400,0.0,0.0,16486,-600,93,discharging,None,None
17:18:06.620,parallel,7.9,411.2,158.7,26.2,1111.7,59.5,2400,0.0,0.0,16529,-545,93,discharging,None,None
17:18:07.124,parallel,7.9,411.2,164.0,71.3,1111.1,60.0,2400,0.0,0.0,16508,-523,93,discharging,None,None
17:18:07.627,parallel,7.9,407.1,164.0,24.5,1110.4,56.2,2400,0.0,0.0,16520,-599,93,discharging,None,None
17:18:08.135,parallel,8.4,407.1,163.4,54.5,1109.9,59.5,2400,0.0,0.0,16526,-531,93,discharging,None,None
17:18:08.639,parallel,8.4,403.6,163.4,62.9,1109.7,56.8,2400,0.0,0.0,16477,-597,93,discharging,None,None
17:18:09.142,parallel,8.3,403.6,163.4,2.5,1121.4,55.1,1900,0.0,0.0,16529,-551,93,discharging,None,None
17:18:09.655,parallel,8.3,403.6,163.4,83.8,1121.4,60.0,2400,0.0,0.0,16504,-470,93,discharging,None,None
17:18:10.158,parallel,8.3,740.1,547.4,67.7,1118.5,56.8,2400,0.0,0.0,16477,-634,93,discharging,None,None
17:18:10.662,parallel,8.3,740.1,547.4,2.0,1119.4,56.2,2400,0.0,0.0,16528,-562,93,discharging,None,None
17:18:11.174,parallel,8.3,740.1,547.4,77.9,1118.8,59.5,2400,0.0,0.0,16497,-478,93,discharging,None,None
17:18:11.678,parallel,8.3,702.5,451.6,63.9,1118.1,57.9,2400,0.0,0.0,16475,-638,93,discharging,None,None
17:18:12.182,parallel,8.3,702.5,451.6,3.0,1115.5,55.6,2400,0.0,0.0,16526,-556,93,discharging,None,None
17:18:12.694,parallel,8.4,702.5,451.6,81.3,1115.5,60.0,2400,0.0,0.0,16493,-484,93,discharging,None,None
17:18:13.198,parallel,8.4,507.4,269.5,44.8,1113.6,56.8,2400,0.0,0.0,16482,-613,93,discharging,None,None
17:18:13.707,parallel,8.4,507.4,269.5,24.9,1113.6,59.0,2400,0.0,0.0,16526,-525,93,discharging,None,None
17:18:14.211,parallel,8.3,395.6,269.5,80.9,1113.4,60.0,2400,0.0,0.0,16478,-540,93,discharging,None,None
17:18:14.715,parallel,8.3,395.6,158.6,13.5,1113.4,56.2,2400,0.0,0.0,16520,-598,93,discharging,None,None
17:18:15.218,parallel,8.3,399.2,158.6,81.6,1111.8,59.0,2400,0.0,0.0,16492,-546,93,discharging,None,None
17:18:15.722,parallel,8.3,399.2,160.0,36.6,1111.8,57.3,2400,0.0,0.0,16516,-571,93,discharging,None,None
17:18:16.232,parallel,8.3,399.2,160.0,49.8,1110.4,60.0,2400,0.0,0.0,16523,-528,93,discharging,None,None
17:18:16.735,parallel,8.3,395.6,160.0,34.3,1110.4,56.8,2400,0.0,0.0,16494,-565,93,discharging,None,None
17:18:17.243,parallel,8.3,395.6,159.6,49.0,1109.5,58.4,2400,0.0,0.0,16490,-575,93,discharging,None,None
17:18:17.749,parallel,8.3,573.0,159.6,92.6,1109.5,58.4,2400,0.0,0.0,16481,-585,93,discharging,None,None
17:18:18.256,parallel,8.3,573.0,159.6,18.7,1112.9,59.5,2400,0.0,0.0,16513,-571,93,discharging,None,None
17:18:18.760,parallel,8.3,573.0,170.0,62.7,1113.7,60.6,2400,0.0,0.0,16515,-505,93,discharging,None,None
17:18:19.264,parallel,7.2,392.7,170.0,41.6,1113.2,56.2,2400,0.0,0.0,16475,-599,93,discharging,None,None
17:18:19.772,parallel,7.2,392.7,177.1,43.8,1113.2,59.0,2400,0.0,0.0,16524,-536,93,discharging,None,None
17:18:20.276,parallel,8.3,403.3,177.1,77.2,1112.7,58.4,2400,0.0,0.0,16476,-556,93,discharging,None,None
17:18:20.779,parallel,8.3,403.3,177.1,2.5,1112.7,56.2,2400,0.0,0.0,16517,-577,93,discharging,None,None
17:18:21.289,parallel,8.3,403.3,177.1,72.3,1110.4,60.6,2400,0.0,0.0,16513,-472,93,discharging,None,None
17:18:21.793,parallel,8.3,696.5,519.5,76.0,1112.4,58.4,2400,0.0,0.0,16473,-625,93,discharging,None,None
17:18:22.297,parallel,8.3,696.5,519.5,3.0,1112.0,56.8,2400,0.0,0.0,16516,-598,93,discharging,None,None
17:18:22.803,parallel,8.4,696.5,519.5,70.3,1112.0,60.6,2400,0.0,0.0,16518,-469,93,discharging,None,None
17:18:23.307,parallel,8.4,661.6,400.1,65.2,1111.1,57.9,2400,0.0,0.0,16472,-618,93,discharging,None,None
17:18:23.811,parallel,8.3,661.6,400.1,2.0,1110.0,56.8,2400,0.0,0.0,16519,-579,93,discharging,None,None
17:18:24.336,parallel,8.3,661.6,400.1,80.5,1109.1,60.0,2400,0.0,0.0,16506,-470,93,discharging,None,None
17:18:24.840,parallel,8.3,505.2,287.2,45.9,1108.4,57.9,2400,0.0,0.0,16473,-614,93,discharging,None,None
17:18:25.348,parallel,8.3,505.2,287.2,27.5,1108.4,60.0,2400,0.0,0.0,16521,-549,93,discharging,None,None
17:18:25.852,parallel,8.3,394.9,287.2,79.6,1108.4,60.0,2400,0.0,0.0,16478,-536,93,discharging,None,None
17:18:26.356,parallel,8.3,394.9,166.6,15.4,1107.4,56.2,2400,0.0,0.0,16503,-600,93,discharging,None,None
17:18:26.860,parallel,8.3,395.2,166.6,82.3,1106.3,59.5,2400,0.0,0.0,16500,-530,93,discharging,None,None
17:18:27.364,parallel,8.2,395.2,159.7,36.1,1106.5,57.9,2400,0.0,0.0,16509,-548,93,discharging,None,None
17:18:27.871,parallel,8.2,395.2,159.7,52.5,1106.5,61.1,2400,0.0,0.0,16512,-533,93,discharging,None,None
17:18:28.375,parallel,8.2,395.9,159.7,31.3,1105.9,56.8,2400,0.0,0.0,16471,-589,93,discharging,None,None
17:18:28.884,parallel,8.4,395.9,163.4,50.7,1107.5,60.0,2400,0.0,0.0,16503,-591,93,discharging,None,None
17:18:29.388,parallel,8.4,394.2,163.4,67.6,1108.0,57.9,2400,0.0,0.0,16476,-572,93,discharging,None,None
17:18:29.895,parallel,8.3,394.2,163.4,25.0,1107.3,59.0,2400,0.0,0.0,16514,-546,93,discharging,None,None
17:18:30.401,parallel,8.3,394.2,164.0,99.0,1107.7,61.1,2400,0.0,0.0,16483,-532,93,discharging,None,None
17:18:30.904,parallel,7.9,406.6,164.0,6.5,1107.3,56.8,2400,0.0,0.0,16500,-604,93,discharging,None,None
17:18:31.426,parallel,7.9,406.6,164.0,45.1,1107.3,60.0,2400,0.0,0.0,16520,-499,93,discharging,None,None
17:18:31.929,parallel,7.9,406.6,741.7,100.0,1107.3,61.1,2400,0.0,0.0,16477,-545,93,discharging,None,None
17:18:32.433,parallel,8.3,838.5,741.7,28.9,1106.8,57.3,2400,0.0,0.0,16465,-681,93,discharging,None,None
17:18:32.941,parallel,8.3,838.5,741.7,20.2,1106.2,59.0,2400,0.0,0.0,16515,-534,93,discharging,None,None
17:18:33.444,parallel,8.3,556.9,741.7,98.0,1106.2,61.1,2400,0.0,0.0,16480,-506,93,discharging,None,None
17:18:33.948,parallel,8.3,556.9,407.3,24.3,1105.5,57.3,2400,0.0,0.0,16471,-631,93,discharging,None,None
17:18:34.457,parallel,8.3,556.9,407.3,50.7,1105.5,61.1,2400,0.0,0.0,16517,-523,93,discharging,None,None
17:18:34.960,parallel,8.3,403.8,158.5,68.7,1104.8,59.5,2400,0.0,0.0,16466,-542,93,discharging,None,None
17:18:35.468,parallel,8.3,403.8,158.5,13.7,1105.0,58.4,2400,0.0,0.0,16509,-600,93,discharging,None,None
17:18:35.971,parallel,8.4,407.5,158.5,72.6,1104.4,58.4,2400,0.0,0.0,16482,-548,93,discharging,None,None
17:18:36.475,parallel,8.4,407.5,160.1,36.3,1104.4,57.3,2400,0.0,0.0,16504,-595,93,discharging,None,None
17:18:36.982,parallel,8.3,407.5,160.1,72.1,1104.4,62.2,2400,0.0,0.0,16510,-567,93,discharging,None,None
17:18:37.491,parallel,8.3,407.4,160.1,17.8,1103.6,57.9,2400,0.0,0.0,16508,-542,93,discharging,None,None
17:18:37.996,parallel,8.3,407.4,172.0,66.2,1103.2,61.7,2400,0.0,0.0,16508,-528,93,discharging,None,None
17:18:38.499,parallel,8.3,407.4,172.0,50.7,1106.9,57.9,2400,0.0,0.0,16495,-605,93,discharging,None,None
17:18:39.006,parallel,8.3,407.4,159.6,34.5,1106.6,60.0,2400,0.0,0.0,16515,-546,93,discharging,None,None
17:18:39.510,parallel,8.3,394.5,159.6,82.8,1106.6,59.0,2400,0.0,0.0,16464,-598,93,discharging,None,None
17:18:40.014,parallel,8.3,394.5,159.6,3.0,1104.9,56.8,1900,0.0,0.0,16514,-555,93,discharging,None,None
17:18:40.527,parallel,8.2,394.5,159.6,65.5,1104.9,60.0,2400,0.0,0.0,16497,-450,93,discharging,None,None
17:18:41.030,parallel,8.2,639.4,443.6,72.3,1104.8,57.3,2400,0.0,0.0,16461,-603,93,discharging,None,None
17:18:41.534,parallel,8.2,639.4,443.6,2.5,1104.8,57.3,2400,0.0,0.0,16513,-547,93,discharging,None,None
17:18:42.155,parallel,8.4,639.4,443.6,78.0,1104.8,61.1,2400,0.0,0.0,16482,-487,93,discharging,None,None
17:18:42.659,parallel,8.4,912.3,429.1,90.2,1104.4,59.5,2400,0.0,0.0,16464,-648,93,discharging,None,None
17:18:43.162,parallel,8.4,912.3,429.1,2.5,1103.4,57.3,2400,0.0,0.0,16502,-600,93,discharging,None,None
17:18:43.671,parallel,6.4,912.3,429.1,56.7,1103.4,61.1,2400,0.0,0.0,16515,-470,93,discharging,None,None
17:18:44.174,parallel,6.4,394.0,177.7,61.6,1103.4,57.9,2400,0.0,0.0,16466,-602,93,discharging,None,None
17:18:44.683,parallel,8.3,394.0,177.7,21.8,1103.4,60.6,2400,0.0,0.0,16512,-572,93,discharging,None,None
17:18:45.188,parallel,8.3,392.5,177.7,66.7,1103.2,59.0,2400,0.0,0.0,16468,-541,93,discharging,None,None
17:18:45.692,parallel,8.3,392.5,173.2,34.7,1104.2,57.3,2400,0.0,0.0,16484,-602,93,discharging,None,None
17:18:46.195,parallel,8.3,399.9,173.2,82.7,1103.5,61.7,2400,0.0,0.0,16481,-538,93,discharging,None,None
17:18:46.703,parallel,8.3,399.9,159.9,34.8,1103.5,61.1,2400,0.0,0.0,16501,-545,93,discharging,None,None
17:18:47.212,parallel,8.3,399.9,159.9,50.2,1103.9,60.6,2400,0.0,0.0,16506,-535,93,discharging,None,None
17:18:47.715,parallel,8.3,395.4,159.9,35.7,1104.0,57.9,2400,0.0,0.0,16468,-601,93,discharging,None,None
17:18:48.224,parallel,8.3,395.4,174.9,46.8,1103.6,60.0,2400,0.0,0.0,16509,-571,93,discharging,None,None
17:18:48.727,parallel,8.3,406.6,174.9,73.0,1103.8,59.0,2400,0.0,0.0,16466,-581,93,discharging,None,None
17:18:49.231,parallel,8.3,406.6,174.9,2.0,1103.8,56.8,2400,0.0,0.0,16504,-567,93,discharging,None,None
17:18:49.740,parallel,8.4,406.6,360.1,92.1,1103.8,61.7,2400,0.0,0.0,16475,-502,93,discharging,None,None
17:18:50.243,parallel,8.4,535.2,360.1,40.7,1104.0,58.4,2400,0.0,0.0,16457,-622,93,discharging,None,None
17:18:50.751,parallel,8.3,535.2,360.1,10.3,1104.0,57.3,1600,0.0,0.0,16511,-539,93,discharging,None,None
17:18:51.263,parallel,8.3,535.2,360.1,100.0,1104.5,61.7,2400,0.0,0.0,16477,-481,93,discharging,None,None
17:18:51.767,parallel,8.3,747.1,554.8,45.7,1117.0,57.9,2400,0.0,0.0,16459,-637,93,discharging,None,None
17:18:52.277,parallel,8.3,747.1,554.8,3.5,1116.8,57.3,2400,0.0,0.0,16511,-550,93,discharging,None,None
17:18:52.794,parallel,8.3,747.1,554.8,99.0,1117.0,62.2,2400,0.0,0.0,16472,-494,93,discharging,None,None
17:18:53.298,parallel,8.3,551.6,329.0,29.7,1116.3,58.4,2400,0.0,0.0,16460,-628,93,discharging,None,None
17:18:53.804,parallel,8.3,551.6,329.0,38.9,1116.3,61.7,2400,0.0,0.0,16510,-532,93,discharging,None,None
17:18:54.308,parallel,8.4,395.4,329.0,67.5,1114.2,60.6,2400,0.0,0.0,16462,-543,93,discharging,None,None
17:18:54.817,parallel,8.4,395.4,174.7,23.6,1112.6,57.9,2400,0.0,0.0,16474,-614,93,discharging,None,None
17:18:55.321,parallel,7.9,407.4,174.7,83.2,1112.4,59.5,2400,0.0,0.0,16473,-555,93,discharging,None,None
17:18:55.824,parallel,7.9,407.4,162.8,36.5,1112.0,60.0,2400,0.0,0.0,16496,-546,93,discharging,None,None
17:18:56.332,parallel,7.9,407.4,162.8,62.1,1111.6,62.8,2400,0.0,0.0,16503,-532,93,discharging,None,None
17:18:56.835,parallel,8.3,407.2,162.8,22.1,1109.8,57.3,2400,0.0,0.0,16463,-604,93,discharging,None,None
17:18:57.343,parallel,8.3,407.2,172.0,58.3,1108.9,61.1,2400,0.0,0.0,16506,-564,93,discharging,None,None
17:18:57.847,parallel,8.3,407.5,172.0,62.6,1107.2,58.4,2400,0.0,0.0,16457,-580,93,discharging,None,None
17:18:58.355,parallel,8.3,407.5,172.0,2.5,1107.2,57.3,2400,0.0,0.0,16500,-574,93,discharging,None,None
17:18:58.860,parallel,8.3,407.5,340.9,100.0,1108.1,62.2,2400,0.0,0.0,16472,-501,93,discharging,None,None
17:18:59.364,parallel,8.3,546.8,340.9,30.0,1107.5,58.4,2400,0.0,0.0,16452,-625,93,discharging,None,None
17:18:59.871,parallel,8.3,546.8,340.9,17.5,1107.5,59.5,2400,0.0,0.0,16505,-548,93,discharging,None,None
17:19:00.375,parallel,8.2,546.8,372.3,100.0,1109.4,62.8,2400,0.0,0.0,16473,-496,93,discharging,None,None
17:19:00.884,parallel,8.2,630.0,372.3,14.3,1107.8,57.3,1600,0.0,0.0,16466,-615,93,discharging,None,None
17:19:01.391,parallel,8.4,630.0,372.3,35.3,1107.8,60.6,2400,0.0,0.0,16510,-505,93,discharging,None,None
17:19:01.899,parallel,8.4,674.5,372.3,100.0,1107.8,62.2,2400,0.0,0.0,16465,-498,93,discharging,None,None
17:19:02.403,parallel,8.4,674.5,488.1,14.0,1107.2,57.3,2400,0.0,0.0,16463,-635,93,discharging,None,None
17:19:02.911,parallel,8.4,674.5,488.1,42.7,1107.6,61.1,2400,0.0,0.0,16506,-521,93,discharging,None,None
17:19:03.414,parallel,8.4,394.5,163.3,74.4,1106.5,59.0,2400,0.0,0.0,16460,-541,93,discharging,None,None
17:19:03.924,parallel,8.3,394.5,163.3,7.0,1106.3,58.4,2400,0.0,0.0,16496,-601,92,discharging,None,None
17:19:04.427,parallel,8.3,391.7,163.3,75.0,1106.3,59.0,2400,0.0,0.0,16476,-535,92,discharging,None,None
17:19:04.931,parallel,8.3,391.7,159.2,36.5,1105.4,57.9,2400,0.0,0.0,16494,-576,92,discharging,None,None
17:19:05.439,parallel,8.3,391.7,159.2,70.6,1105.4,62.8,2400,0.0,0.0,16500,-534,92,discharging,None,None
17:19:05.943,parallel,8.3,395.9,159.2,26.7,1104.5,59.5,2400,0.0,0.0,16462,-566,92,discharging,None,None
17:19:06.449,parallel,8.3,395.9,171.6,58.9,1104.5,60.6,2400,0.0,0.0,16463,-592,92,discharging,None,None
17:19:06.952,parallel,8.3,406.0,171.6,57.0,1104.1,59.0,2400,0.0,0.0,16456,-583,92,discharging,None,None
17:19:07.456,parallel,7.9,406.0,171.1,37.8,1104.1,60.0,2400,0.0,0.0,16493,-556,92,discharging,None,None
17:19:07.960,parallel,7.9,395.5,171.1,82.0,1103.5,60.6,2400,0.0,0.0,16490,-534,92,discharging,None,None
17:19:08.463,parallel,7.9,395.5,171.1,2.0,1104.5,58.4,2400,0.0,0.0,16482,-605,92,discharging,None,None
17:19:08.975,parallel,8.3,395.5,331.8,71.1,1104.5,61.7,2400,0.0,0.0,16505,-513,92,discharging,None,None
17:19:09.479,parallel,8.3,531.7,331.8,58.3,1103.9,58.4,2400,0.0,0.0,16454,-581,92,discharging,None,None
17:19:09.982,parallel,8.3,531.7,331.8,2.0,1103.6,57.3,2400,0.0,0.0,16491,-612,92,discharging,None,None
17:19:10.492,parallel,8.3,531.7,331.8,88.2,1103.6,62.2,2400,0.0,0.0,16503,-473,92,discharging,None,None
17:19:10.995,parallel,8.3,696.0,464.0,53.8,1102.9,59.0,2400,0.0,0.0,16452,-606,92,discharging,None,None
17:19:11.499,parallel,8.3,696.0,464.0,2.0,1103.1,55.6,1600,0.0,0.0,16492,-608,92,discharging,None,None
17:19:12.010,parallel,8.3,696.0,464.0,91.5,1103.1,62.8,2400,0.0,0.0,16506,-507,92,discharging,None,None
17:19:12.514,parallel,8.2,663.2,428.1,50.7,1102.7,57.9,2400,0.0,0.0,16450,-629,92,discharging,None,None
17:19:13.022,parallel,8.2,663.2,428.1,4.5,1102.4,57.9,2400,0.0,0.0,16501,-517,92,discharging,None,None
17:19:13.529,parallel,8.4,404.5,428.1,95.6,1102.4,62.2,2400,0.0,0.0,16456,-544,92,discharging,None,None
17:19:14.033,parallel,8.4,404.5,161.7,20.9,1102.0,58.4,2400,0.0,0.0,16488,-604,92,discharging,None,None
17:19:14.540,parallel,8.4,404.5,161.7,64.9,1102.0,62.8,2400,0.0,0.0,16476,-534,92,discharging,None,None
17:19:15.043,parallel,8.3,406.3,168.1,55.5,1101.7,59.5,2400,0.0,0.0,16484,-588,92,discharging,None,None
17:19:15.551,parallel,8.3,406.3,168.1,27.6,1101.7,60.6,2400,0.0,0.0,16495,-534,92,discharging,None,None
17:19:16.054,parallel,8.3,404.3,168.1,58.7,1101.5,59.0,2400,0.0,0.0,16449,-561,92,discharging,None,None
17:19:16.558,parallel,8.3,404.3,158.3,35.8,1101.5,57.3,2400,0.0,0.0,16459,-597,92,discharging,None,None
17:19:17.061,parallel,8.3,406.9,158.3,83.5,1101.7,61.7,2400,0.0,0.0,16455,-570,92,discharging,None,None
17:19:17.575,parallel,8.3,406.9,158.3,8.5,1101.7,59.0,2400,0.0,0.0,16492,-544,92,discharging,None,None
17:19:18.079,parallel,8.3,406.9,164.2,76.2,1101.7,61.7,2400,0.0,0.0,16494,-528,92,discharging,None,None
17:19:18.583,parallel,8.3,582.4,164.2,45.5,1102.2,58.4,2400,0.0,0.0,16469,-614,92,discharging,None,None
17:19:19.086,parallel,8.3,582.4,163.6,36.8,1106.0,61.1,2400,0.0,0.0,16500,-538,92,discharging,None,None
17:19:19.596,parallel,7.9,582.4,163.6,75.2,1106.4,62.8,2400,0.0,0.0,16454,-554,92,discharging,None,None
17:19:20.100,parallel,7.9,404.2,163.6,9.4,1106.9,57.9,2400,0.0,0.0,16484,-601,92,discharging,None,None
17:19:20.608,parallel,7.9,404.2,171.4,68.3,1106.9,61.7,2400,0.0,0.0,16472,-542,92,discharging,None,None
17:19:21.112,parallel,8.3,420.1,171.4,50.3,1106.5,59.0,2400,0.0,0.0,16442,-619,92,discharging,None,None
17:19:21.615,parallel,8.3,420.1,171.4,3.9,1110.3,57.9,2400,0.0,0.0,16493,-550,92,discharging,None,None
17:19:22.123,parallel,8.3,420.1,383.0,95.5,1109.2,62.8,2400,0.0,0.0,16462,-504,92,discharging,None,None
17:19:22.626,parallel,8.3,667.9,383.0,42.4,1108.0,58.4,2400,0.0,0.0,16456,-620,92,discharging,None,None
17:19:23.135,parallel,8.4,667.9,383.0,6.0,1107.5,58.4,2400,0.0,0.0,16496,-521,92,discharging,None,None
17:19:23.639,parallel,8.4,667.9,416.1,100.0,1107.5,62.2,2400,0.0,0.0,16459,-525,92,discharging,None,None
17:19:24.142,parallel,8.4,650.3,416.1,29.4,1106.4,58.4,2400,0.0,0.0,16477,-625,92,discharging,None,None
17:19:24.652,parallel,8.3,650.3,416.1,20.0,1106.4,59.0,2400,0.0,0.0,16497,-499,92,discharging,None,None
17:19:25.163,parallel,8.3,650.3,416.1,100.0,1106.4,62.2,2400,0.0,0.0,16453,-549,92,discharging,None,None
17:19:25.667,parallel,8.3,628.8,431.4,26.9,1108.3,58.4,2400,0.0,0.0,16475,-645,92,discharging,None,None
17:19:26.173,parallel,8.3,628.8,431.4,37.1,1107.9,62.2,2400,0.0,0.0,16499,-499,92,discharging,None,None
17:19:26.677,parallel,8.3,393.7,162.3,81.2,1108.6,61.1,2400,0.0,0.0,16448,-554,92,discharging,None,None
17:19:27.180,parallel,8.3,393.7,162.3,2.5,1107.8,57.9,2400,0.0,0.0,16486,-596,92,discharging,None,None
17:19:27.684,parallel,8.3,396.9,162.3,81.8,1107.8,59.5,2400,0.0,0.0,16456,-564,92,discharging,None,None
17:19:28.188,parallel,8.2,396.9,164.7,37.1,1107.2,59.0,2400,0.0,0.0,16474,-602,92,discharging,None,None
17:19:28.694,parallel,8.2,396.9,164.7,62.6,1107.6,61.7,2400,0.0,0.0,16488,-529,92,discharging,None,None
17:19:29.199,parallel,8.4,393.0,164.7,21.5,1106.9,57.9,2400,0.0,0.0,16480,-543,92,discharging,None,None
17:19:29.707,parallel,8.4,393.0,160.9,61.1,1106.9,61.7,2400,0.0,0.0,16468,-555,92,discharging,None,None
17:19:30.210,parallel,8.4,397.8,160.9,57.4,1105.8,59.5,2400,0.0,0.0,16443,-601,92,discharging,None,None
17:19:30.715,parallel,8.3,397.8,160.9,39.8,1105.8,61.1,2400,0.0,0.0,16485,-554,92,discharging,None,None
17:19:31.218,parallel,8.3,395.1,169.0,88.1,1109.6,61.1,2400,0.0,0.0,16448,-561,92,discharging,None,None
17:19:31.722,parallel,7.9,395.1,169.0,2.0,1109.6,57.9,2400,0.0,0.0,16480,-604,92,discharging,None,None
17:19:32.235,parallel,7.9,395.1,169.0,60.7,1109.0,62.2,2400,0.0,0.0,16494,-488,92,discharging,None,None
17:19:32.740,parallel,8.3,663.4,462.8,83.1,1109.0,60.0,2400,0.0,0.0,16443,-612,92,discharging,None,None
17:19:33.244,parallel,8.3,663.4,462.8,2.5,1107.5,58.4,2400,0.0,0.0,16484,-612,92,discharging,None,None
17:19:33.752,parallel,8.3,663.4,462.8,62.3,1108.4,62.8,2400,0.0,0.0,16495,-472,92,discharging,None,None
17:19:34.255,parallel,8.3,755.0,627.6,97.0,1107.7,62.8,2400,0.0,0.0,16446,-604,92,discharging,None,None
17:19:34.759,parallel,8.3,755.0,627.6,2.5,1109.1,58.4,2400,0.0,0.0,16481,-627,92,discharging,None,None
17:19:35.267,parallel,8.3,755.0,627.6,54.2,1109.5,60.6,2400,0.0,0.0,16495,-480,92,discharging,None,None
17:19:35.771,parallel,8.3,405.2,161.9,65.9,1109.7,59.5,2400,0.0,0.0,16445,-596,92,discharging,None,None
17:19:36.279,parallel,8.3,405.2,161.9,16.0,1115.9,59.0,2400,0.0,0.0,16489,-584,92,discharging,None,None
17:19:36.784,parallel,8.3,406.1,161.9,68.6,1115.1,59.5,2400,0.0,0.0,16447,-543,92,discharging,None,None
17:19:37.287,parallel,8.3,406.1,171.6,37.6,1114.4,58.4,2400,0.0,0.0,16448,-607,92,discharging,None,None
17:19:37.796,parallel,8.3,406.1,171.6,77.2,1113.6,62.8,2400,0.0,0.0,16476,-530,92,discharging,None,None
17:19:38.303,parallel,8.3,411.1,171.6,36.8,1112.8,62.8,2400,0.0,0.0,16479,-547,92,discharging,None,None
17:19:38.807,parallel,8.3,411.1,163.6,45.0,1112.3,62.8,2400,0.0,0.0,16487,-548,92,discharging,None,None
17:19:39.310,parallel,8.3,403.9,163.6,46.8,1112.4,59.0,2400,0.0,0.0,16439,-602,92,discharging,None,None
17:19:39.814,parallel,8.3,403.9,158.7,36.5,1112.6,59.0,2400,0.0,0.0,16489,-568,92,discharging,None,None
17:19:40.317,parallel,8.3,399.4,158.7,83.0,1111.8,60.6,2400,0.0,0.0,16449,-553,92,discharging,None,None
17:19:40.821,parallel,8.3,399.4,158.7,2.5,1111.3,57.9,2400,0.0,0.0,16478,-580,92,discharging,None,None
17:19:41.329,parallel,8.3,399.4,208.5,87.6,1111.0,63.4,2400,0.0,0.0,16465,-523,92,discharging,None,None
17:19:41.832,parallel,8.3,448.0,208.5,33.8,1109.7,58.4,2400,0.0,0.0,16439,-609,92,discharging,None,None
17:19:42.348,parallel,8.3,448.0,208.5,15.7,1109.7,60.6,2400,0.0,0.0,16489,-537,92,discharging,None,None
17:19:43.042,parallel,8.2,448.0,751.5,100.0,1109.3,63.4,2400,0.0,0.0,16443,-593,92,discharging,None,None
17:19:43.546,parallel,8.2,842.7,751.5,20.4,1107.5,59.0,2400,0.0,0.0,16472,-654,92,discharging,None,None
17:19:44.056,parallel,8.2,842.7,751.5,27.9,1106.8,60.6,2400,0.0,0.0,16491,-489,92,discharging,None,None
17:19:44.560,parallel,5.8,531.8,316.2,100.0,1106.8,63.4,2400,0.0,0.0,16441,-559,92,discharging,None,None
17:19:45.063,parallel,5.8,531.8,316.2,6.5,1107.8,58.4,2400,0.0,0.0,16476,-626,92,discharging,None,None
17:19:45.571,parallel,8.3,531.8,316.2,63.5,1107.8,63.4,2400,0.0,0.0,16486,-510,92,discharging,None,None
17:19:46.074,parallel,8.3,396.2,174.3,55.4,1106.8,60.0,2400,0.0,0.0,16470,-585,92,discharging,None,None
17:19:46.584,parallel,8.3,396.2,174.3,27.9,1106.8,61.7,2400,0.0,0.0,16484,-563,92,discharging,None,None
17:19:47.088,parallel,8.3,394.0,174.3,55.9,1106.1,57.9,2400,0.0,0.0,16440,-565,92,discharging,None,None
17:19:47.591,parallel,8.3,394.0,158.6,37.1,1106.5,59.0,2400,0.0,0.0,16446,-604,92,discharging,None,None
17:19:48.095,parallel,8.3,396.8,158.6,82.1,1106.0,61.1,2400,0.0,0.0,16449,-548,92,discharging,None,None
17:19:48.603,parallel,8.3,396.8,158.6,21.4,1107.7,61.7,2400,0.0,0.0,16474,-545,92,discharging,None,None
17:19:49.107,parallel,8.3,396.8,172.7,70.3,1107.0,62.2,2400,0.0,0.0,16479,-537,92,discharging,None,None
17:19:49.611,parallel,8.3,394.7,172.7,30.5,1106.8,59.0,2400,0.0,0.0,16445,-607,92,discharging,None,None
17:19:50.119,parallel,8.3,394.7,163.2,50.0,1105.9,62.2,2400,0.0,0.0,16487,-538,92,discharging,None,None
17:19:50.622,parallel,8.3,406.2,163.2,69.1,1108.3,60.0,2400,0.0,0.0,16433,-590,92,discharging,None,None
17:19:51.126,parallel,8.3,406.2,163.2,3.0,1107.1,58.4,2400,0.0,0.0,16481,-591,92,discharging,None,None
17:19:51.638,parallel,8.3,406.2,163.2,78.9,1107.1,63.9,2400,0.0,0.0,16471,-471,92,discharging,None,None
17:19:52.142,parallel,8.3,718.9,515.5,70.0,1106.8,60.6,2400,0.0,0.0,16439,-622,92,discharging,None,None
17:19:52.646,parallel,8.4,718.9,515.5,2.5,1106.8,59.0,2400,0.0,0.0,16479,-583,92,discharging,None,None
17:19:53.159,parallel,8.4,718.9,515.5,76.5,1106.4,62.2,2400,0.0,0.0,16473,-472,92,discharging,None,None
17:19:53.662,parallel,8.4,710.8,467.2,66.5,1105.9,60.0,2400,0.0,0.0,16433,-629,92,discharging,None,None
17:19:54.166,parallel,8.3,710.8,467.2,2.5,1105.2,58.4,2400,0.0,0.0,16479,-593,92,discharging,None,None
17:19:54.679,parallel,8.3,710.8,467.2,78.3,1105.2,63.4,2400,0.0,0.0,16477,-468,92,discharging,None,None
17:19:55.183,parallel,8.3,502.7,271.7,55.2,1105.2,59.0,2400,0.0,0.0,16437,-618,92,discharging,None,None
17:19:55.691,parallel,8.3,502.7,271.7,22.5,1106.2,61.1,2400,0.0,0.0,16482,-576,92,discharging,None,None
17:19:56.196,parallel,7.9,394.8,271.7,80.8,1106.2,62.2,2400,0.0,0.0,16441,-540,92,discharging,None,None
17:19:56.700,parallel,7.9,394.8,162.2,17.2,1106.2,59.0,2400,0.0,0.0,16457,-603,92,discharging,None,None
17:19:57.206,parallel,7.9,405.7,162.2,84.2,1106.1,62.2,2400,0.0,0.0,16468,-524,92,discharging,None,None
17:19:57.710,parallel,8.4,405.7,171.2,37.6,1105.4,60.0,2400,0.0,0.0,16475,-537,92,discharging,None,None
17:19:58.223,parallel,8.4,405.7,171.2,47.3,1104.5,62.2,2400,0.0,0.0,16476,-543,92,discharging,None,None
17:19:58.726,parallel,8.3,391.9,171.2,36.8,1105.4,58.4,2400,0.0,0.0,16432,-604,92,discharging,None,None
17:19:59.236,parallel,8.3,391.9,159.8,47.0,1104.9,60.0,2400,0.0,0.0,16473,-536,92,discharging,None,None
17:19:59.739,parallel,8.3,393.1,159.8,70.1,1104.9,60.0,2400,0.0,0.0,16442,-602,92,discharging,None,None
17:20:00.247,parallel,8.3,393.1,159.8,13.0,1104.6,61.7,2400,0.0,0.0,16473,-543,92,discharging,None,None
17:20:00.751,parallel,8.3,393.1,156.0,97.1,1104.6,64.5,2400,0.0,0.0,16430,-586,92,discharging,None,None
17:20:01.255,parallel,8.3,396.8,156.0,9.0,1105.9,59.0,2400,0.0,0.0,16459,-602,92,discharging,None,None
17:20:01.767,parallel,8.3,396.8,156.0,44.6,1105.9,61.7,2400,0.0,0.0,16467,-475,92,discharging,None,None
17:20:02.271,parallel,8.3,593.5,355.5,82.3,1105.2,60.6,2400,0.0,0.0,16426,-616,92,discharging,None,None
17:20:02.775,parallel,8.3,593.5,355.5,6.3,1105.2,59.0,2400,0.0,0.0,16480,-558,92,discharging,None,None
17:20:03.287,parallel,8.3,593.5,355.5,64.4,1105.2,62.2,2400,0.0,0.0,16447,-492,92,discharging,None,None
17:20:03.790,parallel,8.2,686.9,430.2,75.0,1105.2,59.5,2400,0.0,0.0,16430,-634,92,discharging,None,None
17:20:04.294,parallel,8.2,686.9,430.2,1.5,1104.1,59.5,2400,0.0,0.0,16481,-542,92,discharging,None,None
17:20:04.807,parallel,8.4,686.9,430.2,68.3,1104.1,62.8,2400,0.0,0.0,16445,-503,92,discharging,None,None
17:20:05.310,parallel,8.4,603.6,378.3,65.0,1103.4,59.0,2400,0.0,0.0,16437,-628,92,discharging,None,None
17:20:05.814,parallel,8.4,603.6,378.3,2.0,1103.4,57.9,2400,0.0,0.0,16480,-525,92,discharging,None,None
17:20:06.324,parallel,8.4,395.3,378.3,82.0,1103.4,61.1,2400,0.0,0.0,16437,-543,92,discharging,None,None
17:20:06.828,parallel,8.4,395.3,166.7,35.1,1107.1,58.4,2400,0.0,0.0,16472,-603,92,discharging,None,None
17:20:07.336,parallel,8.3,395.3,166.7,43.1,1106.6,61.7,2400,0.0,0.0,16479,-498,92,discharging,None,None
17:20:07.840,parallel,8.3,406.5,158.2,82.6,1106.5,62.2,2400,0.0,0.0,16452,-584,92,discharging,None,None
17:20:08.343,parallel,7.9,406.5,158.2,4.0,1106.5,58.4,2400,0.0,0.0,16474,-572,92,discharging,None,None
17:20:08.847,parallel,7.9,388.0,158.2,80.6,1106.3,61.1,2400,0.0,0.0,16433,-568,92,discharging,None,None
17:20:09.350,parallel,7.9,388.0,157.8,36.3,1106.3,59.5,2400,0.0,0.0,16439,-600,92,discharging,None,None
17:20:09.859,parallel,8.3,388.0,157.8,57.5,1105.4,62.8,2400,0.0,0.0,16447,-537,92,discharging,None,None
17:20:10.362,parallel,8.3,390.5,157.8,25.2,1105.2,58.4,2400,0.0,0.0,16468,-546,92,discharging,None,None
17:20:10.871,parallel,8.3,390.5,169.8,56.8,1105.2,61.7,2400,0.0,0.0,16470,-535,92,discharging,None,None
17:20:11.375,parallel,8.3,407.2,169.8,62.4,1104.8,59.5,2400,0.0,0.0,16428,-605,92,discharging,None,None
17:20:11.883,parallel,8.3,407.2,169.8,23.9,1104.8,61.1,2400,0.0,0.0,16478,-547,92,discharging,None,None
17:20:12.386,parallel,8.3,393.5,161.7,93.1,1107.4,62.8,2400,0.0,0.0,16428,-580,92,discharging,None,None
17:20:12.890,parallel,8.3,393.5,161.7,1.5,1106.9,58.4,2400,0.0,0.0,16473,-594,92,discharging,None,None
17:20:13.403,parallel,8.4,393.5,161.7,54.2,1106.9,62.8,2400,0.0,0.0,16467,-483,92,discharging,None,None
17:20:13.906,parallel,8.4,592.6,364.9,75.2,1106.5,61.7,2400,0.0,0.0,16425,-624,92,discharging,None,None
17:20:14.410,parallel,8.3,592.6,364.9,1.5,1106.5,59.0,2400,0.0,0.0,16478,-566,92,discharging,None,None
17:20:14.923,parallel,8.3,592.6,364.9,70.9,1106.1,62.2,2400,0.0,0.0,16442,-485,92,discharging,None,None
17:20:15.426,parallel,8.3,749.6,516.8,80.1,1105.7,60.6,2400,0.0,0.0,16425,-655,92,discharging,None,None
17:20:15.931,parallel,8.3,749.6,516.8,2.0,1104.9,57.9,2400,0.0,0.0,16477,-572,92,discharging,None,None
17:20:16.442,parallel,8.3,749.6,516.8,65.0,1104.9,62.8,2400,0.0,0.0,16454,-477,92,discharging,None,None
17:20:16.946,parallel,8.3,587.7,366.7,70.7,1104.4,59.5,2400,0.0,0.0,16426,-634,92,discharging,None,None
17:20:17.450,parallel,8.3,587.7,366.7,2.0,1104.4,57.9,1600,0.0,0.0,16478,-551,92,discharging,None,None
17:20:17.953,parallel,8.3,396.5,366.7,82.2,1103.9,60.6,2400,0.0,0.0,16436,-500,92,discharging,None,None
17:20:18.457,parallel,8.3,396.5,158.4,36.5,1103.9,60.0,2400,0.0,0.0,16450,-589,92,discharging,None,None
17:20:18.964,parallel,8.3,396.5,158.4,53.5,1103.9,62.2,2400,0.0,0.0,16468,-529,92,discharging,None,None
17:20:19.469,parallel,8.3,573.8,158.4,64.4,1103.4,63.4,2400,0.0,0.0,16452,-559,92,discharging,None,None
17:20:19.972,parallel,8.3,573.8,172.1,13.1,1103.2,58.4,2400,0.0,0.0,16467,-569,92,discharging,None,None
17:20:20.478,parallel,8.0,397.7,172.1,79.7,1103.2,62.8,2400,0.0,0.0,16438,-557,92,discharging,None,None
17:20:20.982,parallel,8.0,397.7,159.2,37.8,1103.0,60.0,2400,0.0,0.0,16458,-595,92,discharging,None,None
17:20:21.491,parallel,8.0,397.7,159.2,43.8,1103.0,61.7,2400,0.0,0.0,16474,-533,92,discharging,None,None
17:20:21.995,parallel,8.3,400.6,159.2,40.6,1102.5,59.0,2400,0.0,0.0,16447,-556,92,discharging,None,None
17:20:22.503,parallel,8.3,400.6,157.9,41.0,1102.5,59.5,2400,0.0,0.0,16436,-577,92,discharging,None,None
17:20:23.006,parallel,8.3,428.6,157.9,83.3,1102.4,60.0,2400,0.0,0.0,16443,-573,92,discharging,None,None
17:20:23.515,parallel,8.3,428.6,157.9,16.4,1104.0,60.6,2400,0.0,0.0,16474,-528,92,discharging,None,None
17:20:24.019,parallel,8.4,428.6,168.9,84.2,1104.2,64.5,2400,0.0,0.0,16455,-534,92,discharging,None,None
17:20:24.524,parallel,8.4,394.7,168.9,20.8,1104.1,58.4,2400,0.0,0.0,16461,-604,92,discharging,None,None
17:20:25.039,parallel,8.4,394.7,168.9,46.6,1111.2,61.7,2400,0.0,0.0,16475,-512,92,discharging,None,None
17:20:25.543,parallel,8.3,515.2,283.8,78.2,1111.3,60.6,2400,0.0,0.0,16421,-605,92,discharging,None,None
17:20:26.046,parallel,8.3,515.2,283.8,2.0,1117.6,57.9,2400,0.0,0.0,16469,-589,92,discharging,None,None
17:20:26.563,parallel,8.3,515.2,283.8,68.0,1117.6,62.8,2400,0.0,0.0,16459,-469,92,discharging,None,None
17:20:27.066,parallel,8.3,752.5,512.3,83.4,1115.9,60.6,2400,0.0,0.0,16422,-634,92,discharging,None,None
17:20:27.570,parallel,8.5,752.5,512.3,1.5,1115.9,58.4,2400,0.0,0.0,16466,-604,92,discharging,None,None
17:20:28.082,parallel,8.5,752.5,512.3,61.9,1114.4,62.2,2400,0.0,0.0,16474,-453,92,discharging,None,None
17:20:28.586,parallel,8.5,667.7,420.0,75.4,1117.5,60.0,2400,0.0,0.0,16422,-603,92,discharging,None,None
17:20:29.090,parallel,8.5,667.7,420.0,0.0,1115.9,58.4,2400,0.0,0.0,16470,-589,92,discharging,None,None
17:20:29.595,parallel,8.5,360.4,420.0,71.4,1115.9,62.2,2400,0.0,0.0,16461,-472,92,discharging,None,None
17:20:30.099,parallel,8.5,360.4,150.9,35.5,1114.0,58.4,2400,0.0,0.0,16424,-587,92,discharging,None,None
17:20:30.607,parallel,8.5,360.4,150.9,40.5,1114.0,63.4,2400,0.0,0.0,16473,-531,92,discharging,None,None
17:20:31.111,parallel,8.5,361.9,150.9,59.1,1112.2,63.4,2400,0.0,0.0,16433,-530,92,discharging,None,None
17:20:31.620,parallel,8.5,361.9,155.5,19.2,1113.2,60.0,2400,0.0,0.0,16465,-578,92,discharging,None,None
17:20:32.124,parallel,8.5,364.2,155.5,62.9,1111.9,59.0,2400,0.0,0.0,16427,-584,92,discharging,None,None
17:20:32.628,parallel,8.5,364.2,151.9,32.7,1111.9,59.0,2400,0.0,0.0,16472,-563,92,discharging,None,None
17:20:33.131,parallel,8.5,375.4,151.9,77.2,1110.4,61.7,2400,0.0,0.0,16440,-524,92,discharging,None,None
17:20:33.635,parallel,8.5,375.4,151.9,0.0,1110.4,58.4,2400,0.0,0.0,16463,-544,92,discharging,None,None
17:20:34.144,parallel,8.5,375.4,147.3,79.1,1108.6,62.8,2400,0.0,0.0,16435,-516,92,discharging,None,None
17:20:34.647,parallel,8.5,367.4,147.3,27.9,1112.3,59.0,2400,0.0,0.0,16435,-586,92,discharging,None,None
17:20:35.158,parallel,8.5,367.4,147.3,22.8,1111.1,61.1,2400,0.0,0.0,16474,-517,92,discharging,None,None
17:20:35.662,parallel,8.5,537.0,321.7,92.6,1111.1,61.7,2400,0.0,0.0,16431,-538,92,discharging,None,None
17:20:36.166,parallel,8.5,537.0,321.7,0.0,1109.7,58.4,2400,0.0,0.0,16461,-600,92,discharging,None,None
17:20:36.682,parallel,8.5,537.0,321.7,52.5,1109.5,61.7,2400,0.0,0.0,16476,-472,92,discharging,None,None
17:20:37.186,parallel,8.5,634.7,406.0,74.6,1108.2,60.0,2400,0.0,0.0,16423,-588,92,discharging,None,None
17:20:37.689,parallel,8.5,634.7,406.0,0.0,1108.2,57.9,2400,0.0,0.0,16465,-602,92,discharging,None,None
17:20:38.202,parallel,8.5,634.7,406.0,70.0,1108.2,62.8,2400,0.0,0.0,16472,-464,92,discharging,None,None
17:20:38.706,parallel,8.5,487.5,259.5,48.3,1115.4,59.5,2400,0.0,0.0,16425,-591,92,discharging,None,None
17:20:39.215,parallel,8.5,487.5,259.5,15.5,1113.8,61.1,2400,0.0,0.0,16471,-550,92,discharging,None,None
17:20:39.719,parallel,8.5,363.3,259.5,75.7,1113.8,62.8,2400,0.0,0.0,16428,-523,92,discharging,None,None
17:20:40.223,parallel,8.5,363.3,154.2,15.4,1112.6,59.0,2400,0.0,0.0,16448,-586,92,discharging,None,None
17:20:40.727,parallel,8.5,363.5,154.2,74.8,1112.6,61.1,2400,0.0,0.0,16451,-526,92,discharging,None,None
17:20:41.230,parallel,8.5,363.5,148.0,32.7,1110.1,61.1,2400,0.0,0.0,16459,-533,92,discharging,None,None
17:20:41.739,parallel,8.5,363.5,148.0,54.7,1110.1,62.8,2400,0.0,0.0,16461,-528,92,discharging,None,None
17:20:42.242,parallel,8.5,363.4,148.0,20.2,1108.7,59.5,2400,0.0,0.0,16429,-584,92,discharging,None,None
17:20:42.751,parallel,8.5,363.4,150.9,56.7,1108.7,61.1,2400,0.0,0.0,16456,-574,92,discharging,None,None
17:20:43.255,parallel,8.5,363.4,150.9,50.0,1107.8,59.0,1900,0.0,0.0,16424,-586,92,discharging,None,None
17:20:43.763,parallel,8.5,363.4,150.9,14.5,1107.8,58.4,1500,0.0,0.0,16474,-518,92,discharging,None,None
17:20:44.266,parallel,8.5,469.5,287.5,99.5,1107.4,62.8,2400,0.0,0.0,16440,-460,92,discharging,None,None
17:20:44.770,parallel,8.5,469.5,287.5,2.5,1107.0,58.4,2400,0.0,0.0,16454,-575,92,discharging,None,None
17:20:45.282,parallel,8.5,469.5,287.5,42.8,1106.3,61.1,2400,0.0,0.0,16472,-493,92,discharging,None,None
17:20:45.789,parallel,8.5,469.5,538.9,100.0,1106.3,63.4,2400,0.0,0.0,16422,-549,92,discharging,None,None
17:20:46.293,parallel,8.5,745.5,538.9,5.5,1105.4,58.4,2400,0.0,0.0,16444,-654,92,discharging,None,None
17:20:46.800,parallel,8.5,745.5,538.9,38.4,1105.4,62.8,2400,0.0,0.0,16470,-497,92,discharging,None,None
17:20:47.303,parallel,8.5,492.0,283.7,81.6,1104.8,60.6,2400,0.0,0.0,16421,-547,92,discharging,None,None
17:20:47.807,parallel,8.5,492.0,283.7,0.0,1104.8,57.9,2400,0.0,0.0,16456,-609,92,discharging,None,None
17:20:48.310,parallel,8.5,362.9,283.7,74.4,1104.3,61.1,2400,0.0,0.0,16463,-501,92,discharging,None,None
17:20:48.814,parallel,8.5,362.9,147.8,32.2,1105.9,59.0,2400,0.0,0.0,16448,-581,92,discharging,None,None
17:20:49.323,parallel,8.5,362.9,147.8,50.5,1105.6,62.8,2400,0.0,0.0,16470,-530,92,discharging,None,None
17:20:49.828,parallel,8.5,375.8,147.8,42.1,1105.4,62.2,2400,0.0,0.0,16420,-515,92,discharging,None,None
17:20:50.333,parallel,8.5,375.8,153.8,35.3,1104.7,61.7,2400,0.0,0.0,16434,-575,92,discharging,None,None
17:20:50.839,parallel,8.5,363.4,153.8,55.9,1105.2,60.0,2400,0.0,0.0,16423,-567,92,discharging,None,None
17:20:51.343,parallel,8.5,363.4,152.0,32.2,1105.2,60.0,2400,0.0,0.0,16462,-531,92,discharging,None,None
17:20:51.846,parallel,8.5,359.2,152.0,74.3,1105.0,60.0,2400,0.0,0.0,16451,-524,92,discharging,None,None
17:20:52.350,parallel,8.5,359.2,152.0,0.0,1105.0,59.0,2400,0.0,0.0,16456,-586,92,discharging,None,None
17:20:52.859,parallel,8.5,359.2,243.4,79.7,1105.0,63.9,2400,0.0,0.0,16470,-516,92,discharging,None,None
17:20:53.363,parallel,8.5,447.5,243.4,35.1,1104.4,58.4,2400,0.0,0.0,16412,-601,92,discharging,None,None
17:20:53.872,parallel,8.5,447.5,243.4,10.0,1104.4,60.0,2400,0.0,0.0,16466,-560,92,discharging,None,None
17:20:54.376,parallel,8.5,447.5,333.4,100.0,1104.4,62.2,2400,0.0,0.0,16434,-481,92,discharging,None,None
17:20:54.880,parallel,8.5,585.6,333.4,7.5,1103.4,58.4,2400,0.0,0.0,16430,-575,92,discharging,None,None
17:20:55.388,parallel,8.5,585.6,333.4,37.4,1103.4,61.7,2400,0.0,0.0,16466,-487,92,discharging,None,None
17:20:55.891,parallel,8.5,642.2,447.7,99.5,1103.4,63.4,2400,0.0,0.0,16423,-530,92,discharging,None,None
17:20:56.395,parallel,8.5,642.2,447.7,2.0,1103.2,59.0,2400,0.0,0.0,16436,-639,92,discharging,None,None
17:20:56.903,parallel,8.5,642.2,447.7,50.7,1103.2,62.2,2400,0.0,0.0,16467,-501,92,discharging,None,None
17:20:57.406,parallel,8.5,362.2,147.4,56.6,1103.2,59.0,2400,0.0,0.0,16418,-536,92,discharging,None,None
17:20:57.915,parallel,8.5,362.2,147.4,20.9,1102.9,60.6,2400,0.0,0.0,16454,-528,92,discharging,None,None
17:20:58.419,parallel,8.5,364.1,147.4,54.2,1102.9,59.0,2400,0.0,0.0,16437,-531,92,discharging,None,None
17:20:58.922,parallel,8.5,364.1,147.9,32.7,1102.9,59.0,2400,0.0,0.0,16461,-571,92,discharging,None,None
17:20:59.426,parallel,8.5,371.7,147.9,78.1,1102.9,60.0,1900,0.0,0.0,16419,-575,92,discharging,None,None
17:20:59.934,parallel,8.5,371.7,151.2,29.4,1102.9,61.7,2400,0.0,0.0,16464,-547,92,discharging,None,None
17:21:00.439,parallel,8.5,371.7,151.2,61.6,1102.2,63.4,2400,0.0,0.0,16427,-530,92,discharging,None,None
17:21:00.942,parallel,8.5,363.7,151.2,16.3,1101.8,59.0,2400,0.0,0.0,16453,-557,92,discharging,None,None
17:21:01.451,parallel,8.5,363.7,155.9,59.5,1102.2,62.8,2400,0.0,0.0,16426,-524,92,discharging,None,None
17:21:01.955,parallel,8.5,366.8,155.9,48.3,1102.7,59.0,2400,0.0,0.0,16433,-588,92,discharging,None,None
17:21:02.458,parallel,8.5,366.8,155.9,0.0,1102.7,58.4,2400,0.0,0.0,16464,-510,92,discharging,None,None
17:21:02.971,parallel,8.5,366.8,446.7,96.6,1102.7,63.9,2400,0.0,0.0,16420,-537,92,discharging,None,None
17:21:03.474,parallel,8.5,656.1,446.7,34.5,1102.2,58.4,2400,0.0,0.0,16450,-630,92,discharging,None,None
17:21:03.983,parallel,8.5,656.1,446.7,9.5,1101.6,60.0,2400,0.0,0.0,16466,-485,92,discharging,None,None
17:21:04.492,parallel,8.5,656.1,446.7,100.0,1101.6,62.2,2400,0.0,0.0,16418,-553,92,discharging,None,None
17:21:04.996,parallel,8.5,655.3,435.6,24.4,1101.1,59.0,2400,0.0,0.0,16453,-620,92,discharging,None,None
17:21:05.503,parallel,8.5,655.3,435.6,23.2,1101.1,61.7,2400,0.0,0.0,16466,-466,92,discharging,None,None
17:21:06.007,parallel,8.5,363.6,159.8,85.0,1101.1,60.6,2400,0.0,0.0,16419,-573,92,discharging,None,None
17:21:06.510,parallel,8.5,363.6,159.8,0.0,1101.1,58.4,2400,0.0,0.0,16459,-583,92,discharging,None,None
17:21:07.014,parallel,8.5,359.6,159.8,74.8,1100.8,62.2,2400,0.0,0.0,16418,-542,92,discharging,None,None
17:21:07.517,parallel,8.5,359.6,151.4,33.2,1100.8,58.4,2400,0.0,0.0,16423,-587,92,discharging,None,None
17:21:08.024,parallel,8.5,359.6,151.4,61.9,1100.8,63.4,2400,0.0,0.0,16435,-530,92,discharging,None,None
17:21:08.535,parallel,8.5,363.1,151.4,19.8,1100.8,60.0,2400,0.0,0.0,16452,-532,92,discharging,None,None
17:21:09.039,parallel,8.5,363.1,149.1,57.8,1101.3,62.2,2400,0.0,0.0,16458,-528,92,discharging,None,None
17:21:09.543,parallel,8.5,363.1,149.1,43.1,1101.3,59.0,1900,0.0,0.0,16433,-587,92,discharging,None,None
17:21:10.052,parallel,8.5,363.1,169.3,36.8,1101.1,60.0,2400,0.0,0.0,16469,-515,92,discharging,None,None
17:21:10.556,parallel,8.5,363.9,169.3,72.5,1101.1,60.0,2400,0.0,0.0,16408,-560,92,discharging,None,None
17:21:11.060,parallel,8.5,363.9,169.3,0.0,1100.9,58.4,2400,0.0,0.0,16460,-558,92,discharging,None,None
17:21:11.571,parallel,8.5,363.9,169.3,72.1,1100.9,62.2,2400,0.0,0.0,16425,-477,92,discharging,None,None
17:21:12.074,parallel,8.5,719.8,529.5,73.3,1101.1,60.0,2400,0.0,0.0,16409,-654,92,discharging,None,None
17:21:12.578,parallel,8.5,719.8,529.5,0.0,1101.1,58.4,2400,0.0,0.0,16459,-570,92,discharging,None,None
17:21:13.087,parallel,8.5,719.8,529.5,71.3,1101.5,63.4,2400,0.0,0.0,16432,-479,92,discharging,None,None
17:21:13.590,parallel,8.5,582.7,377.2,52.5,1102.0,59.0,2400,0.0,0.0,16414,-613,92,discharging,None,None
17:21:14.094,parallel,79.3,582.7,377.2,2.5,1101.8,59.0,2400,0.0,0.0,16460,-532,92,discharging,None,None
17:21:14.603,parallel,79.3,391.2,377.2,93.5,1101.8,62.8,2400,0.0,0.0,16417,-530,92,discharging,None,None
17:21:15.106,parallel,8.3,391.2,162.8,25.8,1101.3,58.4,1500,0.0,0.0,16451,-601,92,discharging,None,None
17:21:15.615,parallel,8.3,391.2,162.8,64.2,1101.3,63.4,2400,0.0,0.0,16459,-506,92,discharging,None,None
17:21:16.119,parallel,8.3,403.9,160.9,56.4,1101.1,59.5,2400,0.0,0.0,16449,-552,92,discharging,None,None
17:21:16.627,parallel,8.3,403.9,160.9,33.5,1101.1,62.2,2400,0.0,0.0,16453,-557,92,discharging,None,None
17:21:17.131,parallel,8.3,395.4,160.9,58.1,1100.9,59.5,2400,0.0,0.0,16408,-586,92,discharging,None,None
17:21:17.634,parallel,7.9,395.4,172.4,38.3,1100.9,59.0,2400,0.0,0.0,16419,-606,92,discharging,None,None
17:21:18.138,parallel,7.9,398.9,172.4,82.0,1100.9,62.2,2400,0.0,0.0,16418,-565,92,discharging,None,None
17:21:18.647,parallel,8.4,398.9,172.4,4.5,1102.5,59.5,2400,0.0,0.0,16448,-547,92,discharging,None,None
17:21:19.152,parallel,8.4,398.9,163.2,81.6,1102.5,63.4,2400,0.0,0.0,16443,-534,92,discharging,None,None
17:21:19.655,parallel,8.4,407.6,163.2,32.3,1102.5,59.0,2400,0.0,0.0,16432,-605,92,discharging,None,None
17:21:20.177,parallel,8.3,407.6,163.2,34.7,1106.4,61.7,2400,0.0,0.0,16458,-520,92,discharging,None,None
17:21:20.681,parallel,8.3,491.2,244.8,87.9,1107.4,61.1,2400,0.0,0.0,16405,-587,92,discharging,None,None
17:21:21.184,parallel,8.3,491.2,244.8,2.0,1106.9,59.5,2400,0.0,0.0,16445,-630,92,discharging,None,None
17:21:21.692,parallel,8.3,491.2,244.8,58.1,1106.9,63.9,2400,0.0,0.0,16456,-492,92,discharging,None,None
17:21:22.203,parallel,8.3,723.8,511.3,88.7,1106.9,61.1,2400,0.0,0.0,16405,-626,92,discharging,None,None
17:21:22.707,parallel,8.3,723.8,511.3,2.0,1110.2,59.5,2400,0.0,0.0,16444,-633,92,discharging,None,None
17:21:23.223,parallel,8.3,723.8,511.3,58.3,1108.5,62.2,2400,0.0,0.0,16457,-483,92,discharging,None,None
17:21:23.727,parallel,8.2,615.7,371.2,67.6,1108.5,60.0,2400,0.0,0.0,16403,-610,92,discharging,None,None
17:21:24.230,parallel,8.2,615.7,371.2,2.0,1108.0,59.0,2400,0.0,0.0,16452,-587,92,discharging,None,None
17:21:24.738,parallel,8.4,615.7,371.2,78.0,1108.0,62.8,2400,0.0,0.0,16438,-475,92,discharging,None,None
17:21:25.242,parallel,8.4,451.8,220.1,45.8,1106.8,58.4,2400,0.0,0.0,16404,-615,92,discharging,None,None
17:21:25.751,parallel,8.4,451.8,220.1,31.5,1106.8,61.7,2400,0.0,0.0,16455,-547,92,discharging,None,None
17:21:26.255,parallel,8.3,396.2,220.1,73.8,1105.2,62.2,2400,0.0,0.0,16409,-536,92,discharging,None,None
17:21:26.759,parallel,8.3,396.2,173.9,16.9,1106.6,59.0,2400,0.0,0.0,16443,-601,92,discharging,None,None
17:21:27.263,parallel,8.3,395.6,173.9,82.1,1106.3,60.6,2400,0.0,0.0,16418,-553,92,discharging,None,None
17:21:27.766,parallel,8.3,395.6,163.8,36.6,1106.8,60.6,2400,0.0,0.0,16443,-556,92,discharging,None,None
17:21:28.575,parallel,8.4,590.2,163.8,67.6,1107.6,61.1,2400,0.0,0.0,16409,-567,92,discharging,None,None
17:21:29.078,parallel,8.4,590.2,170.6,38.6,1107.7,62.8,2400,0.0,0.0,16440,-579,92,discharging,None,None
17:21:29.583,parallel,8.4,590.2,170.6,40.8,1107.7,63.9,2400,0.0,0.0,16450,-531,92,discharging,None,None
17:21:30.086,parallel,6.9,411.3,170.6,45.0,1107.3,59.5,2400,0.0,0.0,16404,-610,92,discharging,None,None
17:21:30.591,parallel,6.9,411.3,160.2,35.8,1107.3,60.0,2400,0.0,0.0,16452,-573,92,discharging,None,None
17:21:31.095,parallel,8.3,402.9,160.2,82.6,1106.4,61.7,2400,0.0,0.0,16414,-542,92,discharging,None,None
17:21:31.598,parallel,8.3,402.9,160.2,1.5,1106.4,59.5,2400,0.0,0.0,16441,-583,92,discharging,None,None
17:21:32.103,parallel,8.4,402.9,167.0,95.0,1106.4,65.0,2400,0.0,0.0,16428,-534,92,discharging,None,None
17:21:32.607,parallel,8.4,404.0,167.0,23.0,1105.9,59.0,2400,0.0,0.0,16400,-606,92,discharging,None,None
17:21:33.119,parallel,8.4,404.0,167.0,27.2,1105.4,61.1,2400,0.0,0.0,16452,-537,92,discharging,None,None
17:21:33.628,parallel,8.3,404.0,428.2,100.0,1105.4,63.9,2400,0.0,0.0,16417,-521,92,discharging,None,None
17:21:34.132,parallel,8.3,643.4,428.2,9.9,1104.2,59.0,2400,0.0,0.0,16422,-635,92,discharging,None,None
17:21:34.644,parallel,8.4,643.4,428.2,39.4,1104.2,62.2,2400,0.0,0.0,16454,-515,92,discharging,None,None
17:21:35.147,parallel,8.4,679.3,420.7,99.0,1104.2,63.4,2400,0.0,0.0,16410,-540,92,discharging,None,None
17:21:35.651,parallel,8.3,679.3,420.7,2.0,1103.9,59.5,2400,0.0,0.0,16430,-641,92,discharging,None,None
17:21:36.159,parallel,8.3,679.3,420.7,46.0,1103.9,62.8,2400,0.0,0.0,16453,-502,92,discharging,None,None
17:21:36.663,parallel,8.3,545.4,340.1,86.3,1103.9,61.1,2400,0.0,0.0,16406,-554,92,discharging,None,None
17:21:37.166,parallel,8.3,545.4,340.1,2.0,1103.0,59.0,2400,0.0,0.0,16439,-630,92,discharging,None,None
17:21:37.670,parallel,8.3,398.3,340.1,79.5,1103.0,63.4,2400,0.0,0.0,16453,-506,92,discharging,None,None
17:21:38.174,parallel,8.3,398.3,167.5,40.3,1102.5,58.4,2400,0.0,0.0,16423,-576,92,discharging,None,None
17:21:38.683,parallel,8.3,398.3,167.5,41.7,1106.8,62.8,2400,0.0,0.0,16444,-577,92,discharging,None,None
17:21:39.188,parallel,8.3,397.3,167.5,50.0,1107.0,60.6,2400,0.0,0.0,16406,-572,92,discharging,None,None
17:21:39.692,parallel,8.3,397.3,165.7,32.8,1107.5,60.6,2400,0.0,0.0,16414,-606,92,discharging,None,None
17:21:40.195,parallel,8.3,405.3,165.7,78.1,1106.7,60.6,2400,0.0,0.0,16427,-538,92,discharging,None,None
17:21:40.703,parallel,8.4,405.3,165.7,21.9,1106.7,59.5,1900,0.0,0.0,16439,-549,92,discharging,None,None
17:21:41.212,parallel,8.4,405.3,191.7,92.1,1105.5,64.5,2400,0.0,0.0,16427,-542,92,discharging,None,None
17:21:41.716,parallel,7.9,403.4,191.7,17.5,1105.5,60.0,2400,0.0,0.0,16397,-611,92,discharging,None,None
17:21:42.230,parallel,7.9,403.4,191.7,39.4,1104.8,61.1,2400,0.0,0.0,16449,-544,92,discharging,None,None
17:21:42.734,parallel,7.9,556.1,333.3,84.8,1104.8,60.6,2400,0.0,0.0,16413,-522,92,discharging,None,None
17:21:43.237,parallel,8.3,556.1,333.3,2.0,1103.5,59.5,2400,0.0,0.0,16434,-616,92,discharging,None,None
17:21:43.750,parallel,8.3,556.1,333.3,61.4,1103.5,63.4,2400,0.0,0.0,16450,-495,92,discharging,None,None
17:21:44.254,parallel,8.3,735.6,485.2,87.3,1103.0,61.7,2400,0.0,0.0,16403,-559,92,discharging,None,None
17:21:44.757,parallel,8.3,735.6,485.2,2.0,1103.0,59.0,2400,0.0,0.0,16431,-655,92,discharging,None,None
17:21:45.272,parallel,8.3,735.6,485.2,58.1,1102.8,63.4,2400,0.0,0.0,16450,-498,92,discharging,None,None
17:21:45.776,parallel,8.3,619.7,390.5,77.2,1102.8,60.6,2400,0.0,0.0,16406,-635,92,discharging,None,None
17:21:46.280,parallel,8.3,619.7,390.5,3.0,1102.5,59.5,2400,0.0,0.0,16447,-569,92,discharging,None,None
17:21:46.788,parallel,8.4,398.6,390.5,77.3,1102.5,63.4,2400,0.0,0.0,16412,-500,92,discharging,None,None
17:21:47.292,parallel,8.4,398.6,172.9,41.8,1102.4,60.0,2400,0.0,0.0,16409,-607,92,discharging,None,None
17:21:47.800,parallel,8.3,398.6,172.9,41.9,1102.8,63.4,2400,0.0,0.0,16449,-535,92,discharging,None,None
17:21:48.304,parallel,8.3,404.0,172.9,60.9,1102.4,61.7,2400,0.0,0.0,16418,-547,92,discharging,None,None
17:21:48.812,parallel,8.3,404.0,160.6,21.3,1103.1,59.5,2400,0.0,0.0,16441,-581,92,discharging,None,None
17:21:49.315,parallel,8.3,403.4,160.6,80.6,1102.9,60.6,2400,0.0,0.0,16402,-600,92,discharging,None,None
17:21:49.819,parallel,8.3,403.4,157.9,36.3,1103.1,60.0,2400,0.0,0.0,16442,-587,92,discharging,None,None
17:21:50.327,parallel,8.4,403.4,157.9,64.2,1102.9,63.4,2400,0.0,0.0,16425,-532,92,discharging,None,None
17:21:50.830,parallel,8.4,399.2,157.9,20.2,1101.8,59.0,1900,0.0,0.0,16435,-563,92,discharging,None,None
17:21:51.346,parallel,8.2,399.2,183.7,65.5,1102.2,62.8,2400,0.0,0.0,16420,-526,92,discharging,None,None
17:21:51.850,parallel,8.2,398.3,183.7,55.7,1102.0,59.5,2400,0.0,0.0,16394,-593,92,discharging,None,None
17:21:52.359,parallel,8.2,398.3,183.7,9.4,1102.0,59.5,2400,0.0,0.0,16446,-546,92,discharging,None,None
17:21:53.043,parallel,8.3,398.3,727.6,100.0,1102.0,63.9,2400,0.0,0.0,16410,-527,92,discharging,None,None
17:21:53.546,parallel,8.3,705.9,727.6,18.8,1101.7,59.5,2400,0.0,0.0,16395,-659,92,discharging,None,None
17:21:54.055,parallel,8.3,705.9,727.6,29.9,1101.0,61.1,2400,0.0,0.0,16445,-534,92,discharging,None,None
17:21:54.558,parallel,6.4,502.0,286.0,98.0,1101.0,63.9,2400,0.0,0.0,16409,-511,92,discharging,None,None
17:21:55.062,parallel,6.4,502.0,286.0,3.0,1101.0,58.4,2400,0.0,0.0,16415,-620,92,discharging,None,None
17:21:55.571,parallel,8.3,502.0,286.0,70.6,1101.0,63.9,2400,0.0,0.0,16447,-516,92,discharging,None,None
17:21:56.075,parallel,8.3,393.0,171.6,47.8,1101.0,60.6,2400,0.0,0.0,16398,-546,92,discharging,None,None
17:21:56.583,parallel,8.3,393.0,171.6,35.8,1101.0,63.4,2400,0.0,0.0,16433,-598,92,discharging,None,None
17:21:57.086,parallel,8.3,401.2,171.6,48.8,1101.3,59.5,2400,0.0,0.0,16403,-548,92,discharging,None,None
17:21:57.590,parallel,8.3,401.2,159.7,36.8,1101.3,59.5,2400,0.0,0.0,16430,-580,92,discharging,None,None
17:21:58.094,parallel,8.3,400.0,159.7,82.3,1101.0,60.6,2400,0.0,0.0,16399,-600,92,discharging,None,None
17:21:58.600,parallel,8.3,400.0,159.7,28.2,1115.5,62.8,2400,0.0,0.0,16443,-559,92,discharging,None,None
17:21:59.104,parallel,8.3,400.0,160.5,68.8,1118.4,63.4,2400,0.0,0.0,16415,-536,92,discharging,None,None
17:21:59.608,parallel,8.3,406.7,160.5,27.2,1118.3,59.0,2400,0.0,0.0,16433,-600,92,discharging,None,None
17:22:00.116,parallel,8.3,406.7,178.5,56.7,1117.6,63.4,2400,0.0,0.0,16430,-541,92,discharging,None,None
17:22:00.620,parallel,8.3,398.4,178.5,63.3,1117.0,60.0,2400,0.0,0.0,16391,-609,92,discharging,None,None
17:22:01.123,parallel,8.3,398.4,178.5,2.5,1114.8,58.4,1900,0.0,0.0,16443,-550,92,discharging,None,None
17:22:01.635,parallel,8.3,398.4,178.5,83.9,1114.8,63.4,2400,0.0,0.0,16423,-470,92,discharging,None,None
17:22:02.140,parallel,8.3,713.2,459.0,63.4,1112.6,60.0,2400,0.0,0.0,16392,-620,92,discharging,None,None
17:22:02.644,parallel,8.4,713.2,459.0,2.5,1116.1,57.9,2400,0.0,0.0,16443,-552,92,discharging,None,None
17:22:03.155,parallel,8.4,713.2,459.0,82.7,1116.0,63.4,2400,0.0,0.0,16409,-501,92,discharging,None,None
17:22:03.658,parallel,8.4,670.6,419.8,53.5,1114.8,59.5,2400,0.0,0.0,16395,-634,92,discharging,None,None
17:22:04.162,parallel,8.3,670.6,419.8,2.5,1112.5,59.5,2400,0.0,0.0,16443,-535,92,discharging,None,None
17:22:04.675,parallel,8.3,670.6,419.8,92.2,1112.5,63.4,2400,0.0,0.0,16402,-522,92,discharging,None,None
17:22:05.178,parallel,8.3,559.9,354.9,47.5,1110.6,60.0,2400,0.0,0.0,16409,-641,92,discharging,None,None
17:22:05.687,parallel,8.3,559.9,354.9,24.9,1110.6,62.2,2400,0.0,0.0,16442,-522,92,discharging,None,None
17:22:06.192,parallel,7.9,399.1,354.9,86.2,1109.6,62.8,2400,0.0,0.0,16393,-552,92,discharging,None,None
17:22:06.695,parallel,7.9,399.1,176.0,11.3,1110.1,59.0,2400,0.0,0.0,16431,-609,92,discharging,None,None
17:22:07.199,parallel,7.9,402.8,176.0,82.2,1109.4,61.7,2400,0.0,0.0,16404,-564,92,discharging,None,None
17:22:07.703,parallel,8.4,402.8,158.2,36.0,1109.4,60.6,2400,0.0,0.0,16424,-596,92,discharging,None,None
17:22:08.211,parallel,8.4,402.8,158.2,48.8,1108.3,63.9,2400,0.0,0.0,16440,-533,92,discharging,None,None
17:22:08.715,parallel,8.3,403.9,158.2,36.6,1109.8,59.5,2400,0.0,0.0,16413,-560,92,discharging,None,None
17:22:09.224,parallel,8.3,403.9,172.2,45.8,1109.9,60.6,2400,0.0,0.0,16403,-579,92,discharging,None,None
17:22:09.727,parallel,8.3,406.7,172.2,74.0,1109.9,60.6,2400,0.0,0.0,16395,-604,92,discharging,None,None
17:22:10.235,parallel,8.3,406.7,172.2,17.3,1109.1,62.2,2400,0.0,0.0,16441,-549,92,discharging,None,None
17:22:10.739,parallel,8.3,406.7,165.2,91.5,1109.1,63.4,2400,0.0,0.0,16418,-537,92,discharging,None,None
17:22:11.243,parallel,8.3,394.0,165.2,12.9,1106.9,59.5,2400,0.0,0.0,16430,-608,92,discharging,None,None
17:22:11.751,parallel,8.3,394.0,165.2,46.1,1106.9,61.1,2400,0.0,0.0,16447,-480,92,discharging,None,None
17:22:12.255,parallel,8.3,635.7,386.3,94.5,1106.4,62.8,2400,0.0,0.0,16398,-568,92,discharging,None,None
17:22:12.758,parallel,8.3,635.7,386.3,2.5,1106.4,59.0,2400,0.0,0.0,16431,-617,92,discharging,None,None
17:22:13.271,parallel,8.3,635.7,386.3,51.0,1105.6,63.4,2400,0.0,0.0,16444,-476,92,discharging,None,None
17:22:13.774,parallel,8.3,738.5,498.7,98.5,1107.0,63.9,2400,0.0,0.0,16394,-600,92,discharging,None,None
17:22:14.278,parallel,8.3,738.5,498.7,2.5,1106.7,58.4,2400,0.0,0.0,16428,-635,92,discharging,None,None
17:22:14.787,parallel,8.3,738.5,498.7,45.8,1106.7,63.4,2400,0.0,0.0,16442,-475,92,discharging,None,None
17:22:15.291,parallel,8.3,683.2,455.6,99.0,1106.7,63.9,2400,0.0,0.0,16393,-594,92,discharging,None,None
17:22:15.794,parallel,8.4,683.2,455.6,4.0,1106.2,59.0,2400,0.0,0.0,16428,-637,92,discharging,None,None
17:22:16.303,parallel,8.4,683.2,455.6,52.5,1105.0,63.4,2400,0.0,0.0,16441,-483,92,discharging,None,None
17:22:16.807,parallel,8.4,395.7,171.0,66.2,1104.6,60.0,2400,0.0,0.0,16399,-599,92,discharging,None,None
17:22:17.315,parallel,8.3,395.7,171.0,24.6,1104.1,61.1,2400,0.0,0.0,16436,-594,92,discharging,None,None
17:22:17.819,parallel,8.3,403.5,171.0,67.2,1103.6,60.0,2400,0.0,0.0,16393,-562,92,discharging,None,None
17:22:18.323,parallel,7.9,403.5,172.6,38.6,1104.8,60.0,2400,0.0,0.0,16398,-611,92,discharging,None,None
17:22:18.831,parallel,7.9,396.5,172.6,77.5,1106.7,63.4,2400,0.0,0.0,16420,-535,92,discharging,None,None
17:22:19.338,parallel,7.9,396.5,172.6,31.2,1106.7,62.8,2400,0.0,0.0,16428,-547,92,discharging,None,None
17:22:19.842,parallel,8.3,396.5,162.9,51.5,1106.7,63.4,2400,0.0,0.0,16435,-541,92,discharging,None,None
17:22:20.345,parallel,8.3,395.0,162.9,42.8,1105.9,60.6,2400,0.0,0.0,16386,-605,92,discharging,None,None
17:22:20.852,parallel,8.3,395.0,159.0,39.6,1105.5,61.1,2400,0.0,0.0,16437,-570,92,discharging,None,None
17:22:21.356,parallel,8.3,393.3,159.0,78.0,1105.0,60.6,2400,0.0,0.0,16391,-574,92,discharging,None,None
17:22:21.860,parallel,8.3,393.3,159.0,3.0,1105.5,58.4,1600,0.0,0.0,16429,-584,92,discharging,None,None
17:22:22.368,parallel,8.3,393.3,395.6,85.2,1105.0,63.4,2400,0.0,0.0,16430,-476,92,discharging,None,None
17:22:22.871,parallel,8.3,570.3,395.6,49.5,1104.6,60.0,2400,0.0,0.0,16382,-605,92,discharging,None,None
17:22:23.375,parallel,8.4,570.3,395.6,2.5,1104.6,58.4,2400,0.0,0.0,16435,-565,92,discharging,None,None
17:22:23.891,parallel,8.4,570.3,395.6,96.1,1104.6,63.4,2400,0.0,0.0,16403,-487,92,discharging,None,None
17:22:24.394,parallel,8.3,677.4,421.8,41.9,1103.3,59.5,2400,0.0,0.0,16386,-635,92,discharging,None,None
17:22:24.903,parallel,8.3,677.4,421.8,6.5,1102.5,59.0,2400,0.0,0.0,16436,-550,92,discharging,None,None
17:22:25.407,parallel,8.3,677.4,421.8,100.0,1102.5,63.9,2400,0.0,0.0,16401,-505,92,discharging,None,None
17:22:25.910,parallel,8.2,639.7,422.6,39.1,1102.1,60.0,2400,0.0,0.0,16387,-647,92,discharging,None,None
17:22:26.422,parallel,8.2,639.7,422.6,23.0,1102.1,60.0,2400,0.0,0.0,16436,-545,92,discharging,None,None
17:22:26.926,parallel,8.4,390.1,422.6,88.6,1102.1,63.4,2400,0.0,0.0,16395,-535,92,discharging,None,None
17:22:27.430,parallel,8.4,390.1,163.4,8.9,1102.0,59.0,2400,0.0,0.0,16425,-604,92,discharging,None,None
17:22:27.934,parallel,8.3,392.4,163.4,81.2,1102.0,62.8,2400,0.0,0.0,16421,-535,92,discharging,None,None
17:22:28.437,parallel,8.3,392.4,163.3,37.4,1103.0,60.6,2400,0.0,0.0,16425,-562,92,discharging,None,None
17:22:28.944,parallel,8.3,392.4,163.3,50.5,1102.7,63.4,2400,0.0,0.0,16428,-542,92,discharging,None,None
17:22:29.448,parallel,8.3,573.3,163.3,46.2,1102.7,59.5,2400,0.0,0.0,16384,-598,92,discharging,None,None
17:22:29.952,parallel,8.3,573.3,163.3,36.0,1102.7,59.5,2400,0.0,0.0,16409,-617,92,discharging,None,None
17:22:30.461,parallel,8.0,573.3,163.3,75.9,1102.7,63.4,2400,0.0,0.0,16432,-505,92,discharging,None,None
17:22:30.965,parallel,8.0,416.6,163.3,28.4,1102.0,61.1,2400,0.0,0.0,16415,-552,92,discharging,None,None
17:22:31.471,parallel,8.0,416.6,168.1,53.2,1102.0,63.4,2400,0.0,0.0,16411,-569,92,discharging,None,None
17:22:31.974,parallel,8.3,395.5,168.1,46.3,1101.8,59.5,2400,0.0,0.0,16386,-606,92,discharging,None,None
17:22:32.479,parallel,8.3,395.5,206.7,44.5,1102.2,60.0,2400,0.0,0.0,16434,-544,92,discharging,None,None
17:22:32.982,parallel,8.3,395.5,206.7,82.1,1102.2,61.7,2400,0.0,0.0,16401,-520,92,discharging,None,None
17:22:33.486,parallel,8.3,395.5,206.7,1.5,1102.2,58.4,2400,0.0,0.0,16424,-585,92,discharging,None,None
17:22:34.002,parallel,8.3,395.5,206.7,69.1,1102.2,63.4,2400,0.0,0.0,16439,-488,92,discharging,None,None
17:22:34.506,parallel,8.3,619.9,427.9,65.5,1101.5,60.0,2400,0.0,0.0,16389,-601,92,discharging,None,None
17:22:35.009,parallel,8.3,619.9,427.9,2.0,1100.9,57.9,2400,0.0,0.0,16428,-609,92,discharging,None,None
17:22:35.527,parallel,8.4,619.9,427.9,79.2,1101.8,62.8,2400,0.0,0.0,16436,-529,92,discharging,None,None
17:22:36.030,parallel,8.4,716.2,466.7,63.7,1101.8,59.5,2400,0.0,0.0,16396,-648,92,discharging,None,None
17:22:36.534,parallel,8.3,716.2,466.7,1.5,1101.8,58.4,2400,0.0,0.0,16435,-521,92,discharging,None,None
17:22:37.044,parallel,8.3,716.2,466.7,82.4,1101.8,63.4,2400,0.0,0.0,16392,-533,92,discharging,None,None
17:22:37.547,parallel,8.3,551.4,325.3,49.0,1101.8,60.0,2400,0.0,0.0,16414,-627,92,discharging,None,None
17:22:38.055,parallel,8.3,551.4,325.3,15.9,1101.5,60.0,2400,0.0,0.0,16435,-505,92,discharging,None,None
17:22:38.559,parallel,8.3,419.5,325.3,89.1,1101.5,63.4,2400,0.0,0.0,16383,-566,92,discharging,None,None
17:22:39.062,parallel,8.3,419.5,170.2,20.5,1101.8,59.5,2400,0.0,0.0,16422,-607,92,discharging,None,None
17:22:39.570,parallel,8.3,419.5,170.2,72.5,1101.8,63.4,2400,0.0,0.0,16393,-562,92,discharging,None,None
17:22:40.074,parallel,8.3,407.4,160.6,46.5,1101.8,60.0,2400,0.0,0.0,16405,-607,92,discharging,None,None
17:22:40.583,parallel,8.3,407.4,160.6,35.0,1101.8,62.8,2400,0.0,0.0,16433,-534,92,discharging,None,None
17:22:41.087,parallel,8.3,395.3,160.6,48.5,1101.5,59.5,2400,0.0,0.0,16415,-547,92,discharging,None,None
17:22:41.590,parallel,8.4,395.3,170.1,46.3,1101.5,60.0,2400,0.0,0.0,16406,-579,92,discharging,None,None
17:22:42.094,parallel,8.4,395.2,170.1,81.6,1101.3,61.1,2400,0.0,0.0,16385,-616,92,discharging,None,None
17:22:42.597,parallel,7.9,395.2,170.1,1.5,1101.3,59.0,2400,0.0,0.0,16432,-547,92,discharging,None,None
17:22:43.104,parallel,7.9,395.2,271.6,83.3,1101.3,63.4,2400,0.0,0.0,16397,-522,92,discharging,None,None
17:22:43.607,parallel,8.3,487.9,271.6,41.5,1101.3,59.0,2400,0.0,0.0,16636,-618,92,discharging,None,None
17:22:44.115,parallel,8.3,487.9,271.6,5.5,1101.3,59.0,2400,0.0,0.0,16431,-498,92,discharging,None,None
17:22:44.630,parallel,8.3,487.9,478.9,100.0,1101.3,63.4,2400,0.0,0.0,16389,-555,92,discharging,None,None
17:22:45.133,parallel,8.3,713.5,478.9,39.5,1101.0,59.0,2400,0.0,0.0,16420,-647,92,discharging,None,None
17:22:45.639,parallel,8.3,713.5,478.9,9.0,1101.0,60.6,2400,0.0,0.0,16435,-493,92,discharging,None,None
17:22:46.147,parallel,8.3,713.5,478.9,100.0,1101.0,62.8,2400,0.0,0.0,16389,-560,92,discharging,None,None
17:22:46.650,parallel,8.3,670.6,438.8,33.5,1101.5,59.0,2400,0.0,0.0,16420,-642,92,discharging,None,None
17:22:47.159,parallel,8.3,670.6,438.8,13.6,1101.5,60.6,2400,0.0,0.0,16432,-484,92,discharging,None,None
17:22:47.663,parallel,8.4,493.6,438.8,100.0,1101.5,63.4,2400,0.0,0.0,16391,-557,92,discharging,None,None
17:22:48.167,parallel,8.4,493.6,230.3,14.0,1101.2,58.4,2400,0.0,0.0,16422,-610,92,discharging,None,None
17:22:48.675,parallel,8.3,493.6,230.3,60.4,1102.0,62.8,2400,0.0,0.0,16413,-525,92,discharging,None,None
17:22:49.178,parallel,8.3,407.8,161.5,58.7,1102.9,59.5,2400,0.0,0.0,16404,-606,92,discharging,None,None
17:22:49.687,parallel,8.3,407.8,161.5,21.5,1102.9,61.7,2400,0.0,0.0,16431,-538,92,discharging,None,None
17:22:50.190,parallel,8.3,407.4,161.5,63.1,1102.9,59.5,2400,0.0,0.0,16380,-552,92,discharging,None,None
17:22:50.694,parallel,8.3,407.4,159.3,36.5,1102.9,59.5,2400,0.0,0.0,16400,-607,92,discharging,None,None
17:22:51.198,parallel,8.4,403.3,159.3,81.1,1102.4,63.4,2400,0.0,0.0,16389,-571,92,discharging,None,None
17:22:51.707,parallel,8.4,403.3,159.3,16.0,1101.3,61.7,2400,0.0,0.0,16421,-548,92,discharging,None,None
17:22:52.211,parallel,8.4,403.3,175.0,66.3,1101.5,63.4,2400,0.0,0.0,16424,-534,92,discharging,None,None
17:22:52.715,parallel,8.4,406.9,175.0,40.6,1101.5,59.0,1600,0.0,0.0,16406,-604,92,discharging,None,None
17:22:53.671,parallel,8.3,406.9,179.4,69.9,1101.5,62.8,2400,0.0,0.0,16397,-487,92,discharging,None,None
17:22:54.175,parallel,8.3,571.0,179.4,24.5,1100.8,59.5,2400,0.0,0.0,16379,-628,92,discharging,None,None
17:22:54.683,parallel,8.3,571.0,167.5,57.0,1100.8,62.8,2400,0.0,0.0,16428,-541,92,discharging,None,None
17:22:55.187,parallel,6.4,393.2,167.5,60.3,1100.8,59.5,2400,0.0,0.0,16380,-568,92,discharging,None,None
17:22:55.690,parallel,6.4,393.2,167.5,1.5,1100.8,59.0,2400,0.0,0.0,16418,-606,92,discharging,None,None
17:22:56.206,parallel,8.3,393.2,167.5,87.7,1101.3,63.4,2400,0.0,0.0,16427,-477,92,discharging,None,None
17:22:56.710,parallel,8.3,670.1,472.0,51.5,1101.3,59.5,2400,0.0,0.0,16379,-618,92,discharging,None,None
17:22:57.213,parallel,8.4,670.1,472.0,1.5,1101.0,58.4,2400,0.0,0.0,16422,-516,92,discharging,None,None
17:22:57.723,parallel,8.4,670.1,472.0,95.5,1101.0,64.5,2400,0.0,0.0,16388,-538,92,discharging,None,None
17:22:58.226,parallel,8.4,686.4,407.3,43.8,1101.2,60.0,2400,0.0,0.0,16408,-638,92,discharging,None,None
17:22:58.735,parallel,8.3,686.4,407.3,3.0,1102.5,58.4,2400,0.0,0.0,16429,-501,92,discharging,None,None
17:22:59.243,parallel,8.3,519.2,407.3,100.0,1102.9,62.8,2400,0.0,0.0,16383,-551,92,discharging,None,None
17:22:59.746,parallel,8.3,519.2,315.6,27.1,1102.9,59.5,2400,0.0,0.0,16417,-621,92,discharging,None,None
17:23:00.255,parallel,8.3,519.2,315.6,41.3,1102.9,62.8,2400,0.0,0.0,16429,-508,92,discharging,None,None
17:23:00.758,parallel,8.3,407.6,162.9,76.8,1102.9,61.7,2400,0.0,0.0,16401,-587,92,discharging,None,None
17:23:01.271,parallel,8.3,407.6,162.9,5.9,1101.9,59.0,2400,0.0,0.0,16423,-573,92,discharging,None,None
17:23:01.775,parallel,8.3,399.2,162.9,78.7,1101.9,60.0,2400,0.0,0.0,16380,-570,92,discharging,None,None
17:23:02.278,parallel,8.3,399.2,163.7,36.8,1101.9,59.5,2400,0.0,0.0,16387,-606,92,discharging,None,None
17:23:02.787,parallel,8.3,399.2,163.7,66.3,1101.9,63.4,2400,0.0,0.0,16397,-540,92,discharging,None,None
17:23:03.292,parallel,8.3,403.8,163.7,20.7,1103.1,59.5,1600,0.0,0.0,16415,-548,92,discharging,None,None
17:23:03.797,parallel,8.3,403.8,207.5,68.0,1103.1,61.7,2400,0.0,0.0,16415,-510,92,discharging,None,None
17:23:04.300,parallel,8.3,414.7,207.5,58.0,1102.4,59.0,2400,0.0,0.0,16376,-584,92,discharging,None,None
17:23:04.808,parallel,8.3,414.7,207.5,25.6,1102.4,62.2,2400,0.0,0.0,16426,-544,92,discharging,None,None
17:23:05.311,parallel,8.3,397.0,163.3,93.0,1102.4,62.2,2400,0.0,0.0,16374,-575,92,discharging,None,None
17:23:05.815,parallel,8.3,397.0,163.3,10.9,1101.9,59.0,2400,0.0,0.0,16417,-614,92,discharging,None,None
17:23:06.327,parallel,8.3,397.0,163.3,54.9,1101.9,62.8,2400,0.0,0.0,16420,-492,92,discharging,None,None
17:23:06.830,parallel,8.3,673.4,479.1,85.7,1101.7,61.1,2400,0.0,0.0,16375,-633,92,discharging,None,None
17:23:07.334,parallel,7.9,673.4,479.1,3.0,1101.7,59.0,2400,0.0,0.0,16420,-601,92,discharging,None,None
17:23:07.850,parallel,7.9,673.4,479.1,59.4,1101.9,62.8,2400,0.0,0.0,16414,-472,92,discharging,None,None
17:23:08.354,parallel,8.3,754.5,567.7,93.6,1103.1,62.2,2400,0.0,0.0,16377,-626,92,discharging,None,None
17:23:08.857,parallel,8.3,754.5,567.7,2.5,1105.4,59.0,2400,0.0,0.0,16415,-609,92,discharging,None,None
17:23:09.363,parallel,8.4,754.5,567.7,53.7,1105.4,62.8,2400,0.0,0.0,16423,-475,92,discharging,None,None
17:23:09.867,parallel,8.4,415.6,182.2,67.5,1105.2,59.5,2400,0.0,0.0,16377,-611,92,discharging,None,None
17:23:10.375,parallel,8.4,415.6,182.2,12.4,1105.2,60.0,2400,0.0,0.0,16424,-575,92,discharging,None,None
17:23:10.879,parallel,8.3,407.5,182.2,72.4,1104.0,60.0,2400,0.0,0.0,16381,-547,92,discharging,None,None
17:23:11.382,parallel,8.3,407.5,167.4,36.3,1104.0,59.0,2400,0.0,0.0,16402,-608,92,discharging,None,None
17:23:11.891,parallel,8.3,407.5,167.4,72.1,1104.0,63.4,2400,0.0,0.0,16405,-535,92,discharging,None,None
17:23:12.395,parallel,8.3,407.3,167.4,40.6,1103.7,62.2,2400,0.0,0.0,16414,-549,92,discharging,None,None
17:23:12.899,parallel,8.3,407.3,170.7,41.8,1104.2,63.4,2400,0.0,0.0,16418,-540,92,discharging,None,None
17:23:13.402,parallel,8.3,396.0,170.7,50.0,1103.5,59.5,1900,0.0,0.0,16376,-607,92,discharging,None,None
17:23:13.906,parallel,8.3,396.0,170.0,38.0,1103.2,59.5,2400,0.0,0.0,16429,-563,92,discharging,None,None
17:23:14.410,parallel,8.3,406.4,170.0,82.6,1104.2,61.1,2400,0.0,0.0,16379,-554,92,discharging,None,None
17:23:14.913,parallel,8.3,406.4,170.0,2.5,1103.7,59.0,2400,0.0,0.0,16414,-571,92,discharging,None,None
17:23:15.420,parallel,8.3,406.4,233.0,84.2,1103.7,63.9,2400,0.0,0.0,16389,-524,92,discharging,None,None
17:23:15.924,parallel,8.3,460.1,233.0,39.6,1103.3,59.5,2400,0.0,0.0,16379,-619,92,discharging,None,None
17:23:16.437,parallel,8.3,460.1,233.0,8.4,1103.3,60.6,2400,0.0,0.0,16424,-531,92,discharging,None,None
17:23:16.948,parallel,8.3,460.1,463.9,100.0,1103.3,63.4,2400,0.0,0.0,16387,-521,92,discharging,None,None
17:23:17.452,parallel,8.3,703.3,463.9,35.6,1102.9,59.5,2400,0.0,0.0,16384,-645,92,discharging,None,None
17:23:17.963,parallel,8.4,703.3,463.9,22.1,1102.6,60.0,2400,0.0,0.0,16422,-533,92,discharging,None,None
17:23:18.472,parallel,8.4,703.3,463.9,100.0,1104.1,63.9,2400,0.0,0.0,16382,-540,92,discharging,None,None
17:23:18.975,parallel,7.9,720.0,476.4,34.5,1105.1,59.5,2400,0.0,0.0,16383,-656,92,discharging,None,None
17:23:19.483,parallel,7.9,720.0,476.4,12.9,1105.1,60.6,2400,0.0,0.0,16423,-526,92,discharging,None,None
17:23:19.987,parallel,7.9,494.9,476.4,100.0,1105.1,63.4,2400,0.0,0.0,16382,-533,92,discharging,None,None
17:23:20.490,parallel,8.3,494.9,265.9,16.4,1104.9,59.0,2400,0.0,0.0,16410,-621,92,discharging,None,None
17:23:21.000,parallel,8.3,494.9,265.9,54.2,1105.3,62.8,2400,0.0,0.0,16424,-512,92,discharging,None,None
17:23:21.503,parallel,8.2,410.6,159.1,64.7,1108.4,60.6,2400,0.0,0.0,16383,-572,92,discharging,None,None
17:23:22.015,parallel,8.2,410.6,159.1,18.2,1108.4,60.6,2400,0.0,0.0,16410,-601,92,discharging,None,None
17:23:22.518,parallel,8.4,389.6,159.1,65.0,1108.4,59.5,2400,0.0,0.0,16376,-594,92,discharging,None,None
17:23:23.022,parallel,8.4,389.6,160.7,36.8,1108.2,59.5,2400,0.0,0.0,16392,-620,92,discharging,None,None
17:23:23.526,parallel,8.4,400.5,160.7,80.2,1110.2,62.2,2400,0.0,0.0,16401,-550,92,discharging,None,None
17:23:24.032,parallel,8.3,400.5,160.7,18.8,1108.6,59.5,1600,0.0,0.0,16410,-555,92,discharging,None,None
17:23:24.536,parallel,8.3,400.5,194.0,70.6,1108.8,62.8,2400,0.0,0.0,16407,-515,92,discharging,None,None
17:23:25.041,parallel,8.3,394.5,194.0,39.8,1108.0,59.0,2400,0.0,0.0,16369,-578,92,discharging,None,None
17:23:25.548,parallel,8.3,394.5,160.6,39.4,1108.0,61.7,2400,0.0,0.0,16421,-546,92,discharging,None,None
17:23:26.052,parallel,8.3,405.9,160.6,78.2,1107.1,60.6,2400,0.0,0.0,16375,-562,92,discharging,None,None
17:23:26.555,parallel,8.3,405.9,160.6,2.5,1107.1,58.4,2400,0.0,0.0,16410,-604,92,discharging,None,None
17:23:27.067,parallel,8.3,405.9,160.6,68.6,1107.1,63.4,2400,0.0,0.0,16422,-479,92,discharging,None,None
17:23:27.570,parallel,8.2,696.1,504.4,75.2,1106.3,61.1,2400,0.0,0.0,16372,-611,92,discharging,None,None
17:23:28.074,parallel,8.2,696.1,504.4,2.5,1106.0,59.0,2400,0.0,0.0,16411,-614,92,discharging,None,None
17:23:28.586,parallel,8.3,696.1,504.4,70.8,1108.3,62.2,2400,0.0,0.0,16423,-477,92,discharging,None,None
17:23:29.089,parallel,8.3,698.5,431.0,70.9,1107.6,59.5,2400,0.0,0.0,16370,-616,92,discharging,None,None
17:23:29.593,parallel,8.3,698.5,431.0,2.5,1107.6,58.4,2400,0.0,0.0,16412,-609,92,discharging,None,None
17:23:30.175,parallel,8.4,698.5,431.0,78.4,1107.6,62.8,2400,0.0,0.0,16420,-467,92,discharging,None,None
17:23:30.679,parallel,8.4,791.0,383.1,80.6,1107.2,61.1,2400,0.0,0.0,16377,-602,92,discharging,None,None
17:23:31.182,parallel,8.4,791.0,383.1,2.5,1105.3,59.0,2400,0.0,0.0,16406,-642,92,discharging,None,None
17:23:31.691,parallel,6.7,791.0,383.1,74.3,1105.3,63.4,2400,0.0,0.0,16422,-491,92,discharging,None,None
17:23:32.194,parallel,6.7,403.9,164.8,44.6,1104.8,59.5,2400,0.0,0.0,16378,-581,92,discharging,None,None
17:23:32.703,parallel,8.3,403.9,164.8,36.5,1104.8,62.8,2400,0.0,0.0,16413,-534,92,discharging,None,None
17:23:33.207,parallel,8.3,410.8,164.8,63.9,1107.1,62.8,2400,0.0,0.0,16391,-550,92,discharging,None,None
17:23:33.711,parallel,8.3,410.8,175.5,23.6,1107.1,59.0,2400,0.0,0.0,16408,-582,92,discharging,None,None
17:23:34.214,parallel,8.3,416.2,175.5,86.1,1105.5,62.2,2400,0.0,0.0,16374,-597,92,discharging,None,None
17:23:34.718,parallel,8.3,416.2,158.8,37.1,1105.5,61.1,2400,0.0,0.0,16412,-585,92,discharging,None,None
17:23:35.227,parallel,8.3,416.2,158.8,55.0,1104.8,62.8,2400,0.0,0.0,16399,-530,92,discharging,None,None
17:23:35.731,parallel,8.3,395.6,158.8,28.9,1104.8,58.4,2400,0.0,0.0,16407,-562,92,discharging,None,None
17:23:36.239,parallel,8.3,395.6,163.4,53.7,1104.3,62.2,2400,0.0,0.0,16379,-543,92,discharging,None,None
17:23:36.742,parallel,8.3,407.0,163.4,65.5,1105.8,60.0,2400,0.0,0.0,16365,-609,92,discharging,None,None
17:23:37.252,parallel,8.3,407.0,163.4,6.4,1105.3,60.0,2400,0.0,0.0,16417,-551,92,discharging,None,None
17:23:37.756,parallel,8.3,407.0,208.2,100.0,1105.7,65.0,2400,0.0,0.0,16379,-550,92,discharging,None,None
17:23:38.259,parallel,8.3,449.8,208.2,15.0,1105.2,59.0,2400,0.0,0.0,16406,-611,92,discharging,None,None
17:23:38.771,parallel,8.4,449.8,208.2,33.5,1105.4,62.2,2400,0.0,0.0,16421,-479,92,discharging,None,None
17:23:39.275,parallel,8.4,661.8,403.9,99.5,1105.2,61.7,2400,0.0,0.0,16370,-589,92,discharging,None,None
17:23:39.778,parallel,8.3,661.8,403.9,5.0,1103.6,59.0,2400,0.0,0.0,16410,-603,92,discharging,None,None
17:23:40.291,parallel,8.3,661.8,403.9,44.1,1103.0,61.7,2400,0.0,0.0,16420,-462,92,discharging,None,None
17:23:40.794,parallel,8.3,686.8,433.2,95.1,1103.3,62.2,2400,0.0,0.0,16368,-611,92,discharging,None,None
17:23:41.298,parallel,8.3,686.8,433.2,2.5,1102.4,59.0,2400,0.0,0.0,16409,-613,92,discharging,None,None
17:23:41.807,parallel,8.3,686.8,433.2,48.5,1102.4,63.4,2400,0.0,0.0,16418,-471,92,discharging,None,None
17:23:42.367,parallel,8.2,816.3,488.9,94.3,1102.1,62.2,2400,0.0,0.0,16368,-615,92,discharging,None,None
17:23:42.871,parallel,8.2,816.3,488.9,3.4,1101.7,58.4,2400,0.0,0.0,16405,-626,92,discharging,None,None
17:23:43.379,parallel,8.2,816.3,488.9,42.9,1101.7,62.2,2400,0.0,0.0,16417,-453,92,discharging,None,None
17:23:43.882,parallel,7.3,407.2,183.1,77.9,1101.2,60.0,2400,0.0,0.0,16366,-581,92,discharging,None,None
17:23:44.392,parallel,7.3,407.2,183.1,4.0,1101.2,59.0,1500,0.0,0.0,16408,-606,92,discharging,None,None
17:23:44.896,parallel,8.3,411.2,183.1,82.1,1101.0,60.6,2400,0.0,0.0,16383,-520,92,discharging,None,None
17:23:45.399,parallel,8.3,411.2,167.1,36.7,1101.0,59.0,2400,0.0,0.0,16369,-589,92,discharging,None,None
17:23:45.907,parallel,8.3,411.2,167.1,62.7,1101.0,63.9,2400,0.0,0.0,16416,-536,92,discharging,None,None
17:23:46.417,parallel,8.3,394.8,167.1,38.4,1101.4,61.7,2400,0.0,0.0,16396,-548,92,discharging,None,None
17:23:46.925,parallel,8.3,394.8,161.3,43.6,1101.2,61.7,2400,0.0,0.0,16406,-569,92,discharging,None,None
17:23:47.429,parallel,8.4,394.6,161.3,54.5,1101.2,59.5,2400,0.0,0.0,16369,-604,92,discharging,None,None
17:23:47.932,parallel,8.4,394.6,159.4,36.0,1101.2,60.0,2400,0.0,0.0,16416,-556,92,discharging,None,None
17:23:48.436,parallel,8.3,399.4,159.4,82.1,1101.4,61.7,2400,0.0,0.0,16374,-545,92,discharging,None,None
17:23:48.939,parallel,8.3,399.4,159.4,2.0,1101.0,58.4,2400,0.0,0.0,16404,-598,92,discharging,None,None
17:23:49.447,parallel,8.3,399.4,193.0,79.9,1101.0,63.9,2400,0.0,0.0,16401,-525,92,discharging,None,None
17:23:49.950,parallel,8.3,441.2,193.0,41.1,1104.0,59.0,2400,0.0,0.0,16362,-612,92,discharging,None,None
17:23:50.459,parallel,8.3,441.2,193.0,6.1,1115.3,60.6,2400,0.0,0.0,16414,-552,92,discharging,None,None
17:23:50.964,parallel,8.3,441.2,452.3,100.0,1116.4,63.4,2400,0.0,0.0,16379,-503,92,discharging,None,None
17:23:51.468,parallel,8.3,658.4,452.3,28.9,1116.4,59.0,2400,0.0,0.0,16367,-635,92,discharging,None,None
17:23:51.977,parallel,8.4,658.4,452.3,19.7,1115.5,60.6,2400,0.0,0.0,16414,-534,92,discharging,None,None
17:23:52.491,parallel,8.4,658.4,452.3,100.0,1115.5,63.4,2400,0.0,0.0,16375,-522,92,discharging,None,None
17:23:52.994,parallel,8.4,703.3,443.0,25.6,1110.5,59.5,2400,0.0,0.0,16372,-647,92,discharging,None,None
17:23:53.499,parallel,8.3,703.3,443.0,21.0,1111.2,62.2,2400,0.0,0.0,16414,-528,92,discharging,None,None
17:23:54.011,parallel,8.3,539.2,443.0,100.0,1110.2,63.9,2400,0.0,0.0,16372,-529,92,discharging,None,None
17:23:54.514,parallel,8.3,539.2,312.6,20.9,1110.8,59.0,2400,0.0,0.0,16385,-634,92,discharging,None,None
17:23:55.027,parallel,8.3,539.2,312.6,58.6,1110.4,62.8,2400,0.0,0.0,16415,-514,92,discharging,None,None
17:23:55.531,parallel,7.9,419.9,169.2,64.4,1109.4,60.0,2400,0.0,0.0,16366,-542,92,discharging,None,None
17:23:56.043,parallel,7.9,419.9,169.2,17.1,1106.9,60.6,2400,0.0,0.0,16403,-593,92,discharging,None,None
17:23:56.546,parallel,7.9,403.5,169.2,65.9,1106.9,59.5,2400,0.0,0.0,16373,-573,92,discharging,None,None
17:23:57.050,parallel,8.3,403.5,159.6,36.0,1105.5,59.5,2400,0.0,0.0,16396,-603,92,discharging,None,None
17:23:57.556,parallel,8.3,405.0,159.6,79.6,1105.5,63.4,2400,0.0,0.0,16413,-535,92,discharging,None,None
17:23:58.063,parallel,8.4,405.0,159.6,21.2,1105.7,61.7,2400,0.0,0.0,16390,-556,92,discharging,None,None
17:23:58.567,parallel,8.4,405.0,171.5,60.7,1106.1,63.4,2400,0.0,0.0,16375,-571,92,discharging,None,None
17:23:59.070,parallel,8.4,409.5,171.5,44.3,1105.6,60.0,2400,0.0,0.0,16363,-610,92,discharging,None,None
17:23:59.579,parallel,8.3,409.5,158.4,36.5,1105.6,60.6,2400,0.0,0.0,16411,-551,92,discharging,None,None
17:24:00.083,parallel,8.3,407.4,158.4,82.8,1104.0,59.5,2400,0.0,0.0,16381,-538,92,discharging,None,None
17:24:00.586,parallel,8.3,407.4,158.4,2.0,1104.0,59.0,2400,0.0,0.0,16399,-609,92,discharging,None,None
17:24:01.096,parallel,8.3,407.4,389.3,76.4,1104.0,63.4,2400,0.0,0.0,16414,-503,92,discharging,None,None
17:24:01.599,parallel,8.3,588.1,389.3,59.0,1103.3,59.5,2400,0.0,0.0,16362,-609,92,discharging,None,None
17:24:02.103,parallel,8.3,588.1,389.3,1.5,1103.1,59.0,2400,0.0,0.0,16405,-611,92,discharging,None,None
17:24:02.614,parallel,8.3,588.1,389.3,86.3,1104.0,63.9,2400,0.0,0.0,16410,-476,92,discharging,None,None
17:24:03.118,parallel,8.2,725.1,466.2,61.2,1103.1,60.6,2400,0.0,0.0,16362,-619,92,discharging,None,None
17:24:03.621,parallel,8.2,725.1,466.2,1.5,1103.1,58.4,2400,0.0,0.0,16402,-615,92,discharging,None,None
17:24:04.131,parallel,8.3,725.1,466.2,85.1,1103.1,63.4,2400,0.0,0.0,16414,-477,92,discharging,None,None
17:24:04.634,parallel,8.3,617.4,400.0,51.7,1103.4,60.0,2400,0.0,0.0,16359,-617,92,discharging,None,None
17:24:05.147,parallel,8.4,617.4,400.0,5.5,1103.8,58.4,1600,0.0,0.0,16405,-601,92,discharging,None,None
17:24:05.651,parallel,8.4,415.1,400.0,95.1,1103.5,63.9,2400,0.0,0.0,16400,-473,92,discharging,None,None
17:24:06.155,parallel,8.4,415.1,172.2,22.4,1103.3,59.0,2400,0.0,0.0,16360,-593,92,discharging,None,None
17:24:06.663,parallel,8.4,415.1,172.2,43.0,1103.8,62.8,2400,0.0,0.0,16410,-544,92,discharging,None,None
17:24:07.167,parallel,8.4,397.0,166.1,83.7,1102.8,62.2,2400,0.0,0.0,16367,-607,92,discharging,None,None
17:24:07.670,parallel,7.9,397.0,166.1,2.0,1102.8,59.0,2400,0.0,0.0,16409,-579,92,discharging,None,None
17:24:08.174,parallel,7.9,395.1,166.1,82.6,1104.6,61.1,2400,0.0,0.0,16366,-555,92,discharging,None,None
17:24:08.677,parallel,7.9,395.1,162.8,36.0,1105.6,59.5,2400,0.0,0.0,16371,-606,92,discharging,None,None
17:24:09.184,parallel,8.3,395.1,162.8,59.6,1104.6,62.8,2400,0.0,0.0,16386,-537,92,discharging,None,None
17:24:09.688,parallel,8.3,404.3,162.8,28.5,1104.6,60.0,2400,0.0,0.0,16398,-549,92,discharging,None,None
17:24:10.196,parallel,8.3,404.3,159.5,52.5,1103.7,62.2,2400,0.0,0.0,16406,-538,92,discharging,None,None
17:24:10.699,parallel,8.3,399.3,159.5,62.0,1103.7,59.5,2400,0.0,0.0,16360,-606,92,discharging,None,None
17:24:11.206,parallel,8.3,399.3,166.6,34.7,1102.8,62.2,2400,0.0,0.0,16409,-570,92,discharging,None,None
17:24:11.710,parallel,8.3,399.2,166.6,84.2,1102.8,63.4,2400,0.0,0.0,16360,-577,92,discharging,None,None
17:24:12.213,parallel,8.3,399.2,166.6,2.5,1102.1,59.0,2400,0.0,0.0,16400,-582,92,discharging,None,None
17:24:12.722,parallel,8.4,399.2,300.1,64.5,1102.1,62.8,2400,0.0,0.0,16379,-509,91,discharging,None,None
17:24:13.226,parallel,8.4,521.9,300.1,62.7,1102.0,60.0,2400,0.0,0.0,16355,-624,91,discharging,None,None
17:24:13.729,parallel,8.3,521.9,300.1,2.0,1102.0,59.0,2400,0.0,0.0,16408,-549,91,discharging,None,None
17:24:14.246,parallel,8.3,521.9,300.1,82.8,1101.2,63.4,2400,0.0,0.0,16373,-507,91,discharging,None,None
17:24:14.749,parallel,8.3,617.3,394.6,41.2,1101.2,60.0,2400,0.0,0.0,16380,-618,91,discharging,None,None
17:24:15.256,parallel,8.3,617.3,394.6,4.0,1101.1,58.4,1900,0.0,0.0,16410,-510,91,discharging,None,None
17:24:15.767,parallel,8.3,617.3,394.6,100.0,1101.1,63.4,2400,0.0,0.0,16369,-519,91,discharging,None,None
17:24:16.271,parallel,8.3,543.4,354.5,20.3,1101.1,58.4,2400,0.0,0.0,16397,-595,91,discharging,None,None
17:24:16.779,parallel,8.3,543.4,354.5,38.8,1101.1,62.2,2400,0.0,0.0,16412,-492,91,discharging,None,None
17:24:17.283,parallel,8.3,363.3,154.1,68.3,1100.9,60.6,2400,0.0,0.0,16383,-566,91,discharging,None,None
17:24:17.792,parallel,8.3,363.3,154.1,8.5,1100.7,59.5,2400,0.0,0.0,16405,-569,91,discharging,None,None
17:24:18.296,parallel,8.3,363.4,154.1,65.7,1100.7,59.5,2400,0.0,0.0,16361,-558,91,discharging,None,None
17:24:18.799,parallel,8.3,363.4,148.8,32.8,1100.7,59.0,2400,0.0,0.0,16367,-589,91,discharging,None,None
17:24:19.303,parallel,8.3,363.6,148.8,74.8,1109.1,63.4,2400,0.0,0.0,16369,-544,91,discharging,None,None
17:24:19.811,parallel,8.3,363.6,148.8,10.0,1109.8,60.6,2400,0.0,0.0,16398,-533,91,discharging,None,None
17:24:20.315,parallel,8.3,363.6,151.6,70.4,1109.4,62.2,2400,0.0,0.0,16408,-530,91,discharging,None,None
17:24:20.819,parallel,8.3,374.6,151.6,29.7,1109.4,59.5,2400,0.0,0.0,16392,-581,91,discharging,None,None
17:24:21.329,parallel,8.3,374.6,151.3,42.0,1107.6,61.7,2400,0.0,0.0,16411,-514,91,discharging,None,None
17:24:21.832,parallel,8.3,382.5,151.3,64.2,1107.6,59.5,2400,0.0,0.0,16355,-590,91,discharging,None,None
17:24:22.336,parallel,8.3,382.5,151.3,0.0,1106.1,58.4,2400,0.0,0.0,16406,-567,91,discharging,None,None
17:24:22.847,parallel,8.3,382.5,151.3,80.9,1105.7,62.8,2400,0.0,0.0,16377,-477,91,discharging,None,None
17:24:23.350,parallel,8.3,640.9,420.0,48.8,1105.2,59.0,2400,0.0,0.0,16352,-624,91,discharging,None,None
17:24:23.854,parallel,8.3,640.9,420.0,0.0,1105.2,58.4,2400,0.0,0.0,16409,-542,91,discharging,None,None
17:24:24.370,parallel,8.3,640.9,420.0,95.6,1106.4,63.9,2400,0.0,0.0,16364,-509,91,discharging,None,None
17:24:24.873,parallel,8.3,598.9,375.4,25.5,1106.4,59.0,2400,0.0,0.0,16387,-616,91,discharging,None,None
17:24:25.381,parallel,8.3,598.9,375.4,21.2,1105.9,60.6,2400,0.0,0.0,16409,-501,91,discharging,None,None
17:24:25.887,parallel,8.3,376.0,206.2,98.5,1113.7,62.2,2400,0.0,0.0,16367,-535,91,discharging,None,None
17:24:26.391,parallel,8.3,376.0,206.2,0.5,1113.7,59.0,2400,0.0,0.0,16396,-596,91,discharging,None,None
17:24:26.894,parallel,8.3,359.3,206.2,74.8,1113.4,60.6,2400,0.0,0.0,16369,-550,91,discharging,None,None
17:24:27.398,parallel,8.3,359.3,147.7,32.3,1113.4,59.5,2400,0.0,0.0,16389,-585,91,discharging,None,None
17:24:27.907,parallel,8.3,359.3,147.7,57.9,1113.0,63.4,2400,0.0,0.0,16407,-529,91,discharging,None,None
17:24:28.411,parallel,8.3,363.6,147.7,16.8,1113.5,58.4,2400,0.0,0.0,16393,-537,91,discharging,None,None
17:24:28.919,parallel,8.3,363.6,152.0,60.4,1112.3,61.7,2400,0.0,0.0,16380,-553,91,discharging,None,None
17:24:29.423,parallel,8.3,366.9,152.0,47.3,1112.0,57.9,2400,0.0,0.0,16356,-589,91,discharging,None,None
17:24:29.926,parallel,8.3,366.9,158.8,30.0,1114.6,61.7,2400,0.0,0.0,16407,-534,91,discharging,None,None
17:24:30.430,parallel,8.3,363.9,158.8,77.1,1113.9,60.0,2400,0.0,0.0,16361,-560,91,discharging,None,None
17:24:30.934,parallel,8.3,363.9,158.8,0.0,1110.9,58.4,1500,0.0,0.0,16401,-585,91,discharging,None,None
17:24:31.439,parallel,8.3,363.9,158.8,65.8,1110.9,61.7,2400,0.0,0.0,16413,-424,91,discharging,None,None
17:24:31.943,parallel,8.3,767.4,619.9,89.0,1112.0,61.1,2400,0.0,0.0,16359,-573,91,discharging,None,None
17:24:32.446,parallel,8.3,767.4,619.9,0.5,1112.0,58.4,2400,0.0,0.0,16395,-620,91,discharging,None,None
17:24:32.957,parallel,8.3,767.4,619.9,55.4,1112.0,62.2,2400,0.0,0.0,16409,-469,91,discharging,None,None
17:24:33.461,parallel,8.3,463.4,267.3,55.2,1111.1,59.0,2400,0.0,0.0,16355,-592,91,discharging,None,None
17:24:33.968,parallel,8.3,463.4,267.3,5.9,1110.0,60.6,2400,0.0,0.0,16405,-569,91,discharging,None,None
17:24:34.479,parallel,8.3,361.8,267.3,79.0,1110.0,61.1,2400,0.0,0.0,16363,-516,91,discharging,None,None
17:24:34.982,parallel,8.3,361.8,151.5,22.2,1110.1,58.4,2400,0.0,0.0,16379,-590,91,discharging,None,None
17:24:35.486,parallel,8.3,361.0,151.5,75.1,1110.5,62.8,2400,0.0,0.0,16393,-526,91,discharging,None,None
17:24:35.990,parallel,8.3,361.0,150.9,32.3,1110.2,60.0,2400,0.0,0.0,16394,-533,91,discharging,None,None
17:24:36.498,parallel,8.3,361.0,150.9,46.3,1110.2,62.2,2400,0.0,0.0,16397,-533,91,discharging,None,None
17:24:37.001,parallel,8.3,366.4,150.9,29.0,1108.1,59.0,2400,0.0,0.0,16362,-580,91,discharging,None,None
17:24:37.509,parallel,8.3,366.4,151.3,48.3,1108.5,60.6,2400,0.0,0.0,16396,-575,91,discharging,None,None
17:24:38.013,parallel,8.3,364.6,151.3,58.9,1108.3,60.0,2400,0.0,0.0,16362,-582,91,discharging,None,None
17:24:38.520,parallel,8.3,364.6,151.3,9.4,1110.0,60.0,2400,0.0,0.0,16402,-536,91,discharging,None,None
17:24:39.024,parallel,8.3,426.4,227.5,100.0,1110.0,62.8,2400,0.0,0.0,16369,-509,91,discharging,None,None
17:24:39.527,parallel,8.3,426.4,227.5,3.0,1109.5,58.4,2400,0.0,0.0,16391,-599,91,discharging,None,None
17:24:40.039,parallel,8.3,426.4,227.5,41.7,1108.7,61.7,2400,0.0,0.0,16406,-490,91,discharging,None,None
17:24:40.542,parallel,8.3,625.0,400.9,84.6,1108.5,60.6,2400,0.0,0.0,16357,-558,91,discharging,None,None
17:24:41.046,parallel,8.3,625.0,400.9,0.0,1107.1,57.9,2400,0.0,0.0,16393,-619,91,discharging,None,None
17:24:41.559,parallel,8.3,625.0,400.9,60.0,1107.1,61.7,2400,0.0,0.0,16406,-471,91,discharging,None,None
17:24:42.063,parallel,8.3,627.2,411.0,75.9,1106.4,59.5,2400,0.0,0.0,16356,-580,91,discharging,None,None
17:24:42.566,parallel,8.3,627.2,411.0,0.0,1106.4,59.0,2400,0.0,0.0,16394,-607,91,discharging,None,None
17:24:43.070,parallel,8.3,363.6,411.0,74.8,1105.9,62.2,2400,0.0,0.0,16397,-484,91,discharging,None,None
17:24:43.574,parallel,8.3,363.6,152.4,32.8,1105.9,59.5,2400,0.0,0.0,16374,-589,91,discharging,None,None
17:24:44.080,parallel,8.3,363.6,152.4,47.1,1105.5,62.8,2400,0.0,0.0,16404,-543,91,discharging,None,None
17:24:44.584,parallel,8.3,362.0,152.4,48.8,1105.5,61.7,2400,0.0,0.0,16355,-533,91,discharging,None,None
17:24:45.092,parallel,8.3,362.0,148.1,29.1,1104.8,60.6,2400,0.0,0.0,16386,-589,91,discharging,None,None
17:24:45.596,parallel,8.3,364.8,148.1,57.7,1104.5,59.0,2400,0.0,0.0,16360,-573,91,discharging,None,None
17:24:46.099,parallel,8.3,364.8,151.2,32.5,1105.7,58.4,2400,0.0,0.0,16401,-535,91,discharging,None,None
17:24:46.603,parallel,8.3,371.6,151.2,77.6,1110.4,60.0,2400,0.0,0.0,16382,-525,91,discharging,None,None
17:24:47.106,parallel,8.3,371.6,151.2,0.0,1110.8,58.4,2400,0.0,0.0,16392,-578,91,discharging,None,None
17:24:47.615,parallel,8.3,371.6,154.8,84.6,1110.8,63.9,2400,0.0,0.0,16392,-522,91,discharging,None,None
17:24:48.118,parallel,8.3,362.8,154.8,22.5,1110.0,57.3,2400,0.0,0.0,16354,-588,91,discharging,None,None
17:24:48.631,parallel,8.3,362.8,154.8,24.1,1110.7,61.1,2400,0.0,0.0,16401,-533,91,discharging,None,None
17:24:49.135,parallel,8.3,632.4,436.4,99.5,1113.8,62.8,2400,0.0,0.0,16365,-514,91,discharging,None,None
17:24:49.639,parallel,8.3,632.4,436.4,3.0,1113.1,59.0,2400,0.0,0.0,16376,-626,91,discharging,None,None
17:24:50.147,parallel,8.3,632.4,436.4,40.0,1112.7,62.2,2400,0.0,0.0,16403,-506,91,discharging,None,None
17:24:50.651,parallel,8.3,618.7,434.7,95.1,1112.9,61.1,2400,0.0,0.0,16360,-545,91,discharging,None,None
17:24:51.154,parallel,8.3,618.7,434.7,0.0,1111.3,58.4,2400,0.0,0.0,16389,-638,91,discharging,None,None
17:24:51.659,parallel,8.3,618.7,434.7,59.2,1111.3,61.7,1900,0.0,0.0,16404,-490,91,discharging,None,None
17:24:52.162,parallel,8.3,374.3,151.1,50.7,1109.9,59.5,2400,0.0,0.0,16359,-543,91,discharging,None,None
17:24:52.671,parallel,8.3,374.3,151.1,26.4,1109.9,61.1,2400,0.0,0.0,16395,-577,91,discharging,None,None
17:24:53.176,parallel,8.3,364.6,151.1,50.5,1108.4,60.0,2400,0.0,0.0,16360,-561,91,discharging,None,None
17:24:53.679,parallel,8.3,364.6,151.4,30.3,1108.4,57.9,2400,0.0,0.0,16371,-589,91,discharging,None,None
17:24:54.183,parallel,8.3,363.4,151.4,75.1,1106.8,59.5,2400,0.0,0.0,16383,-527,91,discharging,None,None
17:24:54.686,parallel,8.3,363.4,151.4,32.7,1106.8,61.1,2400,0.0,0.0,16390,-533,91,discharging,None,None
17:24:55.195,parallel,8.3,363.4,151.4,65.0,1106.4,63.4,2400,0.0,0.0,16395,-531,91,discharging,None,None
17:24:55.698,parallel,8.3,363.4,151.4,9.9,1106.4,57.9,2400,0.0,0.0,16361,-589,91,discharging,None,None
17:24:56.207,parallel,8.3,363.4,151.4,65.8,1105.8,62.8,2400,0.0,0.0,16401,-532,91,discharging,None,None
17:24:56.711,parallel,8.3,366.1,151.4,40.6,1105.8,59.0,2400,0.0,0.0,16345,-586,91,discharging,None,None
17:24:57.220,parallel,8.3,366.1,151.4,4.5,1105.4,57.3,1500,0.0,0.0,16400,-573,91,discharging,None,None
17:24:57.724,parallel,8.3,366.1,353.2,100.0,1105.4,63.4,2400,0.0,0.0,16396,-425,91,discharging,None,None
17:24:58.228,parallel,8.3,592.1,353.2,14.9,1105.2,58.4,2400,0.0,0.0,16350,-572,91,discharging,None,None
17:24:58.735,parallel,8.3,592.1,353.2,31.3,1105.2,61.1,2400,0.0,0.0,16400,-536,91,discharging,None,None
17:24:59.239,parallel,8.3,651.9,402.0,100.0,1106.4,62.8,2400,0.0,0.0,16359,-510,91,discharging,None,None
17:24:59.742,parallel,8.3,651.9,402.0,4.5,1106.2,57.9,2400,0.0,0.0,16366,-629,91,discharging,None,None
17:25:00.247,parallel,10.7,651.9,402.0,42.5,1106.0,62.2,2400,0.0,0.0,16400,-516,91,discharging,None,None
17:25:00.750,parallel,10.7,447.1,225.0,75.1,1106.0,60.6,2400,0.0,0.0,16356,-540,91,discharging,None,None
17:25:01.254,parallel,8.3,447.1,225.0,1.5,1104.8,57.3,2400,0.0,0.0,16388,-605,91,discharging,None,None
17:25:01.757,parallel,8.3,395.7,225.0,81.7,1104.8,60.0,2400,0.0,0.0,16392,-514,91,discharging,None,None
17:25:02.261,parallel,8.3,395.7,173.2,38.0,1104.8,57.3,2400,0.0,0.0,16382,-592,91,discharging,None,None
17:25:02.768,parallel,8.3,395.7,173.2,56.2,1104.8,61.7,2400,0.0,0.0,16396,-559,91,discharging,None,None
17:25:03.272,parallel,8.3,428.1,173.2,49.8,1104.3,61.1,2400,0.0,0.0,16355,-551,91,discharging,None,None
17:25:03.780,parallel,8.3,428.1,159.4,39.3,1104.3,60.6,2400,0.0,0.0,16358,-600,91,discharging,None,None
17:25:04.285,parallel,8.3,394.5,159.4,68.5,1104.3,59.0,2400,0.0,0.0,16359,-612,91,discharging,None,None
17:25:04.788,parallel,7.9,394.5,159.8,36.5,1105.0,59.0,2400,0.0,0.0,16384,-604,91,discharging,None,None
17:25:05.295,parallel,7.9,393.7,159.8,77.2,1105.0,62.8,2400,0.0,0.0,16358,-569,91,discharging,None,None
17:25:05.798,parallel,7.9,393.7,159.8,5.5,1105.0,59.0,2400,0.0,0.0,16388,-550,91,discharging,None,None
17:25:06.307,parallel,8.4,393.7,163.1,75.2,1104.5,63.4,2400,0.0,0.0,16365,-535,91,discharging,None,None
17:25:06.810,parallel,8.4,393.7,163.1,42.6,1104.1,59.0,2400,0.0,0.0,16373,-607,91,discharging,None,None
17:25:07.320,parallel,8.3,393.7,163.1,12.4,1104.1,59.5,2400,0.0,0.0,16399,-512,91,discharging,None,None
17:25:07.825,parallel,8.3,393.7,491.6,100.0,1104.1,63.9,2400,0.0,0.0,16353,-557,91,discharging,None,None
17:25:08.328,parallel,8.3,675.8,491.6,34.3,1104.1,59.5,2400,0.0,0.0,16382,-653,91,discharging,None,None
17:25:08.836,parallel,8.3,675.8,491.6,13.9,1111.2,60.0,2400,0.0,0.0,16398,-499,91,discharging,None,None
17:25:09.344,parallel,8.3,675.8,491.6,100.0,1111.2,63.4,2400,0.0,0.0,16354,-556,91,discharging,None,None
17:25:09.848,parallel,8.3,674.2,572.4,40.2,1110.8,59.0,2400,0.0,0.0,16368,-658,91,discharging,None,None
17:25:10.355,parallel,8.3,674.2,572.4,21.9,1110.0,62.2,2400,0.0,0.0,16397,-506,91,discharging,None,None
17:25:10.859,parallel,8.3,393.5,572.4,86.6,1110.0,63.4,2400,0.0,0.0,16347,-553,91,discharging,None,None
17:25:11.362,parallel,8.3,393.5,165.2,10.9,1109.1,57.9,2400,0.0,0.0,16385,-607,91,discharging,None,None
17:25:11.866,parallel,8.4,395.3,165.2,82.5,1108.1,61.7,2400,0.0,0.0,16357,-565,91,discharging,None,None
17:25:12.369,parallel,8.4,395.3,166.5,36.2,1108.1,59.5,2400,0.0,0.0,16377,-602,91,discharging,None,None
17:25:12.876,parallel,8.4,395.3,166.5,48.0,1107.1,63.4,2400,0.0,0.0,16396,-529,91,discharging,None,None
17:25:13.379,parallel,8.3,403.6,166.5,37.0,1107.0,58.4,2400,0.0,0.0,16373,-548,91,discharging,None,None
17:25:13.885,parallel,8.3,403.6,163.4,44.3,1106.5,60.0,2400,0.0,0.0,16360,-571,91,discharging,None,None
17:25:14.389,parallel,8.3,395.2,163.4,74.0,1110.2,59.5,2400,0.0,0.0,16346,-608,91,discharging,None,None
17:25:14.896,parallel,8.3,395.2,163.4,15.3,1109.8,60.6,2400,0.0,0.0,16394,-550,91,discharging,None,None
17:25:15.400,parallel,8.3,395.2,175.6,93.0,1109.8,65.0,2400,0.0,0.0,16358,-544,91,discharging,None,None
17:25:15.904,parallel,8.3,408.5,175.6,23.0,1109.3,59.5,2400,0.0,0.0,16378,-623,91,discharging,None,None
17:25:16.415,parallel,8.3,408.5,175.6,42.1,1109.3,62.2,2400,0.0,0.0,16396,-506,91,discharging,None,None
17:25:16.918,parallel,7.9,660.3,471.7,99.5,1109.0,63.4,2400,0.0,0.0,16346,-601,91,discharging,None,None
17:25:17.422,parallel,7.9,660.3,471.7,4.5,1108.6,59.0,2400,0.0,0.0,16383,-629,91,discharging,None,None
17:25:17.939,parallel,8.3,660.3,471.7,44.3,1107.9,61.7,2400,0.0,0.0,16397,-478,91,discharging,None,None
17:25:18.442,parallel,8.3,728.8,469.0,100.0,1107.9,62.8,2400,0.0,0.0,16348,-602,91,discharging,None,None
17:25:18.946,parallel,8.3,728.8,469.0,4.5,1108.2,59.0,2400,0.0,0.0,16383,-633,91,discharging,None,None
17:25:19.451,parallel,8.4,728.8,469.0,41.2,1108.2,62.8,2400,0.0,0.0,16399,-474,91,discharging,None,None
17:25:19.954,parallel,8.4,554.8,331.1,88.7,1115.2,61.1,2400,0.0,0.0,16348,-596,91,discharging,None,None
17:25:20.458,parallel,8.3,554.8,331.1,2.0,1115.2,59.0,2400,0.0,0.0,16387,-609,91,discharging,None,None
17:25:20.967,parallel,8.3,554.8,331.1,72.6,1114.4,63.4,2400,0.0,0.0,16373,-507,91,discharging,None,None
17:25:21.471,parallel,8.3,395.2,160.2,45.6,1112.5,59.5,2400,0.0,0.0,16349,-607,91,discharging,None,None
17:25:21.979,parallel,8.3,395.2,160.2,37.0,1111.7,61.7,2400,0.0,0.0,16393,-541,91,discharging,None,None
17:25:22.483,parallel,8.3,396.9,160.2,54.7,1113.8,60.0,2400,0.0,0.0,16343,-554,91,discharging,None,None
17:25:22.987,parallel,8.3,396.9,168.2,29.7,1113.6,58.4,2400,0.0,0.0,16376,-615,91,discharging,None,None
17:25:23.491,parallel,8.3,393.4,168.2,82.1,1113.6,60.0,2400,0.0,0.0,16348,-599,91,discharging,None,None
17:25:23.995,parallel,8.3,393.4,162.6,36.0,1112.4,61.7,2400,0.0,0.0,16384,-571,91,discharging,None,None
17:25:24.503,parallel,8.3,393.4,162.6,63.0,1113.7,63.4,2400,0.0,0.0,16374,-551,91,discharging,None,None
17:25:25.007,parallel,8.3,404.4,162.6,22.3,1112.1,59.0,2400,0.0,0.0,16377,-613,91,discharging,None,None
17:25:25.516,parallel,8.4,404.4,159.2,58.6,1113.0,61.7,2400,0.0,0.0,16382,-558,91,discharging,None,None
17:25:26.019,parallel,8.4,403.3,159.2,59.2,1112.6,59.5,2400,0.0,0.0,16344,-608,91,discharging,None,None
17:25:26.523,parallel,8.3,403.3,159.2,2.0,1112.6,59.0,2400,0.0,0.0,16393,-554,91,discharging,None,None
17:25:27.028,parallel,8.3,403.3,431.7,97.5,1112.6,63.9,2400,0.0,0.0,16355,-507,91,discharging,None,None
17:25:27.706,parallel,8.3,611.7,431.7,37.3,1111.6,59.0,2400,0.0,0.0,16380,-629,91,discharging,None,None
17:25:28.222,parallel,8.3,611.7,431.7,41.6,1110.2,62.8,2400,0.0,0.0,16393,-489,91,discharging,None,None
17:25:28.727,parallel,8.3,720.1,470.8,100.0,1110.2,63.4,2400,0.0,0.0,16343,-614,91,discharging,None,None
17:25:29.230,parallel,7.9,720.1,470.8,5.5,1110.1,58.4,2400,0.0,0.0,16380,-623,91,discharging,None,None
17:25:29.739,parallel,7.9,720.1,470.8,42.3,1110.1,62.2,2400,0.0,0.0,16394,-474,91,discharging,None,None
17:25:30.243,parallel,8.2,559.6,333.0,89.7,1108.6,61.7,2400,0.0,0.0,16344,-608,91,discharging,None,None
17:25:30.746,parallel,8.2,559.6,333.0,2.0,1108.6,59.0,2400,0.0,0.0,16384,-604,91,discharging,None,None
17:25:31.255,parallel,8.4,559.6,333.0,71.8,1109.6,63.9,2400,0.0,0.0,16359,-508,91,discharging,None,None
17:25:31.758,parallel,8.4,399.0,160.0,46.5,1109.6,59.5,2400,0.0,0.0,16342,-607,91,discharging,None,None
17:25:32.272,parallel,8.4,399.0,160.0,35.6,1110.0,61.7,2400,0.0,0.0,16391,-539,91,discharging,None,None
17:25:32.778,parallel,8.3,399.5,160.0,56.3,1110.0,60.6,2400,0.0,0.0,16345,-550,91,discharging,None,None
17:25:33.282,parallel,8.3,399.5,172.9,30.3,1108.9,59.5,2400,0.0,0.0,16381,-598,91,discharging,None,None
17:25:33.785,parallel,8.3,395.4,172.9,81.3,1108.9,60.0,2400,0.0,0.0,16348,-593,91,discharging,None,None
17:25:34.289,parallel,8.3,395.4,159.2,36.0,1107.8,61.7,2400,0.0,0.0,16386,-560,91,discharging,None,None
17:25:34.796,parallel,8.3,395.4,159.2,62.1,1108.0,62.8,2400,0.0,0.0,16369,-533,91,discharging,None,None
17:25:35.299,parallel,8.3,391.7,159.2,22.0,1108.6,59.0,2400,0.0,0.0,16378,-596,91,discharging,None,None
17:25:35.808,parallel,8.3,391.7,158.4,59.8,1108.6,62.2,2400,0.0,0.0,16374,-553,91,discharging,None,None
17:25:36.311,parallel,8.3,398.6,158.4,57.2,1107.7,59.0,2400,0.0,0.0,16339,-607,91,discharging,None,None
17:25:36.815,parallel,8.3,398.6,158.4,2.5,1107.1,58.4,2400,0.0,0.0,16389,-548,91,discharging,None,None
17:25:37.323,parallel,8.3,398.6,460.4,98.0,1107.1,63.9,2400,0.0,0.0,16354,-515,91,discharging,None,None
17:25:37.827,parallel,8.3,623.8,460.4,42.2,1106.6,60.0,2400,0.0,0.0,16349,-645,91,discharging,None,None
17:25:38.335,parallel,8.3,623.8,460.4,6.5,1107.3,59.5,2400,0.0,0.0,16390,-532,91,discharging,None,None
17:25:38.843,parallel,8.3,623.8,460.4,100.0,1107.9,63.4,2400,0.0,0.0,16351,-528,91,discharging,None,None
17:25:39.346,parallel,8.3,743.5,500.2,45.6,1107.6,60.0,2400,0.0,0.0,16342,-662,91,discharging,None,None
17:25:39.851,parallel,8.4,743.5,500.2,11.0,1107.4,59.0,2400,0.0,0.0,16389,-542,91,discharging,None,None
17:25:40.363,parallel,8.4,499.6,500.2,99.5,1107.4,62.2,2400,0.0,0.0,16347,-532,91,discharging,None,None
17:25:40.867,parallel,7.9,499.6,268.5,24.9,1106.0,59.5,2400,0.0,0.0,16367,-624,91,discharging,None,None
17:25:41.375,parallel,7.9,499.6,268.5,44.6,1106.0,63.4,2400,0.0,0.0,16391,-513,91,discharging,None,None
17:25:41.878,parallel,7.9,395.1,161.7,73.4,1105.5,60.6,2400,0.0,0.0,16344,-559,91,discharging,None,None
17:25:42.388,parallel,8.3,395.1,161.7,9.4,1113.0,59.5,2400,0.0,0.0,16378,-596,91,discharging,None,None
17:25:42.892,parallel,8.3,395.6,161.7,73.9,1112.6,60.0,2400,0.0,0.0,16346,-581,91,discharging,None,None
17:25:43.395,parallel,8.3,395.6,171.4,38.6,1112.6,59.5,2400,0.0,0.0,16366,-607,91,discharging,None,None
17:25:43.902,parallel,8.3,395.6,171.4,71.0,1111.8,64.5,2400,0.0,0.0,16376,-534,91,discharging,None,None
17:25:44.407,parallel,8.3,395.5,171.4,15.7,1111.0,59.5,2400,0.0,0.0,16376,-549,91,discharging,None,None
17:25:44.912,parallel,8.3,395.5,163.5,67.8,1110.2,62.8,2400,0.0,0.0,16358,-552,91,discharging,None,None
17:25:45.415,parallel,8.3,395.0,163.5,49.0,1109.7,59.0,2400,0.0,0.0,16337,-607,91,discharging,None,None
17:25:45.923,parallel,8.4,395.0,162.4,34.1,1109.1,61.7,2400,0.0,0.0,16387,-548,91,discharging,None,None
17:25:46.427,parallel,8.4,392.9,162.4,83.9,1108.9,60.6,2400,0.0,0.0,16343,-563,91,discharging,None,None
17:25:46.930,parallel,8.3,392.9,162.4,2.5,1107.6,57.9,2400,0.0,0.0,16377,-607,91,discharging,None,None
17:25:47.446,parallel,8.3,392.9,162.4,63.7,1107.6,63.4,2400,0.0,0.0,16390,-478,91,discharging,None,None
17:25:47.950,parallel,8.3,799.2,699.9,99.0,1107.5,63.4,2400,0.0,0.0,16341,-603,91,discharging,None,None
17:25:48.454,parallel,8.3,799.2,699.9,3.0,1107.5,59.0,2400,0.0,0.0,16376,-645,91,discharging,None,None
17:25:48.960,parallel,8.3,799.2,699.9,47.0,1108.3,63.4,2400,0.0,0.0,16389,-479,91,discharging,None,None
17:25:49.463,parallel,8.3,542.0,431.0,94.1,1108.8,62.8,2400,0.0,0.0,16340,-580,91,discharging,None,None
17:25:49.967,parallel,8.3,542.0,431.0,4.5,1108.0,58.4,2400,0.0,0.0,16376,-644,91,discharging,None,None
17:25:50.475,parallel,8.3,395.3,431.0,79.4,1108.0,62.8,2400,0.0,0.0,16371,-530,91,discharging,None,None
17:25:50.978,parallel,8.3,395.3,159.7,38.9,1106.6,60.0,2400,0.0,0.0,16375,-582,91,discharging,None,None
17:25:51.487,parallel,8.3,395.3,159.7,44.1,1106.6,63.9,2400,0.0,0.0,16382,-549,91,discharging,None,None
17:25:51.990,parallel,8.3,399.4,159.7,49.0,1105.8,59.0,2400,0.0,0.0,16337,-582,91,discharging,None,None
17:25:52.499,parallel,8.3,399.4,163.0,41.0,1105.8,60.6,2400,0.0,0.0,16345,-619,91,discharging,None,None
17:25:53.003,parallel,7.9,408.8,163.0,77.5,1105.5,61.1,2400,0.0,0.0,16349,-570,91,discharging,None,None
17:25:53.511,parallel,7.9,408.8,163.0,27.7,1105.5,62.2,2400,0.0,0.0,16378,-552,91,discharging,None,None
17:25:54.015,parallel,7.9,408.8,167.8,76.7,1105.5,64.5,2400,0.0,0.0,16377,-539,91,discharging,None,None
17:25:54.518,parallel,8.3,397.7,167.8,16.9,1105.1,59.0,2400,0.0,0.0,16360,-610,91,discharging,None,None
17:25:55.034,parallel,8.3,397.7,291.3,55.2,1104.9,62.8,2400,0.0,0.0,16387,-528,91,discharging,None,None
17:25:55.538,parallel,8.3,495.8,291.3,71.2,1104.5,60.6,2400,0.0,0.0,16336,-586,91,discharging,None,None
17:25:56.042,parallel,8.3,495.8,291.3,2.0,1104.3,58.4,2400,0.0,0.0,16375,-616,91,discharging,None,None
17:25:56.558,parallel,8.3,495.8,291.3,74.8,1104.3,62.8,2400,0.0,0.0,16387,-476,91,discharging,None,None
17:25:57.062,parallel,8.3,881.4,766.8,99.0,1104.2,62.8,2400,0.0,0.0,16337,-605,91,discharging,None,None
17:25:57.565,parallel,8.3,881.4,766.8,4.5,1104.1,59.0,2400,0.0,0.0,16367,-664,91,discharging,None,None
17:25:58.072,parallel,8.4,881.4,766.8,44.1,1104.1,62.2,2400,0.0,0.0,16386,-496,91,discharging,None,None
17:25:58.575,parallel,8.4,479.1,273.4,83.2,1105.2,60.0,2400,0.0,0.0,16340,-540,91,discharging,None,None
17:25:59.079,parallel,8.3,479.1,273.4,3.0,1113.8,58.4,2400,0.0,0.0,16373,-605,91,discharging,None,None
17:25:59.582,parallel,8.3,395.8,273.4,81.6,1113.8,61.7,2400,0.0,0.0,16371,-525,91,discharging,None,None
17:26:00.086,parallel,8.3,395.8,160.4,36.6,1112.9,59.5,2400,0.0,0.0,16372,-593,91,discharging,None,None
17:26:00.595,parallel,8.3,395.8,160.4,52.7,1112.9,63.4,2400,0.0,0.0,16383,-551,91,discharging,None,None
17:26:01.100,parallel,8.3,399.4,160.4,43.2,1110.7,61.1,2400,0.0,0.0,16335,-565,91,discharging,None,None
17:26:01.604,parallel,8.3,399.4,163.3,39.3,1110.7,61.1,2400,0.0,0.0,16342,-608,91,discharging,None,None
17:26:02.107,parallel,8.3,394.2,163.3,68.0,1109.7,58.4,2400,0.0,0.0,16344,-565,91,discharging,None,None
17:26:02.611,parallel,8.3,394.2,171.5,38.1,1109.7,61.7,2400,0.0,0.0,16375,-550,91,discharging,None,None
17:26:03.118,parallel,8.3,392.6,171.5,77.6,1109.3,63.4,2400,0.0,0.0,16379,-540,91,discharging,None,None
17:26:03.622,parallel,8.3,392.6,171.5,5.9,1108.9,59.0,2400,0.0,0.0,16363,-609,91,discharging,None,None
17:26:04.135,parallel,8.4,392.6,171.5,47.0,1107.9,62.2,2400,0.0,0.0,16385,-523,91,discharging,None,None
17:26:04.639,parallel,8.4,707.8,439.2,100.0,1115.3,63.4,2400,0.0,0.0,16345,-542,91,discharging,None,None
17:26:05.143,parallel,7.9,707.8,439.2,7.4,1114.8,59.0,2400,0.0,0.0,16352,-653,91,discharging,None,None
17:26:05.655,parallel,7.9,707.8,439.2,42.0,1114.8,61.7,2400,0.0,0.0,16384,-520,91,discharging,None,None
17:26:06.159,parallel,7.9,707.8,511.7,100.0,1112.5,63.9,2400,0.0,0.0,16344,-539,91,discharging,None,None
17:26:06.662,parallel,8.3,749.3,511.7,12.9,1112.3,59.5,2400,0.0,0.0,16342,-666,91,discharging,None,None
17:26:07.170,parallel,8.3,749.3,511.7,35.8,1111.1,62.8,2400,0.0,0.0,16383,-530,91,discharging,None,None
17:26:07.674,parallel,8.3,596.5,379.8,100.0,1111.9,63.4,2400,0.0,0.0,16342,-530,91,discharging,None,None
17:26:08.177,parallel,8.3,596.5,379.8,4.5,1109.9,59.5,2400,0.0,0.0,16349,-641,91,discharging,None,None
17:26:08.684,parallel,8.4,596.5,379.8,59.1,1110.9,63.4,2400,0.0,0.0,16382,-514,91,discharging,None,None
17:26:09.187,parallel,8.4,394.9,163.3,59.4,1110.2,60.6,2400,0.0,0.0,16334,-550,91,discharging,None,None
17:26:09.696,parallel,8.4,394.9,163.3,22.3,1110.2,61.7,2400,0.0,0.0,16372,-609,91,discharging,None,None
17:26:10.199,parallel,8.3,398.2,163.3,62.2,1116.5,59.5,2400,0.0,0.0,16344,-563,91,discharging,None,None
17:26:10.703,parallel,8.3,398.2,163.4,36.6,1116.5,59.0,2400,0.0,0.0,16362,-600,91,discharging,None,None
17:26:11.206,parallel,8.4,395.1,163.4,81.6,1115.7,63.4,2400,0.0,0.0,16381,-539,91,discharging,None,None
17:26:11.715,parallel,8.4,395.1,163.4,23.9,1114.4,61.1,2400,0.0,0.0,16358,-560,91,discharging,None,None
17:26:12.219,parallel,8.4,395.1,174.8,61.6,1113.1,63.4,2400,0.0,0.0,16343,-535,91,discharging,None,None
17:26:12.722,parallel,8.3,398.1,174.8,37.1,1113.1,59.5,2400,0.0,0.0,16369,-602,91,discharging,None,None
17:26:13.232,parallel,8.3,398.1,163.8,44.8,1111.8,61.7,2400,0.0,0.0,16369,-556,91,discharging,None,None
17:26:13.735,parallel,8.3,396.0,163.8,73.4,1111.8,60.0,2400,0.0,0.0,16328,-606,91,discharging,None,None
17:26:14.239,parallel,8.3,396.0,163.8,10.0,1110.9,59.0,2400,0.0,0.0,16380,-552,91,discharging,None,None
17:26:14.751,parallel,8.2,396.0,163.8,81.0,1110.9,64.5,2400,0.0,0.0,16346,-508,91,discharging,None,None
17:26:15.254,parallel,8.2,659.0,475.9,61.9,1118.2,60.0,2400,0.0,0.0,16328,-651,91,discharging,None,None
17:26:15.758,parallel,8.2,659.0,475.9,2.5,1120.2,58.4,2400,0.0,0.0,16380,-548,91,discharging,None,None
17:26:16.277,parallel,8.5,659.0,475.9,60.6,1118.6,62.8,2400,0.0,0.0,16370,-461,91,discharging,None,None
17:26:16.781,parallel,8.5,681.1,473.1,85.7,1118.6,61.1,2400,0.0,0.0,16331,-640,91,discharging,None,None
17:26:17.284,parallel,7.9,681.1,473.1,1.5,1116.6,57.9,2400,0.0,0.0,16377,-595,91,discharging,None,None
17:26:17.792,parallel,7.9,681.1,473.1,60.6,1114.5,63.9,2400,0.0,0.0,16367,-478,91,discharging,None,None
17:26:18.296,parallel,8.3,688.6,432.6,80.5,1114.5,60.0,2400,0.0,0.0,16331,-640,91,discharging,None,None
17:26:18.799,parallel,8.3,688.6,432.6,1.5,1112.9,58.4,2400,0.0,0.0,16380,-583,91,discharging,None,None
17:26:19.307,parallel,8.3,688.6,432.6,65.0,1113.4,63.4,2400,0.0,0.0,16363,-478,91,discharging,None,None
17:26:19.810,parallel,8.3,491.5,257.9,59.6,1113.3,59.5,2400,0.0,0.0,16331,-620,91,discharging,None,None
17:26:20.319,parallel,8.3,491.5,257.9,10.0,1112.7,60.0,2400,0.0,0.0,16380,-551,91,discharging,None,None
17:26:20.823,parallel,8.4,399.7,257.9,80.7,1116.1,61.7,2400,0.0,0.0,16335,-550,91,discharging,None,None
17:26:21.326,parallel,8.4,399.7,175.0,31.0,1114.9,59.0,2400,0.0,0.0,16369,-612,91,discharging,None,None
17:26:21.835,parallel,8.4,399.7,175.0,71.6,1112.8,63.9,2400,0.0,0.0,16350,-545,91,discharging,None,None
17:26:22.338,parallel,8.3,394.3,162.8,45.8,1112.4,62.2,2400,0.0,0.0,16368,-563,91,discharging,None,None
17:26:22.847,parallel,8.3,394.3,162.8,36.8,1111.6,62.8,2400,0.0,0.0,16372,-541,91,discharging,None,None
17:26:23.350,parallel,8.3,391.5,162.8,47.8,1111.5,58.4,1500,0.0,0.0,16337,-593,91,discharging,None,None
17:26:23.854,parallel,8.3,391.5,200.0,44.0,1110.1,59.0,2400,0.0,0.0,16373,-556,91,discharging,None,None
17:26:24.358,parallel,8.3,396.3,200.0,82.1,1110.1,59.5,2400,0.0,0.0,16337,-557,91,discharging,None,None
17:26:24.861,parallel,8.3,396.3,200.0,1.5,1110.1,58.4,2400,0.0,0.0,16377,-553,91,discharging,None,None
17:26:25.368,parallel,8.3,396.3,219.0,88.2,1110.1,63.9,2400,0.0,0.0,16342,-519,91,discharging,None,None
17:26:25.871,parallel,8.3,456.8,219.0,33.2,1109.3,59.0,2400,0.0,0.0,16353,-615,91,discharging,None,None
17:26:26.383,parallel,8.3,456.8,219.0,13.9,1116.8,60.6,2400,0.0,0.0,16381,-517,91,discharging,None,None
17:26:26.891,parallel,8.3,456.8,219.0,100.0,1116.8,63.4,2400,0.0,0.0,16342,-537,91,discharging,None,None
17:26:27.394,parallel,8.3,826.5,686.7,53.7,1116.0,59.5,2400,0.0,0.0,16329,-682,91,discharging,None,None
17:26:27.898,parallel,8.3,826.5,686.7,2.0,1115.5,58.4,2400,0.0,0.0,16379,-549,91,discharging,None,None
17:26:28.411,parallel,8.4,826.5,686.7,71.9,1114.6,63.4,2400,0.0,0.0,16370,-462,91,discharging,None,None
17:26:28.914,parallel,8.4,697.9,447.0,76.7,1114.7,60.6,2400,0.0,0.0,16326,-641,91,discharging,None,None
17:26:29.418,parallel,7.9,697.9,447.0,2.0,1114.7,58.4,2400,0.0,0.0,16373,-599,91,discharging,None,None
17:26:29.931,parallel,7.9,697.9,447.0,68.0,1113.2,62.8,2400,0.0,0.0,16367,-476,91,discharging,None,None
17:26:30.435,parallel,8.3,595.5,385.5,70.1,1112.8,60.0,2400,0.0,0.0,16329,-634,91,discharging,None,None
17:26:30.938,parallel,8.3,595.5,385.5,1.5,1110.5,59.0,2400,0.0,0.0,16376,-586,91,discharging,None,None
17:26:31.442,parallel,8.3,395.4,385.5,81.6,1110.5,61.1,2400,0.0,0.0,16340,-510,91,discharging,None,None
17:26:31.945,parallel,8.3,395.4,160.8,36.7,1109.6,59.5,2400,0.0,0.0,16329,-608,91,discharging,None,None
17:26:32.452,parallel,8.3,395.4,160.8,55.7,1109.6,63.4,2400,0.0,0.0,16378,-538,91,discharging,None,None
17:26:32.956,parallel,8.4,399.4,160.8,53.2,1109.0,63.4,2400,0.0,0.0,16349,-551,91,discharging,None,None
17:26:33.463,parallel,8.4,399.4,163.4,28.0,1109.0,61.1,2400,0.0,0.0,16373,-581,91,discharging,None,None
17:26:33.967,parallel,8.4,406.9,163.4,67.0,1107.9,60.0,2400,0.0,0.0,16333,-591,91,discharging,None,None
17:26:34.470,parallel,8.3,406.9,174.8,38.5,1107.9,60.0,2400,0.0,0.0,16377,-566,91,discharging,None,None
17:26:34.974,parallel,8.3,395.0,174.8,78.2,1107.7,63.4,2400,0.0,0.0,16353,-539,91,discharging,None,None
17:26:35.478,parallel,8.3,395.0,174.8,5.0,1107.4,59.0,2400,0.0,0.0,16366,-580,91,discharging,None,None
17:26:35.984,parallel,8.3,395.0,158.3,75.7,1106.8,63.4,2400,0.0,0.0,16353,-540,91,discharging,None,None
17:26:36.488,parallel,8.3,392.9,158.3,40.7,1107.6,59.0,2400,0.0,0.0,16326,-606,91,discharging,None,None
17:26:36.999,parallel,8.3,392.9,158.3,15.8,1107.3,60.6,2400,0.0,0.0,16376,-545,91,discharging,None,None
17:26:37.503,parallel,8.3,392.9,324.7,100.0,1114.7,63.9,2400,0.0,0.0,16341,-527,91,discharging,None,None
17:26:38.007,parallel,8.3,560.3,324.7,11.5,1114.5,59.5,2400,0.0,0.0,16363,-619,91,discharging,None,None
17:26:38.519,parallel,8.3,560.3,324.7,37.7,1114.5,61.7,2400,0.0,0.0,16378,-497,91,discharging,None,None
17:26:39.024,parallel,8.2,560.3,519.6,100.0,1114.6,63.4,2400,0.0,0.0,16330,-556,91,discharging,None,None
17:26:39.527,parallel,8.2,763.5,519.6,19.9,1113.8,58.4,2400,0.0,0.0,16352,-653,91,discharging,None,None
17:26:40.423,parallel,8.4,763.5,519.6,59.2,1112.7,63.4,2400,0.0,0.0,16338,-535,91,discharging,None,None
17:26:40.927,parallel,8.4,635.6,245.3,53.0,1110.9,59.5,2400,0.0,0.0,16331,-657,91,discharging,None,None
17:26:41.435,parallel,8.4,635.6,245.3,19.6,1111.3,61.1,2400,0.0,0.0,16377,-524,91,discharging,None,None
17:26:41.939,parallel,6.7,404.0,245.3,78.2,1109.2,63.4,2400,0.0,0.0,16327,-550,91,discharging,None,None
17:26:42.443,parallel,6.7,404.0,160.4,23.8,1109.2,58.4,2400,0.0,0.0,16368,-610,91,discharging,None,None
17:26:42.946,parallel,8.3,406.5,160.4,80.0,1108.8,63.4,2400,0.0,0.0,16338,-565,91,discharging,None,None
17:26:43.450,parallel,8.3,406.5,159.5,39.6,1108.7,60.6,2400,0.0,0.0,16367,-585,91,discharging,None,None
17:26:43.959,parallel,8.3,406.5,159.5,42.0,1108.3,61.1,1900,0.0,0.0,16372,-536,91,discharging,None,None
17:26:44.462,parallel,8.3,415.4,159.5,44.8,1107.8,59.0,2400,0.0,0.0,16346,-567,91,discharging,None,None
17:26:44.971,parallel,8.3,415.4,171.9,38.6,1107.2,59.0,2400,0.0,0.0,16337,-575,91,discharging,None,None
17:26:45.475,parallel,8.4,395.3,171.9,80.8,1107.2,60.6,2400,0.0,0.0,16328,-604,91,discharging,None,None
17:26:45.984,parallel,8.4,395.3,171.9,5.0,1106.3,59.5,2400,0.0,0.0,16373,-551,91,discharging,None,None
17:26:46.488,parallel,8.3,395.3,163.3,96.1,1106.3,63.9,2400,0.0,0.0,16345,-537,91,discharging,None,None
17:26:46.992,parallel,8.3,400.0,163.3,19.0,1105.6,58.4,2400,0.0,0.0,16362,-609,91,discharging,None,None
17:26:47.507,parallel,8.2,400.0,163.3,36.4,1105.6,61.7,2400,0.0,0.0,16377,-493,91,discharging,None,None
17:26:48.010,parallel,8.2,609.4,391.6,95.5,1105.1,62.2,2400,0.0,0.0,16328,-586,91,discharging,None,None
17:26:48.514,parallel,8.2,609.4,391.6,2.0,1113.0,59.0,2400,0.0,0.0,16365,-621,91,discharging,None,None
17:26:49.031,parallel,8.5,609.4,391.6,50.5,1112.5,61.1,1900,0.0,0.0,16378,-478,91,discharging,None,None
17:26:49.535,parallel,8.5,609.4,530.7,100.0,1112.5,63.4,2400,0.0,0.0,16329,-595,91,discharging,None,None
17:26:50.039,parallel,8.3,778.5,530.7,8.4,1111.2,57.9,2400,0.0,0.0,16364,-628,91,discharging,None,None
17:26:50.547,parallel,8.3,778.5,530.7,39.0,1111.2,62.2,2400,0.0,0.0,16378,-476,91,discharging,None,None
17:26:51.051,parallel,8.3,575.5,361.5,96.1,1109.6,63.4,2400,0.0,0.0,16327,-590,91,discharging,None,None
17:26:51.554,parallel,8.3,575.5,361.5,2.5,1109.6,59.0,2400,0.0,0.0,16365,-626,91,discharging,None,None
17:26:52.067,parallel,8.3,575.5,361.5,67.0,1109.2,63.9,2400,0.0,0.0,16363,-504,91,discharging,None,None
17:26:52.570,parallel,8.3,394.3,339.4,64.9,1108.4,60.0,2400,0.0,0.0,16346,-606,91,discharging,None,None
17:26:53.079,parallel,8.3,394.3,339.4,31.8,1107.9,62.2,2400,0.0,0.0,16371,-571,91,discharging,None,None
17:26:53.582,parallel,8.3,395.3,339.4,52.5,1115.4,59.5,2400,0.0,0.0,16323,-569,91,discharging,None,None
17:26:54.086,parallel,7.6,395.3,163.9,36.3,1114.6,59.5,2400,0.0,0.0,16364,-600,91,discharging,None,None
17:26:54.589,parallel,7.6,396.4,163.9,82.1,1114.6,61.1,2400,0.0,0.0,16334,-566,91,discharging,None,None
17:26:55.093,parallel,8.3,396.4,163.9,2.5,1113.0,58.4,2400,0.0,0.0,16364,-558,91,discharging,None,None
17:26:55.600,parallel,8.3,396.4,161.4,90.6,1113.0,63.9,2400,0.0,0.0,16338,-537,91,discharging,None,None
17:26:56.104,parallel,8.3,396.3,161.4,26.9,1111.8,59.0,2400,0.0,0.0,16343,-609,91,discharging,None,None
17:26:56.611,parallel,8.3,396.3,161.4,27.1,1111.8,61.1,2400,0.0,0.0,16374,-519,91,discharging,None,None
17:26:57.115,parallel,8.3,396.3,459.0,100.0,1111.5,64.5,2400,0.0,0.0,16331,-552,91,discharging,None,None
17:26:57.619,parallel,8.3,646.0,459.0,15.8,1110.8,60.0,2400,0.0,0.0,16361,-644,91,discharging,None,None
17:26:58.127,parallel,8.3,646.0,459.0,33.7,1109.7,62.8,2400,0.0,0.0,16375,-495,91,discharging,None,None
17:26:58.631,parallel,8.2,646.0,463.9,100.0,1110.5,63.9,2400,0.0,0.0,16328,-567,91,discharging,None,None
17:26:59.136,parallel,8.2,735.3,463.9,18.2,1110.9,59.0,2400,0.0,0.0,16354,-661,91,discharging,None,None
17:26:59.645,parallel,8.4,735.3,463.9,30.0,1110.9,61.1,2400,0.0,0.0,16374,-498,91,discharging,None,None
17:27:00.150,parallel,8.4,567.5,463.9,100.0,1110.6,63.4,2400,0.0,0.0,16326,-559,91,discharging,None,None
17:27:00.653,parallel,8.4,567.5,348.2,7.9,1110.3,59.5,2400,0.0,0.0,16360,-636,91,discharging,None,None
17:27:01.160,parallel,8.4,567.5,348.2,58.9,1108.3,63.4,2400,0.0,0.0,16374,-506,91,discharging,None,None
17:27:01.664,parallel,8.4,394.1,161.9,59.2,1108.3,62.2,2400,0.0,0.0,16342,-580,91,discharging,None,None
17:27:02.172,parallel,8.3,394.1,161.9,24.0,1107.6,62.8,2400,0.0,0.0,16366,-583,91,discharging,None,None
17:27:02.676,parallel,8.3,396.5,161.9,60.5,1107.6,59.5,2400,0.0,0.0,16328,-573,91,discharging,None,None
17:27:03.179,parallel,8.3,396.5,171.4,38.6,1107.1,59.0,2400,0.0,0.0,16333,-610,91,discharging,None,None
17:27:03.683,parallel,8.3,395.4,171.4,81.7,1107.1,62.2,2400,0.0,0.0,16347,-542,91,discharging,None,None
17:27:04.192,parallel,8.3,395.4,171.4,20.8,1106.3,60.0,1900,0.0,0.0,16361,-549,91,discharging,None,None
17:27:04.696,parallel,8.3,395.4,167.4,45.1,1132.5,61.1,2400,0.0,0.0,16357,-528,91,discharging,None,None
17:27:05.200,parallel,8.3,396.1,167.4,64.7,1132.2,60.0,2400,0.0,0.0,16330,-596,91,discharging,None,None
17:27:05.703,parallel,7.9,396.1,159.2,37.4,1132.2,60.0,2400,0.0,0.0,16369,-562,91,discharging,None,None
17:27:06.210,parallel,7.9,396.0,159.2,80.0,1129.1,62.2,2400,0.0,0.0,16349,-536,91,discharging,None,None
17:27:06.714,parallel,7.9,396.0,159.2,4.4,1129.3,59.0,2400,0.0,0.0,16360,-602,91,discharging,None,None
17:27:07.223,parallel,8.3,396.0,159.8,78.1,1126.1,63.4,2400,0.0,0.0,16358,-543,91,discharging,None,None
17:27:07.727,parallel,8.3,398.1,159.8,40.0,1125.8,59.0,2400,0.0,0.0,16320,-609,91,discharging,None,None
17:27:08.240,parallel,8.4,398.1,159.8,11.9,1124.0,60.0,2400,0.0,0.0,16370,-553,91,discharging,None,None
17:27:08.744,parallel,8.4,398.1,499.7,100.0,1124.0,63.9,2400,0.0,0.0,16333,-507,91,discharging,None,None
17:27:09.248,parallel,8.4,690.9,499.7,34.5,1122.8,59.0,2400,0.0,0.0,16316,-653,91,discharging,None,None
17:27:09.755,parallel,8.3,690.9,499.7,14.7,1122.8,60.6,2400,0.0,0.0,16369,-549,91,discharging,None,None
17:27:10.263,parallel,8.3,690.9,499.7,100.0,1121.6,63.9,2400,0.0,0.0,16332,-513,91,discharging,None,None
17:27:10.767,parallel,8.3,735.7,491.2,39.0,1120.3,59.5,2400,0.0,0.0,16317,-663,91,discharging,None,None
17:27:11.275,parallel,8.3,735.7,491.2,10.0,1117.4,60.0,2400,0.0,0.0,16370,-554,91,discharging,None,None
17:27:11.783,parallel,8.2,464.3,491.2,100.0,1116.7,63.4,2400,0.0,0.0,16334,-506,91,discharging,None,None
17:27:12.287,parallel,8.2,464.3,271.0,17.8,1116.2,59.0,2400,0.0,0.0,16332,-624,91,discharging,None,None
17:27:12.795,parallel,8.2,464.3,271.0,59.7,1116.2,62.8,2400,0.0,0.0,16371,-532,91,discharging,None,None
17:27:13.298,parallel,8.4,394.1,158.6,58.8,1114.5,60.6,2400,0.0,0.0,16324,-549,91,discharging,None,None
17:27:13.807,parallel,8.4,394.1,158.6,23.9,1114.5,62.2,2400,0.0,0.0,16361,-597,91,discharging,None,None
17:27:14.310,parallel,8.3,395.9,158.6,59.1,1112.4,59.5,2400,0.0,0.0,16330,-588,91,discharging,None,None
17:27:14.814,parallel,8.3,395.9,160.0,36.8,1112.2,59.0,2400,0.0,0.0,16360,-596,91,discharging,None,None
17:27:15.318,parallel,8.3,395.9,160.0,82.2,1111.7,63.4,2400,0.0,0.0,16358,-534,91,discharging,None,None
17:27:15.827,parallel,8.3,395.9,160.0,12.9,1111.7,60.6,2400,0.0,0.0,16359,-562,91,discharging,None,None
17:27:16.332,parallel,8.3,395.9,175.6,75.2,1111.0,63.9,2400,0.0,0.0,16331,-559,91,discharging,None,None
17:27:16.836,parallel,8.4,395.2,175.6,42.8,1109.9,59.5,2400,0.0,0.0,16317,-615,91,discharging,None,None
17:27:17.347,parallel,8.4,395.2,175.6,41.3,1109.9,62.8,2400,0.0,0.0,16366,-561,91,discharging,None,None
17:27:17.851,parallel,7.9,449.5,216.7,80.6,1109.3,60.6,2400,0.0,0.0,16329,-554,91,discharging,None,None
17:27:18.355,parallel,7.9,449.5,216.7,2.5,1110.3,58.4,2400,0.0,0.0,16356,-616,91,discharging,None,None
17:27:18.867,parallel,7.9,449.5,216.7,65.5,1110.3,62.8,2400,0.0,0.0,16371,-483,91,discharging,None,None
17:27:19.371,parallel,8.2,714.5,497.4,79.7,1109.8,60.6,2400,0.0,0.0,16321,-586,91,discharging,None,None
17:27:19.874,parallel,8.2,714.5,497.4,2.5,1109.1,59.0,2400,0.0,0.0,16354,-646,91,discharging,None,None
17:27:20.386,parallel,8.3,714.5,497.4,65.7,1116.3,62.8,2400,0.0,0.0,16371,-499,91,discharging,None,None
17:27:20.890,parallel,8.3,719.0,454.5,79.8,1115.9,61.1,2400,0.0,0.0,16321,-586,91,discharging,None,None
17:27:21.393,parallel,8.4,719.0,454.5,2.5,1114.8,59.0,2400,0.0,0.0,16357,-648,91,discharging,None,None
17:27:21.900,parallel,8.4,719.0,454.5,65.7,1112.9,64.5,2400,0.0,0.0,16369,-477,91,discharging,None,None
17:27:22.404,parallel,8.4,514.8,281.2,63.0,1111.7,60.6,2400,0.0,0.0,16319,-586,91,discharging,None,None
17:27:22.911,parallel,8.3,514.8,281.2,6.9,1110.5,59.5,2400,0.0,0.0,16359,-624,91,discharging,None,None
17:27:23.416,parallel,8.3,404.1,281.2,81.3,1110.5,61.1,2400,0.0,0.0,16348,-520,91,discharging,None,None
17:27:23.920,parallel,8.3,404.1,169.5,34.8,1110.3,59.0,2400,0.0,0.0,16330,-622,91,discharging,None,None
17:27:24.428,parallel,8.3,404.1,169.5,66.7,1110.3,62.2,2400,0.0,0.0,16364,-560,91,discharging,None,None
17:27:24.931,parallel,8.3,415.5,163.1,51.5,1110.0,62.2,2400,0.0,0.0,16314,-558,91,discharging,None,None
17:27:25.436,parallel,8.3,415.5,163.1,30.7,1124.5,61.7,2400,0.0,0.0,16339,-612,91,discharging,None,None
17:27:25.939,parallel,8.3,404.2,163.1,58.2,1123.0,60.6,2400,0.0,0.0,16327,-580,91,discharging,None,None
17:27:26.443,parallel,8.2,404.2,159.3,36.6,1123.0,59.5,2400,0.0,0.0,16359,-553,91,discharging,None,None
17:27:26.946,parallel,8.2,409.7,159.3,83.7,1120.9,63.4,2400,0.0,0.0,16360,-536,91,discharging,None,None
17:27:27.450,parallel,8.4,409.7,159.3,2.5,1120.9,59.0,2400,0.0,0.0,16341,-611,91,discharging,None,None
17:27:27.959,parallel,8.4,409.7,171.0,81.5,1119.1,63.9,2400,0.0,0.0,16363,-564,91,discharging,None,None
17:27:28.462,parallel,8.4,410.7,171.0,40.7,1118.5,59.0,2400,0.0,0.0,16320,-608,91,discharging,None,None
17:27:28.975,parallel,8.3,410.7,171.0,31.0,1116.2,60.6,2400,0.0,0.0,16365,-573,91,discharging,None,None
17:27:29.479,parallel,8.3,410.7,368.2,100.0,1116.2,64.5,2400,0.0,0.0,16330,-510,91,discharging,None,None
17:27:29.983,parallel,7.9,577.3,368.2,17.3,1115.0,58.4,2400,0.0,0.0,16313,-643,91,discharging,None,None
17:27:30.495,parallel,7.9,577.3,368.2,37.7,1115.0,62.2,2400,0.0,0.0,16366,-478,91,discharging,None,None
17:27:30.999,parallel,7.9,646.1,391.0,94.6,1112.6,62.2,2400,0.0,0.0,16331,-514,91,discharging,None,None
17:27:31.502,parallel,8.3,646.1,391.0,1.5,1113.0,58.4,2400,0.0,0.0,16336,-626,91,discharging,None,None
17:27:32.012,parallel,8.3,646.1,391.0,50.5,1112.2,62.8,2400,0.0,0.0,16367,-472,91,discharging,None,None
17:27:32.515,parallel,8.2,602.5,387.4,83.3,1111.2,61.1,2400,0.0,0.0,16323,-540,91,discharging,None,None
17:27:33.019,parallel,8.2,602.5,387.4,2.0,1110.2,59.0,2400,0.0,0.0,16352,-632,91,discharging,None,None
17:27:33.527,parallel,8.4,602.5,387.4,72.0,1110.2,63.4,2400,0.0,0.0,16368,-497,91,discharging,None,None
17:27:34.030,parallel,8.4,392.8,162.3,45.5,1108.2,60.0,2400,0.0,0.0,16316,-607,91,discharging,None,None
17:27:34.541,parallel,8.4,392.8,162.3,35.2,1108.2,62.2,2400,0.0,0.0,16366,-531,91,discharging,None,None
17:27:35.046,parallel,8.3,418.4,162.3,63.9,1107.5,61.7,2400,0.0,0.0,16326,-544,91,discharging,None,None
17:27:35.549,parallel,8.3,418.4,175.0,24.5,1107.5,59.0,2400,0.0,0.0,16358,-594,91,discharging,None,None
17:27:36.053,parallel,8.3,403.3,175.0,82.1,1106.9,61.1,2400,0.0,0.0,16323,-594,91,discharging,None,None
17:27:36.556,parallel,8.3,403.3,160.5,36.3,1114.4,60.0,2400,0.0,0.0,16359,-579,91,discharging,None,None
17:27:37.064,parallel,8.4,403.3,160.5,57.1,1114.9,62.8,2400,0.0,0.0,16349,-533,91,discharging,None,None
17:27:37.568,parallel,8.4,404.3,160.5,27.6,1114.3,59.0,2400,0.0,0.0,16353,-583,91,discharging,None,None
17:27:38.076,parallel,8.4,404.3,160.2,53.5,1113.9,61.1,2400,0.0,0.0,16329,-558,91,discharging,None,None
17:27:38.580,parallel,8.3,406.4,160.2,65.7,1114.1,59.5,2400,0.0,0.0,16313,-610,91,discharging,None,None
17:27:39.088,parallel,8.3,406.4,160.2,5.0,1112.7,58.4,2400,0.0,0.0,16363,-552,91,discharging,None,None
17:27:39.592,parallel,8.3,406.4,207.7,99.5,1112.7,64.5,2400,0.0,0.0,16329,-533,91,discharging,None,None
17:27:40.096,parallel,8.3,466.7,207.7,18.2,1111.0,59.5,2400,0.0,0.0,16353,-616,91,discharging,None,None
17:27:40.614,parallel,8.3,466.7,207.7,29.6,1111.0,61.1,2400,0.0,0.0,16367,-487,91,discharging,None,None
17:27:41.186,parallel,8.3,466.7,706.4,100.0,1110.6,64.5,2400,0.0,0.0,16318,-573,91,discharging,None,None
17:27:41.690,parallel,8.3,828.2,706.4,25.4,1110.1,59.0,2400,0.0,0.0,16323,-687,91,discharging,None,None
17:27:42.196,parallel,8.3,828.2,706.4,22.4,1110.1,61.7,2400,0.0,0.0,16365,-518,91,discharging,None,None
17:27:42.700,parallel,6.2,528.4,305.0,100.0,1110.3,63.9,2400,0.0,0.0,16321,-538,91,discharging,None,None
17:27:43.203,parallel,6.2,528.4,305.0,4.0,1110.2,59.5,2400,0.0,0.0,16352,-618,91,discharging,None,None
17:27:43.718,parallel,8.3,528.4,305.0,57.7,1110.2,63.4,2400,0.0,0.0,16365,-504,91,discharging,None,None
17:27:44.221,parallel,8.3,394.5,162.8,59.3,1109.0,60.0,2400,0.0,0.0,16327,-578,91,discharging,None,None
17:27:44.728,parallel,8.3,394.5,162.8,24.1,1109.0,59.5,1700,0.0,0.0,16357,-590,91,discharging,None,None
17:27:45.231,parallel,8.3,408.0,162.8,62.3,1108.2,59.5,2400,0.0,0.0,16321,-551,91,discharging,None,None
17:27:45.735,parallel,8.3,408.0,171.4,37.0,1108.2,59.0,2400,0.0,0.0,16320,-594,91,discharging,None,None
17:27:46.242,parallel,8.4,395.4,171.4,82.1,1107.4,62.2,2400,0.0,0.0,16346,-537,91,discharging,None,None
17:27:46.751,parallel,8.4,395.4,171.4,24.3,1107.4,62.2,2400,0.0,0.0,16354,-551,91,discharging,None,None
17:27:47.255,parallel,8.3,395.4,160.1,59.4,1106.5,63.4,2400,0.0,0.0,16352,-551,91,discharging,None,None
17:27:47.758,parallel,8.3,399.4,160.1,36.3,1113.9,59.0,2400,0.0,0.0,16312,-609,91,discharging,None,None
17:27:48.267,parallel,8.3,399.4,162.8,44.5,1113.6,61.7,2400,0.0,0.0,16361,-555,91,discharging,None,None
17:27:48.771,parallel,8.3,396.2,162.8,73.9,1113.6,60.0,2400,0.0,0.0,16315,-565,91,discharging,None,None
17:27:49.274,parallel,8.3,396.2,162.8,1.5,1113.4,59.0,2400,0.0,0.0,16354,-605,91,discharging,None,None
17:27:49.779,parallel,8.3,396.2,162.8,83.6,1113.4,63.4,2400,0.0,0.0,16353,-499,91,discharging,None,None
17:27:50.282,parallel,8.3,618.8,435.1,55.7,1111.9,60.0,2400,0.0,0.0,16312,-636,91,discharging,None,None
17:27:50.786,parallel,8.4,618.8,435.1,1.5,1111.9,59.0,2400,0.0,0.0,16359,-593,91,discharging,None,None
17:27:51.302,parallel,8.4,618.8,435.1,90.2,1110.1,63.4,2400,0.0,0.0,16345,-475,91,discharging,None,None
17:27:51.806,parallel,8.4,756.5,511.2,62.4,1110.1,59.5,2400,0.0,0.0,16312,-642,91,discharging,None,None
17:27:52.309,parallel,8.3,756.5,511.2,2.0,1109.2,59.0,2400,0.0,0.0,16355,-605,91,discharging,None,None
17:27:52.825,parallel,8.3,756.5,511.2,83.7,1108.8,62.8,2400,0.0,0.0,16356,-477,91,discharging,None,None
17:27:53.330,parallel,8.3,535.5,318.7,52.7,1108.4,59.0,2400,0.0,0.0,16314,-624,91,discharging,None,None
17:27:53.839,parallel,8.3,535.5,318.7,21.6,1108.1,61.7,2400,0.0,0.0,16360,-590,91,discharging,None,None
17:27:54.343,parallel,8.3,406.2,318.7,86.3,1108.0,63.4,2400,0.0,0.0,16321,-527,91,discharging,None,None
17:27:54.846,parallel,7.9,406.2,167.6,14.0,1107.6,59.5,2400,0.0,0.0,16325,-612,91,discharging,None,None
17:27:55.350,parallel,7.9,401.1,167.6,81.5,1108.0,63.4,2400,0.0,0.0,16360,-537,91,discharging,None,None
17:27:55.853,parallel,8.4,401.1,159.2,37.8,1107.3,60.6,2400,0.0,0.0,16339,-550,91,discharging,None,None
17:27:56.360,parallel,8.4,401.1,159.2,44.6,1107.3,63.4,2400,0.0,0.0,16355,-572,91,discharging,None,None
17:27:56.863,parallel,8.3,402.2,159.2,40.3,1106.7,59.5,2400,0.0,0.0,16316,-609,91,discharging,None,None
17:27:57.368,parallel,8.3,402.2,163.4,40.5,1106.7,60.0,2400,0.0,0.0,16358,-589,91,discharging,None,None
17:27:57.872,parallel,8.3,403.7,163.4,78.5,1105.7,61.1,2400,0.0,0.0,16328,-542,91,discharging,None,None
17:27:58.380,parallel,8.3,403.7,163.4,13.8,1107.1,61.1,2400,0.0,0.0,16350,-573,91,discharging,None,None
17:27:58.884,parallel,8.3,403.7,167.0,89.6,1107.1,64.5,2400,0.0,0.0,16324,-540,91,discharging,None,None
17:27:59.388,parallel,8.3,400.8,167.0,15.5,1107.1,58.4,2400,0.0,0.0,16311,-608,91,discharging,None,None
17:27:59.900,parallel,8.3,400.8,167.0,42.9,1107.1,60.6,1900,0.0,0.0,16361,-537,91,discharging,None,None
17:28:00.403,parallel,8.3,572.7,383.8,86.5,1106.7,61.1,2400,0.0,0.0,16330,-522,91,discharging,None,None
17:28:00.907,parallel,8.3,572.7,383.8,0.0,1105.2,59.0,2400,0.0,0.0,16349,-619,91,discharging,None,None
17:28:01.419,parallel,8.3,572.7,383.8,58.0,1105.2,62.8,2400,0.0,0.0,16364,-493,91,discharging,None,None
17:28:01.923,parallel,8.3,592.7,358.6,61.4,1104.8,60.6,2400,0.0,0.0,16314,-564,91,discharging,None,None
17:28:02.426,parallel,8.3,592.7,358.6,0.0,1104.8,57.3,2400,0.0,0.0,16350,-611,91,discharging,None,None
17:28:02.938,parallel,8.3,592.7,358.6,82.8,1104.8,63.4,2400,0.0,0.0,16365,-470,91,discharging,None,None
17:28:03.442,parallel,8.3,439.1,236.0,28.6,1104.9,60.0,2400,0.0,0.0,16312,-597,91,discharging,None,None
17:28:03.948,parallel,8.3,439.1,236.0,38.4,1105.6,62.2,2400,0.0,0.0,16360,-570,91,discharging,None,None
17:28:04.451,parallel,8.3,363.3,150.4,69.3,1105.1,61.1,2400,0.0,0.0,16318,-529,91,discharging,None,None
17:28:04.959,parallel,8.3,363.3,150.4,7.9,1106.3,59.5,1900,0.0,0.0,16339,-590,91,discharging,None,None
17:28:05.463,parallel,8.3,368.2,150.4,68.3,1106.3,59.0,2400,0.0,0.0,16348,-519,91,discharging,None,None
17:28:05.966,parallel,8.3,368.2,155.1,33.0,1105.1,58.4,2400,0.0,0.0,16350,-529,91,discharging,None,None
17:28:06.470,parallel,8.3,363.1,155.1,74.6,1105.1,62.8,2400,0.0,0.0,16354,-533,91,discharging,None,None
17:28:06.975,parallel,8.3,363.1,155.1,0.5,1104.2,57.9,2400,0.0,0.0,16325,-589,91,discharging,None,None
17:28:07.483,parallel,8.3,363.1,152.3,77.5,1105.2,62.8,2400,0.0,0.0,16345,-576,91,discharging,None,None
17:28:07.986,parallel,8.3,363.5,152.3,28.9,1105.2,57.9,2400,0.0,0.0,16315,-590,91,discharging,None,None
17:28:08.499,parallel,8.3,363.5,152.3,34.0,1105.9,61.7,2400,0.0,0.0,16361,-512,91,discharging,None,None
17:28:09.002,parallel,8.3,490.3,303.1,84.7,1106.1,61.1,2400,0.0,0.0,16308,-605,91,discharging,None,None
17:28:09.506,parallel,8.3,490.3,303.1,0.0,1106.1,57.9,2400,0.0,0.0,16358,-592,91,discharging,None,None
17:28:10.016,parallel,8.3,490.3,303.1,60.5,1106.1,62.8,2400,0.0,0.0,16345,-469,91,discharging,None,None
17:28:10.520,parallel,8.3,637.6,419.2,68.3,1105.2,59.5,2400,0.0,0.0,16310,-610,91,discharging,None,None
17:28:11.023,parallel,8.3,637.6,419.2,0.0,1104.5,57.3,2400,0.0,0.0,16360,-547,91,discharging,None,None
17:28:11.535,parallel,8.3,637.6,419.2,76.0,1104.5,62.8,2400,0.0,0.0,16324,-491,91,discharging,None,None
17:28:12.038,parallel,8.3,479.4,285.3,42.8,1104.2,58.4,2400,0.0,0.0,16322,-612,91,discharging,None,None
17:28:12.547,parallel,8.3,479.4,285.3,22.9,1104.5,61.1,2400,0.0,0.0,16360,-517,91,discharging,None,None
17:28:13.051,parallel,8.3,363.4,285.3,74.3,1104.0,63.9,2400,0.0,0.0,16312,-534,91,discharging,None,None
17:28:13.555,parallel,8.3,363.4,152.6,9.9,1104.0,58.4,2400,0.0,0.0,16349,-590,91,discharging,None,None
17:28:14.058,parallel,8.3,360.5,152.6,74.6,1103.5,60.6,2400,0.0,0.0,16315,-578,91,discharging,None,None
17:28:14.562,parallel,8.3,360.5,151.4,32.5,1104.4,59.5,2400,0.0,0.0,16350,-585,91,discharging,None,None
17:28:15.071,parallel,8.3,360.5,151.4,62.2,1104.4,64.5,2400,0.0,0.0,16345,-529,91,discharging,None,None
17:28:15.574,parallel,8.3,362.2,151.4,13.3,1104.0,57.3,1500,0.0,0.0,16353,-532,91,discharging,None,None
17:28:16.083,parallel,8.3,362.2,171.4,68.7,1104.0,61.7,2400,0.0,0.0,16335,-503,91,discharging,None,None
17:28:16.586,parallel,8.3,363.5,171.4,42.1,1104.4,59.0,2400,0.0,0.0,16318,-568,91,discharging,None,None
17:28:17.099,parallel,8.3,363.5,171.4,17.2,1104.5,60.0,2400,0.0,0.0,16361,-527,91,discharging,None,None
17:28:17.603,parallel,8.3,363.5,391.9,100.0,1104.5,63.9,2400,0.0,0.0,16314,-548,91,discharging,None,None
17:28:18.107,parallel,8.3,554.6,391.9,10.0,1104.5,58.4,2400,0.0,0.0,16346,-626,91,discharging,None,None
17:28:18.616,parallel,8.3,554.6,391.9,34.0,1105.6,62.2,2400,0.0,0.0,16361,-479,91,discharging,None,None
17:28:19.119,parallel,8.3,628.3,389.7,92.6,1105.2,61.1,2400,0.0,0.0,16309,-582,91,discharging,None,None
17:28:19.623,parallel,8.3,628.3,389.7,0.0,1105.2,58.4,2400,0.0,0.0,16349,-618,91,discharging,None,None
17:28:20.131,parallel,8.3,628.3,389.7,51.7,1105.8,62.8,2400,0.0,0.0,16361,-469,91,discharging,None,None
17:28:20.635,parallel,8.3,428.1,217.1,59.6,1105.8,59.0,2400,0.0,0.0,16310,-599,91,discharging,None,None
17:28:21.144,parallel,8.3,428.1,217.1,8.5,1104.9,58.4,1700,0.0,0.0,16361,-562,91,discharging,None,None
17:28:21.655,parallel,8.3,378.8,217.1,76.1,1104.9,61.1,2400,0.0,0.0,16318,-503,91,discharging,None,None
17:28:22.158,parallel,8.3,378.8,152.5,25.5,1104.4,58.4,2400,0.0,0.0,16341,-570,91,discharging,None,None
17:28:22.662,parallel,8.3,359.6,152.5,74.8,1104.4,62.2,2400,0.0,0.0,16339,-532,91,discharging,None,None
17:28:23.165,parallel,8.3,359.6,151.4,32.5,1104.2,60.6,2400,0.0,0.0,16350,-540,91,discharging,None,None
17:28:23.672,parallel,8.3,359.6,151.4,47.0,1104.2,62.2,2400,0.0,0.0,16353,-532,91,discharging,None,None
17:28:24.175,parallel,8.3,363.7,151.4,28.0,1103.7,58.4,2400,0.0,0.0,16329,-585,91,discharging,None,None
17:28:24.683,parallel,8.3,363.7,151.2,48.3,1103.7,60.6,2400,0.0,0.0,16344,-573,91,discharging,None,None
17:28:25.186,parallel,8.3,363.3,151.2,58.6,1103.5,59.0,2400,0.0,0.0,16312,-591,91,discharging,None,None
17:28:25.695,parallel,8.3,363.3,151.2,4.0,1103.5,59.5,2400,0.0,0.0,16358,-535,91,discharging,None,None
17:28:26.200,parallel,8.3,363.3,250.0,100.0,1105.0,63.4,2400,0.0,0.0,16322,-508,91,discharging,None,None
17:28:26.704,parallel,8.3,456.3,250.0,8.0,1105.4,58.4,1500,0.0,0.0,16348,-589,91,discharging,None,None
17:28:27.212,parallel,8.3,456.3,250.0,37.4,1105.4,60.6,2400,0.0,0.0,16366,-455,91,discharging,None,None
17:28:27.717,parallel,8.3,456.3,492.1,100.0,1105.4,62.8,2400,0.0,0.0,16314,-526,91,discharging,None,None
17:28:28.220,parallel,8.3,715.5,492.1,6.5,1105.4,58.4,2400,0.0,0.0,16346,-631,91,discharging,None,None
17:28:28.728,parallel,8.3,715.5,492.1,37.7,1106.1,62.8,2400,0.0,0.0,16359,-479,91,discharging,None,None
17:28:29.232,parallel,8.3,511.5,296.5,79.5,1104.9,59.5,2400,0.0,0.0,16310,-572,91,discharging,None,None
17:28:29.735,parallel,8.3,511.5,296.5,0.0,1104.9,57.9,2400,0.0,0.0,16350,-606,91,discharging,None,None
17:28:30.239,parallel,8.3,363.3,296.5,74.8,1104.4,62.2,2400,0.0,0.0,16345,-494,91,discharging,None,None
17:28:30.742,parallel,8.3,363.3,150.4,32.0,1104.4,58.4,2400,0.0,0.0,16318,-590,91,discharging,None,None
17:28:31.251,parallel,8.3,363.3,150.4,46.0,1103.5,61.1,2400,0.0,0.0,16358,-533,91,discharging,None,None
17:28:31.756,parallel,8.3,363.4,150.4,46.6,1103.5,61.1,2400,0.0,0.0,16319,-535,91,discharging,None,None
17:28:32.267,parallel,8.3,363.4,151.4,30.7,1103.2,59.5,2400,0.0,0.0,16347,-583,91,discharging,None,None
17:28:32.770,parallel,8.3,367.4,151.4,58.9,1103.2,59.0,2400,0.0,0.0,16313,-579,91,discharging,None,None
17:28:33.274,parallel,8.3,367.4,151.4,33.0,1102.7,59.0,2400,0.0,0.0,16356,-538,91,discharging,None,None
17:28:33.778,parallel,8.3,363.4,151.4,74.8,1102.7,61.1,2400,0.0,0.0,16328,-531,91,discharging,None,None
17:28:34.281,parallel,8.3,363.4,151.4,0.0,1102.4,57.9,2400,0.0,0.0,16345,-580,91,discharging,None,None
17:28:34.788,parallel,8.3,363.4,163.6,83.3,1102.4,61.7,2400,0.0,0.0,16337,-524,91,discharging,None,None
17:28:35.291,parallel,8.3,375.9,163.6,23.4,1102.2,59.0,2400,0.0,0.0,16316,-591,91,discharging,None,None
17:28:35.802,parallel,8.3,375.9,163.6,21.3,1102.2,60.6,2400,0.0,0.0,16357,-525,91,discharging,None,None
17:28:36.306,parallel,8.3,375.9,442.8,100.0,1102.2,63.9,2400,0.0,0.0,16317,-527,91,discharging,None,None
17:28:36.810,parallel,8.3,647.1,442.8,9.9,1102.1,58.4,2400,0.0,0.0,16336,-631,91,discharging,None,None
17:28:37.319,parallel,8.3,647.1,442.8,34.8,1102.1,61.1,1900,0.0,0.0,16359,-499,91,discharging,None,None
17:28:37.823,parallel,8.3,605.3,392.1,93.1,1102.6,61.7,2400,0.0,0.0,16318,-539,91,discharging,None,None
17:28:38.326,parallel,8.3,605.3,392.1,0.5,1102.6,58.4,2400,0.0,0.0,16345,-610,91,discharging,None,None
17:28:38.835,parallel,8.3,605.3,392.1,56.7,1103.8,63.4,2400,0.0,0.0,16359,-480,91,discharging,None,None
17:28:39.338,parallel,8.3,362.0,154.3,50.7,1103.8,57.9,2400,0.0,0.0,16321,-577,91,discharging,None,None
17:28:39.847,parallel,8.3,362.0,154.3,26.9,1103.8,61.1,2400,0.0,0.0,16355,-577,91,discharging,None,None
17:28:40.352,parallel,8.3,363.8,154.3,53.0,1103.6,60.0,2400,0.0,0.0,16312,-548,91,discharging,None,None
17:28:40.855,parallel,8.3,363.8,151.4,27.6,1102.6,57.9,2400,0.0,0.0,16315,-591,91,discharging,None,None
17:28:41.359,parallel,8.3,363.6,151.4,75.0,1102.6,59.5,2400,0.0,0.0,16324,-537,91,discharging,None,None
17:28:41.862,parallel,8.3,363.6,151.4,32.8,1102.1,61.1,2400,0.0,0.0,16345,-534,91,discharging,None,None
17:28:42.368,parallel,8.3,363.6,151.4,65.7,1102.3,63.4,2400,0.0,0.0,16352,-529,91,discharging,None,None
17:28:42.872,parallel,8.3,362.5,151.4,10.4,1102.3,57.9,1500,0.0,0.0,16337,-581,91,discharging,None,None
17:28:43.380,parallel,8.3,362.5,170.8,69.1,1102.7,62.2,2400,0.0,0.0,16364,-494,91,discharging,None,None
17:28:43.883,parallel,8.3,373.4,170.8,41.0,1103.1,58.4,2400,0.0,0.0,16302,-557,91,discharging,None,None
17:28:44.392,parallel,111.3,373.4,170.8,5.0,1103.1,57.9,2400,0.0,0.0,16354,-483,91,discharging,None,None
17:28:44.900,parallel,111.3,373.4,170.8,100.0,1103.1,62.2,2400,0.0,0.0,16307,-572,91,discharging,None,None
17:28:45.403,parallel,8.3,722.0,507.2,43.3,1102.4,59.0,2400,0.0,0.0,16342,-653,91,discharging,None,None
17:28:45.915,parallel,8.3,722.0,507.2,9.0,1101.7,58.4,2400,0.0,0.0,16356,-484,91,discharging,None,None
17:28:46.419,parallel,8.3,722.0,507.2,100.0,1101.7,62.8,2400,0.0,0.0,16310,-569,91,discharging,None,None
17:28:46.922,parallel,8.3,695.1,529.7,49.0,1101.7,59.5,2400,0.0,0.0,16337,-659,91,discharging,None,None
17:28:47.431,parallel,8.3,695.1,529.7,7.5,1101.7,59.5,2400,0.0,0.0,16355,-495,91,discharging,None,None
17:28:47.935,parallel,8.3,403.1,529.7,92.1,1101.7,62.8,2400,0.0,0.0,16303,-566,91,discharging,None,None
17:28:48.439,parallel,8.3,403.1,180.5,21.4,1102.9,59.0,2400,0.0,0.0,16343,-613,91,discharging,None,None
17:28:48.947,parallel,8.3,403.1,180.5,70.0,1102.9,63.9,2400,0.0,0.0,16314,-560,91,discharging,None,None
17:28:49.450,parallel,8.3,394.6,163.2,48.3,1102.9,59.5,2400,0.0,0.0,16324,-606,91,discharging,None,None
17:28:49.959,parallel,8.3,394.6,163.2,33.2,1102.9,62.2,2400,0.0,0.0,16353,-536,91,discharging,None,None
17:28:50.462,parallel,8.4,580.1,163.2,61.3,1102.9,59.0,2400,0.0,0.0,16325,-563,91,discharging,None,None
17:28:50.966,parallel,8.4,580.1,163.3,36.2,1101.9,60.0,2400,0.0,0.0,16326,-583,91,discharging,None,None
17:28:51.471,parallel,8.0,580.1,163.3,59.0,1101.9,63.4,2400,0.0,0.0,16319,-549,91,discharging,None,None
17:28:51.979,parallel,8.0,410.5,163.3,30.8,1101.7,60.6,2400,0.0,0.0,16342,-553,91,discharging,None,None
17:28:52.483,parallel,8.0,410.5,163.7,50.5,1101.7,61.1,2400,0.0,0.0,16348,-539,91,discharging,None,None
17:28:52.987,parallel,8.3,402.9,163.7,63.2,1101.7,60.6,2400,0.0,0.0,16306,-610,91,discharging,None,None
17:28:53.491,parallel,8.3,402.9,179.3,35.2,1101.9,61.7,2400,0.0,0.0,16353,-564,91,discharging,None,None
17:28:53.994,parallel,8.4,394.7,179.3,84.2,1101.7,62.8,2400,0.0,0.0,16305,-584,91,discharging,None,None
17:28:54.498,parallel,8.4,394.7,179.3,3.0,1101.7,59.0,2400,0.0,0.0,16323,-576,91,discharging,None,None
17:28:55.006,parallel,8.4,394.7,179.3,62.0,1101.9,62.8,2400,0.0,0.0,16354,-503,91,discharging,None,None
17:28:55.510,parallel,8.2,563.5,382.8,72.9,1101.7,60.0,2400,0.0,0.0,16300,-634,91,discharging,None,None
17:28:56.013,parallel,8.2,563.5,382.8,1.5,1101.5,58.4,2400,0.0,0.0,16340,-634,91,discharging,None,None
17:28:56.520,parallel,8.3,563.5,382.8,73.8,1101.5,62.2,2400,0.0,0.0,16355,-502,91,discharging,None,None
17:28:57.024,parallel,8.3,749.5,643.6,85.1,1101.7,61.1,2400,0.0,0.0,16304,-586,91,discharging,None,None
17:28:57.527,parallel,8.4,749.5,643.6,1.5,1101.7,58.4,2400,0.0,0.0,16339,-651,91,discharging,None,None
17:28:58.039,parallel,8.4,749.5,643.6,66.2,1102.5,62.8,2400,0.0,0.0,16352,-496,91,discharging,None,None
17:28:58.542,parallel,8.4,397.3,167.4,52.2,1102.6,59.5,2400,0.0,0.0,16317,-608,91,discharging,None,None
17:28:59.048,parallel,8.3,397.3,167.4,30.5,1102.6,61.7,2400,0.0,0.0,16344,-539,91,discharging,None,None
17:28:59.555,parallel,8.3,396.5,167.4,65.3,1102.8,61.7,2400,0.0,0.0,16310,-550,91,discharging,None,None
17:29:00.058,parallel,8.3,396.5,159.6,23.9,1102.6,58.4,2400,0.0,0.0,16343,-587,91,discharging,None,None
17:29:00.562,parallel,8.3,394.3,159.6,81.9,1102.6,61.7,2400,0.0,0.0,16346,-536,91,discharging,None,None
17:29:01.066,parallel,8.3,394.3,157.6,35.7,1102.4,60.6,2400,0.0,0.0,16334,-549,91,discharging,None,None
17:29:01.573,parallel,8.3,394.3,157.6,56.7,1102.6,61.7,2400,0.0,0.0,16340,-563,91,discharging,None,None
17:29:02.076,parallel,8.3,395.3,157.6,27.0,1102.1,59.0,2400,0.0,0.0,16303,-608,91,discharging,None,None
17:29:02.585,parallel,8.3,395.3,353.2,63.4,1102.1,62.2,2400,0.0,0.0,16350,-571,91,discharging,None,None
17:29:03.089,parallel,8.3,407.1,353.2,78.6,1102.1,61.1,2400,0.0,0.0,16325,-558,91,discharging,None,None
17:29:03.593,parallel,8.3,407.1,353.2,2.0,1102.4,59.0,1600,0.0,0.0,16338,-635,91,discharging,None,None
17:29:04.104,parallel,7.3,407.1,353.2,68.0,1102.8,62.8,2400,0.0,0.0,16328,-462,91,discharging,None,None
17:29:04.607,parallel,7.3,786.9,658.6,93.1,1101.9,62.2,2400,0.0,0.0,16308,-639,91,discharging,None,None
17:29:05.111,parallel,8.3,786.9,658.6,1.5,1101.9,58.4,2400,0.0,0.0,16320,-670,91,discharging,None,None
17:29:05.619,parallel,8.3,786.9,658.6,52.7,1102.4,63.4,2400,0.0,0.0,16351,-478,91,discharging,None,None
17:29:06.122,parallel,8.3,640.1,437.0,90.7,1101.9,61.1,2400,0.0,0.0,16307,-546,91,discharging,None,None
17:29:06.626,parallel,8.3,640.1,437.0,2.0,1102.4,59.0,2400,0.0,0.0,16322,-653,91,discharging,None,None
17:29:07.135,parallel,8.3,640.1,437.0,67.0,1102.6,63.4,2400,0.0,0.0,16350,-501,91,discharging,None,None
17:29:07.638,parallel,8.4,399.1,162.2,51.0,1102.6,59.5,2400,0.0,0.0,16300,-609,91,discharging,None,None
17:29:08.147,parallel,8.4,399.1,162.2,30.5,1102.1,61.7,2400,0.0,0.0,16349,-541,91,discharging,None,None
17:29:08.651,parallel,8.3,400.0,162.2,58.9,1102.5,60.0,2400,0.0,0.0,16302,-551,91,discharging,None,None
17:29:09.154,parallel,8.3,400.0,171.4,32.0,1102.1,58.4,2400,0.0,0.0,16340,-601,91,discharging,None,None
17:29:09.658,parallel,8.3,394.9,171.4,81.4,1102.4,61.1,2400,0.0,0.0,16307,-588,91,discharging,None,None
17:29:10.166,parallel,8.3,394.9,172.9,33.8,1102.4,61.7,2400,0.0,0.0,16344,-565,91,discharging,None,None
17:29:10.672,parallel,8.3,394.9,172.9,60.2,1102.4,62.8,2400,0.0,0.0,16330,-539,91,discharging,None,None
17:29:11.176,parallel,8.3,398.9,172.9,28.1,1101.9,58.4,2400,0.0,0.0,16336,-597,91,discharging,None,None
17:29:11.684,parallel,8.3,398.9,161.9,53.5,1102.1,61.7,2400,0.0,0.0,16333,-559,91,discharging,None,None
17:29:12.188,parallel,8.3,395.9,161.9,63.7,1101.7,60.0,2400,0.0,0.0,16297,-610,91,discharging,None,None
17:29:12.691,parallel,8.3,395.9,161.9,2.0,1101.7,60.0,2400,0.0,0.0,16348,-550,91,discharging,None,None
17:29:13.197,parallel,8.3,395.9,427.4,92.1,1101.7,63.9,2400,0.0,0.0,16314,-513,91,discharging,None,None
17:29:13.701,parallel,8.2,613.8,427.4,45.5,1101.9,59.5,2400,0.0,0.0,16309,-642,91,discharging,None,None
17:29:14.206,parallel,8.2,613.8,427.4,3.0,1101.5,57.3,1600,0.0,0.0,16352,-524,91,discharging,None,None
17:29:14.977,parallel,8.3,613.8,427.4,99.7,1101.9,64.5,2400,0.0,0.0,16301,-590,91,discharging,None,None
17:29:15.481,parallel,8.3,857.8,634.3,19.8,1101.9,59.5,2400,0.0,0.0,16335,-655,91,discharging,None,None
17:29:15.988,parallel,8.3,857.8,634.3,27.0,1102.4,61.7,2400,0.0,0.0,16351,-483,91,discharging,None,None
17:29:16.492,parallel,6.2,523.7,296.3,100.0,1102.4,62.8,2400,0.0,0.0,16301,-569,91,discharging,None,None
17:29:16.995,parallel,6.2,523.7,296.3,6.0,1101.9,58.4,2400,0.0,0.0,16337,-630,91,discharging,None,None
17:29:17.505,parallel,8.3,523.7,296.3,63.5,1102.3,62.8,2400,0.0,0.0,16341,-514,91,discharging,None,None
17:29:18.009,parallel,8.3,397.1,175.3,56.7,1101.9,60.0,2400,0.0,0.0,16329,-599,91,discharging,None,None
17:29:18.516,parallel,8.3,397.1,175.3,27.9,1102.9,62.8,2400,0.0,0.0,16347,-564,91,discharging,None,None
17:29:19.019,parallel,8.3,401.4,175.3,57.5,1102.9,59.0,2400,0.0,0.0,16297,-564,91,discharging,None,None
17:29:19.523,parallel,8.3,401.4,162.9,36.6,1102.9,59.0,2400,0.0,0.0,16308,-610,91,discharging,None,None
17:29:20.026,parallel,8.3,395.5,162.9,82.7,1102.6,62.2,2400,0.0,0.0,16308,-558,91,discharging,None,None
17:29:20.535,parallel,8.3,395.5,162.9,20.8,1102.6,61.7,2400,0.0,0.0,16335,-550,90,discharging,None,None
17:29:21.039,parallel,8.3,395.5,163.4,67.3,1102.6,63.4,2400,0.0,0.0,16344,-540,90,discharging,None,None
17:29:21.543,parallel,8.3,392.7,163.4,31.8,1102.6,60.0,2400,0.0,0.0,16313,-610,90,discharging,None,None
17:29:22.051,parallel,8.3,392.7,175.4,50.0,1101.0,61.7,2400,0.0,0.0,16348,-547,90,discharging,None,None
17:29:22.554,parallel,8.3,402.4,175.4,70.1,1101.5,59.5,2400,0.0,0.0,16295,-605,90,discharging,None,None
17:29:23.058,parallel,8.3,402.4,175.4,2.5,1102.0,59.5,2400,0.0,0.0,16344,-591,90,discharging,None,None
17:29:23.570,parallel,8.3,402.4,175.4,77.1,1102.0,62.8,2400,0.0,0.0,16328,-474,90,discharging,None,None
17:29:24.073,parallel,8.3,696.6,432.4,65.4,1102.4,59.5,2400,0.0,0.0,16296,-644,90,discharging,None,None
17:29:24.578,parallel,8.4,696.6,432.4,3.0,1102.4,57.9,1600,0.0,0.0,16343,-589,90,discharging,None,None
17:29:25.087,parallel,8.4,696.6,432.4,80.1,1103.4,62.8,2400,0.0,0.0,16342,-455,90,discharging,None,None
17:29:25.590,parallel,8.4,755.1,494.8,72.8,1102.9,60.0,2400,0.0,0.0,16296,-630,90,discharging,None,None
17:29:26.094,parallel,8.4,755.1,494.8,2.5,1103.2,58.4,2400,0.0,0.0,16338,-613,90,discharging,None,None
17:29:26.607,parallel,8.4,755.1,494.8,73.0,1104.0,63.4,2400,0.0,0.0,16335,-489,90,discharging,None,None
17:29:27.118,parallel,8.2,887.0,611.5,84.9,1104.0,61.1,2400,0.0,0.0,16295,-641,90,discharging,None,None
17:29:27.621,parallel,8.2,887.0,611.5,3.0,1104.3,58.4,2400,0.0,0.0,16337,-625,90,discharging,None,None
17:29:28.128,parallel,8.2,887.0,611.5,40.9,1104.4,62.2,2400,0.0,0.0,16349,-446,90,discharging,None,None
17:29:28.631,parallel,7.6,416.7,188.2,80.0,1105.8,60.6,2400,0.0,0.0,16297,-572,90,discharging,None,None
17:29:29.136,parallel,7.6,416.7,188.2,2.5,1104.9,58.4,2400,0.0,0.0,16336,-615,90,discharging,None,None
17:29:29.640,parallel,8.3,398.1,188.2,82.8,1104.9,59.0,2400,0.0,0.0,16309,-544,90,discharging,None,None
17:29:30.143,parallel,8.3,398.1,171.0,38.1,1103.9,59.5,2400,0.0,0.0,16308,-612,90,discharging,None,None
17:29:30.651,parallel,8.3,398.1,171.0,62.0,1104.2,63.9,2400,0.0,0.0,16346,-540,90,discharging,None,None
17:29:31.155,parallel,8.3,400.3,171.0,36.0,1103.5,61.1,2400,0.0,0.0,16316,-550,90,discharging,None,None
17:29:31.663,parallel,8.3,400.3,163.6,46.5,1103.7,62.2,2400,0.0,0.0,16320,-584,90,discharging,None,None
17:29:32.166,parallel,8.3,403.4,163.6,59.8,1103.0,59.5,2400,0.0,0.0,16301,-603,90,discharging,None,None
17:29:32.670,parallel,8.3,403.4,163.4,36.6,1103.5,60.6,2400,0.0,0.0,16345,-550,90,discharging,None,None
17:29:33.173,parallel,8.3,406.7,163.4,82.5,1102.5,62.2,2400,0.0,0.0,16320,-535,90,discharging,None,None
17:29:33.677,parallel,8.3,406.7,163.4,2.5,1102.8,59.0,2400,0.0,0.0,16335,-610,90,discharging,None,None
17:29:34.181,parallel,8.3,406.7,207.6,72.1,1102.3,63.4,2400,0.0,0.0,16345,-529,90,discharging,None,None
17:29:34.685,parallel,8.3,455.7,207.6,50.5,1102.6,60.0,2400,0.0,0.0,16294,-617,90,discharging,None,None
17:29:35.188,parallel,8.3,455.7,207.6,3.0,1101.9,57.9,1600,0.0,0.0,16345,-569,90,discharging,None,None
17:29:35.702,parallel,8.3,455.7,460.6,95.6,1101.9,63.4,2400,0.0,0.0,16330,-450,90,discharging,None,None
17:29:36.206,parallel,8.3,687.7,460.6,44.1,1101.9,59.5,2400,0.0,0.0,16290,-618,90,discharging,None,None
17:29:36.716,parallel,8.4,687.7,460.6,4.5,1102.6,58.4,2400,0.0,0.0,16342,-567,90,discharging,None,None
17:29:37.221,parallel,8.4,687.7,460.6,100.0,1102.6,63.4,2400,0.0,0.0,16309,-493,90,discharging,None,None
17:29:37.724,parallel,8.4,759.3,502.9,51.2,1102.8,59.5,2400,0.0,0.0,16291,-667,90,discharging,None,None
17:29:38.228,parallel,8.3,759.3,502.9,2.0,1102.1,58.4,2400,0.0,0.0,16343,-580,90,discharging,None,None
17:29:38.739,parallel,8.3,759.3,502.9,93.7,1102.5,62.8,2400,0.0,0.0,16323,-482,90,discharging,None,None
17:29:39.243,parallel,8.3,523.4,305.9,44.8,1103.5,59.5,2400,0.0,0.0,16293,-631,90,discharging,None,None
17:29:39.750,parallel,8.3,523.4,305.9,33.8,1103.5,61.7,2400,0.0,0.0,16341,-567,90,discharging,None,None
17:29:40.254,parallel,8.3,395.5,305.9,79.2,1103.2,62.8,2400,0.0,0.0,16300,-558,90,discharging,None,None
17:29:40.757,parallel,7.9,395.5,176.6,9.9,1103.5,59.5,2400,0.0,0.0,16325,-613,90,discharging,None,None
17:29:41.261,parallel,7.9,395.4,176.6,81.7,1102.4,60.6,2400,0.0,0.0,16323,-544,90,discharging,None,None
17:29:41.764,parallel,8.4,395.4,163.1,36.3,1102.6,60.0,2400,0.0,0.0,16333,-557,90,discharging,None,None
17:29:42.272,parallel,8.4,395.4,163.1,59.8,1102.3,63.4,2400,0.0,0.0,16336,-542,90,discharging,None,None
17:29:42.777,parallel,8.3,399.4,163.1,24.9,1102.8,60.0,2400,0.0,0.0,16295,-604,90,discharging,None,None
17:29:43.283,parallel,8.3,399.4,159.5,57.1,1102.5,62.8,2400,0.0,0.0,16329,-599,90,discharging,None,None
17:29:43.787,parallel,8.3,399.2,159.5,61.2,1103.5,59.5,2400,0.0,0.0,16302,-583,90,discharging,None,None
17:29:44.295,parallel,8.3,399.2,159.5,19.9,1102.8,60.0,2400,0.0,0.0,16338,-555,90,discharging,None,None
17:29:44.799,parallel,8.3,404.0,175.1,98.5,1103.0,62.8,2400,0.0,0.0,16305,-535,90,discharging,None,None
17:29:45.302,parallel,8.3,404.0,175.1,3.5,1102.5,59.0,2400,0.0,0.0,16322,-613,90,discharging,None,None
17:29:45.815,parallel,8.3,404.0,175.1,47.8,1103.0,61.1,2400,0.0,0.0,16344,-506,90,discharging,None,None
17:29:46.318,parallel,8.3,696.0,459.5,94.6,1102.3,61.7,2400,0.0,0.0,16305,-529,90,discharging,None,None
17:29:46.822,parallel,8.3,696.0,459.5,2.5,1101.8,58.4,2400,0.0,0.0,16328,-631,90,discharging,None,None
17:29:47.337,parallel,8.3,696.0,459.5,50.5,1102.1,62.2,2400,0.0,0.0,16344,-502,90,discharging,None,None
17:29:47.841,parallel,8.3,705.0,428.2,91.8,1101.6,61.7,2400,0.0,0.0,16302,-558,90,discharging,None,None
17:29:48.344,parallel,8.3,705.0,428.2,2.5,1102.5,59.0,2400,0.0,0.0,16330,-650,90,discharging,None,None
17:29:48.852,parallel,8.3,705.0,428.2,54.2,1102.5,62.2,2400,0.0,0.0,16344,-496,90,discharging,None,None
17:29:49.355,parallel,8.3,587.5,373.4,81.0,1102.1,61.1,2400,0.0,0.0,16297,-566,90,discharging,None,None
17:29:49.859,parallel,8.3,587.5,373.4,2.5,1102.1,59.0,2400,0.0,0.0,16331,-638,90,discharging,None,None
17:29:50.367,parallel,8.4,400.2,373.4,78.2,1102.1,62.8,2400,0.0,0.0,16345,-499,90,discharging,None,None
17:29:50.870,parallel,8.4,400.2,176.6,42.1,1101.4,59.0,2400,0.0,0.0,16308,-586,90,discharging,None,None
17:29:51.383,parallel,8.3,400.2,176.6,35.0,1101.9,61.7,2400,0.0,0.0,16336,-590,90,discharging,None,None
17:29:51.887,parallel,8.3,403.1,176.6,70.6,1101.6,62.2,2400,0.0,0.0,16303,-549,90,discharging,None,None
17:29:52.390,parallel,7.9,403.1,171.1,25.7,1101.6,59.0,2400,0.0,0.0,16294,-624,90,discharging,None,None
17:29:52.894,parallel,7.9,403.1,171.1,81.6,1101.4,61.7,2400,0.0,0.0,16341,-542,90,discharging,None,None
17:29:53.399,parallel,7.9,403.1,163.1,36.6,1102.0,61.1,2400,0.0,0.0,16319,-553,90,discharging,None,None
17:29:53.910,parallel,8.3,403.1,163.1,50.0,1102.1,62.8,2400,0.0,0.0,16331,-535,90,discharging,None,None
17:29:54.413,parallel,8.3,395.2,163.1,33.7,1102.1,59.5,2400,0.0,0.0,16330,-565,90,discharging,None,None
17:29:54.920,parallel,8.3,395.2,159.0,48.8,1102.1,61.7,2400,0.0,0.0,16304,-553,90,discharging,None,None
17:29:55.424,parallel,8.3,402.8,159.0,70.1,1102.5,60.0,2400,0.0,0.0,16290,-611,90,discharging,None,None
17:29:55.932,parallel,8.3,402.8,159.0,6.4,1102.0,59.0,1600,0.0,0.0,16341,-550,90,discharging,None,None
17:29:56.436,parallel,8.2,402.8,284.3,100.0,1102.0,62.8,2400,0.0,0.0,16307,-521,90,discharging,None,None
17:29:56.940,parallel,8.2,488.8,284.3,28.4,1101.8,59.0,2400,0.0,0.0,16329,-609,90,discharging,None,None
17:29:57.451,parallel,8.4,488.8,284.3,20.6,1102.3,60.6,2400,0.0,0.0,16343,-489,90,discharging,None,None
17:29:57.959,parallel,8.4,488.8,284.3,100.0,1102.3,63.4,2400,0.0,0.0,16297,-563,90,discharging,None,None
17:29:58.463,parallel,8.3,790.5,614.9,42.4,1102.5,60.0,2400,0.0,0.0,16312,-669,90,discharging,None,None
17:29:58.971,parallel,8.3,790.5,614.9,5.5,1102.0,59.5,2400,0.0,0.0,16342,-510,90,discharging,None,None
17:29:59.482,parallel,8.3,790.5,614.9,100.0,1102.0,63.9,2400,0.0,0.0,16298,-547,90,discharging,None,None
17:29:59.986,parallel,8.3,591.6,408.5,33.5,1102.3,59.5,2400,0.0,0.0,16324,-639,90,discharging,None,None
17:30:00.491,parallel,8.3,591.6,408.5,31.0,1102.5,62.2,2400,0.0,0.0,16342,-505,90,discharging,None,None
17:30:00.995,parallel,8.3,395.4,170.6,85.1,1102.0,62.8,2400,0.0,0.0,16292,-564,90,discharging,None,None
17:30:01.498,parallel,8.3,395.4,170.6,4.5,1102.3,59.5,2400,0.0,0.0,16331,-603,90,discharging,None,None
17:30:02.002,parallel,8.3,394.2,170.6,81.7,1101.6,61.1,2400,0.0,0.0,16299,-576,90,discharging,None,None
17:30:02.505,parallel,8.3,394.2,163.3,36.5,1102.1,60.0,2400,0.0,0.0,16317,-609,90,discharging,None,None
17:30:03.013,parallel,8.3,394.2,163.3,56.7,1102.1,63.4,2400,0.0,0.0,16330,-537,90,discharging,None,None
17:30:03.516,parallel,8.3,395.8,163.3,36.0,1102.3,59.5,2400,0.0,0.0,16322,-564,90,discharging,None,None
17:30:04.024,parallel,8.3,395.8,174.8,55.9,1101.8,62.8,2400,0.0,0.0,16314,-573,90,discharging,None,None
17:30:04.528,parallel,7.9,399.9,174.8,63.2,1102.1,60.0,2400,0.0,0.0,16289,-613,90,discharging,None,None
17:30:05.036,parallel,7.9,399.9,174.8,21.4,1101.6,61.7,2400,0.0,0.0,16340,-553,90,discharging,None,None
17:30:05.540,parallel,7.9,390.7,159.9,95.0,1101.6,63.4,2400,0.0,0.0,16297,-558,90,discharging,None,None
17:30:06.043,parallel,8.3,390.7,159.9,2.0,1102.1,59.5,2400,0.0,0.0,16329,-609,90,discharging,None,None
17:30:06.552,parallel,8.3,390.7,159.9,51.7,1102.1,62.2,2400,0.0,0.0,16346,-463,90,discharging,None,None
17:30:07.055,parallel,8.3,707.8,519.7,98.5,1102.3,63.4,2400,0.0,0.0,16292,-586,90,discharging,None,None
17:30:07.559,parallel,8.3,707.8,519.7,2.5,1102.3,59.5,2400,0.0,0.0,16329,-630,90,discharging,None,None
17:30:08.071,parallel,8.3,707.8,519.7,47.3,1101.8,62.2,2400,0.0,0.0,16342,-478,90,discharging,None,None
17:30:08.575,parallel,8.3,749.0,487.4,100.0,1101.8,64.5,2400,0.0,0.0,16293,-605,90,discharging,None,None
17:30:09.079,parallel,8.3,749.0,487.4,6.5,1103.2,59.0,2400,0.0,0.0,16329,-642,90,discharging,None,None
17:30:09.588,parallel,8.4,749.0,487.4,41.2,1103.6,62.2,2400,0.0,0.0,16343,-478,90,discharging,None,None
17:30:10.091,parallel,8.4,529.5,311.6,89.7,1105.5,61.1,2400,0.0,0.0,16290,-596,90,discharging,None,None
17:30:10.595,parallel,8.3,529.5,311.6,1.5,1105.5,59.0,2400,0.0,0.0,16331,-619,90,discharging,None,None
17:30:11.103,parallel,8.3,395.9,311.6,77.6,1106.2,63.4,2400,0.0,0.0,16312,-519,90,discharging,None,None
17:30:11.606,parallel,8.3,395.9,163.2,40.1,1105.8,59.5,2400,0.0,0.0,16303,-608,90,discharging,None,None
17:30:12.115,parallel,8.3,395.9,163.2,41.2,1105.3,62.8,2400,0.0,0.0,16341,-542,90,discharging,None,None
17:30:12.620,parallel,8.3,393.7,163.2,49.0,1105.3,61.1,2400,0.0,0.0,16292,-550,90,discharging,None,None
17:30:13.125,parallel,8.3,393.7,163.6,33.7,1103.7,59.5,2400,0.0,0.0,16321,-600,90,discharging,None,None
17:30:13.628,parallel,8.3,393.0,163.6,77.0,1103.7,59.5,2400,0.0,0.0,16296,-591,90,discharging,None,None
17:30:14.132,parallel,8.3,393.0,158.6,36.0,1103.7,62.8,2400,0.0,0.0,16334,-552,90,discharging,None,None
17:30:14.640,parallel,8.3,393.0,158.6,69.0,1103.7,64.5,2400,0.0,0.0,16318,-536,90,discharging,None,None
17:30:15.143,parallel,8.3,399.4,158.6,15.0,1105.3,59.5,2400,0.0,0.0,16326,-607,90,discharging,None,None
17:30:15.658,parallel,8.4,399.4,158.6,59.1,1105.6,62.8,2400,0.0,0.0,16333,-526,90,discharging,None,None
17:30:16.162,parallel,8.4,535.8,333.7,78.4,1104.4,60.6,2400,0.0,0.0,16287,-613,90,discharging,None,None
17:30:16.665,parallel,7.9,535.8,333.7,1.5,1104.4,58.4,2400,0.0,0.0,16331,-612,90,discharging,None,None
17:30:17.175,parallel,7.9,535.8,333.7,66.8,1103.8,63.4,2400,0.0,0.0,16334,-477,90,discharging,None,None
17:30:17.679,parallel,8.3,708.2,467.5,76.2,1104.8,61.1,2400,0.0,0.0,16289,-624,90,discharging,None,None
17:30:18.183,parallel,8.3,708.2,467.5,2.0,1104.8,60.0,2400,0.0,0.0,16332,-608,90,discharging,None,None
17:30:18.695,parallel,8.3,708.2,467.5,69.3,1104.8,63.4,2400,0.0,0.0,16334,-477,90,discharging,None,None
17:30:19.198,parallel,8.2,619.6,408.9,67.2,1104.3,60.6,2400,0.0,0.0,16288,-627,90,discharging,None,None
17:30:19.702,parallel,8.2,619.6,408.9,1.5,1104.3,59.0,2400,0.0,0.0,16333,-596,90,discharging,None,None
17:30:20.205,parallel,8.4,395.3,408.9,82.1,1103.7,62.2,2400,0.0,0.0,16308,-497,90,discharging,None,None
17:30:20.709,parallel,8.4,395.3,162.8,36.0,1105.1,59.0,2400,0.0,0.0,16287,-609,90,discharging,None,None
17:30:21.216,parallel,8.4,395.3,162.8,51.7,1104.2,62.8,2400,0.0,0.0,16337,-542,90,discharging,None,None
17:30:21.720,parallel,8.4,399.4,162.8,59.5,1104.7,62.8,2400,0.0,0.0,16292,-550,90,discharging,None,None
17:30:22.227,parallel,8.4,399.4,167.1,21.9,1104.5,61.1,2400,0.0,0.0,16331,-597,90,discharging,None,None
17:30:22.731,parallel,8.3,402.9,167.1,69.3,1104.8,61.1,2400,0.0,0.0,16295,-590,90,discharging,None,None
17:30:23.234,parallel,8.3,402.9,167.6,37.4,1103.7,60.0,2400,0.0,0.0,16333,-571,90,discharging,None,None
17:30:23.744,parallel,8.4,402.9,167.6,75.0,1103.7,63.4,2400,0.0,0.0,16320,-535,90,discharging,None,None
17:30:24.247,parallel,8.4,395.7,167.6,8.4,1103.7,58.4,2400,0.0,0.0,16325,-590,90,discharging,None,None
17:30:24.752,parallel,8.4,395.7,159.2,73.9,1103.7,62.2,2400,0.0,0.0,16312,-558,90,discharging,None,None
17:30:25.256,parallel,8.3,399.6,159.2,45.0,1103.7,60.6,2400,0.0,0.0,16287,-610,90,discharging,None,None
17:30:25.764,parallel,8.3,399.6,159.2,18.8,1104.0,62.8,2400,0.0,0.0,16336,-552,90,discharging,None,None
17:30:26.268,parallel,8.4,399.6,303.9,100.0,1105.2,65.0,2400,0.0,0.0,16300,-522,90,discharging,None,None
17:30:26.772,parallel,8.4,528.1,303.9,9.5,1105.6,59.5,2400,0.0,0.0,16318,-625,90,discharging,None,None
17:30:27.289,parallel,8.4,528.1,303.9,38.3,1105.8,62.2,2400,0.0,0.0,16338,-507,90,discharging,None,None
17:30:27.908,parallel,8.2,528.1,731.6,100.0,1106.3,63.9,2400,0.0,0.0,16289,-632,90,discharging,None,None
17:30:28.411,parallel,8.2,863.2,731.6,14.0,1105.6,59.0,2400,0.0,0.0,16325,-628,90,discharging,None,None
17:30:28.919,parallel,8.2,863.2,731.6,33.3,1105.1,64.5,2400,0.0,0.0,16339,-476,90,discharging,None,None
17:30:29.422,parallel,6.0,451.9,254.9,92.1,1103.9,62.2,2400,0.0,0.0,16286,-596,90,discharging,None,None
17:30:29.926,parallel,6.0,451.9,254.9,2.5,1103.7,59.0,2400,0.0,0.0,16329,-610,90,discharging,None,None
17:30:30.429,parallel,8.3,394.9,254.9,82.1,1103.7,62.2,2400,0.0,0.0,16299,-540,90,discharging,None,None
17:30:30.933,parallel,8.3,394.9,161.8,36.3,1103.5,59.0,2400,0.0,0.0,16288,-611,90,discharging,None,None
17:30:31.440,parallel,8.3,394.9,161.8,48.0,1103.5,64.5,2400,0.0,0.0,16336,-540,90,discharging,None,None
17:30:31.945,parallel,8.3,419.5,161.8,41.8,1102.8,60.0,2400,0.0,0.0,16312,-543,90,discharging,None,None
17:30:32.451,parallel,8.3,419.5,163.4,38.8,1102.8,61.1,2400,0.0,0.0,16325,-566,90,discharging,None,None
17:30:32.954,parallel,8.3,399.0,163.4,76.7,1102.8,61.1,2400,0.0,0.0,16292,-609,90,discharging,None,None
17:30:33.463,parallel,8.3,399.0,172.5,32.5,1102.8,62.8,2400,0.0,0.0,16334,-561,90,discharging,None,None
17:30:33.971,parallel,8.3,399.0,172.5,73.0,1103.5,64.5,2400,0.0,0.0,16305,-542,90,discharging,None,None
17:30:34.474,parallel,8.3,399.6,172.5,15.3,1103.0,59.5,2400,0.0,0.0,16324,-604,90,discharging,None,None
17:30:34.992,parallel,8.3,399.6,167.0,63.2,1103.2,62.2,2400,0.0,0.0,16322,-536,90,discharging,None,None
17:30:35.496,parallel,8.3,422.2,167.0,54.9,1102.3,59.5,2400,0.0,0.0,16283,-613,90,discharging,None,None
17:30:35.999,parallel,8.3,422.2,167.0,2.0,1102.1,59.0,2400,0.0,0.0,16335,-556,90,discharging,None,None
17:30:36.507,parallel,8.3,422.2,475.2,92.5,1102.1,63.9,2400,0.0,0.0,16302,-507,90,discharging,None,None
17:30:37.011,parallel,8.3,702.5,475.2,52.9,1102.3,60.0,2400,0.0,0.0,16294,-644,90,discharging,None,None
17:30:37.514,parallel,8.4,702.5,475.2,3.5,1102.5,58.4,2400,0.0,0.0,16335,-543,90,discharging,None,None
17:30:38.027,parallel,8.4,702.5,475.2,93.1,1102.8,63.9,2400,0.0,0.0,16298,-511,90,discharging,None,None
17:30:38.530,parallel,8.4,744.7,506.4,56.9,1102.1,60.0,2400,0.0,0.0,16282,-667,90,discharging,None,None
17:30:39.034,parallel,8.3,744.7,506.4,2.5,1101.4,59.0,2400,0.0,0.0,16333,-563,90,discharging,None,None
17:30:39.551,parallel,8.3,744.7,506.4,88.9,1101.4,63.4,2400,0.0,0.0,16299,-503,90,discharging,None,None
17:30:40.055,parallel,8.3,547.0,320.6,50.5,1101.2,60.0,2400,0.0,0.0,16287,-641,90,discharging,None,None
17:30:40.562,parallel,8.3,547.0,320.6,24.9,1101.2,61.7,2400,0.0,0.0,16333,-550,90,discharging,None,None
17:30:41.067,parallel,7.9,398.9,320.6,84.2,1105.9,64.5,2400,0.0,0.0,16289,-556,90,discharging,None,None
17:30:41.570,parallel,7.9,398.9,162.1,12.4,1105.9,59.5,2400,0.0,0.0,16327,-609,90,discharging,None,None
17:30:42.074,parallel,7.9,408.6,162.1,84.6,1106.1,62.8,2400,0.0,0.0,16307,-538,90,discharging,None,None
17:30:42.577,parallel,8.4,408.6,163.4,36.8,1105.6,60.0,2400,0.0,0.0,16324,-571,90,discharging,None,None
17:30:43.084,parallel,8.4,408.6,163.4,47.1,1105.6,64.5,2400,0.0,0.0,16329,-541,90,discharging,None,None
17:30:43.587,parallel,8.3,394.2,163.4,37.3,1105.5,59.5,2400,0.0,0.0,16289,-582,90,discharging,None,None
17:30:44.096,parallel,8.3,394.2,166.9,46.0,1104.8,60.6,2400,0.0,0.0,16303,-598,90,discharging,None,None
17:30:44.600,parallel,8.3,400.2,166.9,73.0,1104.8,60.6,2400,0.0,0.0,16292,-594,90,discharging,None,None
17:30:45.108,parallel,8.3,400.2,166.9,17.6,1104.3,62.2,2400,0.0,0.0,16329,-553,90,discharging,None,None
17:30:45.612,parallel,8.3,400.2,159.9,92.0,1104.3,63.9,2400,0.0,0.0,16309,-533,90,discharging,None,None
17:30:46.115,parallel,8.3,399.0,159.9,12.4,1104.0,59.0,2400,0.0,0.0,16322,-609,90,discharging,None,None
17:30:46.631,parallel,8.3,399.0,159.9,46.3,1104.0,62.2,2400,0.0,0.0,16336,-505,90,discharging,None,None
17:30:47.135,parallel,8.3,574.3,353.3,81.8,1103.4,61.1,2400,0.0,0.0,16289,-582,90,discharging,None,None
17:30:47.638,parallel,8.3,574.3,353.3,2.5,1103.4,59.0,2400,0.0,0.0,16323,-623,90,discharging,None,None
17:30:48.151,parallel,8.3,574.3,353.3,64.7,1103.4,63.9,2400,0.0,0.0,16336,-480,90,discharging,None,None
17:30:48.654,parallel,8.3,661.7,408.8,70.3,1103.2,61.1,2400,0.0,0.0,16284,-612,90,discharging,None,None
17:30:49.158,parallel,8.3,661.7,408.8,2.5,1103.1,59.0,2400,0.0,0.0,16326,-608,90,discharging,None,None
17:30:49.671,parallel,8.3,661.7,408.8,75.1,1103.1,63.4,2400,0.0,0.0,16326,-478,90,discharging,None,None
17:30:50.174,parallel,8.3,643.5,424.9,66.2,1102.8,60.0,2400,0.0,0.0,16281,-632,90,discharging,None,None
17:30:50.678,parallel,8.4,643.5,424.9,3.0,1102.8,58.4,2400,0.0,0.0,16328,-605,90,discharging,None,None
17:30:51.182,parallel,8.4,399.3,424.9,82.2,1102.6,61.7,2400,0.0,0.0,16312,-499,90,discharging,None,None
17:30:51.685,parallel,8.4,399.3,165.8,36.3,1102.6,60.0,2400,0.0,0.0,16283,-612,90,discharging,None,None
17:30:52.192,parallel,8.3,399.3,165.8,37.1,1102.0,62.2,2400,0.0,0.0,16332,-541,90,discharging,None,None
17:30:52.696,parallel,8.3,410.4,165.8,84.7,1101.8,63.9,2400,0.0,0.0,16287,-556,90,discharging,None,None
17:30:53.200,parallel,7.9,410.4,163.4,8.0,1101.6,59.5,2400,0.0,0.0,16322,-618,90,discharging,None,None
17:30:53.703,parallel,7.9,398.8,163.4,82.2,1101.6,61.7,2400,0.0,0.0,16314,-541,90,discharging,None,None
17:30:54.207,parallel,7.9,398.8,159.4,37.1,1101.9,60.6,2400,0.0,0.0,16321,-567,90,discharging,None,None
17:30:54.716,parallel,8.3,398.8,159.4,50.5,1103.2,63.9,2400,0.0,0.0,16326,-544,90,discharging,None,None
17:30:55.220,parallel,8.3,404.0,159.4,34.5,1103.7,59.5,2400,0.0,0.0,16281,-598,90,discharging,None,None
17:30:55.728,parallel,8.3,404.0,179.5,50.0,1103.7,61.1,2400,0.0,0.0,16310,-613,90,discharging,None,None
17:30:56.231,parallel,8.3,398.8,179.5,69.2,1103.2,61.7,2400,0.0,0.0,16288,-580,90,discharging,None,None
17:30:56.739,parallel,8.2,398.8,179.5,18.0,1103.2,62.2,2400,0.0,0.0,16323,-553,90,discharging,None,None
17:30:57.244,parallel,8.2,398.8,159.6,94.1,1102.1,64.5,2400,0.0,0.0,16304,-538,90,discharging,None,None
17:30:57.747,parallel,8.2,395.9,159.6,7.9,1102.1,60.6,2400,0.0,0.0,16311,-612,90,discharging,None,None
17:30:58.256,parallel,8.4,395.9,159.6,48.5,1102.1,62.2,2400,0.0,0.0,16333,-514,90,discharging,None,None
17:30:58.760,parallel,8.4,626.2,431.1,89.1,1102.1,61.7,2400,0.0,0.0,16285,-567,90,discharging,None,None
17:30:59.263,parallel,8.3,626.2,431.1,3.0,1102.0,59.0,2400,0.0,0.0,16317,-646,90,discharging,None,None
17:30:59.777,parallel,8.3,626.2,431.1,56.9,1102.0,63.4,2400,0.0,0.0,16334,-487,90,discharging,None,None
17:31:00.280,parallel,8.3,693.3,429.2,84.2,1101.6,61.1,2400,0.0,0.0,16283,-580,90,discharging,None,None
17:31:00.784,parallel,8.3,693.3,429.2,3.0,1102.1,59.5,2400,0.0,0.0,16320,-644,90,discharging,None,None
17:31:01.296,parallel,8.3,693.3,429.2,62.6,1102.1,63.4,2400,0.0,0.0,16333,-481,90,discharging,None,None
17:31:01.800,parallel,8.2,532.3,324.6,65.2,1101.8,60.6,2400,0.0,0.0,16282,-591,90,discharging,None,None
17:31:02.303,parallel,8.2,532.3,324.6,3.0,1101.6,58.4,1600,0.0,0.0,16321,-616,90,discharging,None,None
17:31:02.809,parallel,8.4,424.8,324.6,88.4,1101.6,61.7,2400,0.0,0.0,16324,-464,90,discharging,None,None
17:31:03.312,parallel,8.4,424.8,162.8,36.0,1101.4,59.5,2400,0.0,0.0,16294,-575,90,discharging,None,None
17:31:03.819,parallel,8.4,424.8,162.8,56.2,1101.4,62.8,2400,0.0,0.0,16331,-550,90,discharging,None,None
17:31:04.323,parallel,8.4,401.6,158.7,67.0,1101.1,63.4,2400,0.0,0.0,16281,-600,90,discharging,None,None
17:31:04.831,parallel,8.4,401.6,158.7,22.0,1100.9,61.1,2400,0.0,0.0,16329,-551,90,discharging,None,None
17:31:05.334,parallel,7.9,395.0,158.7,66.2,1100.7,60.6,2400,0.0,0.0,16291,-573,90,discharging,None,None
17:31:05.838,parallel,7.9,395.0,172.3,37.3,1101.6,60.6,2400,0.0,0.0,16292,-600,90,discharging,None,None
17:31:06.341,parallel,7.9,395.3,172.3,80.2,1101.6,64.5,2400,0.0,0.0,16287,-596,90,discharging,None,None
17:31:06.845,parallel,8.3,395.3,172.3,4.0,1101.6,59.5,2400,0.0,0.0,16325,-553,90,discharging,None,None
17:31:07.352,parallel,8.3,395.3,160.3,78.9,1101.6,63.9,2400,0.0,0.0,16311,-536,90,discharging,None,None
17:31:07.856,parallel,8.3,393.6,160.3,39.5,1101.1,60.0,2400,0.0,0.0,16318,-611,90,discharging,None,None
17:31:08.364,parallel,8.3,393.6,160.3,22.9,1101.1,61.7,2400,0.0,0.0,16332,-512,90,discharging,None,None
17:31:08.868,parallel,8.3,518.7,290.6,99.0,1101.1,64.5,2400,0.0,0.0,16279,-602,90,discharging,None,None
17:31:09.372,parallel,8.3,518.7,290.6,3.0,1101.1,60.0,2400,0.0,0.0,16324,-606,90,discharging,None,None
17:31:09.886,parallel,8.3,518.7,290.6,46.6,1101.6,63.4,2400,0.0,0.0,16320,-477,90,discharging,None,None
17:31:10.390,parallel,8.3,741.2,503.2,100.0,1101.6,64.5,2400,0.0,0.0,16279,-635,90,discharging,None,None
17:31:10.894,parallel,8.3,741.2,503.2,12.4,1101.1,59.5,2400,0.0,0.0,16323,-613,90,discharging,None,None
17:31:11.399,parallel,8.3,741.2,503.2,43.0,1101.1,63.9,2400,0.0,0.0,16326,-477,90,discharging,None,None
17:31:11.903,parallel,8.3,636.8,404.5,95.5,1101.9,62.8,2400,0.0,0.0,16279,-627,90,discharging,None,None
17:31:12.407,parallel,8.5,636.8,404.5,1.5,1101.9,59.5,2400,0.0,0.0,16326,-601,90,discharging,None,None
17:31:12.915,parallel,8.5,636.8,404.5,56.2,1102.3,63.4,2400,0.0,0.0,16324,-448,90,discharging,None,None
17:31:13.418,parallel,8.5,461.7,200.5,72.4,1102.3,60.6,2400,0.0,0.0,16282,-589,90,discharging,None,None
17:31:13.928,parallel,8.3,461.7,200.5,7.0,1102.3,60.0,2400,0.0,0.0,16327,-562,90,discharging,None,None
17:31:14.432,parallel,8.3,395.8,200.5,75.4,1102.3,60.6,2400,0.0,0.0,16283,-552,90,discharging,None,None
17:31:14.935,parallel,8.3,395.8,163.1,36.5,1102.0,58.4,2400,0.0,0.0,16316,-612,90,discharging,None,None
17:31:15.443,parallel,8.3,395.8,163.1,69.5,1102.0,64.5,2400,0.0,0.0,16294,-557,90,discharging,None,None
17:31:15.947,parallel,8.3,394.8,163.1,36.6,1102.0,62.8,2400,0.0,0.0,16318,-559,90,discharging,None,None
17:31:16.451,parallel,8.3,394.8,163.6,54.5,1102.0,63.4,2400,0.0,0.0,16318,-552,90,discharging,None,None
17:31:16.955,parallel,8.3,403.9,163.6,50.7,1101.8,60.0,2400,0.0,0.0,16293,-616,90,discharging,None,None
17:31:17.458,parallel,7.9,403.9,159.0,36.3,1101.8,60.6,2400,0.0,0.0,16311,-588,90,discharging,None,None
17:31:17.962,parallel,7.9,407.4,159.0,83.7,1101.3,62.2,2400,0.0,0.0,16286,-602,90,discharging,None,None
17:31:18.465,parallel,7.9,407.4,159.0,1.5,1101.3,59.0,2400,0.0,0.0,16325,-558,90,discharging,None,None
17:31:18.972,parallel,8.4,407.4,199.9,82.8,1101.3,65.0,2400,0.0,0.0,16292,-525,90,discharging,None,None
17:31:19.475,parallel,8.4,439.3,199.9,38.0,1101.3,60.0,2400,0.0,0.0,16310,-619,90,discharging,None,None
17:31:19.985,parallel,8.3,439.3,199.9,10.0,1101.6,60.6,2400,0.0,0.0,16332,-511,90,discharging,None,None
17:31:20.493,parallel,8.3,439.3,494.9,100.0,1101.6,64.5,2400,0.0,0.0,16287,-559,90,discharging,None,None
17:31:20.997,parallel,8.3,696.8,494.9,33.0,1101.3,60.6,2400,0.0,0.0,16313,-656,90,discharging,None,None
17:31:21.505,parallel,8.3,696.8,494.9,14.4,1101.3,61.1,2400,0.0,0.0,16332,-502,90,discharging,None,None
17:31:22.015,parallel,8.3,696.8,494.9,100.0,1101.1,64.5,2400,0.0,0.0,16286,-561,90,discharging,None,None
17:31:22.518,parallel,8.3,723.4,466.7,33.8,1101.1,60.0,2400,0.0,0.0,16310,-658,90,discharging,None,None
17:31:23.025,parallel,8.3,723.4,466.7,13.1,1101.6,60.0,2400,0.0,0.0,16329,-499,90,discharging,None,None
17:31:23.531,parallel,8.4,487.5,466.7,100.0,1101.6,63.9,2400,0.0,0.0,16285,-550,90,discharging,None,None
17:31:24.035,parallel,8.4,487.5,254.9,13.5,1101.6,59.5,2400,0.0,0.0,16317,-618,90,discharging,None,None
17:31:24.543,parallel,8.3,487.5,254.9,58.0,1101.6,63.4,2400,0.0,0.0,16316,-522,90,discharging,None,None
17:31:25.047,parallel,8.3,394.1,163.2,60.1,1102.5,61.1,2400,0.0,0.0,16310,-600,90,discharging,None,None
17:31:25.556,parallel,8.3,394.1,163.2,21.6,1102.5,62.8,2400,0.0,0.0,16323,-567,90,discharging,None,None
17:31:26.059,parallel,8.3,394.2,163.2,61.4,1102.2,60.0,2400,0.0,0.0,16276,-581,90,discharging,None,None
17:31:26.563,parallel,8.3,394.2,169.7,37.2,1102.2,59.5,2400,0.0,0.0,16284,-631,90,discharging,None,None
17:31:27.066,parallel,8.3,400.9,169.7,82.3,1102.1,63.4,2400,0.0,0.0,16285,-583,90,discharging,None,None
17:31:27.575,parallel,8.3,400.9,169.7,14.5,1103.9,62.2,2400,0.0,0.0,16315,-568,90,discharging,None,None
17:31:28.079,parallel,8.3,400.9,160.8,69.3,1102.8,63.9,2400,0.0,0.0,16325,-546,90,discharging,None,None
17:31:28.583,parallel,8.3,576.4,160.8,59.5,1102.5,60.6,2400,0.0,0.0,16280,-640,90,discharging,None,None
17:31:29.086,parallel,8.3,576.4,166.5,36.8,1102.5,61.7,2400,0.0,0.0,16327,-575,90,discharging,None,None
17:31:29.595,parallel,7.2,576.4,166.5,73.6,1102.8,64.5,2400,0.0,0.0,16289,-544,90,discharging,None,None
17:31:30.099,parallel,7.2,402.1,166.5,10.9,1101.6,60.6,2400,0.0,0.0,16314,-592,90,discharging,None,None
17:31:30.607,parallel,7.2,402.1,160.3,70.0,1101.6,65.0,2400,0.0,0.0,16303,-539,90,discharging,None,None
17:31:31.111,parallel,8.3,399.0,160.3,47.8,1102.0,60.0,2400,0.0,0.0,16276,-610,90,discharging,None,None
17:31:31.616,parallel,8.3,399.0,160.3,4.0,1102.0,59.0,2400,0.0,0.0,16326,-546,90,discharging,None,None
17:31:32.126,parallel,8.3,399.0,499.8,100.0,1102.0,65.0,2400,0.0,0.0,16292,-519,90,discharging,None,None
17:31:32.630,parallel,8.3,676.6,499.8,40.0,1101.8,60.6,2400,0.0,0.0,16286,-649,90,discharging,None,None
17:31:33.140,parallel,8.4,676.6,499.8,7.5,1100.9,60.6,1700,0.0,0.0,16326,-537,90,discharging,None,None
17:31:33.648,parallel,8.4,676.6,499.8,100.0,1100.9,65.5,2400,0.0,0.0,16289,-511,90,discharging,None,None
17:31:34.152,parallel,8.4,694.7,440.2,33.2,1100.9,60.0,2400,0.0,0.0,16292,-627,90,discharging,None,None
17:31:34.660,parallel,8.3,694.7,440.2,13.7,1100.9,61.1,2400,0.0,0.0,16327,-523,90,discharging,None,None
17:31:35.165,parallel,8.3,488.2,440.2,100.0,1100.9,64.5,2400,0.0,0.0,16284,-542,90,discharging,None,None
17:31:35.668,parallel,8.3,488.2,277.2,15.9,1107.7,60.0,2400,0.0,0.0,16315,-627,90,discharging,None,None
17:31:36.174,parallel,8.3,488.2,277.2,57.5,1109.6,63.9,2400,0.0,0.0,16329,-521,90,discharging,None,None
17:31:36.677,parallel,8.3,398.7,171.0,62.5,1113.5,61.1,2400,0.0,0.0,16300,-574,90,discharging,None,None
17:31:37.184,parallel,8.3,398.7,171.0,20.8,1115.7,62.2,2400,0.0,0.0,16317,-584,90,discharging,None,None
17:31:37.688,parallel,8.3,393.5,171.0,63.0,1115.7,60.6,2400,0.0,0.0,16281,-591,90,discharging,None,None
17:31:38.191,parallel,8.3,393.5,163.4,36.5,1114.0,60.0,2400,0.0,0.0,16298,-612,90,discharging,None,None
17:31:38.696,parallel,8.3,395.5,163.4,81.6,1114.0,63.4,2400,0.0,0.0,16298,-538,90,discharging,None,None
17:31:39.200,parallel,8.4,395.5,163.4,11.4,1109.7,61.7,2400,0.0,0.0,16314,-547,90,discharging,None,None
17:31:39.708,parallel,8.4,395.5,157.8,71.9,1109.7,65.0,2400,0.0,0.0,16309,-545,90,discharging,None,None
17:31:40.212,parallel,8.4,397.2,157.8,37.3,1109.7,60.0,2400,0.0,0.0,16277,-611,90,discharging,None,None
17:31:40.720,parallel,8.3,397.2,161.0,50.5,1109.7,64.5,2400,0.0,0.0,16318,-554,90,discharging,None,None
17:31:41.224,parallel,8.3,411.4,161.0,76.1,1108.4,61.7,2400,0.0,0.0,16274,-596,90,discharging,None,None
17:31:41.728,parallel,7.9,411.4,161.0,2.5,1108.4,59.5,2400,0.0,0.0,16317,-613,90,discharging,None,None
17:31:42.239,parallel,7.9,411.4,161.0,71.9,1105.7,64.5,2400,0.0,0.0,16320,-481,90,discharging,None,None
17:31:42.744,parallel,8.3,682.2,494.4,70.3,1106.2,60.6,2400,0.0,0.0,16277,-634,90,discharging,None,None
17:31:43.247,parallel,8.3,682.2,494.4,3.0,1105.7,59.5,2400,0.0,0.0,16320,-608,90,discharging,None,None
17:31:43.760,parallel,8.3,682.2,494.4,76.0,1104.5,63.9,2400,0.0,0.0,16316,-480,90,discharging,None,None
17:31:44.263,parallel,8.3,717.6,472.2,68.0,1104.0,61.7,2400,0.0,0.0,16275,-637,90,discharging,None,None
17:31:44.767,parallel,8.3,717.6,472.2,0.0,1104.0,59.5,2400,0.0,0.0,16320,-602,90,discharging,None,None
17:31:45.279,parallel,8.3,375.1,472.2,75.6,1103.3,63.9,2400,0.0,0.0,16319,-471,90,discharging,None,None
17:31:45.782,parallel,8.3,375.1,176.9,31.5,1104.0,60.0,2400,0.0,0.0,16278,-594,90,discharging,None,None
17:31:46.291,parallel,8.3,375.1,176.9,43.6,1104.0,63.9,2400,0.0,0.0,16325,-543,90,discharging,None,None
17:31:46.795,parallel,8.3,363.7,148.4,63.2,1104.0,63.4,2400,0.0,0.0,16278,-537,90,discharging,None,None
17:31:47.305,parallel,8.3,363.7,148.4,13.4,1104.0,62.2,2400,0.0,0.0,16320,-593,90,discharging,None,None
17:31:47.809,parallel,8.3,363.4,148.4,60.8,1104.8,60.0,2400,0.0,0.0,16282,-578,90,discharging,None,None
17:31:48.312,parallel,8.3,363.4,151.6,32.8,1103.1,60.0,2400,0.0,0.0,16322,-568,90,discharging,None,None
17:31:48.816,parallel,8.3,367.4,151.6,75.1,1103.1,62.8,2400,0.0,0.0,16312,-522,90,discharging,None,None
17:31:49.319,parallel,8.3,367.4,151.6,0.0,1103.1,59.0,2400,0.0,0.0,16315,-557,90,discharging,None,None
17:31:49.827,parallel,8.3,367.4,151.4,84.2,1103.3,63.9,2400,0.0,0.0,16288,-538,90,discharging,None,None
17:31:50.330,parallel,8.3,363.2,151.4,22.8,1102.8,59.5,2400,0.0,0.0,16276,-594,90,discharging,None,None
17:31:50.842,parallel,8.3,363.2,151.4,32.2,1102.8,62.2,2400,0.0,0.0,16325,-535,90,discharging,None,None
17:31:51.346,parallel,8.3,538.2,359.2,87.7,1101.8,62.2,2400,0.0,0.0,16285,-538,90,discharging,None,None
17:31:51.849,parallel,8.3,538.2,359.2,0.0,1101.6,59.0,2400,0.0,0.0,16313,-617,90,discharging,None,None
17:31:52.360,parallel,8.3,538.2,359.2,57.1,1101.6,63.4,2400,0.0,0.0,16327,-481,90,discharging,None,None
17:31:52.863,parallel,8.3,633.8,403.2,70.6,1101.4,61.1,2400,0.0,0.0,16277,-585,90,discharging,None,None
17:31:53.367,parallel,8.3,633.8,403.2,0.0,1103.2,59.0,2400,0.0,0.0,16315,-623,90,discharging,None,None
17:31:53.876,parallel,8.3,633.8,403.2,73.4,1103.2,63.4,2400,0.0,0.0,16329,-459,90,discharging,None,None
17:31:54.379,parallel,8.3,451.0,229.0,41.8,1102.8,59.0,2400,0.0,0.0,16278,-589,90,discharging,None,None
17:31:54.887,parallel,8.3,451.0,229.0,25.5,1102.8,62.8,2400,0.0,0.0,16325,-571,90,discharging,None,None
17:31:55.391,parallel,8.3,363.6,229.0,72.1,1102.8,63.9,2400,0.0,0.0,16283,-530,90,discharging,None,None
17:31:55.895,parallel,8.3,363.6,149.3,9.0,1102.8,58.4,2400,0.0,0.0,16302,-594,90,discharging,None,None
17:31:56.398,parallel,8.3,363.6,149.3,75.1,1102.6,59.5,2400,0.0,0.0,16306,-532,90,discharging,None,None
17:31:56.902,parallel,8.3,363.6,148.2,32.7,1102.6,60.0,2400,0.0,0.0,16314,-536,90,discharging,None,None
17:31:57.411,parallel,8.3,363.6,148.2,64.2,1102.6,64.5,2400,0.0,0.0,16317,-534,90,discharging,None,None
17:31:57.914,parallel,8.3,361.0,148.2,10.8,1102.6,59.0,2400,0.0,0.0,16290,-593,90,discharging,None,None
17:31:58.423,parallel,8.3,361.0,152.0,66.7,1102.4,63.4,2400,0.0,0.0,16316,-578,90,discharging,None,None
17:31:58.926,parallel,8.3,361.6,152.0,40.7,1103.4,59.5,2400,0.0,0.0,16279,-593,90,discharging,None,None
17:31:59.439,parallel,8.3,361.6,152.0,22.5,1103.2,61.1,2400,0.0,0.0,16324,-540,90,discharging,None,None
17:31:59.942,parallel,8.3,473.3,276.0,91.5,1103.4,62.2,2400,0.0,0.0,16288,-504,90,discharging,None,None
17:32:00.446,parallel,8.3,473.3,276.0,0.0,1103.4,59.5,2400,0.0,0.0,16309,-606,90,discharging,None,None
17:32:00.962,parallel,8.3,473.3,276.0,53.0,1103.3,63.9,2400,0.0,0.0,16327,-499,90,discharging,None,None
17:32:01.465,parallel,8.3,622.5,388.7,71.6,1102.9,61.1,2400,0.0,0.0,16279,-562,90,discharging,None,None
17:32:01.969,parallel,8.3,622.5,388.7,0.0,1102.6,58.4,2400,0.0,0.0,16312,-626,90,discharging,None,None
17:32:02.480,parallel,8.3,622.5,388.7,73.2,1103.0,63.9,2400,0.0,0.0,16327,-474,90,discharging,None,None
17:32:02.984,parallel,8.3,519.7,329.9,51.2,1103.1,60.0,2400,0.0,0.0,16276,-625,90,discharging,None,None
17:32:03.492,parallel,8.3,519.7,329.9,12.9,1103.1,60.6,2400,0.0,0.0,16324,-514,90,discharging,None,None
17:32:03.996,parallel,8.3,373.4,329.9,78.7,1102.8,62.8,2400,0.0,0.0,16271,-527,90,discharging,None,None
17:32:04.500,parallel,8.3,373.4,148.9,18.0,1102.8,58.4,2400,0.0,0.0,16313,-584,90,discharging,None,None
17:32:05.003,parallel,8.3,361.0,148.9,74.9,1104.5,62.2,2400,0.0,0.0,16280,-575,90,discharging,None,None
17:32:05.507,parallel,8.3,361.0,150.5,32.2,1104.5,60.6,2400,0.0,0.0,16309,-589,90,discharging,None,None
17:32:06.016,parallel,8.3,361.0,150.5,49.5,1104.9,62.8,2400,0.0,0.0,16311,-529,90,discharging,None,None
17:32:06.519,parallel,8.3,363.5,150.5,26.0,1104.7,60.0,2400,0.0,0.0,16312,-541,90,discharging,None,None
17:32:07.027,parallel,8.3,363.5,154.8,51.5,1104.5,62.8,2400,0.0,0.0,16295,-538,90,discharging,None,None
17:32:07.531,parallel,8.3,363.4,154.8,55.4,1104.5,59.5,2400,0.0,0.0,16275,-592,90,discharging,None,None
17:32:08.039,parallel,8.3,363.4,154.8,11.0,1104.2,61.1,2400,0.0,0.0,16323,-534,90,discharging,None,None
17:32:08.542,parallel,8.3,427.5,207.6,98.5,1104.6,64.5,2400,0.0,0.0,16277,-565,90,discharging,None,None
17:32:09.046,parallel,8.3,427.5,207.6,1.0,1104.5,58.4,1500,0.0,0.0,16319,-592,90,discharging,None,None
17:32:09.559,parallel,8.3,427.5,207.6,45.3,1104.8,61.7,2400,0.0,0.0,16331,-431,90,discharging,None,None
17:32:10.064,parallel,8.3,427.5,536.0,100.0,1106.1,64.5,2400,0.0,0.0,16274,-585,90,discharging,None,None
17:32:10.568,parallel,8.3,751.9,536.0,5.0,1105.4,59.0,2400,0.0,0.0,16312,-628,90,discharging,None,None
17:32:11.075,parallel,8.3,751.9,536.0,39.4,1105.2,62.8,2400,0.0,0.0,16325,-474,90,discharging,None,None
17:32:11.579,parallel,8.3,595.8,417.0,96.0,1104.2,61.7,2400,0.0,0.0,16271,-609,90,discharging,None,None
17:32:12.082,parallel,8.3,595.8,417.0,0.5,1103.5,59.5,2400,0.0,0.0,16315,-614,90,discharging,None,None
17:32:12.591,parallel,8.3,595.8,417.0,62.5,1103.9,64.5,2400,0.0,0.0,16304,-501,90,discharging,None,None
17:32:13.094,parallel,8.3,367.7,152.3,45.5,1104.7,59.5,2400,0.0,0.0,16277,-595,90,discharging,None,None
17:32:13.603,parallel,8.3,367.7,152.3,31.3,1104.9,62.8,2400,0.0,0.0,16322,-534,90,discharging,None,None
17:32:14.108,parallel,8.3,362.9,152.3,44.8,1104.0,60.0,2400,0.0,0.0,16287,-537,90,discharging,None,None
17:32:14.613,parallel,8.3,362.9,151.3,31.8,1104.0,60.0,1500,0.0,0.0,16314,-581,90,discharging,None,None
17:32:15.117,parallel,8.3,379.2,151.3,76.1,1102.8,60.0,2400,0.0,0.0,16278,-572,90,discharging,None,None
17:32:15.620,parallel,8.3,379.2,151.4,32.8,1103.3,61.7,2400,0.0,0.0,16321,-532,90,discharging,None,None
17:32:16.128,parallel,8.3,379.2,151.4,68.1,1103.3,63.9,2400,0.0,0.0,16292,-533,90,discharging,None,None
17:32:16.632,parallel,8.3,362.4,151.4,6.0,1103.0,59.0,2400,0.0,0.0,16312,-580,90,discharging,None,None
17:32:17.140,parallel,8.3,362.4,152.8,67.3,1103.0,64.5,2400,0.0,0.0,16303,-529,90,discharging,None,None
17:32:17.643,parallel,8.3,378.8,152.8,39.3,1102.5,59.5,2400,0.0,0.0,16283,-594,90,discharging,None,None
17:32:18.162,parallel,8.3,378.8,152.8,4.0,1101.9,59.5,2400,0.0,0.0,16324,-525,90,discharging,None,None
17:32:18.671,parallel,8.3,378.8,152.8,100.0,1101.9,63.9,2400,0.0,0.0,16283,-529,90,discharging,None,None
17:32:19.174,parallel,8.3,711.4,525.3,36.6,1101.9,60.0,2400,0.0,0.0,16281,-656,90,discharging,None,None
17:32:19.684,parallel,8.3,711.4,525.3,8.0,1102.4,60.6,2400,0.0,0.0,16322,-524,90,discharging,None,None
17:32:20.191,parallel,8.3,711.4,525.3,100.0,1103.1,63.4,2400,0.0,0.0,16284,-520,90,discharging,None,None
17:32:20.695,parallel,8.3,639.6,447.1,30.0,1103.3,59.5,2400,0.0,0.0,16290,-634,90,discharging,None,None
17:32:21.203,parallel,8.3,639.6,447.1,23.9,1102.9,61.7,2400,0.0,0.0,16323,-511,90,discharging,None,None
17:32:21.708,parallel,8.3,363.3,149.0,82.3,1103.5,62.2,2400,0.0,0.0,16273,-537,90,discharging,None,None
17:32:22.211,parallel,8.3,363.3,149.0,0.0,1102.6,58.4,2400,0.0,0.0,16310,-593,90,discharging,None,None
17:32:22.715,parallel,8.3,363.4,149.0,74.8,1102.6,60.6,2400,0.0,0.0,16281,-562,90,discharging,None,None
17:32:23.218,parallel,8.3,363.4,149.3,32.8,1102.2,59.5,2400,0.0,0.0,16302,-591,90,discharging,None,None
17:32:23.727,parallel,8.3,363.4,149.3,62.7,1102.2,64.5,2400,0.0,0.0,16317,-530,90,discharging,None,None
17:32:24.236,parallel,8.3,361.9,149.3,15.7,1101.7,59.0,2400,0.0,0.0,16311,-539,90,discharging,None,None
17:32:24.743,parallel,8.3,361.9,151.6,65.2,1101.7,63.4,2400,0.0,0.0,16295,-548,90,discharging,None,None
17:32:25.246,parallel,8.3,376.7,151.6,43.8,1101.5,59.5,2400,0.0,0.0,16282,-584,90,discharging,None,None
17:32:25.751,parallel,8.3,376.7,151.4,32.8,1101.5,61.7,2400,0.0,0.0,16321,-528,90,discharging,None,None
17:32:26.254,parallel,8.3,364.3,151.4,74.3,1101.5,60.0,2400,0.0,0.0,16271,-568,90,discharging,None,None
17:32:26.758,parallel,8.3,364.3,151.4,0.0,1103.0,59.0,2400,0.0,0.0,16316,-593,90,discharging,None,None
17:32:27.271,parallel,8.3,364.3,151.4,69.7,1103.5,62.8,2400,0.0,0.0,16315,-470,90,discharging,None,None
17:32:27.774,parallel,8.3,698.7,507.8,70.8,1103.5,60.6,2400,0.0,0.0,16269,-631,90,discharging,None,None
17:32:28.278,parallel,8.3,698.7,507.8,0.0,1103.5,59.0,2400,0.0,0.0,16316,-603,90,discharging,None,None
17:32:28.791,parallel,8.3,698.7,507.8,74.1,1103.5,63.4,2400,0.0,0.0,16311,-473,90,discharging,None,None
17:32:29.294,parallel,8.3,603.4,397.1,53.2,1103.3,60.0,2400,0.0,0.0,16268,-629,90,discharging,None,None
17:32:29.798,parallel,8.3,603.4,397.1,2.0,1103.3,59.0,2400,0.0,0.0,16318,-577,90,discharging,None,None
17:32:30.307,parallel,10.5,407.2,397.1,95.0,1103.1,63.4,2400,0.0,0.0,16291,-486,90,discharging,None,None
17:32:30.811,parallel,10.5,407.2,169.7,25.7,1102.8,59.5,2400,0.0,0.0,16281,-602,90,discharging,None,None
17:32:31.319,parallel,10.5,407.2,169.7,58.9,1102.6,63.4,2400,0.0,0.0,16318,-543,90,discharging,None,None
17:32:31.823,parallel,8.4,393.2,162.9,59.1,1102.7,62.2,2400,0.0,0.0,16280,-552,90,discharging,None,None
17:32:32.331,parallel,8.4,393.2,162.9,23.0,1102.7,62.2,2400,0.0,0.0,16310,-590,90,discharging,None,None
17:32:32.835,parallel,8.3,397.8,162.9,60.4,1102.3,60.6,2400,0.0,0.0,16275,-601,90,discharging,None,None
17:32:33.338,parallel,8.3,397.8,159.7,35.8,1102.3,60.0,2400,0.0,0.0,16315,-595,90,discharging,None,None
17:32:33.842,parallel,8.3,395.3,159.7,81.6,1102.0,61.7,2400,0.0,0.0,16299,-539,90,discharging,None,None
17:32:34.351,parallel,8.3,395.3,159.7,4.0,1102.0,60.0,2400,0.0,0.0,16308,-568,90,discharging,None,None
17:32:34.856,parallel,8.3,395.3,170.4,82.8,1102.0,65.5,2400,0.0,0.0,16280,-548,90,discharging,None,None
17:32:35.360,parallel,8.3,395.4,170.4,34.3,1101.9,60.0,2400,0.0,0.0,16266,-614,90,discharging,None,None
17:32:35.868,parallel,8.3,395.4,170.4,33.2,1101.9,62.8,2400,0.0,0.0,16317,-552,90,discharging,None,None
17:32:36.372,parallel,8.4,496.2,269.8,89.6,1101.9,62.2,2400,0.0,0.0,16278,-548,90,discharging,None,None
17:32:36.875,parallel,8.4,496.2,269.8,2.0,1101.9,59.0,2400,0.0,0.0,16305,-621,90,discharging,None,None
17:32:37.963,parallel,8.2,864.0,790.8,55.7,1101.9,63.4,2400,0.0,0.0,16320,-579,90,discharging,None,None
17:32:38.466,parallel,8.2,864.0,790.8,56.0,1101.6,59.0,2400,0.0,0.0,16284,-684,90,discharging,None,None
17:32:38.975,parallel,8.2,864.0,790.8,41.2,1101.6,62.8,2400,0.0,0.0,16318,-473,90,discharging,None,None
17:32:39.478,parallel,6.0,414.5,186.3,79.4,1101.6,61.1,2400,0.0,0.0,16271,-615,90,discharging,None,None
17:32:39.983,parallel,6.0,414.5,186.3,1.5,1101.6,59.0,2400,0.0,0.0,16318,-578,90,discharging,None,None
17:32:40.487,parallel,8.3,414.8,186.3,85.0,1101.6,61.1,2400,0.0,0.0,16274,-542,90,discharging,None,None
17:32:40.990,parallel,8.3,414.8,170.1,36.8,1101.6,60.0,2400,0.0,0.0,16294,-605,90,discharging,None,None
17:32:41.499,parallel,8.3,414.8,170.1,57.8,1101.6,62.8,2400,0.0,0.0,16297,-540,90,discharging,None,None
17:32:42.003,parallel,8.3,403.0,170.1,40.4,1101.7,63.4,2400,0.0,0.0,16307,-555,90,discharging,None,None
17:32:42.508,parallel,8.3,403.0,171.0,42.3,1101.9,62.8,2400,0.0,0.0,16310,-547,90,discharging,None,None
17:32:43.012,parallel,8.3,390.2,171.0,61.2,1102.8,60.0,2400,0.0,0.0,16268,-612,90,discharging,None,None
17:32:43.515,parallel,8.3,390.2,158.8,36.3,1102.8,61.1,2400,0.0,0.0,16316,-588,90,discharging,None,None
17:32:44.019,parallel,8.3,399.2,158.8,82.5,1102.6,64.5,2400,0.0,0.0,16272,-581,90,discharging,None,None
17:32:44.522,parallel,8.3,399.2,158.8,1.5,1102.6,59.5,2400,0.0,0.0,16309,-572,90,discharging,None,None
17:32:45.031,parallel,8.3,399.2,208.4,73.6,1102.6,63.9,2400,0.0,0.0,16280,-524,90,discharging,None,None
17:32:45.534,parallel,8.3,448.4,208.4,46.5,1101.9,60.6,2400,0.0,0.0,16283,-616,90,discharging,None,None
17:32:46.038,parallel,8.3,448.4,208.4,2.0,1101.6,59.0,2400,0.0,0.0,16318,-528,90,discharging,None,None
17:32:46.551,parallel,8.3,448.4,208.4,98.5,1101.6,63.9,2400,0.0,0.0,16278,-536,90,discharging,None,None
17:32:47.054,parallel,8.3,763.4,544.4,54.7,1101.6,60.6,2400,0.0,0.0,16267,-673,90,discharging,None,None
17:32:47.558,parallel,8.4,763.4,544.4,1.5,1101.6,59.5,2400,0.0,0.0,16315,-544,90,discharging,None,None
17:32:48.072,parallel,8.4,763.4,544.4,90.6,1106.5,63.9,2400,0.0,0.0,16278,-522,90,discharging,None,None
17:32:48.575,parallel,8.4,671.2,409.3,46.3,1106.1,60.6,2400,0.0,0.0,16279,-643,90,discharging,None,None
17:32:49.079,parallel,8.3,671.2,409.3,2.0,1111.5,59.0,2400,0.0,0.0,16317,-527,90,discharging,None,None
17:32:49.590,parallel,8.3,487.5,409.3,100.0,1112.2,63.9,2400,0.0,0.0,16274,-542,90,discharging,None,None
17:32:50.094,parallel,8.3,487.5,263.9,33.7,1111.3,60.0,2400,0.0,0.0,16306,-633,90,discharging,None,None
17:32:50.603,parallel,8.3,487.5,263.9,46.8,1111.3,63.9,2400,0.0,0.0,16322,-509,90,discharging,None,None
17:32:51.108,parallel,7.9,415.5,164.0,74.5,1110.0,61.7,2400,0.0,0.0,16289,-567,90,discharging,None,None
17:32:51.616,parallel,7.9,415.5,164.0,8.0,1110.0,60.0,2400,0.0,0.0,16309,-590,90,discharging,None,None
17:32:52.119,parallel,7.9,399.3,164.0,76.1,1109.5,61.1,2400,0.0,0.0,16274,-579,90,discharging,None,None
17:32:52.623,parallel,8.2,399.3,158.9,36.0,1109.5,60.6,2400,0.0,0.0,16288,-610,90,discharging,None,None
17:32:53.131,parallel,8.2,399.3,158.9,68.7,1109.5,64.5,2400,0.0,0.0,16294,-538,90,discharging,None,None
17:32:53.636,parallel,8.4,403.2,158.9,19.7,1108.8,60.6,2400,0.0,0.0,16307,-553,90,discharging,None,None
17:32:54.140,parallel,8.4,403.2,167.9,63.1,1107.2,65.0,2400,0.0,0.0,16303,-545,90,discharging,None,None
17:32:54.644,parallel,8.4,403.4,167.9,52.7,1107.0,60.0,2400,0.0,0.0,16267,-612,90,discharging,None,None
17:32:55.151,parallel,8.3,403.4,159.2,34.5,1106.2,63.4,2400,0.0,0.0,16317,-556,90,discharging,None,None
17:32:55.655,parallel,8.3,395.5,159.2,82.6,1106.2,61.7,2400,0.0,0.0,16270,-572,90,discharging,None,None
17:32:56.158,parallel,8.3,395.5,159.2,3.0,1105.9,59.5,2400,0.0,0.0,16309,-607,90,discharging,None,None
17:32:56.672,parallel,8.3,395.5,159.2,65.0,1105.9,63.9,2400,0.0,0.0,16308,-494,90,discharging,None,None
17:32:57.176,parallel,8.3,645.9,467.5,75.7,1104.8,61.1,2400,0.0,0.0,16269,-636,90,discharging,None,None
17:32:57.680,parallel,8.3,645.9,467.5,2.0,1104.8,59.0,2400,0.0,0.0,16311,-600,90,discharging,None,None
17:32:58.188,parallel,8.3,645.9,467.5,70.1,1103.6,63.9,2400,0.0,0.0,16304,-479,90,discharging,None,None
17:32:58.691,parallel,8.2,737.5,495.3,80.6,1103.6,61.7,2400,0.0,0.0,16266,-640,90,discharging,None,None
17:32:59.195,parallel,8.2,737.5,495.3,2.5,1104.0,57.9,2400,0.0,0.0,16309,-606,90,discharging,None,None
17:32:59.703,parallel,8.4,737.5,495.3,64.5,1104.5,65.0,2400,0.0,0.0,16309,-477,90,discharging,None,None
17:33:00.206,parallel,8.4,524.5,292.0,63.7,1103.8,61.1,2400,0.0,0.0,16268,-630,90,discharging,None,None
17:33:00.716,parallel,8.4,524.5,292.0,4.5,1104.1,59.0,1600,0.0,0.0,16313,-581,90,discharging,None,None
17:33:01.224,parallel,8.3,424.2,292.0,86.8,1104.0,61.7,2400,0.0,0.0,16275,-496,90,discharging,None,None
17:33:01.728,parallel,8.3,424.2,199.0,37.3,1104.0,58.4,2400,0.0,0.0,16273,-603,90,discharging,None,None
17:33:02.236,parallel,8.4,424.2,199.0,36.5,1103.2,62.2,2400,0.0,0.0,16314,-520,90,discharging,None,None
17:33:02.740,parallel,8.4,580.6,199.0,84.2,1103.2,64.5,2400,0.0,0.0,16267,-565,90,discharging,None,None
17:33:03.244,parallel,7.9,580.6,158.8,9.9,1102.8,59.5,2400,0.0,0.0,16307,-617,90,discharging,None,None
17:33:03.747,parallel,7.9,394.1,158.8,82.1,1102.8,63.9,2400,0.0,0.0,16284,-552,90,discharging,None,None
17:33:04.251,parallel,7.9,394.1,158.0,36.3,1102.3,61.1,2400,0.0,0.0,16304,-583,90,discharging,None,None
17:33:04.760,parallel,8.3,394.1,158.0,51.0,1102.5,64.5,2400,0.0,0.0,16309,-542,90,discharging,None,None
17:33:05.263,parallel,8.3,404.4,158.0,34.5,1101.8,60.0,2400,0.0,0.0,16274,-585,90,discharging,None,None
17:33:05.772,parallel,8.3,404.4,173.5,48.8,1102.3,61.7,2400,0.0,0.0,16278,-601,90,discharging,None,None
17:33:06.276,parallel,8.3,407.0,173.5,71.4,1102.1,61.7,2400,0.0,0.0,16272,-597,90,discharging,None,None
17:33:06.785,parallel,8.3,407.0,173.5,20.1,1102.1,62.2,2400,0.0,0.0,16309,-556,90,discharging,None,None
17:33:07.290,parallel,8.3,407.0,163.3,91.6,1101.6,65.5,2400,0.0,0.0,16291,-538,90,discharging,None,None
17:33:07.794,parallel,8.3,395.4,163.3,9.4,1101.6,60.0,2400,0.0,0.0,16303,-612,90,discharging,None,None
17:33:08.307,parallel,8.4,395.4,163.3,49.3,1101.4,63.4,2400,0.0,0.0,16316,-506,90,discharging,None,None
17:33:08.810,parallel,8.4,637.7,455.6,91.6,1101.4,62.8,2400,0.0,0.0,16266,-586,90,discharging,None,None
17:33:09.314,parallel,8.3,637.7,455.6,3.0,1101.8,59.5,2400,0.0,0.0,16302,-652,90,discharging,None,None
17:33:09.827,parallel,8.3,637.7,455.6,53.7,1101.8,63.4,2400,0.0,0.0,16317,-485,90,discharging,None,None
17:33:10.330,parallel,8.3,765.0,516.1,99.0,1101.8,65.0,2400,0.0,0.0,16267,-587,90,discharging,None,None
17:33:10.834,parallel,8.3,765.0,516.1,4.0,1101.4,59.5,1900,0.0,0.0,16300,-664,90,discharging,None,None
17:33:11.343,parallel,8.3,765.0,516.1,44.2,1101.4,63.9,2400,0.0,0.0,16319,-481,90,discharging,None,None
17:33:11.847,parallel,8.2,563.4,337.9,89.3,1101.1,62.8,2400,0.0,0.0,16270,-552,90,discharging,None,None
17:33:12.350,parallel,8.2,563.4,337.9,2.5,1101.1,59.5,2400,0.0,0.0,16303,-628,90,discharging,None,None
17:33:12.859,parallel,8.3,563.4,337.9,74.0,1101.1,63.9,2400,0.0,0.0,16314,-511,90,discharging,None,None
17:33:13.363,parallel,8.3,395.7,160.0,43.6,1101.8,60.6,2400,0.0,0.0,16289,-600,90,discharging,None,None
17:33:13.870,parallel,8.3,395.7,160.0,38.8,1101.8,64.5,2400,0.0,0.0,16311,-573,90,discharging,None,None
17:33:14.375,parallel,8.3,576.7,160.0,69.2,1101.8,61.7,2400,0.0,0.0,16268,-573,90,discharging,None,None
17:33:14.879,parallel,8.3,576.7,175.0,31.5,1101.6,60.0,2400,0.0,0.0,16268,-640,90,discharging,None,None
17:33:15.387,parallel,7.6,576.7,175.0,65.2,1101.6,65.0,2400,0.0,0.0,16313,-571,90,discharging,None,None
17:33:15.891,parallel,7.6,409.6,158.7,54.4,1101.4,63.9,2400,0.0,0.0,16274,-556,90,discharging,None,None
17:33:16.399,parallel,7.6,409.6,158.7,27.0,1101.4,63.4,2400,0.0,0.0,16308,-539,90,discharging,None,None
17:33:16.902,parallel,8.3,400.3,158.7,58.1,1101.4,60.6,2400,0.0,0.0,16272,-557,90,discharging,None,None
17:33:17.406,parallel,8.3,400.3,157.7,36.1,1101.4,60.0,2400,0.0,0.0,16308,-573,90,discharging,None,None
17:33:17.910,parallel,8.3,406.5,157.7,83.5,1101.4,63.9,2400,0.0,0.0,16294,-536,90,discharging,None,None
17:33:18.413,parallel,8.3,406.5,157.7,2.5,1101.8,59.5,2400,0.0,0.0,16303,-595,90,discharging,None,None
17:33:18.928,parallel,8.4,406.5,169.8,84.7,1101.8,64.5,2400,0.0,0.0,16288,-560,90,discharging,None,None
17:33:19.432,parallel,8.4,403.4,169.8,35.6,1102.9,60.0,2400,0.0,0.0,16300,-616,90,discharging,None,None
17:33:19.943,parallel,8.4,403.4,169.8,29.6,1103.0,62.8,2400,0.0,0.0,16314,-511,90,discharging,None,None
17:33:20.446,parallel,8.3,557.6,360.1,99.5,1102.8,64.5,2400,0.0,0.0,16261,-621,90,discharging,None,None
17:33:20.950,parallel,8.3,557.6,360.1,4.5,1102.5,59.0,2400,0.0,0.0,16308,-604,90,discharging,None,None
17:33:21.464,parallel,8.3,557.6,360.1,44.6,1103.0,63.4,2400,0.0,0.0,16307,-468,90,discharging,None,None
17:33:21.970,parallel,8.3,557.6,484.4,100.0,1103.0,64.5,2400,0.0,0.0,16263,-627,90,discharging,None,None
17:33:22.473,parallel,8.3,748.6,484.4,9.4,1102.5,60.0,2400,0.0,0.0,16305,-612,90,discharging,None,None
17:33:22.980,parallel,8.4,748.6,484.4,39.4,1102.5,63.4,2400,0.0,0.0,16310,-479,90,discharging,None,None
17:33:23.484,parallel,8.4,624.7,406.5,97.5,1102.5,64.5,2400,0.0,0.0,16258,-629,90,discharging,None,None
17:33:23.987,parallel,8.3,624.7,406.5,2.5,1102.0,60.6,2400,0.0,0.0,16307,-600,90,discharging,None,None
17:33:24.495,parallel,8.3,624.7,406.5,55.9,1102.0,63.4,2400,0.0,0.0,16285,-497,90,discharging,None,None
17:33:24.999,parallel,8.3,391.8,165.9,61.3,1101.6,61.7,2400,0.0,0.0,16260,-611,90,discharging,None,None
17:33:25.506,parallel,8.3,391.8,165.9,20.9,1101.6,62.8,2400,0.0,0.0,16310,-543,90,discharging,None,None
17:33:26.010,parallel,8.3,399.3,165.9,63.5,1105.2,60.6,2400,0.0,0.0,16263,-553,90,discharging,None,None
17:33:26.514,parallel,8.3,399.3,336.6,47.5,1106.1,61.1,2400,0.0,0.0,16292,-626,90,discharging,None,None
17:33:27.018,parallel,8.3,396.7,336.6,81.6,1106.7,64.5,2400,0.0,0.0,16266,-619,90,discharging,None,None
17:33:27.521,parallel,8.0,396.7,336.6,4.5,1106.7,59.5,2400,0.0,0.0,16303,-570,90,discharging,None,None
17:33:28.028,parallel,8.0,396.7,164.3,78.2,1106.7,64.5,2400,0.0,0.0,16291,-556,90,discharging,None,None
17:33:28.531,parallel,8.0,398.0,164.3,39.2,1109.4,60.0,2400,0.0,0.0,16295,-629,90,discharging,None,None
17:33:29.049,parallel,8.3,398.0,164.3,25.5,1108.1,61.7,2400,0.0,0.0,16313,-523,90,discharging,None,None
17:33:29.553,parallel,8.3,540.2,349.4,100.0,1108.1,65.5,2400,0.0,0.0,16264,-597,90,discharging,None,None
17:33:30.057,parallel,8.3,540.2,349.4,5.0,1107.9,60.0,2400,0.0,0.0,16303,-623,90,discharging,None,None
17:33:30.567,parallel,8.3,540.2,349.4,44.3,1108.4,64.5,2400,0.0,0.0,16313,-482,90,discharging,None,None
17:33:31.072,parallel,8.3,540.2,492.4,100.0,1108.4,65.0,2400,0.0,0.0,16263,-622,90,discharging,None,None
17:33:31.575,parallel,8.3,739.5,492.4,8.8,1107.0,60.0,2400,0.0,0.0,16300,-629,90,discharging,None,None
17:33:32.092,parallel,8.3,739.5,492.4,40.4,1105.9,61.7,2400,0.0,0.0,16312,-481,90,discharging,None,None
17:33:32.596,parallel,8.3,583.2,368.8,92.2,1105.9,63.4,2400,0.0,0.0,16260,-615,90,discharging,None,None
17:33:33.099,parallel,8.3,583.2,368.8,2.5,1105.5,59.5,2400,0.0,0.0,16303,-611,90,discharging,None,None
17:33:33.607,parallel,8.4,583.2,368.8,66.5,1105.5,65.0,2400,0.0,0.0,16286,-505,90,discharging,None,None
17:33:34.110,parallel,8.4,399.4,169.2,53.2,1104.2,60.0,2400,0.0,0.0,16260,-612,90,discharging,None,None
17:33:34.619,parallel,8.3,399.4,169.2,28.5,1104.2,63.4,2400,0.0,0.0,16310,-543,90,discharging,None,None
17:33:35.127,parallel,8.3,399.4,169.2,57.8,1103.5,60.6,2400,0.0,0.0,16261,-553,90,discharging,None,None
17:33:35.631,parallel,8.3,399.4,163.7,33.3,1103.5,60.0,2400,0.0,0.0,16299,-607,90,discharging,None,None
17:33:36.135,parallel,8.4,403.5,163.7,82.8,1103.2,62.8,2400,0.0,0.0,16268,-585,90,discharging,None,None
17:33:36.643,parallel,8.4,403.5,163.7,34.8,1103.2,62.2,2400,0.0,0.0,16305,-555,90,discharging,None,None
17:33:37.147,parallel,8.3,403.5,186.6,60.3,1103.0,63.9,2400,0.0,0.0,16300,-521,90,discharging,None,None
17:33:37.651,parallel,8.3,395.9,186.6,33.5,1103.5,60.0,2400,0.0,0.0,16293,-595,90,discharging,None,None
17:33:38.163,parallel,8.3,395.9,160.0,52.2,1102.5,62.8,2400,0.0,0.0,16302,-563,90,discharging,None,None
17:33:38.667,parallel,8.3,578.7,160.0,98.0,1102.5,63.9,2400,0.0,0.0,16267,-609,90,discharging,None,None
17:33:39.170,parallel,8.3,578.7,160.0,2.0,1102.3,60.0,2400,0.0,0.0,16300,-600,90,discharging,None,None
17:33:39.679,parallel,8.3,578.7,175.4,80.6,1102.5,65.0,2400,0.0,0.0,16272,-534,90,discharging,None,None
17:33:40.183,parallel,6.7,407.6,175.4,39.8,1102.1,60.6,2400,0.0,0.0,16269,-616,90,discharging,None,None
17:33:40.696,parallel,6.7,407.6,175.4,21.1,1102.1,62.2,2400,0.0,0.0,16308,-533,90,discharging,None,None
17:33:41.201,parallel,8.2,407.6,431.7,100.0,1102.3,65.0,2400,0.0,0.0,16268,-556,90,discharging,None,None
17:33:41.704,parallel,8.2,627.4,431.7,22.9,1102.1,59.5,2400,0.0,0.0,16292,-655,90,discharging,None,None
17:33:42.212,parallel,8.4,627.4,431.7,25.2,1101.8,61.7,2400,0.0,0.0,16310,-505,90,discharging,None,None
17:33:42.723,parallel,8.4,627.4,431.7,100.0,1101.8,65.0,2400,0.0,0.0,16267,-560,90,discharging,None,None
17:33:43.226,parallel,8.4,788.9,530.9,36.0,1102.1,60.6,2400,0.0,0.0,16269,-682,90,discharging,None,None
17:33:43.736,parallel,8.4,788.9,530.9,11.1,1102.1,61.1,2400,0.0,0.0,16310,-530,90,discharging,None,None
17:33:44.251,parallel,8.4,788.9,530.9,100.0,1102.1,63.9,2400,0.0,0.0,16266,-537,90,discharging,None,None
17:33:44.755,parallel,8.3,590.8,371.2,22.5,1101.8,60.6,2400,0.0,0.0,16288,-636,90,discharging,None,None
17:33:45.263,parallel,8.3,590.8,371.2,37.7,1101.8,63.4,2400,0.0,0.0,16310,-506,90,discharging,None,None
17:33:45.766,parallel,8.3,395.4,161.0,78.8,1101.4,62.2,2400,0.0,0.0,16259,-561,90,discharging,None,None
17:33:46.272,parallel,8.3,395.4,161.0,2.0,1101.4,59.5,2400,0.0,0.0,16296,-612,90,discharging,None,None
17:33:46.776,parallel,8.3,398.1,161.0,82.8,1101.4,61.1,2400,0.0,0.0,16271,-565,90,discharging,None,None
17:33:47.279,parallel,8.3,398.1,173.5,38.0,1101.4,60.6,2400,0.0,0.0,16285,-605,90,discharging,None,None
17:33:47.787,parallel,8.3,398.1,173.5,63.3,1101.4,64.5,2400,0.0,0.0,16309,-535,90,discharging,None,None
17:33:48.291,parallel,8.4,396.7,173.5,24.8,1102.1,61.7,2400,0.0,0.0,16289,-556,90,discharging,None,None
17:33:48.795,parallel,8.4,396.7,163.6,57.2,1102.1,63.4,2400,0.0,0.0,16281,-576,90,discharging,None,None
17:33:49.299,parallel,8.4,394.9,163.6,56.4,1102.1,60.0,2400,0.0,0.0,16261,-613,90,discharging,None,None
17:33:49.806,parallel,8.3,394.9,159.3,35.0,1102.6,63.4,2400,0.0,0.0,16306,-555,90,discharging,None,None
17:33:50.310,parallel,8.3,395.4,159.3,83.2,1102.3,62.2,2400,0.0,0.0,16269,-550,90,discharging,None,None
17:33:50.814,parallel,8.3,395.4,159.3,10.4,1102.1,59.0,2400,0.0,0.0,16297,-619,90,discharging,None,None
17:33:51.326,parallel,8.3,395.4,159.3,65.8,1102.1,63.9,2400,0.0,0.0,16309,-516,90,discharging,None,None
17:33:51.830,parallel,7.9,710.9,588.0,91.1,1101.6,62.8,2400,0.0,0.0,16263,-615,90,discharging,None,None
17:33:52.333,parallel,7.9,710.9,588.0,4.0,1122.2,59.5,2400,0.0,0.0,16296,-643,90,discharging,None,None
17:33:52.847,parallel,7.9,710.9,588.0,55.6,1123.9,63.9,2400,0.0,0.0,16311,-489,90,discharging,None,None
17:33:53.350,parallel,8.2,746.9,531.3,98.5,1123.9,65.0,2400,0.0,0.0,16262,-595,90,discharging,None,None
17:33:53.854,parallel,8.2,746.9,531.3,2.0,1123.9,60.0,2400,0.0,0.0,16296,-660,90,discharging,None,None
17:33:54.362,parallel,8.3,746.9,531.3,49.8,1123.9,64.5,2400,0.0,0.0,16311,-489,90,discharging,None,None
17:33:54.865,parallel,8.3,392.8,176.6,68.5,1117.4,61.1,2400,0.0,0.0,16259,-586,90,discharging,None,None
17:33:55.372,parallel,8.3,392.8,176.6,14.4,1117.4,62.2,2400,0.0,0.0,16300,-610,90,discharging,None,None
17:33:55.875,parallel,8.3,396.7,176.6,69.0,1117.7,61.1,2400,0.0,0.0,16267,-551,90,discharging,None,None
17:33:56.379,parallel,8.3,396.7,161.7,35.7,1117.7,59.5,2400,0.0,0.0,16262,-612,90,discharging,None,None
17:33:56.887,parallel,8.3,396.7,161.7,75.5,1117.7,63.9,2400,0.0,0.0,16301,-538,90,discharging,None,None
17:33:57.392,parallel,8.3,402.5,161.7,37.3,1117.7,63.4,2400,0.0,0.0,16290,-542,90,discharging,None,None
17:33:57.896,parallel,8.3,402.5,163.1,45.8,1117.6,64.5,2400,0.0,0.0,16297,-558,90,discharging,None,None
17:33:58.399,parallel,8.3,399.1,163.1,45.5,1112.8,60.6,2400,0.0,0.0,16261,-612,90,discharging,None,None
17:33:58.904,parallel,8.3,399.1,167.4,37.6,1112.0,60.6,2400,0.0,0.0,16307,-564,90,discharging,None,None
17:33:59.407,parallel,8.3,393.8,167.4,82.0,1112.0,60.6,2400,0.0,0.0,16263,-554,90,discharging,None,None
17:33:59.911,parallel,8.3,393.8,167.4,1.5,1111.5,60.0,2400,0.0,0.0,16296,-603,90,discharging,None,None
17:34:00.416,parallel,8.2,393.8,255.8,86.1,1111.5,65.0,2400,0.0,0.0,16293,-526,90,discharging,None,None
17:34:00.920,parallel,8.2,487.8,255.8,39.3,1108.1,61.1,2400,0.0,0.0,16253,-625,90,discharging,None,None
17:34:01.430,parallel,8.5,487.8,255.8,8.9,1108.1,61.1,2400,0.0,0.0,16306,-566,90,discharging,None,None
17:34:01.939,parallel,8.5,487.8,411.3,100.0,1108.1,63.4,2400,0.0,0.0,16275,-496,90,discharging,None,None
17:34:02.442,parallel,8.5,680.3,411.3,31.0,1107.7,60.0,2400,0.0,0.0,16254,-629,90,discharging,None,None
17:34:02.952,parallel,8.3,680.3,411.3,25.0,1107.4,60.6,2400,0.0,0.0,16306,-545,90,discharging,None,None
17:34:03.463,parallel,8.3,680.3,411.3,100.0,1107.4,63.9,2400,0.0,0.0,16269,-520,90,discharging,None,None
17:34:03.966,parallel,7.9,703.4,430.4,26.7,1104.6,59.5,2400,0.0,0.0,16257,-654,90,discharging,None,None
17:34:04.475,parallel,7.9,703.4,430.4,20.6,1104.6,62.2,2400,0.0,0.0,16306,-546,90,discharging,None,None
17:34:04.979,parallel,7.9,547.5,430.4,100.0,1104.6,65.0,2400,0.0,0.0,16266,-520,90,discharging,None,None
17:34:05.483,parallel,8.3,547.5,335.0,13.4,1104.1,60.0,2400,0.0,0.0,16270,-636,90,discharging,None,None
17:34:05.991,parallel,8.3,547.5,335.0,53.0,1106.0,63.4,2400,0.0,0.0,16306,-523,90,discharging,None,None
17:34:06.494,parallel,8.3,395.3,171.9,64.5,1105.6,61.1,2400,0.0,0.0,16257,-552,90,discharging,None,None
17:34:07.000,parallel,8.3,395.3,171.9,18.3,1104.2,61.1,1900,0.0,0.0,16296,-612,90,discharging,None,None
17:34:07.504,parallel,8.4,403.2,171.9,68.3,1104.2,60.6,2400,0.0,0.0,16278,-556,90,discharging,None,None
17:34:08.007,parallel,8.4,403.2,163.1,36.9,1104.6,60.0,2400,0.0,0.0,16296,-586,90,discharging,None,None
17:34:08.515,parallel,8.4,395.9,163.1,77.6,1104.6,63.9,2400,0.0,0.0,16304,-542,90,discharging,None,None
17:34:09.027,parallel,8.3,395.9,163.1,20.4,1104.4,61.7,2400,0.0,0.0,16279,-572,90,discharging,None,None
17:34:09.531,parallel,8.3,395.9,161.0,63.7,1104.4,64.5,2400,0.0,0.0,16268,-585,90,discharging,None,None
17:34:10.034,parallel,8.3,398.9,161.0,41.6,1103.1,60.0,2400,0.0,0.0,16258,-611,90,discharging,None,None
17:34:10.543,parallel,8.3,398.9,174.3,41.3,1103.1,61.7,2400,0.0,0.0,16304,-556,90,discharging,None,None
17:34:11.046,parallel,8.3,399.6,174.3,78.3,1102.7,61.1,2400,0.0,0.0,16274,-543,90,discharging,None,None
17:34:11.550,parallel,8.3,399.6,174.3,3.0,1102.7,59.5,2400,0.0,0.0,16294,-616,90,discharging,None,None
17:34:12.063,parallel,8.3,399.6,174.3,72.9,1102.7,64.5,1900,0.0,0.0,16307,-496,90,discharging,None,None
17:34:12.566,parallel,8.3,653.1,449.9,66.5,1102.3,61.1,2400,0.0,0.0,16269,-580,90,discharging,None,None
17:34:13.070,parallel,8.3,653.1,449.9,2.5,1101.8,59.5,2400,0.0,0.0,16294,-621,90,discharging,None,None
17:34:13.583,parallel,8.2,653.1,449.9,79.9,1101.8,63.9,2400,0.0,0.0,16308,-516,90,discharging,None,None
17:34:14.086,parallel,8.2,662.6,415.6,53.7,1102.2,61.7,2400,0.0,0.0,16268,-636,90,discharging,None,None
17:34:14.590,parallel,8.2,662.6,415.6,2.5,1102.5,59.0,2400,0.0,0.0,16307,-527,90,discharging,None,None
17:34:15.127,parallel,8.4,662.6,415.6,90.7,1102.5,63.4,2400,0.0,0.0,16269,-526,90,discharging,None,None
17:34:15.631,parallel,8.4,751.5,361.6,75.6,1102.5,61.7,2400,0.0,0.0,16258,-691,90,discharging,None,None
17:34:16.134,parallel,8.4,751.5,361.6,2.0,1101.8,59.5,2400,0.0,0.0,16304,-572,90,discharging,None,None
17:34:16.638,parallel,6.7,395.4,361.6,81.6,1101.8,62.8,2400,0.0,0.0,16265,-527,90,discharging,None,None
17:34:17.141,parallel,6.7,395.4,162.4,37.1,1101.5,60.0,1900,0.0,0.0,16272,-611,90,discharging,None,None
17:34:17.648,parallel,8.3,395.4,162.4,53.2,1101.5,63.9,2400,0.0,0.0,16306,-516,90,discharging,None,None
17:34:18.152,parallel,8.3,403.4,162.4,52.0,1101.8,62.8,2400,0.0,0.0,16289,-535,90,discharging,None,None
17:34:18.659,parallel,8.4,403.4,171.3,30.3,1101.8,62.2,2400,0.0,0.0,16299,-570,90,discharging,None,None
17:34:19.163,parallel,8.4,407.4,171.3,69.7,1101.4,60.6,2400,0.0,0.0,16258,-615,90,discharging,None,None
17:34:19.667,parallel,8.4,407.4,166.8,37.8,1101.8,61.1,2400,0.0,0.0,16303,-596,90,discharging,None,None
17:34:20.175,parallel,8.3,407.4,166.8,73.9,1101.8,66.1,2400,0.0,0.0,16269,-555,90,discharging,None,None
17:34:20.679,parallel,8.3,394.8,166.8,9.9,1101.8,61.1,2400,0.0,0.0,16294,-575,90,discharging,None,None
17:34:21.187,parallel,8.3,394.8,163.9,73.1,1101.6,63.9,2400,0.0,0.0,16268,-544,90,discharging,None,None
17:34:21.690,parallel,8.3,395.8,163.9,45.3,1101.6,60.0,2400,0.0,0.0,16266,-613,90,discharging,None,None
17:34:22.199,parallel,8.3,395.8,163.9,9.5,1101.1,61.1,2400,0.0,0.0,16304,-538,90,discharging,None,None
17:34:22.703,parallel,8.3,395.8,387.0,100.0,1101.1,64.5,2400,0.0,0.0,16265,-529,90,discharging,None,None
17:34:23.206,parallel,8.3,615.2,387.0,25.9,1101.1,60.0,2400,0.0,0.0,16290,-626,90,discharging,None,None
17:34:23.715,parallel,8.4,615.2,387.0,21.8,1101.1,61.7,2400,0.0,0.0,16307,-504,90,discharging,None,None
17:34:24.220,parallel,8.4,615.2,395.0,100.0,1101.1,64.5,2400,0.0,0.0,16263,-557,90,discharging,None,None
17:34:24.731,parallel,8.3,732.7,395.0,28.3,1101.1,60.0,2400,0.0,0.0,16288,-659,90,discharging,None,None
17:34:25.239,parallel,8.3,732.7,395.0,19.5,1100.6,62.2,2400,0.0,0.0,16306,-508,90,discharging,None,None
17:34:25.747,parallel,8.3,732.7,395.0,100.0,1100.6,65.0,2400,0.0,0.0,16264,-555,90,discharging,None,None
17:34:26.250,parallel,8.3,734.1,468.0,31.5,1100.6,60.6,2400,0.0,0.0,16275,-664,90,discharging,None,None
17:34:26.764,parallel,8.3,734.1,468.0,18.2,1100.6,62.2,2400,0.0,0.0,16305,-516,89,discharging,None,None
17:34:27.268,parallel,8.3,579.1,468.0,85.9,1100.6,61.7,2400,0.0,0.0,16260,-552,89,discharging,None,None
17:34:27.772,parallel,8.3,579.1,179.8,37.3,1101.1,59.5,2400,0.0,0.0,16270,-643,89,discharging,None,None
17:34:28.280,parallel,8.3,579.1,179.8,43.3,1101.1,64.5,2400,0.0,0.0,16306,-505,89,discharging,None,None
17:34:28.784,parallel,7.6,412.9,179.8,70.6,1101.1,63.9,2400,0.0,0.0,16257,-556,89,discharging,None,None
17:34:29.295,parallel,7.6,412.9,175.0,13.9,1101.5,60.0,2400,0.0,0.0,16297,-608,89,discharging,None,None
17:34:29.798,parallel,8.4,395.4,175.0,77.0,1101.1,60.6,2400,0.0,0.0,16263,-590,89,discharging,None,None
17:34:30.302,parallel,8.4,395.4,159.9,36.3,1101.1,61.1,2400,0.0,0.0,16298,-586,89,discharging,None,None
17:34:30.810,parallel,8.3,395.4,159.9,67.7,1101.1,65.0,2400,0.0,0.0,16293,-535,89,discharging,None,None
17:34:31.314,parallel,8.3,395.4,159.9,16.7,1101.1,60.0,2400,0.0,0.0,16290,-579,89,discharging,None,None
17:34:31.823,parallel,8.3,395.4,158.7,65.7,1101.3,63.4,2400,0.0,0.0,16268,-566,89,discharging,None,None
17:34:32.326,parallel,8.4,399.1,158.7,51.7,1101.0,60.6,2400,0.0,0.0,16251,-612,89,discharging,None,None
17:34:32.835,parallel,8.4,399.1,158.7,21.4,1101.0,60.6,1600,0.0,0.0,16302,-552,89,discharging,None,None
17:34:33.338,parallel,8.3,466.1,259.5,99.5,1101.0,65.0,2400,0.0,0.0,16268,-518,89,discharging,None,None
17:34:33.842,parallel,8.3,466.1,259.5,5.9,1100.8,60.6,2400,0.0,0.0,16290,-603,89,discharging,None,None
17:34:34.356,parallel,8.3,466.1,259.5,44.1,1100.8,63.9,2400,0.0,0.0,16305,-490,89,discharging,None,None
17:34:34.859,parallel,8.3,709.5,487.6,99.0,1100.8,65.0,2400,0.0,0.0,16255,-579,89,discharging,None,None
17:34:35.363,parallel,8.3,709.5,487.6,3.0,1100.6,60.0,2400,0.0,0.0,16290,-655,89,discharging,None,None
17:34:35.867,parallel,8.4,709.5,487.6,46.3,1100.6,63.9,2400,0.0,0.0,16304,-484,89,discharging,None,None
17:34:36.371,parallel,8.4,671.6,450.8,97.5,1100.6,63.9,2400,0.0,0.0,16258,-582,89,discharging,None,None
17:34:36.875,parallel,8.3,671.6,450.8,2.5,1102.4,59.5,2400,0.0,0.0,16292,-652,89,discharging,None,None
17:34:37.383,parallel,8.3,671.6,450.8,53.5,1102.4,64.5,2400,0.0,0.0,16305,-491,89,discharging,None,None
17:34:37.886,parallel,8.3,395.3,166.0,64.2,1102.4,60.6,2400,0.0,0.0,16259,-596,89,discharging,None,None
17:34:38.396,parallel,8.3,395.3,166.0,19.1,1102.4,62.2,2400,0.0,0.0,16298,-601,89,discharging,None,None
17:34:38.907,parallel,8.3,403.4,166.0,67.7,1102.2,61.1,2400,0.0,0.0,16262,-551,89,discharging,None,None
17:34:39.411,parallel,8.3,403.4,164.1,44.1,1102.2,60.0,2400,0.0,0.0,16257,-617,89,discharging,None,None
17:34:39.915,parallel,8.3,403.4,164.1,79.6,1102.2,65.0,2400,0.0,0.0,16289,-549,89,discharging,None,None
17:34:40.422,parallel,7.9,406.9,161.6,35.8,1102.2,62.8,2400,0.0,0.0,16290,-562,89,discharging,None,None
17:34:40.927,parallel,7.9,406.9,161.6,46.3,1102.2,65.0,2400,0.0,0.0,16301,-563,89,discharging,None,None
17:34:41.431,parallel,7.9,405.3,161.6,43.8,1102.0,60.6,2400,0.0,0.0,16254,-614,89,discharging,None,None
17:34:41.939,parallel,8.4,405.3,160.2,37.5,1102.1,60.6,2400,0.0,0.0,16301,-574,89,discharging,None,None
17:34:42.443,parallel,8.4,401.7,160.2,81.4,1102.1,61.7,2400,0.0,0.0,16258,-557,89,discharging,None,None
17:34:42.947,parallel,8.3,401.7,160.2,2.0,1101.9,60.0,2400,0.0,0.0,16290,-595,89,discharging,None,None
17:34:43.455,parallel,8.3,401.7,183.9,92.0,1101.9,64.5,2400,0.0,0.0,16279,-533,89,discharging,None,None
17:34:43.958,parallel,8.3,432.6,183.9,28.3,1101.5,60.0,2400,0.0,0.0,16253,-615,89,discharging,None,None
17:34:44.467,parallel,8.3,432.6,183.9,20.5,1101.5,61.7,2400,0.0,0.0,16302,-546,89,discharging,None,None
17:34:44.972,parallel,8.3,432.6,563.8,100.0,1101.9,64.5,2400,0.0,0.0,16268,-518,89,discharging,None,None
17:34:45.475,parallel,8.3,755.3,563.8,35.0,1101.9,60.0,2400,0.0,0.0,16250,-671,89,discharging,None,None
17:34:45.983,parallel,8.3,755.3,563.8,13.0,1101.9,62.2,2400,0.0,0.0,16302,-560,89,discharging,None,None
17:34:46.491,parallel,8.2,755.3,563.8,100.0,1101.9,65.0,2400,0.0,0.0,16264,-509,89,discharging,None,None
17:34:46.994,parallel,8.2,651.4,416.4,22.5,1101.9,60.6,2400,0.0,0.0,16260,-640,89,discharging,None,None
17:34:47.503,parallel,8.2,651.4,416.4,25.9,1102.2,62.8,2400,0.0,0.0,16300,-539,89,discharging,None,None
17:34:48.006,parallel,8.4,419.4,199.1,92.6,1101.6,62.8,2400,0.0,0.0,16261,-535,89,discharging,None,None
17:34:48.510,parallel,8.4,419.4,199.1,3.0,1101.6,60.0,2400,0.0,0.0,16290,-617,89,discharging,None,None
17:34:49.013,parallel,8.3,403.5,199.1,82.7,1101.9,63.9,2400,0.0,0.0,16296,-534,89,discharging,None,None
17:34:49.517,parallel,8.3,403.5,163.3,38.1,1102.1,61.1,2400,0.0,0.0,16285,-582,89,discharging,None,None
17:34:50.024,parallel,8.3,403.5,163.3,46.0,1101.9,63.9,2400,0.0,0.0,16295,-541,89,discharging,None,None
17:34:50.530,parallel,8.3,399.4,163.3,40.2,1102.1,60.6,2400,0.0,0.0,16292,-555,89,discharging,None,None
17:34:51.040,parallel,8.3,399.4,159.4,42.6,1101.5,61.1,2400,0.0,0.0,16293,-548,89,discharging,None,None
17:34:51.548,parallel,8.3,547.9,159.4,99.5,1101.5,65.0,2400,0.0,0.0,16256,-633,89,discharging,None,None
17:34:52.052,parallel,8.3,547.9,172.2,38.5,1101.3,63.4,2400,0.0,0.0,16296,-633,89,discharging,None,None
17:34:52.560,parallel,7.6,547.9,172.2,46.3,1101.3,65.0,2400,0.0,0.0,16285,-541,89,discharging,None,None
17:34:53.064,parallel,7.6,395.0,172.2,40.5,1101.3,60.6,1900,0.0,0.0,16290,-574,89,discharging,None,None
17:34:53.571,parallel,7.6,395.0,166.1,42.5,1101.3,61.1,2400,0.0,0.0,16271,-541,89,discharging,None,None
17:34:54.075,parallel,8.3,396.2,166.1,77.2,1101.0,60.6,2400,0.0,0.0,16248,-597,89,discharging,None,None
17:34:54.579,parallel,8.3,396.2,166.1,2.0,1101.0,59.5,2400,0.0,0.0,16299,-555,89,discharging,None,None
17:34:55.087,parallel,8.3,396.2,229.5,91.0,1100.8,64.5,2400,0.0,0.0,16266,-542,89,discharging,None,None
17:34:55.591,parallel,8.3,494.2,229.5,33.5,1100.8,58.4,2400,0.0,0.0,16289,-626,89,discharging,None,None
17:34:56.112,parallel,8.3,494.2,229.5,14.9,1100.5,61.7,2400,0.0,0.0,16302,-490,89,discharging,None,None
17:34:56.616,parallel,8.3,494.2,511.1,100.0,1100.5,64.5,2400,0.0,0.0,16254,-577,89,discharging,None,None
17:34:57.120,parallel,8.3,723.6,511.1,32.0,1100.5,60.6,2400,0.0,0.0,16289,-663,89,discharging,None,None
17:34:57.629,parallel,8.4,723.6,511.1,14.4,1100.5,61.7,2400,0.0,0.0,16303,-493,89,discharging,None,None
17:34:58.142,parallel,8.4,723.6,511.1,100.0,1100.5,65.5,2400,0.0,0.0,16255,-574,89,discharging,None,None
17:34:58.646,parallel,8.3,725.6,474.3,33.3,1100.5,61.1,2400,0.0,0.0,16289,-662,89,discharging,None,None
17:34:59.153,parallel,8.3,725.6,474.3,14.9,1100.8,61.1,2400,0.0,0.0,16302,-496,89,discharging,None,None
17:34:59.660,parallel,8.3,469.3,474.3,100.0,1100.8,65.5,2400,0.0,0.0,16250,-572,89,discharging,None,None
17:35:00.163,parallel,8.3,469.3,247.2,11.1,1101.2,60.0,2400,0.0,0.0,16288,-626,89,discharging,None,None
17:35:00.671,parallel,8.3,469.3,247.2,63.2,1101.2,64.5,2400,0.0,0.0,16279,-532,89,discharging,None,None
17:35:01.175,parallel,8.3,399.2,176.0,57.2,1101.0,61.1,2400,0.0,0.0,16275,-610,89,discharging,None,None
17:35:01.683,parallel,8.3,399.2,176.0,26.0,1101.0,63.4,2400,0.0,0.0,16298,-548,89,discharging,None,None
17:35:02.186,parallel,8.4,395.2,176.0,57.1,1100.5,60.0,2400,0.0,0.0,16251,-559,89,discharging,None,None
17:35:02.690,parallel,8.4,395.2,159.7,36.3,1100.5,59.5,2400,0.0,0.0,16264,-609,89,discharging,None,None
17:35:03.194,parallel,8.4,395.5,159.7,81.7,1100.5,62.8,2400,0.0,0.0,16255,-584,89,discharging,None,None
17:35:03.700,parallel,8.3,395.5,159.7,24.0,1100.5,62.8,2400,0.0,0.0,16290,-560,89,discharging,None,None
17:35:04.204,parallel,8.3,395.5,162.9,73.3,1100.7,63.9,2400,0.0,0.0,16291,-544,89,discharging,None,None
17:35:04.708,parallel,7.9,395.4,162.9,31.3,1100.7,60.6,2400,0.0,0.0,16284,-612,89,discharging,None,None
17:35:05.218,parallel,7.9,395.4,191.2,44.8,1100.7,63.4,2400,0.0,0.0,16303,-541,89,discharging,None,None
17:35:05.721,parallel,7.9,421.6,191.2,72.6,1101.1,61.1,2400,0.0,0.0,16249,-614,89,discharging,None,None
17:35:06.225,parallel,8.3,421.6,191.2,1.5,1101.2,59.5,2400,0.0,0.0,16300,-584,89,discharging,None,None
17:35:06.735,parallel,8.3,421.6,191.2,72.4,1101.2,64.5,2400,0.0,0.0,16274,-480,89,discharging,None,None
17:35:07.238,parallel,8.3,694.2,460.9,68.7,1101.2,61.7,2400,0.0,0.0,16247,-652,89,discharging,None,None
17:35:07.742,parallel,8.3,694.2,460.9,1.5,1101.2,59.0,2400,0.0,0.0,16297,-579,89,discharging,None,None
17:35:08.254,parallel,8.3,694.2,460.9,76.8,1101.1,63.4,2400,0.0,0.0,16266,-492,89,discharging,None,None
17:35:08.758,parallel,8.3,728.6,482.2,70.9,1101.1,61.1,2400,0.0,0.0,16247,-664,89,discharging,None,None
17:35:09.262,parallel,8.3,728.6,482.2,1.5,1101.2,59.5,2400,0.0,0.0,16297,-581,89,discharging,None,None
17:35:09.778,parallel,8.4,728.6,482.2,74.4,1101.4,64.5,2400,0.0,0.0,16271,-486,89,discharging,None,None
17:35:10.282,parallel,8.4,483.0,264.7,49.8,1101.6,61.1,2400,0.0,0.0,16249,-625,89,discharging,None,None
17:35:10.791,parallel,8.3,483.0,264.7,23.0,1101.6,62.8,2400,0.0,0.0,16298,-546,89,discharging,None,None
17:35:11.296,parallel,8.3,394.3,264.7,76.8,1101.4,63.4,2400,0.0,0.0,16251,-554,89,discharging,None,None
17:35:11.800,parallel,8.3,394.3,162.7,19.1,1101.4,60.6,2400,0.0,0.0,16292,-614,89,discharging,None,None
17:35:12.304,parallel,8.3,395.6,162.7,81.6,1101.2,63.9,2400,0.0,0.0,16263,-561,89,discharging,None,None
17:35:12.807,parallel,8.3,395.6,159.2,36.3,1100.7,61.1,2400,0.0,0.0,16287,-576,89,discharging,None,None
17:35:13.315,parallel,8.3,395.6,159.2,49.5,1100.7,63.9,2400,0.0,0.0,16294,-542,89,discharging,None,None
17:35:13.819,parallel,8.3,399.5,159.2,36.0,1100.7,60.6,1600,0.0,0.0,16265,-584,89,discharging,None,None
17:35:14.327,parallel,8.3,399.5,191.4,52.5,1100.7,61.7,2400,0.0,0.0,16291,-563,89,discharging,None,None
17:35:14.831,parallel,8.3,395.1,191.4,70.8,1100.7,60.6,2400,0.0,0.0,16254,-584,89,discharging,None,None
17:35:15.340,parallel,8.3,395.1,191.4,4.0,1100.7,60.0,2400,0.0,0.0,16296,-554,89,discharging,None,None
17:35:15.844,parallel,8.3,395.1,344.8,83.3,1101.2,63.9,2400,0.0,0.0,16266,-494,89,discharging,None,None
17:35:16.348,parallel,8.3,416.3,344.8,50.7,1100.9,60.6,2400,0.0,0.0,16245,-638,89,discharging,None,None
17:35:16.851,parallel,7.6,416.3,344.8,2.5,1100.9,59.5,2400,0.0,0.0,16298,-559,89,discharging,None,None
17:35:17.359,parallel,7.6,416.3,426.5,96.0,1100.9,65.0,2400,0.0,0.0,16263,-506,89,discharging,None,None
17:35:17.863,parallel,7.6,642.7,426.5,37.8,1101.0,60.6,2400,0.0,0.0,16251,-640,89,discharging,None,None
17:35:18.372,parallel,8.3,642.7,426.5,10.0,1101.0,61.1,2400,0.0,0.0,16297,-542,89,discharging,None,None
17:35:18.877,parallel,8.3,642.7,426.5,100.0,1101.0,65.0,2400,0.0,0.0,16260,-527,89,discharging,None,None
17:35:19.381,parallel,8.3,758.6,519.2,45.0,1100.9,60.0,2400,0.0,0.0,16247,-672,89,discharging,None,None
17:35:19.890,parallel,8.3,758.6,519.2,2.5,1100.7,59.5,2400,0.0,0.0,16297,-552,89,discharging,None,None
17:35:20.399,parallel,8.3,483.5,519.2,100.0,1100.7,65.0,2400,0.0,0.0,16262,-515,89,discharging,None,None
17:35:20.902,parallel,8.3,483.5,274.8,24.0,1101.2,59.5,2400,0.0,0.0,16268,-624,89,discharging,None,None
17:35:21.411,parallel,8.3,483.5,274.8,48.5,1101.2,65.0,2400,0.0,0.0,16300,-523,89,discharging,None,None
17:35:21.914,parallel,8.4,399.1,159.4,69.6,1101.0,61.7,2400,0.0,0.0,16250,-556,89,discharging,None,None
17:35:22.423,parallel,8.4,399.1,159.4,12.0,1101.0,61.1,2400,0.0,0.0,16288,-607,89,discharging,None,None
17:35:22.927,parallel,8.3,396.5,159.4,71.6,1100.7,60.6,2400,0.0,0.0,16256,-586,89,discharging,None,None
17:35:23.430,parallel,8.3,396.5,159.3,36.3,1100.7,60.6,2400,0.0,0.0,16282,-606,89,discharging,None,None
17:35:23.939,parallel,8.3,396.5,159.3,72.5,1100.7,64.5,2400,0.0,0.0,16290,-536,89,discharging,None,None
17:35:24.443,parallel,8.3,406.3,159.3,16.9,1100.5,60.0,1600,0.0,0.0,16283,-554,89,discharging,None,None
17:35:24.948,parallel,8.3,406.3,182.7,68.1,1100.7,63.4,2400,0.0,0.0,16261,-549,89,discharging,None,None
17:35:25.451,parallel,8.3,410.7,182.7,50.0,1100.7,60.6,2400,0.0,0.0,16246,-602,89,discharging,None,None
17:35:25.955,parallel,8.3,410.7,163.8,34.0,1100.7,62.8,2400,0.0,0.0,16295,-557,89,discharging,None,None
17:35:26.459,parallel,8.3,393.3,163.8,85.0,1100.7,62.2,2400,0.0,0.0,16256,-555,89,discharging,None,None
17:35:26.963,parallel,8.3,393.3,163.8,2.5,1100.7,59.5,2400,0.0,0.0,16284,-614,89,discharging,None,None
17:35:27.474,parallel,8.3,393.3,163.8,61.9,1102.1,63.9,2400,0.0,0.0,16298,-494,89,discharging,None,None
17:35:28.017,parallel,8.2,393.3,163.8,100.0,1102.8,65.0,2400,0.0,0.0,16247,-702,89,discharging,None,None
17:35:28.521,parallel,8.2,842.1,864.6,7.9,1102.8,60.0,2400,0.0,0.0,16289,-609,89,discharging,None,None
17:35:29.027,parallel,8.2,842.1,864.6,41.2,1102.8,63.4,2400,0.0,0.0,16283,-494,89,discharging,None,None
17:35:29.531,parallel,6.4,405.9,179.1,77.1,1105.6,62.2,2400,0.0,0.0,16246,-628,89,discharging,None,None
17:35:30.037,parallel,6.4,405.9,179.1,0.0,1104.7,59.5,2400,0.0,0.0,16298,-560,89,discharging,None,None
17:35:30.541,parallel,6.4,361.3,179.1,74.1,1104.7,61.1,2400,0.0,0.0,16248,-539,89,discharging,None,None
17:35:31.045,parallel,6.4,361.3,150.3,32.2,1103.8,60.0,2400,0.0,0.0,16293,-596,89,discharging,None,None
17:35:31.550,parallel,6.4,360.5,150.3,70.3,1103.8,64.5,2400,0.0,0.0,16255,-578,89,discharging,None,None
17:35:32.059,parallel,6.4,360.5,150.3,23.5,1103.1,62.2,2400,0.0,0.0,16292,-558,89,discharging,None,None
17:35:32.563,parallel,6.4,360.5,151.5,53.2,1103.1,64.5,2400,0.0,0.0,16279,-531,89,discharging,None,None
17:35:33.067,parallel,6.4,362.9,151.5,34.3,1103.1,60.0,2400,0.0,0.0,16286,-575,89,discharging,None,None
17:35:33.575,parallel,6.4,362.9,151.2,41.0,1103.1,62.8,2400,0.0,0.0,16273,-539,89,discharging,None,None
17:35:34.079,parallel,6.4,365.2,151.2,65.2,1102.2,61.1,2400,0.0,0.0,16250,-596,89,discharging,None,None
17:35:34.583,parallel,6.4,365.2,151.2,0.0,1102.2,59.0,1900,0.0,0.0,16297,-537,89,discharging,None,None
17:35:35.095,parallel,6.4,365.2,151.2,84.7,1102.2,64.5,2400,0.0,0.0,16260,-507,89,discharging,None,None
17:35:35.598,parallel,6.4,662.6,495.4,54.2,1101.5,60.6,2400,0.0,0.0,16265,-629,89,discharging,None,None
17:35:36.102,parallel,6.4,662.6,495.4,0.0,1101.5,59.0,2400,0.0,0.0,16297,-520,89,discharging,None,None
17:35:36.615,parallel,6.4,662.6,495.4,91.1,1101.5,63.9,2400,0.0,0.0,16253,-542,89,discharging,None,None
17:35:37.118,parallel,6.4,674.6,480.3,49.5,1101.4,60.6,2400,0.0,0.0,16269,-654,89,discharging,None,None
17:35:37.623,parallel,6.4,674.6,480.3,0.0,1101.4,59.5,2400,0.0,0.0,16297,-511,89,discharging,None,None
17:35:38.131,parallel,6.4,362.4,480.3,91.0,1101.7,63.9,2400,0.0,0.0,16250,-543,89,discharging,None,None
17:35:38.635,parallel,6.4,362.4,154.7,15.8,1101.7,60.0,2400,0.0,0.0,16286,-596,89,discharging,None,None
17:35:39.143,parallel,6.4,362.4,154.7,69.8,1101.4,63.9,2400,0.0,0.0,16258,-554,89,discharging,None,None
17:35:39.646,parallel,6.4,364.2,151.4,37.4,1101.7,61.1,2400,0.0,0.0,16272,-595,89,discharging,None,None
17:35:40.155,parallel,6.4,364.2,151.4,39.8,1101.0,63.4,2400,0.0,0.0,16300,-506,89,discharging,None,None
17:35:40.658,parallel,6.4,379.5,151.4,37.9,1101.0,60.0,2400,0.0,0.0,16281,-518,89,discharging,None,None
17:35:41.167,parallel,6.4,379.5,151.4,39.1,1101.0,61.7,2400,0.0,0.0,16274,-559,89,discharging,None,None
17:35:41.670,parallel,6.4,361.9,151.4,68.5,1101.0,60.6,2400,0.0,0.0,16247,-594,89,discharging,None,None
17:35:42.179,parallel,6.4,361.9,151.4,14.5,1100.8,61.7,2400,0.0,0.0,16296,-539,89,discharging,None,None
17:35:42.682,parallel,6.4,359.6,149.7,91.1,1100.8,63.4,2400,0.0,0.0,16249,-565,89,discharging,None,None
17:35:43.186,parallel,6.4,359.6,149.7,0.0,1100.8,59.5,2400,0.0,0.0,16292,-595,89,discharging,None,None
17:35:43.699,parallel,6.4,359.6,149.7,48.3,1100.8,62.8,2400,0.0,0.0,16293,-474,89,discharging,None,None
17:35:44.202,parallel,6.4,650.8,437.2,84.2,1100.8,61.1,2400,0.0,0.0,16247,-629,89,discharging,None,None
17:35:44.706,parallel,6.4,650.8,437.2,0.0,1100.8,59.5,2400,0.0,0.0,16294,-591,89,discharging,None,None
17:35:45.218,parallel,6.4,650.8,437.2,59.4,1100.5,63.9,2400,0.0,0.0,16279,-471,89,discharging,None,None
17:35:45.722,parallel,6.4,635.2,390.9,67.5,1100.5,61.7,2400,0.0,0.0,16245,-617,89,discharging,None,None
17:35:46.226,parallel,6.4,635.2,390.9,0.0,1100.5,59.5,2400,0.0,0.0,16296,-553,89,discharging,None,None
17:35:46.738,parallel,6.4,635.2,390.9,76.8,1100.5,63.9,2400,0.0,0.0,16259,-498,89,discharging,None,None
17:35:47.242,parallel,6.4,412.4,213.2,34.5,1101.0,60.0,2400,0.0,0.0,16276,-603,89,discharging,None,None
17:35:47.751,parallel,6.4,412.4,213.2,37.2,1101.0,63.9,2400,0.0,0.0,16298,-524,89,discharging,None,None
17:35:48.254,parallel,6.4,363.8,149.0,68.1,1101.2,63.4,2400,0.0,0.0,16271,-549,89,discharging,None,None
17:35:48.760,parallel,6.4,363.8,149.0,8.0,1101.2,61.1,2400,0.0,0.0,16287,-576,89,discharging,None,None
17:35:49.264,parallel,6.4,362.0,149.0,67.5,1100.8,59.5,2400,0.0,0.0,16249,-585,89,discharging,None,None
17:35:49.767,parallel,6.4,362.0,151.4,33.2,1101.1,60.0,2400,0.0,0.0,16275,-595,89,discharging,None,None
17:35:50.274,parallel,6.4,371.9,151.4,75.7,1101.0,62.8,1900,0.0,0.0,16258,-549,89,discharging,None,None
17:35:50.778,parallel,6.4,371.9,151.4,1.0,1101.0,59.5,2400,0.0,0.0,16288,-530,89,discharging,None,None
17:35:51.288,parallel,6.4,371.9,152.0,77.1,1101.0,64.5,2400,0.0,0.0,16280,-520,89,discharging,None,None
17:35:51.792,parallel,6.4,361.9,152.0,29.9,1101.0,59.5,2400,0.0,0.0,16276,-595,89,discharging,None,None
17:35:52.300,parallel,6.4,361.9,152.0,30.5,1101.0,62.2,2400,0.0,0.0,16297,-512,89,discharging,None,None
17:35:52.804,parallel,6.4,537.0,367.6,93.0,1101.0,63.4,2400,0.0,0.0,16245,-581,89,discharging,None,None
17:35:53.307,parallel,6.4,537.0,367.6,0.0,1101.0,59.5,2400,0.0,0.0,16284,-625,89,discharging,None,None
17:35:53.822,parallel,6.4,537.0,367.6,51.5,1101.0,63.4,2400,0.0,0.0,16298,-478,89,discharging,None,None
17:35:54.326,parallel,6.4,715.0,486.9,91.7,1101.0,63.9,2400,0.0,0.0,16246,-616,89,discharging,None,None
17:35:54.829,parallel,6.4,715.0,486.9,0.0,1100.5,60.0,2400,0.0,0.0,16285,-622,89,discharging,None,None
17:35:55.336,parallel,6.4,715.0,486.9,52.7,1100.5,63.9,1900,0.0,0.0,16298,-472,89,discharging,None,None
17:35:55.840,parallel,6.4,435.5,220.3,60.2,1100.5,60.0,2400,0.0,0.0,16250,-590,89,discharging,None,None
17:35:56.351,parallel,6.4,435.5,220.3,7.9,1100.5,60.6,2400,0.0,0.0,16294,-558,89,discharging,None,None
17:35:56.860,parallel,6.4,361.5,220.3,72.1,1100.5,61.7,2400,0.0,0.0,16252,-536,89,discharging,None,None
17:35:57.363,parallel,6.4,361.5,153.8,27.1,1100.5,59.0,2400,0.0,0.0,16278,-596,89,discharging,None,None
17:35:57.867,parallel,6.4,369.0,153.8,74.8,1100.5,62.8,2400,0.0,0.0,16270,-538,89,discharging,None,None
17:35:58.371,parallel,6.4,369.0,151.4,32.3,1100.5,61.7,2400,0.0,0.0,16285,-541,89,discharging,None,None
17:35:58.879,parallel,6.4,369.0,151.4,46.8,1100.5,63.4,2400,0.0,0.0,16287,-531,89,discharging,None,None
17:35:59.382,parallel,6.4,363.6,151.4,28.6,1100.9,59.5,2400,0.0,0.0,16267,-592,89,discharging,None,None
17:35:59.891,parallel,6.4,363.6,151.4,49.0,1101.2,60.6,2400,0.0,0.0,16282,-578,89,discharging,None,None
17:36:00.394,parallel,6.4,362.3,151.4,58.3,1101.2,61.1,2400,0.0,0.0,16248,-594,89,discharging,None,None
17:36:00.903,parallel,6.4,362.3,151.4,2.0,1101.2,59.5,1500,0.0,0.0,16298,-528,89,discharging,None,None
17:36:01.408,parallel,6.4,362.3,415.4,100.0,1101.2,63.9,2400,0.0,0.0,16284,-450,89,discharging,None,None
17:36:01.912,parallel,6.4,568.6,415.4,28.9,1100.7,59.5,2400,0.0,0.0,16256,-590,89,discharging,None,None
17:36:02.420,parallel,6.4,568.6,415.4,16.3,1100.7,61.1,2400,0.0,0.0,16295,-528,89,discharging,None,None
17:36:02.928,parallel,6.4,568.6,415.4,100.0,1100.7,64.5,2400,0.0,0.0,16255,-532,89,discharging,None,None
17:36:03.431,parallel,6.4,691.3,467.2,22.6,1100.7,59.5,2400,0.0,0.0,16268,-649,89,discharging,None,None
17:36:03.939,parallel,6.4,691.3,467.2,20.8,1100.7,62.2,2400,0.0,0.0,16296,-515,89,discharging,None,None
17:36:04.443,parallel,6.4,427.3,220.3,92.5,1100.7,62.2,2400,0.0,0.0,16248,-546,89,discharging,None,None
17:36:04.947,parallel,6.4,427.3,220.3,1.0,1100.5,59.0,2400,0.0,0.0,16285,-608,89,discharging,None,None
17:36:05.450,parallel,6.4,358.3,220.3,74.5,1100.5,62.8,2400,0.0,0.0,16282,-522,89,discharging,None,None
17:36:05.954,parallel,6.4,358.3,150.2,34.0,1100.7,59.5,2400,0.0,0.0,16277,-590,89,discharging,None,None
17:36:06.463,parallel,6.4,358.3,150.2,48.3,1100.7,63.9,2400,0.0,0.0,16297,-530,89,discharging,None,None
17:36:06.967,parallel,6.4,373.2,150.2,35.0,1100.7,60.6,2400,0.0,0.0,16252,-525,89,discharging,None,None
17:36:07.472,parallel,6.4,373.2,151.5,42.5,1100.7,61.7,2400,0.0,0.0,16267,-579,89,discharging,None,None
17:36:07.975,parallel,6.4,362.1,151.5,59.6,1100.5,60.0,2400,0.0,0.0,16250,-589,89,discharging,None,None
17:36:08.479,parallel,6.4,362.1,151.4,32.3,1100.5,61.7,2400,0.0,0.0,16294,-538,89,discharging,None,None
17:36:08.982,parallel,6.4,367.5,151.4,74.8,1100.5,61.1,2400,0.0,0.0,16269,-535,89,discharging,None,None
17:36:09.486,parallel,6.4,367.5,151.4,0.0,1100.5,59.0,2400,0.0,0.0,16284,-594,89,discharging,None,None
17:36:09.997,parallel,6.4,367.5,331.1,68.8,1100.7,63.9,2400,0.0,0.0,16294,-504,89,discharging,None,None
17:36:10.501,parallel,6.4,504.7,331.1,50.2,1100.7,60.0,2400,0.0,0.0,16239,-618,89,discharging,None,None
17:36:11.004,parallel,6.4,504.7,331.1,0.0,1100.7,59.0,2400,0.0,0.0,16292,-578,89,discharging,None,None
17:36:11.512,parallel,6.4,504.7,331.1,94.6,1100.7,63.4,2400,0.0,0.0,16258,-482,89,discharging,None,None
17:36:12.015,parallel,6.4,682.0,436.3,43.6,1106.0,59.5,2400,0.0,0.0,16245,-631,89,discharging,None,None
17:36:12.526,parallel,6.4,682.0,436.3,2.0,1114.2,59.0,2400,0.0,0.0,16293,-549,89,discharging,None,None
17:36:13.038,parallel,6.4,500.0,436.3,100.0,1118.5,64.5,2400,0.0,0.0,16258,-496,89,discharging,None,None
17:36:13.542,parallel,6.4,500.0,296.6,17.9,1119.0,60.0,2400,0.0,0.0,16256,-618,89,discharging,None,None
17:36:14.051,parallel,6.4,500.0,296.6,46.0,1120.1,63.4,2400,0.0,0.0,16294,-520,89,discharging,None,None
17:36:14.554,parallel,6.4,363.7,169.2,64.2,1119.9,61.1,2400,0.0,0.0,16244,-538,89,discharging,None,None
17:36:15.063,parallel,6.4,363.7,169.2,17.6,1119.0,61.1,2400,0.0,0.0,16281,-602,89,discharging,None,None
17:36:15.566,parallel,10.6,395.5,169.2,65.5,1117.5,61.1,2400,0.0,0.0,16253,-582,89,discharging,None,None
17:36:16.070,parallel,10.6,395.5,159.6,36.5,1118.0,59.5,2400,0.0,0.0,16285,-593,89,discharging,None,None
17:36:16.578,parallel,8.3,406.8,159.6,79.6,1118.0,62.2,2400,0.0,0.0,16285,-539,89,discharging,None,None
17:36:17.083,parallel,8.3,406.8,159.6,13.9,1116.2,61.1,2400,0.0,0.0,16273,-561,89,discharging,None,None
17:36:17.587,parallel,8.3,406.8,163.9,68.8,1117.4,63.4,2400,0.0,0.0,16255,-559,89,discharging,None,None
17:36:18.091,parallel,8.3,396.0,163.9,42.3,1117.4,60.0,2400,0.0,0.0,16243,-612,89,discharging,None,None
17:36:18.606,parallel,8.3,396.0,170.3,37.7,1117.4,62.2,2400,0.0,0.0,16292,-554,89,discharging,None,None
17:36:19.110,parallel,8.3,407.7,170.3,79.5,1115.6,60.6,2400,0.0,0.0,16254,-551,89,discharging,None,None
17:36:19.613,parallel,8.3,407.7,170.3,2.0,1115.6,60.6,2400,0.0,0.0,16280,-616,89,discharging,None,None
17:36:20.124,parallel,8.2,407.7,170.3,68.6,1115.3,63.9,2400,0.0,0.0,16295,-488,89,discharging,None,None
17:36:20.628,parallel,8.2,646.9,452.0,66.0,1113.9,60.6,2400,0.0,0.0,16242,-600,89,discharging,None,None
17:36:21.131,parallel,8.2,646.9,452.0,1.5,1112.3,59.5,2400,0.0,0.0,16281,-630,89,discharging,None,None
17:36:21.643,parallel,8.4,646.9,452.0,79.9,1112.3,63.4,2400,0.0,0.0,16293,-483,89,discharging,None,None
17:36:22.147,parallel,8.4,757.1,512.6,74.3,1110.8,61.1,2400,0.0,0.0,16248,-603,89,discharging,None,None
17:36:22.650,parallel,8.4,757.1,512.6,1.5,1110.8,59.5,2400,0.0,0.0,16281,-629,89,discharging,None,None
17:36:23.159,parallel,8.4,757.1,512.6,72.0,1110.9,64.5,2400,0.0,0.0,16292,-482,89,discharging,None,None
17:36:23.663,parallel,8.4,464.8,251.8,51.7,1109.4,60.6,2400,0.0,0.0,16244,-601,89,discharging,None,None
17:36:24.171,parallel,8.3,464.8,251.8,21.2,1109.0,62.8,2400,0.0,0.0,16286,-604,89,discharging,None,None
17:36:24.675,parallel,8.3,407.0,251.8,77.6,1109.0,63.4,2400,0.0,0.0,16255,-532,89,discharging,None,None
17:36:25.179,parallel,8.3,407.0,161.4,29.5,1108.0,60.0,2400,0.0,0.0,16242,-614,89,discharging,None,None
17:36:25.687,parallel,8.3,399.4,161.4,81.1,1108.0,63.9,2400,0.0,0.0,16289,-550,89,discharging,None,None
17:36:26.190,parallel,7.9,399.4,159.1,36.8,1106.8,61.7,2400,0.0,0.0,16265,-610,89,discharging,None,None
17:36:26.699,parallel,7.9,399.4,159.1,46.0,1106.8,62.8,1900,0.0,0.0,16282,-539,89,discharging,None,None
17:36:27.203,parallel,7.9,411.4,159.1,40.1,1106.4,59.5,2400,0.0,0.0,16279,-549,89,discharging,None,None
17:36:27.712,parallel,8.3,411.4,159.0,41.5,1106.7,61.1,2400,0.0,0.0,16257,-552,89,discharging,None,None
17:36:28.215,parallel,8.3,395.2,159.0,76.6,1105.3,61.1,2400,0.0,0.0,16241,-613,89,discharging,None,None
17:36:28.724,parallel,8.4,395.2,159.0,10.0,1105.3,61.1,2400,0.0,0.0,16290,-554,89,discharging,None,None
17:36:29.228,parallel,8.4,395.2,171.8,97.0,1104.3,65.5,2400,0.0,0.0,16248,-562,89,discharging,None,None
17:36:29.732,parallel,8.4,397.8,171.8,14.0,1104.3,60.6,2400,0.0,0.0,16278,-616,89,discharging,None,None
17:36:30.244,parallel,8.3,397.8,171.8,38.6,1103.9,62.8,2400,0.0,0.0,16292,-491,89,discharging,None,None
17:36:30.750,parallel,8.3,680.5,479.1,100.0,1103.9,65.0,2400,0.0,0.0,16242,-612,89,discharging,None,None
17:36:31.254,parallel,8.3,680.5,479.1,5.5,1103.1,59.5,2400,0.0,0.0,16280,-625,89,discharging,None,None
17:36:31.767,parallel,8.3,680.5,479.1,41.9,1103.1,62.8,1900,0.0,0.0,16292,-482,89,discharging,None,None
17:36:32.270,parallel,8.3,680.5,524.3,100.0,1103.1,65.0,2400,0.0,0.0,16245,-601,89,discharging,None,None
17:36:32.775,parallel,8.3,775.1,524.3,16.5,1102.6,60.0,2400,0.0,0.0,16278,-635,89,discharging,None,None
17:36:33.283,parallel,8.3,775.1,524.3,30.2,1102.1,62.8,2400,0.0,0.0,16293,-482,89,discharging,None,None
17:36:33.787,parallel,8.4,543.6,332.4,100.0,1102.1,64.5,2400,0.0,0.0,16240,-594,89,discharging,None,None
17:36:34.290,parallel,8.4,543.6,332.4,5.5,1102.1,59.5,2400,0.0,0.0,16280,-629,89,discharging,None,None
17:36:34.796,parallel,8.3,543.6,332.4,64.2,1102.1,63.9,2400,0.0,0.0,16271,-522,89,discharging,None,None
17:36:35.300,parallel,8.3,395.2,158.3,54.4,1101.8,59.5,2400,0.0,0.0,16260,-612,89,discharging,None,None
17:36:35.810,parallel,8.3,395.2,158.3,29.1,1101.8,63.9,2400,0.0,0.0,16290,-545,89,discharging,None,None
17:36:36.314,parallel,8.3,395.8,158.3,55.4,1101.6,60.0,2400,0.0,0.0,16241,-553,89,discharging,None,None
17:36:36.817,parallel,8.3,395.8,166.0,37.3,1101.6,60.0,2400,0.0,0.0,16263,-610,89,discharging,None,None
17:36:37.422,parallel,8.4,395.8,166.0,92.1,1101.6,65.0,2400,0.0,0.0,16252,-574,89,discharging,None,None
17:36:37.927,parallel,8.4,568.7,163.1,42.1,1101.4,61.7,2400,0.0,0.0,16279,-595,89,discharging,None,None
17:36:38.435,parallel,8.4,568.7,163.1,39.8,1101.4,63.9,2400,0.0,0.0,16282,-547,89,discharging,None,None
17:36:38.938,parallel,6.6,397.6,163.1,45.1,1101.4,61.1,2400,0.0,0.0,16239,-613,89,discharging,None,None
17:36:39.447,parallel,6.6,397.6,206.7,47.2,1154.3,60.6,2400,0.0,0.0,16285,-595,89,discharging,None,None
17:36:39.951,parallel,8.3,403.4,206.7,81.0,1154.3,62.2,2400,0.0,0.0,16250,-578,89,discharging,None,None
17:36:40.455,parallel,8.3,403.4,206.7,2.0,1154.3,60.6,2400,0.0,0.0,16277,-590,89,discharging,None,None
17:36:40.963,parallel,8.4,403.4,175.6,94.0,1147.9,64.5,2400,0.0,0.0,16262,-536,89,discharging,None,None
17:36:41.467,parallel,8.4,416.2,175.6,24.9,1146.2,60.0,2400,0.0,0.0,16249,-614,89,discharging,None,None
17:36:41.979,parallel,8.4,416.2,175.6,25.5,1138.2,61.7,2400,0.0,0.0,16287,-537,89,discharging,None,None
17:36:42.490,parallel,8.2,416.2,175.6,100.0,1138.2,63.9,2400,0.0,0.0,16255,-525,89,discharging,None,None
17:36:42.994,parallel,8.2,895.4,783.5,57.1,1134.5,61.1,2400,0.0,0.0,16241,-696,89,discharging,None,None
17:36:43.497,parallel,8.5,895.4,783.5,2.5,1134.5,59.5,2400,0.0,0.0,16286,-590,89,discharging,None,None
17:36:44.011,parallel,8.5,895.4,783.5,89.3,1132.5,64.5,2400,0.0,0.0,16275,-481,89,discharging,None,None
17:36:44.515,parallel,8.3,547.0,363.8,44.6,1129.9,61.1,2400,0.0,0.0,16241,-639,89,discharging,None,None
17:36:45.023,parallel,8.3,547.0,363.8,24.9,1126.6,63.4,2400,0.0,0.0,16287,-578,89,discharging,None,None
17:36:45.527,parallel,8.3,395.8,363.8,80.7,1126.6,63.9,2400,0.0,0.0,16246,-533,89,discharging,None,None
17:36:46.030,parallel,8.3,395.8,167.1,14.4,1122.5,60.0,2400,0.0,0.0,16258,-613,89,discharging,None,None
17:36:46.534,parallel,8.3,395.4,167.1,82.2,1122.5,63.4,2400,0.0,0.0,16279,-540,89,discharging,None,None
17:36:47.037,parallel,8.3,395.4,160.1,36.6,1119.3,61.1,2400,0.0,0.0,16278,-554,89,discharging,None,None
17:36:47.545,parallel,8.3,395.4,160.1,50.7,1119.3,64.5,2400,0.0,0.0,16281,-563,89,discharging,None,None
17:36:48.048,parallel,8.3,396.0,160.1,33.0,1117.8,60.6,2400,0.0,0.0,16238,-612,89,discharging,None,None
17:36:48.554,parallel,8.4,396.0,158.7,47.8,1117.8,62.2,2400,0.0,0.0,16284,-596,89,discharging,None,None
17:36:49.058,parallel,8.4,395.3,158.7,70.3,1114.8,61.1,2400,0.0,0.0,16251,-563,89,discharging,None,None
17:36:49.564,parallel,8.3,395.3,158.7,23.6,1115.7,62.8,2400,0.0,0.0,16278,-568,89,discharging,None,None
17:36:50.075,parallel,8.3,395.3,159.9,96.5,1114.6,65.0,2400,0.0,0.0,16250,-552,89,discharging,None,None
17:36:50.578,parallel,7.9,406.4,159.9,9.9,1113.9,60.6,2400,0.0,0.0,16254,-626,89,discharging,None,None
17:36:51.091,parallel,7.9,406.4,159.9,45.8,1113.3,63.4,2400,0.0,0.0,16288,-531,89,discharging,None,None
17:36:51.594,parallel,7.9,647.4,450.8,94.1,1112.8,62.8,2400,0.0,0.0,16247,-553,89,discharging,None,None
17:36:52.098,parallel,8.3,647.4,450.8,2.5,1112.1,59.5,2400,0.0,0.0,16268,-654,89,discharging,None,None
17:36:52.611,parallel,8.3,647.4,450.8,52.0,1110.6,64.5,2400,0.0,0.0,16290,-509,89,discharging,None,None
17:36:53.114,parallel,8.3,693.8,435.3,89.2,1111.5,62.8,2400,0.0,0.0,16246,-558,89,discharging,None,None
17:36:53.618,parallel,8.3,693.8,435.3,2.0,1111.5,59.5,2400,0.0,0.0,16275,-649,89,discharging,None,None
17:36:54.127,parallel,8.3,693.8,435.3,56.9,1110.3,63.9,2400,0.0,0.0,16289,-499,89,discharging,None,None
17:36:54.631,parallel,8.3,544.8,343.4,76.4,1110.3,61.7,2400,0.0,0.0,16242,-571,89,discharging,None,None
17:36:55.134,parallel,8.3,544.8,343.4,3.0,1108.6,60.0,2400,0.0,0.0,16278,-638,89,discharging,None,None
17:36:55.638,parallel,8.3,391.1,343.4,81.3,1108.6,62.2,2400,0.0,0.0,16289,-515,89,discharging,None,None
17:36:56.141,parallel,8.3,391.1,162.5,36.8,1107.5,60.0,2400,0.0,0.0,16270,-593,89,discharging,None,None
17:36:56.648,parallel,8.4,391.1,162.5,54.5,1107.5,63.9,2400,0.0,0.0,16285,-571,89,discharging,None,None
17:36:57.153,parallel,8.4,394.0,162.5,47.8,1106.9,61.7,1600,0.0,0.0,16242,-573,89,discharging,None,None
17:36:57.664,parallel,8.4,394.0,191.2,40.6,1106.9,62.2,2400,0.0,0.0,16270,-591,89,discharging,None,None
17:36:58.167,parallel,8.3,397.3,191.2,65.0,1105.2,60.0,2400,0.0,0.0,16252,-534,89,discharging,None,None
17:36:58.671,parallel,8.3,397.3,163.2,36.1,1105.2,61.1,2400,0.0,0.0,16277,-555,89,discharging,None,None
17:36:59.174,parallel,8.3,394.9,163.2,80.2,1105.2,63.9,2400,0.0,0.0,16276,-543,89,discharging,None,None
17:36:59.678,parallel,8.3,394.9,163.2,4.5,1105.4,59.5,2400,0.0,0.0,16248,-614,89,discharging,None,None
17:37:00.184,parallel,8.3,394.9,194.8,73.8,1104.5,63.9,2400,0.0,0.0,16287,-543,89,discharging,None,None
17:37:00.687,parallel,8.3,425.2,194.8,46.8,1104.5,61.1,2400,0.0,0.0,16235,-596,89,discharging,None,None
17:37:01.191,parallel,8.3,425.2,194.8,2.5,1103.8,59.5,2400,0.0,0.0,16281,-611,89,discharging,None,None
17:37:01.976,parallel,8.3,425.2,771.2,99.4,1104.7,65.0,2400,0.0,0.0,16240,-625,89,discharging,None,None
17:37:02.480,parallel,8.3,842.6,771.2,17.4,1105.9,60.0,2400,0.0,0.0,16277,-643,89,discharging,None,None
17:37:02.988,parallel,8.3,842.6,771.2,31.4,1105.2,63.4,2400,0.0,0.0,16289,-479,89,discharging,None,None
17:37:03.491,parallel,6.0,444.7,259.9,94.0,1108.0,64.5,2400,0.0,0.0,16238,-590,89,discharging,None,None
17:37:03.995,parallel,6.0,444.7,259.9,2.0,1108.0,60.0,2400,0.0,0.0,16280,-617,89,discharging,None,None
17:37:04.498,parallel,8.4,394.2,259.9,82.1,1108.0,64.5,2400,0.0,0.0,16251,-543,89,discharging,None,None
17:37:05.002,parallel,8.4,394.2,158.7,36.6,1106.3,60.0,2400,0.0,0.0,16249,-615,89,discharging,None,None
17:37:05.511,parallel,8.3,394.2,158.7,45.8,1106.3,62.8,2400,0.0,0.0,16288,-543,89,discharging,None,None
17:37:06.017,parallel,8.3,399.3,158.7,39.9,1105.0,61.1,2400,0.0,0.0,16262,-555,89,discharging,None,None
17:37:06.527,parallel,8.3,399.3,163.7,43.1,1105.0,61.7,2400,0.0,0.0,16273,-583,89,discharging,None,None
17:37:07.030,parallel,8.3,399.4,163.7,73.9,1105.2,60.6,2400,0.0,0.0,16242,-612,89,discharging,None,None
17:37:07.539,parallel,8.3,399.4,163.7,33.8,1105.2,62.2,2400,0.0,0.0,16287,-553,89,discharging,None,None
17:37:08.043,parallel,8.3,399.4,184.0,78.5,1105.2,65.0,2400,0.0,0.0,16257,-529,89,discharging,None,None
17:37:08.547,parallel,8.3,395.2,184.0,11.5,1104.3,59.5,2400,0.0,0.0,16275,-601,89,discharging,None,None
17:37:09.052,parallel,8.3,395.2,232.2,59.9,1103.1,63.9,2400,0.0,0.0,16280,-529,89,discharging,None,None
17:37:09.555,parallel,8.3,467.6,232.2,62.7,1103.0,61.1,2400,0.0,0.0,16233,-621,89,discharging,None,None
17:37:10.059,parallel,8.3,467.6,232.2,3.0,1103.0,59.5,2400,0.0,0.0,16284,-574,89,discharging,None,None
17:37:10.571,parallel,8.3,467.6,232.2,82.8,1107.3,63.9,2400,0.0,0.0,16253,-493,89,discharging,None,None
17:37:11.074,parallel,8.3,696.6,461.1,58.7,1110.0,60.6,2400,0.0,0.0,16233,-653,89,discharging,None,None
17:37:11.578,parallel,8.4,696.6,461.1,2.5,1110.0,59.0,2400,0.0,0.0,16285,-568,89,discharging,None,None
17:37:12.091,parallel,8.4,696.6,461.1,87.3,1110.0,64.5,2400,0.0,0.0,16251,-501,89,discharging,None,None
17:37:12.594,parallel,8.4,656.1,533.8,62.9,1109.8,60.0,2400,0.0,0.0,16239,-661,89,discharging,None,None
17:37:13.098,parallel,8.3,656.1,533.8,2.5,1105.5,59.0,2400,0.0,0.0,16286,-567,89,discharging,None,None
17:37:13.607,parallel,8.3,393.2,533.8,83.7,1105.5,62.2,2400,0.0,0.0,16245,-526,89,discharging,None,None
17:37:14.111,parallel,8.3,393.2,172.3,43.8,1105.2,60.6,2400,0.0,0.0,16254,-621,89,discharging,None,None
17:37:14.619,parallel,8.3,393.2,172.3,64.7,1105.2,63.9,2400,0.0,0.0,16279,-555,89,discharging,None,None
17:37:15.122,parallel,8.3,392.4,158.7,50.2,1105.2,63.4,2400,0.0,0.0,16274,-560,89,discharging,None,None
17:37:15.626,parallel,7.9,392.4,158.7,31.8,1105.4,62.8,2400,0.0,0.0,16278,-566,89,discharging,None,None
17:37:16.130,parallel,7.9,398.7,158.7,55.9,1103.8,60.0,2400,0.0,0.0,16236,-614,89,discharging,None,None
17:37:16.634,parallel,8.2,398.7,171.9,38.1,1103.8,60.6,2400,0.0,0.0,16280,-601,89,discharging,None,None
17:37:17.137,parallel,8.2,405.6,171.9,82.9,1103.8,63.4,2400,0.0,0.0,16245,-561,89,discharging,None,None
17:37:17.641,parallel,8.4,405.6,171.9,2.5,1104.2,60.0,1600,0.0,0.0,16274,-573,89,discharging,None,None
17:37:18.149,parallel,8.4,405.6,163.6,85.7,1104.7,64.5,2400,0.0,0.0,16252,-532,89,discharging,None,None
17:37:18.653,parallel,8.4,399.8,163.6,34.0,1104.5,60.0,2400,0.0,0.0,16245,-604,89,discharging,None,None
17:37:19.163,parallel,8.3,399.8,163.6,23.4,1103.2,61.1,2400,0.0,0.0,16285,-537,89,discharging,None,None
17:37:19.668,parallel,8.3,399.8,479.3,100.0,1103.6,65.0,2400,0.0,0.0,16247,-544,89,discharging,None,None
17:37:20.171,parallel,8.3,670.4,479.3,28.2,1103.5,60.0,2400,0.0,0.0,16257,-659,89,discharging,None,None
17:37:20.678,parallel,8.3,670.4,479.3,26.8,1103.5,63.4,2400,0.0,0.0,16287,-522,89,discharging,None,None
17:37:21.183,parallel,8.3,670.4,479.3,100.0,1103.7,64.5,2400,0.0,0.0,16247,-545,89,discharging,None,None
17:37:21.686,parallel,8.3,728.5,482.8,27.9,1103.0,60.0,2400,0.0,0.0,16251,-663,89,discharging,None,None
17:37:22.195,parallel,8.3,728.5,482.8,18.6,1102.2,62.2,2400,0.0,0.0,16285,-524,89,discharging,None,None
17:37:22.699,parallel,8.4,534.8,482.8,100.0,1102.2,65.5,2400,0.0,0.0,16241,-546,89,discharging,None,None
17:37:23.203,parallel,8.4,534.8,317.4,12.5,1101.7,59.5,2400,0.0,0.0,16272,-635,89,discharging,None,None
17:37:23.709,parallel,8.3,534.8,317.4,54.8,1101.7,63.9,2400,0.0,0.0,16287,-514,89,discharging,None,None
17:37:24.213,parallel,8.3,395.0,161.0,62.9,1101.3,62.2,2400,0.0,0.0,16247,-574,89,discharging,None,None
17:37:24.720,parallel,8.3,395.0,161.0,18.9,1101.3,62.2,2400,0.0,0.0,16276,-596,89,discharging,None,None
17:37:25.223,parallel,8.3,399.5,161.0,65.0,1101.0,60.6,2400,0.0,0.0,16241,-584,89,discharging,None,None
17:37:25.727,parallel,8.3,399.5,171.3,37.1,1101.0,60.6,2400,0.0,0.0,16255,-615,89,discharging,None,None
17:37:26.381,parallel,8.3,399.5,171.3,84.7,1101.0,64.5,2400,0.0,0.0,16244,-612,89,discharging,None,None
17:37:26.884,parallel,8.3,568.6,162.8,41.5,1101.0,62.2,2400,0.0,0.0,16275,-631,89,discharging,None,None
17:37:27.392,parallel,8.3,568.6,162.8,39.1,1101.0,63.9,2400,0.0,0.0,16279,-535,89,discharging,None,None
17:37:27.896,parallel,6.7,402.2,162.8,45.3,1101.0,59.5,1600,0.0,0.0,16249,-583,89,discharging,None,None
17:37:28.400,parallel,6.7,402.2,192.0,41.0,1103.2,60.0,2400,0.0,0.0,16265,-576,89,discharging,None,None
17:37:28.904,parallel,8.3,393.8,192.0,82.0,1103.8,60.6,2400,0.0,0.0,16239,-594,89,discharging,None,None
17:37:29.407,parallel,8.3,393.8,192.0,1.5,1103.8,60.0,2400,0.0,0.0,16279,-570,89,discharging,None,None
17:37:29.915,parallel,8.3,393.8,159.2,95.5,1103.8,65.0,2400,0.0,0.0,16247,-553,89,discharging,None,None
17:37:30.418,parallel,8.3,403.4,159.2,22.8,1106.9,61.1,2400,0.0,0.0,16269,-628,89,discharging,None,None
17:37:30.931,parallel,8.3,403.4,159.2,29.1,1107.8,62.8,2400,0.0,0.0,16285,-504,89,discharging,None,None
17:37:31.435,parallel,8.3,403.4,520.3,100.0,1107.8,65.0,2400,0.0,0.0,16238,-581,89,discharging,None,None
17:37:31.939,parallel,8.3,715.9,520.3,22.5,1106.6,60.6,2400,0.0,0.0,16272,-666,89,discharging,None,None
17:37:32.447,parallel,8.4,715.9,520.3,25.4,1106.8,63.4,2400,0.0,0.0,16286,-495,89,discharging,None,None
17:37:32.954,parallel,8.4,715.9,434.6,100.0,1106.8,65.0,2400,0.0,0.0,16238,-574,89,discharging,None,None
17:37:33.458,parallel,8.3,683.5,434.6,16.3,1105.6,59.5,2400,0.0,0.0,16271,-649,89,discharging,None,None
17:37:33.967,parallel,8.3,683.5,434.6,30.7,1105.4,62.2,2400,0.0,0.0,16285,-484,89,discharging,None,None
17:37:34.470,parallel,8.3,531.5,308.4,99.0,1105.4,64.5,2400,0.0,0.0,16234,-586,89,discharging,None,None
17:37:34.974,parallel,8.3,531.5,308.4,2.5,1104.1,60.6,2400,0.0,0.0,16272,-635,89,discharging,None,None
17:37:35.483,parallel,8.3,531.5,308.4,68.2,1104.1,64.5,2400,0.0,0.0,16267,-521,89,discharging,None,None
17:37:35.986,parallel,8.3,389.7,159.8,48.8,1103.2,61.1,2400,0.0,0.0,16255,-609,89,discharging,None,None
17:37:36.495,parallel,8.3,389.7,159.8,33.0,1103.2,63.9,2400,0.0,0.0,16283,-549,89,discharging,None,None
17:37:36.998,parallel,8.3,400.9,159.8,51.0,1102.6,60.0,2400,0.0,0.0,16235,-557,89,discharging,None,None
17:37:37.502,parallel,8.3,400.9,157.5,36.0,1102.8,60.6,2400,0.0,0.0,16255,-612,89,discharging,None,None
17:37:38.005,parallel,8.3,398.4,157.5,82.6,1102.7,62.2,2400,0.0,0.0,16241,-575,89,discharging,None,None
17:37:38.512,parallel,8.4,398.4,157.5,23.8,1102.7,61.1,2400,0.0,0.0,16276,-555,89,discharging,None,None
17:37:39.020,parallel,8.4,398.4,169.5,80.6,1102.9,65.5,2400,0.0,0.0,16272,-547,89,discharging,None,None
17:37:39.524,parallel,7.9,396.4,169.5,26.0,1102.8,60.0,2400,0.0,0.0,16261,-617,89,discharging,None,None
17:37:40.042,parallel,7.9,396.4,169.5,42.9,1102.6,63.4,2400,0.0,0.0,16285,-527,89,discharging,None,None
17:37:40.546,parallel,7.9,507.0,283.6,82.4,1102.4,61.7,2400,0.0,0.0,16235,-594,89,discharging,None,None
17:37:41.049,parallel,8.3,507.0,283.6,2.0,1102.2,59.5,2400,0.0,0.0,16275,-621,89,discharging,None,None
17:37:41.566,parallel,8.3,507.0,283.6,63.7,1103.7,63.4,2400,0.0,0.0,16284,-482,89,discharging,None,None
17:37:42.070,parallel,8.3,724.2,512.0,82.8,1105.2,61.7,2400,0.0,0.0,16236,-621,89,discharging,None,None
17:37:42.573,parallel,8.3,724.2,512.0,1.5,1107.6,60.0,2400,0.0,0.0,16274,-624,89,discharging,None,None
17:37:43.087,parallel,8.3,724.2,512.0,64.0,1108.0,63.9,2400,0.0,0.0,16286,-484,89,discharging,None,None
17:37:43.591,parallel,8.2,682.8,446.0,80.2,1108.0,61.1,2400,0.0,0.0,16235,-619,89,discharging,None,None
17:37:44.094,parallel,8.2,682.8,446.0,2.0,1107.3,59.5,2400,0.0,0.0,16272,-622,89,discharging,None,None
17:37:44.603,parallel,8.4,682.8,446.0,70.1,1107.3,65.0,2400,0.0,0.0,16278,-489,89,discharging,None,None
17:37:45.107,parallel,8.4,395.3,168.0,48.0,1106.6,60.0,2400,0.0,0.0,16242,-613,89,discharging,None,None
17:37:45.615,parallel,8.3,395.3,168.0,34.5,1107.4,63.9,2400,0.0,0.0,16281,-569,89,discharging,None,None
17:37:46.119,parallel,8.3,395.4,168.0,65.5,1107.2,62.8,2400,0.0,0.0,16236,-554,89,discharging,None,None
17:37:46.623,parallel,8.3,395.4,160.9,19.5,1107.2,60.0,2400,0.0,0.0,16261,-612,89,discharging,None,None
17:37:47.126,parallel,8.3,395.4,160.9,81.7,1106.5,61.7,2400,0.0,0.0,16247,-557,89,discharging,None,None
17:37:47.630,parallel,8.3,395.4,162.8,36.6,1107.2,61.7,2400,0.0,0.0,16271,-555,89,discharging,None,None
17:37:48.139,parallel,8.3,395.4,162.8,60.5,1106.0,65.0,2400,0.0,0.0,16274,-542,89,discharging,None,None
17:37:48.643,parallel,8.3,395.7,162.8,23.6,1106.4,60.0,2400,0.0,0.0,16246,-611,89,discharging,None,None
17:37:49.151,parallel,8.4,395.7,172.1,60.0,1106.2,63.4,2400,0.0,0.0,16273,-583,89,discharging,None,None
17:37:49.654,parallel,8.4,394.0,172.1,59.1,1107.0,60.6,2400,0.0,0.0,16236,-606,89,discharging,None,None
17:37:50.164,parallel,8.4,394.0,172.1,7.5,1106.0,61.1,2400,0.0,0.0,16280,-564,89,discharging,None,None
17:37:50.828,parallel,8.2,394.0,172.1,100.0,1106.0,64.5,2400,0.0,0.0,16238,-583,89,discharging,None,None
17:37:51.332,parallel,8.2,673.3,704.1,19.4,1105.2,59.5,2400,0.0,0.0,16271,-653,89,discharging,None,None
17:37:51.841,parallel,8.2,673.3,704.1,29.1,1105.2,62.8,2400,0.0,0.0,16285,-488,89,discharging,None,None
17:37:52.344,parallel,6.5,530.2,297.8,99.5,1105.0,65.0,2400,0.0,0.0,16237,-577,89,discharging,None,None
17:37:52.848,parallel,6.5,530.2,297.8,4.0,1104.5,59.5,2400,0.0,0.0,16272,-636,89,discharging,None,None
17:37:53.356,parallel,8.3,530.2,297.8,65.0,1104.8,65.0,2400,0.0,0.0,16274,-519,89,discharging,None,None
17:37:53.859,parallel,8.3,395.3,169.7,53.5,1105.2,61.1,2400,0.0,0.0,16263,-606,89,discharging,None,None
17:37:54.371,parallel,8.3,395.3,169.7,29.2,1105.7,62.2,2400,0.0,0.0,16282,-561,89,discharging,None,None
17:37:54.874,parallel,8.3,395.4,169.7,54.2,1106.2,60.6,2400,0.0,0.0,16233,-562,89,discharging,None,None
17:37:55.378,parallel,8.3,395.4,163.6,37.1,1106.2,60.0,2400,0.0,0.0,16242,-614,89,discharging,None,None
17:37:55.882,parallel,8.3,390.3,163.6,81.6,1105.6,62.2,2400,0.0,0.0,16242,-568,89,discharging,None,None
17:37:56.391,parallel,8.3,390.3,163.6,24.8,1105.6,61.7,2400,0.0,0.0,16271,-554,89,discharging,None,None
17:37:56.896,parallel,8.3,390.3,163.6,68.0,1105.6,65.0,2400,0.0,0.0,16279,-543,89,discharging,None,None
17:37:57.399,parallel,8.3,395.4,163.6,28.1,1104.4,61.1,2400,0.0,0.0,16254,-614,89,discharging,None,None
17:37:57.908,parallel,8.3,395.4,167.2,53.7,1104.4,63.4,2400,0.0,0.0,16283,-550,89,discharging,None,None
17:37:58.412,parallel,8.3,398.9,167.2,64.5,1104.3,60.6,2400,0.0,0.0,16231,-611,89,discharging,None,None
17:37:58.915,parallel,8.3,398.9,167.2,2.0,1104.1,59.5,2400,0.0,0.0,16280,-588,89,discharging,None,None
17:37:59.424,parallel,8.3,398.9,424.2,83.3,1104.1,65.0,2400,0.0,0.0,16256,-485,89,discharging,None,None
17:37:59.927,parallel,8.3,638.0,424.2,49.5,1104.3,60.6,2400,0.0,0.0,16227,-640,89,discharging,None,None
17:38:00.431,parallel,8.4,638.0,424.2,3.0,1104.3,59.5,2400,0.0,0.0,16281,-566,89,discharging,None,None
17:38:00.943,parallel,8.4,638.0,424.2,96.1,1104.3,64.5,2400,0.0,0.0,16245,-504,89,discharging,None,None
17:38:01.447,parallel,8.4,730.1,478.4,52.2,1103.6,61.1,2400,0.0,0.0,16229,-663,89,discharging,None,None
17:38:01.950,parallel,8.3,730.1,478.4,2.0,1102.9,59.0,2400,0.0,0.0,16279,-568,89,discharging,None,None
17:38:02.463,parallel,8.3,730.1,478.4,93.7,1102.9,64.5,2400,0.0,0.0,16245,-501,89,discharging,None,None
17:38:02.967,parallel,8.3,527.1,310.3,44.1,1102.7,61.1,2400,0.0,0.0,16234,-636,89,discharging,None,None
17:38:03.475,parallel,8.3,527.1,310.3,33.3,1102.7,63.9,2400,0.0,0.0,16278,-551,89,discharging,None,None
17:38:03.979,parallel,7.9,402.9,310.3,81.9,1102.4,65.0,2400,0.0,0.0,16234,-552,89,discharging,None,None
17:38:04.483,parallel,7.9,402.9,171.9,8.4,1102.4,60.0,2400,0.0,0.0,16274,-606,89,discharging,None,None
17:38:04.987,parallel,7.9,396.0,171.9,81.6,1102.0,61.7,2400,0.0,0.0,16246,-559,89,discharging,None,None
17:38:05.490,parallel,8.4,396.0,163.0,36.8,1102.4,60.6,2400,0.0,0.0,16270,-581,89,discharging,None,None
17:38:05.999,parallel,8.4,396.0,163.0,57.2,1103.4,63.9,2400,0.0,0.0,16275,-544,89,discharging,None,None
17:38:06.503,parallel,8.3,399.2,163.0,27.9,1103.4,60.0,2400,0.0,0.0,16242,-589,89,discharging,None,None
17:38:07.011,parallel,8.3,399.2,163.5,55.0,1103.1,62.8,2400,0.0,0.0,16255,-596,89,discharging,None,None
17:38:07.514,parallel,8.3,394.5,163.5,63.5,1103.1,59.5,2400,0.0,0.0,16238,-601,89,discharging,None,None
17:38:08.023,parallel,8.3,394.5,163.5,21.8,1102.4,63.4,2400,0.0,0.0,16278,-555,89,discharging,None,None
17:38:08.527,parallel,8.3,400.7,175.4,97.0,1102.4,64.5,2400,0.0,0.0,16248,-542,89,discharging,None,None
17:38:09.031,parallel,8.3,400.7,175.4,3.5,1102.4,59.5,2400,0.0,0.0,16269,-618,89,discharging,None,None
17:38:09.543,parallel,8.3,400.7,175.4,49.5,1102.8,63.4,2400,0.0,0.0,16282,-497,89,discharging,None,None
17:38:10.046,parallel,8.3,691.6,479.4,94.0,1102.9,62.8,2400,0.0,0.0,16233,-578,89,discharging,None,None
17:38:10.550,parallel,8.3,691.6,479.4,2.5,1103.3,59.5,2400,0.0,0.0,16268,-657,89,discharging,None,None
17:38:11.068,parallel,8.3,691.6,479.4,49.8,1103.1,63.4,2400,0.0,0.0,16281,-487,89,discharging,None,None
17:38:11.575,parallel,8.2,763.7,594.0,99.0,1103.1,64.5,2400,0.0,0.0,16235,-572,89,discharging,None,None
17:38:12.079,parallel,8.2,763.7,594.0,6.5,1102.3,60.0,2400,0.0,0.0,16260,-588,89,discharging,None,None
17:38:12.587,parallel,8.4,763.7,594.0,42.3,1102.3,63.4,2400,0.0,0.0,16264,-483,89,discharging,None,None
17:38:13.090,parallel,8.4,415.1,189.8,77.8,1102.1,61.1,2400,0.0,0.0,16230,-619,89,discharging,None,None
17:38:13.594,parallel,8.3,415.1,189.8,4.5,1102.1,59.5,1600,0.0,0.0,16279,-551,89,discharging,None,None
17:38:14.098,parallel,8.3,411.2,189.8,82.1,1101.8,61.1,2400,0.0,0.0,16234,-542,89,discharging,None,None
17:38:14.602,parallel,8.3,411.2,176.3,38.1,1101.8,60.6,2400,0.0,0.0,16269,-608,89,discharging,None,None
17:38:15.108,parallel,8.3,411.2,176.3,38.4,1101.6,62.2,2400,0.0,0.0,16276,-516,89,discharging,None,None
17:38:15.615,parallel,8.3,403.6,176.3,69.2,1101.8,63.4,2400,0.0,0.0,16256,-579,89,discharging,None,None
17:38:16.118,parallel,7.9,403.6,175.4,24.3,1101.6,59.5,2400,0.0,0.0,16271,-583,89,discharging,None,None
17:38:16.622,parallel,7.9,402.8,175.4,82.6,1101.6,62.8,2400,0.0,0.0,16267,-605,89,discharging,None,None
17:38:17.125,parallel,7.9,402.8,163.4,37.1,1101.4,61.7,2400,0.0,0.0,16270,-556,89,discharging,None,None
17:38:17.632,parallel,8.3,402.8,163.4,53.2,1101.4,64.5,2400,0.0,0.0,16275,-558,89,discharging,None,None
17:38:18.135,parallel,8.3,395.7,163.4,30.8,1101.2,59.5,2400,0.0,0.0,16230,-613,89,discharging,None,None
17:38:18.643,parallel,8.3,395.7,160.2,48.5,1101.6,62.2,2400,0.0,0.0,16280,-541,89,discharging,None,None
17:38:19.147,parallel,8.3,410.5,160.2,70.1,1101.6,61.1,2400,0.0,0.0,16235,-565,89,discharging,None,None
17:38:19.659,parallel,8.3,410.5,160.2,4.5,1101.9,59.5,2400,0.0,0.0,16268,-547,89,discharging,None,None
17:38:20.164,parallel,8.3,410.5,231.1,100.0,1101.9,63.9,2400,0.0,0.0,16237,-571,89,discharging,None,None
17:38:20.667,parallel,8.3,454.7,231.1,20.8,1101.6,60.6,2400,0.0,0.0,16267,-623,89,discharging,None,None
17:38:21.183,parallel,8.4,454.7,231.1,28.7,1101.4,62.8,2400,0.0,0.0,16282,-483,89,discharging,None,None
17:38:21.687,parallel,8.4,454.7,479.6,100.0,1101.4,65.0,2400,0.0,0.0,16229,-608,89,discharging,None,None
17:38:22.191,parallel,8.3,695.8,479.6,15.3,1101.2,60.0,2400,0.0,0.0,16268,-632,89,discharging,None,None
17:38:22.699,parallel,8.3,695.8,479.6,31.5,1101.2,63.4,2400,0.0,0.0,16281,-481,89,discharging,None,None
17:38:23.210,parallel,8.3,695.8,479.6,100.0,1101.2,64.5,2400,0.0,0.0,16232,-614,89,discharging,None,None
17:38:23.714,parallel,8.3,719.0,479.4,16.0,1102.0,60.0,1900,0.0,0.0,16269,-636,89,discharging,None,None
17:38:24.223,parallel,8.3,719.0,479.4,34.3,1102.0,62.8,2400,0.0,0.0,16288,-452,89,discharging,None,None
17:38:24.726,parallel,8.3,471.5,227.0,90.6,1102.0,62.8,2400,0.0,0.0,16232,-587,89,discharging,None,None
17:38:25.230,parallel,8.3,471.5,227.0,2.5,1101.7,59.5,2400,0.0,0.0,16275,-601,89,discharging,None,None
17:38:25.734,parallel,8.3,395.6,227.0,80.7,1101.7,64.5,2400,0.0,0.0,16239,-534,89,discharging,None,None
17:38:26.237,parallel,8.3,395.6,174.1,39.3,1101.5,60.6,2400,0.0,0.0,16231,-616,89,discharging,None,None
17:38:26.744,parallel,8.3,395.6,174.1,45.5,1101.5,64.5,2400,0.0,0.0,16276,-543,89,discharging,None,None
17:38:27.248,parallel,8.3,572.6,174.1,55.7,1101.5,60.6,2400,0.0,0.0,16249,-574,89,discharging,None,None
17:38:27.752,parallel,8.3,572.6,164.0,34.3,1102.2,59.5,2400,0.0,0.0,16276,-592,89,discharging,None,None
17:38:28.260,parallel,7.6,572.6,164.0,71.1,1102.4,64.5,2400,0.0,0.0,16245,-562,89,discharging,None,None
17:38:28.763,parallel,7.6,402.5,162.9,43.8,1102.4,63.9,2400,0.0,0.0,16269,-576,89,discharging,None,None
17:38:29.268,parallel,7.6,402.5,162.9,37.3,1102.2,63.4,2400,0.0,0.0,16275,-541,89,discharging,None,None
17:38:29.771,parallel,8.3,399.2,162.9,49.3,1102.2,60.0,2400,0.0,0.0,16242,-592,89,discharging,None,None
17:38:30.275,parallel,8.3,399.2,171.9,37.8,1101.5,60.6,2400,0.0,0.0,16252,-594,89,discharging,None,None
17:38:30.778,parallel,8.3,399.6,171.9,81.7,1101.5,62.2,2400,0.0,0.0,16234,-607,89,discharging,None,None
17:38:31.282,parallel,8.3,399.6,171.9,2.5,1101.5,60.0,2400,0.0,0.0,16276,-556,89,discharging,None,None
17:38:31.791,parallel,8.3,399.6,163.1,89.0,1101.5,63.9,2400,0.0,0.0,16240,-535,89,discharging,None,None
17:38:32.294,parallel,8.3,411.4,163.1,29.4,1101.7,61.1,2400,0.0,0.0,16266,-615,89,discharging,None,None
17:38:32.807,parallel,8.3,411.4,163.1,21.8,1101.7,61.1,2400,0.0,0.0,16280,-496,89,discharging,None,None
17:38:33.311,parallel,8.3,411.4,467.7,100.0,1101.7,65.0,2400,0.0,0.0,16231,-574,89,discharging,None,None
17:38:33.815,parallel,8.3,672.5,467.7,20.8,1101.7,60.0,2400,0.0,0.0,16265,-652,89,discharging,None,None
17:38:34.323,parallel,8.4,672.5,467.7,28.6,1101.7,62.2,2400,0.0,0.0,16280,-486,89,discharging,None,None
17:38:34.827,parallel,8.4,672.5,467.7,100.0,1101.7,65.0,2400,0.0,0.0,16233,-577,89,discharging,None,None
17:38:35.330,parallel,8.4,743.8,504.2,28.9,1101.2,60.0,2400,0.0,0.0,16265,-659,89,discharging,None,None
17:38:35.839,parallel,8.3,743.8,504.2,21.4,1102.3,62.2,2400,0.0,0.0,16281,-490,89,discharging,None,None
17:38:36.343,parallel,8.3,487.2,255.3,99.5,1102.3,63.9,2400,0.0,0.0,16230,-577,89,discharging,None,None
17:38:36.847,parallel,8.3,487.2,255.3,4.0,1103.3,60.0,2400,0.0,0.0,16268,-624,89,discharging,None,None
17:38:37.355,parallel,8.3,487.2,255.3,63.7,1103.3,65.0,2400,0.0,0.0,16261,-518,89,discharging,None,None
17:38:37.859,parallel,8.3,415.4,171.4,55.7,1103.1,61.1,2400,0.0,0.0,16248,-617,89,discharging,None,None
17:38:38.367,parallel,8.3,415.4,171.4,26.4,1103.1,63.4,2400,0.0,0.0,16280,-554,89,discharging,None,None
17:38:38.871,parallel,8.3,407.4,171.4,58.9,1102.6,60.6,2400,0.0,0.0,16229,-555,89,discharging,None,None
17:38:39.375,parallel,8.3,407.4,339.0,53.0,1102.6,60.0,2400,0.0,0.0,16241,-637,89,discharging,None,None
17:38:39.878,parallel,8.3,401.2,339.0,82.2,1102.4,63.4,2400,0.0,0.0,16238,-593,89,discharging,None,None
17:38:40.382,parallel,7.6,401.2,339.0,1.5,1102.4,60.6,2400,0.0,0.0,16268,-557,89,discharging,None,None
17:38:40.891,parallel,7.6,401.2,160.8,82.1,1102.4,63.9,2400,0.0,0.0,16243,-542,89,discharging,None,None
17:38:41.395,parallel,7.6,409.7,160.8,37.6,1102.1,60.6,2400,0.0,0.0,16248,-616,89,discharging,None,None
17:38:41.909,parallel,8.3,409.7,160.8,21.6,1102.1,62.2,2400,0.0,0.0,16278,-528,89,discharging,None,None
17:38:42.413,parallel,8.3,409.7,461.9,100.0,1102.1,65.5,2400,0.0,0.0,16234,-559,89,discharging,None,None
17:38:42.917,parallel,8.3,639.0,461.9,22.4,1101.7,60.0,2400,0.0,0.0,16264,-654,89,discharging,None,None
17:38:43.423,parallel,8.3,639.0,461.9,25.0,1101.7,61.7,2400,0.0,0.0,16279,-503,89,discharging,None,None
17:38:43.935,parallel,8.2,639.0,461.9,100.0,1101.7,65.0,2400,0.0,0.0,16235,-563,89,discharging,None,None
17:38:44.438,parallel,8.2,791.3,535.3,36.6,1101.7,61.1,2400,0.0,0.0,16241,-682,89,discharging,None,None
17:38:44.947,parallel,8.2,791.3,535.3,10.6,1101.2,62.2,2400,0.0,0.0,16277,-526,89,discharging,None,None
17:38:45.455,parallel,8.4,556.4,535.3,100.0,1101.2,65.0,2400,0.0,0.0,16236,-542,89,discharging,None,None
17:38:45.959,parallel,8.4,556.4,350.3,25.6,1101.2,60.0,2400,0.0,0.0,16254,-642,89,discharging,None,None
17:38:46.467,parallel,8.2,556.4,350.3,43.0,1101.2,64.5,2400,0.0,0.0,16279,-518,89,discharging,None,None
17:38:46.971,parallel,8.2,391.4,157.6,74.0,1101.2,62.2,2400,0.0,0.0,16231,-561,89,discharging,None,None
17:38:47.479,parallel,8.2,391.4,157.6,7.5,1101.2,61.1,2400,0.0,0.0,16267,-602,89,discharging,None,None
17:38:47.982,parallel,8.4,392.1,157.6,74.8,1101.0,61.1,2400,0.0,0.0,16236,-584,89,discharging,None,None
17:38:48.486,parallel,8.4,392.1,169.8,38.0,1101.8,60.6,2400,0.0,0.0,16253,-612,89,discharging,None,None
17:38:48.995,parallel,8.3,392.1,169.8,70.5,1102.3,65.5,2400,0.0,0.0,16264,-541,89,discharging,None,None
17:38:49.500,parallel,8.3,402.5,169.8,16.8,1102.3,60.0,1900,0.0,0.0,16265,-556,89,discharging,None,None
17:38:50.005,parallel,8.3,402.5,163.5,66.0,1103.3,62.8,2400,0.0,0.0,16248,-552,89,discharging,None,None
17:38:50.508,parallel,8.3,403.2,163.5,49.7,1103.3,60.6,2400,0.0,0.0,16226,-604,89,discharging,None,None
17:38:51.020,parallel,8.3,403.2,175.7,34.8,1103.1,62.8,2400,0.0,0.0,16276,-553,89,discharging,None,None
17:38:51.580,parallel,8.4,403.2,175.7,97.3,1102.8,63.9,2400,0.0,0.0,16240,-553,89,discharging,None,None
17:38:52.084,parallel,8.4,570.4,175.7,11.1,1102.1,59.5,2400,0.0,0.0,16251,-656,89,discharging,None,None
17:38:52.592,parallel,8.4,570.4,158.1,69.3,1102.1,65.0,2400,0.0,0.0,16279,-542,89,discharging,None,None
17:38:53.096,parallel,6.7,397.7,158.1,47.5,1102.1,60.6,2400,0.0,0.0,16226,-610,89,discharging,None,None
17:38:53.618,parallel,6.7,397.7,158.1,8.7,1102.1,61.1,2400,0.0,0.0,16278,-503,89,discharging,None,None
17:38:54.123,parallel,8.3,397.7,468.5,100.0,1102.8,65.5,2400,0.0,0.0,16231,-574,89,discharging,None,None
17:38:54.627,parallel,8.3,656.3,468.5,33.8,1103.0,60.0,2400,0.0,0.0,16264,-650,89,discharging,None,None
17:38:55.135,parallel,8.4,656.3,468.5,13.6,1102.6,61.1,2400,0.0,0.0,16279,-488,89,discharging,None,None
17:38:55.639,parallel,8.4,656.3,374.4,100.0,1103.0,64.5,2400,0.0,0.0,16229,-586,89,discharging,None,None
17:38:56.143,parallel,8.4,644.4,374.4,19.4,1103.1,60.0,2400,0.0,0.0,16266,-627,89,discharging,None,None
17:38:56.652,parallel,8.3,644.4,374.4,27.5,1103.5,62.2,2400,0.0,0.0,16279,-478,89,discharging,None,None
17:38:57.155,parallel,8.3,543.2,327.9,100.0,1105.7,64.5,2400,0.0,0.0,16227,-611,89,discharging,None,None
17:38:57.659,parallel,8.3,543.2,327.9,4.5,1105.8,60.0,2400,0.0,0.0,16270,-612,89,discharging,None,None
17:38:58.167,parallel,8.3,543.2,327.9,61.7,1104.9,63.4,2400,0.0,0.0,16243,-520,89,discharging,None,None
17:38:58.671,parallel,8.3,395.6,170.1,58.1,1108.0,61.1,2400,0.0,0.0,16225,-614,89,discharging,None,None
17:38:59.180,parallel,8.3,395.6,170.1,25.0,1108.0,62.8,2400,0.0,0.0,16275,-545,89,discharging,None,None
17:38:59.683,parallel,8.3,395.4,170.1,58.3,1109.8,60.0,1600,0.0,0.0,16237,-552,89,discharging,None,None
17:39:00.187,parallel,8.2,395.4,176.8,39.7,1109.4,59.5,2400,0.0,0.0,16264,-575,89,discharging,None,None
17:39:00.690,parallel,8.2,392.4,176.8,82.2,1109.4,63.4,2400,0.0,0.0,16233,-583,89,discharging,None,None
17:39:01.199,parallel,8.4,392.4,176.8,18.6,1107.2,62.8,2400,0.0,0.0,16273,-560,89,discharging,None,None
17:39:01.704,parallel,8.4,392.4,162.2,69.0,1108.7,63.9,2400,0.0,0.0,16251,-542,89,discharging,None,None
17:39:02.208,parallel,8.4,393.1,162.2,31.3,1108.2,60.0,2400,0.0,0.0,16266,-607,89,discharging,None,None
17:39:02.717,parallel,8.3,393.1,167.4,50.0,1110.1,64.5,2400,0.0,0.0,16266,-546,89,discharging,None,None
17:39:03.221,parallel,8.3,398.7,167.4,67.7,1109.6,62.2,2400,0.0,0.0,16226,-613,89,discharging,None,None
17:39:03.724,parallel,8.3,398.7,167.4,10.4,1109.6,59.0,2400,0.0,0.0,16271,-568,89,discharging,None,None
17:39:04.236,parallel,8.3,398.7,167.4,78.5,1109.0,63.4,2400,0.0,0.0,16247,-513,89,discharging,None,None
17:39:04.740,parallel,7.9,773.1,575.7,78.0,1109.1,61.1,2400,0.0,0.0,16226,-672,89,discharging,None,None
17:39:05.244,parallel,7.9,773.1,575.7,2.0,1109.2,60.0,2400,0.0,0.0,16276,-578,89,discharging,None,None
17:39:05.751,parallel,7.9,773.1,575.7,66.8,1109.2,63.9,2400,0.0,0.0,16244,-491,89,discharging,None,None
17:39:06.255,parallel,8.2,760.9,510.2,86.6,1108.3,62.8,2400,0.0,0.0,16225,-668,89,discharging,None,None
17:39:06.759,parallel,8.2,760.9,510.2,3.0,1108.3,60.0,2400,0.0,0.0,16272,-593,89,discharging,None,None
17:39:07.267,parallel,8.3,760.9,510.2,58.2,1107.2,63.4,2400,0.0,0.0,16258,-481,89,discharging,None,None
17:39:07.770,parallel,8.3,481.7,248.4,65.0,1108.6,61.7,2400,0.0,0.0,16225,-622,89,discharging,None,None
17:39:08.279,parallel,8.3,481.7,248.4,6.5,1107.8,60.6,2400,0.0,0.0,16272,-558,89,discharging,None,None
17:39:08.784,parallel,8.4,397.4,248.4,79.3,1107.8,61.1,2400,0.0,0.0,16230,-556,89,discharging,None,None
17:39:09.288,parallel,8.4,397.4,169.6,36.9,1107.1,60.0,2400,0.0,0.0,16263,-618,89,discharging,None,None
17:39:09.796,parallel,8.3,397.4,169.6,68.0,1108.1,65.5,2400,0.0,0.0,16245,-551,89,discharging,None,None
17:39:10.301,parallel,8.3,392.9,169.6,46.3,1107.1,62.2,2400,0.0,0.0,16268,-551,89,discharging,None,None
17:39:10.808,parallel,8.3,392.9,175.0,39.2,1107.1,63.9,2400,0.0,0.0,16268,-528,89,discharging,None,None
17:39:11.311,parallel,8.3,400.1,175.0,51.7,1106.6,60.6,2400,0.0,0.0,16228,-600,89,discharging,None,None
17:39:11.815,parallel,8.3,400.1,171.9,37.8,1105.7,60.0,2400,0.0,0.0,16260,-600,89,discharging,None,None
17:39:12.319,parallel,8.3,399.5,171.9,82.7,1105.7,62.2,2400,0.0,0.0,16233,-596,89,discharging,None,None
17:39:12.822,parallel,8.3,399.5,171.9,2.5,1104.3,59.5,2400,0.0,0.0,16272,-558,89,discharging,None,None
17:39:13.328,parallel,8.3,399.5,175.2,86.6,1104.3,64.5,2400,0.0,0.0,16238,-533,89,discharging,None,None
17:39:13.832,parallel,8.3,408.2,175.2,32.0,1103.2,61.1,2400,0.0,0.0,16258,-616,89,discharging,None,None
17:39:14.343,parallel,8.3,408.2,175.2,18.1,1104.0,61.1,2400,0.0,0.0,16277,-510,89,discharging,None,None
17:39:14.847,parallel,8.3,408.2,430.3,100.0,1105.1,65.5,2400,0.0,0.0,16231,-562,89,discharging,None,None
17:39:15.351,parallel,8.3,635.0,430.3,11.9,1104.8,60.0,1900,0.0,0.0,16263,-630,89,discharging,None,None
17:39:15.859,parallel,8.3,635.0,430.3,31.5,1104.8,62.8,2400,0.0,0.0,16284,-454,89,discharging,None,None
17:39:16.370,parallel,8.3,635.0,430.3,100.0,1104.8,63.9,2400,0.0,0.0,16234,-548,89,discharging,None,None
17:39:16.874,parallel,8.3,716.1,511.1,16.1,1103.8,61.1,2400,0.0,0.0,16265,-642,89,discharging,None,None
17:39:17.383,parallel,8.3,716.1,511.1,33.0,1103.3,62.8,2400,0.0,0.0,16278,-482,89,discharging,None,None
17:39:17.886,parallel,8.3,366.7,156.1,73.4,1102.9,61.7,2400,0.0,0.0,16235,-579,89,discharging,None,None
17:39:18.399,parallel,8.3,366.7,156.1,2.0,1102.9,60.6,2400,0.0,0.0,16272,-590,89,discharging,None,None
17:39:18.903,parallel,8.3,363.9,156.1,71.4,1102.9,61.1,2400,0.0,0.0,16234,-551,89,discharging,None,None
17:39:19.406,parallel,8.3,363.9,152.3,32.8,1104.0,60.0,2400,0.0,0.0,16235,-596,89,discharging,None,None
17:39:19.914,parallel,8.3,363.5,152.3,72.6,1104.8,63.9,2400,0.0,0.0,16254,-535,89,discharging,None,None
17:39:20.418,parallel,8.3,363.5,152.3,20.7,1103.8,62.2,2400,0.0,0.0,16265,-539,89,discharging,None,None
17:39:20.923,parallel,8.3,363.5,148.8,56.5,1103.8,63.9,2400,0.0,0.0,16273,-535,89,discharging,None,None
17:39:21.426,parallel,8.3,374.2,148.8,34.8,1103.8,59.5,2400,0.0,0.0,16238,-586,89,discharging,None,None
17:39:21.935,parallel,8.3,374.2,152.9,41.8,1103.1,62.2,2400,0.0,0.0,16276,-544,89,discharging,None,None
17:39:22.439,parallel,8.3,364.6,152.9,65.0,1103.1,60.0,2400,0.0,0.0,16225,-595,89,discharging,None,None
17:39:22.943,parallel,8.3,364.6,152.9,0.0,1102.9,58.4,2400,0.0,0.0,16274,-566,89,discharging,None,None
17:39:23.451,parallel,8.3,364.6,300.2,83.2,1102.9,63.4,2400,0.0,0.0,16242,-482,89,discharging,None,None
17:39:23.954,parallel,8.3,526.3,300.2,29.1,1102.9,60.0,2400,0.0,0.0,16245,-602,89,discharging,None,None
17:39:24.463,parallel,8.3,526.3,300.2,15.9,1103.7,61.1,2400,0.0,0.0,16275,-519,89,discharging,None,None
17:39:24.976,parallel,8.3,526.3,300.2,100.0,1103.8,64.5,2400,0.0,0.0,16233,-540,89,discharging,None,None
17:39:25.480,parallel,8.3,672.5,455.0,19.5,1103.4,59.5,2400,0.0,0.0,16256,-641,89,discharging,None,None
17:39:25.989,parallel,8.3,672.5,455.0,27.5,1103.1,61.1,1900,0.0,0.0,16278,-500,89,discharging,None,None
17:39:26.493,parallel,8.3,460.0,247.1,91.1,1103.1,61.7,2400,0.0,0.0,16228,-547,89,discharging,None,None
17:39:26.996,parallel,8.3,460.0,247.1,0.0,1102.7,59.0,2400,0.0,0.0,16266,-603,89,discharging,None,None
17:39:27.500,parallel,8.3,362.8,247.1,74.5,1102.7,63.4,2400,0.0,0.0,16261,-521,89,discharging,None,None
17:39:28.003,parallel,8.3,362.8,147.8,32.8,1102.2,60.0,2400,0.0,0.0,16252,-594,89,discharging,None,None
17:39:28.511,parallel,8.3,362.8,147.8,46.3,1102.2,63.4,2400,0.0,0.0,16278,-538,89,discharging,None,None
17:39:29.021,parallel,8.3,362.1,147.8,34.5,1104.7,60.6,2400,0.0,0.0,16238,-539,89,discharging,None,None
17:39:29.526,parallel,8.3,362.1,149.6,43.4,1105.2,62.2,2400,0.0,0.0,16247,-592,89,discharging,None,None
17:39:30.030,parallel,8.3,364.5,149.6,58.0,1106.9,60.0,2400,0.0,0.0,16226,-609,89,discharging,None,None
17:39:30.533,parallel,8.3,364.5,149.4,32.3,1106.9,60.6,2400,0.0,0.0,16272,-556,89,discharging,None,None
17:39:31.037,parallel,8.3,363.6,149.4,74.8,1106.4,61.1,2400,0.0,0.0,16237,-554,89,discharging,None,None
17:39:31.541,parallel,8.3,363.6,149.4,0.0,1108.0,58.4,1500,0.0,0.0,16264,-602,88,discharging,None,None
17:39:32.055,parallel,8.3,363.6,149.4,71.9,1109.9,63.4,2400,0.0,0.0,16278,-469,88,discharging,None,None
17:39:32.559,parallel,8.3,543.9,388.5,55.4,1108.5,60.0,2400,0.0,0.0,16223,-594,88,discharging,None,None
17:39:33.062,parallel,8.3,543.9,388.5,0.0,1108.4,59.5,2400,0.0,0.0,16273,-584,88,discharging,None,None
17:39:33.575,parallel,8.3,543.9,388.5,89.7,1108.4,63.4,2400,0.0,0.0,16248,-476,88,discharging,None,None
17:39:34.079,parallel,8.3,599.9,378.3,30.7,1107.0,59.0,2400,0.0,0.0,16225,-617,88,discharging,None,None
17:39:34.588,parallel,8.3,599.9,378.3,13.5,1107.0,61.1,2400,0.0,0.0,16274,-540,88,discharging,None,None
17:39:35.092,parallel,8.3,415.7,219.0,98.5,1106.6,63.9,2400,0.0,0.0,16232,-523,88,discharging,None,None
17:39:35.596,parallel,8.3,415.7,219.0,0.0,1106.0,59.0,2400,0.0,0.0,16265,-606,88,discharging,None,None
17:39:36.103,parallel,8.3,361.5,219.0,72.9,1105.6,63.9,2400,0.0,0.0,16277,-520,88,discharging,None,None
17:39:36.607,parallel,8.3,361.5,152.8,34.0,1105.5,59.5,2400,0.0,0.0,16263,-566,88,discharging,None,None
17:39:37.115,parallel,8.3,361.5,152.8,43.0,1104.6,62.8,2400,0.0,0.0,16271,-555,88,discharging,None,None
17:39:37.619,parallel,8.3,376.7,152.8,34.8,1106.4,59.5,2400,0.0,0.0,16227,-552,88,discharging,None,None
17:39:38.128,parallel,8.3,376.7,150.7,43.1,1106.2,61.1,2400,0.0,0.0,16234,-581,88,discharging,None,None
17:39:38.632,parallel,8.3,363.7,150.7,64.0,1106.2,60.6,2400,0.0,0.0,16232,-566,88,discharging,None,None
17:39:39.139,parallel,8.3,363.7,151.4,31.7,1106.0,61.7,2400,0.0,0.0,16269,-539,88,discharging,None,None
17:39:39.643,parallel,8.3,363.5,151.4,75.2,1107.9,61.7,2400,0.0,0.0,16264,-532,88,discharging,None,None
17:39:40.146,parallel,8.3,363.5,151.4,0.5,1107.8,59.0,2400,0.0,0.0,16263,-595,88,discharging,None,None
17:39:40.651,parallel,8.3,363.5,307.3,64.5,1107.8,62.8,2400,0.0,0.0,16276,-507,88,discharging,None,None
17:39:41.155,parallel,8.3,496.7,307.3,52.0,1107.2,60.0,2400,0.0,0.0,16223,-601,88,discharging,None,None
17:39:41.658,parallel,8.3,496.7,307.3,0.5,1108.3,58.4,2400,0.0,0.0,16271,-594,88,discharging,None,None
17:39:42.171,parallel,8.3,496.7,307.3,91.7,1108.6,63.4,2400,0.0,0.0,16258,-473,88,discharging,None,None
17:39:42.675,parallel,8.3,761.2,538.5,60.9,1108.0,60.6,2400,0.0,0.0,16225,-631,88,discharging,None,None
17:39:43.178,parallel,8.3,761.2,538.5,0.0,1107.8,59.0,2400,0.0,0.0,16268,-594,88,discharging,None,None
17:39:43.683,parallel,8.3,761.2,538.5,83.7,1108.2,63.9,2400,0.0,0.0,16270,-474,88,discharging,None,None
17:39:44.187,parallel,8.3,433.3,232.8,27.9,1106.8,59.5,2400,0.0,0.0,16222,-603,88,discharging,None,None
17:39:44.695,parallel,8.3,433.3,232.8,39.0,1106.8,63.9,2400,0.0,0.0,16273,-555,88,discharging,None,None
17:39:45.198,parallel,8.3,363.4,150.1,67.8,1106.3,62.2,2400,0.0,0.0,16227,-538,88,discharging,None,None
17:39:45.707,parallel,8.3,363.4,150.1,8.9,1106.3,60.6,2400,0.0,0.0,16268,-595,88,discharging,None,None
17:39:46.211,parallel,8.3,362.3,150.1,66.0,1105.9,60.0,2400,0.0,0.0,16237,-550,88,discharging,None,None
17:39:46.714,parallel,8.3,362.3,151.4,33.2,1105.9,59.5,2400,0.0,0.0,16263,-559,88,discharging,None,None
17:39:47.218,parallel,8.3,368.0,151.4,77.0,1104.9,63.4,1900,0.0,0.0,16268,-535,88,discharging,None,None
17:39:47.727,parallel,8.3,368.0,151.4,2.0,1104.9,60.0,2400,0.0,0.0,16260,-567,88,discharging,None,None
17:39:48.233,parallel,8.3,368.0,148.8,77.7,1104.3,63.9,2400,0.0,0.0,16246,-553,88,discharging,None,None
17:39:48.736,parallel,8.3,363.9,148.8,26.5,1104.8,59.5,2400,0.0,0.0,16223,-595,88,discharging,None,None
17:39:49.244,parallel,8.3,363.9,148.8,36.5,1104.6,62.2,2400,0.0,0.0,16272,-512,88,discharging,None,None
17:39:49.748,parallel,8.3,499.5,337.7,85.1,1109.2,61.7,2400,0.0,0.0,16220,-619,88,discharging,None,None
17:39:50.251,parallel,8.3,499.5,337.7,2.0,1108.2,60.0,2400,0.0,0.0,16272,-577,88,discharging,None,None
17:39:50.760,parallel,8.3,499.5,337.7,59.9,1107.8,62.2,2400,0.0,0.0,16238,-480,88,discharging,None,None
17:39:51.263,parallel,8.3,700.1,463.4,81.6,1107.0,61.1,2400,0.0,0.0,16220,-649,88,discharging,None,None
17:39:51.767,parallel,8.3,700.1,463.4,0.0,1107.0,59.0,2400,0.0,0.0,16273,-568,88,discharging,None,None
17:39:52.275,parallel,8.3,700.1,463.4,61.7,1106.1,62.8,1900,0.0,0.0,16236,-491,88,discharging,None,None
17:39:52.778,parallel,8.3,503.4,297.4,60.6,1106.1,59.5,2400,0.0,0.0,16234,-607,88,discharging,None,None
17:39:53.287,parallel,8.3,503.4,297.4,3.5,1105.5,59.5,2400,0.0,0.0,16273,-514,88,discharging,None,None
17:39:53.791,parallel,8.3,361.7,297.4,76.0,1105.5,61.1,2400,0.0,0.0,16227,-538,88,discharging,None,None
17:39:54.295,parallel,8.3,361.7,152.8,27.4,1106.5,59.5,2400,0.0,0.0,16266,-596,88,discharging,None,None
17:39:54.798,parallel,8.3,361.1,152.8,73.5,1106.0,63.4,2400,0.0,0.0,16232,-567,88,discharging,None,None
17:39:55.302,parallel,8.3,361.1,151.5,34.5,1106.0,62.2,2400,0.0,0.0,16267,-577,88,discharging,None,None
17:39:55.811,parallel,8.3,361.1,151.5,43.3,1106.0,65.0,2400,0.0,0.0,16262,-532,88,discharging,None,None
17:39:56.315,parallel,8.3,362.6,151.5,31.9,1105.7,59.0,2400,0.0,0.0,16263,-556,88,discharging,None,None
17:39:56.825,parallel,8.3,362.6,151.4,46.0,1105.7,62.2,2400,0.0,0.0,16236,-546,88,discharging,None,None
17:39:57.329,parallel,8.3,364.3,151.4,60.8,1105.0,60.6,2400,0.0,0.0,16222,-594,88,discharging,None,None
17:39:57.836,parallel,8.3,364.3,151.4,3.4,1104.6,59.5,1500,0.0,0.0,16278,-522,88,discharging,None,None
17:39:58.340,parallel,8.3,364.3,367.5,100.0,1104.6,62.2,2400,0.0,0.0,16235,-505,88,discharging,None,None
17:39:58.844,parallel,8.3,536.7,367.5,25.9,1104.3,59.5,2400,0.0,0.0,16261,-608,88,discharging,None,None
17:39:59.352,parallel,8.3,536.7,367.5,19.2,1104.3,62.2,2400,0.0,0.0,16275,-485,88,discharging,None,None
17:39:59.860,parallel,8.3,536.7,430.8,100.0,1105.0,64.5,2400,0.0,0.0,16225,-574,88,discharging,None,None
17:40:00.363,parallel,8.3,659.3,430.8,14.1,1104.6,59.0,2400,0.0,0.0,16259,-637,88,discharging,None,None
17:40:00.871,parallel,10.7,659.3,430.8,40.8,1104.6,63.4,2400,0.0,0.0,16266,-490,88,discharging,None,None
17:40:01.375,parallel,10.7,571.6,347.7,99.5,1104.3,63.9,2400,0.0,0.0,16223,-612,88,discharging,None,None
17:40:01.878,parallel,7.9,571.6,347.7,4.0,1103.5,58.4,2400,0.0,0.0,16262,-626,88,discharging,None,None
17:40:02.387,parallel,7.9,571.6,347.7,59.2,1103.5,63.4,2400,0.0,0.0,16257,-508,88,discharging,None,None
17:40:02.891,parallel,7.9,395.1,173.2,58.9,1103.5,61.1,2400,0.0,0.0,16235,-613,88,discharging,None,None
17:40:03.399,parallel,8.3,395.1,173.2,23.4,1103.4,63.4,2400,0.0,0.0,16273,-551,88,discharging,None,None
17:40:03.903,parallel,8.3,399.4,173.2,60.4,1104.3,60.0,2400,0.0,0.0,16223,-554,88,discharging,None,None
17:40:04.407,parallel,8.3,399.4,163.0,36.3,1104.3,59.5,2400,0.0,0.0,16247,-614,88,discharging,None,None
17:40:04.910,parallel,8.3,395.4,163.0,81.7,1103.9,62.8,2400,0.0,0.0,16233,-575,88,discharging,None,None
17:40:05.415,parallel,8.3,395.4,163.0,22.5,1103.9,62.8,2400,0.0,0.0,16264,-554,88,discharging,None,None
17:40:05.923,parallel,8.3,395.4,164.0,61.7,1103.7,63.9,2400,0.0,0.0,16264,-542,88,discharging,None,None
17:40:06.426,parallel,8.3,393.9,164.0,34.8,1103.4,59.5,2400,0.0,0.0,16251,-613,88,discharging,None,None
17:40:06.944,parallel,8.4,393.9,178.9,48.5,1103.2,62.2,2400,0.0,0.0,16266,-562,88,discharging,None,None
17:40:07.447,parallel,8.4,397.0,178.9,70.0,1104.1,60.6,2400,0.0,0.0,16220,-617,88,discharging,None,None
17:40:07.951,parallel,8.3,397.0,178.9,1.5,1103.6,59.0,1900,0.0,0.0,16270,-572,88,discharging,None,None
17:40:08.463,parallel,8.3,397.0,178.9,80.8,1103.6,63.9,2400,0.0,0.0,16250,-471,88,discharging,None,None
17:40:08.966,parallel,8.3,658.3,459.4,58.0,1103.4,60.6,2400,0.0,0.0,16218,-628,88,discharging,None,None
17:40:09.470,parallel,8.3,658.3,459.4,2.0,1103.4,59.0,2400,0.0,0.0,16269,-564,88,discharging,None,None
17:40:09.979,parallel,8.3,658.3,459.4,87.6,1103.9,64.5,2400,0.0,0.0,16234,-505,88,discharging,None,None
17:40:10.482,parallel,8.3,713.2,564.9,64.9,1104.3,60.0,2400,0.0,0.0,16220,-664,88,discharging,None,None
17:40:10.986,parallel,8.3,713.2,564.9,1.5,1103.8,59.5,2400,0.0,0.0,16269,-567,88,discharging,None,None
17:40:11.494,parallel,8.4,393.1,564.9,83.6,1103.8,62.8,2400,0.0,0.0,16233,-508,88,discharging,None,None
17:40:11.998,parallel,8.4,393.1,177.1,36.5,1103.8,60.0,2400,0.0,0.0,16236,-616,88,discharging,None,None
17:40:12.507,parallel,8.4,393.1,177.1,52.8,1103.8,63.4,2400,0.0,0.0,16270,-547,88,discharging,None,None
17:40:13.015,parallel,8.2,567.1,177.1,70.8,1103.1,63.4,2400,0.0,0.0,16239,-567,88,discharging,None,None
17:40:13.519,parallel,8.2,567.1,176.1,8.4,1103.1,59.5,2400,0.0,0.0,16260,-597,88,discharging,None,None
17:40:14.022,parallel,8.0,397.1,176.1,81.1,1102.7,63.9,2400,0.0,0.0,16239,-555,88,discharging,None,None
17:40:14.526,parallel,8.0,397.1,162.8,37.3,1102.7,60.0,2400,0.0,0.0,16259,-596,88,discharging,None,None
17:40:15.032,parallel,8.0,397.1,162.8,44.8,1102.7,64.5,2400,0.0,0.0,16268,-543,88,discharging,None,None
17:40:15.535,parallel,8.3,399.0,162.8,39.3,1102.7,60.0,2400,0.0,0.0,16228,-574,88,discharging,None,None
17:40:16.044,parallel,8.3,399.0,159.4,41.4,1102.4,62.2,2400,0.0,0.0,16230,-600,88,discharging,None,None
17:40:16.547,parallel,8.3,399.2,159.4,76.4,1102.4,59.5,2400,0.0,0.0,16225,-597,88,discharging,None,None
17:40:17.055,parallel,8.3,399.2,159.4,20.5,1102.8,62.2,2400,0.0,0.0,16265,-557,88,discharging,None,None
17:40:17.562,parallel,8.3,399.2,171.4,85.8,1102.8,64.5,2400,0.0,0.0,16251,-540,88,discharging,None,None
17:40:18.065,parallel,8.3,394.1,171.4,13.9,1102.4,60.6,2400,0.0,0.0,16258,-615,88,discharging,None,None
17:40:18.580,parallel,8.3,394.1,171.4,50.2,1102.4,63.9,2400,0.0,0.0,16272,-510,88,discharging,None,None
17:40:19.083,parallel,8.2,569.9,356.8,82.2,1101.9,61.1,2400,0.0,0.0,16222,-591,88,discharging,None,None
17:40:19.587,parallel,8.2,569.9,356.8,2.0,1101.9,59.5,2400,0.0,0.0,16261,-622,88,discharging,None,None
17:40:20.099,parallel,8.4,569.9,356.8,64.0,1102.9,63.9,2400,0.0,0.0,16272,-483,88,discharging,None,None
17:40:20.602,parallel,8.4,671.3,426.4,72.8,1104.3,61.1,2400,0.0,0.0,16222,-620,88,discharging,None,None
17:40:21.106,parallel,8.4,671.3,426.4,2.5,1104.0,59.5,2400,0.0,0.0,16265,-609,88,discharging,None,None
17:40:21.620,parallel,8.4,671.3,426.4,73.0,1104.0,63.9,2400,0.0,0.0,16262,-480,88,discharging,None,None
17:40:22.124,parallel,8.4,627.0,416.2,65.0,1103.8,62.2,2400,0.0,0.0,16220,-636,88,discharging,None,None
17:40:22.627,parallel,8.3,627.0,416.2,3.5,1103.8,59.0,2400,0.0,0.0,16265,-601,88,discharging,None,None
17:40:23.132,parallel,8.3,395.3,416.2,82.0,1103.3,61.7,2400,0.0,0.0,16238,-502,88,discharging,None,None
17:40:23.636,parallel,8.3,395.3,164.3,36.6,1103.3,59.5,2400,0.0,0.0,16218,-613,88,discharging,None,None
17:40:24.144,parallel,8.3,395.3,164.3,54.9,1103.1,63.9,2400,0.0,0.0,16267,-545,88,discharging,None,None
17:40:24.648,parallel,8.3,403.9,164.3,60.1,1103.1,63.4,2400,0.0,0.0,16224,-556,88,discharging,None,None
17:40:25.153,parallel,8.3,403.9,167.6,30.0,1102.8,62.8,2400,0.0,0.0,16257,-614,88,discharging,None,None
17:40:25.656,parallel,8.3,402.0,167.6,68.2,1103.2,60.6,2400,0.0,0.0,16228,-605,88,discharging,None,None
17:40:26.161,parallel,7.9,402.0,161.4,37.3,1103.2,61.1,2400,0.0,0.0,16264,-575,88,discharging,None,None
17:40:26.668,parallel,7.9,402.0,161.4,77.3,1103.7,64.5,2400,0.0,0.0,16255,-538,88,discharging,None,None
17:40:27.172,parallel,8.4,400.4,161.4,7.5,1103.7,59.5,2400,0.0,0.0,16260,-597,88,discharging,None,None
17:40:27.680,parallel,8.4,400.4,169.3,75.9,1105.2,65.0,2400,0.0,0.0,16246,-567,88,discharging,None,None
17:40:28.183,parallel,8.4,411.5,169.3,45.3,1104.8,61.7,2400,0.0,0.0,16222,-619,88,discharging,None,None
17:40:28.690,parallel,8.3,411.5,169.3,21.3,1104.8,61.7,2400,0.0,0.0,16269,-559,88,discharging,None,None
17:40:29.195,parallel,8.3,411.5,278.9,100.0,1106.0,64.5,2400,0.0,0.0,16236,-510,88,discharging,None,None
17:40:29.698,parallel,8.3,512.4,278.9,8.4,1108.7,59.5,2400,0.0,0.0,16250,-614,88,discharging,None,None
17:40:30.211,parallel,8.3,512.4,278.9,40.4,1111.6,63.4,2400,0.0,0.0,16271,-511,88,discharging,None,None
17:40:30.714,parallel,8.3,706.7,492.9,99.5,1111.6,64.5,2400,0.0,0.0,16226,-559,88,discharging,None,None
17:40:31.218,parallel,8.3,706.7,492.9,6.4,1113.1,60.0,2400,0.0,0.0,16256,-657,88,discharging,None,None
17:40:31.727,parallel,8.3,706.7,492.9,42.0,1113.1,63.9,2400,0.0,0.0,16270,-505,88,discharging,None,None
17:40:32.231,parallel,8.2,691.6,492.9,100.0,1113.1,64.5,2400,0.0,0.0,16227,-563,88,discharging,None,None
17:40:32.734,parallel,8.2,691.6,475.9,9.9,1112.7,60.0,2400,0.0,0.0,16244,-666,88,discharging,None,None
17:40:33.242,parallel,8.3,691.6,475.9,46.8,1109.3,63.9,2400,0.0,0.0,16269,-510,88,discharging,None,None
17:40:33.746,parallel,8.3,407.1,175.5,73.4,1109.3,61.1,2400,0.0,0.0,16220,-563,88,discharging,None,None
17:40:34.252,parallel,8.3,407.1,175.5,9.9,1107.8,60.6,2400,0.0,0.0,16257,-618,88,discharging,None,None
17:40:34.755,parallel,8.3,399.4,175.5,75.1,1107.6,61.1,2400,0.0,0.0,16234,-556,88,discharging,None,None
17:40:35.259,parallel,8.3,399.4,163.4,36.8,1107.4,60.0,2400,0.0,0.0,16246,-609,88,discharging,None,None
17:40:35.766,parallel,8.3,399.4,163.4,70.4,1107.4,65.0,2400,0.0,0.0,16268,-543,88,discharging,None,None
17:40:36.270,parallel,8.3,398.9,163.4,28.5,1105.7,63.9,2400,0.0,0.0,16240,-560,88,discharging,None,None
17:40:37.019,parallel,8.3,398.9,163.4,67.2,1105.7,65.0,2400,0.0,0.0,16229,-591,88,discharging,None,None
17:40:37.522,parallel,8.3,562.9,163.4,36.1,1105.1,61.1,2400,0.0,0.0,16256,-600,88,discharging,None,None
17:40:38.031,parallel,8.3,562.9,171.3,47.0,1105.2,61.7,2400,0.0,0.0,16246,-546,88,discharging,None,None
17:40:38.535,parallel,7.5,393.4,171.3,72.5,1105.2,61.1,2400,0.0,0.0,16219,-616,88,discharging,None,None
17:40:39.043,parallel,7.5,393.4,171.3,24.1,1105.2,61.7,2400,0.0,0.0,16271,-558,88,discharging,None,None
17:40:39.548,parallel,8.3,393.4,167.4,87.3,1105.2,65.0,2400,0.0,0.0,16219,-575,88,discharging,None,None
17:40:40.052,parallel,8.3,397.1,167.4,10.0,1104.6,59.0,2400,0.0,0.0,16261,-588,88,discharging,None,None
17:40:40.562,parallel,8.3,397.1,167.4,53.2,1104.6,63.4,2400,0.0,0.0,16242,-505,88,discharging,None,None
17:40:41.066,parallel,8.3,552.3,368.2,76.4,1104.2,61.7,2400,0.0,0.0,16215,-637,88,discharging,None,None
17:40:41.570,parallel,8.3,552.3,368.2,2.5,1104.2,59.5,2400,0.0,0.0,16266,-563,88,discharging,None,None
17:40:42.081,parallel,8.4,552.3,368.2,69.5,1104.2,63.4,2400,0.0,0.0,16231,-510,88,discharging,None,None
17:40:42.585,parallel,8.4,711.1,484.4,74.4,1103.0,60.6,2400,0.0,0.0,16217,-657,88,discharging,None,None
17:40:43.088,parallel,8.3,711.1,484.4,2.0,1102.8,59.5,2400,0.0,0.0,16267,-555,88,discharging,None,None
17:40:43.600,parallel,8.3,711.1,484.4,71.8,1103.2,64.5,2400,0.0,0.0,16231,-516,88,discharging,None,None
17:40:44.104,parallel,8.3,567.2,336.9,61.5,1103.0,60.6,2400,0.0,0.0,16227,-641,88,discharging,None,None
17:40:44.613,parallel,8.3,567.2,336.9,3.4,1103.0,59.5,2400,0.0,0.0,16266,-534,88,discharging,None,None
17:40:45.117,parallel,8.3,395.6,336.9,86.3,1102.4,63.4,2400,0.0,0.0,16221,-555,88,discharging,None,None
17:40:45.622,parallel,8.3,395.6,160.9,31.3,1102.4,59.5,2400,0.0,0.0,16259,-614,88,discharging,None,None
17:40:46.131,parallel,8.3,395.6,160.9,64.9,1102.1,64.5,2400,0.0,0.0,16230,-557,88,discharging,None,None
17:40:46.634,parallel,8.2,396.9,171.3,54.2,1102.1,63.9,2400,0.0,0.0,16256,-591,88,discharging,None,None
17:40:47.140,parallel,8.2,396.9,171.3,30.3,1102.3,62.8,2400,0.0,0.0,16264,-547,88,discharging,None,None
17:40:47.644,parallel,8.2,401.7,171.3,55.9,1102.3,60.0,2400,0.0,0.0,16228,-582,88,discharging,None,None
17:40:48.148,parallel,8.4,401.7,159.4,37.1,1101.9,60.0,2400,0.0,0.0,16228,-596,88,discharging,None,None
17:40:48.651,parallel,8.4,399.4,159.4,82.3,1101.9,62.8,2400,0.0,0.0,16222,-601,88,discharging,None,None
17:40:49.155,parallel,8.3,399.4,159.4,10.9,1101.9,60.6,1900,0.0,0.0,16256,-564,88,discharging,None,None
17:40:49.663,parallel,8.3,399.4,173.0,88.5,1101.9,65.0,2400,0.0,0.0,16243,-533,88,discharging,None,None
17:40:50.167,parallel,7.9,395.0,173.0,32.5,1101.7,60.0,2400,0.0,0.0,16256,-597,88,discharging,None,None
17:40:50.679,parallel,7.9,395.0,173.0,25.9,1101.7,62.8,2400,0.0,0.0,16270,-503,88,discharging,None,None
17:40:51.184,parallel,7.9,395.0,401.0,100.0,1102.0,66.7,2400,0.0,0.0,16222,-590,88,discharging,None,None
17:40:51.689,parallel,8.3,600.7,401.0,10.3,1101.8,59.0,2400,0.0,0.0,16257,-631,88,discharging,None,None
17:40:52.202,parallel,8.3,600.7,401.0,38.9,1101.9,62.8,2400,0.0,0.0,16271,-484,88,discharging,None,None
17:40:52.706,parallel,8.3,707.8,449.4,100.0,1101.9,65.5,2400,0.0,0.0,16220,-613,88,discharging,None,None
17:40:53.210,parallel,8.3,707.8,449.4,7.0,1101.7,59.5,2400,0.0,0.0,16258,-629,88,discharging,None,None
17:40:53.719,parallel,8.3,707.8,449.4,41.3,1101.7,64.5,2400,0.0,0.0,16268,-481,88,discharging,None,None
17:40:54.222,parallel,8.3,523.3,348.2,91.1,1101.2,62.8,2400,0.0,0.0,16220,-615,88,discharging,None,None
17:40:54.726,parallel,8.3,523.3,348.2,2.5,1102.1,60.0,2400,0.0,0.0,16260,-608,88,discharging,None,None
17:40:55.229,parallel,8.3,392.8,348.2,78.5,1102.1,63.4,2400,0.0,0.0,16229,-530,88,discharging,None,None
17:40:55.733,parallel,8.3,392.8,160.0,40.1,1102.9,60.6,2400,0.0,0.0,16218,-613,88,discharging,None,None
17:40:56.240,parallel,8.3,392.8,160.0,43.6,1103.8,64.5,2400,0.0,0.0,16265,-544,88,discharging,None,None
17:40:56.744,parallel,8.3,397.0,160.0,45.5,1104.0,61.7,2400,0.0,0.0,16237,-555,88,discharging,None,None
17:40:57.251,parallel,8.3,397.0,168.8,37.6,1103.5,60.6,2400,0.0,0.0,16258,-587,88,discharging,None,None
17:40:57.754,parallel,8.3,395.2,168.8,77.2,1103.5,61.7,2400,0.0,0.0,16221,-614,88,discharging,None,None
17:40:58.258,parallel,8.3,395.2,162.9,34.5,1103.3,64.5,2400,0.0,0.0,16265,-570,88,discharging,None,None
17:40:58.762,parallel,8.3,395.2,162.9,68.2,1103.3,65.5,2400,0.0,0.0,16234,-544,88,discharging,None,None
17:40:59.265,parallel,8.3,406.9,162.9,18.5,1103.1,60.6,2400,0.0,0.0,16253,-603,88,discharging,None,None
17:40:59.772,parallel,8.3,406.9,203.3,63.9,1103.1,63.4,2400,0.0,0.0,16262,-526,88,discharging,None,None
17:41:00.275,parallel,8.3,408.5,203.3,58.9,1103.1,60.6,2400,0.0,0.0,16216,-601,88,discharging,None,None
17:41:00.779,parallel,8.3,408.5,203.3,2.0,1103.1,59.0,2400,0.0,0.0,16265,-558,88,discharging,None,None
17:41:01.514,parallel,8.3,408.5,203.3,91.1,1102.8,63.9,2400,0.0,0.0,16222,-594,88,discharging,None,None
17:41:02.017,parallel,8.3,823.3,672.2,35.6,1102.4,60.6,2400,0.0,0.0,16249,-674,88,discharging,None,None
17:41:02.524,parallel,8.3,823.3,672.2,12.9,1102.4,61.7,2400,0.0,0.0,16269,-504,88,discharging,None,None
17:41:03.032,parallel,6.2,823.3,672.2,100.0,1102.4,64.5,2400,0.0,0.0,16226,-561,88,discharging,None,None
17:41:03.535,parallel,6.2,619.9,461.3,36.0,1102.1,60.0,2400,0.0,0.0,16243,-660,88,discharging,None,None
17:41:04.043,parallel,8.4,619.9,461.3,30.3,1101.9,63.9,2400,0.0,0.0,16267,-516,88,discharging,None,None
17:41:04.547,parallel,8.4,401.9,158.8,83.3,1101.9,64.5,2400,0.0,0.0,16218,-566,88,discharging,None,None
17:41:05.050,parallel,8.3,401.9,158.8,6.9,1101.7,60.0,2400,0.0,0.0,16255,-606,88,discharging,None,None
17:41:05.554,parallel,8.3,395.9,158.8,82.1,1101.7,62.2,2400,0.0,0.0,16223,-582,88,discharging,None,None
17:41:06.057,parallel,8.3,395.9,161.0,37.4,1101.4,61.1,2400,0.0,0.0,16243,-615,88,discharging,None,None
17:41:06.564,parallel,8.3,395.9,161.0,54.0,1101.4,64.5,2400,0.0,0.0,16257,-538,88,discharging,None,None
17:41:07.067,parallel,8.3,398.7,161.0,29.1,1101.2,60.0,2400,0.0,0.0,16253,-556,88,discharging,None,None
17:41:07.579,parallel,8.3,398.7,169.5,52.7,1101.2,62.8,2400,0.0,0.0,16240,-570,88,discharging,None,None
17:41:08.082,parallel,8.3,398.7,169.5,65.2,1101.0,61.1,2400,0.0,0.0,16214,-616,88,discharging,None,None
17:41:08.592,parallel,8.3,398.7,169.5,22.0,1101.0,62.8,2400,0.0,0.0,16264,-555,88,discharging,None,None
17:41:09.095,parallel,8.3,394.6,167.2,93.1,1101.0,64.5,2400,0.0,0.0,16223,-560,88,discharging,None,None
17:41:09.599,parallel,8.3,394.6,167.2,3.5,1101.0,59.0,1900,0.0,0.0,16253,-613,88,discharging,None,None
17:41:10.112,parallel,8.4,394.6,167.2,51.7,1101.2,62.2,2400,0.0,0.0,16273,-463,88,discharging,None,None
17:41:10.616,parallel,8.4,663.3,467.8,91.6,1101.2,62.8,2400,0.0,0.0,16220,-582,88,discharging,None,None
17:41:11.119,parallel,8.3,663.3,467.8,1.5,1101.2,59.5,2400,0.0,0.0,16256,-619,88,discharging,None,None
17:41:11.631,parallel,8.3,663.3,467.8,54.7,1102.0,63.9,2400,0.0,0.0,16268,-483,88,discharging,None,None
17:41:12.134,parallel,8.3,752.4,495.9,97.0,1101.9,63.9,2400,0.0,0.0,16219,-620,88,discharging,None,None
17:41:12.638,parallel,8.3,752.4,495.9,1.5,1101.9,60.0,2400,0.0,0.0,16255,-631,88,discharging,None,None
17:41:13.147,parallel,8.3,752.4,495.9,47.5,1101.9,63.4,2400,0.0,0.0,16267,-479,88,discharging,None,None
17:41:13.714,parallel,8.2,810.4,501.1,87.7,1101.9,61.7,2400,0.0,0.0,16217,-608,88,discharging,None,None
17:41:14.217,parallel,8.2,810.4,501.1,2.5,1101.6,59.5,2400,0.0,0.0,16254,-634,88,discharging,None,None
17:41:14.724,parallel,8.2,810.4,501.1,40.8,1101.6,63.9,2400,0.0,0.0,16267,-456,88,discharging,None,None
17:41:15.227,parallel,7.3,406.0,175.6,77.5,1101.6,61.1,2400,0.0,0.0,16216,-574,88,discharging,None,None
17:41:15.736,parallel,7.3,406.0,175.6,3.5,1101.6,60.0,2400,0.0,0.0,16256,-616,88,discharging,None,None
17:41:16.240,parallel,8.4,393.6,175.6,79.2,1101.6,60.6,2400,0.0,0.0,16229,-547,88,discharging,None,None
17:41:16.743,parallel,8.4,393.6,170.2,37.8,1101.6,60.0,2400,0.0,0.0,16230,-614,88,discharging,None,None
17:41:17.251,parallel,8.3,393.6,170.2,65.5,1101.4,65.0,2400,0.0,0.0,16265,-543,88,discharging,None,None
17:41:17.756,parallel,8.3,399.2,170.2,34.8,1103.8,62.2,2400,0.0,0.0,16237,-553,88,discharging,None,None
17:41:18.260,parallel,8.3,399.2,163.4,47.0,1104.5,62.8,2400,0.0,0.0,16239,-586,88,discharging,None,None
17:41:18.764,parallel,8.4,399.3,163.4,55.0,1104.5,60.6,2400,0.0,0.0,16219,-609,88,discharging,None,None
17:41:19.268,parallel,8.4,399.3,158.1,36.0,1104.5,61.1,2400,0.0,0.0,16263,-554,88,discharging,None,None
17:41:19.772,parallel,8.3,402.8,158.1,83.1,1104.8,63.4,2400,0.0,0.0,16235,-541,88,discharging,None,None
17:41:20.275,parallel,8.3,402.8,158.1,2.0,1103.5,59.5,1600,0.0,0.0,16252,-615,88,discharging,None,None
17:41:20.783,parallel,8.3,402.8,289.6,78.0,1103.5,63.9,2400,0.0,0.0,16267,-502,88,discharging,None,None
17:41:21.287,parallel,8.3,503.9,289.6,52.7,1104.2,60.0,2400,0.0,0.0,16213,-602,88,discharging,None,None
17:41:21.790,parallel,8.3,503.9,289.6,2.0,1104.0,59.5,2400,0.0,0.0,16263,-589,88,discharging,None,None
17:41:22.303,parallel,8.3,503.9,289.6,92.1,1107.7,64.5,2400,0.0,0.0,16243,-477,88,discharging,None,None
17:41:22.807,parallel,8.3,703.8,469.9,51.0,1107.7,60.6,2400,0.0,0.0,16214,-653,88,discharging,None,None
17:41:23.311,parallel,8.5,703.8,469.9,2.0,1106.5,59.5,2400,0.0,0.0,16261,-591,88,discharging,None,None
17:41:23.823,parallel,8.5,703.8,469.9,95.6,1106.1,64.5,2400,0.0,0.0,16221,-571,88,discharging,None,None
17:41:24.326,parallel,8.5,663.7,439.0,42.3,1105.6,60.6,2400,0.0,0.0,16254,-650,88,discharging,None,None
17:41:24.836,parallel,8.3,663.7,439.0,8.5,1105.2,61.1,2400,0.0,0.0,16266,-489,88,discharging,None,None
17:41:25.344,parallel,8.3,398.6,439.0,100.0,1105.2,65.0,2400,0.0,0.0,16215,-588,88,discharging,None,None
17:41:25.847,parallel,8.3,398.6,178.8,18.5,1103.8,60.6,2400,0.0,0.0,16250,-624,88,discharging,None,None
17:41:26.355,parallel,8.3,398.6,178.8,71.0,1103.8,64.5,2400,0.0,0.0,16222,-560,88,discharging,None,None
17:41:26.859,parallel,7.9,396.0,169.9,48.8,1103.4,61.7,2400,0.0,0.0,16217,-616,88,discharging,None,None
17:41:27.367,parallel,7.9,396.0,169.9,32.7,1103.4,63.4,2400,0.0,0.0,16258,-543,88,discharging,None,None
17:41:27.871,parallel,7.9,407.1,169.9,51.2,1104.0,60.6,2400,0.0,0.0,16244,-559,88,discharging,None,None
17:41:28.374,parallel,8.3,407.1,158.4,36.0,1104.0,61.1,2400,0.0,0.0,16255,-575,88,discharging,None,None
17:41:28.878,parallel,8.3,391.6,158.4,81.1,1105.7,62.8,2400,0.0,0.0,16218,-611,88,discharging,None,None
17:41:29.387,parallel,8.4,391.6,158.4,16.7,1105.7,62.8,2400,0.0,0.0,16263,-563,88,discharging,None,None
17:41:29.892,parallel,8.4,391.6,160.1,77.0,1106.7,64.5,2400,0.0,0.0,16223,-555,88,discharging,None,None
17:41:30.396,parallel,8.4,403.2,160.1,25.7,1108.4,60.0,2400,0.0,0.0,16251,-613,88,discharging,None,None
17:41:30.908,parallel,8.3,403.2,224.3,49.0,1108.8,62.8,2400,0.0,0.0,16254,-533,88,discharging,None,None
17:41:31.411,parallel,8.3,459.1,224.3,74.5,1108.2,62.2,2400,0.0,0.0,16212,-625,88,discharging,None,None
17:41:31.915,parallel,8.3,459.1,224.3,1.5,1107.8,59.5,2400,0.0,0.0,16260,-577,88,discharging,None,None
17:41:32.426,parallel,8.3,459.1,224.3,71.6,1108.2,63.4,2400,0.0,0.0,16227,-518,88,discharging,None,None
17:41:32.929,parallel,8.3,727.4,537.6,76.2,1107.5,61.7,2400,0.0,0.0,16210,-673,88,discharging,None,None
17:41:33.433,parallel,8.3,727.4,537.6,2.0,1108.5,60.0,2400,0.0,0.0,16263,-572,88,discharging,None,None
17:41:33.951,parallel,8.3,727.4,537.6,70.0,1108.5,64.5,2400,0.0,0.0,16226,-505,88,discharging,None,None
17:41:34.454,parallel,8.3,660.5,484.4,76.6,1108.0,61.1,2400,0.0,0.0,16215,-661,88,discharging,None,None
17:41:34.958,parallel,8.3,660.5,484.4,2.0,1107.1,59.5,2400,0.0,0.0,16261,-565,88,discharging,None,None
17:41:35.461,parallel,8.3,395.3,484.4,81.0,1107.1,64.5,2400,0.0,0.0,16221,-525,88,discharging,None,None
17:41:35.965,parallel,8.3,395.3,163.0,37.1,1106.0,60.6,2400,0.0,0.0,16238,-614,88,discharging,None,None
17:41:36.472,parallel,8.3,395.3,163.0,45.8,1106.2,63.9,2400,0.0,0.0,16254,-539,88,discharging,None,None
17:41:36.976,parallel,8.3,399.3,163.0,57.4,1105.6,63.4,2400,0.0,0.0,16247,-556,88,discharging,None,None
17:41:37.484,parallel,8.3,399.3,159.9,24.8,1105.6,62.2,2400,0.0,0.0,16253,-569,88,discharging,None,None
17:41:37.989,parallel,8.3,399.3,159.9,99.5,1105.4,64.5,2400,0.0,0.0,16223,-613,88,discharging,None,None
17:41:38.493,parallel,8.3,571.5,174.4,44.2,1105.0,61.7,2400,0.0,0.0,16245,-653,88,discharging,None,None
17:41:39.000,parallel,7.5,571.5,174.4,36.6,1105.4,63.9,2400,0.0,0.0,16264,-536,88,discharging,None,None
17:41:39.503,parallel,7.5,404.4,174.4,48.3,1105.4,60.6,2400,0.0,0.0,16234,-564,88,discharging,None,None
17:41:40.007,parallel,7.5,404.4,163.6,36.6,1105.2,60.0,2400,0.0,0.0,16226,-591,88,discharging,None,None
17:41:40.510,parallel,8.4,410.2,163.6,83.5,1105.2,62.2,2400,0.0,0.0,16221,-606,88,discharging,None,None
17:41:41.020,parallel,8.4,410.2,163.6,8.5,1103.8,60.0,1600,0.0,0.0,16261,-554,88,discharging,None,None
17:41:41.525,parallel,8.3,410.2,191.4,89.8,1103.8,63.9,2400,0.0,0.0,16246,-521,88,discharging,None,None
17:41:42.028,parallel,8.3,407.2,191.4,28.0,1103.3,60.6,2400,0.0,0.0,16252,-604,88,discharging,None,None
17:41:42.540,parallel,8.3,407.2,191.4,35.1,1103.3,62.8,2400,0.0,0.0,16265,-513,88,discharging,None,None
17:41:43.044,parallel,8.3,578.2,379.7,98.5,1103.3,64.5,2400,0.0,0.0,16215,-601,88,discharging,None,None
17:41:43.548,parallel,8.3,578.2,379.7,3.0,1105.2,59.5,2400,0.0,0.0,16252,-626,88,discharging,None,None
17:41:44.067,parallel,8.4,578.2,379.7,47.3,1106.4,63.4,2400,0.0,0.0,16264,-485,88,discharging,None,None
17:41:44.570,parallel,8.4,725.5,482.4,99.0,1106.4,65.0,2400,0.0,0.0,16214,-618,88,discharging,None,None
17:41:45.074,parallel,8.3,725.5,482.4,2.5,1105.9,59.5,2400,0.0,0.0,16252,-626,88,discharging,None,None
17:41:45.584,parallel,8.3,725.5,482.4,46.5,1105.9,63.9,2400,0.0,0.0,16264,-483,88,discharging,None,None
17:41:46.087,parallel,8.3,579.8,372.9,88.7,1104.3,62.2,2400,0.0,0.0,16213,-618,88,discharging,None,None
17:41:46.591,parallel,8.3,579.8,372.9,2.5,1104.3,60.0,2400,0.0,0.0,16254,-614,88,discharging,None,None
17:41:47.099,parallel,8.3,579.8,372.9,72.6,1104.3,63.9,2400,0.0,0.0,16236,-514,88,discharging,None,None
17:41:47.603,parallel,8.3,395.0,166.3,44.8,1105.0,60.0,2400,0.0,0.0,16213,-614,88,discharging,None,None
17:41:48.107,parallel,8.3,395.0,166.3,37.9,1104.6,63.9,2400,0.0,0.0,16261,-547,88,discharging,None,None
17:41:48.615,parallel,8.3,399.5,166.3,53.2,1104.6,61.7,2400,0.0,0.0,16215,-557,88,discharging,None,None
17:41:49.118,parallel,8.3,399.5,171.5,31.2,1104.0,59.5,2400,0.0,0.0,16247,-606,88,discharging,None,None
17:41:49.622,parallel,8.3,399.4,171.5,82.7,1104.7,61.1,2400,0.0,0.0,16221,-591,88,discharging,None,None
17:41:50.130,parallel,8.3,399.4,171.5,42.0,1103.6,63.9,2400,0.0,0.0,16252,-569,88,discharging,None,None
17:41:50.635,parallel,8.3,399.4,176.4,66.5,1103.6,65.0,2400,0.0,0.0,16242,-555,88,discharging,None,None
17:41:51.138,parallel,7.9,394.7,176.4,22.7,1103.2,60.6,1900,0.0,0.0,16251,-614,88,discharging,None,None
17:41:51.643,parallel,7.9,394.7,186.9,61.3,1106.8,64.5,2400,0.0,0.0,16263,-530,88,discharging,None,None
17:41:52.147,parallel,7.9,407.1,186.9,61.6,1106.7,60.6,2400,0.0,0.0,16211,-596,88,discharging,None,None
17:41:52.650,parallel,8.3,407.1,186.9,2.5,1114.2,60.0,2400,0.0,0.0,16261,-572,88,discharging,None,None
17:41:53.162,parallel,8.3,407.1,394.3,84.6,1116.1,64.5,2400,0.0,0.0,16229,-493,88,discharging,None,None
17:41:53.666,parallel,8.3,671.2,394.3,52.9,1118.3,61.1,2400,0.0,0.0,16209,-644,88,discharging,None,None
17:41:54.169,parallel,8.3,671.2,394.3,3.5,1116.8,59.5,2400,0.0,0.0,16261,-560,88,discharging,None,None
17:41:54.679,parallel,8.3,671.2,394.3,93.1,1116.8,64.5,2400,0.0,0.0,16227,-509,88,discharging,None,None
17:41:55.183,parallel,8.3,754.7,504.3,59.2,1115.2,62.2,2400,0.0,0.0,16211,-673,88,discharging,None,None
17:41:55.686,parallel,8.3,754.7,504.3,2.0,1115.2,59.5,2400,0.0,0.0,16262,-572,88,discharging,None,None
17:41:56.203,parallel,8.3,754.7,504.3,86.5,1114.4,64.5,2400,0.0,0.0,16226,-498,88,discharging,None,None
17:41:56.706,parallel,8.3,561.6,389.0,48.5,1113.3,60.6,2400,0.0,0.0,16214,-640,88,discharging,None,None
17:41:57.215,parallel,8.4,561.6,389.0,19.4,1112.4,62.2,2400,0.0,0.0,16261,-551,88,discharging,None,None
17:41:57.723,parallel,8.4,397.1,389.0,82.3,1112.4,64.5,2400,0.0,0.0,16219,-552,88,discharging,None,None
17:41:58.227,parallel,8.4,397.1,170.3,20.1,1109.4,60.0,2400,0.0,0.0,16250,-618,88,discharging,None,None
17:41:58.734,parallel,8.3,395.4,170.3,81.6,1109.4,64.5,2400,0.0,0.0,16235,-547,88,discharging,None,None
17:41:59.238,parallel,8.3,395.4,162.9,37.3,1108.7,61.7,2400,0.0,0.0,16250,-567,88,discharging,None,None
17:41:59.744,parallel,8.3,395.4,162.9,46.8,1109.2,63.9,2400,0.0,0.0,16253,-548,88,discharging,None,None
17:42:00.248,parallel,8.3,399.0,162.9,38.8,1109.1,60.0,2400,0.0,0.0,16212,-603,88,discharging,None,None
17:42:00.756,parallel,8.3,399.0,161.0,44.3,1109.1,61.7,2400,0.0,0.0,16240,-610,88,discharging,None,None
17:42:01.259,parallel,8.3,399.8,161.0,74.9,1108.7,61.1,2400,0.0,0.0,16219,-587,88,discharging,None,None
17:42:01.767,parallel,8.3,399.8,161.0,10.4,1108.7,59.5,1600,0.0,0.0,16255,-556,88,discharging,None,None
17:42:02.271,parallel,8.3,399.8,367.2,82.0,1106.5,64.5,2400,0.0,0.0,16228,-501,88,discharging,None,None
17:42:02.774,parallel,8.3,399.5,367.2,46.5,1116.4,60.6,2400,0.0,0.0,16212,-622,88,discharging,None,None
17:42:03.278,parallel,8.0,399.5,367.2,2.5,1116.9,59.5,2400,0.0,0.0,16262,-558,88,discharging,None,None
17:42:03.790,parallel,8.0,399.5,367.2,98.5,1116.1,65.5,2400,0.0,0.0,16230,-498,88,discharging,None,None
17:42:04.294,parallel,8.0,782.0,645.6,58.9,1115.7,61.1,2400,0.0,0.0,16212,-674,88,discharging,None,None
17:42:04.798,parallel,8.3,782.0,645.6,2.5,1114.6,60.0,2400,0.0,0.0,16260,-591,88,discharging,None,None
17:42:05.311,parallel,8.3,782.0,645.6,86.7,1112.6,64.5,2400,0.0,0.0,16241,-485,88,discharging,None,None
17:42:05.814,parallel,8.2,640.8,422.5,54.4,1114.0,60.6,2400,0.0,0.0,16211,-653,88,discharging,None,None
17:42:06.324,parallel,8.2,640.8,422.5,4.5,1112.2,59.5,2400,0.0,0.0,16259,-583,88,discharging,None,None
17:42:06.828,parallel,8.4,399.4,422.5,91.7,1112.0,62.8,2400,0.0,0.0,16225,-506,88,discharging,None,None
17:42:07.332,parallel,8.4,399.4,163.1,23.9,1111.5,60.0,2400,0.0,0.0,16221,-616,88,discharging,None,None
17:42:07.837,parallel,8.4,399.4,163.1,65.8,1110.9,65.0,2400,0.0,0.0,16260,-543,88,discharging,None,None
17:42:08.340,parallel,8.3,395.6,171.0,53.7,1109.2,62.8,2400,0.0,0.0,16229,-555,88,discharging,None,None
17:42:08.848,parallel,8.3,395.6,171.0,30.5,1108.8,63.4,2400,0.0,0.0,16253,-592,88,discharging,None,None
17:42:09.352,parallel,8.3,398.1,171.0,54.2,1107.8,61.1,2400,0.0,0.0,16218,-612,88,discharging,None,None
17:42:09.855,parallel,8.3,398.1,171.9,38.3,1111.1,60.6,2400,0.0,0.0,16259,-592,88,discharging,None,None
17:42:10.359,parallel,8.3,396.9,171.9,82.6,1110.7,62.8,2400,0.0,0.0,16237,-544,88,discharging,None,None
17:42:10.862,parallel,8.3,396.9,171.9,2.5,1110.4,60.0,2400,0.0,0.0,16250,-582,88,discharging,None,None
17:42:11.371,parallel,8.3,396.9,163.3,88.5,1110.7,64.5,2400,0.0,0.0,16224,-550,88,discharging,None,None
17:42:11.875,parallel,8.3,394.9,163.3,29.9,1108.8,60.6,1900,0.0,0.0,16211,-614,88,discharging,None,None
17:42:12.390,parallel,8.3,394.9,163.3,33.0,1108.8,62.2,2400,0.0,0.0,16263,-541,88,discharging,None,None
17:42:12.895,parallel,8.2,394.9,475.5,100.0,1108.8,66.1,2400,0.0,0.0,16226,-502,88,discharging,None,None
17:42:13.398,parallel,8.2,645.0,475.5,15.8,1109.2,59.5,2400,0.0,0.0,16222,-637,88,discharging,None,None
17:42:13.906,parallel,8.2,645.0,475.5,32.5,1109.2,63.4,2400,0.0,0.0,16260,-532,88,discharging,None,None
17:42:14.590,parallel,8.3,645.0,686.0,100.0,1109.2,64.5,2400,0.0,0.0,16216,-621,88,discharging,None,None
17:42:15.094,parallel,8.3,857.7,686.0,4.0,1107.2,60.0,2400,0.0,0.0,16250,-645,88,discharging,None,None
17:42:15.603,parallel,8.3,857.7,686.0,40.1,1107.2,63.4,2400,0.0,0.0,16262,-475,88,discharging,None,None
17:42:16.106,parallel,5.8,404.0,184.6,78.4,1106.0,61.1,2400,0.0,0.0,16211,-581,88,discharging,None,None
17:42:16.615,parallel,5.8,404.0,184.6,2.0,1106.9,60.6,2400,0.0,0.0,16251,-618,88,discharging,None,None
17:42:17.119,parallel,8.3,411.3,184.6,82.8,1105.2,61.7,2400,0.0,0.0,16222,-545,88,discharging,None,None
17:42:17.622,parallel,8.3,411.3,160.0,36.8,1105.2,60.6,2400,0.0,0.0,16222,-616,88,discharging,None,None
17:42:18.131,parallel,8.4,411.3,160.0,61.4,1104.9,64.5,2400,0.0,0.0,16259,-541,88,discharging,None,None
17:42:18.635,parallel,8.4,407.4,160.0,41.9,1104.9,62.8,2400,0.0,0.0,16229,-557,88,discharging,None,None
17:42:19.140,parallel,8.4,407.4,173.6,40.5,1104.0,63.9,2400,0.0,0.0,16241,-593,88,discharging,None,None
17:42:19.643,parallel,8.3,407.4,173.6,62.3,1104.0,61.1,2400,0.0,0.0,16215,-609,88,discharging,None,None
17:42:20.147,parallel,8.3,407.4,167.8,37.4,1103.6,62.2,2400,0.0,0.0,16256,-559,88,discharging,None,None
17:42:20.651,parallel,8.3,407.3,167.8,81.5,1103.6,64.5,2400,0.0,0.0,16237,-539,88,discharging,None,None
17:42:21.154,parallel,8.3,407.3,167.8,10.6,1103.6,60.0,2400,0.0,0.0,16249,-615,88,discharging,None,None
17:42:21.659,parallel,8.3,407.3,169.5,75.1,1103.6,65.0,2400,0.0,0.0,16252,-546,88,discharging,None,None
17:42:22.162,parallel,8.3,409.7,169.5,44.0,1105.8,60.6,2400,0.0,0.0,16208,-618,88,discharging,None,None
17:42:22.675,parallel,8.3,409.7,169.5,5.5,1105.8,59.5,1600,0.0,0.0,16258,-565,88,discharging,None,None
17:42:23.179,parallel,8.3,409.7,397.9,99.0,1105.9,65.0,2400,0.0,0.0,16228,-478,88,discharging,None,None
17:42:23.683,parallel,8.3,677.0,397.9,36.6,1105.4,60.6,2400,0.0,0.0,16208,-628,88,discharging,None,None
17:42:24.191,parallel,8.4,677.0,397.9,11.5,1105.9,60.6,2400,0.0,0.0,16258,-556,88,discharging,None,None
17:42:24.702,parallel,8.4,677.0,397.9,100.0,1105.9,64.5,2400,0.0,0.0,16226,-510,88,discharging,None,None
17:42:25.206,parallel,8.4,715.4,479.7,35.5,1104.9,60.0,2400,0.0,0.0,16207,-660,88,discharging,None,None
17:42:25.715,parallel,8.3,715.4,479.7,12.5,1104.9,61.7,2400,0.0,0.0,16258,-558,88,discharging,None,None
17:42:26.223,parallel,8.3,715.4,479.7,100.0,1104.7,64.5,2400,0.0,0.0,16222,-514,88,discharging,None,None
17:42:26.726,parallel,8.3,644.1,408.6,38.1,1103.4,60.6,2400,0.0,0.0,16210,-653,88,discharging,None,None
17:42:27.236,parallel,8.3,644.1,408.6,27.5,1106.6,61.7,2400,0.0,0.0,16256,-558,88,discharging,None,None
17:42:27.740,parallel,8.3,395.5,161.7,89.6,1107.2,63.4,2400,0.0,0.0,16217,-553,88,discharging,None,None
17:42:28.243,parallel,7.9,395.5,161.7,2.5,1106.7,59.5,2400,0.0,0.0,16251,-615,88,discharging,None,None
17:42:28.747,parallel,7.9,395.2,161.7,81.6,1106.7,62.2,2400,0.0,0.0,16244,-541,88,discharging,None,None
17:42:29.250,parallel,8.2,395.2,171.3,36.7,1106.2,61.7,2400,0.0,0.0,16249,-577,88,discharging,None,None
17:42:29.759,parallel,8.2,395.2,171.3,53.2,1106.6,63.9,2400,0.0,0.0,16252,-556,88,discharging,None,None
17:42:30.263,parallel,8.4,395.6,171.3,30.0,1105.4,60.0,2400,0.0,0.0,16210,-594,88,discharging,None,None
17:42:30.774,parallel,8.4,395.6,162.8,52.0,1105.4,62.8,2400,0.0,0.0,16232,-614,88,discharging,None,None
17:42:31.278,parallel,8.4,393.6,162.8,65.9,1105.0,60.6,2400,0.0,0.0,16218,-576,88,discharging,None,None
17:42:31.787,parallel,8.3,393.6,162.8,28.9,1106.4,63.4,2400,0.0,0.0,16250,-557,88,discharging,None,None
17:42:32.291,parallel,8.3,401.1,159.0,86.6,1105.7,64.5,2400,0.0,0.0,16238,-543,88,discharging,None,None
17:42:32.794,parallel,8.3,401.1,159.0,4.0,1105.7,60.0,1900,0.0,0.0,16236,-616,88,discharging,None,None
17:42:33.307,parallel,8.3,401.1,159.0,60.3,1105.2,63.9,2400,0.0,0.0,16262,-481,88,discharging,None,None
17:42:33.811,parallel,8.3,566.8,380.6,72.1,1104.7,61.7,2400,0.0,0.0,16207,-617,88,discharging,None,None
17:42:34.314,parallel,8.3,566.8,380.6,2.0,1103.5,59.5,2400,0.0,0.0,16258,-559,88,discharging,None,None
17:42:34.827,parallel,8.3,566.8,380.6,72.6,1103.7,63.9,2400,0.0,0.0,16223,-510,88,discharging,None,None
17:42:35.330,parallel,8.3,683.3,444.1,66.3,1103.2,60.6,2400,0.0,0.0,16210,-648,88,discharging,None,None
17:42:35.834,parallel,8.3,683.3,444.1,1.5,1104.2,60.0,2400,0.0,0.0,16258,-546,88,discharging,None,None
17:42:36.347,parallel,8.4,683.3,444.1,80.4,1104.2,65.5,2400,0.0,0.0,16218,-527,88,discharging,None,None
17:42:36.850,parallel,8.4,572.8,361.2,53.2,1104.0,60.0,2400,0.0,0.0,16225,-643,88,discharging,None,None
17:42:37.360,parallel,8.4,572.8,361.2,9.5,1106.3,61.1,2400,0.0,0.0,16258,-524,88,discharging,None,None
17:42:37.868,parallel,8.3,393.9,361.2,86.5,1104.8,63.4,2400,0.0,0.0,16210,-555,88,discharging,None,None
17:42:38.371,parallel,8.3,393.9,159.9,21.6,1104.8,60.0,2400,0.0,0.0,16248,-615,88,discharging,None,None
17:42:38.879,parallel,8.3,393.9,159.9,73.1,1104.0,64.5,2400,0.0,0.0,16224,-557,88,discharging,None,None
17:42:39.383,parallel,8.3,568.7,160.6,76.8,1103.1,62.2,2400,0.0,0.0,16228,-650,88,discharging,None,None
17:42:39.892,parallel,8.3,568.7,160.6,3.5,1103.1,60.0,2400,0.0,0.0,16256,-571,88,discharging,None,None
17:42:40.395,parallel,7.2,399.2,160.6,79.3,1103.1,60.6,2400,0.0,0.0,16213,-567,88,discharging,None,None
17:42:40.899,parallel,7.2,399.2,171.2,37.7,1102.8,60.6,2400,0.0,0.0,16218,-618,88,discharging,None,None
17:42:41.407,parallel,8.3,399.2,171.2,65.7,1102.8,65.0,2400,0.0,0.0,16224,-553,88,discharging,None,None
17:42:41.911,parallel,8.3,393.3,171.2,22.0,1101.9,61.1,2400,0.0,0.0,16247,-555,88,discharging,None,None
17:42:42.416,parallel,8.3,393.3,163.4,60.2,1101.9,63.9,2400,0.0,0.0,16254,-546,88,discharging,None,None
17:42:42.919,parallel,8.3,397.5,163.4,53.7,1101.9,60.6,2400,0.0,0.0,16218,-616,88,discharging,None,None
17:42:43.427,parallel,8.3,397.5,163.4,35.2,1101.9,63.4,2400,0.0,0.0,16259,-549,88,discharging,None,None
17:42:43.930,parallel,8.3,395.4,187.7,86.3,1101.6,62.2,2400,0.0,0.0,16209,-583,88,discharging,None,None
17:42:44.434,parallel,8.3,395.4,187.7,1.5,1102.0,60.0,2400,0.0,0.0,16252,-594,88,discharging,None,None
17:42:44.947,parallel,8.3,395.4,187.7,60.8,1101.6,64.5,2400,0.0,0.0,16239,-485,88,discharging,None,None
17:42:45.450,parallel,8.3,628.7,427.4,73.1,1101.6,61.1,2400,0.0,0.0,16204,-641,88,discharging,None,None
17:42:45.954,parallel,8.5,628.7,427.4,2.0,1101.4,59.5,2400,0.0,0.0,16256,-583,88,discharging,None,None
17:42:46.470,parallel,8.5,628.7,427.4,72.3,1101.4,64.5,2400,0.0,0.0,16226,-492,88,discharging,None,None
17:42:46.973,parallel,8.5,686.4,460.3,66.3,1100.7,61.7,2400,0.0,0.0,16205,-649,88,discharging,None,None
17:42:47.477,parallel,8.3,686.4,460.3,1.5,1100.7,59.5,2400,0.0,0.0,16257,-567,88,discharging,None,None
17:42:47.987,parallel,8.3,686.4,460.3,79.8,1100.7,64.5,2400,0.0,0.0,16225,-501,88,discharging,None,None
17:42:48.490,parallel,8.3,483.6,263.8,46.3,1100.7,60.6,2400,0.0,0.0,16215,-627,88,discharging,None,None
17:42:48.999,parallel,8.3,483.6,263.8,26.5,1100.5,62.2,2400,0.0,0.0,16258,-534,88,discharging,None,None
17:42:49.503,parallel,8.3,399.2,263.8,77.3,1100.5,63.9,2400,0.0,0.0,16209,-556,88,discharging,None,None
17:42:50.007,parallel,8.3,399.2,174.3,17.4,1100.5,59.5,2400,0.0,0.0,16250,-617,88,discharging,None,None
17:42:50.510,parallel,8.3,395.4,174.3,81.7,1100.5,62.2,2400,0.0,0.0,16220,-575,88,discharging,None,None
17:42:51.019,parallel,8.4,395.4,174.3,25.5,1100.5,64.5,2400,0.0,0.0,16249,-563,88,discharging,None,None
17:42:51.523,parallel,8.4,395.4,168.9,72.1,1100.5,65.0,2400,0.0,0.0,16253,-555,88,discharging,None,None
17:42:52.027,parallel,7.9,399.5,168.9,32.8,1100.9,60.0,2400,0.0,0.0,16237,-620,88,discharging,None,None
17:42:52.535,parallel,7.9,399.5,167.2,45.3,1104.4,63.4,2400,0.0,0.0,16257,-545,88,discharging,None,None
17:42:53.039,parallel,7.9,417.3,167.2,72.9,1104.9,61.7,2400,0.0,0.0,16206,-613,88,discharging,None,None
17:42:53.542,parallel,8.3,417.3,167.2,2.5,1104.9,60.6,1900,0.0,0.0,16255,-595,88,discharging,None,None
17:42:54.054,parallel,8.3,417.3,167.2,74.3,1104.9,63.4,2400,0.0,0.0,16245,-458,88,discharging,None,None
17:42:54.558,parallel,8.3,695.2,496.2,69.1,1104.5,61.1,2400,0.0,0.0,16208,-633,88,discharging,None,None
17:42:55.062,parallel,8.3,695.2,496.2,2.5,1103.9,59.0,2400,0.0,0.0,16255,-591,88,discharging,None,None
17:42:55.572,parallel,8.3,695.2,496.2,77.6,1105.5,64.5,2400,0.0,0.0,16233,-487,88,discharging,None,None
17:42:56.076,parallel,8.3,727.8,496.5,70.0,1106.1,61.7,2400,0.0,0.0,16206,-659,88,discharging,None,None
17:42:56.580,parallel,8.3,727.8,496.5,3.4,1106.1,59.0,2400,0.0,0.0,16256,-591,88,discharging,None,None
17:42:57.091,parallel,8.3,727.8,496.5,75.9,1106.1,64.5,2400,0.0,0.0,16237,-485,88,discharging,None,None
17:42:57.594,parallel,8.3,451.3,222.9,45.8,1105.2,61.1,2400,0.0,0.0,16206,-623,88,discharging,None,None
17:42:58.103,parallel,8.3,451.3,222.9,29.7,1104.0,63.4,2400,0.0,0.0,16256,-554,88,discharging,None,None
17:42:58.607,parallel,8.3,395.5,222.9,75.0,1104.7,64.5,2400,0.0,0.0,16209,-555,88,discharging,None,None
17:42:59.111,parallel,8.3,395.5,167.6,16.9,1104.5,59.5,2400,0.0,0.0,16252,-616,88,discharging,None,None
17:42:59.614,parallel,8.3,391.0,167.6,81.6,1104.5,62.2,2400,0.0,0.0,16221,-564,88,discharging,None,None
17:43:00.118,parallel,8.3,391.0,152.6,33.0,1105.9,61.1,2400,0.0,0.0,16247,-571,88,discharging,None,None
17:43:00.627,parallel,8.3,391.0,152.6,54.7,1105.9,65.5,2400,0.0,0.0,16251,-536,88,discharging,None,None
17:43:01.130,parallel,8.3,359.8,152.6,20.1,1104.9,60.0,2400,0.0,0.0,16239,-577,88,discharging,None,None
17:43:01.639,parallel,8.3,359.8,151.4,57.7,1105.3,63.4,2400,0.0,0.0,16232,-569,88,discharging,None,None
17:43:02.142,parallel,8.3,363.4,151.4,49.3,1105.0,59.5,2400,0.0,0.0,16207,-597,88,discharging,None,None
17:43:02.651,parallel,8.3,363.4,151.4,14.9,1105.0,62.2,2400,0.0,0.0,16257,-541,88,discharging,None,None
17:43:03.155,parallel,8.3,444.8,204.5,96.1,1104.7,62.8,2400,0.0,0.0,16222,-532,88,discharging,None,None
17:43:03.658,parallel,8.3,444.8,204.5,0.5,1104.7,59.5,2400,0.0,0.0,16246,-604,88,discharging,None,None
17:43:04.169,parallel,8.3,444.8,204.5,48.5,1103.6,62.8,2400,0.0,0.0,16261,-472,88,discharging,None,None
17:43:04.673,parallel,8.3,678.9,466.5,87.7,1103.6,61.7,2400,0.0,0.0,16211,-569,88,discharging,None,None
17:43:05.176,parallel,8.3,678.9,466.5,0.0,1103.4,60.0,2400,0.0,0.0,16246,-627,88,discharging,None,None
17:43:05.688,parallel,8.3,678.9,466.5,56.9,1105.3,63.4,2400,0.0,0.0,16258,-477,88,discharging,None,None
17:43:06.192,parallel,8.3,587.2,371.4,68.8,1105.1,61.1,2400,0.0,0.0,16205,-605,88,discharging,None,None
17:43:06.696,parallel,8.3,587.2,371.4,0.0,1105.1,59.5,2400,0.0,0.0,16251,-608,88,discharging,None,None
17:43:07.199,parallel,8.3,359.6,371.4,74.6,1104.8,62.2,2400,0.0,0.0,16241,-489,88,discharging,None,None
17:43:07.703,parallel,8.3,359.6,152.1,32.7,1104.8,60.0,2400,0.0,0.0,16206,-595,88,discharging,None,None
17:43:08.211,parallel,8.3,359.6,152.1,51.7,1105.2,62.8,2400,0.0,0.0,16257,-539,88,discharging,None,None
17:43:08.715,parallel,8.3,363.6,152.1,51.2,1105.2,62.8,2400,0.0,0.0,16221,-540,88,discharging,None,None
17:43:09.220,parallel,8.3,363.6,151.3,25.4,1105.2,61.1,2400,0.0,0.0,16254,-585,88,discharging,None,None
17:43:09.723,parallel,8.3,371.2,151.3,55.2,1105.2,60.0,2400,0.0,0.0,16213,-583,88,discharging,None,None
17:43:10.227,parallel,8.3,371.2,151.4,32.7,1104.1,60.0,2400,0.0,0.0,16256,-553,88,discharging,None,None
17:43:10.731,parallel,8.3,358.8,151.4,74.9,1104.1,61.7,2400,0.0,0.0,16229,-537,88,discharging,None,None
17:43:11.234,parallel,8.3,358.8,151.4,0.0,1104.8,59.0,2400,0.0,0.0,16248,-573,88,discharging,None,None
17:43:11.743,parallel,8.3,358.8,151.5,90.6,1104.8,65.0,2400,0.0,0.0,16229,-535,88,discharging,None,None
17:43:12.246,parallel,8.3,364.1,151.5,15.8,1104.4,59.5,2400,0.0,0.0,16230,-596,88,discharging,None,None
17:43:12.759,parallel,8.3,364.1,151.5,29.2,1104.4,61.1,2400,0.0,0.0,16259,-522,88,discharging,None,None
17:43:13.263,parallel,8.3,570.9,327.8,85.8,1103.6,61.7,2400,0.0,0.0,16216,-539,88,discharging,None,None
17:43:13.766,parallel,8.3,570.9,327.8,0.0,1103.6,59.5,2400,0.0,0.0,16245,-608,88,discharging,None,None
17:43:14.279,parallel,8.3,570.9,327.8,58.8,1103.3,62.2,1900,0.0,0.0,16261,-480,88,discharging,None,None
17:43:14.782,parallel,8.3,759.3,523.4,94.1,1103.3,62.8,2400,0.0,0.0,16215,-578,88,discharging,None,None
17:43:15.286,parallel,8.3,759.3,523.4,0.0,1103.1,59.5,2400,0.0,0.0,16246,-649,88,discharging,None,None
17:43:15.795,parallel,8.3,759.3,523.4,50.2,1103.1,63.4,2400,0.0,0.0,16258,-481,88,discharging,None,None
17:43:16.299,parallel,8.3,389.8,195.8,60.1,1102.8,60.6,2400,0.0,0.0,16207,-579,88,discharging,None,None
17:43:16.811,parallel,8.3,389.8,195.8,14.9,1102.8,61.1,2400,0.0,0.0,16251,-603,88,discharging,None,None
17:43:17.316,parallel,8.3,361.0,195.8,65.7,1102.6,62.8,2400,0.0,0.0,16214,-538,88,discharging,None,None
17:43:17.820,parallel,8.3,361.0,148.8,25.7,1102.3,59.5,2400,0.0,0.0,16212,-596,88,discharging,None,None
17:43:18.324,parallel,8.3,364.1,148.8,74.8,1101.6,62.2,2400,0.0,0.0,16243,-533,88,discharging,None,None
17:43:18.827,parallel,8.3,364.1,147.5,32.5,1101.4,61.1,2400,0.0,0.0,16246,-539,88,discharging,None,None
17:43:19.335,parallel,8.3,364.1,147.5,54.7,1101.4,64.5,1900,0.0,0.0,16254,-542,88,discharging,None,None
17:43:19.839,parallel,8.3,374.9,147.5,23.0,1101.4,59.0,2400,0.0,0.0,16217,-586,88,discharging,None,None
17:43:20.347,parallel,8.3,374.9,148.5,54.7,1101.6,62.2,2400,0.0,0.0,16257,-557,88,discharging,None,None
17:43:20.851,parallel,8.3,363.9,148.5,52.2,1100.9,60.6,2400,0.0,0.0,16209,-581,88,discharging,None,None
17:43:21.360,parallel,8.3,363.9,148.5,5.5,1100.9,60.6,2400,0.0,0.0,16253,-568,88,discharging,None,None
17:43:21.864,parallel,8.3,469.0,248.9,100.0,1101.9,63.9,2400,0.0,0.0,16224,-493,88,discharging,None,None
17:43:22.367,parallel,8.3,469.0,248.9,3.5,1101.4,59.5,2400,0.0,0.0,16230,-598,88,discharging,None,None
17:43:22.874,parallel,8.3,469.0,248.9,40.2,1101.4,61.7,2400,0.0,0.0,16257,-518,88,discharging,None,None
17:43:23.379,parallel,8.3,469.0,248.9,100.0,1101.4,64.5,2400,0.0,0.0,16220,-537,88,discharging,None,None
17:43:23.883,parallel,8.3,766.8,653.6,14.9,1101.4,59.5,2400,0.0,0.0,16212,-668,88,discharging,None,None
17:43:24.391,parallel,8.3,766.8,653.6,30.3,1101.4,62.2,2400,0.0,0.0,16255,-529,88,discharging,None,None
17:43:24.894,parallel,8.3,374.4,155.4,79.3,1101.4,61.1,2400,0.0,0.0,16219,-518,88,discharging,None,None
17:43:25.398,parallel,8.3,374.4,155.4,0.0,1101.4,59.0,2400,0.0,0.0,16247,-587,88,discharging,None,None
17:43:25.901,parallel,8.3,360.4,155.4,74.6,1100.7,60.6,2400,0.0,0.0,16242,-535,88,discharging,None,None
17:43:26.405,parallel,8.3,360.4,151.4,32.5,1100.7,60.0,2400,0.0,0.0,16245,-578,88,discharging,None,None
17:43:26.913,parallel,8.3,360.4,151.4,67.2,1100.7,63.9,2400,0.0,0.0,16255,-539,88,discharging,None,None
17:43:27.419,parallel,8.3,363.4,151.4,22.9,1100.7,61.7,2400,0.0,0.0,16219,-557,88,discharging,None,None
17:43:27.927,parallel,8.3,363.4,151.4,54.2,1100.7,63.9,2400,0.0,0.0,16216,-586,88,discharging,None,None
17:43:28.430,parallel,8.3,362.7,151.4,38.2,1100.7,61.1,2400,0.0,0.0,16209,-594,88,discharging,None,None
17:43:28.940,parallel,8.3,362.7,151.4,39.0,1100.5,62.8,2400,0.0,0.0,16255,-540,88,discharging,None,None
17:43:29.444,parallel,8.3,362.6,151.4,67.5,1100.5,60.6,2400,0.0,0.0,16223,-537,88,discharging,None,None
17:43:29.947,parallel,8.3,362.6,151.4,0.0,1100.9,58.4,1500,0.0,0.0,16244,-596,88,discharging,None,None
17:43:30.459,parallel,8.3,362.6,151.4,81.3,1100.9,63.4,2400,0.0,0.0,16264,-449,88,discharging,None,None
17:43:30.962,parallel,8.3,670.5,494.9,57.9,1100.9,60.0,2400,0.0,0.0,16207,-565,88,discharging,None,None
17:43:31.466,parallel,8.3,670.5,494.9,0.5,1108.7,58.4,2400,0.0,0.0,16245,-625,88,discharging,None,None
17:43:31.979,parallel,8.3,670.5,494.9,86.8,1110.5,63.4,2400,0.0,0.0,16255,-539,88,discharging,None,None
17:43:32.482,parallel,8.3,645.0,415.8,43.3,1110.1,59.5,2400,0.0,0.0,16225,-653,88,discharging,None,None
17:43:32.992,parallel,8.3,645.0,415.8,1.5,1109.8,59.0,2400,0.0,0.0,16253,-527,88,discharging,None,None
17:43:33.501,parallel,8.3,365.4,415.8,99.5,1117.6,63.9,2400,0.0,0.0,16206,-564,88,discharging,None,None
17:43:34.004,parallel,8.3,365.4,155.4,5.0,1117.0,59.0,2400,0.0,0.0,16245,-604,88,discharging,None,None
17:43:34.511,parallel,8.3,361.4,155.4,71.9,1117.0,63.4,2400,0.0,0.0,16218,-540,88,discharging,None,None
17:43:35.015,parallel,8.3,361.4,151.1,34.5,1115.8,60.0,2400,0.0,0.0,16224,-595,88,discharging,None,None
17:43:35.523,parallel,8.3,361.4,151.1,42.0,1115.8,62.2,2400,0.0,0.0,16258,-511,88,discharging,None,None
17:43:36.026,parallel,8.3,379.6,151.1,36.0,1113.0,60.0,2400,0.0,0.0,16237,-520,88,discharging,None,None
17:43:36.535,parallel,8.3,379.6,151.4,42.5,1113.0,60.6,2400,0.0,0.0,16237,-568,88,discharging,None,None
17:43:37.039,parallel,8.3,359.9,151.4,65.7,1111.9,60.0,2400,0.0,0.0,16206,-595,88,discharging,None,None
17:43:37.547,parallel,8.3,359.9,151.4,25.0,1111.9,62.8,2400,0.0,0.0,16256,-540,88,discharging,None,None
17:43:38.050,parallel,8.3,362.0,151.5,81.8,1110.8,62.8,2400,0.0,0.0,16209,-557,88,discharging,None,None
17:43:38.554,parallel,8.3,362.0,151.5,0.0,1111.2,59.0,2400,0.0,0.0,16247,-593,88,discharging,None,None
17:43:39.064,parallel,8.3,362.0,151.5,58.3,1111.2,63.9,2400,0.0,0.0,16247,-492,88,discharging,None,None
17:43:39.567,parallel,8.3,614.7,439.4,75.5,1109.6,60.6,2400,0.0,0.0,16206,-639,88,discharging,None,None
17:43:40.071,parallel,8.3,614.7,439.4,0.5,1109.0,59.5,2400,0.0,0.0,16254,-588,88,discharging,None,None
17:43:40.583,parallel,8.3,614.7,439.4,69.1,1109.0,63.9,2400,0.0,0.0,16234,-474,88,discharging,None,None
17:43:41.086,parallel,8.3,645.1,430.5,61.4,1108.7,60.0,2400,0.0,0.0,16203,-623,88,discharging,None,None
17:43:41.590,parallel,8.3,645.1,430.5,0.0,1108.7,59.0,2400,0.0,0.0,16254,-553,88,discharging,None,None
17:43:42.096,parallel,8.3,363.3,430.5,82.8,1108.2,63.4,2400,0.0,0.0,16218,-501,88,discharging,None,None
17:43:42.600,parallel,8.3,363.3,161.5,23.6,1107.3,59.0,2400,0.0,0.0,16242,-596,88,discharging,None,None
17:43:43.108,parallel,8.3,363.3,161.5,52.9,1106.3,62.8,2400,0.0,0.0,16256,-534,88,discharging,None,None
17:43:43.612,parallel,8.3,363.3,152.5,54.2,1106.3,61.1,2400,0.0,0.0,16245,-558,88,discharging,None,None
17:43:44.120,parallel,8.3,363.3,152.5,24.0,1106.7,62.2,2400,0.0,0.0,16249,-556,88,discharging,None,None
17:43:44.623,parallel,8.3,363.5,152.5,51.3,1106.7,60.0,2400,0.0,0.0,16206,-576,88,discharging,None,None
17:43:45.127,parallel,8.3,363.5,159.7,36.3,1105.8,59.5,2400,0.0,0.0,16227,-600,88,discharging,None,None
17:43:45.631,parallel,13.8,411.6,159.7,85.1,1105.8,61.1,2400,0.0,0.0,16215,-573,88,discharging,None,None
17:43:46.139,parallel,13.8,411.6,159.7,5.5,1104.6,60.0,2400,0.0,0.0,16247,-548,88,discharging,None,None
17:43:46.643,parallel,8.3,411.6,175.0,84.7,1104.6,64.5,2400,0.0,0.0,16238,-533,88,discharging,None,None
17:43:47.146,parallel,8.3,399.2,175.0,31.0,1104.4,60.0,2400,0.0,0.0,16227,-617,88,discharging,None,None
17:43:47.659,parallel,8.3,399.2,175.0,34.0,1104.4,62.8,2400,0.0,0.0,16256,-524,88,discharging,None,None
17:43:48.163,parallel,8.3,399.2,248.1,99.5,1104.4,63.9,2400,0.0,0.0,16209,-573,88,discharging,None,None
17:43:48.667,parallel,8.3,667.0,248.1,21.3,1103.3,60.0,2400,0.0,0.0,16239,-663,88,discharging,None,None
17:43:49.178,parallel,8.3,667.0,243.4,47.0,1104.1,62.8,2400,0.0,0.0,16256,-513,88,discharging,None,None
17:43:49.682,parallel,7.3,472.9,243.4,74.4,1104.1,61.1,2400,0.0,0.0,16202,-607,88,discharging,None,None
17:43:50.185,parallel,7.3,472.9,243.4,2.0,1103.8,59.0,2400,0.0,0.0,16249,-606,88,discharging,None,None
17:43:50.698,parallel,8.3,472.9,243.4,71.6,1103.8,62.2,1900,0.0,0.0,16241,-477,88,discharging,None,None
17:43:51.202,parallel,8.3,698.6,447.4,69.8,1103.1,60.6,2400,0.0,0.0,16206,-629,88,discharging,None,None
17:43:51.705,parallel,8.4,698.6,447.4,2.0,1103.1,59.5,2400,0.0,0.0,16251,-584,88,discharging,None,None
17:43:52.215,parallel,8.4,698.6,447.4,76.0,1103.1,63.9,2400,0.0,0.0,16238,-479,88,discharging,None,None
17:43:52.719,parallel,8.4,731.5,478.1,72.1,1103.0,61.1,2400,0.0,0.0,16205,-645,88,discharging,None,None
17:43:53.223,parallel,8.3,731.5,478.1,2.0,1102.6,59.0,2400,0.0,0.0,16249,-600,88,discharging,None,None
17:43:53.735,parallel,8.3,731.5,478.1,72.5,1102.6,63.9,2400,0.0,0.0,16243,-479,88,discharging,None,None
17:43:54.238,parallel,8.3,495.6,268.6,54.4,1102.9,60.0,2400,0.0,0.0,16206,-633,88,discharging,None,None
17:43:54.747,parallel,8.3,495.6,268.6,18.0,1102.9,61.1,2400,0.0,0.0,16252,-578,88,discharging,None,None
17:43:55.251,parallel,8.3,395.3,268.6,77.7,1103.2,62.2,2400,0.0,0.0,16211,-545,88,discharging,None,None
17:43:55.755,parallel,8.3,395.3,175.4,25.4,1104.2,59.0,1900,0.0,0.0,16226,-616,88,discharging,None,None
17:43:56.259,parallel,8.3,395.3,175.4,80.7,1103.5,63.9,2400,0.0,0.0,16246,-522,88,discharging,None,None
17:43:56.763,parallel,8.4,410.3,163.2,39.8,1105.3,62.2,2400,0.0,0.0,16243,-539,88,discharging,None,None
17:43:57.268,parallel,8.4,410.3,163.2,41.5,1104.9,62.8,2400,0.0,0.0,16245,-555,88,discharging,None,None
17:43:57.771,parallel,8.3,392.2,163.2,42.0,1104.9,60.0,2400,0.0,0.0,16202,-613,88,discharging,None,None
17:43:58.283,parallel,8.3,392.2,159.4,39.6,1103.7,60.0,2400,0.0,0.0,16247,-600,88,discharging,None,None
17:43:58.786,parallel,8.3,395.4,159.4,76.8,1103.2,61.1,2400,0.0,0.0,16211,-575,88,discharging,None,None
17:43:59.296,parallel,8.3,395.4,159.4,3.0,1102.8,59.5,2400,0.0,0.0,16243,-568,88,discharging,None,None
17:43:59.800,parallel,8.3,395.4,175.7,99.5,1103.0,65.0,2400,0.0,0.0,16214,-538,88,discharging,None,None
17:44:00.303,parallel,8.3,407.1,175.7,26.0,1103.5,59.5,2400,0.0,0.0,16223,-620,88,discharging,None,None
17:44:00.815,parallel,8.3,407.1,175.7,31.2,1104.7,62.2,2400,0.0,0.0,16251,-537,88,discharging,None,None
17:44:01.319,parallel,7.9,407.1,440.5,99.5,1104.7,65.0,2400,0.0,0.0,16215,-549,88,discharging,None,None
17:44:01.823,parallel,7.9,715.8,440.5,17.0,1106.3,60.6,2400,0.0,0.0,16224,-659,88,discharging,None,None
17:44:02.335,parallel,7.9,715.8,440.5,31.5,1111.5,61.7,2400,0.0,0.0,16253,-525,88,discharging,None,None
17:44:02.839,parallel,8.3,715.8,440.5,100.0,1111.5,64.5,2400,0.0,0.0,16214,-542,88,discharging,None,None
17:44:03.343,parallel,8.3,771.8,655.2,30.8,1109.9,59.5,2400,0.0,0.0,16205,-677,88,discharging,None,None
17:44:03.851,parallel,8.4,771.8,655.2,20.4,1109.9,62.2,2400,0.0,0.0,16253,-542,88,discharging,None,None
17:44:04.355,parallel,8.4,397.5,171.7,98.0,1109.8,63.9,2400,0.0,0.0,16211,-531,88,discharging,None,None
17:44:04.858,parallel,8.4,397.5,171.7,1.5,1106.1,59.0,2400,0.0,0.0,16241,-615,88,discharging,None,None
17:44:05.365,parallel,8.3,396.4,171.7,81.6,1106.5,63.9,2400,0.0,0.0,16244,-542,88,discharging,None,None
17:44:05.869,parallel,8.3,396.4,161.3,37.1,1105.6,60.6,2400,0.0,0.0,16241,-580,88,discharging,None,None
17:44:06.377,parallel,8.3,396.4,161.3,46.3,1105.6,63.9,2400,0.0,0.0,16247,-564,88,discharging,None,None
17:44:06.880,parallel,8.3,395.4,161.3,37.3,1105.4,60.0,2400,0.0,0.0,16202,-588,88,discharging,None,None
17:44:07.389,parallel,8.3,395.4,170.0,45.8,1105.4,61.1,2400,0.0,0.0,16220,-615,88,discharging,None,None
17:44:07.892,parallel,8.3,395.2,170.0,73.6,1103.7,60.6,2400,0.0,0.0,16214,-615,88,discharging,None,None
17:44:08.400,parallel,8.3,395.2,170.0,28.9,1103.7,63.4,2400,0.0,0.0,16250,-585,88,discharging,None,None
17:44:08.905,parallel,8.3,395.2,168.8,81.5,1103.5,64.5,2400,0.0,0.0,16205,-591,88,discharging,None,None
17:44:09.409,parallel,8.3,395.5,168.8,10.9,1103.1,59.5,2400,0.0,0.0,16247,-578,88,discharging,None,None
17:44:09.919,parallel,8.3,395.5,259.5,57.1,1103.9,63.4,2400,0.0,0.0,16218,-514,88,discharging,None,None
17:44:10.423,parallel,8.3,512.0,259.5,70.1,1103.4,60.6,2400,0.0,0.0,16202,-629,88,discharging,None,None
17:44:10.926,parallel,8.4,512.0,259.5,2.5,1103.3,60.0,2400,0.0,0.0,16249,-547,88,discharging,None,None
17:44:11.438,parallel,8.4,512.0,259.5,76.2,1103.3,62.2,2400,0.0,0.0,16220,-504,88,discharging,None,None
17:44:11.942,parallel,8.4,727.4,493.1,70.9,1103.0,60.6,2400,0.0,0.0,16199,-646,88,discharging,None,None
17:44:12.445,parallel,8.3,727.4,493.1,10.9,1103.0,59.0,2400,0.0,0.0,16245,-562,88,discharging,None,None
17:44:12.956,parallel,8.3,727.4,493.1,74.0,1103.0,64.5,2400,0.0,0.0,16213,-529,88,discharging,None,None
17:44:13.459,parallel,7.9,694.6,426.3,66.8,1102.4,60.6,2400,0.0,0.0,16206,-652,88,discharging,None,None
17:44:13.963,parallel,7.9,694.6,426.3,3.0,1102.3,59.5,2400,0.0,0.0,16251,-542,88,discharging,None,None
17:44:14.475,parallel,7.9,694.6,426.3,77.9,1102.3,64.5,2400,0.0,0.0,16211,-530,88,discharging,None,None
17:44:14.978,parallel,8.2,515.7,286.6,49.8,1103.9,60.6,2400,0.0,0.0,16225,-633,88,discharging,None,None
17:44:15.487,parallel,8.2,515.7,286.6,20.4,1103.9,61.7,2400,0.0,0.0,16253,-519,88,discharging,None,None
17:44:15.991,parallel,8.4,397.0,286.6,80.8,1103.5,63.4,2400,0.0,0.0,16202,-560,88,discharging,None,None
17:44:16.494,parallel,8.4,397.0,163.0,20.8,1103.4,60.6,2400,0.0,0.0,16241,-606,88,discharging,None,None
17:44:16.998,parallel,8.3,401.5,163.0,80.6,1103.4,63.9,2400,0.0,0.0,16210,-583,88,discharging,None,None
17:44:17.501,parallel,8.3,401.5,164.0,39.1,1103.2,61.7,2400,0.0,0.0,16231,-610,88,discharging,None,None
17:44:18.008,parallel,8.3,401.5,164.0,44.1,1103.2,63.4,2400,0.0,0.0,16244,-538,88,discharging,None,None
17:44:18.512,parallel,8.3,396.7,164.0,39.8,1103.0,60.0,2400,0.0,0.0,16241,-558,88,discharging,None,None
17:44:19.023,parallel,8.3,396.7,167.2,43.3,1102.4,61.1,2400,0.0,0.0,16219,-568,88,discharging,None,None
17:44:19.526,parallel,8.3,402.8,167.2,76.2,1102.4,61.1,2400,0.0,0.0,16201,-614,88,discharging,None,None
17:44:20.035,parallel,8.3,402.8,167.2,8.5,1102.4,60.6,2400,0.0,0.0,16248,-555,88,discharging,None,None
17:44:20.539,parallel,8.3,402.8,163.7,96.5,1102.2,65.5,2400,0.0,0.0,16209,-558,88,discharging,None,None
17:44:21.044,parallel,8.4,406.3,163.7,16.9,1102.0,59.5,2400,0.0,0.0,16241,-616,88,discharging,None,None
17:44:21.562,parallel,8.4,406.3,163.7,38.4,1102.0,62.2,2400,0.0,0.0,16257,-474,88,discharging,None,None
17:44:22.066,parallel,8.3,660.4,455.5,99.5,1102.2,63.9,2400,0.0,0.0,16206,-589,88,discharging,None,None
17:44:22.570,parallel,8.3,660.4,455.5,5.0,1101.6,60.0,2400,0.0,0.0,16242,-622,88,discharging,None,None
17:44:23.083,parallel,8.4,660.4,455.5,44.3,1101.6,62.8,2400,0.0,0.0,16253,-483,88,discharging,None,None
17:44:23.587,parallel,8.4,696.7,467.0,97.5,1101.6,63.4,2400,0.0,0.0,16205,-619,88,discharging,None,None
17:44:24.090,parallel,8.4,696.7,467.0,3.0,1101.4,60.0,2400,0.0,0.0,16244,-618,88,discharging,None,None
17:44:24.599,parallel,8.4,696.7,467.0,56.0,1101.4,63.4,2400,0.0,0.0,16247,-490,88,discharging,None,None
17:44:25.102,parallel,8.4,517.6,299.9,81.9,1101.8,61.7,2400,0.0,0.0,16204,-637,88,discharging,None,None
17:44:25.606,parallel,7.9,517.6,299.9,2.5,1101.8,59.5,2400,0.0,0.0,16249,-596,88,discharging,None,None
17:44:26.109,parallel,7.9,398.9,299.9,82.2,1102.0,62.8,2400,0.0,0.0,16210,-528,88,discharging,None,None
17:44:26.613,parallel,7.9,398.9,158.3,36.3,1102.0,60.0,2400,0.0,0.0,16208,-615,88,discharging,None,None
17:44:27.121,parallel,8.3,398.9,158.3,50.0,1102.0,63.9,2400,0.0,0.0,16248,-542,88,discharging,None,None
17:44:27.625,parallel,8.3,394.3,158.3,49.0,1102.5,62.8,2400,0.0,0.0,16233,-556,88,discharging,None,None
17:44:28.133,parallel,8.3,394.3,168.6,34.0,1102.0,61.7,2400,0.0,0.0,16245,-576,88,discharging,None,None
17:44:28.637,parallel,8.3,399.9,168.6,70.1,1102.0,60.6,2400,0.0,0.0,16204,-614,88,discharging,None,None
17:44:29.140,parallel,8.3,399.9,163.3,36.3,1101.8,61.7,2400,0.0,0.0,16250,-584,88,discharging,None,None
17:44:29.649,parallel,8.3,399.9,163.3,75.0,1101.8,64.5,2400,0.0,0.0,16213,-552,88,discharging,None,None
17:44:30.152,parallel,8.3,399.5,163.3,9.5,1102.0,59.5,2400,0.0,0.0,16238,-585,88,discharging,None,None
17:44:30.660,parallel,8.4,399.5,159.4,71.3,1102.0,63.9,2400,0.0,0.0,16216,-542,88,discharging,None,None
17:44:31.164,parallel,8.4,400.8,159.4,46.3,1101.8,60.6,2400,0.0,0.0,16202,-613,88,discharging,None,None
17:44:31.678,parallel,8.3,400.8,159.4,8.3,1101.8,60.6,1600,0.0,0.0,16251,-542,88,discharging,None,None
17:44:32.182,parallel,8.3,400.8,511.1,100.0,1101.8,63.9,2400,0.0,0.0,16215,-513,88,discharging,None,None
17:44:32.686,parallel,8.3,692.7,511.1,41.1,1101.5,60.0,2400,0.0,0.0,16210,-642,88,discharging,None,None
17:44:33.192,parallel,8.3,692.7,511.1,7.9,1101.3,60.0,2400,0.0,0.0,16250,-536,88,discharging,None,None
17:44:33.703,parallel,8.3,692.7,511.1,100.0,1101.3,65.0,2400,0.0,0.0,16211,-535,88,discharging,None,None
17:44:34.206,parallel,8.2,686.3,427.5,34.3,1101.1,61.1,2400,0.0,0.0,16220,-649,88,discharging,None,None
17:44:34.715,parallel,8.2,686.3,427.5,12.9,1101.1,60.0,2400,0.0,0.0,16250,-521,88,discharging,None,None
17:44:35.220,parallel,8.3,557.5,427.5,100.0,1101.1,64.5,2400,0.0,0.0,16209,-547,88,discharging,None,None
17:44:35.723,parallel,8.3,557.5,316.6,21.0,1100.7,60.0,2400,0.0,0.0,16237,-638,88,discharging,None,None
17:44:36.231,parallel,8.3,557.5,316.6,44.8,1100.5,63.4,2400,0.0,0.0,16253,-511,88,discharging,None,None
17:44:36.735,parallel,8.4,577.4,316.6,89.7,1100.5,64.5,2400,0.0,0.0,16204,-582,87,discharging,None,None
17:44:37.238,parallel,8.4,577.4,180.5,10.4,1100.5,59.5,2400,0.0,0.0,16241,-633,87,discharging,None,None
17:44:37.750,parallel,7.2,577.4,180.5,70.7,1100.5,62.8,2400,0.0,0.0,16239,-528,87,discharging,None,None
17:44:38.254,parallel,7.2,405.6,171.7,49.3,1100.5,61.1,2400,0.0,0.0,16239,-588,87,discharging,None,None
17:44:38.763,parallel,7.2,405.6,171.7,33.8,1100.5,63.9,2400,0.0,0.0,16245,-561,87,discharging,None,None
17:44:39.266,parallel,8.3,395.7,171.7,50.0,1100.7,60.0,2400,0.0,0.0,16203,-585,87,discharging,None,None
17:44:39.770,parallel,8.3,395.7,158.4,36.3,1100.7,59.5,2400,0.0,0.0,16212,-614,87,discharging,None,None
17:44:40.273,parallel,8.3,390.9,158.4,81.0,1101.5,61.1,2400,0.0,0.0,16209,-568,87,discharging,None,None
17:44:40.780,parallel,8.3,390.9,158.4,18.2,1101.5,62.2,2400,0.0,0.0,16241,-552,87,discharging,None,None
17:44:41.284,parallel,8.4,390.9,159.7,79.2,1101.4,63.9,2400,0.0,0.0,16241,-542,87,discharging,None,None
17:44:41.788,parallel,8.4,403.3,159.7,24.0,1101.4,59.5,2400,0.0,0.0,16227,-614,87,discharging,None,None
17:44:42.299,parallel,8.4,403.3,159.7,47.8,1101.4,63.4,2400,0.0,0.0,16254,-516,87,discharging,None,None
17:44:42.802,parallel,8.3,469.0,255.8,75.7,1101.4,61.1,2400,0.0,0.0,16200,-577,87,discharging,None,None
17:44:43.306,parallel,8.3,469.0,255.8,2.5,1101.1,59.0,2400,0.0,0.0,16242,-612,87,discharging,None,None
17:44:43.822,parallel,8.3,469.0,255.8,70.3,1101.1,63.4,2400,0.0,0.0,16240,-481,87,discharging,None,None
17:44:44.326,parallel,8.3,726.5,493.7,75.6,1101.1,61.1,2400,0.0,0.0,16202,-627,87,discharging,None,None
17:44:44.830,parallel,8.4,726.5,493.7,2.5,1101.3,59.5,2400,0.0,0.0,16242,-617,87,discharging,None,None
17:44:45.354,parallel,8.4,726.5,493.7,70.2,1101.3,63.9,2400,0.0,0.0,16252,-480,87,discharging,None,None
17:44:45.857,parallel,8.4,659.9,439.9,66.2,1101.1,60.0,2400,0.0,0.0,16201,-625,87,discharging,None,None
17:44:46.361,parallel,8.3,659.9,439.9,2.5,1104.2,59.5,2400,0.0,0.0,16245,-607,87,discharging,None,None
17:44:46.878,parallel,8.3,402.9,439.9,82.7,1104.4,63.9,2400,0.0,0.0,16237,-486,87,discharging,None,None
17:44:47.382,parallel,8.3,402.9,176.9,35.6,1104.2,60.0,2400,0.0,0.0,16201,-616,87,discharging,None,None
17:44:47.891,parallel,8.3,402.9,176.9,47.8,1104.2,63.9,2400,0.0,0.0,16250,-557,87,discharging,None,None
17:44:48.394,parallel,8.3,394.5,161.8,67.6,1104.2,63.9,2400,0.0,0.0,16200,-554,87,discharging,None,None
17:44:48.903,parallel,8.3,394.5,161.8,23.5,1103.7,61.1,2400,0.0,0.0,16239,-626,87,discharging,None,None
17:44:49.406,parallel,8.3,420.4,161.8,75.6,1103.7,61.1,2400,0.0,0.0,16211,-581,87,discharging,None,None
17:44:49.910,parallel,7.9,420.4,162.7,36.3,1103.9,60.6,2400,0.0,0.0,16239,-577,87,discharging,None,None
17:44:50.418,parallel,7.9,420.4,162.7,70.3,1104.1,65.0,2400,0.0,0.0,16240,-543,87,discharging,None,None
17:44:50.922,parallel,8.4,395.4,162.7,14.7,1103.9,61.1,2400,0.0,0.0,16220,-599,87,discharging,None,None
17:44:51.431,parallel,8.4,395.4,158.1,67.3,1103.9,64.5,2400,0.0,0.0,16229,-591,87,discharging,None,None
17:44:51.935,parallel,8.4,398.7,158.1,51.5,1102.0,60.0,2400,0.0,0.0,16205,-608,87,discharging,None,None
17:44:52.441,parallel,8.3,398.7,158.1,28.2,1102.0,60.6,1700,0.0,0.0,16247,-555,87,discharging,None,None
17:44:52.945,parallel,8.3,463.9,241.5,99.0,1102.0,63.9,2400,0.0,0.0,16219,-499,87,discharging,None,None
17:44:53.448,parallel,8.3,463.9,241.5,2.0,1101.8,59.5,2400,0.0,0.0,16229,-601,87,discharging,None,None
17:44:53.959,parallel,8.3,463.9,241.5,45.5,1101.8,62.2,2400,0.0,0.0,16249,-515,87,discharging,None,None
17:44:54.464,parallel,8.3,463.9,540.2,100.0,1101.8,65.0,2400,0.0,0.0,16208,-555,87,discharging,None,None
17:44:54.967,parallel,8.3,747.9,540.2,7.5,1102.0,59.5,2400,0.0,0.0,16220,-671,87,discharging,None,None
17:44:55.475,parallel,8.3,747.9,540.2,39.8,1102.0,62.2,2400,0.0,0.0,16249,-524,87,discharging,None,None
17:44:55.978,parallel,8.3,655.7,435.4,98.0,1104.1,63.9,2400,0.0,0.0,16207,-546,87,discharging,None,None
17:44:56.482,parallel,8.3,655.7,435.4,2.0,1104.4,59.5,2400,0.0,0.0,16227,-648,87,discharging,None,None
17:44:56.991,parallel,8.3,655.7,435.4,50.5,1104.4,63.9,2400,0.0,0.0,16250,-509,87,discharging,None,None
17:44:57.494,parallel,8.3,395.3,172.8,66.8,1103.4,61.1,2400,0.0,0.0,16201,-568,87,discharging,None,None
17:44:58.007,parallel,8.3,395.3,172.8,16.3,1102.8,61.1,2400,0.0,0.0,16236,-614,87,discharging,None,None
17:44:58.519,parallel,8.3,399.3,172.8,68.2,1102.8,60.6,2400,0.0,0.0,16213,-548,87,discharging,None,None
17:44:59.022,parallel,8.3,399.3,161.4,35.3,1102.0,59.5,2400,0.0,0.0,16213,-614,87,discharging,None,None
17:44:59.526,parallel,8.4,394.9,161.4,79.0,1102.0,63.9,2400,0.0,0.0,16248,-542,87,discharging,None,None
17:45:00.036,parallel,8.4,394.9,161.4,36.8,1101.8,62.8,2400,0.0,0.0,16215,-556,87,discharging,None,None
17:45:00.887,parallel,8.3,564.5,170.3,66.7,1101.8,62.8,2400,0.0,0.0,16205,-599,87,discharging,None,None
17:45:01.395,parallel,8.3,564.5,170.3,31.8,1101.8,63.4,2400,0.0,0.0,16237,-591,87,discharging,None,None
17:45:01.899,parallel,8.3,564.5,164.1,46.2,1101.8,64.5,2400,0.0,0.0,16242,-527,87,discharging,None,None
17:45:02.403,parallel,6.9,410.8,164.1,44.1,1101.6,59.5,2400,0.0,0.0,16199,-618,87,discharging,None,None
17:45:02.912,parallel,6.9,410.8,179.6,39.9,1101.1,60.0,2400,0.0,0.0,16250,-568,87,discharging,None,None
17:45:03.416,parallel,8.3,402.2,179.6,81.8,1101.5,60.6,2400,0.0,0.0,16200,-567,87,discharging,None,None
17:45:03.919,parallel,8.3,402.2,179.6,2.0,1101.8,59.5,2400,0.0,0.0,16241,-582,87,discharging,None,None
17:45:04.427,parallel,8.3,402.2,259.5,85.1,1101.8,64.5,2400,0.0,0.0,16214,-519,87,discharging,None,None
17:45:04.931,parallel,8.3,492.0,259.5,38.6,1102.0,59.0,2400,0.0,0.0,16203,-626,87,discharging,None,None
17:45:05.440,parallel,8.3,492.0,259.5,8.0,1102.0,61.1,2400,0.0,0.0,16247,-546,87,discharging,None,None
17:45:05.951,parallel,8.3,492.0,259.5,100.0,1102.0,64.5,2400,0.0,0.0,16214,-518,87,discharging,None,None
17:45:06.454,parallel,8.3,875.0,760.5,68.3,1102.3,60.6,2400,0.0,0.0,16199,-691,87,discharging,None,None
17:45:06.958,parallel,8.4,875.0,760.5,1.5,1101.8,59.5,2400,0.0,0.0,16245,-593,87,discharging,None,None
17:45:07.467,parallel,8.4,875.0,760.5,76.7,1101.8,64.5,2400,0.0,0.0,16238,-480,87,discharging,None,None
17:45:07.970,parallel,8.3,496.1,291.1,51.2,1102.1,60.6,2400,0.0,0.0,16203,-631,87,discharging,None,None
17:45:08.479,parallel,8.3,496.1,291.1,20.6,1102.1,61.7,2400,0.0,0.0,16249,-573,87,discharging,None,None
17:45:08.983,parallel,8.3,395.0,291.1,77.5,1101.6,62.8,2400,0.0,0.0,16206,-549,87,discharging,None,None
17:45:09.487,parallel,8.3,395.0,178.9,22.9,1101.6,59.5,2400,0.0,0.0,16225,-617,87,discharging,None,None
17:45:09.990,parallel,8.3,395.6,178.9,81.7,1101.6,62.2,2400,0.0,0.0,16226,-547,87,discharging,None,None
17:45:10.494,parallel,8.3,395.6,159.8,36.5,1101.2,61.1,2400,0.0,0.0,16236,-555,87,discharging,None,None
17:45:11.000,parallel,8.3,395.6,159.8,46.0,1101.2,63.9,2400,0.0,0.0,16241,-548,87,discharging,None,None
17:45:11.503,parallel,8.3,403.4,159.8,38.0,1101.2,59.5,2400,0.0,0.0,16197,-615,87,discharging,None,None
17:45:12.012,parallel,8.4,403.4,167.6,43.6,1101.2,61.1,2400,0.0,0.0,16238,-601,87,discharging,None,None
17:45:12.516,parallel,8.4,395.4,167.6,73.9,1101.4,61.1,2400,0.0,0.0,16205,-581,87,discharging,None,None
17:45:13.024,parallel,8.3,395.4,167.6,13.4,1101.4,60.0,2400,0.0,0.0,16239,-565,87,discharging,None,None
17:45:13.528,parallel,8.3,395.4,171.8,100.0,1101.4,66.1,2400,0.0,0.0,16208,-543,87,discharging,None,None
17:45:14.032,parallel,7.9,411.5,171.8,16.0,1101.4,60.0,2400,0.0,0.0,16225,-624,87,discharging,None,None
17:45:14.551,parallel,7.9,411.5,171.8,32.7,1101.4,62.2,2400,0.0,0.0,16249,-521,87,discharging,None,None
17:45:15.058,parallel,7.9,411.5,654.4,100.0,1101.4,63.9,2400,0.0,0.0,16210,-540,87,discharging,None,None
17:45:15.562,parallel,8.3,795.8,654.4,29.6,1101.1,59.5,2400,0.0,0.0,16198,-677,87,discharging,None,None
17:45:16.075,parallel,8.3,795.8,654.4,20.2,1101.1,61.7,2400,0.0,0.0,16246,-544,87,discharging,None,None
17:45:16.584,parallel,8.2,795.8,654.4,100.0,1101.5,63.9,2400,0.0,0.0,16209,-524,87,discharging,None,None
17:45:17.088,parallel,8.2,671.8,447.6,26.1,1102.1,60.6,2400,0.0,0.0,16200,-657,87,discharging,None,None
17:45:17.596,parallel,8.2,671.8,447.6,30.2,1102.1,62.8,2400,0.0,0.0,16246,-542,87,discharging,None,None
17:45:18.100,parallel,8.3,403.2,161.4,88.4,1102.3,62.8,2400,0.0,0.0,16205,-542,87,discharging,None,None
17:45:18.603,parallel,8.3,403.2,161.4,3.0,1102.3,60.0,2400,0.0,0.0,16238,-614,87,discharging,None,None
17:45:19.107,parallel,8.3,402.9,161.4,82.6,1102.1,62.2,2400,0.0,0.0,16233,-541,87,discharging,None,None
17:45:19.610,parallel,8.3,402.9,160.3,36.3,1102.1,60.6,2400,0.0,0.0,16237,-583,87,discharging,None,None
17:45:20.119,parallel,8.3,402.9,160.3,51.8,1102.1,63.4,2400,0.0,0.0,16242,-556,87,discharging,None,None
17:45:20.623,parallel,8.3,397.3,160.3,34.7,1105.7,60.0,2400,0.0,0.0,16197,-588,87,discharging,None,None
17:45:21.131,parallel,8.3,397.3,171.4,50.0,1106.1,61.7,2400,0.0,0.0,16209,-617,87,discharging,None,None
17:45:21.634,parallel,8.3,396.6,171.4,68.7,1106.1,61.1,2400,0.0,0.0,16207,-573,87,discharging,None,None
17:45:22.138,parallel,8.3,396.6,158.5,32.3,1105.7,62.8,2400,0.0,0.0,16236,-557,87,discharging,None,None
17:45:22.644,parallel,8.3,396.6,158.5,81.2,1105.7,65.0,2400,0.0,0.0,16232,-543,87,discharging,None,None
17:45:23.148,parallel,8.3,396.9,158.5,7.0,1104.8,58.4,1600,0.0,0.0,16222,-614,87,discharging,None,None
17:45:23.656,parallel,8.3,396.9,158.5,62.6,1104.8,62.2,2400,0.0,0.0,16253,-508,87,discharging,None,None
17:45:24.160,parallel,8.3,534.2,320.7,70.3,1104.4,61.1,2400,0.0,0.0,16204,-548,87,discharging,None,None
17:45:24.663,parallel,8.3,534.2,320.7,2.5,1104.4,59.0,2400,0.0,0.0,16234,-617,87,discharging,None,None
17:45:25.283,parallel,8.3,534.2,320.7,80.0,1104.4,63.4,2400,0.0,0.0,16214,-514,87,discharging,None,None
17:45:25.787,parallel,8.3,696.7,313.3,66.5,1104.0,60.6,2400,0.0,0.0,16200,-676,87,discharging,None,None
17:45:26.298,parallel,8.3,696.7,313.3,3.9,1105.4,59.0,2400,0.0,0.0,16247,-571,87,discharging,None,None
17:45:26.806,parallel,6.6,400.0,313.3,81.2,1118.0,61.1,2400,0.0,0.0,16206,-531,87,discharging,None,None
17:45:27.310,parallel,6.6,400.0,176.8,38.5,1119.3,60.6,2400,0.0,0.0,16215,-617,87,discharging,None,None
17:45:27.816,parallel,8.3,400.0,176.8,65.7,1118.5,63.9,2400,0.0,0.0,16238,-543,87,discharging,None,None
17:45:28.320,parallel,8.3,398.7,176.8,47.0,1118.2,63.4,2400,0.0,0.0,16234,-556,87,discharging,None,None
17:45:28.828,parallel,8.3,398.7,163.4,35.8,1117.4,62.8,2400,0.0,0.0,16241,-567,87,discharging,None,None
17:45:29.332,parallel,8.3,403.5,163.4,55.7,1114.3,60.6,2400,0.0,0.0,16196,-616,87,discharging,None,None
17:45:29.835,parallel,8.3,403.5,163.4,37.3,1112.1,60.6,2400,0.0,0.0,16246,-593,87,discharging,None,None
17:45:30.339,parallel,8.3,394.2,163.4,81.8,1112.6,62.2,2400,0.0,0.0,16206,-560,87,discharging,None,None
17:45:30.842,parallel,8.3,394.2,163.4,2.5,1111.8,59.5,2400,0.0,0.0,16234,-578,87,discharging,None,None
17:45:31.351,parallel,8.3,394.2,167.6,87.0,1111.8,63.9,2400,0.0,0.0,16212,-544,87,discharging,None,None
17:45:31.855,parallel,8.3,398.5,167.6,32.0,1109.1,60.0,2400,0.0,0.0,16206,-615,87,discharging,None,None
17:45:32.367,parallel,8.3,398.5,167.6,20.3,1110.1,61.1,2400,0.0,0.0,16245,-537,87,discharging,None,None
17:45:32.871,parallel,8.3,398.5,421.7,100.0,1110.4,63.9,2400,0.0,0.0,16207,-553,87,discharging,None,None
17:45:33.374,parallel,8.3,643.6,421.7,17.7,1109.4,60.6,2400,0.0,0.0,16226,-657,87,discharging,None,None
17:45:33.884,parallel,8.4,643.6,421.7,31.3,1108.4,60.6,2400,0.0,0.0,16246,-519,87,discharging,None,None
17:45:34.392,parallel,8.4,643.6,421.7,100.0,1115.1,63.9,2400,0.0,0.0,16206,-550,87,discharging,None,None
17:45:34.895,parallel,8.3,764.3,520.0,25.5,1114.9,59.5,2400,0.0,0.0,16213,-663,87,discharging,None,None
17:45:35.403,parallel,8.3,764.3,520.0,22.4,1114.9,61.7,2400,0.0,0.0,16245,-524,87,discharging,None,None
17:45:35.907,parallel,8.3,562.8,520.0,100.0,1115.2,63.9,2400,0.0,0.0,16202,-545,87,discharging,None,None
17:45:36.410,parallel,8.3,562.8,332.8,13.9,1114.5,59.5,2400,0.0,0.0,16228,-639,87,discharging,None,None
17:45:36.919,parallel,8.3,562.8,332.8,52.0,1112.2,61.7,2400,0.0,0.0,16248,-512,87,discharging,None,None
17:45:37.424,parallel,8.3,411.8,332.8,86.7,1110.7,63.9,2400,0.0,0.0,16197,-571,87,discharging,None,None
17:45:37.928,parallel,8.3,411.8,309.6,21.9,1109.0,61.1,2400,0.0,0.0,16233,-643,87,discharging,None,None
17:45:38.432,parallel,8.3,399.6,309.6,71.6,1109.5,60.6,2400,0.0,0.0,16204,-611,87,discharging,None,None
17:45:38.936,parallel,7.6,399.6,159.0,36.3,1108.0,60.0,2400,0.0,0.0,16239,-570,87,discharging,None,None
17:45:39.445,parallel,7.6,399.6,159.0,74.4,1108.2,64.5,2400,0.0,0.0,16234,-539,87,discharging,None,None
17:45:39.948,parallel,8.3,399.4,159.0,10.9,1108.3,59.5,2400,0.0,0.0,16229,-599,87,discharging,None,None
17:45:40.456,parallel,8.3,399.4,168.5,72.9,1108.3,63.9,2400,0.0,0.0,16228,-570,87,discharging,None,None
17:45:40.959,parallel,8.3,402.9,168.5,47.8,1107.5,59.5,2400,0.0,0.0,16198,-616,87,discharging,None,None
17:45:41.466,parallel,8.3,402.9,168.5,17.3,1107.5,60.6,2400,0.0,0.0,16246,-557,87,discharging,None,None
17:45:41.971,parallel,8.3,402.9,266.8,100.0,1107.5,64.5,2400,0.0,0.0,16212,-519,87,discharging,None,None
17:45:42.475,parallel,8.3,524.8,266.8,11.9,1105.6,59.5,2400,0.0,0.0,16226,-627,87,discharging,None,None
17:45:42.987,parallel,8.3,524.8,266.8,37.1,1105.2,62.2,2400,0.0,0.0,16247,-516,87,discharging,None,None
17:45:43.491,parallel,8.2,686.3,419.1,100.0,1105.0,63.4,2400,0.0,0.0,16205,-551,87,discharging,None,None
17:45:43.994,parallel,8.2,686.3,419.1,5.4,1104.6,59.5,2400,0.0,0.0,16231,-646,87,discharging,None,None
17:45:44.507,parallel,8.3,686.3,419.1,43.1,1104.6,62.8,2400,0.0,0.0,16246,-502,87,discharging,None,None
17:45:45.011,parallel,8.3,686.3,499.9,100.0,1104.6,64.5,2400,0.0,0.0,16203,-563,87,discharging,None,None
17:45:45.516,parallel,8.3,728.9,499.9,7.9,1103.6,58.4,2400,0.0,0.0,16225,-665,87,discharging,None,None
17:45:46.024,parallel,8.5,728.9,499.9,41.9,1103.4,63.9,2400,0.0,0.0,16246,-509,87,discharging,None,None
17:45:46.529,parallel,8.5,486.9,249.5,83.7,1105.0,61.7,2400,0.0,0.0,16199,-562,87,discharging,None,None
17:45:47.032,parallel,8.3,486.9,249.5,2.5,1105.7,59.0,2400,0.0,0.0,16233,-625,87,discharging,None,None
17:45:47.536,parallel,8.3,402.2,249.5,82.9,1105.7,63.4,2400,0.0,0.0,16238,-521,87,discharging,None,None
17:45:48.039,parallel,8.3,402.2,161.1,36.6,1105.1,60.0,2400,0.0,0.0,16228,-602,87,discharging,None,None
17:45:48.547,parallel,8.3,402.2,161.1,47.3,1105.1,63.4,2400,0.0,0.0,16246,-563,87,discharging,None,None
17:45:49.051,parallel,8.3,407.3,161.1,50.5,1103.7,62.8,2400,0.0,0.0,16198,-567,87,discharging,None,None
17:45:49.556,parallel,8.3,407.3,156.8,40.7,1104.4,60.6,2400,0.0,0.0,16206,-615,87,discharging,None,None
17:45:50.060,parallel,8.3,395.6,156.8,74.1,1105.1,61.1,2400,0.0,0.0,16204,-571,87,discharging,None,None
17:45:50.563,parallel,7.9,395.6,162.2,37.0,1106.0,61.1,2400,0.0,0.0,16234,-565,87,discharging,None,None
17:45:51.071,parallel,7.9,395.6,162.2,70.3,1106.0,65.5,2400,0.0,0.0,16241,-543,87,discharging,None,None
17:45:51.575,parallel,7.9,395.2,162.2,14.3,1105.8,60.0,2400,0.0,0.0,16207,-616,87,discharging,None,None
17:45:52.082,parallel,8.3,395.2,163.1,68.0,1104.7,62.8,2400,0.0,0.0,16245,-560,87,discharging,None,None
17:45:52.586,parallel,8.3,398.5,163.1,50.0,1104.7,59.5,2400,0.0,0.0,16194,-605,87,discharging,None,None
17:45:53.097,parallel,8.4,398.5,163.1,6.4,1104.0,60.0,2400,0.0,0.0,16241,-587,87,discharging,None,None
17:45:53.601,parallel,8.4,398.5,455.0,100.0,1104.0,64.5,2400,0.0,0.0,16219,-490,87,discharging,None,None
17:45:54.104,parallel,8.4,641.6,455.0,36.1,1103.7,59.5,2400,0.0,0.0,16192,-652,87,discharging,None,None
17:45:54.614,parallel,8.3,641.6,455.0,13.3,1103.7,61.1,2400,0.0,0.0,16245,-578,87,discharging,None,None
17:45:55.127,parallel,8.3,641.6,455.0,100.0,1103.7,65.5,2400,0.0,0.0,16210,-495,87,discharging,None,None
17:45:55.631,parallel,8.3,729.6,476.1,36.3,1105.2,60.0,2400,0.0,0.0,16195,-662,87,discharging,None,None
17:45:56.139,parallel,8.3,729.6,476.1,11.4,1109.3,60.6,2400,0.0,0.0,16244,-576,87,discharging,None,None
17:45:56.643,parallel,8.2,495.4,476.1,100.0,1109.7,63.9,2400,0.0,0.0,16216,-491,87,discharging,None,None
17:45:57.146,parallel,8.2,495.4,283.2,14.4,1110.5,60.0,2400,0.0,0.0,16198,-623,87,discharging,None,None
17:45:57.656,parallel,8.2,495.4,283.2,54.0,1110.9,63.4,2400,0.0,0.0,16243,-540,87,discharging,None,None
17:45:58.159,parallel,8.3,407.5,163.6,65.9,1110.1,60.6,2400,0.0,0.0,16198,-556,87,discharging,None,None
17:45:58.667,parallel,8.3,407.5,163.6,16.7,1110.1,61.1,2400,0.0,0.0,16237,-616,87,discharging,None,None
17:45:59.170,parallel,8.4,418.6,163.6,72.3,1108.8,60.0,2400,0.0,0.0,16210,-555,87,discharging,None,None
17:45:59.674,parallel,8.4,418.6,159.2,36.0,1108.8,59.5,2400,0.0,0.0,16236,-576,87,discharging,None,None
17:46:00.183,parallel,8.3,418.6,159.2,73.9,1108.8,63.9,2400,0.0,0.0,16240,-568,87,discharging,None,None
17:46:00.687,parallel,8.3,400.2,159.2,23.4,1107.8,62.2,2400,0.0,0.0,16234,-555,87,discharging,None,None
17:46:01.191,parallel,8.3,400.2,171.2,58.2,1106.4,62.8,2400,0.0,0.0,16237,-544,87,discharging,None,None
17:46:01.695,parallel,8.4,586.9,171.2,63.4,1106.4,60.6,2400,0.0,0.0,16201,-640,87,discharging,None,None
17:46:02.198,parallel,8.4,586.9,159.6,36.9,1105.1,61.7,2400,0.0,0.0,16242,-590,87,discharging,None,None
17:46:02.707,parallel,7.6,586.9,159.6,60.5,1105.1,63.9,2400,0.0,0.0,16219,-540,87,discharging,None,None
17:46:03.210,parallel,7.6,399.5,159.6,24.0,1104.6,59.5,2400,0.0,0.0,16233,-575,87,discharging,None,None
17:46:03.719,parallel,7.6,399.5,163.6,58.5,1104.6,63.4,2400,0.0,0.0,16207,-546,87,discharging,None,None
17:46:04.223,parallel,8.3,399.4,163.6,59.8,1104.1,60.6,2400,0.0,0.0,16194,-615,87,discharging,None,None
17:46:04.731,parallel,8.3,399.4,163.6,4.0,1104.1,59.5,2400,0.0,0.0,16243,-551,87,discharging,None,None
17:46:05.239,parallel,8.3,399.4,363.7,100.0,1102.9,64.5,2400,0.0,0.0,16203,-549,87,discharging,None,None
17:46:05.742,parallel,8.3,548.8,363.7,27.2,1102.7,59.5,2400,0.0,0.0,16232,-637,87,discharging,None,None
17:46:06.251,parallel,8.3,548.8,363.7,20.4,1104.9,61.1,2400,0.0,0.0,16246,-496,87,discharging,None,None
17:46:06.755,parallel,8.3,548.8,430.8,100.0,1104.9,63.9,2400,0.0,0.0,16199,-572,87,discharging,None,None
17:46:07.259,parallel,8.3,683.1,430.8,22.4,1106.0,59.5,2400,0.0,0.0,16233,-647,87,discharging,None,None
17:46:07.767,parallel,8.4,683.1,430.8,31.0,1106.0,62.2,2400,0.0,0.0,16246,-484,87,discharging,None,None
17:46:08.275,parallel,8.4,631.4,430.8,100.0,1106.0,63.9,2400,0.0,0.0,16198,-587,87,discharging,None,None
17:46:08.779,parallel,8.3,631.4,415.1,14.6,1107.0,60.0,2400,0.0,0.0,16233,-651,87,discharging,None,None
17:46:09.287,parallel,8.3,631.4,415.1,43.9,1106.0,62.2,2400,0.0,0.0,16246,-490,87,discharging,None,None
17:46:09.790,parallel,8.3,414.4,167.1,76.8,1106.7,61.7,2400,0.0,0.0,16208,-581,87,discharging,None,None
17:46:10.303,parallel,8.3,414.4,167.1,3.5,1106.5,60.0,2400,0.0,0.0,16240,-582,87,discharging,None,None
17:46:10.806,parallel,8.3,394.2,167.1,78.0,1106.5,61.1,2400,0.0,0.0,16201,-562,87,discharging,None,None
17:46:11.310,parallel,8.3,394.2,161.6,36.2,1105.9,60.0,2400,0.0,0.0,16202,-613,87,discharging,None,None
17:46:11.819,parallel,8.3,394.2,161.6,67.7,1106.3,65.0,2400,0.0,0.0,16225,-543,87,discharging,None,None
17:46:12.325,parallel,8.2,394.3,161.6,27.9,1104.3,60.6,2400,0.0,0.0,16233,-554,87,discharging,None,None
17:46:12.829,parallel,8.2,394.3,172.0,55.9,1104.3,63.4,2400,0.0,0.0,16237,-549,87,discharging,None,None
17:46:13.333,parallel,8.2,397.7,172.0,52.2,1104.2,60.0,2400,0.0,0.0,16195,-616,87,discharging,None,None
17:46:13.840,parallel,8.4,397.7,172.0,41.1,1104.2,62.2,2400,0.0,0.0,16241,-564,87,discharging,None,None
17:46:14.344,parallel,8.4,396.9,170.6,86.6,1104.0,62.2,2400,0.0,0.0,16194,-588,87,discharging,None,None
17:46:14.847,parallel,7.9,396.9,170.6,2.0,1102.6,60.0,2400,0.0,0.0,16234,-614,87,discharging,None,None
17:46:15.356,parallel,7.9,396.9,170.6,61.1,1102.6,62.8,2400,0.0,0.0,16239,-488,87,discharging,None,None
17:46:15.859,parallel,7.9,693.9,507.1,84.6,1102.4,61.1,2400,0.0,0.0,16194,-629,87,discharging,None,None
17:46:16.363,parallel,8.3,693.9,507.1,1.5,1102.4,59.5,2400,0.0,0.0,16236,-617,87,discharging,None,None
17:46:16.875,parallel,8.3,693.9,507.1,61.3,1102.4,63.4,2400,0.0,0.0,16240,-481,87,discharging,None,None
17:46:17.378,parallel,8.2,751.0,483.8,91.0,1102.6,61.7,2400,0.0,0.0,16195,-629,87,discharging,None,None
17:46:17.882,parallel,8.2,751.0,483.8,1.5,1102.3,59.0,2400,0.0,0.0,16232,-628,87,discharging,None,None
17:46:18.391,parallel,8.4,751.0,483.8,54.2,1102.3,63.4,2400,0.0,0.0,16246,-477,87,discharging,None,None
17:46:18.895,parallel,8.4,557.4,318.8,77.5,1102.1,61.1,2400,0.0,0.0,16195,-614,87,discharging,None,None
17:46:19.398,parallel,8.4,557.4,318.8,2.0,1102.1,58.4,1600,0.0,0.0,16237,-607,87,discharging,None,None
17:46:19.902,parallel,8.3,427.2,318.8,85.0,1102.1,63.4,2400,0.0,0.0,16228,-467,87,discharging,None,None
17:46:20.407,parallel,8.3,427.2,158.7,39.0,1101.4,60.0,2400,0.0,0.0,16194,-578,87,discharging,None,None
17:46:20.915,parallel,8.4,427.2,158.7,42.3,1101.4,62.8,2400,0.0,0.0,16243,-546,87,discharging,None,None
17:46:21.419,parallel,8.4,399.4,158.7,60.4,1101.1,62.8,2400,0.0,0.0,16197,-553,87,discharging,None,None
17:46:21.924,parallel,8.4,399.4,159.7,21.4,1100.7,60.0,2400,0.0,0.0,16233,-606,87,discharging,None,None
17:46:22.427,parallel,8.3,395.4,159.7,77.7,1101.1,60.6,2400,0.0,0.0,16202,-585,87,discharging,None,None
17:46:22.932,parallel,8.3,395.4,176.0,37.7,1101.6,60.6,2400,0.0,0.0,16237,-567,87,discharging,None,None
17:46:23.440,parallel,8.3,395.4,176.0,67.8,1101.6,63.9,2400,0.0,0.0,16225,-542,87,discharging,None,None
17:46:23.943,parallel,8.3,394.8,176.0,15.6,1101.4,59.0,2400,0.0,0.0,16228,-601,87,discharging,None,None
17:46:24.451,parallel,8.3,394.8,158.4,65.0,1101.4,62.8,2400,0.0,0.0,16223,-568,87,discharging,None,None
17:46:24.954,parallel,8.3,401.5,158.4,53.2,1100.9,60.0,2400,0.0,0.0,16194,-616,87,discharging,None,None
17:46:25.463,parallel,8.3,401.5,158.4,9.5,1100.9,60.0,2400,0.0,0.0,16242,-557,87,discharging,None,None
17:46:26.081,parallel,8.4,401.5,158.4,100.0,1100.9,63.4,2400,0.0,0.0,16208,-519,87,discharging,None,None
17:46:26.584,parallel,8.4,710.7,669.0,29.9,1100.9,60.0,2400,0.0,0.0,16192,-678,87,discharging,None,None
17:46:27.094,parallel,8.4,710.7,669.0,17.9,1100.9,60.6,2400,0.0,0.0,16241,-567,87,discharging,None,None
17:46:27.603,parallel,6.4,582.8,669.0,100.0,1102.0,63.9,2400,0.0,0.0,16208,-498,87,discharging,None,None
17:46:28.106,parallel,6.4,582.8,362.1,14.5,1102.5,59.0,2400,0.0,0.0,16195,-632,87,discharging,None,None
17:46:28.615,parallel,8.3,582.8,362.1,44.0,1102.5,62.8,2400,0.0,0.0,16242,-541,87,discharging,None,None
17:46:29.118,parallel,8.3,393.5,164.4,72.9,1102.5,61.1,2400,0.0,0.0,16201,-545,87,discharging,None,None
17:46:29.628,parallel,8.3,393.5,164.4,8.5,1102.5,60.0,1900,0.0,0.0,16235,-612,87,discharging,None,None
17:46:30.132,parallel,8.3,408.7,164.4,76.1,1101.8,60.0,2400,0.0,0.0,16231,-530,87,discharging,None,None
17:46:30.636,parallel,8.3,408.7,159.2,36.2,1101.8,59.5,2400,0.0,0.0,16234,-567,87,discharging,None,None
17:46:31.144,parallel,8.3,408.7,159.2,69.0,1101.8,63.9,2400,0.0,0.0,16237,-549,87,discharging,None,None
17:46:31.648,parallel,8.3,403.4,159.2,28.1,1101.8,61.1,2400,0.0,0.0,16194,-593,87,discharging,None,None
17:46:32.152,parallel,8.3,403.4,175.3,54.5,1101.4,62.8,2400,0.0,0.0,16213,-545,87,discharging,None,None
17:46:32.656,parallel,8.3,399.4,175.3,52.5,1101.4,60.0,2400,0.0,0.0,16199,-616,87,discharging,None,None
17:46:33.159,parallel,8.3,399.4,158.2,36.5,1101.8,60.0,2400,0.0,0.0,16243,-573,87,discharging,None,None
17:46:33.663,parallel,8.3,395.4,158.2,81.6,1101.8,61.7,2400,0.0,0.0,16197,-596,87,discharging,None,None
17:46:34.166,parallel,8.3,395.4,158.2,2.5,1101.8,59.5,2400,0.0,0.0,16237,-579,87,discharging,None,None
17:46:34.679,parallel,8.2,395.4,357.3,72.5,1101.8,64.5,2400,0.0,0.0,16208,-506,87,discharging,None,None
17:46:35.182,parallel,8.2,562.6,357.3,59.7,1101.1,60.0,2400,0.0,0.0,16191,-638,87,discharging,None,None
17:46:35.686,parallel,8.4,562.6,357.3,2.5,1101.1,59.0,2400,0.0,0.0,16242,-556,87,discharging,None,None
17:46:36.199,parallel,8.4,562.6,357.3,85.1,1101.1,63.4,2400,0.0,0.0,16208,-509,87,discharging,None,None
17:46:36.702,parallel,8.4,720.9,463.3,60.8,1100.9,60.6,2400,0.0,0.0,16190,-659,87,discharging,None,None
17:46:37.206,parallel,8.3,720.9,463.3,2.0,1100.9,58.4,2400,0.0,0.0,16241,-558,87,discharging,None,None
17:46:37.719,parallel,8.3,720.9,463.3,85.2,1100.9,63.4,2400,0.0,0.0,16205,-511,87,discharging,None,None
17:46:38.222,parallel,8.3,879.8,430.3,67.0,1100.5,60.0,2400,0.0,0.0,16194,-662,87,discharging,None,None
17:46:38.726,parallel,8.3,879.8,430.3,2.5,1100.5,59.0,2400,0.0,0.0,16241,-561,87,discharging,None,None
17:46:39.238,parallel,7.9,879.8,430.3,52.7,1100.5,61.7,2400,0.0,0.0,16243,-450,87,discharging,None,None
17:46:39.743,parallel,7.9,751.0,430.3,99.5,1100.5,63.4,2400,0.0,0.0,16198,-618,87,discharging,None,None
17:46:40.246,parallel,7.9,751.0,601.8,10.0,1100.9,59.0,2400,0.0,0.0,16231,-640,87,discharging,None,None
17:46:40.755,parallel,8.4,751.0,601.8,48.0,1100.9,63.9,2400,0.0,0.0,16244,-494,87,discharging,None,None
17:46:41.258,parallel,8.4,407.8,160.6,71.6,1101.0,61.1,2400,0.0,0.0,16203,-603,87,discharging,None,None
17:46:41.772,parallel,8.3,407.8,160.6,9.5,1101.0,60.6,2400,0.0,0.0,16238,-590,87,discharging,None,None
17:46:42.275,parallel,8.3,407.2,160.6,74.8,1101.0,60.0,2400,0.0,0.0,16198,-559,87,discharging,None,None
17:46:42.779,parallel,8.3,407.2,171.6,37.1,1101.0,59.5,2400,0.0,0.0,16200,-618,87,discharging,None,None
17:46:43.285,parallel,8.3,407.2,171.6,71.0,1100.7,64.5,2400,0.0,0.0,16223,-540,87,discharging,None,None
17:46:43.795,parallel,8.3,403.6,171.6,33.0,1100.7,62.2,2400,0.0,0.0,16231,-555,87,discharging,None,None
17:46:44.299,parallel,8.3,403.6,159.2,49.3,1100.9,63.4,2400,0.0,0.0,16239,-552,87,discharging,None,None
17:46:44.803,parallel,8.3,399.3,159.2,50.7,1100.9,60.0,1900,0.0,0.0,16194,-613,87,discharging,None,None
17:46:45.306,parallel,8.3,399.3,159.0,34.8,1100.7,60.0,2400,0.0,0.0,16248,-547,87,discharging,None,None
17:46:45.810,parallel,8.3,363.1,159.0,75.1,1100.5,60.6,2400,0.0,0.0,16196,-545,87,discharging,None,None
17:46:46.313,parallel,8.3,363.1,159.0,0.0,1100.5,58.4,2400,0.0,0.0,16238,-577,87,discharging,None,None
17:46:46.820,parallel,8.3,363.1,315.9,79.4,1100.5,64.5,2400,0.0,0.0,16219,-503,87,discharging,None,None
17:46:47.323,parallel,8.3,508.3,315.9,41.0,1100.5,59.0,2400,0.0,0.0,16194,-619,87,discharging,None,None
17:46:47.835,parallel,8.3,508.3,315.9,3.0,1100.5,58.4,2400,0.0,0.0,16242,-543,87,discharging,None,None
17:46:48.346,parallel,8.3,508.3,315.9,100.0,1100.5,63.4,2400,0.0,0.0,16207,-516,87,discharging,None,None
17:46:48.850,parallel,8.3,698.8,470.3,36.3,1100.5,59.5,2400,0.0,0.0,16194,-651,87,discharging,None,None
17:46:49.359,parallel,8.3,698.8,470.3,8.5,1100.8,60.0,2400,0.0,0.0,16242,-533,87,discharging,None,None
17:46:49.864,parallel,8.3,504.2,470.3,100.0,1100.9,64.5,2400,0.0,0.0,16201,-527,87,discharging,None,None
17:46:50.367,parallel,8.3,504.2,315.3,15.8,1101.8,59.0,1500,0.0,0.0,16223,-625,87,discharging,None,None
17:46:50.876,parallel,8.3,504.2,315.3,50.7,1101.8,62.2,2400,0.0,0.0,16250,-483,87,discharging,None,None
17:46:51.379,parallel,8.3,379.6,151.6,59.8,1101.8,60.0,2400,0.0,0.0,16207,-519,87,discharging,None,None
17:46:51.887,parallel,8.3,379.6,151.6,16.6,1101.8,60.6,2400,0.0,0.0,16234,-574,87,discharging,None,None
17:46:52.390,parallel,8.3,366.3,151.6,58.1,1101.6,59.5,2400,0.0,0.0,16198,-579,87,discharging,None,None
17:46:52.894,parallel,8.3,366.3,151.3,32.5,1101.4,59.0,2400,0.0,0.0,16217,-596,87,discharging,None,None
17:46:53.398,parallel,8.3,362.1,151.3,75.1,1101.8,61.1,2400,0.0,0.0,16217,-537,87,discharging,None,None
17:46:53.904,parallel,8.3,362.1,151.3,14.9,1101.8,62.2,2400,0.0,0.0,16233,-539,87,discharging,None,None
17:46:54.408,parallel,8.3,362.1,149.7,73.6,1101.8,63.4,2400,0.0,0.0,16228,-535,87,discharging,None,None
17:46:54.912,parallel,8.3,364.9,149.7,19.0,1101.6,59.0,2400,0.0,0.0,16214,-596,87,discharging,None,None
17:46:55.423,parallel,8.3,364.9,224.7,48.0,1101.6,61.7,2400,0.0,0.0,16243,-525,87,discharging,None,None
17:46:55.926,parallel,8.3,442.3,224.7,65.7,1101.6,60.0,2400,0.0,0.0,16189,-587,87,discharging,None,None
17:46:56.430,parallel,8.3,442.3,224.7,0.0,1101.4,59.0,2400,0.0,0.0,16236,-601,87,discharging,None,None
17:46:56.943,parallel,8.3,442.3,224.7,79.2,1101.4,62.8,2400,0.0,0.0,16231,-469,87,discharging,None,None
17:46:57.446,parallel,8.3,659.2,431.4,53.9,1101.1,60.0,2400,0.0,0.0,16193,-634,87,discharging,None,None
17:46:57.950,parallel,8.3,659.2,431.4,0.0,1101.1,59.0,2400,0.0,0.0,16241,-585,87,discharging,None,None
17:46:58.463,parallel,8.3,659.2,431.4,90.7,1101.1,62.8,2400,0.0,0.0,16218,-480,87,discharging,None,None
17:46:58.967,parallel,8.3,645.3,378.3,39.3,1101.6,59.5,2400,0.0,0.0,16191,-634,87,discharging,None,None
17:46:59.476,parallel,8.3,645.3,378.3,5.5,1101.6,60.0,2400,0.0,0.0,16241,-556,87,discharging,None,None
17:46:59.980,parallel,8.3,374.8,157.7,99.0,1102.4,63.4,2400,0.0,0.0,16205,-501,87,discharging,None,None
17:47:00.483,parallel,8.3,374.8,157.7,2.5,1102.5,59.0,2400,0.0,0.0,16229,-597,87,discharging,None,None
17:47:00.991,parallel,8.3,376.2,157.7,73.3,1102.5,62.8,2400,0.0,0.0,16245,-530,87,discharging,None,None
17:47:01.494,parallel,8.3,376.2,149.2,36.0,1102.5,59.5,2400,0.0,0.0,16228,-548,87,discharging,None,None
17:47:02.003,parallel,8.3,376.2,149.2,40.3,1101.6,62.8,2400,0.0,0.0,16237,-550,87,discharging,None,None
17:47:02.507,parallel,8.3,367.3,149.2,34.8,1101.6,57.9,2400,0.0,0.0,16193,-577,87,discharging,None,None
17:47:03.015,parallel,8.3,367.3,150.9,42.0,1101.6,60.0,2400,0.0,0.0,16215,-595,87,discharging,None,None
17:47:03.518,parallel,8.3,362.8,150.9,65.2,1101.6,60.0,2400,0.0,0.0,16202,-559,87,discharging,None,None
17:47:04.022,parallel,8.3,362.8,148.0,29.4,1101.4,62.8,2400,0.0,0.0,16233,-539,87,discharging,None,None
17:47:04.526,parallel,8.3,364.0,148.0,78.3,1101.4,61.1,2400,0.0,0.0,16231,-534,87,discharging,None,None
17:47:05.029,parallel,8.3,364.0,148.0,0.0,1101.1,58.4,2400,0.0,0.0,16232,-551,87,discharging,None,None
17:47:05.540,parallel,8.3,364.0,148.0,61.8,1101.3,62.2,2400,0.0,0.0,16206,-499,87,discharging,None,None
17:47:06.043,parallel,8.3,563.2,388.0,67.2,1101.1,59.5,2400,0.0,0.0,16202,-627,87,discharging,None,None
17:47:06.547,parallel,8.3,563.2,388.0,0.0,1101.1,59.0,2400,0.0,0.0,16243,-527,87,discharging,None,None
17:47:07.059,parallel,8.3,563.2,388.0,78.3,1101.1,63.4,2400,0.0,0.0,16203,-527,87,discharging,None,None
17:47:07.563,parallel,8.3,615.0,356.6,45.8,1101.1,59.5,2400,0.0,0.0,16229,-624,87,discharging,None,None
17:47:08.066,parallel,8.3,615.0,356.6,0.0,1100.7,58.4,2400,0.0,0.0,16243,-494,87,discharging,None,None
17:47:08.577,parallel,8.3,472.8,356.6,98.5,1100.7,62.8,2400,0.0,0.0,16196,-566,87,discharging,None,None
17:47:09.081,parallel,8.3,472.8,281.0,19.3,1100.7,58.4,2400,0.0,0.0,16231,-616,87,discharging,None,None
17:47:09.588,parallel,8.3,472.8,281.0,47.8,1100.7,62.8,2400,0.0,0.0,16224,-516,87,discharging,None,None
17:47:10.092,parallel,8.3,363.0,150.4,60.0,1101.6,59.5,2400,0.0,0.0,16214,-596,87,discharging,None,None
17:47:10.600,parallel,8.3,363.0,150.4,18.1,1101.6,61.1,2400,0.0,0.0,16242,-538,87,discharging,None,None
17:47:11.104,parallel,8.3,364.0,150.4,57.7,1101.6,59.5,1500,0.0,0.0,16203,-537,87,discharging,None,None
17:47:11.607,parallel,8.3,364.0,167.4,35.8,1101.6,59.5,2400,0.0,0.0,16217,-563,87,discharging,None,None
17:47:12.111,parallel,8.3,362.2,167.4,75.1,1101.6,60.0,2400,0.0,0.0,16197,-573,87,discharging,None,None
17:47:12.619,parallel,8.3,362.2,167.4,8.0,1101.6,59.5,2400,0.0,0.0,16242,-538,87,discharging,None,None
17:47:13.123,parallel,8.3,362.2,151.4,80.5,1101.1,63.4,2400,0.0,0.0,16207,-538,87,discharging,None,None
17:47:13.627,parallel,8.3,364.7,151.4,18.5,1101.1,59.0,2400,0.0,0.0,16231,-596,87,discharging,None,None
17:47:14.139,parallel,8.3,364.7,151.4,40.9,1101.1,62.8,2400,0.0,0.0,16237,-503,87,discharging,None,None
17:47:14.642,parallel,8.3,508.1,303.3,78.3,1101.1,60.6,2400,0.0,0.0,16189,-614,87,discharging,None,None
17:47:15.146,parallel,8.3,508.1,303.3,0.0,1101.1,58.4,2400,0.0,0.0,16240,-569,87,discharging,None,None
17:47:15.659,parallel,8.3,508.1,303.3,67.3,1102.3,63.4,2400,0.0,0.0,16208,-488,87,discharging,None,None
17:47:16.162,parallel,8.3,643.0,396.6,62.9,1102.5,60.0,2400,0.0,0.0,16191,-632,87,discharging,None,None
17:47:16.666,parallel,8.3,643.0,396.6,0.0,1104.6,57.3,1500,0.0,0.0,16245,-533,87,discharging,None,None
17:47:17.179,parallel,8.3,643.0,396.6,81.4,1104.6,61.7,2400,0.0,0.0,16209,-476,87,discharging,None,None
17:47:17.682,parallel,8.3,540.1,344.5,43.3,1104.6,58.4,2400,0.0,0.0,16219,-597,87,discharging,None,None
17:47:18.191,parallel,8.3,540.1,344.5,17.0,1103.7,60.6,2400,0.0,0.0,16244,-507,87,discharging,None,None
17:47:18.695,parallel,8.3,371.2,344.5,80.3,1103.7,62.8,2400,0.0,0.0,16196,-543,87,discharging,None,None
17:47:19.199,parallel,8.3,371.2,149.6,9.5,1102.5,57.9,2400,0.0,0.0,16232,-595,87,discharging,None,None
17:47:19.702,parallel,8.3,363.7,149.6,75.1,1102.7,61.1,2400,0.0,0.0,16200,-575,87,discharging,None,None
17:47:20.206,parallel,8.3,363.7,151.6,32.7,1103.7,59.5,2400,0.0,0.0,16222,-595,87,discharging,None,None
17:47:20.715,parallel,8.3,363.7,151.6,54.7,1103.7,63.4,2400,0.0,0.0,16230,-531,87,discharging,None,None
17:47:21.219,parallel,8.3,363.3,151.6,21.1,1103.7,58.4,2400,0.0,0.0,16231,-539,87,discharging,None,None
17:47:21.728,parallel,8.3,363.3,151.4,56.9,1103.9,61.7,2400,0.0,0.0,16221,-538,87,discharging,None,None
17:47:22.232,parallel,8.3,379.3,151.4,53.7,1103.4,60.0,2400,0.0,0.0,16204,-586,87,discharging,None,None
17:47:22.740,parallel,8.3,379.3,151.4,21.6,1103.4,60.6,2400,0.0,0.0,16242,-525,87,discharging,None,None
17:47:23.243,parallel,8.3,375.2,153.0,85.6,1102.9,61.1,2400,0.0,0.0,16188,-580,87,discharging,None,None
17:47:23.747,parallel,8.3,375.2,153.0,0.5,1102.9,58.4,2400,0.0,0.0,16236,-595,87,discharging,None,None
17:47:24.259,parallel,8.3,375.2,153.0,59.3,1101.8,62.2,2400,0.0,0.0,16229,-469,87,discharging,None,None
17:47:24.762,parallel,8.3,642.4,457.1,70.4,1101.8,61.7,2400,0.0,0.0,16190,-635,87,discharging,None,None
17:47:25.266,parallel,8.3,642.4,457.1,0.0,1101.8,57.9,2400,0.0,0.0,16240,-579,87,discharging,None,None
17:47:25.782,parallel,8.3,642.4,457.1,73.9,1101.8,62.8,2400,0.0,0.0,16207,-486,87,discharging,None,None
17:47:26.286,parallel,8.3,576.6,381.7,52.0,1101.5,59.5,2400,0.0,0.0,16192,-628,87,discharging,None,None
17:47:26.799,parallel,8.3,576.6,381.7,3.0,1101.5,58.4,2400,0.0,0.0,16240,-540,87,discharging,None,None
17:47:27.303,parallel,8.3,379.3,381.7,87.8,1101.3,63.4,2400,0.0,0.0,16204,-525,87,discharging,None,None
17:47:27.807,parallel,8.3,379.3,156.8,18.8,1101.3,58.4,2400,0.0,0.0,16236,-587,87,discharging,None,None
17:47:28.315,parallel,8.3,363.6,156.8,70.6,1101.3,63.4,2400,0.0,0.0,16222,-535,87,discharging,None,None
17:47:28.818,parallel,8.3,363.6,154.8,36.9,1103.4,59.5,2400,0.0,0.0,16231,-564,87,discharging,None,None
17:47:29.327,parallel,8.3,363.6,154.8,40.2,1103.2,62.2,2400,0.0,0.0,16236,-535,87,discharging,None,None
17:47:29.831,parallel,8.3,362.6,154.8,34.8,1102.9,59.0,2400,0.0,0.0,16212,-570,87,discharging,None,None
17:47:30.339,parallel,28.2,362.6,175.9,47.5,1103.4,61.1,2400,0.0,0.0,16210,-589,87,discharging,None,None
17:47:30.843,parallel,28.2,396.0,175.9,71.8,1102.2,60.0,2400,0.0,0.0,16195,-606,87,discharging,None,None
17:47:31.351,parallel,28.2,396.0,175.9,7.5,1102.2,60.6,2400,0.0,0.0,16237,-555,87,discharging,None,None
17:47:31.856,parallel,8.3,396.0,163.6,99.5,1102.2,62.2,2400,0.0,0.0,16205,-536,87,discharging,None,None
17:47:32.359,parallel,8.3,405.4,163.6,11.0,1102.0,58.4,1600,0.0,0.0,16228,-610,87,discharging,None,None
17:47:32.871,parallel,8.4,405.4,163.6,39.1,1102.0,61.1,2400,0.0,0.0,16248,-468,87,discharging,None,None
17:47:33.376,parallel,8.4,405.4,431.8,98.5,1102.4,64.5,2400,0.0,0.0,16197,-540,87,discharging,None,None
17:47:33.880,parallel,8.3,697.8,431.8,7.0,1101.3,59.5,2400,0.0,0.0,16225,-647,87,discharging,None,None
17:47:34.398,parallel,8.3,697.8,431.8,41.6,1101.3,62.8,2400,0.0,0.0,16238,-505,87,discharging,None,None
17:47:34.902,parallel,8.3,668.5,339.1,93.2,1101.1,61.7,2400,0.0,0.0,16191,-595,87,discharging,None,None
17:47:35.406,parallel,8.3,668.5,339.1,11.0,1103.8,59.5,2400,0.0,0.0,16222,-664,87,discharging,None,None
17:47:35.918,parallel,8.3,668.5,339.1,52.0,1104.9,62.2,2400,0.0,0.0,16241,-505,87,discharging,None,None
17:47:36.422,parallel,7.8,767.7,496.5,99.5,1104.9,63.9,2400,0.0,0.0,16192,-599,87,discharging,None,None
17:47:36.925,parallel,7.8,767.7,496.5,4.5,1104.4,59.0,2400,0.0,0.0,16227,-659,87,discharging,None,None
17:47:37.432,parallel,7.8,767.7,496.5,42.3,1104.8,62.8,2400,0.0,0.0,16241,-485,87,discharging,None,None
17:47:37.935,parallel,8.3,522.7,275.7,82.6,1103.2,61.1,2400,0.0,0.0,16193,-580,87,discharging,None,None
17:47:38.439,parallel,8.3,522.7,275.7,2.0,1103.2,59.0,2400,0.0,0.0,16228,-625,87,discharging,None,None
17:47:38.947,parallel,8.4,522.7,275.7,78.7,1103.2,62.8,2400,0.0,0.0,16223,-509,87,discharging,None,None
17:47:39.450,parallel,8.4,412.2,172.3,43.6,1102.9,60.0,2400,0.0,0.0,16207,-619,87,discharging,None,None
17:47:39.959,parallel,8.3,412.2,172.3,38.2,1102.9,62.2,2400,0.0,0.0,16239,-561,87,discharging,None,None
17:47:40.463,parallel,8.3,411.5,172.3,57.4,1103.1,61.1,2400,0.0,0.0,16191,-557,87,discharging,None,None
17:47:40.968,parallel,8.3,411.5,162.7,24.9,1102.0,59.5,2400,0.0,0.0,16213,-617,87,discharging,None,None
17:47:41.472,parallel,8.3,406.8,162.7,82.1,1102.0,60.6,2400,0.0,0.0,16203,-560,87,discharging,None,None
17:47:41.975,parallel,8.3,406.8,171.8,36.5,1101.9,61.1,2400,0.0,0.0,16230,-556,87,discharging,None,None
17:47:42.483,parallel,8.3,406.8,171.8,60.7,1101.9,62.8,2400,0.0,0.0,16234,-544,87,discharging,None,None
17:47:42.986,parallel,8.3,395.2,171.8,23.8,1101.8,58.4,1600,0.0,0.0,16206,-615,87,discharging,None,None
17:47:43.495,parallel,8.3,395.2,175.6,61.7,1101.8,62.2,2400,0.0,0.0,16244,-545,87,discharging,None,None
17:47:43.999,parallel,8.3,394.1,175.6,58.9,1101.8,61.1,2400,0.0,0.0,16192,-581,87,discharging,None,None
17:47:44.502,parallel,8.3,394.1,175.6,2.0,1101.8,58.4,2400,0.0,0.0,16235,-580,87,discharging,None,None
17:47:45.011,parallel,8.3,394.1,320.3,97.0,1101.8,63.9,2400,0.0,0.0,16207,-495,87,discharging,None,None
17:47:45.514,parallel,8.3,593.0,320.3,35.6,1101.6,59.5,2400,0.0,0.0,16186,-636,87,discharging,None,None
17:47:46.023,parallel,8.4,593.0,320.3,12.5,1101.1,60.6,2400,0.0,0.0,16236,-557,87,discharging,None,None
17:47:46.535,parallel,8.4,593.0,320.3,100.0,1101.5,63.4,2400,0.0,0.0,16204,-509,87,discharging,None,None
17:47:47.039,parallel,8.4,749.3,530.7,40.6,1101.6,59.5,2400,0.0,0.0,16185,-672,87,discharging,None,None
17:47:47.547,parallel,8.3,749.3,530.7,16.4,1101.6,60.6,2400,0.0,0.0,16233,-582,87,discharging,None,None
17:47:48.055,parallel,8.3,749.3,530.7,100.0,1103.5,63.9,2400,0.0,0.0,16204,-511,87,discharging,None,None
17:47:48.559,parallel,7.9,644.8,439.9,35.5,1104.4,60.0,2400,0.0,0.0,16190,-653,87,discharging,None,None
17:47:49.067,parallel,7.9,644.8,439.9,21.0,1103.9,62.2,2400,0.0,0.0,16238,-560,87,discharging,None,None
17:47:49.572,parallel,8.3,406.6,439.9,93.6,1103.9,63.9,2400,0.0,0.0,16198,-526,87,discharging,None,None
17:47:50.075,parallel,8.3,406.6,173.4,7.5,1103.7,59.5,2400,0.0,0.0,16217,-619,87,discharging,None,None
17:47:50.579,parallel,8.3,391.8,173.4,81.1,1103.7,63.4,2400,0.0,0.0,16236,-542,87,discharging,None,None
17:47:51.083,parallel,8.4,391.8,159.8,37.1,1103.4,60.6,2400,0.0,0.0,16224,-558,87,discharging,None,None
17:47:51.591,parallel,8.4,391.8,159.8,46.3,1103.4,63.9,2400,0.0,0.0,16229,-571,87,discharging,None,None
17:47:52.094,parallel,8.3,394.8,159.8,38.2,1103.0,60.0,2400,0.0,0.0,16191,-605,87,discharging,None,None
17:47:52.604,parallel,8.3,394.8,158.4,44.3,1103.0,62.2,2400,0.0,0.0,16221,-608,87,discharging,None,None
17:47:53.107,parallel,8.3,399.4,158.4,74.0,1102.1,61.1,2400,0.0,0.0,16201,-557,87,discharging,None,None
17:47:53.615,parallel,8.3,399.4,158.4,23.0,1102.1,60.0,2400,0.0,0.0,16226,-556,87,discharging,None,None
17:47:54.124,parallel,8.3,399.4,187.8,90.8,1103.0,63.9,2400,0.0,0.0,16210,-524,87,discharging,None,None
17:47:54.627,parallel,8.3,404.0,187.8,11.4,1102.8,59.5,2400,0.0,0.0,16198,-597,87,discharging,None,None
17:47:55.139,parallel,8.3,404.0,187.8,49.8,1102.3,62.8,2400,0.0,0.0,16237,-535,87,discharging,None,None
17:47:55.642,parallel,8.3,564.3,361.6,80.7,1102.3,61.1,2400,0.0,0.0,16197,-558,87,discharging,None,None
17:47:56.146,parallel,8.3,564.3,361.6,2.5,1102.3,59.0,2400,0.0,0.0,16226,-637,87,discharging,None,None
17:47:56.669,parallel,8.3,564.3,361.6,65.7,1102.8,62.8,2400,0.0,0.0,16240,-490,87,discharging,None,None
17:47:57.173,parallel,8.2,720.3,480.2,79.1,1103.2,62.2,2400,0.0,0.0,16191,-580,87,discharging,None,None
17:47:57.676,parallel,8.2,720.3,480.2,2.5,1103.2,59.0,2400,0.0,0.0,16225,-655,87,discharging,None,None
17:47:58.190,parallel,8.4,720.3,480.2,66.8,1102.8,63.4,2400,0.0,0.0,16239,-485,87,discharging,None,None
17:47:58.694,parallel,8.4,590.5,377.6,68.5,1102.5,60.6,2400,0.0,0.0,16193,-581,87,discharging,None,None
17:47:59.349,parallel,8.4,590.5,377.6,8.5,1101.4,59.0,2400,0.0,0.0,16238,-554,87,discharging,None,None
17:47:59.859,parallel,8.4,441.5,377.6,99.5,1102.5,64.5,2400,0.0,0.0,16202,-508,87,discharging,None,None
17:48:00.362,parallel,8.4,441.5,235.3,24.6,1103.7,60.0,2400,0.0,0.0,16194,-634,87,discharging,None,None
17:48:00.871,parallel,7.9,441.5,235.3,55.2,1103.7,63.9,2400,0.0,0.0,16238,-539,87,discharging,None,None
17:48:01.375,parallel,7.9,398.2,171.2,63.7,1103.4,61.7,2400,0.0,0.0,16188,-555,87,discharging,None,None
17:48:01.883,parallel,8.3,398.2,171.2,20.3,1103.2,61.7,2400,0.0,0.0,16228,-611,87,discharging,None,None
17:48:02.386,parallel,8.3,395.2,171.2,64.9,1102.7,59.5,2400,0.0,0.0,16197,-589,87,discharging,None,None
17:48:02.890,parallel,8.3,395.2,158.6,36.1,1102.5,60.0,2400,0.0,0.0,16230,-588,87,discharging,None,None
17:48:03.393,parallel,8.3,395.2,158.6,81.1,1102.5,63.4,2400,0.0,0.0,16225,-541,87,discharging,None,None
17:48:03.903,parallel,8.3,395.2,158.6,6.9,1102.5,59.5,1600,0.0,0.0,16222,-582,87,discharging,None,None
17:48:04.407,parallel,8.3,395.2,212.1,86.2,1102.5,62.8,2400,0.0,0.0,16223,-539,87,discharging,None,None
17:48:04.911,parallel,8.3,400.2,212.1,39.1,1102.2,60.0,2400,0.0,0.0,16188,-586,87,discharging,None,None
17:48:05.427,parallel,8.4,400.2,212.1,25.1,1102.4,61.7,2400,0.0,0.0,16236,-557,87,discharging,None,None
17:48:05.930,parallel,8.4,538.8,348.4,99.5,1102.2,63.9,2400,0.0,0.0,16202,-523,87,discharging,None,None
17:48:06.434,parallel,8.3,538.8,348.4,5.4,1101.8,59.0,2400,0.0,0.0,16213,-633,87,discharging,None,None
17:48:06.947,parallel,8.3,538.8,348.4,44.6,1101.8,61.7,2400,0.0,0.0,16239,-517,87,discharging,None,None
17:48:07.452,parallel,8.3,538.8,518.6,100.0,1101.8,64.5,2400,0.0,0.0,16196,-552,87,discharging,None,None
17:48:07.956,parallel,8.3,748.2,518.6,9.0,1100.9,59.0,2400,0.0,0.0,16202,-669,87,discharging,None,None
17:48:08.464,parallel,8.3,748.2,518.6,39.2,1100.9,63.9,2400,0.0,0.0,16236,-524,87,discharging,None,None
17:48:08.967,parallel,8.2,599.9,353.0,94.5,1100.9,63.4,2400,0.0,0.0,16194,-542,87,discharging,None,None
17:48:09.471,parallel,8.2,599.9,353.0,2.0,1100.9,59.0,2400,0.0,0.0,16219,-637,87,discharging,None,None
17:48:09.979,parallel,8.2,599.9,353.0,60.2,1100.9,63.4,2400,0.0,0.0,16236,-502,87,discharging,None,None
17:48:10.482,parallel,8.4,407.4,167.2,60.1,1101.3,59.0,2400,0.0,0.0,16189,-569,87,discharging,None,None
17:48:10.992,parallel,8.4,407.4,167.2,22.4,1100.9,61.7,2400,0.0,0.0,16226,-543,87,discharging,None,None
17:48:11.497,parallel,8.3,567.4,167.2,71.7,1100.9,60.6,2400,0.0,0.0,16190,-564,87,discharging,None,None
17:48:12.001,parallel,8.3,567.4,161.9,35.3,1100.9,59.5,2400,0.0,0.0,16228,-612,87,discharging,None,None
17:48:12.509,parallel,8.3,567.4,161.9,50.5,1101.3,62.8,2400,0.0,0.0,16224,-529,87,discharging,None,None
17:48:13.016,parallel,7.9,406.7,161.9,65.0,1101.1,63.4,2400,0.0,0.0,16227,-583,87,discharging,None,None
17:48:13.522,parallel,7.9,406.7,175.2,18.5,1101.1,61.1,2400,0.0,0.0,16231,-556,87,discharging,None,None
17:48:14.025,parallel,8.4,399.4,175.2,69.8,1101.1,60.6,1900,0.0,0.0,16188,-588,87,discharging,None,None
17:48:14.529,parallel,8.4,399.4,165.9,38.0,1101.1,60.0,2400,0.0,0.0,16217,-596,87,discharging,None,None
17:48:15.036,parallel,8.3,399.4,165.9,74.8,1101.1,63.9,2400,0.0,0.0,16198,-552,87,discharging,None,None
17:48:15.540,parallel,8.3,402.8,165.9,10.0,1100.9,59.5,2400,0.0,0.0,16226,-555,87,discharging,None,None
17:48:16.048,parallel,8.3,402.8,167.5,71.7,1100.7,62.8,2400,0.0,0.0,16222,-541,87,discharging,None,None
17:48:16.551,parallel,8.4,394.3,167.5,45.5,1100.7,60.0,2400,0.0,0.0,16210,-613,87,discharging,None,None
17:48:17.059,parallel,8.4,394.3,167.5,21.3,1100.9,61.7,2400,0.0,0.0,16238,-526,87,discharging,None,None
17:48:17.570,parallel,8.3,394.3,325.0,100.0,1100.9,64.5,2400,0.0,0.0,16189,-584,87,discharging,None,None
17:48:18.073,parallel,8.3,520.8,325.0,8.8,1100.9,59.5,2400,0.0,0.0,16226,-629,87,discharging,None,None
17:48:18.593,parallel,8.2,520.8,325.0,41.5,1100.9,62.2,2400,0.0,0.0,16239,-483,87,discharging,None,None
17:48:19.097,parallel,8.2,711.3,462.5,99.5,1100.9,64.5,2400,0.0,0.0,16189,-606,87,discharging,None,None
17:48:19.600,parallel,8.2,711.3,462.5,5.0,1100.7,60.6,2400,0.0,0.0,16224,-625,87,discharging,None,None
17:48:20.108,parallel,8.5,711.3,462.5,44.1,1101.2,63.4,2400,0.0,0.0,16239,-482,87,discharging,None,None
17:48:20.611,parallel,8.5,615.7,419.6,95.5,1101.2,63.4,2400,0.0,0.0,16185,-612,87,discharging,None,None
17:48:21.115,parallel,8.3,615.7,419.6,2.5,1101.4,59.5,2400,0.0,0.0,16230,-617,87,discharging,None,None
17:48:21.623,parallel,8.3,615.7,419.6,63.4,1101.4,64.5,2400,0.0,0.0,16218,-503,87,discharging,None,None
17:48:22.130,parallel,8.3,399.3,162.9,55.4,1101.4,60.6,2400,0.0,0.0,16190,-614,87,discharging,None,None
17:48:22.636,parallel,8.3,399.3,162.9,27.6,1101.4,61.7,2400,0.0,0.0,16236,-550,87,discharging,None,None
17:48:23.148,parallel,8.3,394.1,162.9,57.9,1101.1,60.0,2400,0.0,0.0,16187,-554,87,discharging,None,None
17:48:23.652,parallel,8.3,394.1,162.9,43.6,1101.1,59.5,2400,0.0,0.0,16216,-624,87,discharging,None,None
17:48:24.155,parallel,8.3,408.8,162.9,83.6,1101.1,62.2,2400,0.0,0.0,16198,-584,87,discharging,None,None
17:48:24.662,parallel,7.9,408.8,159.7,33.0,1101.1,62.8,2400,0.0,0.0,16229,-560,87,discharging,None,None
17:48:25.167,parallel,7.9,408.8,159.7,53.7,1101.1,64.5,2400,0.0,0.0,16230,-540,87,discharging,None,None
17:48:25.671,parallel,7.9,418.7,159.7,35.1,1101.1,60.6,2400,0.0,0.0,16210,-613,87,discharging,None,None
17:48:26.180,parallel,8.4,418.7,167.6,45.3,1100.9,61.7,2400,0.0,0.0,16223,-582,87,discharging,None,None
17:48:26.684,parallel,8.4,407.9,167.6,74.4,1100.9,61.7,2400,0.0,0.0,16191,-609,87,discharging,None,None
17:48:27.187,parallel,8.3,407.9,167.6,2.5,1100.9,59.5,2400,0.0,0.0,16235,-563,87,discharging,None,None
17:48:27.695,parallel,8.3,407.9,247.2,91.6,1101.3,64.5,2400,0.0,0.0,16197,-518,87,discharging,None,None
17:48:28.199,parallel,8.3,477.0,247.2,30.7,1101.1,60.6,2400,0.0,0.0,16211,-623,87,discharging,None,None
17:48:28.711,parallel,8.3,477.0,247.2,17.8,1101.1,61.1,2400,0.0,0.0,16235,-521,87,discharging,None,None
17:48:29.215,parallel,8.3,477.0,478.9,100.0,1101.1,64.5,2400,0.0,0.0,16196,-548,87,discharging,None,None
17:48:29.719,parallel,8.3,694.5,478.9,25.7,1101.1,60.0,2400,0.0,0.0,16214,-652,87,discharging,None,None
17:48:30.227,parallel,8.3,694.5,478.9,22.8,1100.6,61.7,2400,0.0,0.0,16236,-513,87,discharging,None,None
17:48:30.742,parallel,8.2,694.5,478.9,100.0,1101.0,63.9,2400,0.0,0.0,16194,-557,87,discharging,None,None
17:48:31.245,parallel,8.2,659.4,437.8,18.1,1102.0,59.5,2400,0.0,0.0,16221,-649,87,discharging,None,None
17:48:31.752,parallel,8.2,659.4,437.8,36.0,1102.0,63.4,2400,0.0,0.0,16237,-501,87,discharging,None,None
17:48:32.255,parallel,8.4,399.7,162.3,82.8,1101.8,62.2,2400,0.0,0.0,16188,-573,87,discharging,None,None
17:48:32.759,parallel,8.4,399.7,162.3,3.0,1102.2,59.0,2400,0.0,0.0,16227,-614,87,discharging,None,None
17:48:33.263,parallel,8.3,394.5,162.3,82.4,1101.3,61.7,2400,0.0,0.0,16198,-551,87,discharging,None,None
17:48:33.766,parallel,8.3,394.5,161.2,36.0,1101.3,60.0,2400,0.0,0.0,16200,-614,87,discharging,None,None
17:48:34.275,parallel,8.4,394.5,161.2,59.7,1101.3,65.5,2400,0.0,0.0,16235,-544,87,discharging,None,None
17:48:34.779,parallel,8.4,399.8,161.2,37.9,1101.3,61.7,2400,0.0,0.0,16216,-550,87,discharging,None,None
17:48:35.285,parallel,8.4,399.8,164.0,46.5,1101.0,62.8,2400,0.0,0.0,16219,-577,87,discharging,None,None
17:48:35.788,parallel,8.3,573.9,164.0,84.7,1100.8,61.7,2400,0.0,0.0,16193,-609,87,discharging,None,None
17:48:36.292,parallel,8.3,573.9,171.1,38.0,1101.5,62.2,2400,0.0,0.0,16227,-588,87,discharging,None,None
17:48:36.800,parallel,8.3,573.9,171.1,50.0,1101.5,63.9,2400,0.0,0.0,16225,-519,87,discharging,None,None
17:48:37.304,parallel,6.9,409.2,171.1,34.7,1101.5,59.5,2400,0.0,0.0,16189,-618,87,discharging,None,None
17:48:37.813,parallel,6.9,409.2,163.3,47.3,1105.8,62.2,2400,0.0,0.0,16227,-594,87,discharging,None,None
17:48:38.316,parallel,8.4,399.8,163.3,72.1,1106.7,61.1,2400,0.0,0.0,16191,-589,87,discharging,None,None
17:48:38.825,parallel,8.4,399.8,163.3,7.5,1107.6,59.5,2400,0.0,0.0,16230,-567,87,discharging,None,None
17:48:39.330,parallel,8.3,399.8,231.2,100.0,1107.6,64.5,2400,0.0,0.0,16198,-527,87,discharging,None,None
17:48:39.834,parallel,8.3,464.2,231.2,23.0,1106.5,59.5,2400,0.0,0.0,16197,-627,87,discharging,None,None
17:48:40.347,parallel,8.3,464.2,231.2,25.2,1105.7,62.2,2400,0.0,0.0,16235,-534,87,discharging,None,None
17:48:40.851,parallel,8.3,464.2,459.3,100.0,1105.7,65.5,2400,0.0,0.0,16195,-540,87,discharging,None,None
17:48:41.355,parallel,8.3,682.2,459.3,15.4,1104.8,60.0,2400,0.0,0.0,16212,-649,87,discharging,None,None
17:48:41.863,parallel,8.4,682.2,459.3,31.2,1104.8,62.2,2400,0.0,0.0,16235,-518,87,discharging,None,None
17:48:42.371,parallel,8.4,682.2,459.3,100.0,1104.8,64.5,2400,0.0,0.0,16195,-551,87,discharging,None,None
17:48:42.874,parallel,8.3,751.1,501.3,22.3,1103.8,60.6,2400,0.0,0.0,16199,-673,87,discharging,None,None
17:48:43.383,parallel,8.3,751.1,501.3,25.0,1103.8,60.6,2400,0.0,0.0,16236,-529,87,discharging,None,None
17:48:43.886,parallel,8.3,487.1,264.4,99.5,1104.0,64.5,2400,0.0,0.0,16193,-543,87,discharging,None,None
17:48:44.390,parallel,8.3,487.1,264.4,4.0,1103.5,59.0,2400,0.0,0.0,16222,-630,87,discharging,None,None
17:48:44.903,parallel,8.3,487.1,264.4,69.7,1103.5,63.9,2400,0.0,0.0,16236,-512,87,discharging,None,None
17:48:45.407,parallel,8.3,411.9,175.6,51.0,1103.2,60.6,2400,0.0,0.0,16209,-561,87,discharging,None,None
17:48:45.915,parallel,8.3,411.9,175.6,31.5,1103.2,63.9,2400,0.0,0.0,16227,-587,87,discharging,None,None
17:48:46.418,parallel,8.3,403.1,175.6,53.0,1102.5,60.6,2400,0.0,0.0,16192,-592,87,discharging,None,None
17:48:46.922,parallel,8.3,403.1,163.2,36.0,1102.5,59.5,2400,0.0,0.0,16211,-615,87,discharging,None,None
17:48:47.426,parallel,8.3,395.4,163.2,82.7,1102.5,62.2,2400,0.0,0.0,16216,-542,87,discharging,None,None
17:48:47.931,parallel,8.3,395.4,163.2,29.5,1102.0,63.4,2400,0.0,0.0,16225,-557,87,discharging,None,None
17:48:48.439,parallel,8.3,395.4,178.4,73.0,1102.0,64.5,2400,0.0,0.0,16208,-563,87,discharging,None,None
17:48:48.943,parallel,7.9,406.4,178.4,30.4,1101.3,61.1,2400,0.0,0.0,16183,-631,87,discharging,None,None
17:48:49.451,parallel,7.9,406.4,167.3,48.3,1101.8,62.2,2400,0.0,0.0,16235,-558,87,discharging,None,None
17:48:49.955,parallel,7.9,410.6,167.3,68.6,1101.8,60.6,2400,0.0,0.0,16190,-572,87,discharging,None,None
17:48:50.459,parallel,8.3,410.6,167.3,1.5,1102.0,59.5,2400,0.0,0.0,16224,-616,87,discharging,None,None
17:48:50.967,parallel,8.3,410.6,382.9,77.7,1102.2,63.9,2400,0.0,0.0,16236,-485,87,discharging,None,None
17:48:51.471,parallel,8.3,649.6,382.9,55.5,1104.7,61.1,2400,0.0,0.0,16184,-620,87,discharging,None,None
17:48:51.975,parallel,8.3,649.6,382.9,1.5,1105.7,59.5,2400,0.0,0.0,16228,-609,87,discharging,None,None
17:48:52.483,parallel,8.3,649.6,382.9,89.6,1110.8,64.5,2400,0.0,0.0,16223,-477,87,discharging,None,None
17:48:52.986,parallel,8.3,794.2,652.2,73.0,1113.4,61.1,2400,0.0,0.0,16188,-629,87,discharging,None,None
17:48:53.490,parallel,8.3,794.2,652.2,2.0,1113.4,59.0,2400,0.0,0.0,16224,-629,87,discharging,None,None
17:48:53.999,parallel,8.3,794.2,652.2,74.1,1113.4,62.2,2400,0.0,0.0,16236,-480,87,discharging,None,None
17:48:54.503,parallel,8.3,396.6,186.5,44.8,1111.9,60.0,2400,0.0,0.0,16191,-611,87,discharging,None,None
17:48:55.011,parallel,8.3,396.6,186.5,38.2,1107.5,63.4,2400,0.0,0.0,16233,-594,87,discharging,None,None
17:48:55.515,parallel,8.3,414.4,186.5,69.8,1107.5,63.4,2400,0.0,0.0,16192,-535,87,discharging,None,None
17:48:56.019,parallel,8.3,414.4,162.3,14.9,1107.4,60.6,2400,0.0,0.0,16196,-601,87,discharging,None,None
17:48:56.522,parallel,8.3,394.9,162.3,82.1,1107.4,61.7,2400,0.0,0.0,16216,-541,87,discharging,None,None
17:48:57.026,parallel,8.3,394.9,159.2,35.7,1105.7,60.6,2400,0.0,0.0,16223,-555,87,discharging,None,None
17:48:57.532,parallel,8.3,394.9,159.2,60.9,1105.7,64.5,2400,0.0,0.0,16231,-553,87,discharging,None,None
17:48:58.036,parallel,8.3,399.9,159.2,23.5,1104.0,59.5,2400,0.0,0.0,16186,-614,87,discharging,None,None
17:48:58.544,parallel,8.3,399.9,164.5,58.1,1104.0,63.4,2400,0.0,0.0,16233,-587,87,discharging,None,None
17:48:59.048,parallel,8.3,399.4,164.5,60.5,1103.8,60.6,2400,0.0,0.0,16191,-573,87,discharging,None,None
17:48:59.555,parallel,8.3,399.4,164.5,13.5,1103.8,62.2,2400,0.0,0.0,16222,-582,87,discharging,None,None
17:49:00.187,parallel,8.3,399.4,206.5,100.0,1104.8,64.5,2400,0.0,0.0,16192,-571,87,discharging,None,None
17:49:00.691,parallel,8.3,622.0,206.5,18.1,1104.0,59.5,2400,0.0,0.0,16215,-664,87,discharging,None,None
17:49:01.200,parallel,8.3,622.0,167.5,59.7,1104.5,63.4,2400,0.0,0.0,16234,-532,87,discharging,None,None
17:49:01.704,parallel,6.7,423.1,167.5,59.9,1104.8,60.6,2400,0.0,0.0,16182,-616,87,discharging,None,None
17:49:02.207,parallel,6.7,423.1,167.5,2.0,1104.5,60.0,2400,0.0,0.0,16232,-586,87,discharging,None,None
17:49:02.719,parallel,8.3,423.1,167.5,88.1,1104.5,64.5,2400,0.0,0.0,16204,-485,87,discharging,None,None
17:49:03.223,parallel,8.3,702.9,515.5,57.4,1103.6,60.6,2400,0.0,0.0,16183,-661,87,discharging,None,None
17:49:03.726,parallel,8.5,702.9,515.5,2.0,1103.6,59.5,2400,0.0,0.0,16232,-586,87,discharging,None,None
17:49:04.239,parallel,8.5,702.9,515.5,89.2,1103.1,63.9,2400,0.0,0.0,16207,-487,87,discharging,None,None
17:49:04.742,parallel,8.5,737.4,509.4,61.2,1103.0,62.2,2400,0.0,0.0,16183,-660,87,discharging,None,None
17:49:05.246,parallel,8.3,737.4,509.4,2.0,1102.8,57.9,2400,0.0,0.0,16231,-591,87,discharging,None,None
17:49:05.759,parallel,8.3,420.9,509.4,85.6,1102.8,63.4,2400,0.0,0.0,16216,-485,87,discharging,None,None
17:49:06.262,parallel,8.3,420.9,204.6,33.7,1102.3,60.0,2400,0.0,0.0,16184,-616,87,discharging,None,None
17:49:06.771,parallel,8.3,420.9,204.6,45.3,1102.3,63.4,2400,0.0,0.0,16233,-548,87,discharging,None,None
17:49:07.274,parallel,8.3,397.9,168.8,71.9,1101.9,63.9,2400,0.0,0.0,16184,-555,87,discharging,None,None
17:49:07.778,parallel,8.3,397.9,168.8,11.5,1101.9,61.1,2400,0.0,0.0,16227,-616,87,discharging,None,None
17:49:08.282,parallel,8.3,397.7,168.8,75.7,1101.7,61.1,2400,0.0,0.0,16196,-573,87,discharging,None,None
17:49:08.786,parallel,8.4,397.7,156.3,35.8,1101.7,60.6,2400,0.0,0.0,16224,-578,87,discharging,None,None
17:49:09.292,parallel,8.4,397.7,156.3,70.4,1101.3,65.0,2400,0.0,0.0,16227,-542,87,discharging,None,None
17:49:09.795,parallel,8.3,397.2,156.3,13.5,1101.3,60.0,2400,0.0,0.0,16206,-591,87,discharging,None,None
17:49:10.303,parallel,8.3,397.2,162.4,67.3,1101.3,63.9,2400,0.0,0.0,16207,-581,87,discharging,None,None
17:49:10.806,parallel,8.3,395.2,162.4,50.5,1101.3,60.0,2400,0.0,0.0,16188,-614,87,discharging,None,None
17:49:11.320,parallel,8.3,395.2,162.4,26.2,1101.3,62.8,2400,0.0,0.0,16232,-556,87,discharging,None,None
17:49:11.823,parallel,8.3,449.3,243.2,96.6,1101.0,63.4,2400,0.0,0.0,16198,-532,87,discharging,None,None
17:49:12.327,parallel,8.3,449.3,243.2,10.4,1101.0,59.5,2400,0.0,0.0,16222,-626,87,discharging,None,None
17:49:12.835,parallel,8.3,449.3,243.2,50.5,1101.0,63.4,2400,0.0,0.0,16233,-511,87,discharging,None,None
17:49:13.339,parallel,7.9,702.0,491.4,94.1,1100.8,63.9,2400,0.0,0.0,16188,-583,87,discharging,None,None
17:49:13.843,parallel,7.9,702.0,491.4,2.5,1100.8,59.5,2400,0.0,0.0,16221,-661,87,discharging,None,None
17:49:14.352,parallel,7.9,702.0,491.4,52.5,1100.8,63.4,2400,0.0,0.0,16235,-495,87,discharging,None,None
17:49:14.856,parallel,8.2,703.4,454.9,93.0,1100.6,63.4,2400,0.0,0.0,16188,-579,87,discharging,None,None
17:49:15.363,parallel,8.2,703.4,454.9,3.0,1100.6,59.5,2400,0.0,0.0,16219,-661,87,discharging,None,None
17:49:15.871,parallel,8.4,703.4,454.9,55.0,1100.6,64.5,2400,0.0,0.0,16233,-492,87,discharging,None,None
17:49:16.374,parallel,8.4,423.8,185.8,64.5,1100.6,60.6,2400,0.0,0.0,16184,-583,87,discharging,None,None
17:49:16.883,parallel,8.4,423.8,185.8,13.5,1101.3,61.1,2400,0.0,0.0,16225,-538,87,discharging,None,None
17:49:17.392,parallel,8.3,399.0,185.8,72.9,1101.3,61.1,2400,0.0,0.0,16186,-555,87,discharging,None,None
17:49:17.895,parallel,8.3,399.0,175.4,35.8,1101.3,59.5,2400,0.0,0.0,16224,-610,87,discharging,None,None
17:49:18.403,parallel,8.3,399.0,175.4,76.1,1101.3,64.5,2400,0.0,0.0,16194,-591,87,discharging,None,None
17:49:18.907,parallel,8.3,399.4,163.2,39.2,1101.3,62.8,2400,0.0,0.0,16227,-591,87,discharging,None,None
17:49:19.420,parallel,8.3,399.4,163.2,43.3,1100.6,63.9,2400,0.0,0.0,16222,-540,87,discharging,None,None
17:49:19.924,parallel,8.3,399.3,163.2,44.9,1100.6,60.0,2400,0.0,0.0,16216,-580,87,discharging,None,None
17:49:20.434,parallel,8.3,399.3,187.1,42.9,1100.6,60.0,2400,0.0,0.0,16206,-557,87,discharging,None,None
17:49:20.938,parallel,8.3,399.4,187.1,79.6,1100.8,60.6,2400,0.0,0.0,16185,-604,87,discharging,None,None
17:49:21.441,parallel,8.3,399.4,187.1,2.5,1100.8,59.5,2400,0.0,0.0,16232,-557,87,discharging,None,None
17:49:21.955,parallel,8.3,399.4,240.0,89.3,1100.8,65.0,2400,0.0,0.0,16197,-535,87,discharging,None,None
17:49:22.459,parallel,8.3,483.1,240.0,35.0,1101.0,59.5,2400,0.0,0.0,16220,-627,87,discharging,None,None
17:49:22.967,parallel,8.4,483.1,240.0,12.0,1101.0,61.7,2400,0.0,0.0,16235,-500,87,discharging,None,None
17:49:23.471,parallel,8.4,483.1,240.0,100.0,1101.0,63.9,2400,0.0,0.0,16192,-563,87,discharging,None,None
17:49:23.974,parallel,8.4,788.0,637.8,48.8,1101.0,60.6,2400,0.0,0.0,16201,-675,87,discharging,None,None
17:49:24.478,parallel,8.3,788.0,637.8,10.9,1101.0,60.0,2400,0.0,0.0,16227,-530,87,discharging,None,None
17:49:24.984,parallel,8.3,788.0,637.8,96.6,1101.0,64.5,2400,0.0,0.0,16189,-556,87,discharging,None,None
17:49:25.488,parallel,7.9,567.4,400.7,42.8,1100.6,60.0,2400,0.0,0.0,16210,-648,87,discharging,None,None
17:49:25.996,parallel,7.9,567.4,400.7,28.4,1101.0,62.8,2400,0.0,0.0,16233,-522,87,discharging,None,None
17:49:26.500,parallel,7.9,399.3,400.7,80.2,1101.0,63.9,2400,0.0,0.0,16190,-563,87,discharging,None,None
17:49:27.003,parallel,8.3,399.3,159.1,13.4,1101.0,59.5,2400,0.0,0.0,16222,-603,87,discharging,None,None
17:49:27.507,parallel,8.3,394.7,159.1,82.2,1101.0,62.2,2400,0.0,0.0,16192,-589,87,discharging,None,None
17:49:28.011,parallel,8.2,394.7,173.7,37.3,1101.0,61.1,2400,0.0,0.0,16212,-614,87,discharging,None,None
17:49:28.519,parallel,8.2,394.7,173.7,51.0,1101.0,63.9,2400,0.0,0.0,16221,-540,87,discharging,None,None
17:49:29.023,parallel,8.4,402.4,173.7,34.3,1100.8,60.0,2400,0.0,0.0,16222,-560,87,discharging,None,None
17:49:29.531,parallel,8.4,402.4,159.1,48.8,1100.8,61.7,2400,0.0,0.0,16205,-565,87,discharging,None,None
17:49:30.034,parallel,8.4,403.0,159.1,70.6,1100.8,61.1,2400,0.0,0.0,16184,-616,87,discharging,None,None
17:49:30.544,parallel,8.3,403.0,159.1,14.5,1100.8,60.6,2400,0.0,0.0,16235,-551,87,discharging,None,None
17:49:31.048,parallel,8.3,403.0,165.6,97.6,1101.0,64.5,2400,0.0,0.0,16193,-547,87,discharging,None,None
17:49:31.552,parallel,8.3,408.5,165.6,10.0,1101.8,59.5,2400,0.0,0.0,16223,-610,87,discharging,None,None
17:49:32.064,parallel,8.3,408.5,165.6,44.9,1102.2,63.4,2400,0.0,0.0,16234,-495,87,discharging,None,None
17:49:32.567,parallel,8.3,630.1,425.8,92.0,1102.2,63.4,2400,0.0,0.0,16182,-618,87,discharging,None,None
17:49:33.071,parallel,8.3,630.1,425.8,3.0,1102.2,59.0,2400,0.0,0.0,16225,-618,87,discharging,None,None
17:49:33.583,parallel,8.3,630.1,425.8,54.1,1102.2,62.8,2400,0.0,0.0,16229,-482,87,discharging,None,None
17:49:34.087,parallel,8.2,768.4,512.8,99.5,1102.5,62.8,2400,0.0,0.0,16185,-629,87,discharging,None,None
17:49:34.590,parallel,8.2,768.4,512.8,5.0,1103.1,60.0,2400,0.0,0.0,16220,-642,87,discharging,None,None
17:49:35.099,parallel,8.3,768.4,512.8,44.0,1102.9,63.4,2400,0.0,0.0,16231,-497,87,discharging,None,None
17:49:35.602,parallel,8.3,559.0,336.2,88.2,1102.9,62.8,2400,0.0,0.0,16181,-630,87,discharging,None,None
17:49:36.106,parallel,8.3,559.0,336.2,2.0,1102.9,59.5,2400,0.0,0.0,16223,-634,87,discharging,None,None
17:49:36.615,parallel,8.4,559.0,336.2,58.4,1106.1,63.4,2400,0.0,0.0,16225,-491,87,discharging,None,None
17:49:37.119,parallel,8.4,514.8,270.6,79.8,1105.2,61.7,2400,0.0,0.0,16184,-638,87,discharging,None,None
17:49:37.622,parallel,7.9,514.8,270.6,2.5,1105.2,59.5,2400,0.0,0.0,16227,-604,87,discharging,None,None
17:49:38.126,parallel,7.9,403.7,270.6,83.1,1105.2,62.8,2400,0.0,0.0,16195,-524,87,discharging,None,None
17:49:38.629,parallel,7.9,403.7,160.9,36.3,1112.0,60.0,2400,0.0,0.0,16184,-614,87,discharging,None,None
17:49:39.143,parallel,8.3,403.7,160.9,50.7,1111.7,62.8,2400,0.0,0.0,16232,-541,87,discharging,None,None
17:49:39.648,parallel,8.3,399.3,160.9,49.8,1111.7,63.4,2400,0.0,0.0,16207,-555,87,discharging,None,None
17:49:40.157,parallel,8.3,399.3,156.8,30.8,1112.1,61.1,2400,0.0,0.0,16228,-583,87,discharging,None,None
17:49:40.661,parallel,8.3,407.3,156.8,70.3,1112.2,60.6,1600,0.0,0.0,16188,-611,86,discharging,None,None
17:49:41.164,parallel,8.2,407.3,186.0,41.3,1108.4,60.6,2400,0.0,0.0,16236,-554,86,discharging,None,None
17:49:41.672,parallel,8.2,407.3,186.0,73.9,1108.4,64.5,2400,0.0,0.0,16204,-520,86,discharging,None,None
17:49:42.176,parallel,8.2,400.6,186.0,10.0,1107.5,59.5,2400,0.0,0.0,16219,-596,86,discharging,None,None
17:49:42.684,parallel,8.4,400.6,163.2,71.8,1107.5,64.5,2400,0.0,0.0,16209,-548,86,discharging,None,None
17:49:43.187,parallel,8.4,401.2,163.2,46.0,1106.6,60.6,2400,0.0,0.0,16181,-616,86,discharging,None,None
17:49:43.695,parallel,8.3,401.2,163.2,7.0,1106.6,59.5,2400,0.0,0.0,16231,-554,86,discharging,None,None
17:49:44.205,parallel,8.3,401.2,427.4,100.0,1107.0,65.0,2400,0.0,0.0,16198,-524,86,discharging,None,None
17:49:44.708,parallel,8.3,639.4,427.4,33.8,1106.0,60.0,2400,0.0,0.0,16195,-647,86,discharging,None,None
17:49:45.218,parallel,8.3,639.4,427.4,16.2,1105.2,61.1,2400,0.0,0.0,16231,-532,86,discharging,None,None
17:49:45.730,parallel,8.3,639.4,427.4,100.0,1105.2,63.4,2400,0.0,0.0,16194,-538,86,discharging,None,None
17:49:46.234,parallel,8.3,691.8,459.1,27.5,1104.6,60.0,2400,0.0,0.0,16201,-652,86,discharging,None,None
17:49:46.740,parallel,8.3,691.8,459.1,22.2,1104.6,61.7,2400,0.0,0.0,16232,-522,86,discharging,None,None
17:49:47.244,parallel,8.2,564.2,459.1,100.0,1104.6,64.5,2400,0.0,0.0,16189,-548,86,discharging,None,None
17:49:47.747,parallel,8.2,564.2,326.6,13.4,1104.1,59.5,2400,0.0,0.0,16220,-641,86,discharging,None,None
17:49:48.252,parallel,8.2,564.2,326.6,50.2,1103.2,63.4,2400,0.0,0.0,16233,-511,86,discharging,None,None
17:49:48.756,parallel,8.3,580.2,172.4,90.0,1103.2,62.8,2400,0.0,0.0,16183,-583,86,discharging,None,None
17:49:49.260,parallel,8.3,580.2,172.4,5.0,1103.2,60.0,2400,0.0,0.0,16221,-636,86,discharging,None,None
17:49:49.767,parallel,7.2,580.2,172.4,74.3,1104.1,63.9,2400,0.0,0.0,16220,-523,86,discharging,None,None
17:49:50.271,parallel,7.2,413.7,162.9,45.3,1106.8,61.1,2400,0.0,0.0,16221,-591,86,discharging,None,None
17:49:50.779,parallel,7.2,413.7,162.9,36.1,1106.8,63.9,2400,0.0,0.0,16227,-564,86,discharging,None,None
17:49:51.283,parallel,8.4,403.4,162.9,50.2,1106.3,59.0,1600,0.0,0.0,16183,-578,86,discharging,None,None
17:49:51.786,parallel,8.4,403.4,188.0,41.1,1106.1,60.0,2400,0.0,0.0,16211,-591,86,discharging,None,None
17:49:52.290,parallel,8.3,398.0,188.0,83.2,1105.6,61.7,2400,0.0,0.0,16194,-538,86,discharging,None,None
17:49:52.799,parallel,8.3,398.0,188.0,18.5,1105.6,61.7,2400,0.0,0.0,16221,-555,86,discharging,None,None
17:49:53.304,parallel,8.3,398.0,159.1,77.7,1104.8,63.9,2400,0.0,0.0,16214,-543,86,discharging,None,None
17:49:53.807,parallel,8.3,404.6,159.1,24.8,1104.8,60.0,2400,0.0,0.0,16196,-614,86,discharging,None,None
17:49:54.319,parallel,8.3,404.6,216.8,51.2,1104.8,62.8,2400,0.0,0.0,16232,-539,86,discharging,None,None
17:49:54.823,parallel,8.3,443.2,216.8,71.1,1105.5,60.6,2400,0.0,0.0,16183,-590,86,discharging,None,None
17:49:55.326,parallel,8.3,443.2,216.8,1.5,1104.8,59.0,2400,0.0,0.0,16223,-617,86,discharging,None,None
17:49:55.836,parallel,8.3,443.2,216.8,75.6,1104.8,63.4,2400,0.0,0.0,16228,-482,86,discharging,None,None
17:49:56.340,parallel,8.3,740.5,538.0,74.4,1104.4,60.6,2400,0.0,0.0,16184,-624,86,discharging,None,None
17:49:56.843,parallel,8.3,740.5,538.0,2.0,1103.7,59.5,2400,0.0,0.0,16222,-624,86,discharging,None,None
17:49:57.359,parallel,8.4,740.5,538.0,71.3,1103.5,63.4,2400,0.0,0.0,16232,-484,86,discharging,None,None
17:49:57.863,parallel,8.4,691.3,457.6,71.9,1102.9,61.1,2400,0.0,0.0,16183,-621,86,discharging,None,None
17:49:58.366,parallel,8.3,691.3,457.6,2.0,1102.9,59.0,2400,0.0,0.0,16221,-625,86,discharging,None,None
17:49:58.876,parallel,8.3,691.3,457.6,76.1,1102.9,63.9,2400,0.0,0.0,16230,-485,86,discharging,None,None
17:49:59.379,parallel,8.3,425.0,183.6,43.8,1102.9,60.0,2400,0.0,0.0,16184,-617,86,discharging,None,None
17:49:59.887,parallel,8.3,425.0,183.6,34.5,1102.9,63.4,2400,0.0,0.0,16230,-579,86,discharging,None,None
17:50:00.391,parallel,8.3,409.8,183.6,74.3,1102.6,63.4,2400,0.0,0.0,16187,-554,86,discharging,None,None
17:50:00.895,parallel,8.3,409.8,164.0,21.9,1102.2,59.5,2400,0.0,0.0,16204,-628,86,discharging,None,None
17:50:01.398,parallel,8.3,396.1,164.0,82.1,1102.6,62.8,2400,0.0,0.0,16210,-555,86,discharging,None,None
17:50:01.902,parallel,7.9,396.1,163.5,36.3,1102.6,61.7,2400,0.0,0.0,16219,-557,86,discharging,None,None
17:50:02.411,parallel,7.9,396.1,163.5,57.2,1102.6,63.9,2400,0.0,0.0,16222,-549,86,discharging,None,None
17:50:02.915,parallel,8.4,397.9,163.5,26.7,1102.2,60.0,2400,0.0,0.0,16182,-615,86,discharging,None,None
17:50:03.423,parallel,8.4,397.9,171.4,56.5,1102.2,63.4,2400,0.0,0.0,16223,-600,86,discharging,None,None
17:50:03.927,parallel,8.4,396.2,171.4,62.3,1101.7,61.1,2400,0.0,0.0,16188,-584,86,discharging,None,None
17:50:04.435,parallel,8.3,396.2,171.4,13.6,1101.7,61.1,2400,0.0,0.0,16222,-568,86,discharging,None,None
17:50:04.940,parallel,8.3,396.2,187.6,99.0,1101.7,65.0,2400,0.0,0.0,16194,-531,86,discharging,None,None
17:50:05.444,parallel,8.3,433.4,187.6,7.5,1101.5,59.5,2400,0.0,0.0,16199,-620,86,discharging,None,None
17:50:05.955,parallel,8.3,433.4,187.6,40.6,1101.5,62.8,2400,0.0,0.0,16231,-529,86,discharging,None,None
17:50:06.458,parallel,8.3,705.2,498.0,100.0,1101.7,64.5,2400,0.0,0.0,16190,-545,86,discharging,None,None
17:50:06.962,parallel,8.3,705.2,498.0,5.0,1101.9,60.0,2400,0.0,0.0,16203,-660,86,discharging,None,None
17:50:07.467,parallel,8.3,705.2,498.0,43.1,1101.9,63.4,2400,0.0,0.0,16229,-523,86,discharging,None,None
17:50:07.971,parallel,8.3,696.6,454.9,99.0,1103.3,63.9,2400,0.0,0.0,16189,-550,86,discharging,None,None
17:50:08.475,parallel,8.3,696.6,454.9,1.5,1103.1,59.5,2400,0.0,0.0,16208,-653,86,discharging,None,None
17:50:08.983,parallel,8.4,696.6,454.9,45.3,1103.1,63.9,2400,0.0,0.0,16231,-511,86,discharging,None,None
17:50:09.486,parallel,8.4,491.1,246.3,79.3,1102.9,61.7,2400,0.0,0.0,16187,-558,86,discharging,None,None
17:50:09.990,parallel,8.4,491.1,246.3,2.0,1101.4,59.5,2400,0.0,0.0,16220,-626,86,discharging,None,None
17:50:10.493,parallel,8.3,394.6,246.3,82.6,1102.2,62.8,2400,0.0,0.0,16227,-520,86,discharging,None,None
17:50:10.997,parallel,8.3,394.6,162.7,36.0,1102.1,60.0,2400,0.0,0.0,16214,-598,86,discharging,None,None
17:50:11.504,parallel,8.3,394.6,162.7,52.5,1102.3,62.8,1900,0.0,0.0,16227,-570,86,discharging,None,None
17:50:12.008,parallel,8.3,412.5,162.7,49.5,1102.1,62.2,2400,0.0,0.0,16196,-564,86,discharging,None,None
17:50:12.516,parallel,8.3,412.5,171.6,32.8,1102.1,60.6,2400,0.0,0.0,16189,-608,86,discharging,None,None
17:50:13.019,parallel,8.3,560.4,171.6,99.0,1101.6,63.4,2400,0.0,0.0,16194,-547,86,discharging,None,None
17:50:13.523,parallel,8.3,560.4,168.0,39.3,1101.4,62.2,2400,0.0,0.0,16199,-599,86,discharging,None,None
17:50:14.031,parallel,7.3,560.4,168.0,43.2,1101.4,64.5,2400,0.0,0.0,16225,-542,86,discharging,None,None
17:50:14.535,parallel,7.3,393.8,168.0,40.6,1101.4,60.0,2400,0.0,0.0,16216,-563,86,discharging,None,None
17:50:15.044,parallel,7.3,393.8,159.2,41.3,1101.2,61.1,2400,0.0,0.0,16194,-568,86,discharging,None,None
17:50:15.547,parallel,8.4,395.7,159.2,76.4,1101.2,61.1,2400,0.0,0.0,16181,-615,86,discharging,None,None
17:50:16.053,parallel,8.4,395.7,159.2,6.0,1101.2,60.0,2400,0.0,0.0,16228,-556,86,discharging,None,None
17:50:16.560,parallel,8.3,395.7,163.6,99.0,1102.7,63.4,2400,0.0,0.0,16190,-562,86,discharging,None,None
17:50:17.064,parallel,8.3,397.4,163.6,13.5,1103.5,59.5,2400,0.0,0.0,16218,-616,86,discharging,None,None
17:50:17.575,parallel,8.2,397.4,163.6,36.9,1103.5,62.8,2400,0.0,0.0,16232,-488,86,discharging,None,None
17:50:18.079,parallel,8.2,397.4,531.6,100.0,1103.5,65.5,2400,0.0,0.0,16182,-609,86,discharging,None,None
17:50:18.582,parallel,8.2,720.0,531.6,14.5,1103.3,59.0,2400,0.0,0.0,16217,-642,86,discharging,None,None
17:50:19.095,parallel,8.5,720.0,531.6,32.5,1102.8,62.8,2400,0.0,0.0,16232,-485,86,discharging,None,None
17:50:19.600,parallel,8.5,720.0,408.0,100.0,1102.8,64.5,2400,0.0,0.0,16185,-601,86,discharging,None,None
17:50:20.104,parallel,8.3,678.0,408.0,6.0,1102.8,59.5,2400,0.0,0.0,16220,-626,86,discharging,None,None
17:50:20.611,parallel,8.3,678.0,408.0,41.8,1104.3,63.4,2400,0.0,0.0,16231,-480,86,discharging,None,None
17:50:21.114,parallel,8.3,523.3,308.9,89.1,1104.3,62.2,2400,0.0,0.0,16182,-616,86,discharging,None,None
17:50:21.618,parallel,8.3,523.3,308.9,2.5,1104.3,59.5,1900,0.0,0.0,16225,-605,86,discharging,None,None
17:50:22.127,parallel,8.3,523.3,308.9,78.0,1104.3,63.4,2400,0.0,0.0,16202,-509,86,discharging,None,None
17:50:22.631,parallel,8.3,406.9,161.6,41.7,1104.3,60.6,2400,0.0,0.0,16181,-600,86,discharging,None,None
17:50:23.139,parallel,8.3,406.9,161.6,40.5,1103.9,63.4,2400,0.0,0.0,16229,-542,86,discharging,None,None
17:50:23.644,parallel,8.4,392.3,161.6,49.8,1103.9,62.2,2400,0.0,0.0,16199,-554,86,discharging,None,None
17:50:24.155,parallel,8.4,392.3,158.8,33.2,1103.8,60.0,2400,0.0,0.0,16225,-590,86,discharging,None,None
17:50:24.658,parallel,8.4,398.9,158.8,77.5,1103.8,60.6,2400,0.0,0.0,16186,-610,86,discharging,None,None
17:50:25.162,parallel,8.3,398.9,158.4,45.0,1103.1,62.8,2400,0.0,0.0,16222,-587,86,discharging,None,None
17:50:25.671,parallel,8.3,398.9,158.4,67.2,1103.1,64.5,2400,0.0,0.0,16200,-552,86,discharging,None,None
17:50:26.174,parallel,7.9,399.4,158.4,18.0,1103.9,60.0,2400,0.0,0.0,16218,-596,86,discharging,None,None
17:50:26.683,parallel,7.9,399.4,173.0,65.2,1103.9,62.8,2400,0.0,0.0,16206,-551,86,discharging,None,None
17:50:27.188,parallel,8.3,403.5,173.0,55.4,1103.7,60.6,2400,0.0,0.0,16179,-619,86,discharging,None,None
17:50:27.691,parallel,8.3,403.5,173.0,3.0,1104.5,59.0,2400,0.0,0.0,16228,-556,86,discharging,None,None
17:50:28.199,parallel,8.3,403.5,435.2,98.5,1105.1,63.9,2400,0.0,0.0,16195,-528,86,discharging,None,None
17:50:28.703,parallel,8.3,620.5,435.2,37.7,1104.5,60.0,2400,0.0,0.0,16197,-647,86,discharging,None,None
17:50:29.209,parallel,8.3,620.5,435.2,11.4,1104.2,61.1,2400,0.0,0.0,16231,-527,86,discharging,None,None
17:50:29.716,parallel,8.2,620.5,435.2,100.0,1104.2,63.4,2400,0.0,0.0,16190,-545,86,discharging,None,None
17:50:30.220,parallel,8.2,726.8,515.3,37.0,1105.2,61.7,2400,0.0,0.0,16194,-665,86,discharging,None,None
17:50:30.729,parallel,8.2,726.8,515.3,8.3,1105.2,60.6,2400,0.0,0.0,16230,-523,86,discharging,None,None
17:50:31.233,parallel,8.2,363.5,160.6,99.0,1105.2,63.9,2400,0.0,0.0,16186,-541,86,discharging,None,None
17:50:31.736,parallel,8.2,363.5,160.6,0.0,1104.9,59.5,2400,0.0,0.0,16218,-598,86,discharging,None,None
17:50:32.240,parallel,8.2,366.9,160.6,76.1,1105.8,63.9,2400,0.0,0.0,16207,-530,86,discharging,None,None
17:50:32.743,parallel,8.2,366.9,150.5,32.5,1106.1,60.0,2400,0.0,0.0,16205,-590,86,discharging,None,None
17:50:33.251,parallel,8.2,366.9,150.5,45.3,1107.0,63.4,2400,0.0,0.0,16230,-536,86,discharging,None,None
17:50:33.754,parallel,8.2,363.1,150.5,29.7,1107.0,59.5,2400,0.0,0.0,16202,-541,86,discharging,None,None
17:50:34.267,parallel,8.2,363.1,151.4,47.5,1106.8,61.7,2400,0.0,0.0,16204,-577,86,discharging,None,None
17:50:34.770,parallel,8.2,364.3,151.4,59.3,1106.8,59.5,2400,0.0,0.0,16181,-597,86,discharging,None,None
17:50:35.274,parallel,8.2,364.3,151.3,30.8,1105.7,62.8,2400,0.0,0.0,16228,-540,86,discharging,None,None
17:50:35.778,parallel,8.2,363.4,151.3,76.5,1105.7,62.8,2400,0.0,0.0,16184,-548,86,discharging,None,None
17:50:36.281,parallel,8.2,363.4,151.3,0.0,1105.3,59.0,2400,0.0,0.0,16220,-596,86,discharging,None,None
17:50:36.792,parallel,8.2,363.4,151.3,63.9,1105.3,63.4,2400,0.0,0.0,16226,-493,86,discharging,None,None
17:50:37.296,parallel,8.2,625.5,439.1,72.1,1105.0,60.6,2400,0.0,0.0,16189,-617,86,discharging,None,None
17:50:37.799,parallel,8.2,625.5,439.1,0.0,1104.6,58.4,2400,0.0,0.0,16226,-587,86,discharging,None,None
17:50:38.315,parallel,8.2,625.5,439.1,72.7,1104.3,63.4,2400,0.0,0.0,16217,-474,86,discharging,None,None
17:50:38.819,parallel,8.2,622.3,347.5,52.0,1105.2,60.0,2400,0.0,0.0,16180,-623,86,discharging,None,None
17:50:39.322,parallel,8.2,622.3,347.5,0.0,1104.7,59.0,2400,0.0,0.0,16228,-564,86,discharging,None,None
17:50:39.834,parallel,8.2,622.3,347.5,91.7,1104.7,63.4,2400,0.0,0.0,16192,-495,86,discharging,None,None
17:50:40.338,parallel,8.2,499.8,302.1,27.9,1104.3,59.5,2400,0.0,0.0,16191,-620,86,discharging,None,None
17:50:40.847,parallel,8.2,499.8,302.1,35.0,1104.0,63.4,2400,0.0,0.0,16229,-525,86,discharging,None,None
17:50:41.350,parallel,8.2,367.1,147.9,72.1,1104.0,62.2,2400,0.0,0.0,16181,-540,86,discharging,None,None
17:50:41.859,parallel,8.2,367.1,147.9,4.5,1103.6,59.5,2400,0.0,0.0,16221,-597,86,discharging,None,None
17:50:42.362,parallel,8.2,374.8,147.9,72.7,1103.6,60.0,2400,0.0,0.0,16188,-558,86,discharging,None,None
17:50:42.866,parallel,8.2,374.8,151.9,32.8,1103.1,60.0,2400,0.0,0.0,16218,-579,86,discharging,None,None
17:50:43.374,parallel,8.2,359.8,151.9,71.8,1103.1,63.4,2400,0.0,0.0,16224,-533,86,discharging,None,None
17:50:43.879,parallel,8.2,359.8,151.9,6.9,1102.9,59.5,2400,0.0,0.0,16220,-547,86,discharging,None,None
17:50:44.384,parallel,8.2,359.8,150.7,72.1,1102.9,64.5,2400,0.0,0.0,16195,-548,86,discharging,None,None
17:50:44.887,parallel,8.2,367.5,150.7,32.0,1102.6,59.5,2400,0.0,0.0,16180,-597,86,discharging,None,None
17:50:45.399,parallel,8.2,367.5,150.7,36.6,1102.6,62.2,2400,0.0,0.0,16229,-541,86,discharging,None,None
17:50:45.902,parallel,8.2,423.3,209.2,75.4,1102.2,60.6,2400,0.0,0.0,16186,-561,86,discharging,None,None
17:50:46.406,parallel,8.2,423.3,209.2,0.5,1102.2,59.0,2400,0.0,0.0,16220,-606,86,discharging,None,None
17:50:46.919,parallel,8.2,423.3,209.2,69.3,1102.2,63.4,2400,0.0,0.0,16231,-475,86,discharging,None,None
17:50:47.422,parallel,8.2,616.1,364.0,56.2,1101.9,60.0,2400,0.0,0.0,16181,-611,86,discharging,None,None
17:50:47.926,parallel,8.2,616.1,364.0,0.0,1101.7,59.0,2400,0.0,0.0,16228,-580,86,discharging,None,None
17:50:48.439,parallel,8.2,616.1,364.0,89.8,1101.7,63.9,2400,0.0,0.0,16208,-472,86,discharging,None,None
17:50:48.942,parallel,8.2,603.4,375.3,33.0,1101.2,59.0,2400,0.0,0.0,16178,-623,86,discharging,None,None
17:50:49.451,parallel,8.2,603.4,375.3,12.9,1101.2,60.6,2400,0.0,0.0,16229,-551,86,discharging,None,None
17:50:49.955,parallel,8.2,362.4,150.6,94.1,1101.9,62.2,2400,0.0,0.0,16190,-513,86,discharging,None,None
17:50:50.459,parallel,8.2,362.4,150.6,0.0,1104.7,58.4,2400,0.0,0.0,16220,-596,86,discharging,None,None
17:50:50.962,parallel,8.2,364.5,150.6,75.2,1104.5,62.2,2400,0.0,0.0,16224,-533,86,discharging,None,None
17:50:51.466,parallel,8.2,364.5,151.3,32.3,1104.5,60.0,2400,0.0,0.0,16220,-567,86,discharging,None,None
17:50:51.975,parallel,8.2,364.5,151.3,51.5,1104.5,63.4,2400,0.0,0.0,16226,-545,86,discharging,None,None
17:50:52.480,parallel,8.2,363.2,151.3,25.7,1104.5,58.4,1500,0.0,0.0,16181,-568,86,discharging,None,None
17:50:52.988,parallel,8.2,363.2,170.8,56.1,1104.2,61.7,2400,0.0,0.0,16212,-574,86,discharging,None,None
17:50:53.492,parallel,8.2,362.6,170.8,53.0,1104.2,59.0,2400,0.0,0.0,16187,-561,86,discharging,None,None
17:50:53.998,parallel,8.2,362.6,152.0,30.8,1103.4,62.8,2400,0.0,0.0,16227,-539,86,discharging,None,None
17:50:54.502,parallel,8.2,364.4,152.0,76.6,1103.4,61.7,2400,0.0,0.0,16204,-532,86,discharging,None,None
17:50:55.005,parallel,8.2,364.4,152.0,0.0,1103.4,58.4,2400,0.0,0.0,16218,-596,86,discharging,None,None
17:50:55.511,parallel,8.2,364.4,307.3,64.0,1103.4,63.9,2400,0.0,0.0,16231,-485,86,discharging,None,None
17:50:56.015,parallel,8.2,535.3,307.3,48.8,1103.0,59.5,2400,0.0,0.0,16179,-593,86,discharging,None,None
17:50:56.518,parallel,8.2,535.3,307.3,0.0,1103.0,58.4,2400,0.0,0.0,16225,-592,86,discharging,None,None
17:50:57.026,parallel,8.2,535.3,307.3,95.0,1103.0,63.4,2400,0.0,0.0,16212,-474,86,discharging,None,None
17:50:57.530,parallel,8.2,659.6,495.3,40.4,1102.6,61.1,2400,0.0,0.0,16177,-641,86,discharging,None,None
17:50:58.039,parallel,8.2,659.6,495.3,5.5,1103.0,58.4,1600,0.0,0.0,16228,-571,86,discharging,None,None
17:50:58.544,parallel,8.2,381.6,153.6,99.5,1103.0,62.8,2400,0.0,0.0,16217,-448,86,discharging,None,None
17:50:59.047,parallel,8.2,381.6,153.6,4.0,1102.7,59.0,2400,0.0,0.0,16199,-568,86,discharging,None,None
17:50:59.554,parallel,8.2,361.0,153.6,72.0,1102.7,62.8,2400,0.0,0.0,16231,-535,86,discharging,None,None
17:51:00.058,parallel,8.2,361.0,148.8,35.1,1102.2,59.0,2400,0.0,0.0,16203,-541,86,discharging,None,None
17:51:00.567,parallel,8.2,361.0,148.8,42.8,1102.7,63.9,2400,0.0,0.0,16220,-574,86,discharging,None,None
17:51:01.071,parallel,8.2,361.9,148.8,32.0,1102.7,59.0,2400,0.0,0.0,16181,-594,86,discharging,None,None
17:51:01.580,parallel,8.2,361.9,147.4,45.3,1102.7,61.1,2400,0.0,0.0,16216,-595,86,discharging,None,None
17:51:02.084,parallel,8.2,364.9,147.4,61.6,1102.2,59.5,2400,0.0,0.0,16191,-550,86,discharging,None,None
17:51:02.591,parallel,8.2,364.9,148.5,28.4,1102.2,61.7,2400,0.0,0.0,16221,-540,86,discharging,None,None
17:51:03.095,parallel,8.2,367.7,148.5,78.8,1101.8,61.7,2400,0.0,0.0,16205,-534,86,discharging,None,None
17:51:03.598,parallel,8.2,367.7,148.5,0.0,1101.8,58.4,1500,0.0,0.0,16211,-593,86,discharging,None,None
17:51:04.111,parallel,8.2,367.7,148.5,61.2,1101.8,61.7,2400,0.0,0.0,16236,-439,86,discharging,None,None
17:51:04.614,parallel,8.2,584.5,366.6,67.0,1101.8,59.5,2400,0.0,0.0,16188,-595,86,discharging,None,None
17:51:05.118,parallel,8.2,584.5,366.6,0.0,1101.3,58.4,2400,0.0,0.0,16217,-607,86,discharging,None,None
17:51:05.630,parallel,8.2,584.5,366.6,77.9,1101.3,62.8,2400,0.0,0.0,16194,-505,86,discharging,None,None
17:51:06.134,parallel,8.2,710.9,493.9,64.7,1101.3,60.0,2400,0.0,0.0,16179,-654,86,discharging,None,None
17:51:06.637,parallel,8.2,710.9,493.9,0.0,1101.7,59.0,2400,0.0,0.0,16228,-548,86,discharging,None,None
17:51:07.150,parallel,8.2,710.9,493.9,79.3,1101.8,62.2,2400,0.0,0.0,16188,-515,86,discharging,None,None
17:51:07.653,parallel,8.2,431.3,235.6,33.0,1101.8,59.0,2400,0.0,0.0,16218,-605,86,discharging,None,None
17:51:08.160,parallel,8.2,431.3,235.6,36.6,1101.8,62.8,2400,0.0,0.0,16230,-514,86,discharging,None,None
17:51:08.663,parallel,8.2,367.0,150.8,70.8,1101.8,62.8,2400,0.0,0.0,16208,-561,86,discharging,None,None
17:51:09.171,parallel,8.2,367.0,150.8,4.5,1101.8,57.9,1500,0.0,0.0,16224,-565,86,discharging,None,None
17:51:09.674,parallel,8.2,374.3,150.8,71.8,1101.5,60.0,2400,0.0,0.0,16184,-554,86,discharging,None,None
17:51:10.178,parallel,8.2,374.3,148.4,33.8,1101.1,59.5,2400,0.0,0.0,16193,-582,86,discharging,None,None
17:51:10.686,parallel,8.2,362.0,148.4,72.4,1101.5,62.8,2400,0.0,0.0,16190,-550,86,discharging,None,None
17:51:11.190,parallel,8.2,362.0,148.4,3.0,1101.3,58.4,2400,0.0,0.0,16218,-539,86,discharging,None,None
17:51:11.699,parallel,8.2,362.0,147.3,74.9,1102.2,63.9,2400,0.0,0.0,16219,-535,86,discharging,None,None
17:51:12.202,parallel,8.2,366.5,147.3,32.5,1102.2,59.0,2400,0.0,0.0,16214,-597,86,discharging,None,None
17:51:12.715,parallel,8.2,366.5,147.3,32.7,1102.2,61.1,2400,0.0,0.0,16230,-520,86,discharging,None,None
17:51:13.219,parallel,8.2,448.5,259.9,79.4,1102.5,60.6,2400,0.0,0.0,16177,-600,86,discharging,None,None
17:51:13.722,parallel,8.2,448.5,259.9,0.5,1102.5,59.0,2400,0.0,0.0,16225,-594,86,discharging,None,None
17:51:14.235,parallel,8.2,448.5,259.9,65.4,1102.0,62.8,1900,0.0,0.0,16210,-471,86,discharging,None,None
17:51:14.738,parallel,8.2,679.5,450.4,71.1,1102.0,60.0,2400,0.0,0.0,16181,-630,86,discharging,None,None
17:51:15.242,parallel,8.2,679.5,450.4,1.0,1101.7,58.4,2400,0.0,0.0,16228,-566,86,discharging,None,None
17:51:15.755,parallel,8.2,679.5,450.4,73.9,1101.7,63.4,2400,0.0,0.0,16199,-484,86,discharging,None,None
17:51:16.259,parallel,13.5,592.0,358.0,55.9,1101.0,60.0,2400,0.0,0.0,16181,-633,86,discharging,None,None
17:51:16.763,parallel,13.5,592.0,358.0,2.0,1101.0,58.4,2400,0.0,0.0,16225,-554,86,discharging,None,None
17:51:17.271,parallel,8.4,394.7,358.0,90.5,1102.0,62.8,2400,0.0,0.0,16186,-534,86,discharging,None,None
17:51:17.775,parallel,8.4,394.7,173.1,28.7,1102.0,59.5,2400,0.0,0.0,16211,-617,86,discharging,None,None
17:51:18.283,parallel,8.3,394.7,173.1,62.7,1102.0,63.4,2400,0.0,0.0,16217,-543,86,discharging,None,None
17:51:18.787,parallel,8.3,394.0,158.4,54.7,1101.5,62.2,2400,0.0,0.0,16217,-565,86,discharging,None,None
17:51:19.295,parallel,8.3,394.0,158.4,27.1,1101.5,62.2,2400,0.0,0.0,16219,-560,86,discharging,None,None
17:51:19.799,parallel,8.3,412.9,158.4,59.6,1101.5,59.5,2400,0.0,0.0,16183,-593,86,discharging,None,None
17:51:20.302,parallel,8.3,412.9,159.1,36.6,1102.3,59.5,2400,0.0,0.0,16207,-604,86,discharging,None,None
17:51:20.806,parallel,8.4,399.0,159.1,82.0,1102.4,62.8,2400,0.0,0.0,16193,-559,86,discharging,None,None
17:51:21.312,parallel,8.4,399.0,159.1,2.0,1102.4,58.4,2400,0.0,0.0,16216,-555,86,discharging,None,None
17:51:22.077,parallel,8.3,399.0,174.8,89.5,1102.4,63.9,2400,0.0,0.0,16179,-580,86,discharging,None,None
17:51:22.581,parallel,8.3,547.1,174.8,13.0,1102.0,59.5,2400,0.0,0.0,16216,-629,86,discharging,None,None
17:51:23.088,parallel,8.3,547.1,159.7,68.0,1102.6,63.4,2400,0.0,0.0,16201,-542,86,discharging,None,None
17:51:23.592,parallel,7.6,393.7,159.7,49.2,1102.6,60.0,2400,0.0,0.0,16176,-614,86,discharging,None,None
17:51:24.101,parallel,7.6,393.7,159.7,13.3,1102.6,61.7,2400,0.0,0.0,16226,-555,86,discharging,None,None
17:51:24.605,parallel,8.3,393.7,371.5,100.0,1102.6,64.5,2400,0.0,0.0,16191,-531,86,discharging,None,None
17:51:25.108,parallel,8.3,561.7,371.5,19.0,1102.2,59.5,2400,0.0,0.0,16206,-638,86,discharging,None,None
17:51:25.621,parallel,8.3,561.7,371.5,28.7,1102.2,61.1,2400,0.0,0.0,16227,-513,86,discharging,None,None
17:51:26.126,parallel,8.3,561.7,371.5,100.0,1102.6,64.5,2400,0.0,0.0,16183,-559,86,discharging,None,None
17:51:26.629,parallel,8.3,751.3,536.3,25.4,1102.6,59.5,2400,0.0,0.0,16197,-670,86,discharging,None,None
17:51:27.136,parallel,8.4,751.3,536.3,21.9,1102.6,61.7,2400,0.0,0.0,16226,-518,86,discharging,None,None
17:51:27.640,parallel,8.4,579.5,536.3,100.0,1102.6,63.9,2400,0.0,0.0,16183,-548,86,discharging,None,None
17:51:28.143,parallel,8.3,579.5,340.3,15.6,1101.9,59.0,2400,0.0,0.0,16208,-643,86,discharging,None,None
17:51:28.655,parallel,8.3,579.5,340.3,48.5,1101.9,63.9,2400,0.0,0.0,16227,-512,86,discharging,None,None
17:51:29.158,parallel,8.3,395.3,162.2,69.3,1101.9,60.6,2400,0.0,0.0,16178,-571,86,discharging,None,None
17:51:29.667,parallel,8.3,395.3,162.2,11.1,1101.9,59.5,1800,0.0,0.0,16216,-605,86,discharging,None,None
17:51:30.170,parallel,8.3,416.4,162.2,75.2,1101.2,60.6,2400,0.0,0.0,16192,-549,86,discharging,None,None
17:51:30.674,parallel,8.3,416.4,163.1,36.0,1102.2,59.5,2400,0.0,0.0,16200,-596,86,discharging,None,None
17:51:31.180,parallel,8.3,416.4,163.1,71.0,1101.9,63.9,2400,0.0,0.0,16222,-541,86,discharging,None,None
17:51:31.684,parallel,8.4,397.2,163.1,25.1,1101.9,60.6,2400,0.0,0.0,16210,-555,86,discharging,None,None
17:51:32.192,parallel,8.4,397.2,171.4,58.7,1101.9,62.8,2400,0.0,0.0,16201,-574,86,discharging,None,None
17:51:32.695,parallel,8.4,397.9,171.4,49.2,1101.9,59.5,2400,0.0,0.0,16178,-617,86,discharging,None,None
17:51:33.199,parallel,8.3,397.9,167.0,37.1,1102.3,61.1,2400,0.0,0.0,16225,-557,86,discharging,None,None
17:51:33.702,parallel,8.3,396.8,167.0,83.1,1102.6,61.1,2400,0.0,0.0,16182,-557,86,discharging,None,None
17:51:34.206,parallel,8.3,396.8,167.0,10.0,1102.3,59.0,2400,0.0,0.0,16215,-618,86,discharging,None,None
17:51:34.719,parallel,8.3,396.8,167.0,70.6,1102.3,63.4,2400,0.0,0.0,16226,-515,86,discharging,None,None
17:51:35.222,parallel,7.9,587.5,387.6,62.3,1106.5,60.6,2400,0.0,0.0,16177,-635,86,discharging,None,None
17:51:35.726,parallel,7.9,587.5,387.6,1.5,1108.0,59.0,2400,0.0,0.0,16220,-612,86,discharging,None,None
17:51:36.239,parallel,7.9,587.5,387.6,83.9,1108.2,63.4,2400,0.0,0.0,16208,-497,86,discharging,None,None
17:51:36.742,parallel,8.3,727.7,489.9,63.2,1108.2,60.0,2400,0.0,0.0,16175,-660,86,discharging,None,None
17:51:37.246,parallel,8.3,727.7,489.9,2.0,1108.2,58.4,2400,0.0,0.0,16218,-620,86,discharging,None,None
17:51:37.759,parallel,8.4,727.7,489.9,82.0,1109.7,63.4,2400,0.0,0.0,16216,-491,86,discharging,None,None
17:51:38.262,parallel,8.4,647.3,396.0,60.7,1108.8,60.0,2400,0.0,0.0,16174,-644,86,discharging,None,None
17:51:38.766,parallel,8.4,647.3,396.0,2.0,1108.8,58.4,2400,0.0,0.0,16222,-605,86,discharging,None,None
17:51:39.273,parallel,8.3,406.3,396.0,87.6,1108.2,62.8,2400,0.0,0.0,16203,-502,86,discharging,None,None
17:51:39.777,parallel,8.3,406.3,175.4,33.0,1108.2,59.5,1900,0.0,0.0,16179,-619,86,discharging,None,None
17:51:40.284,parallel,8.3,406.3,175.4,58.3,1107.5,62.8,2400,0.0,0.0,16228,-536,86,discharging,None,None
17:51:40.787,parallel,8.3,412.6,159.0,60.9,1107.5,63.9,2400,0.0,0.0,16180,-539,86,discharging,None,None
17:51:41.292,parallel,8.4,412.6,159.0,21.3,1106.7,60.6,2400,0.0,0.0,16217,-604,86,discharging,None,None
17:51:41.796,parallel,8.4,399.4,159.0,65.7,1106.5,59.5,2400,0.0,0.0,16184,-581,86,discharging,None,None
17:51:42.300,parallel,8.4,399.4,158.5,36.8,1105.9,60.6,2400,0.0,0.0,16217,-571,86,discharging,None,None
17:51:42.807,parallel,8.3,391.4,158.5,78.8,1105.9,63.4,2400,0.0,0.0,16215,-539,86,discharging,None,None
17:51:43.311,parallel,8.3,391.4,158.5,4.0,1105.3,59.0,2400,0.0,0.0,16207,-596,86,discharging,None,None
17:51:43.816,parallel,8.3,391.4,163.2,78.1,1105.3,63.9,2400,0.0,0.0,16202,-571,86,discharging,None,None
17:51:44.320,parallel,8.3,406.7,163.2,41.6,1104.7,59.0,2400,0.0,0.0,16178,-613,86,discharging,None,None
17:51:44.833,parallel,8.3,406.7,163.2,27.3,1104.5,61.7,2400,0.0,0.0,16223,-555,86,discharging,None,None
17:51:45.336,parallel,8.3,497.2,277.3,97.5,1104.5,62.2,2400,0.0,0.0,16190,-524,86,discharging,None,None
17:51:45.840,parallel,8.3,497.2,277.3,2.5,1103.5,59.0,2400,0.0,0.0,16209,-625,86,discharging,None,None
17:51:46.358,parallel,8.3,497.2,277.3,42.4,1103.5,61.1,2400,0.0,0.0,16227,-513,86,discharging,None,None
17:51:46.862,parallel,8.3,497.2,277.3,100.0,1103.5,63.4,2400,0.0,0.0,16191,-538,86,discharging,None,None
17:51:47.366,parallel,7.9,824.7,720.4,33.7,1103.3,59.0,2400,0.0,0.0,16177,-692,86,discharging,None,None
17:51:47.881,parallel,7.9,824.7,720.4,13.5,1102.6,60.6,2400,0.0,0.0,16224,-565,86,discharging,None,None
17:51:48.385,parallel,7.9,551.4,720.4,100.0,1102.6,63.9,2400,0.0,0.0,16191,-499,86,discharging,None,None
17:51:48.889,parallel,8.3,551.4,352.7,20.8,1102.6,59.5,2400,0.0,0.0,16179,-636,86,discharging,None,None
17:51:49.396,parallel,8.3,551.4,352.7,47.3,1102.6,64.5,2400,0.0,0.0,16224,-546,86,discharging,None,None
17:51:49.900,parallel,8.3,411.4,166.8,74.0,1101.7,60.6,2400,0.0,0.0,16181,-555,86,discharging,None,None
17:51:50.408,parallel,8.3,411.4,166.8,9.8,1101.7,60.0,2400,0.0,0.0,16218,-617,86,discharging,None,None
17:51:50.912,parallel,8.4,403.4,166.8,76.6,1101.9,60.6,2400,0.0,0.0,16205,-543,86,discharging,None,None
17:51:51.415,parallel,8.4,403.4,159.1,36.0,1101.9,60.0,2400,0.0,0.0,16213,-573,86,discharging,None,None
17:51:51.923,parallel,8.4,403.4,159.1,68.0,1101.9,63.9,2400,0.0,0.0,16218,-544,86,discharging,None,None
17:51:52.427,parallel,8.3,403.3,159.1,24.0,1101.7,60.6,2400,0.0,0.0,16176,-594,86,discharging,None,None
17:51:52.935,parallel,8.3,403.3,163.1,58.1,1101.7,62.2,2400,0.0,0.0,16200,-609,86,discharging,None,None
17:51:53.439,parallel,8.3,402.4,163.1,54.5,1100.8,59.5,2400,0.0,0.0,16186,-579,86,discharging,None,None
17:51:53.945,parallel,8.3,402.4,169.3,36.2,1100.8,62.2,2400,0.0,0.0,16218,-555,86,discharging,None,None
17:51:54.449,parallel,8.3,408.3,169.3,82.8,1100.8,61.1,2400,0.0,0.0,16201,-543,86,discharging,None,None
17:51:54.953,parallel,8.3,408.3,169.3,2.5,1100.5,58.4,2400,0.0,0.0,16204,-618,86,discharging,None,None
17:51:55.466,parallel,8.3,408.3,169.3,66.7,1100.5,62.8,2400,0.0,0.0,16225,-515,86,discharging,None,None
17:51:55.969,parallel,8.2,604.8,453.0,71.4,1100.7,60.0,2400,0.0,0.0,16180,-567,86,discharging,None,None
17:51:56.473,parallel,8.2,604.8,453.0,2.5,1101.0,57.9,2400,0.0,0.0,16213,-641,86,discharging,None,None
17:51:56.979,parallel,8.3,604.8,453.0,74.5,1101.0,62.8,2400,0.0,0.0,16225,-488,86,discharging,None,None
17:51:57.483,parallel,8.3,719.5,448.1,72.6,1101.0,60.0,2400,0.0,0.0,16178,-587,86,discharging,None,None
17:51:57.986,parallel,8.3,719.5,448.1,2.5,1100.7,58.4,2400,0.0,0.0,16212,-654,86,discharging,None,None
17:51:58.500,parallel,8.4,719.5,448.1,55.6,1100.7,61.7,2400,0.0,0.0,16218,-458,86,discharging,None,None
17:51:59.004,parallel,8.4,704.1,418.5,95.0,1100.5,62.2,2400,0.0,0.0,16185,-633,86,discharging,None,None
17:51:59.507,parallel,7.9,704.1,418.5,2.5,1100.5,59.0,2400,0.0,0.0,16192,-614,86,discharging,None,None
17:52:00.016,parallel,7.9,704.1,418.5,50.2,1100.5,63.4,2400,0.0,0.0,16221,-481,86,discharging,None,None
17:52:00.520,parallel,7.9,623.6,420.6,93.1,1101.7,61.7,2400,0.0,0.0,16177,-628,86,discharging,None,None
17:52:01.023,parallel,8.3,623.6,420.6,3.0,1102.2,58.4,2400,0.0,0.0,16217,-613,86,discharging,None,None
17:52:01.531,parallel,8.3,623.6,420.6,67.7,1102.6,63.4,2400,0.0,0.0,16197,-512,86,discharging,None,None
17:52:02.034,parallel,8.3,399.2,159.5,50.5,1108.9,59.0,2400,0.0,0.0,16176,-614,86,discharging,None,None
17:52:02.543,parallel,8.3,399.2,159.5,31.8,1108.9,61.7,2400,0.0,0.0,16224,-545,86,discharging,None,None
17:52:03.048,parallel,8.4,397.6,159.5,55.9,1108.9,59.5,2400,0.0,0.0,16177,-555,86,discharging,None,None
17:52:03.552,parallel,8.4,397.6,176.7,34.7,1109.9,59.5,2400,0.0,0.0,16210,-607,86,discharging,None,None
17:52:04.056,parallel,8.4,396.3,176.7,82.3,1105.8,60.6,2400,0.0,0.0,16183,-590,86,discharging,None,None
17:52:04.563,parallel,8.3,396.3,160.4,32.2,1105.8,62.2,2400,0.0,0.0,16219,-561,86,discharging,None,None
17:52:05.071,parallel,8.3,396.3,160.4,60.9,1105.8,62.8,2400,0.0,0.0,16209,-539,86,discharging,None,None
17:52:05.575,parallel,8.3,402.4,160.4,27.7,1105.7,60.0,2400,0.0,0.0,16213,-608,86,discharging,None,None
17:52:06.087,parallel,8.3,402.4,163.1,54.7,1105.0,62.2,2400,0.0,0.0,16212,-566,86,discharging,None,None
17:52:06.590,parallel,8.3,401.4,163.1,63.9,1105.0,60.0,2400,0.0,0.0,16177,-614,86,discharging,None,None
17:52:07.094,parallel,8.3,401.4,163.1,2.5,1103.4,57.3,2400,0.0,0.0,16224,-558,86,discharging,None,None
17:52:07.602,parallel,8.3,401.4,459.4,92.6,1103.4,63.4,2400,0.0,0.0,16191,-512,86,discharging,None,None
17:52:08.106,parallel,8.3,628.0,459.4,48.0,1104.4,59.5,2400,0.0,0.0,16175,-651,86,discharging,None,None
17:52:08.610,parallel,8.3,628.0,459.4,2.5,1107.9,58.4,2400,0.0,0.0,16223,-545,86,discharging,None,None
17:52:09.122,parallel,8.3,628.0,459.4,98.0,1107.5,62.8,2400,0.0,0.0,16187,-522,86,discharging,None,None
17:52:09.626,parallel,8.3,763.6,538.2,55.7,1107.4,61.1,2400,0.0,0.0,16173,-675,86,discharging,None,None
17:52:10.130,parallel,8.3,763.6,538.2,2.5,1107.5,58.4,2400,0.0,0.0,16223,-560,86,discharging,None,None
17:52:10.642,parallel,8.4,763.6,538.2,66.3,1108.2,62.2,2400,0.0,0.0,16223,-445,86,discharging,None,None
17:52:11.146,parallel,8.4,724.1,488.4,87.1,1107.2,61.7,2400,0.0,0.0,16177,-624,86,discharging,None,None
17:52:11.650,parallel,7.9,724.1,488.4,2.5,1108.6,59.0,2400,0.0,0.0,16216,-621,86,discharging,None,None
17:52:12.159,parallel,7.9,724.1,488.4,56.9,1108.4,62.2,2400,0.0,0.0,16226,-475,86,discharging,None,None
17:52:12.663,parallel,8.3,495.0,258.8,69.1,1108.9,60.0,2400,0.0,0.0,16176,-622,86,discharging,None,None
17:52:13.173,parallel,8.3,495.0,258.8,2.0,1107.0,58.4,2400,0.0,0.0,16221,-595,86,discharging,None,None
17:52:13.676,parallel,8.3,396.4,258.8,81.1,1107.0,60.0,2400,0.0,0.0,16184,-527,86,discharging,None,None
17:52:14.180,parallel,8.3,396.4,174.7,38.5,1105.8,58.4,2400,0.0,0.0,16180,-615,86,discharging,None,None
17:52:14.687,parallel,8.3,396.4,174.7,64.4,1106.2,62.8,2400,0.0,0.0,16219,-545,86,discharging,None,None
17:52:15.192,parallel,8.4,394.6,174.7,45.0,1105.1,62.2,2400,0.0,0.0,16207,-554,86,discharging,None,None
17:52:15.697,parallel,8.4,394.6,160.4,37.3,1104.8,61.1,2400,0.0,0.0,16221,-572,86,discharging,None,None
17:52:16.201,parallel,8.4,399.5,160.4,55.7,1104.6,59.5,2400,0.0,0.0,16178,-615,86,discharging,None,None
17:52:16.705,parallel,8.3,399.5,166.7,36.9,1105.1,59.5,2400,0.0,0.0,16226,-583,86,discharging,None,None
17:52:17.208,parallel,8.3,395.9,166.7,82.6,1103.8,60.6,2400,0.0,0.0,16184,-555,86,discharging,None,None
17:52:17.712,parallel,8.3,395.9,166.7,2.5,1103.8,59.0,2400,0.0,0.0,16215,-584,86,discharging,None,None
17:52:18.220,parallel,8.3,395.9,171.5,84.3,1103.8,63.4,2400,0.0,0.0,16194,-541,86,discharging,None,None
17:52:18.724,parallel,8.3,410.4,171.5,33.8,1103.2,59.5,2400,0.0,0.0,16183,-616,86,discharging,None,None
17:52:19.235,parallel,8.3,410.4,171.5,16.3,1102.8,60.6,2400,0.0,0.0,16222,-541,86,discharging,None,None
17:52:19.740,parallel,8.3,410.4,407.4,100.0,1102.8,63.9,2400,0.0,0.0,16189,-531,86,discharging,None,None
17:52:20.243,parallel,8.3,623.9,407.4,16.4,1102.5,58.4,2400,0.0,0.0,16205,-633,86,discharging,None,None
17:52:20.751,parallel,8.3,623.9,407.4,32.3,1103.0,59.0,2400,0.0,0.0,16227,-501,86,discharging,None,None
17:52:21.263,parallel,8.2,623.9,452.0,100.0,1103.0,62.8,2400,0.0,0.0,16187,-530,86,discharging,None,None
17:52:21.766,parallel,8.2,711.0,452.0,13.8,1102.6,59.0,2400,0.0,0.0,16207,-636,86,discharging,None,None
17:52:22.598,parallel,8.4,711.0,452.0,59.2,1102.3,63.4,2400,0.0,0.0,16208,-475,86,discharging,None,None
17:52:23.102,parallel,8.4,759.2,329.8,71.3,1103.0,58.4,2400,0.0,0.0,16177,-633,86,discharging,None,None
17:52:23.605,parallel,8.4,759.2,329.8,2.5,1105.3,57.9,2400,0.0,0.0,16212,-539,86,discharging,None,None
17:52:24.109,parallel,7.0,407.3,329.8,82.7,1105.8,61.1,2400,0.0,0.0,16180,-547,86,discharging,None,None
17:52:24.612,parallel,7.0,407.3,170.6,37.5,1106.8,59.0,2400,0.0,0.0,16217,-617,86,discharging,None,None
17:52:25.124,parallel,8.4,407.3,170.6,49.3,1106.5,62.8,2400,0.0,0.0,16208,-541,86,discharging,None,None
17:52:25.628,parallel,8.4,398.8,170.6,57.9,1106.5,62.8,2400,0.0,0.0,16213,-574,86,discharging,None,None
17:52:26.133,parallel,8.3,398.8,163.4,25.5,1105.6,60.0,2400,0.0,0.0,16216,-551,86,discharging,None,None
17:52:26.637,parallel,8.3,402.7,163.4,72.2,1105.6,60.0,2400,0.0,0.0,16173,-596,86,discharging,None,None
17:52:27.140,parallel,8.3,402.7,162.9,36.9,1105.1,59.5,2400,0.0,0.0,16197,-613,86,discharging,None,None
17:52:27.648,parallel,8.3,402.7,162.9,72.4,1107.4,63.9,2400,0.0,0.0,16186,-571,86,discharging,None,None
17:52:28.151,parallel,8.3,414.9,162.9,13.1,1108.7,59.0,2400,0.0,0.0,16214,-558,86,discharging,None,None
17:52:28.659,parallel,8.3,414.9,166.9,67.0,1108.7,62.2,2400,0.0,0.0,16204,-542,86,discharging,None,None
17:52:29.163,parallel,8.3,403.5,166.9,52.0,1107.8,59.5,2400,0.0,0.0,16194,-616,86,discharging,None,None
17:52:29.670,parallel,8.3,403.5,166.9,14.0,1107.8,60.6,2400,0.0,0.0,16224,-526,86,discharging,None,None
17:52:30.174,parallel,8.3,403.5,347.5,100.0,1107.8,63.9,2400,0.0,0.0,16179,-578,86,discharging,None,None
17:52:30.678,parallel,8.3,530.0,347.5,16.6,1108.8,59.0,2400,0.0,0.0,16213,-633,86,discharging,None,None
17:52:31.194,parallel,8.3,530.0,347.5,32.4,1107.5,60.0,1600,0.0,0.0,16230,-462,86,discharging,None,None
17:52:31.698,parallel,8.3,530.0,424.5,100.0,1107.5,63.9,2400,0.0,0.0,16181,-564,86,discharging,None,None
17:52:32.202,parallel,8.4,729.3,424.5,17.0,1106.7,58.4,2400,0.0,0.0,16211,-625,86,discharging,None,None
17:52:32.711,parallel,8.4,729.3,424.5,28.1,1106.7,61.1,2400,0.0,0.0,16225,-481,86,discharging,None,None
17:52:33.215,parallel,8.4,650.7,429.7,99.5,1107.1,63.9,2400,0.0,0.0,16176,-602,86,discharging,None,None
17:52:33.719,parallel,8.3,650.7,429.7,6.1,1106.8,59.0,2400,0.0,0.0,16214,-626,86,discharging,None,None
17:52:34.227,parallel,8.3,650.7,429.7,42.8,1106.1,62.2,2400,0.0,0.0,16224,-480,86,discharging,None,None
17:52:34.772,parallel,8.2,420.0,366.5,90.0,1106.1,60.6,2400,0.0,0.0,16179,-620,86,discharging,None,None
17:52:35.280,parallel,8.2,420.0,366.5,10.4,1105.3,59.5,2400,0.0,0.0,16216,-610,86,discharging,None,None
17:52:35.784,parallel,8.2,406.3,366.5,75.2,1104.7,59.5,2400,0.0,0.0,16181,-576,86,discharging,None,None
17:52:36.287,parallel,7.3,406.3,178.2,37.7,1104.4,59.5,2400,0.0,0.0,16208,-610,86,discharging,None,None
17:52:36.795,parallel,7.3,406.3,178.2,69.5,1104.4,63.9,2400,0.0,0.0,16200,-542,86,discharging,None,None
17:52:37.298,parallel,8.3,412.2,178.2,16.3,1104.2,58.4,2400,0.0,0.0,16213,-565,86,discharging,None,None
17:52:37.807,parallel,8.3,412.2,159.2,64.5,1104.2,61.7,2400,0.0,0.0,16191,-549,86,discharging,None,None
17:52:38.311,parallel,8.3,411.4,159.2,55.4,1103.8,60.0,2400,0.0,0.0,16175,-616,86,discharging,None,None
17:52:38.819,parallel,8.3,411.4,159.2,21.0,1104.3,61.1,2400,0.0,0.0,16221,-558,86,discharging,None,None
17:52:39.323,parallel,8.3,436.6,187.8,99.5,1104.1,63.4,2400,0.0,0.0,16186,-560,86,discharging,None,None
17:52:39.827,parallel,8.3,436.6,187.8,3.0,1103.6,58.4,2400,0.0,0.0,16213,-620,86,discharging,None,None
17:52:40.339,parallel,8.3,436.6,187.8,47.1,1103.6,62.2,2400,0.0,0.0,16225,-486,86,discharging,None,None
17:52:40.843,parallel,8.3,698.5,487.1,95.5,1102.9,62.2,2400,0.0,0.0,16174,-599,86,discharging,None,None
17:52:41.346,parallel,8.3,698.5,487.1,2.0,1102.9,58.4,1600,0.0,0.0,16212,-635,86,discharging,None,None
17:52:41.859,parallel,8.3,698.5,487.1,49.8,1102.6,61.7,2400,0.0,0.0,16232,-452,86,discharging,None,None
17:52:42.363,parallel,8.3,722.9,444.3,97.1,1102.4,62.2,2400,0.0,0.0,16179,-567,86,discharging,None,None
17:52:42.866,parallel,8.3,722.9,444.3,2.0,1102.2,58.4,2400,0.0,0.0,16212,-633,86,discharging,None,None
17:52:43.375,parallel,8.4,722.9,444.3,48.5,1102.2,62.8,2400,0.0,0.0,16223,-481,86,discharging,None,None
17:52:43.878,parallel,8.4,560.1,325.6,81.9,1101.5,60.6,2400,0.0,0.0,16177,-603,86,discharging,None,None
17:52:44.382,parallel,8.3,560.1,325.6,1.5,1101.5,58.4,2400,0.0,0.0,16214,-620,86,discharging,None,None
17:52:44.891,parallel,8.3,560.1,325.6,79.0,1102.4,62.8,2400,0.0,0.0,16202,-510,86,discharging,None,None
17:52:45.395,parallel,8.3,411.1,173.3,42.9,1102.4,59.5,2400,0.0,0.0,16182,-618,86,discharging,None,None
17:52:45.903,parallel,8.3,411.1,173.3,39.5,1102.2,62.8,2400,0.0,0.0,16220,-549,86,discharging,None,None
17:52:46.407,parallel,8.3,410.8,173.3,58.4,1102.2,61.1,2400,0.0,0.0,16175,-557,86,discharging,None,None
17:52:46.911,parallel,8.3,410.8,159.2,32.7,1101.7,59.0,2400,0.0,0.0,16204,-618,86,discharging,None,None
17:52:47.415,parallel,8.3,399.8,159.2,82.2,1101.7,61.1,2400,0.0,0.0,16182,-582,86,discharging,None,None
17:52:47.918,parallel,8.3,399.8,164.8,35.9,1101.5,60.6,2400,0.0,0.0,16215,-567,86,discharging,None,None
17:52:48.429,parallel,7.9,399.8,164.8,61.7,1101.5,63.9,2400,0.0,0.0,16214,-542,86,discharging,None,None
17:52:48.932,parallel,7.9,399.4,164.8,22.7,1101.5,59.0,2400,0.0,0.0,16201,-611,86,discharging,None,None
17:52:49.440,parallel,8.3,399.4,162.2,60.1,1101.5,61.7,2400,0.0,0.0,16214,-575,86,discharging,None,None
17:52:49.944,parallel,8.3,399.4,162.2,58.5,1101.2,59.5,2400,0.0,0.0,16178,-612,86,discharging,None,None
17:52:50.452,parallel,8.4,399.4,162.2,6.4,1101.9,59.5,2400,0.0,0.0,16221,-562,86,discharging,None,None
17:52:50.959,parallel,8.4,399.4,458.8,100.0,1101.9,62.8,2400,0.0,0.0,16188,-507,86,discharging,None,None
17:52:51.463,parallel,8.4,620.1,458.8,40.3,1101.9,58.4,2400,0.0,0.0,16171,-650,86,discharging,None,None
17:52:51.971,parallel,8.3,620.1,458.8,6.6,1101.9,59.0,1600,0.0,0.0,16222,-553,86,discharging,None,None
17:52:52.486,parallel,8.3,620.1,458.8,100.0,1101.9,63.4,2400,0.0,0.0,16187,-492,86,discharging,None,None
17:52:52.990,parallel,8.3,831.5,658.7,61.2,1101.2,60.0,2400,0.0,0.0,16173,-662,86,discharging,None,None
17:52:53.493,parallel,8.3,831.5,658.7,1.5,1101.2,58.4,2400,0.0,0.0,16220,-587,86,discharging,None,None
17:52:54.005,parallel,8.3,425.9,658.7,84.7,1101.2,63.9,2400,0.0,0.0,16206,-478,86,discharging,None,None
17:52:54.509,parallel,8.3,425.9,202.0,35.0,1101.2,59.0,2400,0.0,0.0,16173,-617,86,discharging,None,None
17:52:55.013,parallel,8.3,425.9,202.0,44.0,1101.2,63.4,2400,0.0,0.0,16220,-555,86,discharging,None,None
17:52:55.517,parallel,8.3,394.6,202.0,71.3,1101.2,61.7,2400,0.0,0.0,16174,-553,86,discharging,None,None
17:52:56.025,parallel,8.3,394.6,169.0,11.9,1101.2,60.6,2400,0.0,0.0,16216,-614,86,discharging,None,None
17:52:56.528,parallel,8.3,392.7,169.0,75.1,1101.2,60.0,2400,0.0,0.0,16186,-566,86,discharging,None,None
17:52:57.032,parallel,8.3,392.7,159.2,36.3,1101.0,59.0,2400,0.0,0.0,16213,-569,86,discharging,None,None
17:52:57.540,parallel,8.3,392.7,159.2,70.4,1101.0,63.9,2400,0.0,0.0,16215,-541,86,discharging,None,None
17:52:58.043,parallel,8.3,399.3,159.2,14.0,1100.8,58.4,2400,0.0,0.0,16194,-596,86,discharging,None,None
17:52:58.551,parallel,8.3,399.3,162.1,67.0,1101.9,62.2,2400,0.0,0.0,16199,-584,86,discharging,None,None
17:52:59.055,parallel,8.3,576.8,162.1,60.6,1102.2,59.5,2400,0.0,0.0,16177,-609,86,discharging,None,None
17:52:59.563,parallel,8.3,576.8,162.1,23.9,1102.2,60.0,2400,0.0,0.0,16217,-567,86,discharging,None,None
17:53:00.067,parallel,7.9,576.8,159.5,71.9,1102.1,62.8,2400,0.0,0.0,16204,-491,86,discharging,None,None
17:53:00.570,parallel,7.9,406.4,159.5,25.7,1102.6,59.0,2400,0.0,0.0,16173,-614,86,discharging,None,None
17:53:01.079,parallel,7.9,406.4,159.7,53.0,1102.6,62.8,2400,0.0,0.0,16222,-537,86,discharging,None,None
17:53:01.582,parallel,8.3,409.7,159.7,64.7,1102.4,60.0,2400,0.0,0.0,16184,-614,86,discharging,None,None
17:53:02.086,parallel,8.3,409.7,159.7,2.0,1102.4,57.9,1900,0.0,0.0,16222,-533,86,discharging,None,None
17:53:02.599,parallel,8.2,409.7,159.7,83.8,1102.4,62.8,2400,0.0,0.0,16186,-519,86,discharging,None,None
17:53:03.102,parallel,8.2,678.3,455.8,56.9,1102.1,59.0,2400,0.0,0.0,16193,-633,86,discharging,None,None
17:53:03.606,parallel,8.2,678.3,455.8,2.0,1102.1,58.4,2400,0.0,0.0,16223,-519,86,discharging,None,None
17:53:04.131,parallel,8.5,678.3,455.8,89.3,1102.1,63.4,2400,0.0,0.0,16183,-547,86,discharging,None,None
17:53:04.635,parallel,8.5,656.3,386.0,43.0,1101.4,59.5,2400,0.0,0.0,16209,-637,86,discharging,None,None
17:53:05.143,parallel,8.3,656.3,386.0,5.5,1101.9,58.4,2400,0.0,0.0,16224,-495,86,discharging,None,None
17:53:05.647,parallel,8.3,656.3,386.0,100.0,1101.9,63.4,2400,0.0,0.0,16178,-570,86,discharging,None,None
17:53:06.150,parallel,8.3,599.2,389.7,36.1,1101.7,59.0,2400,0.0,0.0,16213,-647,86,discharging,None,None
17:53:06.659,parallel,8.3,599.2,389.7,28.7,1101.7,60.6,2400,0.0,0.0,16224,-505,86,discharging,None,None
17:53:07.164,parallel,8.3,398.0,157.8,86.3,1101.4,63.4,2400,0.0,0.0,16190,-585,86,discharging,None,None
17:53:07.668,parallel,8.3,398.0,157.8,4.5,1101.4,58.4,2400,0.0,0.0,16216,-589,86,discharging,None,None
17:53:08.171,parallel,8.3,392.6,157.8,81.7,1101.4,60.6,2400,0.0,0.0,16180,-572,86,discharging,None,None
17:53:08.675,parallel,8.2,392.6,159.6,37.3,1101.4,59.5,2400,0.0,0.0,16182,-611,86,discharging,None,None
17:53:09.183,parallel,8.2,392.6,159.6,53.8,1101.2,62.8,2400,0.0,0.0,16202,-542,86,discharging,None,None
17:53:09.687,parallel,8.4,394.8,159.6,30.6,1101.7,59.0,2400,0.0,0.0,16211,-553,86,discharging,None,None
17:53:10.195,parallel,8.4,394.8,167.2,53.3,1101.4,60.0,2400,0.0,0.0,16212,-546,86,discharging,None,None
17:53:10.699,parallel,8.4,390.5,167.2,64.7,1101.9,59.0,2400,0.0,0.0,16173,-611,86,discharging,None,None
17:53:11.207,parallel,8.3,390.5,167.2,33.0,1101.9,61.1,2400,0.0,0.0,16214,-570,86,discharging,None,None
17:53:11.710,parallel,8.3,403.1,169.6,91.1,1101.9,63.4,2400,0.0,0.0,16171,-591,86,discharging,None,None
17:53:12.214,parallel,7.9,403.1,169.6,5.0,1101.4,58.4,2400,0.0,0.0,16213,-605,86,discharging,None,None
17:53:12.727,parallel,7.9,403.1,169.6,53.4,1101.4,63.4,2400,0.0,0.0,16207,-497,86,discharging,None,None
17:53:13.230,parallel,7.9,601.6,405.0,79.7,1101.2,60.0,2400,0.0,0.0,16168,-638,86,discharging,None,None
17:53:13.734,parallel,8.3,601.6,405.0,2.5,1101.2,57.9,2400,0.0,0.0,16218,-583,86,discharging,None,None
17:53:14.242,parallel,8.3,601.6,405.0,66.5,1101.2,62.8,2400,0.0,0.0,16190,-485,86,discharging,None,None
17:53:14.746,parallel,8.3,752.7,498.8,87.1,1101.2,61.1,2400,0.0,0.0,16170,-660,86,discharging,None,None
17:53:15.249,parallel,8.3,752.7,498.8,2.5,1101.0,58.4,2400,0.0,0.0,16219,-593,86,discharging,None,None
17:53:15.756,parallel,8.3,752.7,498.8,59.6,1101.0,63.4,2400,0.0,0.0,16206,-483,86,discharging,None,None
17:53:16.259,parallel,8.3,549.2,350.9,74.8,1100.8,59.5,2400,0.0,0.0,16175,-638,86,discharging,None,None
17:53:16.763,parallel,8.3,549.2,350.9,2.0,1100.8,57.9,2400,0.0,0.0,16221,-572,86,discharging,None,None
17:53:17.266,parallel,8.3,394.7,350.9,82.7,1100.8,61.1,2400,0.0,0.0,16183,-535,86,discharging,None,None
17:53:17.770,parallel,8.3,394.7,158.0,36.3,1101.5,59.0,2400,0.0,0.0,16196,-612,86,discharging,None,None
17:53:18.279,parallel,8.3,394.7,158.0,54.2,1101.7,62.8,2400,0.0,0.0,16211,-539,86,discharging,None,None
17:53:18.783,parallel,8.3,403.2,158.0,51.2,1101.7,61.7,2400,0.0,0.0,16212,-554,86,discharging,None,None
17:53:19.295,parallel,8.3,403.2,173.1,32.3,1101.7,60.6,2400,0.0,0.0,16212,-562,86,discharging,None,None
17:53:19.798,parallel,8.3,399.9,173.1,66.8,1101.4,60.6,2400,0.0,0.0,16173,-615,86,discharging,None,None
17:53:20.302,parallel,8.3,399.9,191.2,40.3,1103.3,60.0,2400,0.0,0.0,16214,-596,86,discharging,None,None
17:53:20.806,parallel,8.3,399.4,191.2,78.7,1103.3,62.8,2400,0.0,0.0,16181,-569,86,discharging,None,None
17:53:21.309,parallel,8.3,399.4,191.2,6.0,1103.3,58.4,2400,0.0,0.0,16210,-575,86,discharging,None,None
17:53:21.815,parallel,8.4,399.4,169.6,74.0,1103.3,62.2,2400,0.0,0.0,16184,-540,86,discharging,None,None
17:53:22.319,parallel,8.4,411.3,169.6,46.0,1103.3,58.4,1900,0.0,0.0,16181,-617,86,discharging,None,None
17:53:22.828,parallel,8.4,411.3,169.6,6.9,1103.3,57.3,1600,0.0,0.0,16226,-518,86,discharging,None,None
17:53:23.502,parallel,8.2,411.3,169.6,100.0,1103.7,62.8,2400,0.0,0.0,16186,-508,86,discharging,None,None
17:53:24.006,parallel,8.2,824.8,706.5,34.7,1102.8,59.0,2400,0.0,0.0,16169,-682,86,discharging,None,None
17:53:24.515,parallel,8.2,824.8,706.5,12.1,1102.8,59.0,2400,0.0,0.0,16219,-566,86,discharging,None,None
17:53:25.023,parallel,6.0,824.8,706.5,100.0,1102.8,62.2,2400,0.0,0.0,16186,-754,86,discharging,None,None
17:53:25.527,parallel,6.0,630.5,440.4,31.5,1102.8,58.4,2400,0.0,0.0,16177,-650,86,discharging,None,None
17:53:26.035,parallel,8.3,630.5,440.4,31.0,1102.6,61.1,2400,0.0,0.0,16221,-501,86,discharging,None,None
17:53:26.539,parallel,8.3,406.1,173.1,88.7,1102.8,62.8,2400,0.0,0.0,16182,-531,86,discharging,None,None
17:53:27.042,parallel,8.3,406.1,173.1,4.5,1101.9,57.9,2400,0.0,0.0,16198,-617,86,discharging,None,None
17:53:27.546,parallel,8.3,408.9,173.1,83.6,1101.9,61.1,2400,0.0,0.0,16215,-539,86,discharging,None,None
17:53:28.050,parallel,8.3,408.9,159.2,36.6,1102.4,59.0,2400,0.0,0.0,16203,-558,86,discharging,None,None
17:53:28.562,parallel,8.3,408.9,159.2,52.5,1102.4,62.2,2400,0.0,0.0,16212,-539,86,discharging,None,None
17:53:29.069,parallel,8.3,399.2,159.2,32.7,1102.6,58.4,2400,0.0,0.0,16210,-554,86,discharging,None,None
17:53:29.576,parallel,8.3,399.2,154.4,50.0,1103.0,59.5,2400,0.0,0.0,16218,-547,86,discharging,None,None
17:53:30.080,parallel,8.3,400.0,154.4,67.8,1102.6,59.5,2400,0.0,0.0,16174,-612,86,discharging,None,None
17:53:30.588,parallel,8.3,400.0,154.4,29.9,1103.1,61.1,2400,0.0,0.0,16221,-570,86,discharging,None,None
17:53:31.093,parallel,8.3,398.8,168.6,85.6,1103.1,62.2,2400,0.0,0.0,16173,-574,86,discharging,None,None
17:53:31.596,parallel,8.3,398.8,168.6,6.9,1103.1,58.4,2400,0.0,0.0,16214,-595,86,discharging,None,None
17:53:32.107,parallel,8.4,398.8,168.6,58.3,1103.1,61.7,2400,0.0,0.0,16199,-510,86,discharging,None,None
17:53:32.610,parallel,8.4,555.5,357.0,73.8,1103.1,59.5,2400,0.0,0.0,16169,-636,86,discharging,None,None
17:53:33.115,parallel,8.3,555.5,357.0,3.0,1101.9,58.4,1600,0.0,0.0,16223,-565,86,discharging,None,None
17:53:33.627,parallel,8.3,555.5,357.0,72.7,1101.9,62.2,2400,0.0,0.0,16194,-468,86,discharging,None,None
17:53:34.131,parallel,8.3,707.6,460.8,70.9,1102.3,59.5,2400,0.0,0.0,16167,-635,86,discharging,None,None
17:53:34.634,parallel,8.3,707.6,460.8,2.0,1102.3,57.9,2400,0.0,0.0,16219,-568,86,discharging,None,None
17:53:35.147,parallel,8.3,707.6,460.8,74.3,1102.3,62.2,2400,0.0,0.0,16188,-500,86,discharging,None,None
17:53:35.650,parallel,8.3,612.5,576.2,70.7,1103.1,60.0,2400,0.0,0.0,16173,-649,86,discharging,None,None
17:53:36.154,parallel,8.3,612.5,576.2,2.5,1105.6,57.9,2400,0.0,0.0,16218,-561,86,discharging,None,None
17:53:36.658,parallel,8.0,400.7,576.2,82.5,1106.6,60.6,2400,0.0,0.0,16178,-552,86,discharging,None,None
17:53:37.162,parallel,8.0,400.7,166.7,36.5,1106.6,59.5,2400,0.0,0.0,16178,-632,86,discharging,None,None
17:53:37.671,parallel,8.0,400.7,166.7,56.2,1106.6,62.2,2400,0.0,0.0,16204,-556,86,discharging,None,None
17:53:38.174,parallel,8.3,404.1,166.7,28.1,1105.9,58.4,2400,0.0,0.0,16208,-571,86,discharging,None,None
17:53:38.683,parallel,8.3,404.1,178.8,57.9,1115.8,61.1,2400,0.0,0.0,16204,-574,86,discharging,None,None
17:53:39.186,parallel,8.3,399.4,178.8,64.7,1115.9,59.0,2400,0.0,0.0,16173,-623,86,discharging,None,None
17:53:39.694,parallel,8.3,399.4,178.8,26.9,1116.1,61.1,2400,0.0,0.0,16220,-557,86,discharging,None,None
17:53:40.197,parallel,8.3,397.6,168.9,90.5,1116.1,62.8,2400,0.0,0.0,16174,-565,86,discharging,None,None
17:53:40.701,parallel,8.3,397.6,168.9,4.0,1116.4,58.4,2400,0.0,0.0,16209,-611,86,discharging,None,None
17:53:41.211,parallel,8.3,397.6,168.9,56.0,1113.3,62.2,2400,0.0,0.0,16214,-503,86,discharging,None,None
17:53:41.714,parallel,8.3,625.4,438.5,83.3,1113.3,60.0,2400,0.0,0.0,16172,-633,86,discharging,None,None
17:53:42.218,parallel,8.3,625.4,438.5,3.0,1112.1,58.4,2400,0.0,0.0,16217,-600,86,discharging,None,None
17:53:42.727,parallel,8.3,625.4,438.5,62.7,1112.1,61.7,2400,0.0,0.0,16208,-477,86,discharging,None,None
17:53:43.231,parallel,8.3,729.6,503.0,85.8,1111.0,60.6,2400,0.0,0.0,16174,-639,86,discharging,None,None
17:53:43.735,parallel,8.3,729.6,503.0,1.5,1111.0,58.4,2400,0.0,0.0,16214,-605,86,discharging,None,None
17:53:44.243,parallel,8.4,729.6,503.0,59.8,1109.0,62.2,2400,0.0,0.0,16210,-479,86,discharging,None,None
17:53:44.746,parallel,8.4,484.2,266.6,63.2,1109.0,59.5,2400,0.0,0.0,16174,-618,86,discharging,None,None
17:53:45.255,parallel,8.3,484.2,266.6,6.0,1108.4,59.0,2400,0.0,0.0,16219,-568,86,discharging,None,None
17:53:45.760,parallel,8.3,395.5,266.6,79.8,1108.4,60.6,2400,0.0,0.0,16179,-543,86,discharging,None,None
17:53:46.264,parallel,8.3,395.5,164.0,32.5,1106.9,58.4,2400,0.0,0.0,16202,-611,86,discharging,None,None
17:53:46.771,parallel,8.3,395.5,164.0,69.8,1106.9,62.8,2400,0.0,0.0,16202,-541,86,discharging,None,None
17:53:47.274,parallel,8.3,397.7,170.7,47.2,1106.2,62.2,2400,0.0,0.0,16210,-558,86,discharging,None,None
17:53:47.786,parallel,8.3,397.7,170.7,36.8,1106.2,61.1,2400,0.0,0.0,16211,-557,86,discharging,None,None
17:53:48.290,parallel,8.3,398.3,170.7,57.6,1105.6,59.0,2400,0.0,0.0,16173,-620,86,discharging,None,None
17:53:48.793,parallel,7.9,398.3,215.4,45.5,1105.6,59.0,2400,0.0,0.0,16219,-573,86,discharging,None,None
17:53:49.297,parallel,7.9,393.5,215.4,81.9,1104.5,60.6,2400,0.0,0.0,16181,-536,86,discharging,None,None
17:53:49.800,parallel,7.9,393.5,215.4,2.0,1104.1,57.9,2400,0.0,0.0,16210,-566,86,discharging,None,None
17:53:50.313,parallel,8.3,393.5,158.6,83.2,1103.9,63.4,2400,0.0,0.0,16183,-535,86,discharging,None,None
17:53:50.817,parallel,8.3,418.3,158.6,35.6,1104.1,59.0,2400,0.0,0.0,16183,-613,86,discharging,None,None
17:53:51.328,parallel,8.4,418.3,158.6,17.2,1103.9,60.0,2400,0.0,0.0,16221,-534,86,discharging,None,None
17:53:51.832,parallel,8.4,418.3,521.2,100.0,1103.9,62.8,2400,0.0,0.0,16182,-538,86,discharging,None,None
17:53:52.335,parallel,8.3,706.3,521.2,33.2,1103.2,59.0,2400,0.0,0.0,16187,-659,86,discharging,None,None
17:53:52.844,parallel,8.3,706.3,521.2,14.4,1103.2,59.5,2400,0.0,0.0,16221,-529,86,discharging,None,None
17:53:53.351,parallel,8.3,706.3,521.2,100.0,1103.2,62.8,2400,0.0,0.0,16182,-536,86,discharging,None,None
17:53:53.855,parallel,8.3,721.5,500.1,34.5,1102.7,59.0,2400,0.0,0.0,16182,-663,86,discharging,None,None
17:53:54.363,parallel,8.3,721.5,500.1,13.5,1102.7,59.0,2400,0.0,0.0,16219,-533,86,discharging,None,None
17:53:54.867,parallel,8.3,431.6,500.1,100.0,1102.7,62.8,2400,0.0,0.0,16179,-539,86,discharging,None,None
17:53:55.370,parallel,8.3,431.6,221.2,10.6,1102.0,58.4,2400,0.0,0.0,16212,-619,86,discharging,None,None
17:53:55.879,parallel,8.3,431.6,221.2,68.7,1102.0,62.2,2400,0.0,0.0,16216,-532,86,discharging,None,None
17:53:56.387,parallel,8.4,399.1,158.6,48.8,1102.7,59.5,2400,0.0,0.0,16210,-581,86,discharging,None,None
17:53:56.895,parallel,8.4,399.1,158.6,32.8,1102.7,61.7,2400,0.0,0.0,16215,-568,86,discharging,None,None
17:53:57.398,parallel,8.3,398.3,158.6,51.7,1102.7,59.0,2400,0.0,0.0,16172,-586,86,discharging,None,None
17:53:57.902,parallel,8.3,398.3,165.2,36.0,1102.2,58.4,2400,0.0,0.0,16187,-613,86,discharging,None,None
17:53:58.405,parallel,8.3,396.4,165.2,82.0,1102.2,60.0,2400,0.0,0.0,16184,-559,86,discharging,None,None
17:53:58.912,parallel,8.3,396.4,165.2,18.8,1102.2,59.0,1500,0.0,0.0,16207,-552,86,discharging,None,None
17:53:59.416,parallel,8.3,396.4,192.0,80.6,1101.7,62.2,2400,0.0,0.0,16202,-523,86,discharging,None,None
17:53:59.920,parallel,8.3,399.2,192.0,34.3,1101.7,58.4,2400,0.0,0.0,16179,-606,86,discharging,None,None
17:54:00.428,parallel,8.3,399.2,215.7,43.6,1102.1,61.7,2400,0.0,0.0,16218,-543,86,discharging,None,None
17:54:00.931,parallel,7.9,467.7,215.7,77.6,1102.1,60.0,2400,0.0,0.0,16173,-580,86,discharging,None,None
17:54:01.435,parallel,7.9,467.7,215.7,1.5,1102.1,57.9,2400,0.0,0.0,16210,-619,86,discharging,None,None
17:54:01.947,parallel,7.9,467.7,215.7,68.6,1102.6,61.7,2400,0.0,0.0,16221,-482,86,discharging,None,None
17:54:02.450,parallel,8.2,752.0,546.7,83.7,1102.1,60.0,2400,0.0,0.0,16172,-616,86,discharging,None,None
17:54:02.954,parallel,8.2,752.0,546.7,1.5,1101.9,58.4,2400,0.0,0.0,16208,-635,86,discharging,None,None
17:54:03.467,parallel,8.4,752.0,546.7,62.7,1101.9,62.2,2400,0.0,0.0,16221,-484,86,discharging,None,None
17:54:03.970,parallel,8.4,635.6,408.1,70.1,1101.9,59.0,2400,0.0,0.0,16170,-612,86,discharging,None,None
17:54:04.474,parallel,8.4,635.6,408.1,1.5,1101.9,57.9,2400,0.0,0.0,16211,-619,86,discharging,None,None
17:54:04.980,parallel,8.4,397.4,408.1,78.2,1101.6,62.2,2400,0.0,0.0,16211,-484,86,discharging,None,None
17:54:05.483,parallel,8.4,397.4,175.8,40.5,1101.4,58.4,2400,0.0,0.0,16170,-614,86,discharging,None,None
17:54:05.992,parallel,8.3,397.4,175.8,41.8,1101.0,62.2,2400,0.0,0.0,16217,-566,86,discharging,None,None
17:54:06.496,parallel,8.3,413.8,175.8,69.3,1101.4,61.7,2400,0.0,0.0,16177,-556,86,discharging,None,None
17:54:07.004,parallel,8.3,413.8,160.4,10.6,1101.4,58.4,2400,0.0,0.0,16206,-616,86,discharging,None,None
17:54:07.508,parallel,8.3,395.6,160.4,81.2,1101.4,60.0,2400,0.0,0.0,16185,-556,86,discharging,None,None
17:54:08.012,parallel,8.3,395.6,161.1,36.2,1101.4,59.0,2400,0.0,0.0,16208,-563,86,discharging,None,None
17:54:08.520,parallel,8.3,395.6,161.1,64.5,1101.4,62.2,2400,0.0,0.0,16210,-543,86,discharging,None,None
17:54:09.023,parallel,8.3,402.9,161.1,19.6,1100.7,57.9,1900,0.0,0.0,16181,-604,86,discharging,None,None
17:54:09.531,parallel,8.2,402.9,186.8,65.2,1100.7,61.7,2400,0.0,0.0,16210,-569,86,discharging,None,None
17:54:10.034,parallel,8.2,399.2,186.8,56.9,1100.7,59.0,2400,0.0,0.0,16175,-582,86,discharging,None,None
17:54:10.543,parallel,8.4,399.2,186.8,14.1,1101.5,60.0,2400,0.0,0.0,16215,-560,86,discharging,None,None
17:54:11.047,parallel,8.4,399.2,227.9,99.0,1101.7,63.4,2400,0.0,0.0,16183,-521,86,discharging,None,None
17:54:11.551,parallel,8.4,475.2,227.9,11.9,1102.0,58.4,2400,0.0,0.0,16190,-624,86,discharging,None,None
17:54:12.063,parallel,8.3,475.2,227.9,45.6,1102.1,60.6,2400,0.0,0.0,16215,-532,86,discharging,None,None
17:54:12.568,parallel,8.3,475.2,495.5,100.0,1102.5,63.4,2400,0.0,0.0,16179,-553,86,discharging,None,None
17:54:13.072,parallel,7.9,710.9,495.5,10.0,1102.3,59.5,2400,0.0,0.0,16189,-658,86,discharging,None,None
17:54:13.580,parallel,7.9,710.9,495.5,39.5,1102.3,61.1,2400,0.0,0.0,16220,-521,86,discharging,None,None
17:54:14.084,parallel,7.9,710.9,388.0,100.0,1102.3,62.8,2400,0.0,0.0,16180,-544,86,discharging,None,None
17:54:14.588,parallel,8.3,709.0,388.0,7.5,1102.1,58.4,2400,0.0,0.0,16194,-651,86,discharging,None,None
17:54:15.096,parallel,8.3,709.0,388.0,40.2,1101.8,60.6,2400,0.0,0.0,16218,-514,86,discharging,None,None
17:54:15.600,parallel,8.3,546.6,322.0,86.5,1101.6,60.6,2400,0.0,0.0,16176,-550,86,discharging,None,None
17:54:16.103,parallel,8.3,546.6,322.0,0.0,1101.6,58.4,2400,0.0,0.0,16207,-623,86,discharging,None,None
17:54:16.610,parallel,8.3,363.7,322.0,71.6,1101.6,62.2,2400,0.0,0.0,16220,-519,86,discharging,None,None
17:54:17.114,parallel,8.3,363.7,153.9,36.0,1101.2,58.4,2400,0.0,0.0,16196,-594,86,discharging,None,None
17:54:17.619,parallel,8.3,363.7,153.9,41.3,1101.2,62.2,2400,0.0,0.0,16208,-530,86,discharging,None,None
17:54:18.128,parallel,8.3,362.7,153.9,44.9,1101.4,59.5,2400,0.0,0.0,16210,-540,86,discharging,None,None
17:54:18.633,parallel,8.3,362.7,151.4,32.8,1101.4,59.5,2400,0.0,0.0,16210,-540,86,discharging,None,None
17:54:19.137,parallel,8.3,364.4,151.4,63.4,1101.2,59.0,2400,0.0,0.0,16173,-592,86,discharging,None,None
17:54:19.641,parallel,8.3,364.4,174.7,36.3,1101.2,58.4,2400,0.0,0.0,16215,-570,86,discharging,None,None
17:54:20.144,parallel,8.3,363.2,174.7,75.1,1100.9,61.7,2400,0.0,0.0,16177,-570,86,discharging,None,None
17:54:20.648,parallel,8.3,363.2,174.7,0.0,1101.9,56.8,2400,0.0,0.0,16217,-544,86,discharging,None,None
17:54:21.155,parallel,8.3,363.2,232.4,70.3,1101.9,61.7,2400,0.0,0.0,16181,-508,86,discharging,None,None
17:54:21.659,parallel,8.3,446.5,232.4,42.6,1101.9,58.4,2400,0.0,0.0,16204,-605,86,discharging,None,None
17:54:22.172,parallel,8.3,446.5,232.4,1.5,1101.9,57.3,2400,0.0,0.0,16221,-503,86,discharging,None,None
17:54:22.678,parallel,8.3,446.5,408.7,100.0,1101.9,62.2,2400,0.0,0.0,16174,-555,86,discharging,None,None
17:54:23.182,parallel,8.3,669.5,408.7,31.5,1102.7,58.4,2400,0.0,0.0,16209,-639,86,discharging,None,None
17:54:23.691,parallel,8.3,669.5,408.7,12.4,1102.9,59.0,2400,0.0,0.0,16222,-481,86,discharging,None,None
17:54:24.196,parallel,8.3,669.5,408.7,100.0,1103.0,62.2,2400,0.0,0.0,16174,-577,86,discharging,None,None
17:54:24.699,parallel,8.3,587.4,376.4,10.9,1103.0,57.9,1500,0.0,0.0,16211,-619,86,discharging,None,None
17:54:25.207,parallel,8.3,587.4,376.4,38.3,1103.0,60.6,2400,0.0,0.0,16228,-441,86,discharging,None,None
17:54:25.710,parallel,8.3,378.1,149.8,71.8,1103.0,59.0,2400,0.0,0.0,16180,-562,86,discharging,None,None
17:54:26.219,parallel,8.3,378.1,149.8,4.5,1102.3,58.4,2400,0.0,0.0,16220,-561,86,discharging,None,None
17:54:26.722,parallel,8.3,364.7,149.8,70.0,1102.3,59.0,2400,0.0,0.0,16171,-537,86,discharging,None,None
17:54:27.226,parallel,8.3,364.7,151.4,32.3,1102.3,57.3,2400,0.0,0.0,16205,-594,86,discharging,None,None
17:54:27.730,parallel,8.3,370.2,151.4,74.1,1102.3,61.7,2400,0.0,0.0,16181,-558,86,discharging,None,None
17:54:28.239,parallel,8.3,370.2,151.4,23.9,1102.1,60.6,2400,0.0,0.0,16212,-545,86,discharging,None,None
17:54:28.743,parallel,8.3,370.2,151.3,54.0,1102.1,62.2,2400,0.0,0.0,16208,-532,86,discharging,None,None
17:54:29.247,parallel,8.3,368.1,151.3,32.3,1101.9,57.3,2400,0.0,0.0,16209,-589,86,discharging,None,None
17:54:29.755,parallel,8.3,368.1,151.4,43.1,1101.9,60.0,2400,0.0,0.0,16203,-553,86,discharging,None,None
17:54:30.259,parallel,8.3,367.9,151.4,64.0,1101.8,58.4,1900,0.0,0.0,16171,-594,86,discharging,None,None
17:54:30.763,parallel,8.3,367.9,151.4,0.5,1102.8,56.8,1500,0.0,0.0,16225,-519,86,discharging,None,None
17:54:31.275,parallel,8.3,367.9,151.4,86.7,1102.8,62.2,2400,0.0,0.0,16193,-463,86,discharging,None,None
17:54:31.778,parallel,8.3,657.6,499.4,53.0,1102.1,58.4,2400,0.0,0.0,16171,-621,86,discharging,None,None
17:54:32.282,parallel,8.3,657.6,499.4,0.0,1102.1,56.8,2400,0.0,0.0,16220,-537,86,discharging,None,None
17:54:32.794,parallel,8.3,657.6,499.4,91.6,1102.1,62.2,2400,0.0,0.0,16179,-520,86,discharging,None,None
17:54:33.298,parallel,8.3,617.8,392.0,34.0,1101.9,57.9,2400,0.0,0.0,16200,-623,86,discharging,None,None
17:54:33.804,parallel,8.3,617.8,392.0,12.4,1101.4,58.4,2400,0.0,0.0,16222,-500,86,discharging,None,None
17:54:34.307,parallel,8.3,363.4,149.4,95.0,1101.4,60.6,2400,0.0,0.0,16173,-555,86,discharging,None,None
17:54:34.811,parallel,8.3,363.4,149.4,0.0,1101.2,56.8,2400,0.0,0.0,16213,-594,86,discharging,None,None
17:54:35.314,parallel,8.3,361.2,149.4,75.1,1101.2,60.0,2400,0.0,0.0,16182,-541,86,discharging,None,None
17:54:35.818,parallel,8.3,361.2,147.9,32.3,1101.2,58.4,2400,0.0,0.0,16186,-592,86,discharging,None,None
17:54:36.327,parallel,8.3,361.2,147.9,49.8,1101.2,61.1,2400,0.0,0.0,16220,-508,86,discharging,None,None
17:54:36.832,parallel,8.3,384.9,147.9,29.7,1101.9,57.3,2400,0.0,0.0,16205,-521,86,discharging,None,None
17:54:37.337,parallel,8.3,384.9,152.8,48.3,1101.9,59.5,2400,0.0,0.0,16210,-557,86,discharging,None,None
17:54:37.841,parallel,8.3,363.1,152.8,59.0,1101.9,58.4,2400,0.0,0.0,16172,-594,86,discharging,None,None
17:54:38.347,parallel,8.3,363.1,151.4,32.5,1101.6,60.6,2400,0.0,0.0,16218,-548,86,discharging,None,None
17:54:38.851,parallel,8.3,364.5,151.4,75.1,1101.2,60.0,2400,0.0,0.0,16170,-565,86,discharging,None,None
17:54:39.354,parallel,8.3,364.5,151.4,0.0,1101.2,57.3,2400,0.0,0.0,16213,-583,86,discharging,None,None
17:54:39.867,parallel,8.3,364.5,151.4,65.4,1101.6,61.1,2400,0.0,0.0,16202,-490,86,discharging,None,None
17:54:40.370,parallel,8.3,602.3,431.6,67.2,1102.1,59.0,2400,0.0,0.0,16167,-637,86,discharging,None,None
17:54:40.874,parallel,8.3,602.3,431.6,0.0,1101.9,57.3,2400,0.0,0.0,16219,-573,86,discharging,None,None
17:54:41.387,parallel,8.3,602.3,431.6,77.3,1101.9,61.1,2400,0.0,0.0,16185,-474,86,discharging,None,None
17:54:41.890,parallel,8.3,725.7,508.6,68.3,1101.2,59.0,2400,0.0,0.0,16169,-645,86,discharging,None,None
17:54:42.394,parallel,8.3,725.7,508.6,0.0,1101.2,58.4,2400,0.0,0.0,16218,-569,86,discharging,None,None
17:54:42.907,parallel,8.3,368.6,508.6,76.7,1101.2,61.1,2400,0.0,0.0,16192,-482,86,discharging,None,None
17:54:43.411,parallel,8.3,368.6,172.9,30.5,1101.0,57.9,2400,0.0,0.0,16187,-596,86,discharging,None,None
17:54:43.919,parallel,8.3,368.6,172.9,45.8,1101.0,61.1,2400,0.0,0.0,16219,-533,86,discharging,None,None
17:54:44.422,parallel,8.3,366.2,155.1,61.6,1101.0,61.1,2400,0.0,0.0,16192,-540,86,discharging,None,None
17:54:44.935,parallel,8.3,366.2,155.1,14.9,1101.0,59.5,2400,0.0,0.0,16209,-573,86,discharging,None,None
17:54:45.439,parallel,8.3,362.8,155.1,59.7,1101.0,58.4,2400,0.0,0.0,16172,-591,85,discharging,None,None
17:54:45.942,parallel,8.3,362.8,151.9,32.7,1101.2,57.9,2400,0.0,0.0,16206,-591,85,discharging,None,None
17:54:46.446,parallel,8.3,376.0,151.9,79.1,1101.2,58.4,1900,0.0,0.0,16181,-546,85,discharging,None,None
17:54:46.949,parallel,8.3,376.0,151.9,0.0,1101.2,57.3,2400,0.0,0.0,16213,-525,85,discharging,None,None
17:54:47.456,parallel,8.3,376.0,151.2,84.7,1101.2,61.7,2400,0.0,0.0,16195,-513,85,discharging,None,None
17:54:47.960,parallel,8.3,370.9,151.2,22.9,1101.0,57.9,2400,0.0,0.0,16196,-593,85,discharging,None,None
17:54:48.470,parallel,8.3,370.9,151.2,32.2,1101.4,60.0,2400,0.0,0.0,16221,-510,85,discharging,None,None
17:54:48.974,parallel,8.3,575.3,439.1,97.0,1101.4,61.1,2400,0.0,0.0,16171,-566,85,discharging,None,None
17:54:49.478,parallel,8.3,575.3,439.1,0.0,1101.4,57.9,2400,0.0,0.0,16207,-632,85,discharging,None,None
17:54:49.988,parallel,8.3,575.3,439.1,48.8,1101.6,60.6,2400,0.0,0.0,16221,-478,85,discharging,None,None
17:54:50.491,parallel,8.3,620.0,474.0,89.4,1102.8,60.0,2400,0.0,0.0,16171,-595,85,discharging,None,None
17:54:50.995,parallel,8.3,620.0,474.0,0.0,1102.4,57.3,2400,0.0,0.0,16210,-628,85,discharging,None,None
17:54:51.502,parallel,8.3,620.0,474.0,66.8,1102.3,60.0,2400,0.0,0.0,16214,-493,85,discharging,None,None
17:54:52.006,parallel,8.3,379.3,148.3,43.3,1102.1,57.9,2400,0.0,0.0,16194,-584,85,discharging,None,None
17:54:52.515,parallel,8.3,379.3,148.3,33.3,1102.1,60.6,2400,0.0,0.0,16219,-536,85,discharging,None,None
17:54:53.019,parallel,8.3,363.2,148.3,51.0,1101.7,58.4,2400,0.0,0.0,16171,-537,85,discharging,None,None
17:54:53.531,parallel,8.3,363.2,151.9,27.1,1101.7,57.9,2400,0.0,0.0,16197,-594,85,discharging,None,None
17:54:54.034,parallel,8.3,363.2,151.9,70.9,1101.5,59.5,2400,0.0,0.0,16175,-571,85,discharging,None,None
17:54:54.538,parallel,8.3,363.2,151.2,32.3,1101.5,59.0,2400,0.0,0.0,16213,-538,85,discharging,None,None
17:54:55.046,parallel,8.3,362.7,151.2,73.5,1101.5,62.8,2400,0.0,0.0,16199,-530,85,discharging,None,None
17:54:55.550,parallel,8.3,362.7,151.2,2.0,1101.5,57.3,2400,0.0,0.0,16208,-593,85,discharging,None,None
17:54:56.059,parallel,8.3,362.7,151.4,74.8,1101.5,62.2,2400,0.0,0.0,16207,-537,85,discharging,None,None
17:54:56.563,parallel,8.3,367.8,151.4,32.5,1101.2,57.9,1900,0.0,0.0,16170,-593,85,discharging,None,None
17:54:57.075,parallel,8.3,367.8,151.4,13.8,1101.2,57.3,1600,0.0,0.0,16223,-527,85,discharging,None,None
17:54:57.579,parallel,8.3,367.8,544.5,100.0,1101.2,61.1,2400,0.0,0.0,16191,-471,85,discharging,None,None
17:54:58.082,parallel,8.3,740.0,544.5,35.1,1102.6,57.9,2400,0.0,0.0,16167,-633,85,discharging,None,None
17:54:58.591,parallel,8.3,740.0,544.5,8.0,1102.6,59.0,2400,0.0,0.0,16218,-546,85,discharging,None,None
17:54:59.102,parallel,8.3,740.0,544.5,100.0,1102.6,62.2,2400,0.0,0.0,16177,-508,85,discharging,None,None
17:54:59.606,parallel,8.3,604.0,371.2,17.7,1102.4,57.3,2400,0.0,0.0,16190,-623,85,discharging,None,None
17:55:00.115,parallel,8.3,604.0,371.2,33.0,1101.9,60.0,2400,0.0,0.0,16219,-512,85,discharging,None,None
17:55:00.618,parallel,87.2,386.8,162.0,81.8,1103.8,58.4,2400,0.0,0.0,16172,-548,85,discharging,None,None
17:55:01.122,parallel,87.2,386.8,162.0,2.0,1103.8,56.8,2400,0.0,0.0,16206,-607,85,discharging,None,None
17:55:01.626,parallel,8.3,394.6,162.0,82.2,1103.8,59.0,2400,0.0,0.0,16189,-545,85,discharging,None,None
17:55:02.129,parallel,8.3,394.6,183.8,38.1,1103.5,57.9,2400,0.0,0.0,16198,-605,85,discharging,None,None
17:55:02.636,parallel,8.3,394.6,183.8,61.2,1105.8,61.7,2400,0.0,0.0,16220,-530,85,discharging,None,None
17:55:03.140,parallel,8.3,415.7,183.8,34.5,1105.4,59.5,2400,0.0,0.0,16173,-541,85,discharging,None,None
17:55:03.647,parallel,8.3,415.7,163.7,46.8,1105.4,60.6,2400,0.0,0.0,16180,-591,85,discharging,None,None
17:55:04.151,parallel,8.3,395.6,163.7,62.4,1105.1,57.9,2400,0.0,0.0,16175,-590,85,discharging,None,None
17:55:04.654,parallel,8.3,395.6,170.8,38.0,1105.1,60.0,2400,0.0,0.0,16212,-553,85,discharging,None,None
17:55:05.158,parallel,8.4,395.4,170.8,81.6,1105.1,61.7,2400,0.0,0.0,16203,-540,85,discharging,None,None
17:55:05.662,parallel,8.4,395.4,170.8,2.0,1105.5,57.9,2400,0.0,0.0,16206,-614,85,discharging,None,None
17:55:06.171,parallel,8.4,395.4,241.9,67.2,1104.6,61.1,2400,0.0,0.0,16219,-525,85,discharging,None,None
17:55:06.675,parallel,8.3,490.7,241.9,57.1,1104.6,59.0,2400,0.0,0.0,16167,-610,85,discharging,None,None
17:55:07.178,parallel,8.3,490.7,241.9,1.5,1104.1,57.3,2400,0.0,0.0,16214,-600,85,discharging,None,None
17:55:07.691,parallel,8.2,490.7,241.9,88.6,1104.1,61.7,2400,0.0,0.0,16206,-474,85,discharging,None,None
17:55:08.194,parallel,8.2,762.5,529.8,65.0,1104.6,58.4,2400,0.0,0.0,16173,-608,85,discharging,None,None
17:55:08.867,parallel,8.5,762.5,529.8,7.9,1104.2,57.3,2400,0.0,0.0,16217,-528,85,discharging,None,None
17:55:09.379,parallel,8.5,762.5,358.0,99.5,1104.2,62.2,2400,0.0,0.0,16180,-518,85,discharging,None,None
17:55:09.882,parallel,8.5,642.1,358.0,30.3,1103.4,58.4,2400,0.0,0.0,16187,-640,85,discharging,None,None
17:55:10.392,parallel,7.9,642.1,358.0,16.5,1103.4,59.0,2400,0.0,0.0,16217,-528,85,discharging,None,None
17:55:10.899,parallel,7.9,642.1,358.0,100.0,1104.6,61.7,2400,0.0,0.0,16176,-534,85,discharging,None,None
17:55:11.403,parallel,8.3,690.6,474.8,32.2,1104.1,57.3,2400,0.0,0.0,16175,-659,85,discharging,None,None
17:55:11.911,parallel,8.3,690.6,474.8,22.0,1104.1,58.4,2400,0.0,0.0,16218,-531,85,discharging,None,None
17:55:12.414,parallel,8.3,393.3,165.1,93.1,1103.9,61.7,2400,0.0,0.0,16177,-546,85,discharging,None,None
17:55:12.918,parallel,8.3,393.3,165.1,3.5,1103.2,57.3,2400,0.0,0.0,16210,-611,85,discharging,None,None
17:55:13.421,parallel,8.3,401.5,165.1,82.1,1103.2,61.1,2400,0.0,0.0,16199,-542,85,discharging,None,None
17:55:13.925,parallel,8.4,401.5,166.1,36.0,1103.0,59.0,2400,0.0,0.0,16208,-586,85,discharging,None,None
17:55:14.432,parallel,8.4,401.5,166.1,47.3,1103.0,61.1,2400,0.0,0.0,16214,-543,85,discharging,None,None
17:55:14.935,parallel,8.3,394.4,166.1,36.2,1102.7,57.9,2400,0.0,0.0,16171,-577,85,discharging,None,None
17:55:15.443,parallel,8.3,394.4,172.0,47.0,1102.7,59.5,2400,0.0,0.0,16178,-609,85,discharging,None,None
17:55:15.947,parallel,8.3,395.5,172.0,72.8,1102.0,59.5,2400,0.0,0.0,16176,-584,85,discharging,None,None
17:55:16.455,parallel,8.3,395.5,172.0,22.6,1102.0,59.5,2400,0.0,0.0,16210,-553,85,discharging,None,None
17:55:16.960,parallel,8.3,395.5,159.7,86.6,1102.0,62.2,2400,0.0,0.0,16200,-540,85,discharging,None,None
17:55:17.463,parallel,8.3,400.3,159.7,10.4,1101.8,57.3,2400,0.0,0.0,16199,-612,85,discharging,None,None
17:55:17.976,parallel,8.3,400.3,159.7,53.9,1101.8,61.7,2400,0.0,0.0,16218,-509,85,discharging,None,None
17:55:18.480,parallel,8.3,576.4,395.5,81.7,1101.8,59.5,2400,0.0,0.0,16173,-571,85,discharging,None,None
17:55:18.983,parallel,8.3,576.4,395.5,2.0,1101.8,57.3,2400,0.0,0.0,16205,-624,85,discharging,None,None
17:55:19.494,parallel,8.3,576.4,395.5,63.5,1102.7,62.2,2400,0.0,0.0,16217,-481,85,discharging,None,None
17:55:19.998,parallel,8.2,732.5,496.3,85.1,1102.5,59.5,2400,0.0,0.0,16170,-602,85,discharging,None,None
17:55:20.502,parallel,8.2,732.5,496.3,1.5,1104.4,57.3,2400,0.0,0.0,16205,-642,85,discharging,None,None
17:55:21.097,parallel,8.4,732.5,496.3,66.4,1104.4,61.7,2400,0.0,0.0,16183,-504,85,discharging,None,None
17:55:21.601,parallel,8.4,859.2,433.5,96.1,1104.4,61.7,2400,0.0,0.0,16168,-671,85,discharging,None,None
17:55:22.104,parallel,8.4,859.2,433.5,1.5,1104.1,57.3,2400,0.0,0.0,16209,-594,85,discharging,None,None
17:55:22.613,parallel,7.3,859.2,433.5,50.0,1104.1,61.7,2400,0.0,0.0,16207,-477,85,discharging,None,None
17:55:23.117,parallel,7.3,446.5,239.2,74.1,1103.6,60.0,2400,0.0,0.0,16169,-622,85,discharging,None,None
17:55:23.629,parallel,8.3,446.5,239.2,4.5,1103.6,57.3,2400,0.0,0.0,16216,-573,85,discharging,None,None
17:55:24.133,parallel,8.3,394.9,239.2,78.3,1103.3,59.0,2400,0.0,0.0,16173,-552,85,discharging,None,None
17:55:24.636,parallel,8.3,394.9,171.6,38.0,1103.3,57.9,2400,0.0,0.0,16196,-613,85,discharging,None,None
17:55:25.144,parallel,8.3,394.9,171.6,67.5,1104.7,62.2,2400,0.0,0.0,16187,-549,85,discharging,None,None
17:55:25.648,parallel,8.3,393.3,171.6,37.0,1104.2,59.5,2400,0.0,0.0,16208,-553,85,discharging,None,None
17:55:26.152,parallel,8.3,393.3,163.2,44.8,1104.2,61.1,2400,0.0,0.0,16210,-544,85,discharging,None,None
17:55:26.656,parallel,8.3,395.2,163.2,52.5,1104.2,58.4,2400,0.0,0.0,16174,-612,85,discharging,None,None
17:55:27.159,parallel,8.3,395.2,160.7,36.3,1103.6,60.0,2400,0.0,0.0,16209,-589,85,discharging,None,None
17:55:27.663,parallel,8.3,401.4,160.7,82.1,1103.6,60.0,2400,0.0,0.0,16172,-594,85,discharging,None,None
17:55:28.167,parallel,8.4,401.4,160.7,2.5,1103.2,56.8,1600,0.0,0.0,16216,-554,85,discharging,None,None
17:55:28.675,parallel,8.4,401.4,246.5,80.6,1103.2,61.1,2400,0.0,0.0,16188,-486,85,discharging,None,None
17:55:29.178,parallel,8.4,473.1,246.5,45.1,1102.4,57.3,2400,0.0,0.0,16183,-599,85,discharging,None,None
17:55:29.688,parallel,8.3,473.1,246.5,2.0,1102.4,56.8,2400,0.0,0.0,16216,-528,85,discharging,None,None
17:55:30.198,parallel,8.3,473.1,246.5,100.0,1102.4,62.2,2400,0.0,0.0,16178,-536,85,discharging,None,None
17:55:30.702,parallel,8.3,750.8,540.9,49.8,1104.7,57.9,2400,0.0,0.0,16168,-668,85,discharging,None,None
17:55:31.205,parallel,8.3,750.8,540.9,2.0,1104.7,58.4,2400,0.0,0.0,16214,-537,85,discharging,None,None
17:55:31.718,parallel,8.3,750.8,540.9,95.6,1104.7,61.7,2400,0.0,0.0,16175,-526,85,discharging,None,None
17:55:32.222,parallel,8.2,635.2,399.6,36.8,1104.6,58.4,2400,0.0,0.0,16189,-635,85,discharging,None,None
17:55:32.732,parallel,8.2,635.2,399.6,14.4,1104.6,59.0,2400,0.0,0.0,16214,-515,85,discharging,None,None
17:55:33.243,parallel,8.4,575.1,399.6,92.6,1103.6,60.0,2400,0.0,0.0,16172,-556,85,discharging,None,None
17:55:33.746,parallel,8.4,575.1,179.4,36.9,1103.6,57.9,2400,0.0,0.0,16184,-646,85,discharging,None,None
17:55:34.255,parallel,8.4,575.1,179.4,42.5,1103.4,62.2,2400,0.0,0.0,16216,-513,85,discharging,None,None
17:55:34.759,parallel,7.6,407.7,179.4,70.9,1103.4,61.7,2400,0.0,0.0,16176,-554,85,discharging,None,None
17:55:35.271,parallel,7.6,407.7,171.8,12.9,1102.8,58.4,2400,0.0,0.0,16206,-599,85,discharging,None,None
17:55:35.774,parallel,8.3,395.4,171.8,78.2,1102.8,59.5,2400,0.0,0.0,16177,-598,85,discharging,None,None
17:55:36.278,parallel,8.3,395.4,157.7,36.0,1103.1,58.4,2400,0.0,0.0,16210,-596,85,discharging,None,None
17:55:36.783,parallel,8.3,395.4,157.7,68.2,1103.1,63.9,2400,0.0,0.0,16201,-538,85,discharging,None,None
17:55:37.286,parallel,8.3,394.2,157.7,17.3,1104.5,58.4,2400,0.0,0.0,16205,-570,85,discharging,None,None
17:55:37.795,parallel,8.3,394.2,159.4,65.7,1105.3,60.6,2400,0.0,0.0,16175,-565,85,discharging,None,None
17:55:38.298,parallel,8.3,404.7,159.4,53.7,1105.1,57.9,2400,0.0,0.0,16163,-630,85,discharging,None,None
17:55:38.807,parallel,8.3,404.7,159.4,21.9,1105.1,59.0,2400,0.0,0.0,16216,-561,85,discharging,None,None
17:55:39.313,parallel,8.3,404.7,261.5,100.0,1105.7,62.8,2400,0.0,0.0,16179,-538,85,discharging,None,None
17:55:39.817,parallel,8.3,490.5,261.5,9.5,1108.2,57.9,2400,0.0,0.0,16202,-623,85,discharging,None,None
17:55:40.330,parallel,8.3,490.5,261.5,38.4,1107.3,60.6,2400,0.0,0.0,16218,-489,85,discharging,None,None
17:55:40.835,parallel,8.3,490.5,485.8,100.0,1107.3,62.8,2400,0.0,0.0,16169,-574,85,discharging,None,None
17:55:41.338,parallel,8.3,716.9,485.8,8.9,1107.0,57.9,2400,0.0,0.0,16205,-655,85,discharging,None,None
17:55:41.843,parallel,8.4,716.9,485.8,39.1,1107.0,61.7,2400,0.0,0.0,16217,-486,85,discharging,None,None
17:55:42.354,parallel,8.4,716.9,499.3,100.0,1107.0,62.2,2400,0.0,0.0,16173,-575,85,discharging,None,None
17:55:42.858,parallel,8.3,719.4,499.3,9.9,1104.7,57.9,2400,0.0,0.0,16204,-657,85,discharging,None,None
17:55:43.364,parallel,8.3,719.4,499.3,39.1,1104.4,61.7,2400,0.0,0.0,16217,-488,85,discharging,None,None
17:55:43.867,parallel,8.3,439.5,207.8,82.1,1103.7,60.0,2400,0.0,0.0,16169,-578,85,discharging,None,None
17:55:44.372,parallel,8.3,439.5,207.8,2.5,1103.7,57.9,2400,0.0,0.0,16207,-618,85,discharging,None,None
17:55:44.875,parallel,8.3,399.3,207.8,82.7,1103.0,59.5,2400,0.0,0.0,16179,-536,85,discharging,None,None
17:55:45.379,parallel,8.3,399.3,346.8,49.0,1103.0,59.0,2400,0.0,0.0,16179,-622,85,discharging,None,None
17:55:45.891,parallel,8.3,399.3,346.8,54.5,1103.0,62.2,2400,0.0,0.0,16213,-559,85,discharging,None,None
17:55:46.395,parallel,8.0,411.2,346.8,32.5,1103.0,58.4,2400,0.0,0.0,16176,-564,85,discharging,None,None
17:55:46.903,parallel,8.0,411.2,162.7,50.5,1104.7,59.5,2400,0.0,0.0,16199,-595,85,discharging,None,None
17:55:47.407,parallel,8.0,398.3,162.7,67.6,1104.2,58.4,2400,0.0,0.0,16173,-595,85,discharging,None,None
17:55:47.915,parallel,8.3,398.3,162.7,10.0,1103.6,58.4,2400,0.0,0.0,16210,-555,85,discharging,None,None
17:55:48.419,parallel,8.3,398.3,172.3,100.0,1103.6,61.7,2400,0.0,0.0,16179,-529,85,discharging,None,None
17:55:48.922,parallel,8.3,420.3,172.3,11.4,1103.3,57.3,1900,0.0,0.0,16200,-613,85,discharging,None,None
17:55:49.435,parallel,8.3,420.3,172.3,39.4,1103.3,60.0,2400,0.0,0.0,16221,-492,85,discharging,None,None
17:55:49.938,parallel,8.3,669.2,427.2,98.5,1102.9,61.7,2400,0.0,0.0,16176,-525,85,discharging,None,None
17:55:50.442,parallel,8.3,669.2,427.2,3.0,1102.8,57.3,2400,0.0,0.0,16202,-624,85,discharging,None,None
17:55:50.955,parallel,8.3,669.2,427.2,47.1,1102.9,60.0,2400,0.0,0.0,16219,-489,85,discharging,None,None
17:55:51.458,parallel,8.2,648.3,368.2,85.7,1102.8,59.0,2400,0.0,0.0,16169,-575,85,discharging,None,None
17:55:51.962,parallel,8.2,648.3,368.2,2.5,1102.6,57.3,2400,0.0,0.0,16204,-634,85,discharging,None,None
17:55:52.475,parallel,8.4,648.3,368.2,60.8,1103.0,60.6,2400,0.0,0.0,16216,-481,85,discharging,None,None
17:55:52.978,parallel,8.4,624.3,418.4,81.3,1102.4,59.0,2400,0.0,0.0,16170,-599,85,discharging,None,None
17:55:53.482,parallel,8.4,624.3,418.4,2.5,1102.4,57.9,2400,0.0,0.0,16206,-632,85,discharging,None,None
17:55:53.985,parallel,8.4,394.2,418.4,79.0,1102.4,61.7,2400,0.0,0.0,16209,-500,85,discharging,None,None
17:55:54.489,parallel,8.4,394.2,158.6,39.6,1102.2,57.9,2400,0.0,0.0,16186,-607,85,discharging,None,None
17:55:54.995,parallel,8.3,394.2,158.6,43.1,1102.2,61.1,2400,0.0,0.0,16215,-564,85,discharging,None,None
17:55:55.499,parallel,8.3,396.5,158.6,56.0,1102.2,60.0,2400,0.0,0.0,16166,-553,85,discharging,None,None
17:55:56.007,parallel,8.3,396.5,158.9,25.0,1101.6,59.0,2400,0.0,0.0,16185,-610,85,discharging,None,None
17:55:56.510,parallel,8.3,395.7,158.9,77.9,1101.6,59.0,2400,0.0,0.0,16178,-557,85,discharging,None,None
17:55:57.014,parallel,8.3,395.7,168.8,38.1,1101.4,59.0,2400,0.0,0.0,16203,-551,85,discharging,None,None
17:55:57.523,parallel,8.3,395.7,168.8,43.8,1101.4,61.7,2400,0.0,0.0,16209,-525,85,discharging,None,None
17:55:58.026,parallel,8.3,396.7,168.8,48.8,1101.4,58.4,2400,0.0,0.0,16171,-621,85,discharging,None,None
17:55:58.530,parallel,7.9,396.7,167.4,37.3,1101.4,57.9,2400,0.0,0.0,16214,-592,85,discharging,None,None
17:55:59.033,parallel,7.9,402.3,167.4,83.2,1101.2,59.5,2400,0.0,0.0,16186,-544,85,discharging,None,None
17:55:59.540,parallel,7.9,402.3,167.4,6.4,1101.2,59.0,2400,0.0,0.0,16203,-577,85,discharging,None,None
17:56:00.045,parallel,8.3,402.3,163.5,90.1,1101.2,61.7,2400,0.0,0.0,16179,-541,85,discharging,None,None
17:56:00.548,parallel,8.3,403.2,163.5,25.4,1102.0,57.9,2400,0.0,0.0,16165,-611,85,discharging,None,None
17:56:01.065,parallel,8.4,403.2,163.5,36.0,1102.1,60.6,2400,0.0,0.0,16214,-546,85,discharging,None,None
17:56:01.568,parallel,8.4,573.0,367.7,95.6,1102.1,61.7,2400,0.0,0.0,16174,-538,85,discharging,None,None
17:56:02.072,parallel,8.3,573.0,367.7,2.5,1101.9,57.9,2400,0.0,0.0,16199,-635,85,discharging,None,None
17:56:02.583,parallel,8.3,573.0,367.7,50.7,1101.9,61.1,2400,0.0,0.0,16216,-503,85,discharging,None,None
17:56:03.090,parallel,8.3,573.0,367.7,100.0,1101.9,62.8,2400,0.0,0.0,16174,-557,85,discharging,None,None
17:56:03.594,parallel,8.3,807.3,710.5,20.2,1102.5,58.4,2400,0.0,0.0,16171,-685,85,discharging,None,None
17:56:04.104,parallel,8.3,807.3,710.5,33.5,1102.5,60.6,2400,0.0,0.0,16213,-534,85,discharging,None,None
17:56:04.607,parallel,8.2,406.4,160.8,84.8,1102.5,60.0,2400,0.0,0.0,16175,-538,85,discharging,None,None
17:56:05.111,parallel,8.2,406.4,160.8,2.5,1101.8,57.3,2400,0.0,0.0,16204,-613,85,discharging,None,None
17:56:05.614,parallel,8.2,407.3,160.8,83.2,1101.8,60.6,2400,0.0,0.0,16203,-534,85,discharging,None,None
17:56:06.119,parallel,8.4,407.3,173.5,38.8,1101.6,59.0,2400,0.0,0.0,16204,-581,85,discharging,None,None
17:56:06.627,parallel,8.4,407.3,173.5,55.0,1101.6,62.2,2400,0.0,0.0,16208,-560,85,discharging,None,None
17:56:07.133,parallel,8.3,400.1,173.5,36.5,1101.6,59.5,2400,0.0,0.0,16167,-584,85,discharging,None,None
17:56:07.640,parallel,8.3,400.1,163.4,46.8,1102.0,60.0,2400,0.0,0.0,16187,-612,85,discharging,None,None
17:56:08.144,parallel,8.3,402.5,163.4,66.0,1101.6,58.4,2400,0.0,0.0,16178,-560,85,discharging,None,None
17:56:08.647,parallel,8.3,402.5,160.1,37.1,1102.0,60.6,2400,0.0,0.0,16204,-553,85,discharging,None,None
17:56:09.157,parallel,8.3,402.5,160.1,77.5,1104.2,62.2,2400,0.0,0.0,16200,-539,85,discharging,None,None
17:56:09.661,parallel,8.3,415.4,160.1,16.7,1103.9,57.3,1600,0.0,0.0,16175,-620,85,discharging,None,None
17:56:10.168,parallel,8.3,415.4,246.8,69.0,1103.7,61.7,2400,0.0,0.0,16217,-531,85,discharging,None,None
17:56:10.671,parallel,7.9,458.1,246.8,57.0,1103.9,59.0,2400,0.0,0.0,16170,-558,85,discharging,None,None
17:56:11.175,parallel,7.9,458.1,246.8,2.5,1103.2,57.3,2400,0.0,0.0,16205,-604,85,discharging,None,None
17:56:11.686,parallel,7.9,458.1,246.8,88.7,1103.2,61.7,2400,0.0,0.0,16215,-480,85,discharging,None,None
17:56:12.190,parallel,8.2,737.1,531.2,60.6,1103.0,58.4,2400,0.0,0.0,16166,-618,85,discharging,None,None
17:56:12.693,parallel,8.2,737.1,531.2,2.5,1103.0,57.9,2400,0.0,0.0,16203,-630,85,discharging,None,None
17:56:13.203,parallel,8.4,737.1,531.2,84.8,1103.0,62.2,2400,0.0,0.0,16216,-523,85,discharging,None,None
17:56:13.706,parallel,8.4,679.3,442.1,56.7,1102.6,58.4,2400,0.0,0.0,16172,-651,85,discharging,None,None
17:56:14.210,parallel,8.4,679.3,442.1,2.0,1102.2,57.3,2400,0.0,0.0,16214,-535,85,discharging,None,None
17:56:14.720,parallel,8.4,394.5,442.1,92.2,1102.2,62.2,2400,0.0,0.0,16173,-541,85,discharging,None,None
17:56:15.223,parallel,8.4,394.5,173.0,26.2,1102.1,59.0,2400,0.0,0.0,16205,-611,85,discharging,None,None
17:56:15.731,parallel,8.3,394.5,173.0,56.7,1102.1,61.7,2400,0.0,0.0,16198,-541,85,discharging,None,None
17:56:16.234,parallel,8.3,393.8,169.1,63.0,1101.7,60.6,2400,0.0,0.0,16203,-587,85,discharging,None,None
17:56:16.743,parallel,8.3,393.8,169.1,24.0,1101.7,60.0,2400,0.0,0.0,16210,-550,85,discharging,None,None
17:56:17.247,parallel,8.3,394.2,169.1,61.9,1101.7,58.4,2400,0.0,0.0,16166,-576,85,discharging,None,None
17:56:17.751,parallel,8.3,394.2,158.0,36.3,1101.7,57.9,2400,0.0,0.0,16174,-609,85,discharging,None,None
17:56:18.254,parallel,8.3,394.8,158.0,81.5,1101.7,61.7,2400,0.0,0.0,16170,-575,85,discharging,None,None
17:56:18.763,parallel,8.3,394.8,158.0,2.5,1101.7,57.9,2400,0.0,0.0,16206,-551,85,discharging,None,None
17:56:19.268,parallel,8.3,394.8,171.2,79.4,1101.7,62.2,2400,0.0,0.0,16204,-537,85,discharging,None,None
17:56:19.771,parallel,8.3,407.3,171.2,37.7,1101.7,57.3,2400,0.0,0.0,16191,-613,85,discharging,None,None
17:56:20.284,parallel,8.3,407.3,171.2,31.7,1101.4,59.5,2400,0.0,0.0,16217,-515,85,discharging,None,None
17:56:20.788,parallel,8.3,513.0,323.8,97.5,1101.4,61.7,2400,0.0,0.0,16170,-570,85,discharging,None,None
17:56:21.291,parallel,8.3,513.0,323.8,1.5,1101.6,57.9,2400,0.0,0.0,16205,-612,85,discharging,None,None
17:56:21.810,parallel,8.4,513.0,323.8,57.4,1101.6,61.1,2400,0.0,0.0,16211,-491,85,discharging,None,None
17:56:22.313,parallel,8.4,742.9,502.9,99.0,1101.6,62.8,2400,0.0,0.0,16166,-625,85,discharging,None,None
17:56:22.818,parallel,7.9,742.9,502.9,3.0,1101.4,57.9,2400,0.0,0.0,16202,-631,85,discharging,None,None
17:56:23.324,parallel,7.9,742.9,502.9,44.8,1101.2,61.1,2400,0.0,0.0,16216,-481,85,discharging,None,None
17:56:23.827,parallel,8.3,647.9,452.0,99.0,1101.2,62.8,2400,0.0,0.0,16164,-608,85,discharging,None,None
17:56:24.331,parallel,8.3,647.9,452.0,1.5,1101.2,57.9,2400,0.0,0.0,16204,-633,85,discharging,None,None
17:56:24.839,parallel,8.3,647.9,452.0,57.2,1100.9,62.8,2400,0.0,0.0,16208,-498,85,discharging,None,None
17:56:25.343,parallel,8.4,394.8,162.0,60.9,1100.9,59.5,2400,0.0,0.0,16179,-611,85,discharging,None,None
17:56:25.851,parallel,8.4,394.8,162.0,21.1,1101.9,60.0,2400,0.0,0.0,16212,-567,85,discharging,None,None
17:56:26.355,parallel,8.3,399.4,162.0,62.6,1101.9,59.0,2400,0.0,0.0,16167,-554,85,discharging,None,None
17:56:26.858,parallel,8.3,399.4,166.7,36.3,1101.6,58.4,2400,0.0,0.0,16186,-612,85,discharging,None,None
17:56:27.362,parallel,8.3,398.7,166.7,81.5,1101.6,61.7,2400,0.0,0.0,16177,-556,85,discharging,None,None
17:56:27.874,parallel,8.3,398.7,166.7,28.2,1102.3,60.6,2400,0.0,0.0,16204,-553,85,discharging,None,None
17:56:28.379,parallel,8.3,398.7,171.9,56.9,1102.1,61.7,2400,0.0,0.0,16207,-543,85,discharging,None,None
17:56:28.882,parallel,8.3,399.9,171.9,37.5,1102.1,58.4,2400,0.0,0.0,16177,-614,85,discharging,None,None
17:56:29.392,parallel,8.3,399.9,162.7,42.3,1102.5,60.6,2400,0.0,0.0,16215,-568,85,discharging,None,None
17:56:29.895,parallel,8.3,397.2,162.7,74.0,1102.3,59.0,2400,0.0,0.0,16168,-600,85,discharging,None,None
17:56:30.399,parallel,8.3,397.2,162.7,2.5,1102.3,57.9,1900,0.0,0.0,16212,-577,85,discharging,None,None
17:56:30.910,parallel,8.3,397.2,162.7,85.3,1102.6,61.7,2400,0.0,0.0,16198,-458,85,discharging,None,None
17:56:31.414,parallel,8.3,711.4,576.4,72.5,1102.6,59.5,2400,0.0,0.0,16169,-621,85,discharging,None,None
17:56:31.918,parallel,8.3,711.4,576.4,1.5,1101.8,57.9,2400,0.0,0.0,16210,-593,85,discharging,None,None
17:56:32.431,parallel,8.3,711.4,576.4,72.9,1101.8,61.7,2400,0.0,0.0,16201,-478,85,discharging,None,None
17:56:32.934,parallel,8.3,701.6,569.6,81.0,1101.4,60.0,2400,0.0,0.0,16165,-636,85,discharging,None,None
17:56:33.571,parallel,8.4,701.6,569.6,8.0,1101.4,57.3,2400,0.0,0.0,16213,-530,85,discharging,None,None
17:56:34.079,parallel,8.4,405.8,569.6,92.0,1101.4,60.6,2400,0.0,0.0,16168,-565,85,discharging,None,None
17:56:34.583,parallel,8.4,405.8,172.9,28.2,1101.4,57.9,2400,0.0,0.0,16204,-619,85,discharging,None,None
17:56:35.091,parallel,7.9,405.8,172.9,62.0,1101.2,62.2,2400,0.0,0.0,16183,-550,85,discharging,None,None
17:56:35.594,parallel,7.9,396.5,162.7,55.9,1100.9,60.0,2400,0.0,0.0,16203,-592,85,discharging,None,None
17:56:36.103,parallel,8.3,396.5,162.7,24.6,1100.9,60.0,2400,0.0,0.0,16210,-542,85,discharging,None,None
17:56:36.606,parallel,8.3,400.6,162.7,59.1,1100.9,59.0,2400,0.0,0.0,16166,-574,85,discharging,None,None
17:56:37.110,parallel,8.3,400.6,163.4,36.2,1101.2,58.4,2400,0.0,0.0,16173,-602,85,discharging,None,None
17:56:37.613,parallel,8.3,403.5,163.4,82.1,1101.2,61.7,2400,0.0,0.0,16169,-591,85,discharging,None,None
17:56:38.117,parallel,8.3,403.5,163.4,1.5,1100.9,57.3,2400,0.0,0.0,16208,-555,85,discharging,None,None
17:56:38.624,parallel,8.3,403.5,171.4,84.3,1100.9,62.2,2400,0.0,0.0,16197,-538,85,discharging,None,None
17:56:39.128,parallel,8.3,395.2,171.4,35.2,1101.9,58.4,2400,0.0,0.0,16202,-615,85,discharging,None,None
17:56:39.640,parallel,8.4,395.2,171.4,29.9,1101.9,60.6,2400,0.0,0.0,16214,-518,85,discharging,None,None
17:56:40.143,parallel,8.4,547.7,351.3,99.5,1101.9,62.2,2400,0.0,0.0,16166,-597,85,discharging,None,None
17:56:40.647,parallel,8.4,547.7,351.3,3.0,1101.9,57.3,1900,0.0,0.0,16206,-623,85,discharging,None,None
17:56:41.159,parallel,8.3,547.7,351.3,46.6,1101.4,59.5,2400,0.0,0.0,16222,-454,85,discharging,None,None
17:56:41.663,parallel,8.3,547.7,510.9,100.0,1101.4,62.2,2400,0.0,0.0,16168,-589,85,discharging,None,None
17:56:42.167,parallel,8.3,740.2,510.9,6.5,1101.4,57.3,2400,0.0,0.0,16203,-625,85,discharging,None,None
17:56:42.675,parallel,8.3,740.2,510.9,40.7,1101.4,61.7,2400,0.0,0.0,16216,-480,85,discharging,None,None
17:56:43.179,parallel,8.2,711.4,369.2,99.5,1101.6,61.1,2400,0.0,0.0,16166,-608,85,discharging,None,None
17:56:43.682,parallel,8.2,711.4,369.2,6.0,1101.6,58.4,2400,0.0,0.0,16204,-624,85,discharging,None,None
17:56:44.191,parallel,8.2,711.4,369.2,41.2,1101.6,61.1,2400,0.0,0.0,16214,-473,85,discharging,None,None
17:56:44.694,parallel,8.4,495.2,260.1,82.9,1101.6,59.5,2400,0.0,0.0,16165,-615,85,discharging,None,None
17:56:45.198,parallel,8.4,495.2,260.1,2.0,1101.4,57.9,2400,0.0,0.0,16210,-600,85,discharging,None,None
17:56:45.764,parallel,8.3,495.2,260.1,86.4,1101.4,62.2,2400,0.0,0.0,16174,-519,85,discharging,None,None
17:56:46.268,parallel,8.3,616.0,234.9,55.8,1101.4,58.4,2400,0.0,0.0,16167,-660,85,discharging,None,None
17:56:46.776,parallel,8.3,616.0,234.9,17.3,1101.4,60.6,2400,0.0,0.0,16212,-557,85,discharging,None,None
17:56:47.281,parallel,7.2,407.6,234.9,78.7,1100.9,60.6,2400,0.0,0.0,16172,-546,85,discharging,None,None
17:56:47.785,parallel,7.2,407.6,168.4,26.4,1101.3,57.3,2400,0.0,0.0,16191,-615,85,discharging,None,None
17:56:48.292,parallel,8.3,407.6,168.4,77.3,1101.4,62.2,2400,0.0,0.0,16197,-538,85,discharging,None,None
17:56:48.796,parallel,8.3,414.5,159.7,43.1,1101.4,60.6,2400,0.0,0.0,16203,-554,85,discharging,None,None
17:56:49.304,parallel,8.3,414.5,159.7,37.6,1101.4,61.1,2400,0.0,0.0,16205,-550,85,discharging,None,None
17:56:49.807,parallel,8.3,407.4,159.7,47.8,1100.9,57.9,2400,0.0,0.0,16165,-613,85,discharging,None,None
17:56:50.311,parallel,8.3,407.4,171.6,38.1,1100.9,58.4,2400,0.0,0.0,16204,-605,85,discharging,None,None
17:56:50.815,parallel,8.3,403.6,171.6,82.6,1101.1,60.0,2400,0.0,0.0,16174,-567,85,discharging,None,None
17:56:51.318,parallel,8.3,403.6,171.6,3.0,1101.1,57.3,1600,0.0,0.0,16203,-565,85,discharging,None,None
17:56:51.825,parallel,8.4,403.6,175.4,95.0,1101.1,62.2,2400,0.0,0.0,16187,-518,85,discharging,None,None
17:56:52.329,parallel,8.4,396.1,175.4,26.0,1101.1,58.4,2400,0.0,0.0,16184,-589,85,discharging,None,None
17:56:52.843,parallel,8.4,396.1,175.4,27.1,1101.1,60.0,2400,0.0,0.0,16212,-527,85,discharging,None,None
17:56:53.347,parallel,8.3,396.1,459.6,100.0,1101.1,62.8,2400,0.0,0.0,16172,-547,85,discharging,None,None
17:56:53.850,parallel,8.3,671.5,459.6,16.8,1100.7,58.4,2400,0.0,0.0,16192,-652,85,discharging,None,None
17:56:54.359,parallel,8.4,671.5,459.6,31.8,1100.7,61.1,2400,0.0,0.0,16213,-510,85,discharging,None,None
17:56:54.866,parallel,8.4,671.5,475.7,100.0,1100.7,62.2,2400,0.0,0.0,16173,-554,85,discharging,None,None
17:56:55.370,parallel,8.3,740.3,475.7,20.3,1100.7,58.4,2400,0.0,0.0,16184,-664,85,discharging,None,None
17:56:55.880,parallel,8.3,740.3,475.7,28.2,1100.7,60.0,2400,0.0,0.0,16214,-515,85,discharging,None,None
17:56:56.384,parallel,8.3,571.7,475.7,100.0,1100.7,61.1,2400,0.0,0.0,16169,-546,85,discharging,None,None
17:56:56.888,parallel,8.3,571.7,354.0,8.5,1100.7,58.4,2400,0.0,0.0,16198,-637,85,discharging,None,None
17:56:57.396,parallel,8.3,571.7,354.0,56.4,1100.7,61.7,2400,0.0,0.0,16213,-508,85,discharging,None,None
17:56:57.943,parallel,8.3,395.0,344.5,72.8,1100.7,59.5,2400,0.0,0.0,16169,-568,85,discharging,None,None
17:56:58.451,parallel,8.3,395.0,344.5,29.2,1100.7,62.2,2400,0.0,0.0,16200,-621,85,discharging,None,None
17:56:58.955,parallel,8.3,399.4,344.5,56.2,1101.2,59.0,2400,0.0,0.0,16171,-599,85,discharging,None,None
17:56:59.458,parallel,7.6,399.4,167.5,36.3,1101.2,59.0,2400,0.0,0.0,16207,-559,85,discharging,None,None
17:56:59.962,parallel,7.6,394.2,167.5,82.7,1101.2,60.6,2400,0.0,0.0,16192,-539,85,discharging,None,None
17:57:00.465,parallel,8.3,394.2,167.5,2.5,1101.2,57.9,2400,0.0,0.0,16200,-607,85,discharging,None,None
17:57:00.972,parallel,8.3,394.2,171.4,88.2,1101.4,62.8,2400,0.0,0.0,16201,-555,85,discharging,None,None
17:57:01.476,parallel,8.3,396.8,171.4,30.8,1101.2,58.4,1900,0.0,0.0,16161,-616,85,discharging,None,None
17:57:01.987,parallel,8.3,396.8,171.4,21.8,1101.2,59.5,2400,0.0,0.0,16213,-469,85,discharging,None,None
17:57:02.493,parallel,8.3,396.8,543.4,100.0,1101.2,62.8,2400,0.0,0.0,16167,-570,85,discharging,None,None
17:57:02.997,parallel,8.3,731.9,543.4,33.8,1100.9,58.4,2400,0.0,0.0,16200,-654,85,discharging,None,None
17:57:03.503,parallel,8.3,731.9,543.4,15.3,1100.9,59.5,2400,0.0,0.0,16215,-485,85,discharging,None,None
17:57:04.010,parallel,8.3,731.9,543.4,100.0,1100.9,62.8,2400,0.0,0.0,16166,-585,85,discharging,None,None
17:57:04.518,parallel,8.3,715.4,539.6,37.4,1100.9,58.4,2400,0.0,0.0,16201,-665,85,discharging,None,None
17:57:05.027,parallel,8.3,715.4,539.6,15.3,1100.9,58.4,2400,0.0,0.0,16213,-490,85,discharging,None,None
17:57:05.531,parallel,8.3,411.3,162.8,99.5,1100.9,62.2,2400,0.0,0.0,16164,-583,85,discharging,None,None
17:57:06.034,parallel,8.3,411.3,162.8,6.9,1100.9,58.4,2400,0.0,0.0,16203,-614,85,discharging,None,None
17:57:06.543,parallel,8.3,411.3,162.8,74.0,1100.9,62.2,2400,0.0,0.0,16175,-542,85,discharging,None,None
17:57:07.047,parallel,8.3,406.5,163.4,46.8,1100.7,59.0,2400,0.0,0.0,16167,-614,85,discharging,None,None
17:57:07.555,parallel,8.3,406.5,163.4,36.0,1100.7,60.6,2400,0.0,0.0,16211,-541,85,discharging,None,None
17:57:08.059,parallel,8.3,404.6,163.4,49.5,1101.6,58.4,2400,0.0,0.0,16186,-556,85,discharging,None,None
17:57:08.562,parallel,8.3,404.6,171.4,37.5,1101.6,58.4,2400,0.0,0.0,16198,-586,85,discharging,None,None
17:57:09.066,parallel,8.4,410.6,171.4,84.2,1101.6,59.5,2400,0.0,0.0,16169,-612,85,discharging,None,None
17:57:09.572,parallel,8.4,410.6,171.4,23.0,1101.6,60.6,2400,0.0,0.0,16209,-560,85,discharging,None,None
17:57:10.270,parallel,8.3,410.6,163.5,79.9,1102.1,61.7,2400,0.0,0.0,16185,-530,85,discharging,None,None
17:57:10.774,parallel,8.3,563.8,163.5,22.4,1102.3,58.4,2400,0.0,0.0,16166,-647,85,discharging,None,None
17:57:11.283,parallel,8.3,563.8,169.8,60.4,1102.3,61.1,2400,0.0,0.0,16199,-588,85,discharging,None,None
17:57:11.786,parallel,6.4,399.6,169.8,58.1,1102.3,59.0,2400,0.0,0.0,16170,-590,85,discharging,None,None
17:57:12.294,parallel,6.4,399.6,169.8,18.9,1101.9,60.0,2400,0.0,0.0,16206,-557,85,discharging,None,None
17:57:12.808,parallel,8.3,399.6,236.1,99.0,1101.9,62.8,2400,0.0,0.0,16177,-510,85,discharging,None,None
17:57:13.311,parallel,8.3,463.5,236.1,10.2,1101.6,58.4,2400,0.0,0.0,16182,-609,85,discharging,None,None
17:57:13.823,parallel,8.2,463.5,236.1,40.2,1101.6,60.6,2400,0.0,0.0,16211,-474,85,discharging,None,None
17:57:14.327,parallel,8.2,684.4,452.9,99.0,1101.6,63.4,2400,0.0,0.0,16173,-630,85,discharging,None,None
17:57:14.830,parallel,8.2,684.4,452.9,2.5,1101.4,58.4,2400,0.0,0.0,16208,-604,85,discharging,None,None
17:57:15.346,parallel,8.5,684.4,452.9,47.3,1101.4,61.1,2400,0.0,0.0,16200,-479,85,discharging,None,None
17:57:15.850,parallel,8.5,683.4,466.1,92.6,1101.2,60.6,2400,0.0,0.0,16160,-643,85,discharging,None,None
17:57:16.353,parallel,8.3,683.4,466.1,2.5,1101.2,57.3,2400,0.0,0.0,16206,-596,85,discharging,None,None
17:57:16.860,parallel,8.3,683.4,466.1,54.5,1101.2,60.6,2400,0.0,0.0,16195,-481,85,discharging,None,None
17:57:17.364,parallel,8.3,455.1,219.0,68.8,1100.9,60.0,2400,0.0,0.0,16161,-621,85,discharging,None,None
17:57:17.869,parallel,8.3,455.1,219.0,4.5,1100.9,58.4,2400,0.0,0.0,16210,-556,85,discharging,None,None
17:57:18.373,parallel,8.3,406.7,219.0,79.7,1100.9,60.0,2400,0.0,0.0,16165,-554,85,discharging,None,None
17:57:18.876,parallel,8.3,406.7,159.2,36.3,1100.9,57.9,2400,0.0,0.0,16203,-614,85,discharging,None,None
17:57:19.384,parallel,8.3,406.7,159.2,66.2,1100.9,62.8,2400,0.0,0.0,16177,-555,85,discharging,None,None
17:57:19.888,parallel,8.3,399.5,159.2,45.3,1100.9,61.7,2400,0.0,0.0,16199,-572,85,discharging,None,None
17:57:20.392,parallel,8.3,399.5,172.0,37.6,1100.7,60.6,2400,0.0,0.0,16204,-543,85,discharging,None,None
17:57:20.896,parallel,8.3,407.2,172.0,57.2,1103.1,59.0,2400,0.0,0.0,16169,-599,85,discharging,None,None
17:57:21.399,parallel,8.4,407.2,158.4,36.0,1103.1,59.0,2400,0.0,0.0,16188,-597,85,discharging,None,None
17:57:21.903,parallel,8.4,399.4,158.4,82.1,1103.1,61.1,2400,0.0,0.0,16170,-595,85,discharging,None,None
17:57:22.406,parallel,8.3,399.4,158.4,11.4,1103.1,58.4,2400,0.0,0.0,16205,-561,85,discharging,None,None
17:57:22.915,parallel,8.3,399.4,163.3,83.6,1103.1,62.2,2400,0.0,0.0,16178,-544,85,discharging,None,None
17:57:23.419,parallel,8.3,399.4,163.3,34.6,1102.6,59.0,2400,0.0,0.0,16200,-613,85,discharging,None,None
17:57:23.935,parallel,7.9,399.4,163.3,20.0,1102.6,60.0,2400,0.0,0.0,16212,-500,85,discharging,None,None
17:57:24.439,parallel,7.9,399.4,436.2,100.0,1102.6,63.4,2400,0.0,0.0,16165,-574,85,discharging,None,None
17:57:24.942,parallel,8.3,641.2,436.2,19.3,1102.4,57.9,2400,0.0,0.0,16199,-642,85,discharging,None,None
17:57:25.451,parallel,8.3,641.2,436.2,28.6,1102.4,60.6,2400,0.0,0.0,16212,-485,85,discharging,None,None
17:57:25.955,parallel,8.3,641.2,436.2,100.0,1102.4,62.8,2400,0.0,0.0,16166,-585,85,discharging,None,None
17:57:26.459,parallel,8.3,775.5,612.5,34.2,1103.9,58.4,2400,0.0,0.0,16194,-665,85,discharging,None,None
17:57:26.968,parallel,8.3,775.5,612.5,17.0,1104.0,60.0,2400,0.0,0.0,16213,-497,85,discharging,None,None
17:57:27.472,parallel,8.3,406.5,161.6,99.0,1104.0,61.7,2400,0.0,0.0,16163,-572,85,discharging,None,None
17:57:27.976,parallel,8.3,406.5,161.6,3.0,1103.8,57.9,2400,0.0,0.0,16201,-613,85,discharging,None,None
17:57:28.487,parallel,8.3,406.5,161.6,77.9,1103.8,62.2,2400,0.0,0.0,16177,-542,85,discharging,None,None
17:57:28.991,parallel,8.3,406.9,161.3,42.1,1103.3,59.0,2400,0.0,0.0,16173,-615,85,discharging,None,None
17:57:29.499,parallel,8.3,406.9,161.3,39.5,1103.3,61.7,2400,0.0,0.0,16212,-541,85,discharging,None,None
17:57:30.002,parallel,8.3,407.4,161.3,46.1,1103.3,58.4,2400,0.0,0.0,16174,-556,85,discharging,None,None
17:57:30.507,parallel,8.3,407.4,171.5,37.7,1103.3,58.4,2400,0.0,0.0,16189,-596,85,discharging,None,None
17:57:31.010,parallel,8.3,414.4,171.5,84.7,1103.8,59.5,2400,0.0,0.0,16169,-602,85,discharging,None,None
17:57:31.519,parallel,8.3,414.4,171.5,26.7,1103.8,62.2,2400,0.0,0.0,16207,-558,85,discharging,None,None
17:57:32.023,parallel,8.3,414.4,163.3,69.3,1104.1,62.2,2400,0.0,0.0,16190,-536,85,discharging,None,None
17:57:32.527,parallel,8.3,408.6,163.3,27.0,1103.9,57.3,1900,0.0,0.0,16200,-615,85,discharging,None,None
17:57:33.036,parallel,8.3,408.6,187.7,57.1,1103.7,60.6,2400,0.0,0.0,16213,-524,85,discharging,None,None
17:57:33.540,parallel,8.3,412.0,187.7,65.7,1103.3,59.5,2400,0.0,0.0,16161,-594,85,discharging,None,None
17:57:34.043,parallel,8.3,412.0,187.7,1.5,1102.9,57.3,2400,0.0,0.0,16210,-572,85,discharging,None,None
17:57:34.809,parallel,8.3,412.0,187.7,87.3,1102.9,62.8,2400,0.0,0.0,16167,-576,85,discharging,None,None
17:57:35.313,parallel,8.3,808.1,675.2,32.7,1116.5,58.4,2400,0.0,0.0,16182,-682,85,discharging,None,None
17:57:35.820,parallel,8.3,808.1,675.2,14.9,1119.9,58.4,2400,0.0,0.0,16212,-513,85,discharging,None,None
17:57:36.328,parallel,6.2,808.1,675.2,100.0,1119.9,62.8,2400,0.0,0.0,16168,-544,85,discharging,None,None
17:57:36.832,parallel,6.2,683.3,430.6,29.3,1119.8,57.9,2400,0.0,0.0,16192,-650,85,discharging,None,None
17:57:37.340,parallel,8.4,683.3,430.6,21.7,1119.8,59.5,2400,0.0,0.0,16211,-511,85,discharging,None,None
17:57:37.846,parallel,8.4,391.7,168.9,95.5,1113.6,62.2,2400,0.0,0.0,16167,-557,85,discharging,None,None
17:57:38.349,parallel,8.3,391.7,168.9,1.5,1123.0,57.3,2400,0.0,0.0,16198,-616,85,discharging,None,None
17:57:38.853,parallel,8.3,393.5,168.9,82.1,1123.2,61.7,2400,0.0,0.0,16173,-561,85,discharging,None,None
17:57:39.356,parallel,8.3,393.5,162.6,37.0,1123.4,59.0,2400,0.0,0.0,16186,-624,85,discharging,None,None
17:57:39.864,parallel,8.3,393.5,162.6,48.0,1123.0,62.2,2400,0.0,0.0,16207,-559,85,discharging,None,None
17:57:40.367,parallel,8.3,396.2,162.6,36.2,1127.1,58.4,2400,0.0,0.0,16170,-573,85,discharging,None,None
17:57:40.875,parallel,8.3,396.2,158.8,45.8,1123.9,59.5,2400,0.0,0.0,16180,-603,85,discharging,None,None
17:57:41.379,parallel,8.3,396.5,158.8,71.3,1122.7,59.0,2400,0.0,0.0,16169,-602,85,discharging,None,None
17:57:41.887,parallel,8.2,396.5,158.8,28.6,1122.3,60.6,2400,0.0,0.0,16209,-551,85,discharging,None,None
17:57:42.393,parallel,8.2,396.5,171.5,82.4,1120.5,62.8,2400,0.0,0.0,16190,-540,85,discharging,None,None
17:57:42.901,parallel,8.2,395.4,171.5,8.5,1116.4,57.9,1900,0.0,0.0,16201,-612,85,discharging,None,None
17:57:43.411,parallel,8.4,395.4,258.5,58.9,1116.4,60.0,2400,0.0,0.0,16218,-502,85,discharging,None,None
17:57:43.915,parallel,8.4,515.7,258.5,68.3,1114.4,59.5,2400,0.0,0.0,16163,-598,85,discharging,None,None
17:57:44.419,parallel,8.3,515.7,258.5,1.5,1114.4,57.9,2400,0.0,0.0,16207,-593,85,discharging,None,None
17:57:44.931,parallel,8.3,515.7,258.5,77.6,1113.6,62.2,2400,0.0,0.0,16195,-475,85,discharging,None,None
17:57:45.434,parallel,8.3,687.7,468.7,61.7,1111.8,59.0,2400,0.0,0.0,16163,-644,85,discharging,None,None
17:57:45.938,parallel,8.3,687.7,468.7,2.0,1110.1,57.3,2400,0.0,0.0,16209,-589,85,discharging,None,None
17:57:46.450,parallel,8.3,687.7,468.7,83.7,1110.1,61.7,2400,0.0,0.0,16190,-482,85,discharging,None,None
17:57:46.954,parallel,8.2,675.8,698.2,80.7,1109.1,59.5,2400,0.0,0.0,16162,-643,85,discharging,None,None
17:57:47.457,parallel,8.2,675.8,698.2,2.0,1109.1,57.3,2400,0.0,0.0,16202,-606,85,discharging,None,None
17:57:47.961,parallel,8.2,406.9,698.2,84.1,1107.7,60.6,2400,0.0,0.0,16176,-526,85,discharging,None,None
17:57:48.465,parallel,7.6,406.9,169.1,37.0,1107.7,59.0,2400,0.0,0.0,16199,-586,85,discharging,None,None
17:57:48.972,parallel,7.6,406.9,169.1,53.0,1107.6,60.6,2400,0.0,0.0,16206,-543,85,discharging,None,None
17:57:49.475,parallel,8.3,405.4,169.1,32.2,1110.8,57.9,2400,0.0,0.0,16163,-585,85,discharging,None,None
17:57:49.984,parallel,8.3,405.4,159.6,49.0,1110.1,59.5,2400,0.0,0.0,16172,-600,85,discharging,None,None
17:57:50.487,parallel,8.3,409.4,159.6,70.3,1110.1,59.0,2400,0.0,0.0,16168,-590,85,discharging,None,None
17:57:50.995,parallel,8.3,409.4,159.6,22.2,1109.1,60.6,2400,0.0,0.0,16205,-557,85,discharging,None,None
17:57:51.499,parallel,8.3,409.4,174.3,88.7,1109.1,62.8,2400,0.0,0.0,16189,-538,85,discharging,None,None
17:57:52.002,parallel,8.3,407.1,174.3,10.5,1108.2,57.9,2400,0.0,0.0,16197,-617,85,discharging,None,None
17:57:52.519,parallel,8.3,407.1,174.3,51.2,1108.2,61.1,2400,0.0,0.0,16212,-515,85,discharging,None,None
17:57:53.022,parallel,8.3,553.8,360.3,78.0,1107.2,59.5,2400,0.0,0.0,16163,-588,85,discharging,None,None
17:57:53.526,parallel,8.3,553.8,360.3,2.5,1107.2,56.2,1600,0.0,0.0,16198,-628,85,discharging,None,None
17:57:54.039,parallel,8.3,553.8,360.3,68.6,1106.4,62.2,2400,0.0,0.0,16218,-448,85,discharging,None,None
17:57:54.542,parallel,8.3,738.1,484.7,81.2,1105.8,59.0,2400,0.0,0.0,16163,-574,85,discharging,None,None
17:57:55.046,parallel,8.3,738.1,484.7,2.0,1104.2,57.3,2400,0.0,0.0,16199,-634,85,discharging,None,None
17:57:55.558,parallel,8.4,738.1,484.7,64.4,1104.2,61.7,2400,0.0,0.0,16211,-481,85,discharging,None,None
17:57:56.062,parallel,8.4,631.8,430.0,77.8,1104.4,59.5,2400,0.0,0.0,16161,-605,85,discharging,None,None
17:57:56.565,parallel,8.3,631.8,430.0,1.5,1104.4,57.9,2400,0.0,0.0,16199,-636,85,discharging,None,None
17:57:57.071,parallel,8.3,399.3,430.0,80.7,1105.9,62.2,2400,0.0,0.0,16203,-500,85,discharging,None,None
17:57:57.575,parallel,8.3,399.3,210.6,42.0,1123.6,59.0,2400,0.0,0.0,16184,-602,85,discharging,None,None
17:57:58.083,parallel,8.3,399.3,210.6,44.0,1123.1,62.2,2400,0.0,0.0,16207,-577,85,discharging,None,None
17:57:58.596,parallel,8.3,395.3,210.6,47.5,1123.1,59.5,2400,0.0,0.0,16164,-571,85,discharging,None,None
17:57:59.102,parallel,8.3,395.3,172.0,45.6,1121.4,60.0,2400,0.0,0.0,16171,-613,85,discharging,None,None
17:57:59.605,parallel,8.3,399.4,172.0,74.6,1121.4,59.0,2400,0.0,0.0,16172,-569,85,discharging,None,None
17:58:00.109,parallel,7.9,399.4,159.8,35.5,1114.9,60.0,2400,0.0,0.0,16198,-563,85,discharging,None,None
17:58:00.616,parallel,7.9,399.4,159.8,71.3,1115.3,62.2,2400,0.0,0.0,16204,-541,85,discharging,None,None
17:58:01.120,parallel,7.9,363.4,159.8,4.0,1114.0,57.9,2400,0.0,0.0,16187,-600,85,discharging,None,None
17:58:01.628,parallel,7.9,363.4,158.6,68.7,1114.0,62.8,2400,0.0,0.0,16212,-533,85,discharging,None,None
17:58:02.132,parallel,7.9,377.9,158.6,38.0,1112.0,58.4,2400,0.0,0.0,16158,-596,85,discharging,None,None
17:58:02.640,parallel,7.9,377.9,158.6,6.9,1112.0,58.4,2400,0.0,0.0,16213,-489,85,discharging,None,None
17:58:03.144,parallel,7.9,377.9,383.5,100.0,1116.0,62.8,2400,0.0,0.0,16163,-569,85,discharging,None,None
17:58:03.647,parallel,7.9,613.9,383.5,17.5,1116.6,57.9,2400,0.0,0.0,16199,-621,85,discharging,None,None
17:58:04.155,parallel,7.9,613.9,383.5,25.9,1114.6,58.4,2400,0.0,0.0,16216,-455,85,discharging,None,None
17:58:04.666,parallel,7.9,613.9,383.5,100.0,1114.6,62.8,2400,0.0,0.0,16164,-579,85,discharging,None,None
17:58:05.169,parallel,7.9,711.4,511.0,20.6,1113.6,57.9,2400,0.0,0.0,16200,-630,85,discharging,None,None
17:58:05.676,parallel,7.9,711.4,511.0,29.1,1113.6,60.6,2400,0.0,0.0,16213,-477,85,discharging,None,None
17:58:06.180,parallel,7.9,363.4,151.8,78.9,1112.3,59.5,2400,0.0,0.0,16171,-594,85,discharging,None,None
17:58:06.683,parallel,7.9,363.4,151.8,0.0,1112.3,57.9,2400,0.0,0.0,16211,-570,85,discharging,None,None
17:58:07.187,parallel,7.9,363.4,151.8,75.1,1109.3,59.0,2400,0.0,0.0,16164,-538,85,discharging,None,None
17:58:07.690,parallel,7.9,363.4,154.7,32.8,1109.3,58.4,2400,0.0,0.0,16185,-594,85,discharging,None,None
17:58:08.199,parallel,7.9,363.4,154.7,66.3,1108.7,62.2,2400,0.0,0.0,16173,-552,85,discharging,None,None
17:58:08.703,parallel,7.9,363.6,154.7,20.7,1108.7,60.0,2400,0.0,0.0,16202,-538,85,discharging,None,None
17:58:09.208,parallel,7.9,363.6,152.0,57.4,1107.7,61.1,1900,0.0,0.0,16202,-533,85,discharging,None,None
17:58:09.711,parallel,7.9,379.8,152.0,41.6,1107.9,57.3,2400,0.0,0.0,16196,-586,85,discharging,None,None
17:58:10.220,parallel,7.9,379.8,147.8,34.8,1106.0,59.0,2400,0.0,0.0,16204,-543,85,discharging,None,None
17:58:10.724,parallel,7.9,364.7,147.8,72.3,1106.9,59.5,2400,0.0,0.0,16160,-594,85,discharging,None,None
17:58:11.228,parallel,7.9,364.7,147.8,0.0,1106.3,57.3,2400,0.0,0.0,16210,-543,85,discharging,None,None
17:58:11.736,parallel,7.9,364.7,147.8,77.5,1106.3,62.2,2400,0.0,0.0,16175,-502,85,discharging,None,None
17:58:12.239,parallel,7.9,574.3,399.1,44.2,1106.0,58.4,2400,0.0,0.0,16182,-617,85,discharging,None,None
17:58:12.744,parallel,7.9,574.3,399.1,0.0,1106.0,56.8,2400,0.0,0.0,16210,-513,85,discharging,None,None
17:58:13.256,parallel,7.9,574.3,399.1,100.0,1106.0,62.8,2400,0.0,0.0,16170,-541,85,discharging,None,None
17:58:13.759,parallel,7.9,598.5,447.5,29.9,1104.6,57.9,2400,0.0,0.0,16199,-628,85,discharging,None,None
17:58:14.267,parallel,7.9,598.5,447.5,24.3,1104.2,60.0,1900,0.0,0.0,16211,-491,85,discharging,None,None
17:58:14.770,parallel,7.9,374.8,150.5,85.6,1105.1,60.6,2400,0.0,0.0,16172,-554,85,discharging,None,None
17:58:15.274,parallel,7.9,374.8,150.5,0.0,1104.9,56.8,2400,0.0,0.0,16204,-577,85,discharging,None,None
17:58:15.777,parallel,7.9,363.9,150.5,74.8,1104.6,60.0,2400,0.0,0.0,16170,-562,85,discharging,None,None
17:58:16.281,parallel,7.9,363.9,151.3,32.7,1104.1,56.8,2400,0.0,0.0,16173,-594,85,discharging,None,None
17:58:16.788,parallel,7.9,363.9,151.3,60.6,1104.1,62.8,2400,0.0,0.0,16191,-532,85,discharging,None,None
17:58:17.292,parallel,7.9,367.5,151.3,14.5,1103.4,57.3,2400,0.0,0.0,16199,-538,85,discharging,None,None
17:58:17.800,parallel,7.9,367.5,151.4,61.8,1103.4,60.6,2400,0.0,0.0,16205,-534,85,discharging,None,None
17:58:18.304,parallel,7.9,367.4,151.4,45.8,1103.1,57.9,2400,0.0,0.0,16174,-595,85,discharging,None,None
17:58:18.811,parallel,7.9,367.4,151.4,31.7,1103.1,60.6,2400,0.0,0.0,16211,-541,85,discharging,None,None
17:58:19.315,parallel,7.9,364.4,151.4,75.6,1102.7,59.0,2400,0.0,0.0,16160,-592,85,discharging,None,None
17:58:19.818,parallel,7.9,364.4,151.4,0.0,1102.0,56.2,1500,0.0,0.0,16213,-568,85,discharging,None,None
17:58:20.331,parallel,7.9,364.4,151.4,67.3,1102.0,60.6,2400,0.0,0.0,16202,-429,85,discharging,None,None
17:58:20.835,parallel,7.9,738.1,613.3,81.3,1102.7,59.0,2400,0.0,0.0,16164,-621,85,discharging,None,None
17:58:21.338,parallel,7.9,738.1,613.3,0.0,1103.1,56.8,2400,0.0,0.0,16208,-589,85,discharging,None,None
17:58:21.851,parallel,7.9,738.1,613.3,64.2,1103.1,61.1,2400,0.0,0.0,16193,-476,85,discharging,None,None
17:58:22.355,parallel,7.9,463.8,285.3,53.2,1102.9,57.9,2400,0.0,0.0,16160,-610,85,discharging,None,None
17:58:22.864,parallel,7.9,463.8,285.3,14.0,1102.9,59.5,2400,0.0,0.0,16209,-541,85,discharging,None,None
17:58:23.368,parallel,7.9,363.0,285.3,72.8,1102.7,61.1,2400,0.0,0.0,16162,-537,85,discharging,None,None
17:58:23.871,parallel,7.9,363.0,153.3,20.4,1102.7,57.3,2400,0.0,0.0,16205,-595,85,discharging,None,None
17:58:24.375,parallel,7.9,363.8,153.3,75.1,1102.7,60.0,2400,0.0,0.0,16173,-559,85,discharging,None,None
17:58:24.879,parallel,7.9,363.8,151.4,32.7,1102.0,59.0,2400,0.0,0.0,16202,-563,85,discharging,None,None
17:58:25.387,parallel,7.9,363.8,151.4,53.0,1102.0,61.7,2400,0.0,0.0,16206,-519,85,discharging,None,None
17:58:25.891,parallel,7.9,370.7,151.4,24.0,1101.8,56.8,2400,0.0,0.0,16199,-559,85,discharging,None,None
17:58:26.399,parallel,7.9,370.7,151.2,53.7,1101.8,59.5,2400,0.0,0.0,16175,-555,85,discharging,None,None
17:58:26.902,parallel,7.9,363.7,151.2,53.7,1101.8,59.0,2400,0.0,0.0,16161,-594,85,discharging,None,None
17:58:27.411,parallel,7.9,363.7,151.2,8.5,1101.8,59.0,2400,0.0,0.0,16210,-538,85,discharging,None,None
17:58:27.917,parallel,7.9,363.7,263.6,100.0,1102.2,62.8,2400,0.0,0.0,16172,-536,85,discharging,None,None
17:58:28.421,parallel,7.9,475.7,263.6,6.0,1101.8,57.3,2400,0.0,0.0,16198,-610,85,discharging,None,None
17:58:28.930,parallel,7.9,475.7,263.6,38.9,1101.8,59.0,2400,0.0,0.0,16212,-480,85,discharging,None,None
17:58:29.434,parallel,7.9,687.7,474.6,99.0,1101.8,62.2,2400,0.0,0.0,16163,-581,85,discharging,None,None
17:58:29.937,parallel,7.9,687.7,474.6,0.5,1101.3,58.4,2400,0.0,0.0,16198,-631,85,discharging,None,None
17:58:30.444,parallel,7.9,687.7,474.6,44.8,1101.3,60.6,2400,0.0,0.0,16212,-468,85,discharging,None,None
17:58:30.947,parallel,7.9,551.3,351.8,84.5,1102.0,59.5,2400,0.0,0.0,16164,-582,85,discharging,None,None
17:58:31.451,parallel,7.9,551.3,351.8,0.0,1102.0,56.8,2400,0.0,0.0,16203,-605,85,discharging,None,None
17:58:31.955,parallel,7.9,363.3,351.8,75.2,1102.0,61.7,2400,0.0,0.0,16188,-508,85,discharging,None,None
17:58:32.459,parallel,7.9,363.3,150.7,32.3,1102.0,57.9,2400,0.0,0.0,16168,-594,85,discharging,None,None
17:58:32.967,parallel,7.9,363.3,150.7,45.3,1102.2,61.7,2400,0.0,0.0,16210,-535,85,discharging,None,None
17:58:33.471,parallel,7.9,371.5,150.7,42.4,1102.2,60.0,2400,0.0,0.0,16181,-538,85,discharging,None,None
17:58:33.980,parallel,7.9,371.5,151.4,33.8,1102.2,59.0,2400,0.0,0.0,16202,-578,85,discharging,None,None
17:58:34.484,parallel,7.9,367.4,151.4,61.3,1102.2,58.4,2400,0.0,0.0,16166,-594,85,discharging,None,None
17:58:34.988,parallel,7.9,367.4,151.4,32.5,1101.5,59.0,2400,0.0,0.0,16209,-550,85,discharging,None,None
17:58:35.491,parallel,7.9,375.4,151.4,77.7,1101.5,60.0,2400,0.0,0.0,16172,-538,85,discharging,None,None
17:58:35.995,parallel,7.9,375.4,151.4,0.0,1101.5,56.8,2400,0.0,0.0,16201,-572,85,discharging,None,None
17:58:36.503,parallel,7.9,375.4,155.5,77.0,1101.5,62.8,2400,0.0,0.0,16188,-513,85,discharging,None,None
17:58:37.007,parallel,7.9,388.0,155.5,31.7,1101.5,58.4,2400,0.0,0.0,16170,-596,85,discharging,None,None
17:58:37.523,parallel,7.9,388.0,155.5,14.7,1101.5,59.0,2400,0.0,0.0,16209,-527,85,discharging,None,None
17:58:38.028,parallel,7.9,388.0,511.9,100.0,1102.0,61.7,2400,0.0,0.0,16171,-528,85,discharging,None,None
17:58:38.531,parallel,7.9,673.6,511.9,21.3,1101.8,57.9,2400,0.0,0.0,16182,-643,85,discharging,None,None
17:58:39.039,parallel,7.9,673.6,511.9,22.7,1101.8,59.5,2400,0.0,0.0,16210,-512,85,discharging,None,None
17:58:39.550,parallel,7.9,606.2,511.9,100.0,1101.8,62.2,2400,0.0,0.0,16165,-545,85,discharging,None,None
17:58:40.054,parallel,7.9,606.2,399.8,11.3,1102.0,57.9,2400,0.0,0.0,16195,-640,85,discharging,None,None
17:58:40.564,parallel,7.9,606.2,399.8,46.0,1102.0,61.7,2400,0.0,0.0,16213,-496,85,discharging,None,None
17:58:41.067,parallel,7.9,378.5,153.7,63.1,1102.7,59.0,2400,0.0,0.0,16163,-546,85,discharging,None,None
17:58:41.577,parallel,7.9,378.5,153.7,13.9,1102.7,59.5,2400,0.0,0.0,16203,-581,85,discharging,None,None
17:58:42.081,parallel,7.9,362.9,153.7,61.1,1102.2,58.4,2400,0.0,0.0,16169,-566,85,discharging,None,None
17:58:42.584,parallel,7.9,362.9,147.4,32.7,1102.2,57.9,2400,0.0,0.0,16183,-594,85,discharging,None,None
17:58:43.088,parallel,7.9,367.4,147.4,75.6,1101.8,60.0,2400,0.0,0.0,16194,-532,85,discharging,None,None
17:58:43.596,parallel,7.9,367.4,147.4,22.1,1101.8,61.1,2400,0.0,0.0,16199,-538,85,discharging,None,None
17:58:44.100,parallel,7.9,367.4,152.0,63.7,1101.5,61.7,2400,0.0,0.0,16201,-536,85,discharging,None,None
17:58:44.604,parallel,7.9,367.4,152.0,22.8,1101.5,57.9,2400,0.0,0.0,16170,-595,85,discharging,None,None
17:58:45.113,parallel,7.9,367.4,151.4,53.2,1101.5,61.7,2400,0.0,0.0,16209,-538,85,discharging,None,None
17:58:45.617,parallel,7.9,376.6,151.4,57.2,1101.5,58.4,1900,0.0,0.0,16157,-590,85,discharging,None,None
17:58:46.120,parallel,7.9,376.6,151.4,3.5,1101.3,56.8,1600,0.0,0.0,16210,-581,85,discharging,None,None
17:58:46.641,parallel,10.4,376.6,151.4,88.7,1103.6,62.2,2400,0.0,0.0,16198,-441,85,discharging,None,None
17:58:47.145,parallel,10.4,729.5,493.9,58.0,1103.6,58.4,2400,0.0,0.0,16162,-625,85,discharging,None,None
17:58:47.648,parallel,8.4,729.5,493.9,2.5,1103.6,57.3,2400,0.0,0.0,16205,-597,85,discharging,None,None
17:58:48.163,parallel,8.4,729.5,493.9,87.7,1103.6,62.8,2400,0.0,0.0,16197,-477,85,discharging,None,None
17:58:48.666,parallel,8.4,772.6,528.6,67.2,1103.9,58.4,2400,0.0,0.0,16162,-638,85,discharging,None,None
17:58:49.170,parallel,8.3,772.6,528.6,4.4,1103.4,57.9,2400,0.0,0.0,16200,-615,85,discharging,None,None
17:58:49.683,parallel,8.3,772.6,528.6,78.7,1103.4,62.2,2400,0.0,0.0,16210,-476,85,discharging,None,None
17:58:50.186,parallel,8.3,459.7,276.3,47.5,1103.2,59.0,2400,0.0,0.0,16163,-621,85,discharging,None,None
17:58:50.695,parallel,8.3,459.7,276.3,30.2,1103.2,61.1,2400,0.0,0.0,16207,-590,85,discharging,None,None
17:58:51.199,parallel,8.3,399.1,276.3,72.8,1102.7,61.1,2400,0.0,0.0,16169,-541,85,discharging,None,None
17:58:51.703,parallel,8.3,399.1,174.9,18.9,1102.7,57.3,2400,0.0,0.0,16171,-614,85,discharging,None,None
17:58:52.206,parallel,8.3,395.2,174.9,82.2,1102.4,60.6,2400,0.0,0.0,16193,-542,85,discharging,None,None
17:58:52.710,parallel,8.3,395.2,158.0,35.5,1102.4,59.5,2400,0.0,0.0,16198,-555,85,discharging,None,None
17:58:53.219,parallel,8.3,395.2,158.0,55.5,1102.2,61.1,2400,0.0,0.0,16204,-556,85,discharging,None,None
17:58:53.723,parallel,8.3,398.1,158.0,29.2,1102.2,58.4,2400,0.0,0.0,16159,-612,85,discharging,None,None
17:58:54.231,parallel,8.3,398.1,184.9,55.5,1102.1,60.6,2400,0.0,0.0,16206,-581,85,discharging,None,None
17:58:54.734,parallel,8.3,396.1,184.9,64.7,1102.1,59.0,2400,0.0,0.0,16164,-574,85,discharging,None,None
17:58:55.243,parallel,8.3,396.1,184.9,5.5,1102.0,59.0,2400,0.0,0.0,16197,-590,85,discharging,None,None
17:58:55.747,parallel,8.3,396.1,259.3,100.0,1104.0,63.9,2400,0.0,0.0,16184,-522,85,discharging,None,None
17:58:56.250,parallel,8.3,483.7,259.3,29.2,1106.0,58.4,2400,0.0,0.0,16157,-628,85,discharging,None,None
17:58:56.767,parallel,8.3,483.7,259.3,28.6,1109.5,59.5,2400,0.0,0.0,16205,-564,85,discharging,None,None
17:58:57.282,parallel,7.9,483.7,259.3,100.0,1110.5,62.2,2400,0.0,0.0,16174,-517,85,discharging,None,None
17:58:57.786,parallel,7.9,816.1,644.5,36.6,1110.5,59.0,2400,0.0,0.0,16162,-681,85,discharging,None,None
17:58:58.292,parallel,7.9,816.1,644.5,12.4,1108.9,59.5,2400,0.0,0.0,16207,-580,85,discharging,None,None
17:58:58.802,parallel,8.3,559.5,644.5,100.0,1108.9,62.8,2400,0.0,0.0,16181,-486,85,discharging,None,None
17:58:59.306,parallel,8.3,559.5,388.4,28.0,1107.7,58.4,2400,0.0,0.0,16162,-644,85,discharging,None,None
17:58:59.815,parallel,8.4,559.5,388.4,43.0,1107.7,62.2,2400,0.0,0.0,16207,-567,85,discharging,None,None
17:59:00.318,parallel,8.4,399.4,173.5,76.0,1107.7,61.1,2400,0.0,0.0,16166,-540,85,discharging,None,None
17:59:00.825,parallel,8.3,399.4,173.5,5.6,1106.8,59.5,2400,0.0,0.0,16180,-615,85,discharging,None,None
17:59:01.329,parallel,8.3,395.8,173.5,77.3,1106.6,60.0,2400,0.0,0.0,16193,-540,85,discharging,None,None
17:59:01.833,parallel,8.3,395.8,159.3,36.5,1105.9,59.0,2400,0.0,0.0,16197,-555,85,discharging,None,None
17:59:02.340,parallel,8.3,395.8,159.3,68.3,1105.9,62.8,2400,0.0,0.0,16200,-550,85,discharging,None,None
17:59:02.843,parallel,8.3,394.1,159.3,15.4,1105.7,58.4,2400,0.0,0.0,16197,-554,85,discharging,None,None
17:59:03.351,parallel,8.3,394.1,158.2,66.3,1105.7,62.2,2400,0.0,0.0,16200,-543,85,discharging,None,None
17:59:03.854,parallel,8.3,400.2,158.2,51.7,1103.4,59.0,2400,0.0,0.0,16165,-613,85,discharging,None,None
17:59:04.367,parallel,8.2,400.2,158.2,30.8,1103.4,61.1,2400,0.0,0.0,16208,-550,85,discharging,None,None
17:59:04.871,parallel,8.2,398.6,172.7,87.3,1103.0,61.1,2400,0.0,0.0,16156,-597,85,discharging,None,None
17:59:05.374,parallel,8.2,398.6,172.7,1.5,1103.5,58.4,2400,0.0,0.0,16203,-606,85,discharging,None,None
17:59:05.887,parallel,8.4,398.6,172.7,59.8,1103.5,61.7,2400,0.0,0.0,16194,-481,85,discharging,None,None
17:59:06.390,parallel,8.4,631.4,403.5,71.3,1102.8,60.0,2400,0.0,0.0,16156,-636,85,discharging,None,None
17:59:06.894,parallel,8.3,631.4,403.5,2.0,1102.1,59.0,2400,0.0,0.0,16206,-583,85,discharging,None,None
17:59:07.404,parallel,8.3,631.4,403.5,74.6,1102.1,62.2,2400,0.0,0.0,16174,-487,85,discharging,None,None
17:59:07.908,parallel,8.3,676.0,452.1,63.7,1101.5,59.5,2400,0.0,0.0,16154,-645,85,discharging,None,None
17:59:08.411,parallel,8.3,676.0,452.1,10.5,1101.5,58.4,2400,0.0,0.0,16200,-577,85,discharging,None,None
17:59:08.920,parallel,8.3,676.0,452.1,77.8,1101.5,62.2,2400,0.0,0.0,16176,-505,85,discharging,None,None
17:59:09.423,parallel,7.9,583.5,337.3,55.8,1101.3,59.0,2400,0.0,0.0,16159,-642,85,discharging,None,None
17:59:09.929,parallel,7.9,583.5,337.3,9.5,1101.5,59.5,2400,0.0,0.0,16206,-554,85,discharging,None,None
17:59:10.435,parallel,8.2,399.9,337.3,84.7,1114.5,61.7,2400,0.0,0.0,16166,-549,85,discharging,None,None
17:59:10.939,parallel,8.2,399.9,165.7,26.4,1119.3,58.4,2400,0.0,0.0,16196,-615,85,discharging,None,None
17:59:11.447,parallel,8.2,399.9,165.7,70.5,1119.3,63.4,2400,0.0,0.0,16188,-533,85,discharging,None,None
17:59:11.950,parallel,8.4,409.5,170.6,50.5,1119.3,60.6,2400,0.0,0.0,16198,-557,85,discharging,None,None
17:59:12.456,parallel,8.4,409.5,170.6,32.2,1119.3,62.2,2400,0.0,0.0,16200,-544,85,discharging,None,None
17:59:12.960,parallel,8.3,396.8,170.6,51.7,1114.4,59.0,2400,0.0,0.0,16157,-600,85,discharging,None,None
17:59:13.463,parallel,8.3,396.8,158.9,36.3,1114.4,58.4,2400,0.0,0.0,16188,-613,85,discharging,None,None
17:59:13.967,parallel,8.3,399.4,158.9,82.7,1114.3,61.1,2400,0.0,0.0,16167,-576,85,discharging,None,None
17:59:14.470,parallel,8.3,399.4,158.9,1.5,1114.3,57.9,2400,0.0,0.0,16200,-555,85,discharging,None,None
17:59:14.976,parallel,8.3,399.4,172.0,91.5,1114.3,62.8,2400,0.0,0.0,16181,-543,85,discharging,None,None
17:59:15.480,parallel,8.3,403.4,172.0,29.4,1113.4,58.4,2400,0.0,0.0,16188,-615,85,discharging,None,None
17:59:15.991,parallel,8.3,403.4,172.0,28.2,1110.7,61.1,2400,0.0,0.0,16208,-518,85,discharging,None,None
17:59:16.494,parallel,8.3,575.2,314.6,99.5,1110.7,62.8,2400,0.0,0.0,16165,-567,85,discharging,None,None
17:59:16.998,parallel,8.3,575.2,314.6,3.0,1109.7,58.4,2400,0.0,0.0,16194,-629,85,discharging,None,None
17:59:17.514,parallel,8.3,575.2,314.6,46.3,1109.7,61.1,2400,0.0,0.0,16210,-484,85,discharging,None,None
17:59:18.018,parallel,8.3,704.7,468.2,96.6,1108.8,61.7,2400,0.0,0.0,16163,-594,85,discharging,None,None
17:59:18.521,parallel,8.3,704.7,468.2,1.5,1108.8,58.4,2400,0.0,0.0,16194,-637,85,discharging,None,None
17:59:19.028,parallel,8.4,704.7,468.2,49.5,1108.8,62.8,2400,0.0,0.0,16208,-482,85,discharging,None,None
17:59:19.532,parallel,8.4,636.9,413.9,88.1,1107.2,60.6,2400,0.0,0.0,16163,-603,85,discharging,None,None
17:59:20.210,parallel,8.4,636.9,413.9,8.5,1107.0,57.9,2400,0.0,0.0,16207,-544,85,discharging,None,None
17:59:20.720,parallel,8.4,405.3,413.9,93.0,1107.3,61.1,2400,0.0,0.0,16164,-554,85,discharging,None,None
17:59:21.223,parallel,8.4,405.3,172.7,27.5,1107.3,58.4,2400,0.0,0.0,16198,-623,85,discharging,None,None
17:59:21.731,parallel,7.9,405.3,172.7,60.4,1107.3,64.5,2400,0.0,0.0,16200,-533,85,discharging,None,None
17:59:22.234,parallel,7.9,401.1,161.7,58.6,1105.4,60.6,2400,0.0,0.0,16196,-575,85,discharging,None,None
17:59:22.743,parallel,8.3,401.1,161.7,23.9,1105.4,61.1,2400,0.0,0.0,16201,-554,85,discharging,None,None
17:59:23.247,parallel,8.3,397.9,161.7,60.6,1104.9,59.0,2400,0.0,0.0,16159,-586,85,discharging,None,None
17:59:23.750,parallel,8.3,397.9,163.1,36.6,1104.9,59.5,2400,0.0,0.0,16175,-614,85,discharging,None,None
17:59:24.254,parallel,8.3,399.1,163.1,82.0,1104.9,61.7,2400,0.0,0.0,16167,-572,85,discharging,None,None
17:59:24.764,parallel,8.3,399.1,163.1,3.0,1104.9,59.5,2400,0.0,0.0,16198,-554,85,discharging,None,None
17:59:25.268,parallel,8.3,399.1,171.4,83.4,1103.8,62.8,2400,0.0,0.0,16192,-543,85,discharging,None,None
17:59:25.772,parallel,8.3,394.5,171.4,35.3,1103.8,59.0,2400,0.0,0.0,16182,-617,85,discharging,None,None
17:59:26.288,parallel,8.4,394.5,171.4,32.4,1103.3,61.7,2400,0.0,0.0,16206,-525,85,discharging,None,None
17:59:26.792,parallel,8.4,520.0,303.6,94.1,1103.3,61.1,2400,0.0,0.0,16159,-586,85,discharging,None,None
17:59:27.295,parallel,8.4,520.0,303.6,2.5,1105.2,58.4,2400,0.0,0.0,16196,-628,85,discharging,None,None
17:59:27.814,parallel,8.3,520.0,303.6,52.5,1105.2,62.8,2400,0.0,0.0,16207,-484,85,discharging,None,None
17:59:28.317,parallel,8.3,719.8,504.9,92.2,1104.0,61.1,2400,0.0,0.0,16160,-613,85,discharging,None,None
17:59:28.821,parallel,8.3,719.8,504.9,2.5,1104.0,59.5,2400,0.0,0.0,16196,-628,85,discharging,None,None
17:59:29.329,parallel,8.3,719.8,504.9,52.7,1103.5,62.8,2400,0.0,0.0,16209,-479,85,discharging,None,None
17:59:29.832,parallel,8.3,611.0,405.0,86.1,1103.5,60.6,2400,0.0,0.0,16157,-613,85,discharging,None,None
17:59:30.336,parallel,8.3,611.0,405.0,2.5,1103.5,58.4,2400,0.0,0.0,16200,-619,85,discharging,None,None
17:59:30.843,parallel,8.3,611.0,405.0,72.7,1104.0,62.2,2400,0.0,0.0,16192,-503,85,discharging,None,None
17:59:31.347,parallel,8.4,403.5,163.2,46.2,1102.7,59.5,2400,0.0,0.0,16167,-615,85,discharging,None,None
17:59:31.855,parallel,8.4,403.5,163.2,34.8,1102.7,61.1,2400,0.0,0.0,16207,-546,85,discharging,None,None
17:59:32.360,parallel,8.3,412.9,163.2,71.3,1102.4,61.1,2400,0.0,0.0,16160,-542,85,discharging,None,None
17:59:32.863,parallel,8.3,412.9,163.3,27.0,1105.9,58.4,2400,0.0,0.0,16186,-613,85,discharging,None,None
17:59:33.368,parallel,7.9,398.1,163.3,82.5,1105.7,61.1,2400,0.0,0.0,16167,-575,85,discharging,None,None
17:59:33.871,parallel,7.9,398.1,163.3,37.1,1105.5,61.7,2400,0.0,0.0,16196,-559,85,discharging,None,None
17:59:34.379,parallel,7.9,398.1,163.3,56.5,1105.5,62.8,2400,0.0,0.0,16197,-543,85,discharging,None,None
17:59:34.882,parallel,8.3,403.4,163.3,29.4,1105.0,59.0,2400,0.0,0.0,16177,-612,85,discharging,None,None
17:59:35.391,parallel,8.3,403.4,171.4,53.5,1105.0,61.7,2400,0.0,0.0,16196,-580,85,discharging,None,None
17:59:35.895,parallel,8.3,402.0,171.4,66.5,1104.4,60.0,2400,0.0,0.0,16161,-612,85,discharging,None,None
17:59:36.398,parallel,8.3,402.0,171.4,2.5,1106.2,59.0,2400,0.0,0.0,16205,-563,85,discharging,None,None
17:59:36.907,parallel,8.3,402.0,283.6,98.5,1106.2,63.4,2400,0.0,0.0,16171,-512,85,discharging,None,None
17:59:37.410,parallel,8.3,512.7,283.6,28.3,1105.9,59.0,2400,0.0,0.0,16175,-629,85,discharging,None,None
17:59:37.922,parallel,8.3,512.7,283.6,21.4,1105.9,61.1,2400,0.0,0.0,16207,-530,85,discharging,None,None
17:59:38.434,parallel,8.2,512.7,507.4,100.0,1105.9,63.4,2400,0.0,0.0,16168,-542,85,discharging,None,None
17:59:38.938,parallel,8.2,747.1,507.4,31.7,1104.8,59.0,2400,0.0,0.0,16163,-669,85,discharging,None,None
17:59:39.445,parallel,8.4,747.1,507.4,15.0,1110.6,60.0,2400,0.0,0.0,16203,-540,85,discharging,None,None
17:59:39.954,parallel,8.4,747.1,507.4,99.5,1111.4,63.4,2400,0.0,0.0,16163,-542,85,discharging,None,None
17:59:40.458,parallel,8.4,735.4,471.2,34.8,1111.2,58.4,2400,0.0,0.0,16155,-683,85,discharging,None,None
17:59:40.967,parallel,8.4,735.4,471.2,13.4,1110.9,59.5,2400,0.0,0.0,16201,-560,85,discharging,None,None
17:59:41.471,parallel,8.4,488.2,471.2,99.5,1124.2,63.9,2400,0.0,0.0,16164,-539,85,discharging,None,None
17:59:41.975,parallel,8.3,488.2,249.3,15.4,1123.1,58.4,1600,0.0,0.0,16180,-637,85,discharging,None,None
17:59:42.483,parallel,8.3,488.2,249.3,58.4,1123.1,62.2,2400,0.0,0.0,16211,-507,85,discharging,None,None
17:59:42.987,parallel,8.3,407.4,172.7,64.2,1120.8,60.0,2400,0.0,0.0,16160,-542,85,discharging,None,None
17:59:43.495,parallel,8.3,407.4,172.7,19.1,1120.8,60.6,2400,0.0,0.0,16195,-604,85,discharging,None,None
17:59:43.998,parallel,8.3,402.5,172.7,65.4,1117.9,59.5,2400,0.0,0.0,16165,-589,85,discharging,None,None
17:59:44.502,parallel,8.3,402.5,339.8,52.5,1117.9,59.5,2400,0.0,0.0,16190,-608,85,discharging,None,None
17:59:45.006,parallel,8.3,397.8,339.8,80.2,1117.1,64.5,2400,0.0,0.0,16191,-561,85,discharging,None,None
17:59:45.510,parallel,7.6,397.8,339.8,5.4,1115.8,58.4,2400,0.0,0.0,16195,-584,85,discharging,None,None
17:59:46.019,parallel,7.6,397.8,164.3,74.6,1114.2,62.2,2400,0.0,0.0,16205,-547,85,discharging,None,None
17:59:46.522,parallel,7.6,411.2,164.3,44.1,1112.7,59.5,2400,0.0,0.0,16155,-617,85,discharging,None,None
17:59:47.031,parallel,8.3,411.2,164.3,7.0,1111.2,59.0,2400,0.0,0.0,16204,-574,85,discharging,None,None
17:59:47.539,parallel,8.3,411.2,501.6,100.0,1111.2,63.4,2400,0.0,0.0,16173,-498,85,discharging,None,None
17:59:48.042,parallel,8.3,703.0,501.6,41.1,1109.9,60.0,2400,0.0,0.0,16151,-660,85,discharging,None,None
17:59:48.552,parallel,8.3,703.0,501.6,7.9,1109.9,59.0,2400,0.0,0.0,16204,-572,85,discharging,None,None
17:59:49.063,parallel,8.3,703.0,501.6,100.0,1109.9,63.4,2400,0.0,0.0,16171,-500,85,discharging,None,None
17:59:49.566,parallel,8.2,747.8,499.3,44.3,1112.4,59.5,2400,0.0,0.0,16153,-668,85,discharging,None,None
17:59:50.073,parallel,8.2,747.8,499.3,3.0,1111.4,59.0,2400,0.0,0.0,16204,-491,85,discharging,None,None
17:59:50.582,parallel,8.3,501.3,499.3,99.0,1111.4,63.9,2400,0.0,0.0,16160,-576,85,discharging,None,None
17:59:51.086,parallel,8.3,501.3,282.4,25.9,1109.3,59.0,2400,0.0,0.0,16194,-630,85,discharging,None,None
17:59:51.595,parallel,8.4,501.3,282.4,45.0,1109.3,62.8,2400,0.0,0.0,16190,-524,84,discharging,None,None
17:59:52.099,parallel,8.4,405.4,161.6,73.5,1108.3,61.1,2400,0.0,0.0,16181,-613,84,discharging,None,None
17:59:52.607,parallel,8.4,405.4,161.6,8.0,1108.3,60.6,2400,0.0,0.0,16206,-554,84,discharging,None,None
17:59:53.111,parallel,8.3,407.4,161.6,77.9,1107.8,60.0,2400,0.0,0.0,16158,-560,84,discharging,None,None
17:59:53.614,parallel,8.3,407.4,158.0,36.3,1107.8,60.0,2400,0.0,0.0,16175,-617,84,discharging,None,None
17:59:54.123,parallel,8.3,407.4,158.0,66.8,1107.8,64.5,2400,0.0,0.0,16168,-566,84,discharging,None,None
17:59:54.627,parallel,8.3,407.4,158.0,21.7,1106.8,60.0,2400,0.0,0.0,16195,-555,84,discharging,None,None
17:59:55.131,parallel,8.4,407.4,168.2,60.7,1106.9,62.2,2400,0.0,0.0,16200,-542,84,discharging,None,None
17:59:55.635,parallel,8.4,399.3,168.2,55.2,1106.9,60.0,2400,0.0,0.0,16179,-614,84,discharging,None,None
17:59:56.142,parallel,8.4,399.3,160.0,33.2,1106.9,62.8,2400,0.0,0.0,16206,-564,84,discharging,None,None
17:59:56.755,parallel,8.2,399.3,160.0,93.9,1106.5,62.8,2400,0.0,0.0,16163,-596,84,discharging,None,None
17:59:57.259,parallel,8.2,571.4,160.0,6.9,1105.6,59.0,2400,0.0,0.0,16192,-623,84,discharging,None,None
17:59:57.767,parallel,8.2,571.4,174.5,76.6,1105.6,63.9,2400,0.0,0.0,16177,-529,84,discharging,None,None
17:59:58.270,parallel,6.7,406.9,174.5,45.0,1105.3,59.5,2400,0.0,0.0,16155,-610,84,discharging,None,None
17:59:58.778,parallel,6.7,406.9,174.5,13.5,1105.3,61.1,2400,0.0,0.0,16205,-551,84,discharging,None,None
17:59:59.283,parallel,8.2,406.9,407.1,100.0,1105.3,63.9,2400,0.0,0.0,16169,-537,84,discharging,None,None
17:59:59.786,parallel,8.2,609.3,407.1,25.1,1104.9,59.5,2400,0.0,0.0,16184,-645,84,discharging,None,None
18:00:00.295,parallel,8.4,609.3,407.1,22.1,1104.5,61.7,2400,0.0,0.0,16205,-517,84,discharging,None,None
18:00:00.800,parallel,8.4,609.3,407.1,100.0,1105.5,63.4,2400,0.0,0.0,16167,-554,84,discharging,None,None
18:00:01.303,parallel,8.4,738.2,494.0,28.9,1104.6,59.0,2400,0.0,0.0,16177,-666,84,discharging,None,None
18:00:01.815,parallel,8.4,738.2,494.0,19.2,1104.3,61.1,2400,0.0,0.0,16206,-520,84,discharging,None,None
18:00:02.319,parallel,8.4,535.6,494.0,100.0,1104.3,64.5,2400,0.0,0.0,16162,-548,84,discharging,None,None
18:00:02.823,parallel,8.3,535.6,324.6,12.4,1103.9,59.5,2400,0.0,0.0,16193,-634,84,discharging,None,None
18:00:03.332,parallel,8.3,535.6,324.6,54.2,1103.4,63.4,2400,0.0,0.0,16207,-513,84,discharging,None,None
18:00:03.835,parallel,8.3,399.2,170.7,64.4,1103.2,60.0,2400,0.0,0.0,16172,-581,84,discharging,None,None
18:00:04.345,parallel,8.3,399.2,170.7,18.6,1102.7,61.1,2400,0.0,0.0,16199,-595,84,discharging,None,None
18:00:04.848,parallel,8.3,396.0,170.7,66.5,1102.7,59.5,2400,0.0,0.0,16164,-580,84,discharging,None,None
18:00:05.352,parallel,8.3,396.0,167.5,37.1,1102.7,59.5,2400,0.0,0.0,16176,-616,84,discharging,None,None
18:00:05.859,parallel,8.3,398.8,167.5,79.8,1102.7,64.5,2400,0.0,0.0,16188,-543,84,discharging,None,None
18:00:06.367,parallel,8.4,398.8,167.5,21.2,1102.7,62.2,2400,0.0,0.0,16195,-557,84,discharging,None,None
18:00:06.871,parallel,8.4,398.8,159.2,64.0,1102.9,63.4,2400,0.0,0.0,16190,-551,84,discharging,None,None
18:00:07.374,parallel,8.4,398.4,159.2,41.1,1101.8,59.5,2400,0.0,0.0,16156,-614,84,discharging,None,None
18:00:07.883,parallel,8.3,398.4,182.2,44.2,1101.8,62.2,2400,0.0,0.0,16206,-551,84,discharging,None,None
18:00:08.387,parallel,8.3,399.2,182.2,77.8,1101.8,60.6,2400,0.0,0.0,16161,-563,84,discharging,None,None
18:00:08.891,parallel,8.3,399.2,182.2,10.5,1101.5,59.0,2400,0.0,0.0,16195,-609,84,discharging,None,None
18:00:09.403,parallel,8.3,399.2,182.2,72.3,1101.5,63.4,2400,0.0,0.0,16197,-501,84,discharging,None,None
18:00:09.906,parallel,7.9,676.3,517.1,70.6,1100.9,60.6,2400,0.0,0.0,16156,-638,84,discharging,None,None
18:00:10.410,parallel,7.9,676.3,517.1,1.5,1100.9,59.0,2400,0.0,0.0,16196,-617,84,discharging,None,None
18:00:10.922,parallel,7.9,676.3,517.1,75.7,1101.8,63.4,2400,0.0,0.0,16197,-483,84,discharging,None,None
18:00:11.425,parallel,8.2,720.0,466.6,70.3,1101.8,60.0,2400,0.0,0.0,16156,-634,84,discharging,None,None
18:00:11.929,parallel,8.2,720.0,466.6,2.0,1102.0,59.0,2400,0.0,0.0,16196,-617,84,discharging,None,None
18:00:12.441,parallel,8.4,720.0,466.6,75.0,1102.0,62.8,2400,0.0,0.0,16203,-478,84,discharging,None,None
18:00:12.945,parallel,8.4,451.6,221.7,44.3,1102.7,59.5,2400,0.0,0.0,16159,-618,84,discharging,None,None
18:00:13.452,parallel,8.4,451.6,221.7,29.7,1102.7,62.2,2400,0.0,0.0,16204,-577,84,discharging,None,None
18:00:13.956,parallel,8.3,396.6,221.7,76.7,1102.5,63.4,2400,0.0,0.0,16163,-549,84,discharging,None,None
18:00:14.460,parallel,8.3,396.6,167.8,15.1,1102.5,59.0,2400,0.0,0.0,16180,-616,84,discharging,None,None
18:00:14.963,parallel,8.3,392.3,167.8,81.0,1102.0,62.2,2400,0.0,0.0,16185,-544,84,discharging,None,None
18:00:15.467,parallel,8.3,392.3,158.1,35.7,1102.0,60.6,2400,0.0,0.0,16194,-554,84,discharging,None,None
18:00:15.975,parallel,8.3,392.3,158.1,55.2,1102.0,63.4,2400,0.0,0.0,16198,-548,84,discharging,None,None
18:00:16.478,parallel,8.3,398.9,158.1,28.7,1101.7,59.5,2400,0.0,0.0,16156,-614,84,discharging,None,None
18:00:16.987,parallel,8.3,398.9,159.8,52.7,1101.7,61.1,2400,0.0,0.0,16194,-602,84,discharging,None,None
18:00:17.490,parallel,8.3,396.0,159.8,65.3,1101.7,60.0,2400,0.0,0.0,16161,-585,84,discharging,None,None
18:00:17.999,parallel,8.3,396.0,159.8,13.6,1101.7,60.0,1600,0.0,0.0,16196,-565,84,discharging,None,None
18:00:18.504,parallel,8.3,396.0,237.8,100.0,1101.7,65.0,2400,0.0,0.0,16175,-520,84,discharging,None,None
18:00:19.007,parallel,8.3,430.3,237.8,10.4,1101.2,59.5,2400,0.0,0.0,16176,-608,84,discharging,None,None
18:00:19.519,parallel,8.3,430.3,237.8,38.4,1101.2,62.8,2400,0.0,0.0,16205,-527,84,discharging,None,None
18:00:20.024,parallel,8.3,430.3,502.6,100.0,1101.6,65.0,2400,0.0,0.0,16164,-549,84,discharging,None,None
18:00:20.528,parallel,8.3,713.6,502.6,8.5,1101.7,59.5,2400,0.0,0.0,16175,-662,84,discharging,None,None
18:00:21.037,parallel,8.4,713.6,502.6,38.1,1102.3,62.8,2400,0.0,0.0,16205,-523,84,discharging,None,None
18:00:21.541,parallel,8.4,713.6,381.6,100.0,1102.3,63.9,2400,0.0,0.0,16165,-538,84,discharging,None,None
18:00:22.045,parallel,7.9,713.8,381.6,16.5,1102.0,60.0,2400,0.0,0.0,16161,-664,84,discharging,None,None
18:00:22.552,parallel,7.9,713.8,381.6,30.7,1102.0,62.2,2400,0.0,0.0,16203,-536,84,discharging,None,None
18:00:23.056,parallel,7.9,599.4,391.0,99.5,1102.0,63.4,2400,0.0,0.0,16165,-530,84,discharging,None,None
18:00:23.560,parallel,8.3,599.4,391.0,4.0,1101.6,59.0,2400,0.0,0.0,16176,-639,84,discharging,None,None
18:00:24.067,parallel,8.3,599.4,391.0,53.0,1101.6,63.4,2400,0.0,0.0,16205,-517,84,discharging,None,None
18:00:24.570,parallel,8.3,399.3,164.2,65.8,1101.6,60.6,2400,0.0,0.0,16156,-560,84,discharging,None,None
18:00:25.081,parallel,8.3,399.3,164.2,15.6,1101.6,61.1,2400,0.0,0.0,16194,-548,84,discharging,None,None
18:00:25.585,parallel,8.4,393.9,164.2,67.2,1102.0,60.0,2400,0.0,0.0,16168,-555,84,discharging,None,None
18:00:26.088,parallel,8.4,393.9,159.8,36.0,1101.6,59.5,2400,0.0,0.0,16195,-609,84,discharging,None,None
18:00:26.595,parallel,8.4,397.0,159.8,78.9,1101.6,63.9,2400,0.0,0.0,16164,-591,84,discharging,None,None
18:00:27.099,parallel,8.3,397.0,159.8,27.3,1101.5,62.8,2400,0.0,0.0,16199,-573,84,discharging,None,None
18:00:27.604,parallel,8.3,397.0,171.0,55.2,1101.5,62.8,2400,0.0,0.0,16188,-542,84,discharging,None,None
18:00:28.107,parallel,8.3,407.4,171.0,44.0,1101.8,60.0,1900,0.0,0.0,16186,-603,84,discharging,None,None
18:00:28.616,parallel,8.3,407.4,172.0,39.0,1101.8,60.0,2400,0.0,0.0,16196,-551,84,discharging,None,None
18:00:29.120,parallel,8.3,399.4,172.0,80.3,1101.8,61.1,2400,0.0,0.0,16158,-595,84,discharging,None,None
18:00:29.624,parallel,8.3,399.4,172.0,2.0,1101.8,59.5,2400,0.0,0.0,16203,-556,84,discharging,None,None
18:00:30.131,parallel,8.3,399.4,388.5,80.8,1101.5,63.9,2400,0.0,0.0,16170,-519,84,discharging,None,None
18:00:30.635,parallel,8.3,573.0,388.5,53.3,1101.3,60.6,2400,0.0,0.0,16166,-642,84,discharging,None,None
18:00:31.138,parallel,8.3,573.0,388.5,2.0,1101.8,58.4,2400,0.0,0.0,16205,-532,84,discharging,None,None
18:00:31.651,parallel,8.3,573.0,388.5,92.2,1101.8,63.9,2400,0.0,0.0,16167,-540,84,discharging,None,None
18:00:32.154,parallel,8.3,763.0,544.8,61.7,1101.6,59.5,2400,0.0,0.0,16156,-677,84,discharging,None,None
18:00:32.659,parallel,8.3,763.0,544.8,2.0,1101.6,59.5,2400,0.0,0.0,16203,-546,84,discharging,None,None
18:00:33.234,parallel,8.4,763.0,544.8,85.6,1101.3,63.4,2400,0.0,0.0,16172,-516,84,discharging,None,None
18:00:33.738,parallel,8.4,715.4,320.7,68.2,1101.3,60.6,2400,0.0,0.0,16157,-681,84,discharging,None,None
18:00:34.241,parallel,8.4,715.4,320.7,2.0,1101.5,59.0,2400,0.0,0.0,16202,-575,84,discharging,None,None
18:00:34.745,parallel,6.6,407.2,320.7,83.6,1101.5,62.2,2400,0.0,0.0,16164,-525,84,discharging,None,None
18:00:35.248,parallel,6.6,407.2,169.3,37.5,1101.3,60.6,2400,0.0,0.0,16169,-617,84,discharging,None,None
18:00:35.756,parallel,8.3,407.2,169.3,57.6,1101.3,63.4,2400,0.0,0.0,16200,-542,84,discharging,None,None
18:00:36.261,parallel,8.3,411.2,169.3,54.0,1101.1,64.5,2400,0.0,0.0,16184,-558,84,discharging,None,None
18:00:36.768,parallel,8.4,411.2,160.3,28.1,1101.1,61.7,2400,0.0,0.0,16197,-576,84,discharging,None,None
18:00:37.272,parallel,8.4,403.6,160.3,65.7,1101.1,61.1,2400,0.0,0.0,16158,-614,84,discharging,None,None
18:00:37.775,parallel,8.4,403.6,160.9,36.7,1101.1,60.6,2400,0.0,0.0,16200,-595,84,discharging,None,None
18:00:38.283,parallel,8.3,403.5,160.9,78.5,1100.8,64.5,2400,0.0,0.0,16172,-547,84,discharging,None,None
18:00:38.786,parallel,8.3,403.5,160.9,6.4,1100.8,59.0,2400,0.0,0.0,16193,-577,84,discharging,None,None
18:00:39.295,parallel,8.4,403.5,163.4,76.1,1100.8,63.4,2400,0.0,0.0,16167,-544,84,discharging,None,None
18:00:39.798,parallel,8.4,398.6,163.4,42.9,1100.8,59.5,2400,0.0,0.0,16155,-614,84,discharging,None,None
18:00:40.311,parallel,8.2,398.6,163.4,20.7,1101.0,61.1,2400,0.0,0.0,16204,-547,84,discharging,None,None
18:00:40.816,parallel,8.2,398.6,305.8,100.0,1101.3,64.5,2400,0.0,0.0,16167,-546,84,discharging,None,None
18:00:41.319,parallel,8.2,546.1,305.8,9.9,1101.3,59.0,2400,0.0,0.0,16193,-629,84,discharging,None,None
18:00:41.833,parallel,8.4,546.1,305.8,38.6,1101.0,62.2,2400,0.0,0.0,16206,-492,84,discharging,None,None
18:00:42.339,parallel,8.4,546.1,481.1,100.0,1101.0,63.9,2400,0.0,0.0,16159,-578,84,discharging,None,None
18:00:42.842,parallel,8.3,721.7,481.1,9.0,1100.8,59.5,2400,0.0,0.0,16193,-660,84,discharging,None,None
18:00:43.351,parallel,8.3,721.7,481.1,38.3,1100.8,62.8,2400,0.0,0.0,16205,-490,84,discharging,None,None
18:00:43.855,parallel,8.3,721.7,481.1,100.0,1100.8,62.8,2400,0.0,0.0,16171,-562,84,discharging,None,None
18:00:44.358,parallel,8.3,728.1,493.5,16.3,1102.0,60.6,2400,0.0,0.0,16185,-659,84,discharging,None,None
18:00:44.867,parallel,8.3,728.1,493.5,35.7,1102.2,62.2,2400,0.0,0.0,16204,-504,84,discharging,None,None
18:00:45.371,parallel,8.4,397.1,493.5,73.3,1102.2,62.8,2400,0.0,0.0,16154,-560,84,discharging,None,None
18:00:45.876,parallel,8.4,397.1,349.9,20.8,1102.5,59.0,2400,0.0,0.0,16184,-628,84,discharging,None,None
18:00:46.380,parallel,7.9,401.1,349.9,82.8,1102.5,61.7,2400,0.0,0.0,16167,-574,84,discharging,None,None
18:00:46.883,parallel,7.9,401.1,159.3,36.6,1102.0,60.6,2400,0.0,0.0,16193,-561,84,discharging,None,None
18:00:47.391,parallel,7.9,401.1,159.3,60.0,1102.0,64.5,2400,0.0,0.0,16196,-543,84,discharging,None,None
18:00:47.894,parallel,8.3,403.2,159.3,26.0,1101.7,59.0,2400,0.0,0.0,16170,-613,84,discharging,None,None
18:00:48.403,parallel,8.3,403.2,175.2,59.2,1101.7,61.7,2400,0.0,0.0,16194,-588,84,discharging,None,None
18:00:48.907,parallel,8.3,407.6,175.2,62.3,1101.7,60.0,2400,0.0,0.0,16158,-610,84,discharging,None,None
18:00:49.415,parallel,8.3,407.6,175.2,7.0,1101.7,60.0,2400,0.0,0.0,16201,-565,84,discharging,None,None
18:00:49.919,parallel,8.3,407.6,339.2,100.0,1101.7,63.9,2400,0.0,0.0,16165,-518,84,discharging,None,None
18:00:50.423,parallel,8.3,529.2,339.2,26.7,1101.2,60.0,2400,0.0,0.0,16161,-639,84,discharging,None,None
18:00:50.936,parallel,8.3,529.2,339.2,21.9,1101.7,61.7,2400,0.0,0.0,16202,-541,84,discharging,None,None
18:00:51.444,parallel,8.3,529.2,339.2,100.0,1101.7,64.5,2400,0.0,0.0,16169,-529,84,discharging,None,None
18:00:51.947,parallel,8.3,796.7,640.5,40.0,1101.7,59.5,2400,0.0,0.0,16155,-678,84,discharging,None,None
18:00:52.455,parallel,8.4,796.7,640.5,7.0,1101.7,60.0,2400,0.0,0.0,16201,-558,84,discharging,None,None
18:00:52.959,parallel,8.4,478.5,640.5,99.5,1101.4,64.5,2400,0.0,0.0,16168,-507,84,discharging,None,None
18:00:53.462,parallel,8.4,478.5,272.1,23.3,1101.2,59.5,2400,0.0,0.0,16162,-630,84,discharging,None,None
18:00:53.967,parallel,8.3,478.5,272.1,53.0,1101.2,63.9,2400,0.0,0.0,16204,-528,84,discharging,None,None
18:00:54.471,parallel,8.3,403.7,166.0,67.0,1101.2,61.7,2400,0.0,0.0,16157,-545,84,discharging,None,None
18:00:54.979,parallel,8.3,403.7,166.0,14.9,1101.2,60.0,2400,0.0,0.0,16196,-608,84,discharging,None,None
18:00:55.483,parallel,8.3,395.9,166.0,68.6,1101.2,60.6,2400,0.0,0.0,16162,-580,84,discharging,None,None
18:00:55.987,parallel,8.3,395.9,167.6,37.5,1100.7,60.6,2400,0.0,0.0,16195,-593,84,discharging,None,None
18:00:56.495,parallel,8.3,395.9,167.6,76.5,1100.7,63.4,2400,0.0,0.0,16200,-543,84,discharging,None,None
18:00:57.000,parallel,8.3,399.4,167.6,11.7,1101.0,60.0,2400,0.0,0.0,16183,-580,84,discharging,None,None
18:00:57.508,parallel,8.3,399.4,163.4,71.1,1101.0,62.2,2400,0.0,0.0,16166,-581,84,discharging,None,None
18:00:58.011,parallel,8.3,408.3,163.4,53.5,1101.0,60.0,2400,0.0,0.0,16157,-616,84,discharging,None,None
18:00:58.518,parallel,7.9,408.3,156.2,34.0,1101.0,62.2,2400,0.0,0.0,16200,-563,84,discharging,None,None
18:00:59.022,parallel,7.9,399.2,156.2,83.3,1100.5,62.2,2400,0.0,0.0,16178,-541,84,discharging,None,None
18:00:59.525,parallel,7.9,399.2,156.2,3.0,1100.5,59.0,2400,0.0,0.0,16192,-614,84,discharging,None,None
18:01:00.036,parallel,8.4,399.2,156.2,65.9,1100.5,63.4,2400,0.0,0.0,16204,-507,84,discharging,None,None
18:01:00.539,parallel,8.4,583.4,390.5,65.8,1100.5,60.6,2400,0.0,0.0,16156,-598,84,discharging,None,None
18:01:01.043,parallel,8.3,583.4,390.5,2.5,1101.0,59.5,2400,0.0,0.0,16193,-626,84,discharging,None,None
18:01:01.562,parallel,8.3,583.4,390.5,79.8,1101.0,63.9,2400,0.0,0.0,16203,-486,84,discharging,None,None
18:01:02.065,parallel,8.3,667.1,398.7,54.4,1101.0,60.6,2400,0.0,0.0,16178,-642,84,discharging,None,None
18:01:02.569,parallel,8.3,667.1,398.7,2.0,1101.0,59.5,2400,0.0,0.0,16202,-518,84,discharging,None,None
18:01:03.079,parallel,8.3,667.1,398.7,90.8,1101.0,63.9,2400,0.0,0.0,16162,-550,84,discharging,None,None
18:01:03.583,parallel,8.3,644.2,416.2,50.5,1100.8,60.0,2400,0.0,0.0,16175,-655,84,discharging,None,None
18:01:04.091,parallel,8.3,644.2,416.2,7.5,1100.8,59.5,1600,0.0,0.0,16207,-504,84,discharging,None,None
18:01:04.595,parallel,8.3,414.5,416.2,94.6,1100.8,62.8,2400,0.0,0.0,16158,-542,84,discharging,None,None
18:01:05.098,parallel,8.3,414.5,160.5,21.7,1100.8,59.5,2400,0.0,0.0,16191,-606,84,discharging,None,None
18:01:05.607,parallel,8.3,414.5,160.5,65.3,1100.8,64.5,2400,0.0,0.0,16167,-556,84,discharging,None,None
18:01:06.110,parallel,8.3,399.4,172.2,52.5,1100.5,61.1,2400,0.0,0.0,16178,-610,84,discharging,None,None
18:01:06.620,parallel,8.3,399.4,172.2,29.4,1100.5,62.8,2400,0.0,0.0,16203,-544,84,discharging,None,None
18:01:07.123,parallel,8.4,398.8,172.2,55.9,1100.5,60.0,2400,0.0,0.0,16169,-560,84,discharging,None,None
18:01:07.627,parallel,8.4,398.8,159.4,36.1,1101.3,60.0,2400,0.0,0.0,16168,-593,84,discharging,None,None
18:01:08.130,parallel,8.3,403.4,159.4,82.7,1101.5,62.8,2400,0.0,0.0,16159,-605,84,discharging,None,None
18:01:08.638,parallel,8.3,403.4,159.4,8.0,1101.5,60.6,2400,0.0,0.0,16200,-557,84,discharging,None,None
18:01:09.143,parallel,8.3,403.4,172.0,82.8,1101.5,63.9,2400,0.0,0.0,16180,-541,84,discharging,None,None
18:01:09.646,parallel,8.3,583.4,172.0,43.1,1101.5,60.0,2400,0.0,0.0,16185,-632,84,discharging,None,None
18:01:10.150,parallel,8.3,583.4,156.9,35.0,1101.0,63.4,2400,0.0,0.0,16203,-539,84,discharging,None,None
18:01:10.659,parallel,7.9,583.4,156.9,78.6,1101.0,63.9,2400,0.0,0.0,16160,-576,84,discharging,None,None
18:01:11.163,parallel,7.9,407.8,156.9,8.3,1101.9,59.5,2400,0.0,0.0,16194,-587,84,discharging,None,None
18:01:11.671,parallel,7.9,407.8,233.1,66.2,1101.9,63.9,2400,0.0,0.0,16165,-529,84,discharging,None,None
18:01:12.174,parallel,8.3,463.4,233.1,57.6,1101.9,60.0,2400,0.0,0.0,16157,-627,84,discharging,None,None
18:01:12.678,parallel,8.3,463.4,233.1,3.0,1101.9,60.0,2400,0.0,0.0,16201,-547,84,discharging,None,None
18:01:13.191,parallel,8.3,463.4,233.1,88.6,1101.2,65.0,2400,0.0,0.0,16168,-526,84,discharging,None,None
18:01:13.694,parallel,8.3,711.9,516.3,56.6,1101.2,60.6,2400,0.0,0.0,16154,-662,84,discharging,None,None
18:01:14.198,parallel,8.4,711.9,516.3,2.0,1101.2,59.0,1900,0.0,0.0,16201,-544,84,discharging,None,None
18:01:14.710,parallel,8.4,711.9,516.3,90.1,1101.2,63.4,2400,0.0,0.0,16165,-507,84,discharging,None,None
18:01:15.214,parallel,8.4,678.5,504.7,61.2,1103.5,60.6,2400,0.0,0.0,16155,-646,84,discharging,None,None
18:01:15.718,parallel,8.3,678.5,504.7,2.5,1103.5,60.0,2400,0.0,0.0,16202,-549,84,discharging,None,None
18:01:16.224,parallel,8.3,400.4,504.7,87.7,1103.5,62.8,2400,0.0,0.0,16162,-546,84,discharging,None,None
18:01:16.727,parallel,8.3,400.4,164.3,30.8,1104.5,60.0,2400,0.0,0.0,16195,-616,84,discharging,None,None
18:01:17.239,parallel,8.3,400.4,164.3,61.3,1104.3,63.4,2400,0.0,0.0,16188,-542,84,discharging,None,None
18:01:17.742,parallel,8.3,399.3,171.4,57.9,1104.3,62.2,2400,0.0,0.0,16194,-575,84,discharging,None,None
18:01:18.251,parallel,8.3,399.3,171.4,25.7,1103.6,62.2,2400,0.0,0.0,16196,-557,84,discharging,None,None
18:01:18.754,parallel,8.3,399.5,171.4,59.6,1103.6,61.1,2400,0.0,0.0,16154,-602,84,discharging,None,None
18:01:19.258,parallel,8.3,399.5,162.9,36.8,1102.9,60.6,2400,0.0,0.0,16177,-616,84,discharging,None,None
18:01:19.762,parallel,8.3,399.4,162.9,82.6,1102.9,63.9,2400,0.0,0.0,16162,-576,84,discharging,None,None
18:01:20.265,parallel,8.3,399.4,162.9,2.5,1102.4,60.0,2400,0.0,0.0,16194,-559,84,discharging,None,None
18:01:20.772,parallel,8.3,399.4,163.4,81.9,1102.8,65.5,2400,0.0,0.0,16179,-542,84,discharging,None,None
18:01:21.275,parallel,8.3,403.4,163.4,36.2,1102.4,60.6,2400,0.0,0.0,16176,-618,84,discharging,None,None
18:01:21.787,parallel,8.3,403.4,163.4,35.3,1102.4,62.2,2400,0.0,0.0,16197,-537,84,discharging,None,None
18:01:22.292,parallel,8.3,403.4,368.2,100.0,1102.4,65.5,2400,0.0,0.0,16158,-589,84,discharging,None,None
18:01:22.796,parallel,7.9,567.0,368.2,14.0,1102.4,59.5,2400,0.0,0.0,16190,-643,84,discharging,None,None
18:01:23.314,parallel,7.9,567.0,368.2,41.7,1101.7,62.8,2400,0.0,0.0,16203,-488,84,discharging,None,None
18:01:23.819,parallel,8.3,567.0,381.8,100.0,1101.7,65.0,2400,0.0,0.0,16157,-592,84,discharging,None,None
18:01:24.322,parallel,8.3,720.1,381.8,6.5,1102.1,60.6,2400,0.0,0.0,16190,-644,84,discharging,None,None
18:01:24.835,parallel,8.3,720.1,381.8,39.6,1102.6,63.4,2400,0.0,0.0,16203,-487,84,discharging,None,None
18:01:25.339,parallel,8.3,720.1,484.5,100.0,1102.6,65.0,2400,0.0,0.0,16154,-594,84,discharging,None,None
18:01:25.843,parallel,8.3,762.1,484.5,15.4,1101.9,60.0,2400,0.0,0.0,16190,-665,84,discharging,None,None
18:01:26.351,parallel,8.4,762.1,484.5,29.9,1101.9,62.8,2400,0.0,0.0,16203,-491,84,discharging,None,None
18:01:26.854,parallel,8.4,551.8,331.0,98.0,1101.7,64.5,2400,0.0,0.0,16157,-579,84,discharging,None,None
18:01:27.358,parallel,8.4,551.8,331.0,1.5,1101.4,59.5,2400,0.0,0.0,16191,-635,84,discharging,None,None
18:01:27.870,parallel,8.3,551.8,331.0,64.9,1102.4,64.5,2400,0.0,0.0,16197,-511,84,discharging,None,None
18:01:28.374,parallel,8.3,398.9,161.2,53.2,1102.4,61.1,2400,0.0,0.0,16179,-610,84,discharging,None,None
18:01:28.883,parallel,8.3,398.9,161.2,28.0,1102.1,63.4,2400,0.0,0.0,16200,-571,84,discharging,None,None
18:01:29.387,parallel,8.3,399.7,161.2,55.7,1101.9,60.6,2400,0.0,0.0,16156,-565,84,discharging,None,None
18:01:29.891,parallel,8.3,399.7,179.8,39.8,1101.5,60.0,2400,0.0,0.0,16167,-613,84,discharging,None,None
18:01:30.394,parallel,8.3,399.5,179.8,83.1,1101.5,62.8,2400,0.0,0.0,16165,-554,84,discharging,None,None
18:01:30.903,parallel,8.3,399.5,179.8,26.0,1101.7,62.8,2400,0.0,0.0,16190,-557,84,discharging,None,None
18:01:31.407,parallel,8.3,399.5,164.7,63.1,1101.5,64.5,2400,0.0,0.0,16198,-546,84,discharging,None,None
18:01:31.911,parallel,8.3,399.2,164.7,31.0,1101.5,60.6,2400,0.0,0.0,16164,-618,84,discharging,None,None
18:01:32.422,parallel,8.2,399.2,163.4,50.0,1101.5,62.8,2400,0.0,0.0,16202,-561,84,discharging,None,None
18:01:32.926,parallel,8.2,397.1,163.4,67.7,1101.0,62.2,2400,0.0,0.0,16153,-605,84,discharging,None,None
18:01:33.577,parallel,8.4,397.1,163.4,8.2,1101.0,59.5,2400,0.0,0.0,16202,-525,84,discharging,None,None
18:01:34.084,parallel,8.4,397.1,425.7,99.0,1101.0,65.0,2400,0.0,0.0,16164,-550,84,discharging,None,None
18:01:34.587,parallel,8.4,681.9,425.7,39.2,1101.0,61.1,2400,0.0,0.0,16177,-654,84,discharging,None,None
18:01:35.095,parallel,7.9,681.9,425.7,7.5,1101.5,61.1,2400,0.0,0.0,16202,-519,84,discharging,None,None
18:01:35.607,parallel,7.9,681.9,425.7,100.0,1101.5,64.5,2400,0.0,0.0,16161,-555,84,discharging,None,None
18:01:36.110,parallel,8.3,722.8,504.3,39.6,1101.2,60.0,2400,0.0,0.0,16175,-663,84,discharging,None,None
18:01:36.619,parallel,8.3,722.8,504.3,7.0,1101.2,61.1,2400,0.0,0.0,16203,-518,84,discharging,None,None
18:01:37.124,parallel,8.3,495.1,504.3,100.0,1101.2,65.5,2400,0.0,0.0,16159,-557,84,discharging,None,None
18:01:37.627,parallel,8.3,495.1,294.5,20.5,1101.0,60.6,2400,0.0,0.0,16191,-631,84,discharging,None,None
18:01:38.135,parallel,8.3,495.1,294.5,50.8,1101.0,63.9,2400,0.0,0.0,16202,-523,84,discharging,None,None
18:01:38.638,parallel,8.4,405.1,161.9,68.5,1101.0,61.7,2400,0.0,0.0,16180,-591,84,discharging,None,None
18:01:39.144,parallel,8.4,405.1,161.9,12.9,1100.8,62.2,2400,0.0,0.0,16197,-579,84,discharging,None,None
18:01:39.648,parallel,8.3,409.3,161.9,73.0,1100.8,60.6,2400,0.0,0.0,16156,-584,84,discharging,None,None
18:01:40.151,parallel,8.3,409.3,159.8,36.3,1101.8,60.6,2400,0.0,0.0,16162,-618,84,discharging,None,None
18:01:40.657,parallel,8.3,409.3,159.8,71.0,1102.4,65.5,2400,0.0,0.0,16173,-555,84,discharging,None,None
18:01:41.164,parallel,8.3,410.4,159.8,22.5,1103.3,61.7,2400,0.0,0.0,16186,-578,84,discharging,None,None
18:01:41.669,parallel,8.3,410.4,171.6,60.5,1103.3,63.9,2400,0.0,0.0,16189,-566,84,discharging,None,None
18:01:42.172,parallel,8.3,405.1,171.6,52.0,1103.3,60.6,2400,0.0,0.0,16149,-637,84,discharging,None,None
18:01:42.679,parallel,8.3,405.1,158.8,36.3,1107.9,63.4,2400,0.0,0.0,16198,-579,84,discharging,None,None
18:01:43.183,parallel,8.3,393.9,158.8,81.5,1106.8,62.8,2400,0.0,0.0,16150,-591,84,discharging,None,None
18:01:43.687,parallel,8.3,393.9,158.8,2.0,1106.8,60.0,2400,0.0,0.0,16194,-606,84,discharging,None,None
18:01:44.207,parallel,8.3,393.9,158.8,67.2,1106.7,64.5,2400,0.0,0.0,16189,-497,84,discharging,None,None
18:01:44.710,parallel,8.4,576.0,364.3,60.5,1106.7,60.6,2400,0.0,0.0,16148,-634,84,discharging,None,None
18:01:45.214,parallel,8.4,576.0,364.3,1.5,1105.8,60.0,2400,0.0,0.0,16200,-577,84,discharging,None,None
18:01:45.727,parallel,8.4,576.0,364.3,86.2,1105.8,64.5,2400,0.0,0.0,16167,-498,84,discharging,None,None
18:01:46.231,parallel,8.4,675.7,408.0,49.8,1106.0,60.6,2400,0.0,0.0,16150,-648,84,discharging,None,None
18:01:46.734,parallel,8.4,675.7,408.0,0.5,1106.0,60.0,2400,0.0,0.0,16201,-557,84,discharging,None,None
18:01:47.247,parallel,8.4,675.7,408.0,94.1,1106.0,65.0,2400,0.0,0.0,16164,-510,84,discharging,None,None
18:01:47.750,parallel,8.4,519.7,335.3,28.2,1105.7,60.0,2400,0.0,0.0,16169,-626,84,discharging,None,None
18:01:48.259,parallel,8.4,519.7,335.3,33.8,1104.9,65.0,2400,0.0,0.0,16202,-518,84,discharging,None,None
18:01:48.762,parallel,8.4,367.2,153.9,73.3,1104.9,63.4,2400,0.0,0.0,16155,-542,84,discharging,None,None
18:01:49.275,parallel,8.4,367.2,153.9,3.0,1104.0,60.0,2400,0.0,0.0,16191,-600,84,discharging,None,None
18:01:49.778,parallel,8.4,378.0,153.9,74.1,1105.0,60.6,2400,0.0,0.0,16159,-572,84,discharging,None,None
18:01:50.282,parallel,8.4,378.0,148.6,32.3,1104.7,60.0,2400,0.0,0.0,16189,-586,84,discharging,None,None
18:01:50.791,parallel,8.4,365.0,148.6,70.6,1105.7,63.9,2400,0.0,0.0,16194,-529,84,discharging,None,None
18:01:51.299,parallel,8.4,365.0,148.6,7.9,1105.2,60.0,2400,0.0,0.0,16193,-545,84,discharging,None,None
18:01:51.804,parallel,8.4,365.0,152.0,69.6,1105.4,64.5,2400,0.0,0.0,16177,-547,84,discharging,None,None
18:01:52.307,parallel,8.4,367.3,152.0,34.0,1104.8,59.5,2400,0.0,0.0,16154,-600,84,discharging,None,None
18:01:52.815,parallel,8.4,367.3,176.2,36.9,1104.8,62.8,2400,0.0,0.0,16203,-543,84,discharging,None,None
18:01:53.318,parallel,8.4,394.0,176.2,71.8,1104.2,61.7,2400,0.0,0.0,16157,-574,84,discharging,None,None
18:01:53.822,parallel,8.4,394.0,176.2,0.0,1104.2,59.5,2400,0.0,0.0,16198,-601,84,discharging,None,None
18:01:54.331,parallel,8.4,394.0,176.2,72.9,1103.8,63.9,2400,0.0,0.0,16197,-474,84,discharging,None,None
18:01:54.835,parallel,8.4,681.6,490.2,65.7,1103.8,60.6,1500,0.0,0.0,16153,-634,84,discharging,None,None
18:01:55.339,parallel,8.4,681.6,490.2,0.0,1103.5,59.0,1500,0.0,0.0,16204,-583,84,discharging,None,None
18:01:55.851,parallel,8.4,681.6,490.2,79.4,1103.5,63.9,2400,0.0,0.0,16203,-420,84,discharging,None,None
18:01:56.354,parallel,8.4,580.0,333.9,41.6,1103.8,60.0,2400,0.0,0.0,16151,-587,84,discharging,None,None
18:01:56.864,parallel,8.4,580.0,333.9,6.5,1103.8,60.6,2400,0.0,0.0,16201,-562,84,discharging,None,None
18:01:57.368,parallel,8.4,362.9,333.9,93.2,1104.5,64.5,2400,0.0,0.0,16163,-514,84,discharging,None,None
18:01:57.872,parallel,8.4,362.9,156.8,6.0,1104.3,60.0,2400,0.0,0.0,16188,-599,84,discharging,None,None
18:01:58.375,parallel,8.4,362.5,156.8,75.2,1104.3,63.9,2400,0.0,0.0,16196,-536,84,discharging,None,None
18:01:58.879,parallel,8.4,362.5,151.4,32.5,1103.3,60.6,2400,0.0,0.0,16192,-556,84,discharging,None,None
18:01:59.387,parallel,8.4,362.5,151.4,46.3,1103.3,63.4,2400,0.0,0.0,16195,-548,84,discharging,None,None
18:01:59.890,parallel,8.4,364.6,151.4,28.9,1103.3,60.0,2400,0.0,0.0,16153,-584,84,discharging,None,None
18:02:00.399,parallel,8.4,364.6,151.4,48.0,1103.1,61.1,2400,0.0,0.0,16177,-598,84,discharging,None,None
18:02:00.902,parallel,8.4,379.5,151.4,61.8,1105.0,61.1,2400,0.0,0.0,16158,-570,84,discharging,None,None
18:02:01.411,parallel,8.4,379.5,151.4,22.9,1104.8,63.4,2400,0.0,0.0,16198,-533,84,discharging,None,None
18:02:01.914,parallel,8.4,362.8,151.5,84.2,1104.1,62.8,2400,0.0,0.0,16177,-532,84,discharging,None,None
18:02:02.418,parallel,8.4,362.8,151.5,0.0,1104.1,60.0,2400,0.0,0.0,16189,-598,84,discharging,None,None
18:02:02.929,parallel,8.4,362.8,151.5,55.9,1104.1,63.4,2400,0.0,0.0,16203,-492,84,discharging,None,None
18:02:03.433,parallel,8.4,562.0,359.4,61.7,1103.4,60.6,2400,0.0,0.0,16154,-589,84,discharging,None,None
18:02:03.937,parallel,8.4,562.0,359.4,0.0,1103.4,59.0,2400,0.0,0.0,16196,-610,84,discharging,None,None
18:02:04.454,parallel,8.4,562.0,359.4,82.8,1103.4,63.4,2400,0.0,0.0,16195,-478,84,discharging,None,None
18:02:04.957,parallel,8.4,641.3,386.8,46.1,1102.9,60.0,2400,0.0,0.0,16152,-631,84,discharging,None,None
18:02:05.461,parallel,8.4,641.3,386.8,0.0,1102.7,58.4,2400,0.0,0.0,16200,-584,84,discharging,None,None
18:02:05.971,parallel,8.4,475.3,386.8,98.5,1102.7,63.4,2400,0.0,0.0,16179,-478,84,discharging,None,None
18:02:06.474,parallel,8.4,475.3,259.1,19.4,1102.3,59.5,2400,0.0,0.0,16156,-604,84,discharging,None,None
18:02:06.983,parallel,8.4,475.3,259.1,46.8,1102.3,63.4,2400,0.0,0.0,16202,-531,84,discharging,None,None
18:02:07.487,parallel,8.4,363.5,151.1,60.3,1102.2,61.1,2400,0.0,0.0,16154,-541,84,discharging,None,None
18:02:07.995,parallel,8.4,363.5,151.1,16.5,1102.2,62.2,2400,0.0,0.0,16194,-599,84,discharging,None,None
18:02:08.498,parallel,8.4,362.0,151.1,58.1,1102.4,60.0,2400,0.0,0.0,16163,-567,84,discharging,None,None
18:02:09.002,parallel,8.4,362.0,151.4,32.7,1102.5,59.5,2400,0.0,0.0,16196,-575,84,discharging,None,None
18:02:09.506,parallel,8.4,364.9,151.4,75.1,1102.7,61.7,2400,0.0,0.0,16194,-535,84,discharging,None,None
18:02:10.012,parallel,8.4,364.9,151.4,11.8,1102.4,61.7,2400,0.0,0.0,16191,-565,84,discharging,None,None
18:02:10.516,parallel,8.4,364.9,151.5,77.1,1102.4,63.9,2400,0.0,0.0,16165,-553,84,discharging,None,None
18:02:11.020,parallel,8.4,363.1,151.5,19.9,1102.9,59.5,1500,0.0,0.0,16151,-599,84,discharging,None,None
18:02:11.530,parallel,8.4,363.1,151.5,43.3,1102.9,62.8,2400,0.0,0.0,16206,-525,84,discharging,None,None
18:02:12.034,parallel,8.4,492.1,315.2,75.2,1102.7,61.1,2400,0.0,0.0,16166,-506,84,discharging,None,None
18:02:12.537,parallel,8.4,492.1,315.2,0.5,1102.7,59.0,2400,0.0,0.0,16189,-596,84,discharging,None,None
18:02:13.050,parallel,8.4,492.1,315.2,69.0,1102.7,63.4,2400,0.0,0.0,16203,-497,84,discharging,None,None
18:02:13.554,parallel,8.4,734.0,515.9,78.7,1102.7,61.7,2400,0.0,0.0,16151,-664,84,discharging,None,None
18:02:14.057,parallel,8.4,734.0,515.9,0.5,1102.0,59.5,2400,0.0,0.0,16201,-568,84,discharging,None,None
18:02:14.570,parallel,8.4,734.0,515.9,66.2,1102.0,64.5,2400,0.0,0.0,16166,-496,84,discharging,None,None
18:02:15.074,parallel,8.4,448.8,235.0,44.8,1102.0,60.0,2400,0.0,0.0,16174,-605,84,discharging,None,None
18:02:15.584,parallel,8.4,448.8,235.0,19.9,1102.4,62.2,2400,0.0,0.0,16202,-514,84,discharging,None,None
18:02:16.088,parallel,8.4,368.2,235.0,76.5,1103.6,63.4,2400,0.0,0.0,16162,-548,84,discharging,None,None
18:02:16.592,parallel,8.4,368.2,152.6,10.5,1103.6,59.5,1900,0.0,0.0,16191,-592,84,discharging,None,None
18:02:17.095,parallel,8.4,383.1,152.6,78.6,1103.6,61.1,2400,0.0,0.0,16164,-557,84,discharging,None,None
18:02:17.599,parallel,8.4,383.1,151.4,32.5,1103.6,60.0,2400,0.0,0.0,16181,-577,84,discharging,None,None
18:02:18.107,parallel,8.4,383.1,151.4,54.0,1103.3,64.5,2400,0.0,0.0,16187,-534,84,discharging,None,None
18:02:18.611,parallel,8.4,367.4,151.4,21.6,1103.3,59.0,2400,0.0,0.0,16191,-542,84,discharging,None,None
18:02:19.119,parallel,8.4,367.4,155.1,55.5,1102.9,62.2,2400,0.0,0.0,16179,-539,84,discharging,None,None
18:02:19.622,parallel,8.4,367.3,155.1,52.0,1102.9,60.0,2400,0.0,0.0,16162,-598,84,discharging,None,None
18:02:20.131,parallel,8.4,367.3,155.1,17.4,1102.4,61.7,2400,0.0,0.0,16202,-536,84,discharging,None,None
18:02:20.635,parallel,8.4,401.3,191.7,90.7,1102.4,63.4,2400,0.0,0.0,16150,-582,84,discharging,None,None
18:02:21.138,parallel,8.4,401.3,191.7,0.0,1103.1,59.0,2400,0.0,0.0,16196,-601,84,discharging,None,None
18:02:21.651,parallel,8.4,401.3,191.7,54.2,1103.1,63.4,2400,0.0,0.0,16191,-474,84,discharging,None,None
18:02:22.155,parallel,8.4,654.7,466.5,77.2,1102.6,61.1,2400,0.0,0.0,16165,-624,84,discharging,None,None
18:02:22.658,parallel,8.4,654.7,466.5,0.0,1102.6,60.0,2400,0.0,0.0,16202,-571,84,discharging,None,None
18:02:23.171,parallel,8.4,654.7,466.5,67.0,1102.2,64.5,2400,0.0,0.0,16175,-482,84,discharging,None,None
18:02:23.674,parallel,8.4,551.9,354.0,60.1,1101.9,60.6,2400,0.0,0.0,16152,-634,84,discharging,None,None
18:02:24.179,parallel,8.4,551.9,354.0,0.0,1101.9,59.0,2400,0.0,0.0,16200,-553,84,discharging,None,None
18:02:24.687,parallel,8.4,362.4,354.0,79.8,1101.9,61.7,2400,0.0,0.0,16160,-539,84,discharging,None,None
18:02:25.190,parallel,8.4,362.4,153.7,27.4,1101.9,59.5,2400,0.0,0.0,16197,-599,84,discharging,None,None
18:02:25.699,parallel,8.4,362.4,153.7,69.8,1101.9,63.9,2400,0.0,0.0,16172,-541,84,discharging,None,None
18:02:26.203,parallel,8.4,363.0,151.4,37.7,1101.9,61.7,2400,0.0,0.0,16191,-559,84,discharging,None,None
18:02:26.708,parallel,8.4,363.0,151.4,39.8,1101.9,63.9,2400,0.0,0.0,16194,-537,84,discharging,None,None
18:02:27.212,parallel,8.4,364.2,151.4,35.6,1101.5,58.4,1500,0.0,0.0,16176,-577,84,discharging,None,None
18:02:27.720,parallel,8.4,364.2,166.8,45.0,1102.8,61.1,2400,0.0,0.0,16191,-549,84,discharging,None,None
18:02:28.224,parallel,8.4,364.1,166.8,65.7,1102.4,60.6,2400,0.0,0.0,16156,-573,84,discharging,None,None
18:02:28.727,parallel,8.4,364.1,166.8,0.0,1102.4,59.5,2400,0.0,0.0,16202,-542,84,discharging,None,None
18:02:29.235,parallel,8.4,364.1,254.4,99.5,1102.4,65.0,2400,0.0,0.0,16166,-526,84,discharging,None,None
18:02:29.739,parallel,8.4,442.9,254.4,12.4,1102.4,59.5,2400,0.0,0.0,16190,-609,84,discharging,None,None
18:02:30.252,parallel,8.4,442.9,254.4,32.8,1101.7,62.2,2400,0.0,0.0,16204,-486,84,discharging,None,None
18:02:30.954,parallel,667.7,877.0,770.6,96.8,1102.7,62.8,2400,0.0,0.0,16155,-662,84,discharging,None,None
18:02:31.458,parallel,667.7,877.0,770.6,3.0,1102.7,60.0,2400,0.0,0.0,16195,-604,84,discharging,None,None
18:02:31.964,parallel,667.7,877.0,770.6,41.3,1102.7,63.9,2400,0.0,0.0,16204,-462,84,discharging,None,None
18:02:32.467,parallel,6.5,417.3,186.5,79.1,1102.4,61.7,2400,0.0,0.0,16156,-617,84,discharging,None,None
18:02:32.971,parallel,6.5,417.3,186.5,3.0,1101.8,59.5,1600,0.0,0.0,16204,-577,84,discharging,None,None
18:02:33.475,parallel,8.3,413.4,186.5,85.6,1101.8,61.7,2400,0.0,0.0,16161,-522,84,discharging,None,None
18:02:33.978,parallel,8.3,413.4,161.8,36.3,1101.8,60.0,2400,0.0,0.0,16167,-607,84,discharging,None,None
18:02:34.487,parallel,8.3,413.4,161.8,57.2,1101.8,63.9,2400,0.0,0.0,16187,-540,84,discharging,None,None
18:02:34.991,parallel,8.3,401.3,161.8,41.3,1101.8,63.4,2400,0.0,0.0,16189,-557,84,discharging,None,None
18:02:35.495,parallel,8.3,401.3,171.1,41.6,1101.8,63.4,2400,0.0,0.0,16194,-559,84,discharging,None,None
18:02:35.999,parallel,8.3,397.4,171.1,63.4,1101.5,61.1,2400,0.0,0.0,16152,-620,84,discharging,None,None
18:02:36.503,parallel,8.3,397.4,159.0,36.9,1102.2,60.6,2400,0.0,0.0,16199,-593,84,discharging,None,None
18:02:37.010,parallel,8.3,401.7,159.0,81.0,1102.4,64.5,2400,0.0,0.0,16158,-572,84,discharging,None,None
18:02:37.514,parallel,8.3,401.7,159.0,3.9,1102.4,59.5,2400,0.0,0.0,16189,-584,84,discharging,None,None
18:02:38.019,parallel,8.3,401.7,183.7,75.7,1102.4,64.5,2400,0.0,0.0,16163,-540,84,discharging,None,None
18:02:38.522,parallel,8.3,417.4,183.7,44.9,1102.4,60.0,2400,0.0,0.0,16162,-622,84,discharging,None,None
18:02:39.034,parallel,8.3,417.4,183.7,9.9,1101.7,59.0,2400,0.0,0.0,16201,-536,84,discharging,None,None
18:02:39.544,parallel,8.3,417.4,418.9,100.0,1101.7,63.9,2400,0.0,0.0,16163,-539,84,discharging,None,None
18:02:40.047,parallel,8.3,646.1,418.9,28.9,1101.7,59.5,2400,0.0,0.0,16185,-639,84,discharging,None,None
18:02:40.555,parallel,8.4,646.1,418.9,18.7,1101.7,62.8,2400,0.0,0.0,16203,-509,84,discharging,None,None
18:02:41.063,parallel,8.4,646.1,418.9,100.0,1102.1,65.0,2400,0.0,0.0,16159,-565,84,discharging,None,None
18:02:41.567,parallel,8.4,723.4,463.6,28.4,1102.1,60.6,2400,0.0,0.0,16181,-665,84,discharging,None,None
18:02:42.079,parallel,8.3,723.4,463.6,18.0,1102.1,62.2,2400,0.0,0.0,16201,-509,84,discharging,None,None
18:02:42.583,parallel,8.3,550.9,463.6,100.0,1102.1,65.5,2400,0.0,0.0,16154,-564,84,discharging,None,None
18:02:43.087,parallel,8.3,550.9,328.2,25.0,1101.9,60.6,2400,0.0,0.0,16189,-649,84,discharging,None,None
18:02:43.595,parallel,8.3,550.9,328.2,50.7,1101.9,63.9,2400,0.0,0.0,16200,-527,84,discharging,None,None
18:02:44.099,parallel,7.9,393.4,176.9,68.5,1101.9,61.7,2400,0.0,0.0,16172,-592,84,discharging,None,None
18:02:44.607,parallel,7.9,393.4,176.9,15.1,1101.9,61.7,2400,0.0,0.0,16193,-593,84,discharging,None,None
18:02:45.110,parallel,7.9,397.7,176.9,68.5,1101.9,61.1,2400,0.0,0.0,16156,-588,84,discharging,None,None
18:02:45.614,parallel,8.3,397.7,163.0,36.0,1101.9,61.7,2400,0.0,0.0,16170,-618,84,discharging,None,None
18:02:46.120,parallel,8.3,394.8,163.0,77.3,1101.9,65.0,2400,0.0,0.0,16176,-547,84,discharging,None,None
18:02:46.624,parallel,8.4,394.8,163.0,14.4,1102.9,61.1,2400,0.0,0.0,16188,-559,84,discharging,None,None
18:02:47.131,parallel,8.4,394.8,164.1,66.5,1103.1,66.1,2400,0.0,0.0,16184,-550,84,discharging,None,None
18:02:47.634,parallel,8.4,395.7,164.1,42.8,1103.1,60.6,2400,0.0,0.0,16152,-617,84,discharging,None,None
18:02:48.147,parallel,8.3,395.7,164.1,37.1,1103.1,62.8,2400,0.0,0.0,16199,-555,84,discharging,None,None
18:02:48.650,parallel,8.3,447.8,270.4,88.2,1103.1,62.2,2400,0.0,0.0,16156,-573,84,discharging,None,None
18:02:49.154,parallel,8.3,447.8,270.4,2.0,1101.9,60.6,2400,0.0,0.0,16191,-616,84,discharging,None,None
18:02:49.667,parallel,8.3,447.8,270.4,57.2,1101.9,63.4,2400,0.0,0.0,16202,-485,84,discharging,None,None
18:02:50.171,parallel,8.3,680.0,429.2,80.3,1101.9,62.2,2400,0.0,0.0,16151,-614,84,discharging,None,None
18:02:50.675,parallel,8.3,680.0,429.2,2.0,1101.9,59.5,2400,0.0,0.0,16191,-622,84,discharging,None,None
18:02:51.187,parallel,8.3,680.0,429.2,65.7,1102.1,63.9,2400,0.0,0.0,16200,-484,84,discharging,None,None
18:02:51.690,parallel,8.3,687.4,431.2,74.4,1102.6,61.7,2400,0.0,0.0,16151,-627,84,discharging,None,None
18:02:52.194,parallel,8.3,687.4,431.2,1.5,1101.9,60.0,2400,0.0,0.0,16192,-612,84,discharging,None,None
18:02:52.702,parallel,8.3,687.4,431.2,70.6,1102.1,64.5,2400,0.0,0.0,16192,-480,84,discharging,None,None
18:02:53.205,parallel,8.3,480.2,260.8,54.2,1101.9,60.6,2400,0.0,0.0,16155,-627,84,discharging,None,None
18:02:53.712,parallel,8.3,480.2,260.8,18.9,1101.9,62.8,2400,0.0,0.0,16198,-580,84,discharging,None,None
18:02:54.217,parallel,8.3,402.4,260.8,78.0,1101.7,62.8,2400,0.0,0.0,16159,-544,84,discharging,None,None
18:02:54.720,parallel,8.3,402.4,174.6,24.5,1101.7,60.6,2400,0.0,0.0,16171,-617,84,discharging,None,None
18:02:55.300,parallel,8.3,402.4,174.6,82.3,1101.2,65.0,2400,0.0,0.0,16185,-538,84,discharging,None,None
18:02:55.803,parallel,8.3,563.6,163.6,56.6,1101.2,61.7,2400,0.0,0.0,16154,-600,84,discharging,None,None
18:02:56.311,parallel,8.3,563.6,163.6,24.4,1101.2,63.4,2400,0.0,0.0,16190,-605,84,discharging,None,None
18:02:56.814,parallel,7.0,399.4,163.6,59.4,1101.0,61.1,2400,0.0,0.0,16159,-587,84,discharging,None,None
18:02:57.318,parallel,7.0,399.4,163.4,36.7,1101.0,60.6,2400,0.0,0.0,16191,-603,84,discharging,None,None
18:02:57.822,parallel,8.3,391.0,163.4,81.2,1100.8,63.9,2400,0.0,0.0,16193,-545,84,discharging,None,None
18:02:58.331,parallel,8.3,391.0,163.4,14.7,1100.8,61.1,1900,0.0,0.0,16182,-573,84,discharging,None,None
18:02:58.836,parallel,8.3,391.0,180.7,74.6,1100.8,64.5,2400,0.0,0.0,16171,-564,84,discharging,None,None
18:02:59.340,parallel,8.3,399.8,180.7,33.3,1100.8,61.7,2400,0.0,0.0,16150,-606,84,discharging,None,None
18:02:59.851,parallel,8.3,399.8,198.2,43.1,1100.8,63.9,2400,0.0,0.0,16198,-558,84,discharging,None,None
18:03:00.355,parallel,8.3,436.6,198.2,76.8,1100.8,62.2,2400,0.0,0.0,16162,-549,84,discharging,None,None
18:03:00.859,parallel,8.3,436.6,198.2,1.5,1100.8,60.0,2400,0.0,0.0,16186,-570,84,discharging,None,None
18:03:01.371,parallel,8.3,436.6,198.2,68.5,1100.8,65.5,2400,0.0,0.0,16165,-499,84,discharging,None,None
18:03:01.874,parallel,8.3,707.2,465.7,74.4,1100.8,62.8,2400,0.0,0.0,16146,-659,84,discharging,None,None
18:03:02.378,parallel,8.4,707.2,465.7,3.0,1100.8,60.0,2400,0.0,0.0,16198,-569,84,discharging,None,None
18:03:02.884,parallel,8.4,707.2,465.7,70.3,1100.8,64.5,2400,0.0,0.0,16164,-504,84,discharging,None,None
18:03:03.387,parallel,8.4,695.4,439.1,71.6,1100.8,61.7,2400,0.0,0.0,16149,-654,84,discharging,None,None
18:03:03.891,parallel,8.3,695.4,439.1,2.5,1101.2,60.6,2400,0.0,0.0,16198,-562,84,discharging,None,None
18:03:04.405,parallel,8.3,695.4,439.1,73.8,1101.2,65.0,2400,0.0,0.0,16162,-510,84,discharging,None,None
18:03:04.909,parallel,8.3,547.7,321.3,56.8,1101.2,62.2,2400,0.0,0.0,16160,-634,84,discharging,None,None
18:03:05.418,parallel,8.3,547.7,321.3,10.4,1101.2,61.1,2400,0.0,0.0,16198,-535,84,discharging,None,None
18:03:05.927,parallel,8.3,391.0,321.3,83.1,1101.0,64.5,2400,0.0,0.0,16151,-555,84,discharging,None,None
18:03:06.430,parallel,8.3,391.0,164.4,26.0,1101.0,61.1,2400,0.0,0.0,16190,-616,84,discharging,None,None
18:03:06.944,parallel,8.3,391.0,164.4,74.0,1101.0,65.0,2400,0.0,0.0,16164,-563,84,discharging,None,None
18:03:07.448,parallel,8.4,399.3,164.4,37.1,1101.0,63.9,2400,0.0,0.0,16185,-567,84,discharging,None,None
18:03:07.959,parallel,8.4,399.3,165.2,54.4,1101.0,65.0,2400,0.0,0.0,16191,-557,84,discharging,None,None
18:03:08.462,parallel,7.9,398.9,165.2,45.5,1101.0,60.0,2400,0.0,0.0,16161,-619,84,discharging,None,None
18:03:08.967,parallel,7.9,398.9,163.0,36.3,1101.1,61.7,2400,0.0,0.0,16194,-581,84,discharging,None,None
18:03:09.475,parallel,7.9,394.2,163.0,81.3,1101.1,62.2,2400,0.0,0.0,16153,-608,84,discharging,None,None
18:03:09.979,parallel,8.3,394.2,163.0,2.5,1101.2,60.0,2400,0.0,0.0,16195,-573,84,discharging,None,None
18:03:10.487,parallel,8.3,394.2,300.7,80.7,1101.2,65.0,2400,0.0,0.0,16164,-508,84,discharging,None,None
18:03:10.990,parallel,8.3,546.4,300.7,49.3,1101.7,62.2,2400,0.0,0.0,16156,-634,84,discharging,None,None
18:03:11.494,parallel,8.3,546.4,300.7,2.5,1101.7,60.6,2400,0.0,0.0,16198,-547,84,discharging,None,None
18:03:12.004,parallel,8.3,546.4,300.7,97.1,1101.7,64.5,2400,0.0,0.0,16164,-529,84,discharging,None,None
18:03:12.507,parallel,8.3,741.9,517.2,53.2,1101.4,61.1,2400,0.0,0.0,16147,-671,84,discharging,None,None
18:03:13.011,parallel,8.3,741.9,517.2,3.0,1101.2,60.6,2400,0.0,0.0,16196,-554,84,discharging,None,None
18:03:13.522,parallel,8.3,741.9,517.2,92.2,1101.2,63.9,2400,0.0,0.0,16160,-523,84,discharging,None,None
18:03:14.026,parallel,8.3,690.1,465.2,52.5,1101.2,62.2,2400,0.0,0.0,16154,-650,84,discharging,None,None
18:03:14.530,parallel,8.4,690.1,465.2,2.5,1101.2,60.6,2400,0.0,0.0,16199,-539,84,discharging,None,None
18:03:15.039,parallel,8.4,412.4,465.2,97.0,1101.2,65.0,2400,0.0,0.0,16159,-534,84,discharging,None,None
18:03:15.542,parallel,8.4,412.4,162.0,24.0,1101.0,60.0,2400,0.0,0.0,16185,-621,84,discharging,None,None
18:03:16.051,parallel,8.3,412.4,162.0,58.4,1101.0,65.0,2400,0.0,0.0,16195,-542,84,discharging,None,None
18:03:16.555,parallel,8.3,404.6,169.3,61.1,1102.7,63.4,2400,0.0,0.0,16181,-578,84,discharging,None,None
18:03:17.060,parallel,8.3,404.6,169.3,21.3,1103.3,63.4,2400,0.0,0.0,16190,-575,84,discharging,None,None
18:03:17.564,parallel,8.3,409.5,169.3,65.5,1103.3,61.7,2400,0.0,0.0,16152,-602,84,discharging,None,None
18:03:18.067,parallel,8.3,409.5,161.0,36.3,1103.3,61.1,2400,0.0,0.0,16172,-620,84,discharging,None,None
18:03:18.575,parallel,8.3,404.7,161.0,80.3,1103.3,63.9,1900,0.0,0.0,16167,-556,84,discharging,None,None
18:03:19.080,parallel,8.3,404.7,161.0,10.0,1102.8,61.1,2400,0.0,0.0,16189,-553,84,discharging,None,None
18:03:19.585,parallel,8.3,404.7,163.3,70.9,1102.8,64.5,2400,0.0,0.0,16174,-536,84,discharging,None,None
18:03:20.088,parallel,8.3,407.7,163.3,53.2,1102.8,61.7,2400,0.0,0.0,16148,-631,84,discharging,None,None
18:03:20.595,parallel,7.9,407.7,159.2,35.3,1102.8,63.9,2400,0.0,0.0,16196,-561,84,discharging,None,None
18:03:21.099,parallel,7.9,415.4,159.2,85.1,1103.1,63.9,2400,0.0,0.0,16154,-569,84,discharging,None,None
18:03:21.602,parallel,7.9,415.4,159.2,3.0,1103.1,60.6,2400,0.0,0.0,16186,-621,84,discharging,None,None
18:03:22.115,parallel,8.4,415.4,159.2,64.9,1102.7,65.0,2400,0.0,0.0,16189,-509,84,discharging,None,None
18:03:22.618,parallel,8.4,586.0,407.3,68.0,1102.7,61.7,2400,0.0,0.0,16148,-640,84,discharging,None,None
18:03:23.122,parallel,8.3,586.0,407.3,2.5,1102.6,60.6,2400,0.0,0.0,16196,-599,84,discharging,None,None
18:03:23.635,parallel,8.3,586.0,407.3,77.1,1102.6,65.0,1900,0.0,0.0,16181,-483,84,discharging,None,None
18:03:24.138,parallel,8.3,741.4,503.7,72.8,1102.2,62.2,2400,0.0,0.0,16150,-642,84,discharging,None,None
18:03:24.642,parallel,8.3,741.4,503.7,2.5,1102.2,60.6,2400,0.0,0.0,16193,-594,84,discharging,None,None
18:03:25.155,parallel,8.3,741.4,503.7,72.9,1102.6,65.5,2400,0.0,0.0,16187,-483,84,discharging,None,None
18:03:25.658,parallel,8.2,555.5,324.6,58.1,1102.4,62.2,2400,0.0,0.0,16149,-643,84,discharging,None,None
18:03:26.171,parallel,8.2,555.5,324.6,7.0,1102.4,61.1,2400,0.0,0.0,16197,-588,84,discharging,None,None
18:03:26.677,parallel,8.3,407.6,324.6,86.7,1102.4,63.4,2400,0.0,0.0,16159,-524,84,discharging,None,None
18:03:27.181,parallel,8.3,407.6,177.9,29.7,1101.9,61.1,2400,0.0,0.0,16163,-623,84,discharging,None,None
18:03:27.688,parallel,8.3,407.6,177.9,67.6,1101.9,66.1,2400,0.0,0.0,16195,-549,84,discharging,None,None
18:03:28.191,parallel,8.3,403.1,159.4,50.7,1101.9,63.9,2400,0.0,0.0,16179,-560,84,discharging,None,None
18:03:28.698,parallel,8.3,403.1,159.4,30.3,1101.9,65.5,2400,0.0,0.0,16192,-581,84,discharging,None,None
18:03:29.202,parallel,8.4,419.4,159.4,57.9,1101.9,61.1,2400,0.0,0.0,16163,-606,84,discharging,None,None
18:03:29.705,parallel,8.4,419.4,170.6,37.6,1101.9,61.1,2400,0.0,0.0,16198,-589,84,discharging,None,None
18:03:30.209,parallel,8.3,395.4,170.6,81.7,1101.5,63.9,2400,0.0,0.0,16166,-550,84,discharging,None,None
18:03:30.712,parallel,8.3,395.4,170.6,2.5,1101.7,61.1,2400,0.0,0.0,16186,-582,84,discharging,None,None
18:03:31.220,parallel,8.3,395.4,160.4,84.7,1102.2,65.5,2400,0.0,0.0,16160,-549,84,discharging,None,None
18:03:31.723,parallel,8.3,570.8,160.4,45.3,1102.2,60.6,2400,0.0,0.0,16146,-632,84,discharging,None,None
18:03:32.231,parallel,8.3,570.8,160.4,29.8,1102.4,63.4,2400,0.0,0.0,16196,-570,84,discharging,None,None
18:03:32.735,parallel,8.0,570.8,171.4,87.7,1102.4,65.0,2400,0.0,0.0,16178,-526,84,discharging,None,None
18:03:33.239,parallel,8.0,403.5,171.4,5.1,1102.2,60.6,2400,0.0,0.0,16187,-620,84,discharging,None,None
18:03:33.751,parallel,8.0,403.5,171.4,56.4,1102.2,63.9,2400,0.0,0.0,16199,-519,84,discharging,None,None
18:03:34.255,parallel,8.2,576.9,379.4,77.3,1101.7,62.8,2400,0.0,0.0,16152,-598,84,discharging,None,None
18:03:34.758,parallel,8.2,576.9,379.4,2.0,1101.7,60.6,2400,0.0,0.0,16186,-637,84,discharging,None,None
18:03:35.275,parallel,8.4,576.9,379.4,67.8,1101.7,65.5,2400,0.0,0.0,16198,-487,84,discharging,None,None
18:03:35.779,parallel,8.4,727.0,384.3,77.9,1101.7,63.4,2400,0.0,0.0,16150,-609,84,discharging,None,None
18:03:36.282,parallel,8.4,727.0,384.3,1.5,1102.6,60.6,2400,0.0,0.0,16186,-636,84,discharging,None,None
18:03:36.795,parallel,8.4,727.0,384.3,67.8,1102.6,64.5,2400,0.0,0.0,16199,-524,84,discharging,None,None
18:03:37.299,parallel,8.4,679.3,461.7,70.6,1102.1,62.2,2400,0.0,0.0,16150,-616,84,discharging,None,None
18:03:37.802,parallel,8.3,679.3,461.7,1.5,1102.7,60.6,2400,0.0,0.0,16189,-633,84,discharging,None,None
18:03:38.312,parallel,8.3,679.3,461.7,75.5,1102.8,65.0,2400,0.0,0.0,16156,-539,84,discharging,None,None
18:03:38.816,parallel,8.3,477.4,243.5,49.5,1102.8,61.7,2400,0.0,0.0,16156,-629,84,discharging,None,None
18:03:39.323,parallel,8.3,477.4,243.5,25.2,1102.8,62.8,2400,0.0,0.0,16204,-501,84,discharging,None,None
18:03:39.828,parallel,8.3,405.5,243.5,77.7,1102.8,65.0,2400,0.0,0.0,16160,-552,84,discharging,None,None
18:03:40.331,parallel,8.3,405.5,164.4,19.5,1102.4,60.6,2400,0.0,0.0,16158,-605,84,discharging,None,None
18:03:40.835,parallel,8.3,395.3,164.4,81.7,1102.1,65.0,2400,0.0,0.0,16192,-544,84,discharging,None,None
18:03:41.339,parallel,8.4,395.3,167.9,37.5,1105.9,62.8,2400,0.0,0.0,16186,-560,84,discharging,None,None
18:03:41.847,parallel,8.4,395.3,167.9,47.2,1107.3,65.0,2400,0.0,0.0,16190,-586,84,discharging,None,None
18:03:42.351,parallel,8.3,394.5,167.9,37.3,1107.2,61.1,2400,0.0,0.0,16150,-635,84,discharging,None,None
18:03:42.859,parallel,8.3,394.5,162.2,44.9,1107.0,63.9,2400,0.0,0.0,16193,-604,84,discharging,None,None
18:03:43.363,parallel,8.3,399.8,162.2,72.9,1109.5,62.2,2400,0.0,0.0,16155,-578,84,discharging,None,None
18:03:43.872,parallel,8.3,399.8,162.2,16.4,1107.6,62.2,2400,0.0,0.0,16181,-576,84,discharging,None,None
18:03:44.377,parallel,8.3,399.8,164.0,99.5,1107.6,66.1,2400,0.0,0.0,16161,-594,84,discharging,None,None
18:03:44.881,parallel,7.9,396.2,164.0,10.0,1107.4,61.7,2400,0.0,0.0,16157,-618,84,discharging,None,None
18:03:45.394,parallel,7.9,396.2,164.0,37.0,1107.4,63.9,2400,0.0,0.0,16195,-484,84,discharging,None,None
18:03:45.898,parallel,8.3,686.2,423.7,99.0,1107.4,65.5,2400,0.0,0.0,16148,-630,84,discharging,None,None
18:03:46.401,parallel,8.3,686.2,423.7,3.5,1105.7,60.0,2400,0.0,0.0,16191,-615,84,discharging,None,None
18:03:46.917,parallel,8.3,686.2,423.7,42.8,1106.0,64.5,2400,0.0,0.0,16190,-480,84,discharging,None,None
18:03:47.422,parallel,8.3,686.2,504.0,100.0,1106.3,66.1,2400,0.0,0.0,16147,-635,84,discharging,None,None
18:03:47.926,parallel,8.3,767.5,504.0,10.6,1105.4,61.7,2400,0.0,0.0,16187,-631,84,discharging,None,None
18:03:48.435,parallel,8.4,767.5,504.0,33.7,1105.4,64.5,2400,0.0,0.0,16200,-480,84,discharging,None,None
18:03:48.939,parallel,8.4,643.3,504.0,100.0,1105.4,66.1,2400,0.0,0.0,16149,-620,84,discharging,None,None
18:03:49.443,parallel,8.4,643.3,415.1,8.0,1103.9,60.6,1600,0.0,0.0,16190,-629,84,discharging,None,None
18:03:49.951,parallel,8.3,643.3,415.1,49.0,1103.4,63.9,2400,0.0,0.0,16202,-465,84,discharging,None,None
18:03:50.454,parallel,8.3,422.4,172.5,75.0,1102.8,62.8,2400,0.0,0.0,16158,-595,84,discharging,None,None
18:03:50.963,parallel,8.3,422.4,172.5,7.0,1102.6,62.2,2400,0.0,0.0,16198,-577,84,discharging,None,None
18:03:51.466,parallel,8.3,395.4,172.5,74.9,1102.6,62.2,2400,0.0,0.0,16153,-559,84,discharging,None,None
18:03:51.970,parallel,8.3,395.4,161.9,36.6,1102.6,61.1,2400,0.0,0.0,16173,-619,84,discharging,None,None
18:03:52.482,parallel,8.3,395.4,161.9,70.6,1103.3,66.1,2400,0.0,0.0,16160,-562,84,discharging,None,None
18:03:52.986,parallel,8.3,395.3,161.9,31.7,1102.6,65.0,2400,0.0,0.0,16187,-557,84,discharging,None,None
18:03:53.491,parallel,8.3,395.3,163.2,51.0,1102.6,65.0,2400,0.0,0.0,16189,-547,84,discharging,None,None
18:03:53.994,parallel,8.3,399.2,163.2,49.0,1102.4,61.1,2400,0.0,0.0,16159,-620,84,discharging,None,None
18:03:54.498,parallel,8.3,399.2,171.6,37.5,1102.4,61.7,2400,0.0,0.0,16189,-588,84,discharging,None,None
18:03:55.001,parallel,8.3,399.4,171.6,82.8,1102.1,63.9,2400,0.0,0.0,16151,-611,84,discharging,None,None
18:03:55.649,parallel,8.4,399.4,171.6,8.6,1102.1,61.1,2400,0.0,0.0,16193,-575,84,discharging,None,None
18:03:56.155,parallel,8.4,399.4,361.5,100.0,1102.1,65.5,2400,0.0,0.0,16162,-516,84,discharging,None,None
18:03:56.659,parallel,8.4,579.3,361.5,34.5,1101.9,62.2,2400,0.0,0.0,16144,-655,84,discharging,None,None
18:03:57.167,parallel,7.9,579.3,361.5,14.4,1101.9,62.8,2400,0.0,0.0,16195,-562,84,discharging,None,None
18:03:57.671,parallel,7.9,579.3,361.5,100.0,1101.9,65.5,2400,0.0,0.0,16163,-516,84,discharging,None,None
18:03:58.175,parallel,8.3,736.5,527.4,38.1,1101.7,61.1,2400,0.0,0.0,16146,-673,84,discharging,None,None
18:03:58.683,parallel,8.3,736.5,527.4,9.5,1101.7,62.2,2400,0.0,0.0,16196,-570,84,discharging,None,None
18:03:59.191,parallel,8.2,736.5,527.4,100.0,1101.7,65.5,2400,0.0,0.0,16164,-510,84,discharging,None,None
18:03:59.694,parallel,8.2,611.6,380.9,31.2,1101.4,61.7,2400,0.0,0.0,16149,-652,84,discharging,None,None
18:04:00.202,parallel,8.2,611.6,380.9,31.2,1101.4,64.5,2400,0.0,0.0,16196,-555,84,discharging,None,None
18:04:00.706,parallel,8.4,394.9,162.4,86.1,1101.4,65.0,2400,0.0,0.0,16153,-549,84,discharging,None,None
18:04:01.209,parallel,8.4,394.9,162.4,3.5,1101.6,61.1,2400,0.0,0.0,16185,-617,84,discharging,None,None
18:04:01.713,parallel,8.3,393.8,162.4,81.6,1101.6,63.4,2400,0.0,0.0,16181,-544,84,discharging,None,None
18:04:02.217,parallel,8.3,393.8,174.1,38.1,1101.4,62.2,2400,0.0,0.0,16186,-574,84,discharging,None,None
18:04:02.723,parallel,8.3,393.8,174.1,56.7,1101.4,65.5,2400,0.0,0.0,16189,-557,84,discharging,None,None
18:04:03.227,parallel,8.3,395.7,174.1,28.2,1101.4,61.1,2400,0.0,0.0,16147,-605,84,discharging,None,None
18:04:03.735,parallel,8.3,395.7,158.8,54.5,1102.3,63.9,2400,0.0,0.0,16176,-618,84,discharging,None,None
18:04:04.239,parallel,8.3,399.4,158.8,64.5,1102.1,62.2,2400,0.0,0.0,16159,-584,84,discharging,None,None
18:04:04.747,parallel,8.3,399.4,158.8,26.4,1102.1,65.0,2400,0.0,0.0,16189,-562,84,discharging,None,None
18:04:05.251,parallel,8.3,408.8,167.8,90.6,1101.9,65.5,2400,0.0,0.0,16171,-546,84,discharging,None,None
18:04:05.754,parallel,8.3,408.8,167.8,5.4,1101.9,60.6,2400,0.0,0.0,16173,-621,84,discharging,None,None
18:04:06.267,parallel,8.3,408.8,167.8,55.4,1101.7,65.0,2400,0.0,0.0,16197,-524,84,discharging,None,None
18:04:06.770,parallel,8.4,575.3,367.6,75.2,1101.7,63.4,2400,0.0,0.0,16153,-581,84,discharging,None,None
18:04:07.274,parallel,8.4,575.3,367.6,2.5,1101.4,60.6,2400,0.0,0.0,16184,-645,84,discharging,None,None
18:04:07.943,parallel,8.3,575.3,367.6,77.0,1101.4,64.5,2400,0.0,0.0,16161,-511,84,discharging,None,None
18:04:08.446,parallel,8.3,659.5,663.9,58.9,1101.4,62.2,2400,0.0,0.0,16150,-678,84,discharging,None,None
18:04:08.955,parallel,8.3,659.5,663.9,14.5,1101.2,63.4,2400,0.0,0.0,16194,-580,84,discharging,None,None
18:04:09.459,parallel,7.0,394.6,663.9,75.7,1101.2,64.5,2400,0.0,0.0,16156,-544,84,discharging,None,None
18:04:09.963,parallel,7.0,394.6,166.5,29.7,1101.2,61.7,2400,0.0,0.0,16161,-621,84,discharging,None,None
18:04:10.472,parallel,8.3,394.6,166.5,77.0,1101.2,65.0,2400,0.0,0.0,16189,-531,84,discharging,None,None
18:04:10.975,parallel,8.3,403.9,170.6,43.4,1102.0,65.0,2400,0.0,0.0,16185,-548,84,discharging,None,None
18:04:11.483,parallel,8.3,403.9,170.6,40.0,1102.0,66.1,2400,0.0,0.0,16191,-569,84,discharging,None,None
18:04:11.987,parallel,8.3,399.4,170.6,45.0,1101.9,61.7,2400,0.0,0.0,16148,-623,84,discharging,None,None
18:04:12.495,parallel,8.3,399.4,159.3,37.6,1101.9,61.7,2400,0.0,0.0,16195,-594,84,discharging,None,None
18:04:12.999,parallel,8.3,399.4,159.3,80.9,1101.9,63.4,2400,0.0,0.0,16155,-569,84,discharging,None,None
18:04:13.502,parallel,8.3,399.4,159.3,2.5,1101.9,60.0,2400,0.0,0.0,16186,-588,84,discharging,None,None
18:04:14.011,parallel,8.4,399.4,175.1,96.5,1101.9,66.7,2400,0.0,0.0,16159,-544,84,discharging,None,None
18:04:14.515,parallel,8.4,413.7,175.1,24.5,1102.6,61.1,2400,0.0,0.0,16156,-623,84,discharging,None,None
18:04:15.027,parallel,8.3,413.7,175.1,27.8,1102.3,64.5,2400,0.0,0.0,16196,-541,84,discharging,None,None
18:04:15.531,parallel,8.3,413.7,499.8,100.0,1102.3,66.1,2400,0.0,0.0,16160,-526,84,discharging,None,None
18:04:16.035,parallel,8.3,706.9,499.8,22.2,1102.3,62.2,2400,0.0,0.0,16156,-653,84,discharging,None,None
18:04:16.543,parallel,8.4,706.9,499.8,26.6,1102.3,63.4,2400,0.0,0.0,16195,-538,84,discharging,None,None
18:04:17.050,parallel,8.4,706.9,499.8,100.0,1102.3,66.7,2400,0.0,0.0,16160,-537,84,discharging,None,None
18:04:17.554,parallel,8.3,778.0,533.4,33.2,1101.9,61.7,2400,0.0,0.0,16148,-683,84,discharging,None,None
18:04:18.063,parallel,8.3,778.0,533.4,13.5,1101.9,62.8,2400,0.0,0.0,16195,-556,84,discharging,None,None
18:04:18.568,parallel,8.3,523.7,533.4,100.0,1102.3,66.7,2400,0.0,0.0,16160,-517,84,discharging,None,None
18:04:19.071,parallel,8.2,523.7,309.0,20.2,1103.0,61.7,2400,0.0,0.0,16157,-641,84,discharging,None,None
18:04:19.580,parallel,8.2,523.7,309.0,50.3,1103.0,65.5,2400,0.0,0.0,16195,-535,84,discharging,None,None
18:04:20.084,parallel,8.4,408.7,309.0,62.7,1103.0,65.0,2400,0.0,0.0,16148,-563,84,discharging,None,None
18:04:20.589,parallel,8.4,408.7,175.0,29.5,1103.0,63.9,2400,0.0,0.0,16167,-636,84,discharging,None,None
18:04:21.093,parallel,7.9,394.5,175.0,70.6,1102.8,61.7,2400,0.0,0.0,16158,-585,84,discharging,None,None
18:04:21.597,parallel,7.9,394.5,167.2,36.6,1102.8,62.8,2400,0.0,0.0,16186,-562,84,discharging,None,None
18:04:22.104,parallel,7.9,394.5,167.2,75.4,1102.8,66.7,2400,0.0,0.0,16190,-548,84,discharging,None,None
18:04:22.608,parallel,8.3,397.4,167.2,8.5,1102.5,61.1,2400,0.0,0.0,16171,-561,84,discharging,None,None
18:04:23.117,parallel,8.3,397.4,171.7,73.8,1102.1,65.5,2400,0.0,0.0,16196,-546,84,discharging,None,None
18:04:23.621,parallel,8.3,402.6,171.7,47.6,1102.1,61.1,2400,0.0,0.0,16183,-624,84,discharging,None,None
18:04:24.138,parallel,8.3,402.6,171.7,12.7,1101.6,62.8,2400,0.0,0.0,16198,-512,84,discharging,None,None
18:04:24.642,parallel,8.3,402.6,349.8,100.0,1101.6,67.2,2400,0.0,0.0,16151,-579,84,discharging,None,None
18:04:25.146,parallel,8.3,616.6,349.8,25.5,1101.4,61.1,2400,0.0,0.0,16184,-644,84,discharging,None,None
18:04:25.655,parallel,8.3,616.6,349.8,21.9,1101.4,62.8,2400,0.0,0.0,16201,-475,84,discharging,None,None
18:04:26.159,parallel,8.3,616.6,455.9,100.0,1101.3,65.5,2400,0.0,0.0,16150,-582,84,discharging,None,None
18:04:26.663,parallel,8.3,710.4,455.9,23.9,1100.9,61.7,2400,0.0,0.0,16184,-647,84,discharging,None,None
18:04:27.171,parallel,8.4,710.4,455.9,21.2,1100.8,63.9,2400,0.0,0.0,16196,-485,84,discharging,None,None
18:04:27.679,parallel,8.4,710.4,455.9,100.0,1101.5,66.1,2400,0.0,0.0,16149,-603,84,discharging,None,None
18:04:28.183,parallel,8.4,699.1,461.1,23.6,1101.7,61.1,2400,0.0,0.0,16185,-653,84,discharging,None,None
18:04:28.691,parallel,8.3,699.1,461.1,26.5,1101.7,64.5,2400,0.0,0.0,16198,-490,84,discharging,None,None
18:04:29.194,parallel,8.3,399.6,175.7,92.2,1101.7,63.9,2400,0.0,0.0,16150,-611,84,discharging,None,None
18:04:29.698,parallel,8.3,399.6,175.7,1.5,1101.7,61.1,2400,0.0,0.0,16194,-606,84,discharging,None,None
18:04:30.202,parallel,8.3,393.3,175.7,82.1,1101.2,63.9,2400,0.0,0.0,16155,-559,84,discharging,None,None
18:04:30.705,parallel,8.3,393.3,164.5,36.0,1101.2,61.7,2400,0.0,0.0,16155,-620,84,discharging,None,None
18:04:31.212,parallel,8.3,393.3,164.5,52.5,1103.4,66.1,2400,0.0,0.0,16180,-547,84,discharging,None,None
18:04:31.723,parallel,8.3,394.9,164.5,33.3,1103.4,62.2,2400,0.0,0.0,16185,-561,84,discharging,None,None
18:04:32.233,parallel,8.3,394.9,160.5,57.8,1103.5,64.5,2400,0.0,0.0,16184,-570,84,discharging,None,None
18:04:32.737,parallel,8.3,410.1,160.5,67.8,1103.5,63.4,2400,0.0,0.0,16146,-633,84,discharging,None,None
18:04:33.243,parallel,7.9,410.1,162.5,35.1,1102.8,64.5,2400,0.0,0.0,16194,-588,84,discharging,None,None
18:04:33.748,parallel,7.9,410.1,162.5,78.4,1102.8,66.1,2400,0.0,0.0,16151,-573,84,discharging,None,None
18:04:34.255,parallel,7.9,411.4,162.5,9.4,1102.6,61.1,2400,0.0,0.0,16184,-599,84,discharging,None,None
18:04:34.763,parallel,8.4,411.4,203.4,65.7,1102.6,65.5,2400,0.0,0.0,16166,-536,84,discharging,None,None
18:04:35.267,parallel,8.4,446.7,203.4,56.2,1102.4,62.2,2400,0.0,0.0,16147,-626,84,discharging,None,None
18:04:35.770,parallel,8.3,446.7,203.4,2.0,1102.4,60.6,1600,0.0,0.0,16195,-553,84,discharging,None,None
18:04:36.283,parallel,8.3,446.7,203.4,90.1,1102.2,66.1,2400,0.0,0.0,16169,-498,84,discharging,None,None
18:04:36.786,parallel,8.3,731.1,497.8,58.7,1102.2,62.2,2400,0.0,0.0,16145,-647,84,discharging,None,None
18:04:37.290,parallel,8.3,731.1,497.8,1.5,1101.9,61.1,2400,0.0,0.0,16194,-560,84,discharging,None,None
18:04:37.803,parallel,8.3,731.1,497.8,87.6,1101.7,66.7,2400,0.0,0.0,16157,-520,84,discharging,None,None
18:04:38.307,parallel,8.3,669.4,411.0,48.8,1101.7,62.2,2400,0.0,0.0,16153,-652,84,discharging,None,None
18:04:38.810,parallel,8.3,669.4,411.0,2.0,1101.7,60.6,2400,0.0,0.0,16196,-543,84,discharging,None,None
18:04:39.324,parallel,8.3,669.4,411.0,97.1,1101.7,64.5,2400,0.0,0.0,16156,-539,84,discharging,None,None
18:04:39.827,parallel,8.3,511.7,311.2,31.7,1101.7,62.2,2400,0.0,0.0,16175,-640,84,discharging,None,None
18:04:40.332,parallel,8.3,511.7,311.2,39.7,1101.7,65.0,2400,0.0,0.0,16196,-528,84,discharging,None,None
18:04:40.839,parallel,8.4,397.4,158.3,78.7,1101.4,65.5,2400,0.0,0.0,16155,-570,84,discharging,None,None
18:04:41.352,parallel,8.4,397.4,158.3,3.5,1101.4,61.7,2400,0.0,0.0,16184,-606,84,discharging,None,None
18:04:41.856,parallel,8.4,397.0,158.3,79.5,1101.7,62.8,2400,0.0,0.0,16154,-595,84,discharging,None,None
18:04:42.360,parallel,8.4,397.0,176.6,38.0,1104.0,62.2,2400,0.0,0.0,16174,-620,84,discharging,None,None
18:04:42.868,parallel,8.3,397.0,176.6,66.7,1104.0,65.0,2400,0.0,0.0,16182,-549,84,discharging,None,None
18:04:43.371,parallel,8.3,399.4,176.6,17.5,1104.0,61.1,2400,0.0,0.0,16184,-563,84,discharging,None,None
18:04:43.879,parallel,8.3,399.4,162.8,63.4,1104.0,63.9,2400,0.0,0.0,16164,-563,84,discharging,None,None
18:04:44.383,parallel,8.3,579.0,162.8,80.2,1103.8,62.8,2400,0.0,0.0,16151,-638,84,discharging,None,None
18:04:44.889,parallel,8.3,579.0,162.8,27.0,1103.0,65.0,2400,0.0,0.0,16192,-596,84,discharging,None,None
18:04:45.404,parallel,6.9,579.0,175.8,66.5,1103.0,65.5,2400,0.0,0.0,16190,-526,84,discharging,None,None
18:04:45.908,parallel,6.9,400.1,175.8,28.3,1102.9,61.7,2400,0.0,0.0,16170,-623,84,discharging,None,None
18:04:46.416,parallel,6.9,400.1,167.3,55.9,1102.9,65.5,2400,0.0,0.0,16198,-543,84,discharging,None,None
18:04:46.919,parallel,8.3,401.0,167.3,63.5,1102.2,62.2,2400,0.0,0.0,16146,-605,84,discharging,None,None
18:04:47.423,parallel,8.3,401.0,167.3,2.5,1104.1,61.1,2400,0.0,0.0,16193,-592,84,discharging,None,None
18:04:47.931,parallel,8.3,401.0,167.3,85.3,1104.1,65.5,2400,0.0,0.0,16166,-488,84,discharging,None,None
18:04:48.435,parallel,8.3,689.9,471.8,58.7,1104.0,63.4,2400,0.0,0.0,16142,-661,84,discharging,None,None
18:04:48.939,parallel,8.3,689.9,471.8,3.0,1103.8,61.1,2400,0.0,0.0,16192,-587,84,discharging,None,None
18:04:49.451,parallel,8.4,689.9,471.8,86.8,1103.8,65.0,2400,0.0,0.0,16165,-495,84,discharging,None,None
18:04:49.955,parallel,8.4,745.7,486.0,64.7,1105.1,62.2,2400,0.0,0.0,16145,-669,84,discharging,None,None
18:04:50.459,parallel,8.3,745.7,486.0,3.5,1105.4,61.1,2400,0.0,0.0,16192,-593,84,discharging,None,None
18:04:50.972,parallel,8.3,745.7,486.0,81.5,1105.8,66.1,2400,0.0,0.0,16177,-486,84,discharging,None,None
18:04:51.475,parallel,8.3,556.3,381.2,57.5,1105.8,62.2,2400,0.0,0.0,16150,-652,84,discharging,None,None
18:04:51.984,parallel,8.3,556.3,381.2,15.5,1105.0,63.4,2400,0.0,0.0,16194,-586,84,discharging,None,None
18:04:52.492,parallel,8.3,399.0,381.2,77.0,1105.0,63.9,2400,0.0,0.0,16154,-544,84,discharging,None,None
18:04:52.995,parallel,8.3,399.0,170.1,29.1,1104.1,60.6,2400,0.0,0.0,16161,-621,84,discharging,None,None
18:04:53.502,parallel,8.3,399.0,170.1,77.7,1104.1,65.5,2400,0.0,0.0,16183,-546,84,discharging,None,None
18:04:54.006,parallel,8.4,399.2,160.0,40.6,1103.9,63.9,2400,0.0,0.0,16184,-559,84,discharging,None,None
18:04:54.514,parallel,8.4,399.2,160.0,41.9,1103.9,65.0,2400,0.0,0.0,16189,-565,83,discharging,None,None
18:04:55.018,parallel,8.3,395.4,160.0,42.8,1103.4,61.7,2400,0.0,0.0,16147,-618,83,discharging,None,None
18:04:55.531,parallel,8.3,395.4,162.9,39.4,1103.2,62.2,2400,0.0,0.0,16194,-595,83,discharging,None,None
18:04:56.034,parallel,8.3,398.0,162.9,78.3,1103.0,62.8,2400,0.0,0.0,16154,-571,83,discharging,None,None
18:04:56.539,parallel,8.3,398.0,162.9,11.0,1103.0,61.7,2400,0.0,0.0,16185,-585,83,discharging,None,None
18:04:57.047,parallel,8.3,398.0,159.6,99.5,1102.7,66.7,2400,0.0,0.0,16156,-551,83,discharging,None,None
18:04:57.550,parallel,7.9,406.2,159.6,19.1,1102.7,61.1,2400,0.0,0.0,16161,-625,83,discharging,None,None
18:04:58.066,parallel,7.9,406.2,159.6,32.7,1102.3,64.5,2400,0.0,0.0,16195,-536,83,discharging,None,None
18:04:58.571,parallel,7.9,406.2,455.4,100.0,1103.9,66.1,2400,0.0,0.0,16156,-550,83,discharging,None,None
18:04:59.075,parallel,8.3,668.9,455.4,8.9,1103.7,61.1,2400,0.0,0.0,16174,-657,83,discharging,None,None
18:04:59.587,parallel,8.3,668.9,455.4,40.1,1103.7,64.5,2400,0.0,0.0,16196,-485,83,discharging,None,None
18:05:00.090,parallel,8.2,707.1,423.9,100.0,1103.7,66.1,2400,0.0,0.0,16156,-650,83,discharging,None,None
18:05:00.594,parallel,8.2,707.1,423.9,5.9,1103.7,61.7,2400,0.0,0.0,16176,-662,83,discharging,None,None
18:05:01.103,parallel,8.3,707.1,423.9,42.0,1103.3,65.0,2400,0.0,0.0,16196,-484,83,discharging,None,None
18:05:01.606,parallel,8.3,603.1,371.8,93.1,1103.3,66.1,2400,0.0,0.0,16152,-646,83,discharging,None,None
18:05:02.110,parallel,8.3,603.1,371.8,2.0,1103.0,61.1,2400,0.0,0.0,16183,-648,83,discharging,None,None
18:05:02.619,parallel,8.4,603.1,371.8,64.4,1103.0,65.5,2400,0.0,0.0,16197,-514,83,discharging,None,None
18:05:03.122,parallel,8.4,399.8,160.5,54.7,1102.9,63.4,2400,0.0,0.0,16149,-585,83,discharging,None,None
18:05:03.632,parallel,8.3,399.8,160.5,27.5,1102.9,64.5,2400,0.0,0.0,16186,-547,83,discharging,None,None
18:05:04.137,parallel,8.3,395.4,160.5,59.3,1102.4,62.8,2400,0.0,0.0,16168,-559,83,discharging,None,None
18:05:04.641,parallel,8.3,395.4,161.7,32.3,1102.4,61.1,2400,0.0,0.0,16188,-589,83,discharging,None,None
18:05:05.144,parallel,8.3,399.4,161.7,82.3,1101.9,63.9,2400,0.0,0.0,16183,-544,83,discharging,None,None
18:05:05.651,parallel,8.3,399.4,165.5,35.5,1101.9,63.9,2400,0.0,0.0,16191,-599,83,discharging,None,None
18:05:06.155,parallel,8.3,399.4,165.5,55.5,1101.8,65.0,2400,0.0,0.0,16178,-567,83,discharging,None,None
18:05:06.659,parallel,8.3,395.5,165.5,30.8,1101.8,62.2,2400,0.0,0.0,16145,-621,83,discharging,None,None
18:05:07.171,parallel,8.3,395.5,160.8,51.7,1101.6,64.5,2400,0.0,0.0,16194,-550,83,discharging,None,None
18:05:07.675,parallel,8.3,399.1,160.8,66.2,1101.6,63.4,2400,0.0,0.0,16147,-620,83,discharging,None,None
18:05:08.178,parallel,8.3,399.1,160.8,2.5,1101.6,60.6,2400,0.0,0.0,16194,-553,83,discharging,None,None
18:05:08.687,parallel,8.3,399.1,347.9,80.1,1101.6,63.4,2400,0.0,0.0,16186,-518,83,discharging,None,None
18:05:09.190,parallel,8.3,668.5,347.9,58.3,1101.4,61.7,2400,0.0,0.0,16154,-650,83,discharging,None,None
18:05:09.694,parallel,7.6,668.5,347.9,2.0,1101.4,60.6,2400,0.0,0.0,16186,-542,83,discharging,None,None
18:05:10.206,parallel,7.6,668.5,377.2,87.1,1102.5,66.1,2400,0.0,0.0,16196,-532,83,discharging,None,None
18:05:10.709,parallel,7.6,661.0,377.2,48.5,1107.2,61.1,2400,0.0,0.0,16173,-647,83,discharging,None,None
18:05:11.213,parallel,8.3,661.0,377.2,2.0,1108.9,60.6,2400,0.0,0.0,16197,-526,83,discharging,None,None
18:05:11.720,parallel,8.3,661.0,377.2,98.0,1110.4,65.0,2400,0.0,0.0,16159,-541,83,discharging,None,None
18:05:12.223,parallel,8.3,704.7,465.2,45.3,1110.5,61.7,2400,0.0,0.0,16171,-650,83,discharging,None,None
18:05:12.728,parallel,8.3,704.7,465.2,3.5,1110.5,60.6,2400,0.0,0.0,16189,-519,83,discharging,None,None
18:05:13.239,parallel,8.2,704.7,465.2,99.0,1110.5,65.5,2400,0.0,0.0,16153,-558,83,discharging,None,None
18:05:13.743,parallel,8.2,635.6,427.3,42.3,1110.5,62.2,2400,0.0,0.0,16176,-661,83,discharging,None,None
18:05:14.252,parallel,8.2,635.6,427.3,17.5,1108.0,63.4,2400,0.0,0.0,16195,-514,83,discharging,None,None
18:05:14.757,parallel,8.4,415.0,427.3,92.6,1108.0,66.1,2400,0.0,0.0,16148,-571,83,discharging,None,None
18:05:15.260,parallel,8.4,415.0,174.8,13.9,1106.0,61.1,2400,0.0,0.0,16182,-626,83,discharging,None,None
18:05:15.768,parallel,8.3,415.0,174.8,76.7,1106.0,66.1,2400,0.0,0.0,16158,-566,83,discharging,None,None
18:05:16.272,parallel,8.3,401.6,159.4,41.5,1106.0,62.2,2400,0.0,0.0,16170,-617,83,discharging,None,None
18:05:16.779,parallel,8.3,401.6,159.4,42.3,1106.0,65.0,2400,0.0,0.0,16197,-532,83,discharging,None,None
18:05:17.283,parallel,8.3,404.9,159.4,46.9,1104.2,61.1,2400,0.0,0.0,16164,-551,83,discharging,None,None
18:05:17.792,parallel,8.3,404.9,157.9,36.5,1104.0,61.7,2400,0.0,0.0,16165,-593,83,discharging,None,None
18:05:18.296,parallel,8.4,392.1,157.9,80.5,1103.2,62.8,2400,0.0,0.0,16150,-613,83,discharging,None,None
18:05:18.804,parallel,8.4,392.1,157.9,17.4,1103.2,64.5,2400,0.0,0.0,16193,-559,83,discharging,None,None
18:05:19.308,parallel,8.3,392.1,167.8,85.6,1103.2,66.1,2400,0.0,0.0,16168,-551,83,discharging,None,None
18:05:19.812,parallel,8.3,398.9,167.8,18.0,1102.7,61.1,2400,0.0,0.0,16183,-622,83,discharging,None,None
18:05:20.330,parallel,8.3,398.9,167.8,46.8,1102.3,63.9,2400,0.0,0.0,16197,-521,83,discharging,None,None
18:05:20.834,parallel,8.3,398.9,282.7,99.5,1103.2,66.1,2400,0.0,0.0,16151,-609,83,discharging,None,None
18:05:21.338,parallel,8.3,679.2,282.7,11.0,1104.5,60.6,2400,0.0,0.0,16183,-642,83,discharging,None,None
18:05:21.856,parallel,7.5,679.2,282.7,54.5,1104.5,62.8,1900,0.0,0.0,16190,-513,83,discharging,None,None
18:05:22.360,parallel,7.5,523.7,313.7,71.4,1105.0,62.8,2400,0.0,0.0,16148,-608,83,discharging,None,None
18:05:22.863,parallel,7.5,523.7,313.7,1.5,1103.9,60.6,2400,0.0,0.0,16194,-575,83,discharging,None,None
18:05:23.375,parallel,8.5,523.7,313.7,75.5,1103.9,65.0,2400,0.0,0.0,16171,-484,83,discharging,None,None
18:05:23.878,parallel,8.5,724.2,498.1,70.6,1103.2,62.8,2400,0.0,0.0,16143,-663,83,discharging,None,None
18:05:24.382,parallel,8.3,724.2,498.1,2.0,1103.2,62.2,2400,0.0,0.0,16193,-598,83,discharging,None,None
18:05:24.895,parallel,8.3,724.2,498.1,73.9,1103.7,63.9,2400,0.0,0.0,16170,-489,83,discharging,None,None
18:05:25.398,parallel,8.3,619.6,409.2,65.0,1103.4,62.8,2400,0.0,0.0,16146,-657,83,discharging,None,None
18:05:25.902,parallel,8.3,619.6,409.2,1.5,1104.0,61.1,2400,0.0,0.0,16193,-584,83,discharging,None,None
18:05:26.409,parallel,8.3,401.6,409.2,84.5,1104.0,62.8,2400,0.0,0.0,16156,-516,83,discharging,None,None
18:05:26.912,parallel,8.3,401.6,174.8,36.2,1103.4,61.1,2400,0.0,0.0,16158,-623,83,discharging,None,None
18:05:27.421,parallel,8.3,401.6,174.8,56.4,1103.4,65.5,2400,0.0,0.0,16194,-550,83,discharging,None,None
18:05:27.925,parallel,8.3,404.9,174.8,57.2,1103.4,65.0,2400,0.0,0.0,16169,-562,83,discharging,None,None
18:05:28.432,parallel,8.3,404.9,163.3,24.4,1103.0,63.4,2400,0.0,0.0,16188,-590,83,discharging,None,None
18:05:28.936,parallel,8.3,399.2,163.3,65.0,1102.9,61.7,2400,0.0,0.0,16152,-616,83,discharging,None,None
18:05:29.439,parallel,8.3,399.2,157.5,36.2,1102.9,62.2,2400,0.0,0.0,16193,-597,83,discharging,None,None
18:05:29.943,parallel,8.3,403.6,157.5,79.2,1102.9,66.1,2400,0.0,0.0,16164,-548,83,discharging,None,None
18:05:30.446,parallel,8.3,403.6,157.5,5.5,1102.5,61.1,2400,0.0,0.0,16181,-582,83,discharging,None,None
18:05:30.955,parallel,8.3,403.6,161.3,73.5,1102.9,66.1,2400,0.0,0.0,16157,-547,83,discharging,None,None
18:05:31.459,parallel,8.3,367.3,161.3,35.0,1102.5,61.7,2400,0.0,0.0,16151,-606,83,discharging,None,None
18:05:31.971,parallel,8.3,367.3,161.3,22.0,1102.5,61.7,1900,0.0,0.0,16196,-542,83,discharging,None,None
18:05:32.474,parallel,8.3,502.8,288.1,92.5,1102.5,63.9,2400,0.0,0.0,16159,-529,83,discharging,None,None
18:05:32.978,parallel,8.3,502.8,288.1,0.0,1102.5,60.6,2400,0.0,0.0,16184,-593,83,discharging,None,None
18:05:33.491,parallel,8.3,502.8,288.1,51.7,1102.5,64.5,2400,0.0,0.0,16199,-484,83,discharging,None,None
18:05:33.994,parallel,8.3,629.1,386.4,74.3,1101.8,62.8,2400,0.0,0.0,16148,-601,83,discharging,None,None
18:05:34.498,parallel,8.3,629.1,386.4,0.0,1101.8,60.6,2400,0.0,0.0,16189,-615,83,discharging,None,None
18:05:35.010,parallel,8.3,629.1,386.4,69.6,1101.8,65.0,2400,0.0,0.0,16193,-479,83,discharging,None,None
18:05:35.513,parallel,8.3,487.7,309.0,50.2,1101.8,61.7,2400,0.0,0.0,16148,-624,83,discharging,None,None
18:05:36.020,parallel,8.3,487.7,309.0,16.3,1101.8,62.2,2400,0.0,0.0,16196,-580,83,discharging,None,None
18:05:36.525,parallel,8.3,367.2,309.0,74.8,1101.8,64.5,2400,0.0,0.0,16154,-537,83,discharging,None,None
18:05:37.028,parallel,8.3,367.2,153.0,17.0,1101.1,61.1,2400,0.0,0.0,16178,-602,83,discharging,None,None
18:05:37.532,parallel,8.3,379.4,153.0,78.0,1101.1,63.9,2400,0.0,0.0,16186,-516,83,discharging,None,None
18:05:38.035,parallel,8.3,379.4,151.5,32.7,1101.3,62.8,2400,0.0,0.0,16186,-529,83,discharging,None,None
18:05:38.543,parallel,8.3,379.4,151.5,50.5,1101.3,65.5,2400,0.0,0.0,16187,-542,83,discharging,None,None
18:05:39.046,parallel,8.3,367.3,151.5,24.9,1101.3,61.1,2400,0.0,0.0,16157,-599,83,discharging,None,None
18:05:39.555,parallel,8.3,367.3,151.4,51.5,1101.3,63.4,2400,0.0,0.0,16183,-594,83,discharging,None,None
18:05:40.059,parallel,8.3,363.3,151.4,55.9,1100.6,60.6,2400,0.0,0.0,16151,-596,83,discharging,None,None
18:05:40.567,parallel,8.3,363.3,151.4,11.9,1100.6,62.2,2400,0.0,0.0,16193,-546,83,discharging,None,None
18:05:41.070,parallel,8.3,439.7,227.5,99.5,1102.5,66.7,2400,0.0,0.0,16159,-518,83,discharging,None,None
18:05:41.574,parallel,8.3,439.7,227.5,1.5,1102.5,60.6,2400,0.0,0.0,16183,-612,83,discharging,None,None
18:05:42.087,parallel,8.3,439.7,227.5,43.3,1104.1,64.5,2400,0.0,0.0,16197,-501,83,discharging,None,None
18:05:42.591,parallel,8.3,677.8,464.8,93.6,1104.4,64.5,2400,0.0,0.0,16148,-561,83,discharging,None,None
18:05:43.094,parallel,8.3,677.8,464.8,0.0,1104.3,60.6,2400,0.0,0.0,16182,-652,83,discharging,None,None
18:05:43.605,parallel,8.3,677.8,464.8,51.7,1104.3,64.5,2400,0.0,0.0,16195,-501,83,discharging,None,None
18:05:44.108,parallel,8.3,598.4,370.7,76.1,1104.1,61.7,2400,0.0,0.0,16147,-601,83,discharging,None,None
18:05:44.612,parallel,8.3,598.4,370.7,0.0,1106.5,60.0,2400,0.0,0.0,16182,-651,83,discharging,None,None
18:05:45.119,parallel,8.3,361.5,370.7,73.8,1106.7,65.0,2400,0.0,0.0,16197,-497,83,discharging,None,None
18:05:45.623,parallel,8.3,361.5,150.9,32.8,1106.2,60.0,2400,0.0,0.0,16165,-601,83,discharging,None,None
18:05:46.132,parallel,8.3,361.5,150.9,44.5,1105.8,64.5,2400,0.0,0.0,16196,-564,83,discharging,None,None
18:05:46.636,parallel,8.3,363.9,150.9,53.4,1105.8,64.5,2400,0.0,0.0,16148,-544,83,discharging,None,None
18:05:47.147,parallel,8.3,363.9,151.4,24.8,1104.3,63.4,2400,0.0,0.0,16174,-601,83,discharging,None,None
18:05:47.651,parallel,8.3,379.5,151.4,62.6,1104.3,61.7,2400,0.0,0.0,16155,-568,83,discharging,None,None
18:05:48.154,parallel,8.3,379.5,151.5,32.8,1103.7,61.1,2400,0.0,0.0,16190,-534,83,discharging,None,None
18:05:48.658,parallel,8.3,363.6,151.5,74.8,1103.7,63.9,2400,0.0,0.0,16186,-526,83,discharging,None,None
18:05:49.161,parallel,8.3,363.6,151.5,0.0,1103.4,60.6,2400,0.0,0.0,16185,-602,83,discharging,None,None
18:05:49.668,parallel,8.3,363.6,151.3,82.3,1103.9,65.5,2400,0.0,0.0,16189,-554,83,discharging,None,None
18:05:50.171,parallel,8.3,365.0,151.3,24.5,1102.9,60.6,2400,0.0,0.0,16145,-600,83,discharging,None,None
18:05:50.693,parallel,8.3,365.0,151.3,20.7,1102.9,62.8,2400,0.0,0.0,16194,-549,83,discharging,None,None
18:05:51.197,parallel,8.3,365.0,505.1,100.0,1107.1,66.7,2400,0.0,0.0,16163,-506,83,discharging,None,None
18:05:51.701,parallel,8.3,705.8,505.1,19.9,1109.8,60.6,2400,0.0,0.0,16141,-657,83,discharging,None,None
18:05:52.210,parallel,8.3,705.8,505.1,25.1,1109.8,63.9,2400,0.0,0.0,16194,-554,83,discharging,None,None
18:05:52.723,parallel,8.3,705.8,505.1,100.0,1109.8,65.0,2400,0.0,0.0,16153,-515,83,discharging,None,None
18:05:53.226,parallel,8.3,663.7,477.4,13.8,1108.2,60.6,2400,0.0,0.0,16151,-620,83,discharging,None,None
18:05:53.735,parallel,8.3,663.7,477.4,36.3,1108.2,64.5,2400,0.0,0.0,16197,-486,83,discharging,None,None
18:05:54.238,parallel,8.3,361.9,151.4,70.4,1107.6,61.1,2400,0.0,0.0,16160,-601,83,discharging,None,None
18:05:54.747,parallel,8.3,361.9,151.4,6.5,1107.6,62.2,2400,0.0,0.0,16195,-565,83,discharging,None,None
18:05:55.251,parallel,8.3,368.9,151.4,68.8,1105.0,62.2,2400,0.0,0.0,16145,-544,83,discharging,None,None
18:05:55.754,parallel,8.3,368.9,150.8,33.0,1105.0,61.7,2400,0.0,0.0,16174,-602,83,discharging,None,None
18:05:56.258,parallel,8.3,366.8,150.8,74.1,1104.3,64.5,2400,0.0,0.0,16155,-569,83,discharging,None,None
18:05:56.767,parallel,8.3,366.8,150.8,20.3,1103.8,62.8,2400,0.0,0.0,16187,-546,83,discharging,None,None
18:05:57.272,parallel,8.3,366.8,152.0,57.6,1103.3,65.0,2400,0.0,0.0,16182,-535,83,discharging,None,None
18:05:57.776,parallel,8.3,367.4,152.0,31.2,1103.3,60.0,1500,0.0,0.0,16184,-595,83,discharging,None,None
18:05:58.286,parallel,8.3,367.4,175.2,49.8,1102.0,63.9,2400,0.0,0.0,16197,-518,83,discharging,None,None
18:05:58.790,parallel,8.3,362.4,175.2,60.7,1102.0,61.7,2400,0.0,0.0,16145,-571,83,discharging,None,None
18:05:59.293,parallel,8.3,362.4,175.2,0.0,1101.8,60.0,2400,0.0,0.0,16195,-549,83,discharging,None,None
18:05:59.803,parallel,8.3,362.4,175.2,83.3,1101.8,64.5,2400,0.0,0.0,16161,-509,83,discharging,None,None
18:06:00.306,parallel,8.3,660.7,447.3,49.8,1100.8,61.7,2400,0.0,0.0,16152,-644,83,discharging,None,None
18:06:00.810,parallel,8.3,660.7,447.3,0.0,1100.8,59.5,2400,0.0,0.0,16195,-536,83,discharging,None,None
18:06:01.320,parallel,8.3,660.7,447.3,94.6,1100.8,63.4,2400,0.0,0.0,16152,-533,83,discharging,None,None
18:06:01.823,parallel,8.3,623.3,422.1,35.1,1101.1,61.1,2400,0.0,0.0,16174,-638,83,discharging,None,None
18:06:02.331,parallel,8.3,623.3,422.1,12.9,1101.1,61.7,2400,0.0,0.0,16196,-507,83,discharging,None,None
18:06:02.834,parallel,8.3,371.5,152.4,93.1,1100.9,66.1,2400,0.0,0.0,16149,-556,83,discharging,None,None
18:06:03.338,parallel,8.3,371.5,152.4,1.0,1100.7,59.5,1500,0.0,0.0,16184,-599,83,discharging,None,None
18:06:03.841,parallel,8.3,379.6,152.4,77.5,1100.5,63.9,2400,0.0,0.0,16168,-523,83,discharging,None,None
18:06:04.345,parallel,8.3,379.6,151.4,32.8,1100.5,61.1,2400,0.0,0.0,16162,-578,83,discharging,None,None
18:06:04.852,parallel,8.3,379.6,151.4,47.1,1100.5,64.5,2400,0.0,0.0,16194,-537,83,discharging,None,None
18:06:05.355,parallel,8.3,367.4,151.4,28.5,1100.5,60.0,2400,0.0,0.0,16181,-544,83,discharging,None,None
18:06:05.867,parallel,8.3,367.4,151.5,47.5,1100.5,62.8,2400,0.0,0.0,16180,-564,83,discharging,None,None
18:06:06.370,parallel,8.3,367.4,151.5,59.3,1100.5,61.7,2400,0.0,0.0,16147,-601,83,discharging,None,None
18:06:06.878,parallel,8.3,367.4,151.3,29.0,1100.5,63.4,2400,0.0,0.0,16196,-547,83,discharging,None,None
18:06:07.382,parallel,8.3,367.3,151.3,77.1,1100.5,63.4,2400,0.0,0.0,16148,-566,83,discharging,None,None
18:06:07.885,parallel,8.3,367.3,151.3,0.0,1100.5,60.0,2400,0.0,0.0,16187,-598,83,discharging,None,None
18:06:08.396,parallel,8.3,367.3,275.5,62.1,1100.5,64.5,2400,0.0,0.0,16185,-492,83,discharging,None,None
18:06:08.899,parallel,8.3,517.8,275.5,52.0,1100.5,60.6,2400,0.0,0.0,16154,-596,83,discharging,None,None
18:06:09.403,parallel,8.3,517.8,275.5,0.0,1100.5,60.6,2400,0.0,0.0,16195,-541,83,discharging,None,None
18:06:09.914,parallel,8.3,517.8,275.5,92.1,1100.5,65.5,2400,0.0,0.0,16157,-511,83,discharging,None,None
18:06:10.418,parallel,8.3,725.2,522.7,53.7,1100.5,60.6,2400,0.0,0.0,16142,-666,83,discharging,None,None
18:06:10.921,parallel,8.3,725.2,522.7,0.0,1100.5,60.0,2400,0.0,0.0,16193,-558,83,discharging,None,None
18:06:11.431,parallel,8.3,443.8,522.7,91.3,1100.5,66.7,2400,0.0,0.0,16155,-514,83,discharging,None,None
18:06:11.935,parallel,8.3,443.8,248.8,23.9,1100.7,60.6,2400,0.0,0.0,16176,-612,83,discharging,None,None
18:06:12.443,parallel,8.3,443.8,248.8,45.0,1100.7,64.5,2400,0.0,0.0,16196,-520,83,discharging,None,None
18:06:12.946,parallel,8.3,362.2,149.5,61.8,1100.7,62.8,2400,0.0,0.0,16167,-559,83,discharging,None,None
18:06:13.459,parallel,8.3,362.2,149.5,15.0,1100.7,62.8,2400,0.0,0.0,16187,-581,83,discharging,None,None
18:06:13.963,parallel,8.3,380.5,149.5,62.0,1100.5,61.1,2400,0.0,0.0,16152,-576,83,discharging,None,None
18:06:14.466,parallel,8.3,380.5,151.4,32.7,1100.5,60.6,2400,0.0,0.0,16169,-591,83,discharging,None,None
18:06:14.970,parallel,8.3,366.9,151.4,75.6,1100.5,63.4,2400,0.0,0.0,16164,-546,83,discharging,None,None
18:06:15.479,parallel,8.3,366.9,151.4,8.0,1101.2,62.8,2400,0.0,0.0,16185,-544,83,discharging,None,None
18:06:15.983,parallel,8.3,366.9,149.6,75.7,1101.4,63.9,2400,0.0,0.0,16180,-538,83,discharging,None,None
18:06:16.487,parallel,14.2,403.8,149.6,32.2,1101.4,61.7,2400,0.0,0.0,16155,-613,83,discharging,None,None
18:06:16.999,parallel,14.2,403.8,196.8,43.3,1101.4,65.0,2400,0.0,0.0,16193,-542,83,discharging,None,None
18:06:17.502,parallel,14.2,437.4,196.8,77.1,1101.4,62.2,2400,0.0,0.0,16144,-596,83,discharging,None,None
18:06:18.006,parallel,8.3,437.4,196.8,10.5,1100.9,61.1,2400,0.0,0.0,16179,-627,83,discharging,None,None
18:06:18.518,parallel,8.3,437.4,196.8,68.3,1100.9,64.5,2400,0.0,0.0,16186,-492,83,discharging,None,None
18:06:19.022,parallel,7.9,742.4,546.0,81.3,1100.9,61.7,2400,0.0,0.0,16146,-631,83,discharging,None,None
18:06:19.526,parallel,7.9,742.4,546.0,1.5,1100.9,60.6,2400,0.0,0.0,16184,-629,83,discharging,None,None
18:06:20.039,parallel,8.3,742.4,546.0,64.2,1100.9,64.5,2400,0.0,0.0,16195,-487,83,discharging,None,None
18:06:20.542,parallel,8.3,707.4,459.6,79.3,1101.4,62.8,2400,0.0,0.0,16146,-627,83,discharging,None,None
18:06:21.046,parallel,8.3,707.4,459.6,1.5,1101.4,61.1,2400,0.0,0.0,16184,-627,83,discharging,None,None
18:06:21.551,parallel,8.4,707.4,459.6,67.2,1101.4,65.5,2400,0.0,0.0,16195,-483,83,discharging,None,None
18:06:22.055,parallel,8.4,475.2,235.9,58.4,1103.2,62.2,2400,0.0,0.0,16147,-631,83,discharging,None,None
18:06:22.563,parallel,8.3,475.2,235.9,14.4,1103.2,61.7,2400,0.0,0.0,16192,-597,83,discharging,None,None
18:06:23.068,parallel,8.3,403.7,235.9,77.1,1103.0,64.5,2400,0.0,0.0,16152,-540,83,discharging,None,None
18:06:23.572,parallel,8.3,403.7,161.9,27.9,1103.0,60.6,2400,0.0,0.0,16159,-619,83,discharging,None,None
18:06:24.077,parallel,8.3,403.7,161.9,75.2,1103.0,65.5,2400,0.0,0.0,16184,-530,83,discharging,None,None
18:06:24.580,parallel,8.3,419.4,159.3,47.0,1102.1,63.4,2400,0.0,0.0,16176,-554,83,discharging,None,None
18:06:25.088,parallel,8.3,419.4,159.3,34.2,1102.1,64.5,2400,0.0,0.0,16187,-577,83,discharging,None,None
18:06:25.591,parallel,8.3,407.2,159.3,51.0,1102.1,62.2,2400,0.0,0.0,16146,-621,83,discharging,None,None
18:06:26.095,parallel,8.3,407.2,171.4,38.0,1101.8,61.7,2400,0.0,0.0,16192,-600,83,discharging,None,None
18:06:26.599,parallel,8.3,395.4,171.4,81.7,1101.8,63.4,2400,0.0,0.0,16157,-559,83,discharging,None,None
18:06:27.102,parallel,8.3,395.4,171.4,2.0,1101.4,62.2,2400,0.0,0.0,16182,-584,83,discharging,None,None
18:06:27.611,parallel,8.3,395.4,158.3,90.5,1101.4,65.0,2400,0.0,0.0,16156,-546,83,discharging,None,None
18:06:28.115,parallel,8.3,412.6,158.3,29.7,1101.4,61.1,2400,0.0,0.0,16145,-622,83,discharging,None,None
18:06:28.627,parallel,8.4,412.6,158.3,30.5,1101.4,63.4,2400,0.0,0.0,16193,-550,83,discharging,None,None
18:06:29.131,parallel,8.4,591.3,381.1,99.5,1101.9,65.5,2400,0.0,0.0,16155,-544,83,discharging,None,None
18:06:29.798,parallel,8.3,591.3,381.1,10.6,1101.6,60.6,2400,0.0,0.0,16191,-584,83,discharging,None,None
18:06:30.311,parallel,8.3,591.3,381.1,75.6,1101.4,65.5,2400,0.0,0.0,16167,-495,83,discharging,None,None
18:06:30.814,parallel,8.3,646.2,384.1,56.2,1101.4,62.2,2400,0.0,0.0,16143,-648,83,discharging,None,None
18:06:31.318,parallel,7.9,646.2,384.1,1.5,1101.2,60.6,2400,0.0,0.0,16192,-570,83,discharging,None,None
18:06:31.831,parallel,7.9,646.2,384.1,89.1,1102.1,65.5,2400,0.0,0.0,16159,-507,83,discharging,None,None
18:06:32.334,parallel,8.3,615.1,409.2,49.8,1101.9,62.2,2400,0.0,0.0,16145,-654,83,discharging,None,None
18:06:32.844,parallel,8.3,615.1,409.2,10.9,1101.9,62.2,2400,0.0,0.0,16193,-558,83,discharging,None,None
18:06:33.352,parallel,8.3,402.9,409.2,89.3,1101.6,65.5,2400,0.0,0.0,16154,-545,83,discharging,None,None
18:06:33.855,parallel,8.3,402.9,180.7,21.5,1101.4,61.1,2400,0.0,0.0,16175,-624,83,discharging,None,None
18:06:34.362,parallel,8.3,402.9,180.7,72.6,1101.2,65.0,2400,0.0,0.0,16181,-546,83,discharging,None,None
18:06:34.866,parallel,8.3,404.1,162.0,47.0,1101.2,62.8,2400,0.0,0.0,16183,-571,83,discharging,None,None
18:06:35.375,parallel,8.3,404.1,162.0,34.8,1101.2,64.5,2400,0.0,0.0,16185,-566,83,discharging,None,None
18:06:35.878,parallel,8.3,399.0,162.0,49.3,1101.2,62.2,2400,0.0,0.0,16144,-611,83,discharging,None,None
18:06:36.382,parallel,8.3,399.0,163.1,36.3,1101.2,61.1,2400,0.0,0.0,16177,-619,83,discharging,None,None
18:06:36.886,parallel,8.3,416.0,163.1,83.0,1100.9,63.4,2400,0.0,0.0,16158,-568,83,discharging,None,None
18:06:37.392,parallel,8.3,416.0,163.1,7.5,1101.9,62.2,2400,0.0,0.0,16183,-564,83,discharging,None,None
18:06:37.897,parallel,8.3,416.0,171.6,87.2,1101.9,65.0,2400,0.0,0.0,16166,-549,83,discharging,None,None
18:06:38.401,parallel,8.3,399.4,171.6,27.9,1101.9,61.1,2400,0.0,0.0,16160,-621,83,discharging,None,None
18:06:38.912,parallel,8.3,399.4,171.6,36.0,1101.9,63.9,2400,0.0,0.0,16192,-539,83,discharging,None,None
18:06:39.416,parallel,8.2,552.9,331.3,95.0,1101.9,65.0,2400,0.0,0.0,16152,-568,83,discharging,None,None
18:06:39.919,parallel,8.2,552.9,331.3,2.5,1101.4,61.1,2400,0.0,0.0,16180,-640,83,discharging,None,None
18:06:40.431,parallel,8.2,552.9,331.3,51.7,1101.4,63.9,2400,0.0,0.0,16194,-494,83,discharging,None,None
18:06:40.935,parallel,8.3,718.8,487.7,94.6,1101.4,64.5,2400,0.0,0.0,16146,-594,83,discharging,None,None
18:06:41.438,parallel,8.3,718.8,487.7,2.5,1101.4,61.7,2400,0.0,0.0,16179,-656,83,discharging,None,None
18:06:42.160,parallel,8.4,718.8,487.7,65.9,1102.3,66.1,2400,0.0,0.0,16160,-495,83,discharging,None,None
18:06:42.663,parallel,8.4,747.4,361.0,76.4,1102.3,62.8,2400,0.0,0.0,16142,-663,83,discharging,None,None
18:06:43.167,parallel,8.4,747.4,361.0,2.5,1103.0,61.1,2400,0.0,0.0,16185,-607,83,discharging,None,None
18:06:43.670,parallel,6.4,407.4,361.0,83.6,1103.0,65.5,2400,0.0,0.0,16161,-521,83,discharging,None,None
18:06:44.174,parallel,6.4,407.4,169.6,37.8,1102.1,61.7,2400,0.0,0.0,16142,-622,83,discharging,None,None
18:06:44.683,parallel,8.3,407.4,169.6,47.0,1102.1,65.5,2400,0.0,0.0,16192,-549,83,discharging,None,None
18:06:45.187,parallel,8.3,407.4,169.6,56.7,1101.6,63.9,2400,0.0,0.0,16145,-561,83,discharging,None,None
18:06:45.692,parallel,8.4,407.4,160.9,25.0,1101.6,61.7,2400,0.0,0.0,16181,-611,83,discharging,None,None
18:06:46.196,parallel,8.4,399.1,160.9,75.0,1101.4,62.8,2400,0.0,0.0,16151,-591,83,discharging,None,None
18:06:46.699,parallel,8.4,399.1,159.3,36.0,1101.4,62.8,2400,0.0,0.0,16186,-570,83,discharging,None,None
18:06:47.206,parallel,8.3,399.1,159.3,70.0,1101.1,66.7,2400,0.0,0.0,16178,-543,83,discharging,None,None
18:06:47.710,parallel,8.3,403.5,159.3,15.4,1101.1,61.1,2400,0.0,0.0,16175,-610,83,discharging,None,None
18:06:48.219,parallel,8.4,403.5,167.2,67.3,1100.9,65.0,2400,0.0,0.0,16176,-576,83,discharging,None,None
18:06:48.722,parallel,8.4,403.3,167.2,52.7,1101.4,61.7,2400,0.0,0.0,16144,-621,83,discharging,None,None
18:06:49.231,parallel,8.4,403.3,167.2,10.5,1101.4,61.7,1900,0.0,0.0,16189,-561,83,discharging,None,None
18:06:49.736,parallel,8.3,403.3,447.7,100.0,1101.4,67.2,2400,0.0,0.0,16164,-495,83,discharging,None,None
18:06:50.240,parallel,8.3,628.4,447.7,36.5,1100.9,61.7,2400,0.0,0.0,16142,-639,83,discharging,None,None
18:06:50.748,parallel,8.4,628.4,447.7,11.8,1100.9,62.2,2400,0.0,0.0,16192,-555,83,discharging,None,None
18:06:51.259,parallel,8.4,628.4,447.7,100.0,1100.9,65.0,2400,0.0,0.0,16155,-521,83,discharging,None,None
18:06:51.762,parallel,8.3,758.9,523.0,43.6,1100.9,61.7,2400,0.0,0.0,16142,-677,83,discharging,None,None
18:06:52.273,parallel,8.3,758.9,523.0,4.5,1100.9,61.7,2400,0.0,0.0,16190,-569,83,discharging,None,None
18:06:52.777,parallel,8.3,758.9,523.0,100.0,1100.9,66.1,2400,0.0,0.0,16160,-509,83,discharging,None,None
18:06:53.281,parallel,8.3,568.5,372.9,34.5,1103.5,61.7,2400,0.0,0.0,16146,-651,83,discharging,None,None
18:06:53.788,parallel,8.3,568.5,372.9,34.2,1103.7,65.0,2400,0.0,0.0,16193,-555,83,discharging,None,None
18:06:54.294,parallel,8.4,402.6,372.9,67.2,1103.5,63.9,2400,0.0,0.0,16149,-558,83,discharging,None,None
18:06:54.798,parallel,8.4,402.6,167.0,30.0,1103.5,61.1,2400,0.0,0.0,16152,-632,83,discharging,None,None
18:06:55.302,parallel,8.4,407.4,167.0,83.1,1103.5,63.9,2400,0.0,0.0,16167,-562,83,discharging,None,None
18:06:55.806,parallel,7.9,407.4,164.0,36.3,1103.0,64.5,2400,0.0,0.0,16181,-560,83,discharging,None,None
18:06:56.315,parallel,7.9,407.4,164.0,55.7,1103.0,65.5,2400,0.0,0.0,16188,-548,83,discharging,None,None
18:06:56.819,parallel,8.3,401.9,164.0,29.6,1103.0,61.1,2400,0.0,0.0,16144,-621,83,discharging,None,None
18:06:57.331,parallel,8.3,401.9,162.2,53.4,1103.0,63.9,2400,0.0,0.0,16190,-580,83,discharging,None,None
18:06:57.834,parallel,8.3,408.9,162.2,66.2,1102.8,63.4,2400,0.0,0.0,16145,-588,83,discharging,None,None
18:06:58.338,parallel,8.3,408.9,162.2,3.0,1103.0,61.7,2400,0.0,0.0,16183,-598,83,discharging,None,None
18:06:58.847,parallel,8.3,408.9,268.7,98.5,1102.3,67.2,2400,0.0,0.0,16165,-521,83,discharging,None,None
18:06:59.351,parallel,8.3,514.2,268.7,28.6,1103.1,61.7,1900,0.0,0.0,16141,-635,83,discharging,None,None
18:06:59.863,parallel,8.3,514.2,268.7,18.9,1115.2,61.7,2400,0.0,0.0,16193,-552,83,discharging,None,None
18:07:00.367,parallel,8.3,514.2,467.1,100.0,1115.2,65.5,2400,0.0,0.0,16166,-480,83,discharging,None,None
18:07:00.871,parallel,8.3,721.7,467.1,28.2,1115.2,62.2,2400,0.0,0.0,16139,-640,83,discharging,None,None
18:07:01.383,parallel,8.3,721.7,467.1,19.7,1115.2,62.8,2400,0.0,0.0,16189,-564,83,discharging,None,None
18:07:01.891,parallel,8.3,721.7,467.1,100.0,1115.2,66.1,2400,0.0,0.0,16155,-515,83,discharging,None,None
18:07:02.395,parallel,8.3,752.2,497.3,34.0,1111.0,61.1,2400,0.0,0.0,16140,-679,83,discharging,None,None
18:07:02.903,parallel,8.4,752.2,497.3,13.9,1111.0,63.4,2400,0.0,0.0,16191,-576,83,discharging,None,None
18:07:03.407,parallel,8.4,470.8,497.3,100.0,1111.0,66.7,2400,0.0,0.0,16157,-503,83,discharging,None,None
18:07:03.911,parallel,8.3,470.8,274.3,16.3,1111.0,61.1,2400,0.0,0.0,16145,-635,83,discharging,None,None
18:07:04.419,parallel,8.3,470.8,274.3,61.7,1110.7,66.1,2400,0.0,0.0,16190,-545,83,discharging,None,None
18:07:04.922,parallel,8.3,399.8,162.4,56.4,1109.9,62.8,2400,0.0,0.0,16141,-562,83,discharging,None,None
18:07:05.435,parallel,8.3,399.8,162.4,26.7,1109.9,64.5,2400,0.0,0.0,16184,-621,83,discharging,None,None
18:07:05.939,parallel,8.3,398.9,162.4,58.2,1109.9,62.2,2400,0.0,0.0,16156,-581,83,discharging,None,None
18:07:06.443,parallel,8.3,398.9,342.9,49.8,1108.5,62.2,2400,0.0,0.0,16184,-591,83,discharging,None,None
18:07:06.946,parallel,8.3,394.9,342.9,82.3,1107.8,64.5,2400,0.0,0.0,16187,-565,83,discharging,None,None
18:07:07.450,parallel,8.0,394.9,342.9,3.4,1107.8,61.1,2400,0.0,0.0,16169,-608,83,discharging,None,None
18:07:07.959,parallel,8.0,394.9,215.7,77.2,1107.8,66.1,2400,0.0,0.0,16193,-544,83,discharging,None,None
18:07:08.462,parallel,8.0,447.3,215.7,44.3,1106.9,61.7,2400,0.0,0.0,16141,-614,83,discharging,None,None
18:07:08.972,parallel,8.3,447.3,215.7,2.0,1106.0,60.6,2400,0.0,0.0,16188,-610,83,discharging,None,None
18:07:09.480,parallel,8.3,447.3,215.7,100.0,1106.0,66.7,2400,0.0,0.0,16180,-478,83,discharging,None,None
18:07:09.984,parallel,8.3,756.6,547.5,50.0,1106.0,62.2,2400,0.0,0.0,16143,-646,83,discharging,None,None
18:07:10.487,parallel,8.3,756.6,547.5,1.5,1106.0,61.1,2400,0.0,0.0,16183,-624,83,discharging,None,None
18:07:10.999,parallel,8.3,756.6,547.5,94.6,1106.0,65.5,2400,0.0,0.0,16188,-484,83,discharging,None,None
18:07:11.502,parallel,8.2,700.5,464.5,49.8,1106.7,62.8,2400,0.0,0.0,16142,-635,83,discharging,None,None
18:07:12.006,parallel,8.2,700.5,464.5,2.0,1105.3,62.2,2400,0.0,0.0,16183,-624,83,discharging,None,None
18:07:12.512,parallel,8.4,411.5,464.5,98.0,1105.3,66.1,2400,0.0,0.0,16184,-554,83,discharging,None,None
18:07:13.016,parallel,8.4,411.5,188.4,20.9,1104.9,60.6,2400,0.0,0.0,16180,-622,83,discharging,None,None
18:07:13.524,parallel,8.3,411.5,188.4,59.4,1104.9,65.0,2400,0.0,0.0,16176,-543,83,discharging,None,None
18:07:14.027,parallel,8.3,394.4,159.0,59.0,1104.4,63.4,2400,0.0,0.0,16181,-601,83,discharging,None,None
18:07:14.535,parallel,8.3,394.4,159.0,22.5,1104.4,63.9,2400,0.0,0.0,16190,-556,83,discharging,None,None
18:07:15.039,parallel,8.3,393.8,159.0,60.4,1103.5,61.7,1600,0.0,0.0,16142,-577,83,discharging,None,None
18:07:15.542,parallel,8.3,393.8,170.1,38.2,1103.5,61.7,2400,0.0,0.0,16160,-600,83,discharging,None,None
18:07:16.046,parallel,8.3,396.7,170.1,82.1,1103.7,64.5,2400,0.0,0.0,16150,-567,83,discharging,None,None
18:07:16.552,parallel,8.3,396.7,170.1,6.0,1103.7,63.4,2400,0.0,0.0,16184,-561,83,discharging,None,None
18:07:17.060,parallel,8.4,396.7,172.8,80.2,1103.5,64.5,2400,0.0,0.0,16182,-548,83,discharging,None,None
18:07:17.564,parallel,8.4,398.9,172.8,34.3,1103.5,61.7,2400,0.0,0.0,16173,-622,83,discharging,None,None
18:07:18.072,parallel,8.4,398.9,172.8,35.6,1102.1,65.0,2400,0.0,0.0,16193,-534,83,discharging,None,None
18:07:18.576,parallel,8.3,398.9,267.5,99.5,1102.1,65.0,2400,0.0,0.0,16146,-600,83,discharging,None,None
18:07:19.080,parallel,8.3,651.4,267.5,22.5,1102.1,61.1,2400,0.0,0.0,16181,-666,83,discharging,None,None
18:07:19.593,parallel,8.3,651.4,267.5,44.5,1102.1,64.5,2400,0.0,0.0,16193,-519,83,discharging,None,None
18:07:20.096,parallel,7.3,498.0,231.6,78.8,1101.9,62.8,2400,0.0,0.0,16142,-623,83,discharging,None,None
18:07:20.600,parallel,7.3,498.0,231.6,2.0,1102.1,61.1,2400,0.0,0.0,16186,-613,83,discharging,None,None
18:07:21.111,parallel,8.2,498.0,231.6,66.3,1102.1,65.0,2400,0.0,0.0,16173,-500,83,discharging,None,None
18:07:21.614,parallel,8.2,714.7,507.5,78.7,1101.2,63.4,2400,0.0,0.0,16142,-673,83,discharging,None,None
18:07:22.118,parallel,8.4,714.7,507.5,1.5,1101.4,60.6,2400,0.0,0.0,16185,-623,83,discharging,None,None
18:07:22.634,parallel,8.4,714.7,507.5,67.3,1101.4,65.0,2400,0.0,0.0,16175,-495,83,discharging,None,None
18:07:23.138,parallel,8.4,666.5,426.4,70.6,1103.0,62.8,2400,0.0,0.0,16142,-650,83,discharging,None,None
18:07:23.641,parallel,8.3,666.5,426.4,1.5,1103.0,61.7,2400,0.0,0.0,16191,-590,83,discharging,None,None
18:07:24.148,parallel,8.3,666.5,426.4,78.0,1103.3,65.0,2400,0.0,0.0,16161,-494,83,discharging,None,None
18:07:24.652,parallel,8.3,425.6,202.5,43.8,1103.3,61.7,2400,0.0,0.0,16148,-626,83,discharging,None,None
18:07:25.159,parallel,8.3,425.6,202.5,36.5,1103.0,63.9,2400,0.0,0.0,16191,-550,83,discharging,None,None
18:07:25.663,parallel,8.3,423.8,202.5,75.2,1103.0,65.0,2400,0.0,0.0,16151,-555,83,discharging,None,None
18:07:26.167,parallel,8.3,423.8,160.7,12.6,1106.3,61.1,2400,0.0,0.0,16186,-613,83,discharging,None,None
18:07:26.671,parallel,8.3,400.7,160.7,82.2,1106.3,63.9,2400,0.0,0.0,16153,-575,83,discharging,None,None
18:07:27.174,parallel,8.4,400.7,175.9,38.5,1106.2,63.4,2400,0.0,0.0,16180,-591,83,discharging,None,None
18:07:27.682,parallel,8.4,400.7,175.9,53.7,1106.2,65.0,2400,0.0,0.0,16187,-549,83,discharging,None,None
18:07:28.186,parallel,8.3,407.1,175.9,31.2,1105.6,61.7,2400,0.0,0.0,16165,-593,83,discharging,None,None
18:07:28.695,parallel,8.3,407.1,163.2,51.0,1105.6,63.9,2400,0.0,0.0,16160,-591,83,discharging,None,None
18:07:29.199,parallel,8.3,394.6,163.2,66.7,1104.3,62.2,2400,0.0,0.0,16148,-615,83,discharging,None,None
18:07:29.711,parallel,8.3,394.6,163.2,13.9,1104.3,63.4,2400,0.0,0.0,16191,-559,83,discharging,None,None
18:07:30.216,parallel,8.3,394.6,167.7,99.0,1103.9,66.1,2400,0.0,0.0,16158,-544,83,discharging,None,None
18:07:30.720,parallel,8.3,415.4,167.7,16.4,1103.5,62.8,2400,0.0,0.0,16179,-629,83,discharging,None,None
18:07:31.241,parallel,8.3,415.4,167.7,42.4,1103.7,65.0,2400,0.0,0.0,16192,-507,83,discharging,None,None
18:07:31.745,parallel,7.8,415.4,651.1,100.0,1107.2,66.1,2400,0.0,0.0,16147,-585,83,discharging,None,None
18:07:32.249,parallel,7.8,798.1,651.1,20.5,1107.3,62.2,2400,0.0,0.0,16164,-685,83,discharging,None,None
18:07:32.756,parallel,7.8,798.1,651.1,27.6,1107.3,63.4,2400,0.0,0.0,16191,-518,83,discharging,None,None
18:07:33.266,parallel,8.3,798.1,651.1,100.0,1106.4,65.5,2400,0.0,0.0,16150,-553,83,discharging,None,None
18:07:33.770,parallel,8.3,677.2,478.8,21.8,1106.2,61.7,2400,0.0,0.0,16163,-665,83,discharging,None,None
18:07:34.279,parallel,8.4,677.2,478.8,35.3,1105.4,64.5,2400,0.0,0.0,16192,-523,83,discharging,None,None
18:07:34.783,parallel,8.4,395.1,169.8,83.3,1105.4,63.9,2400,0.0,0.0,16145,-559,83,discharging,None,None
18:07:35.286,parallel,8.3,395.1,169.8,3.0,1104.8,61.1,2400,0.0,0.0,16180,-621,83,discharging,None,None
18:07:35.790,parallel,8.3,406.0,169.8,84.5,1104.5,63.9,2400,0.0,0.0,16160,-551,83,discharging,None,None
18:07:36.293,parallel,8.3,406.0,161.0,36.6,1104.5,62.2,2400,0.0,0.0,16174,-598,83,discharging,None,None
18:07:36.800,parallel,8.3,406.0,161.0,59.6,1104.5,65.5,2400,0.0,0.0,16190,-548,83,discharging,None,None
18:07:37.305,parallel,8.3,397.0,161.0,29.7,1107.8,62.2,2400,0.0,0.0,16155,-569,83,discharging,None,None
18:07:37.812,parallel,8.3,397.0,159.7,52.5,1107.8,63.9,2400,0.0,0.0,16155,-601,83,discharging,None,None
18:07:38.316,parallel,8.3,399.4,159.7,61.2,1107.0,62.2,2400,0.0,0.0,16147,-606,83,discharging,None,None
18:07:38.823,parallel,8.3,399.4,171.1,36.9,1107.0,64.5,2400,0.0,0.0,16188,-560,83,discharging,None,None
18:07:39.327,parallel,8.3,399.4,171.1,83.1,1106.7,66.1,2400,0.0,0.0,16172,-546,83,discharging,None,None
18:07:39.830,parallel,8.3,399.4,171.1,2.0,1106.1,61.7,2400,0.0,0.0,16179,-620,83,discharging,None,None
18:07:40.346,parallel,8.3,399.4,171.1,65.9,1106.1,65.5,2400,0.0,0.0,16192,-524,83,discharging,None,None
18:07:40.850,parallel,8.3,551.4,351.8,66.7,1105.1,63.4,2400,0.0,0.0,16144,-611,83,discharging,None,None
18:07:41.353,parallel,8.4,551.4,351.8,2.5,1105.6,61.7,2400,0.0,0.0,16183,-619,83,discharging,None,None
18:07:41.864,parallel,8.4,551.4,351.8,80.0,1105.1,65.5,2400,0.0,0.0,16186,-488,83,discharging,None,None
18:07:42.369,parallel,8.4,735.9,510.0,69.2,1104.8,62.8,2400,0.0,0.0,16144,-631,83,discharging,None,None
18:07:42.872,parallel,8.3,735.9,510.0,10.4,1104.2,61.1,2400,0.0,0.0,16182,-634,83,discharging,None,None
18:07:43.386,parallel,8.3,735.9,510.0,76.8,1104.2,65.5,2400,0.0,0.0,16192,-498,83,discharging,None,None
18:07:43.890,parallel,7.9,596.1,396.2,61.3,1104.5,63.4,2400,0.0,0.0,16140,-639,83,discharging,None,None
18:07:44.400,parallel,7.9,596.1,396.2,2.5,1104.5,61.7,2400,0.0,0.0,16180,-635,83,discharging,None,None
18:07:44.906,parallel,7.9,394.8,396.2,86.2,1104.0,63.9,2400,0.0,0.0,16159,-534,83,discharging,None,None
18:07:45.409,parallel,8.3,394.8,162.6,30.3,1108.5,62.2,2400,0.0,0.0,16138,-634,83,discharging,None,None
18:07:45.916,parallel,8.3,394.8,162.6,66.5,1108.5,65.5,2400,0.0,0.0,16189,-564,83,discharging,None,None
18:07:46.420,parallel,8.4,399.4,164.9,53.2,1108.1,65.0,2400,0.0,0.0,16145,-608,83,discharging,None,None
18:07:46.929,parallel,8.4,399.4,164.9,30.4,1108.1,64.5,2400,0.0,0.0,16189,-548,83,discharging,None,None
18:07:47.433,parallel,8.3,399.4,164.9,54.5,1107.7,62.2,2400,0.0,0.0,16163,-572,83,discharging,None,None
18:07:47.936,parallel,8.3,399.4,159.3,36.5,1105.9,61.7,2400,0.0,0.0,16152,-590,83,discharging,None,None
18:07:48.440,parallel,8.3,399.4,159.3,83.2,1109.6,63.9,2400,0.0,0.0,16146,-615,83,discharging,None,None
18:07:48.944,parallel,8.3,399.4,159.3,2.5,1109.0,61.1,2400,0.0,0.0,16189,-560,83,discharging,None,None
18:07:49.452,parallel,8.3,399.4,157.8,86.7,1109.0,66.1,2400,0.0,0.0,16163,-548,83,discharging,None,None
18:07:49.955,parallel,8.3,394.6,157.8,30.8,1107.3,61.7,2400,0.0,0.0,16180,-619,83,discharging,None,None
18:07:50.467,parallel,8.3,394.6,157.8,30.7,1107.3,63.9,2400,0.0,0.0,16192,-512,83,discharging,None,None
18:07:50.970,parallel,8.3,565.0,372.7,99.0,1106.9,65.5,2400,0.0,0.0,16142,-618,83,discharging,None,None
18:07:51.474,parallel,8.3,565.0,372.7,3.0,1106.2,61.1,2400,0.0,0.0,16185,-615,83,discharging,None,None
18:07:51.983,parallel,8.3,565.0,372.7,46.6,1105.8,65.0,2400,0.0,0.0,16181,-485,83,discharging,None,None
18:07:52.487,parallel,8.2,731.1,521.9,99.5,1105.8,66.1,2400,0.0,0.0,16143,-643,83,discharging,None,None
18:07:52.991,parallel,8.2,731.1,521.9,5.4,1105.0,62.8,2400,0.0,0.0,16184,-620,83,discharging,None,None
18:07:53.497,parallel,8.4,731.1,521.9,43.5,1108.5,66.1,2400,0.0,0.0,16187,-486,83,discharging,None,None
18:07:54.001,parallel,8.4,535.3,316.7,90.1,1107.4,63.9,2400,0.0,0.0,16144,-638,83,discharging,None,None
18:07:54.504,parallel,8.4,535.3,316.7,2.0,1107.4,61.7,2400,0.0,0.0,16186,-601,83,discharging,None,None
18:07:55.012,parallel,8.4,535.3,316.7,58.9,1107.3,65.5,2400,0.0,0.0,16176,-488,83,discharging,None,None
18:07:55.515,parallel,8.4,523.6,266.8,80.6,1106.8,63.4,2400,0.0,0.0,16142,-655,83,discharging,None,None
18:07:56.019,parallel,7.9,523.6,266.8,2.5,1106.2,61.7,2400,0.0,0.0,16188,-587,83,discharging,None,None
18:07:56.522,parallel,7.9,414.2,266.8,82.2,1106.2,63.9,2400,0.0,0.0,16150,-548,83,discharging,None,None
18:07:57.026,parallel,8.3,414.2,162.4,36.8,1105.2,62.2,2400,0.0,0.0,16162,-624,83,discharging,None,None
18:07:57.535,parallel,8.3,414.2,162.4,50.5,1105.2,65.5,2400,0.0,0.0,16177,-544,83,discharging,None,None
18:07:58.039,parallel,8.3,399.6,162.4,48.3,1104.1,65.0,2400,0.0,0.0,16180,-561,83,discharging,None,None
18:07:58.544,parallel,8.3,399.6,171.2,35.6,1107.8,63.4,2400,0.0,0.0,16182,-568,83,discharging,None,None
18:07:59.048,parallel,8.3,395.2,171.2,70.1,1108.2,62.8,2400,0.0,0.0,16142,-625,83,discharging,None,None
18:07:59.551,parallel,8.2,395.2,158.6,37.1,1108.2,63.4,2400,0.0,0.0,16189,-604,83,discharging,None,None
18:08:00.059,parallel,8.2,395.2,158.6,75.5,1108.4,67.2,2400,0.0,0.0,16150,-573,83,discharging,None,None
18:08:00.563,parallel,8.2,396.6,158.6,8.9,1107.7,61.7,2400,0.0,0.0,16180,-579,83,discharging,None,None
18:08:01.071,parallel,8.4,396.6,176.2,74.5,1107.9,65.5,2400,0.0,0.0,16163,-537,83,discharging,None,None
18:08:01.574,parallel,8.4,399.3,176.2,45.6,1107.7,61.7,2400,0.0,0.0,16161,-611,83,discharging,None,None
18:08:02.093,parallel,8.3,399.3,176.2,6.3,1106.5,61.7,2400,0.0,0.0,16192,-534,83,discharging,None,None
18:08:02.597,parallel,8.3,399.3,176.2,100.0,1106.5,66.7,2400,0.0,0.0,16154,-544,83,discharging,None,None
18:08:03.100,parallel,8.3,781.8,595.5,56.4,1105.8,62.8,2400,0.0,0.0,16138,-687,83,discharging,None,None
18:08:03.604,parallel,8.3,781.8,595.5,2.5,1105.8,61.1,2400,0.0,0.0,16189,-554,83,discharging,None,None
18:08:04.120,parallel,8.3,781.8,595.5,89.8,1105.8,66.1,2400,0.0,0.0,16149,-527,83,discharging,None,None
18:08:04.623,parallel,8.2,702.8,493.0,55.6,1105.5,62.8,2400,0.0,0.0,16141,-668,83,discharging,None,None
18:08:05.127,parallel,8.2,702.8,493.0,7.5,1104.5,61.1,2400,0.0,0.0,16187,-553,83,discharging,None,None
18:08:05.635,parallel,8.4,399.4,493.0,92.5,1104.5,65.0,2400,0.0,0.0,16148,-533,83,discharging,None,None
18:08:06.138,parallel,8.4,399.4,174.0,26.1,1104.3,61.1,2400,0.0,0.0,16178,-622,83,discharging,None,None
18:08:06.942,parallel,8.3,399.4,174.0,56.7,1104.3,65.0,2400,0.0,0.0,16184,-546,83,discharging,None,None
18:08:07.446,parallel,8.3,586.0,165.0,54.7,1103.8,62.8,2400,0.0,0.0,16147,-654,83,discharging,None,None
18:08:07.955,parallel,8.3,586.0,165.0,39.8,1103.8,66.1,2400,0.0,0.0,16189,-518,83,discharging,None,None
18:08:08.459,parallel,7.2,409.6,165.0,73.6,1103.0,65.5,2400,0.0,0.0,16141,-562,83,discharging,None,None
18:08:08.967,parallel,7.2,409.6,162.7,8.0,1103.3,61.7,2400,0.0,0.0,16183,-620,83,discharging,None,None
18:08:09.471,parallel,8.3,406.3,162.7,82.8,1103.3,63.4,2400,0.0,0.0,16151,-582,83,discharging,None,None
18:08:09.974,parallel,8.3,406.3,166.1,36.8,1106.7,63.4,2400,0.0,0.0,16182,-594,83,discharging,None,None
18:08:10.483,parallel,8.3,406.3,166.1,62.5,1106.7,66.7,2400,0.0,0.0,16186,-548,83,discharging,None,None
18:08:10.986,parallel,8.3,405.8,166.1,23.3,1106.0,61.7,1500,0.0,0.0,16167,-590,83,discharging,None,None
18:08:11.495,parallel,8.3,405.8,168.5,60.2,1106.2,63.9,2400,0.0,0.0,16165,-570,83,discharging,None,None
18:08:11.998,parallel,8.3,403.1,168.5,60.6,1105.8,63.4,2400,0.0,0.0,16146,-602,83,discharging,None,None
18:08:12.507,parallel,8.3,403.1,168.5,19.5,1105.8,65.0,2400,0.0,0.0,16190,-561,83,discharging,None,None
18:08:13.011,parallel,8.3,407.4,169.0,97.5,1105.2,65.5,2400,0.0,0.0,16157,-546,83,discharging,None,None
18:08:13.514,parallel,8.3,407.4,169.0,2.0,1105.2,61.7,2400,0.0,0.0,16178,-620,83,discharging,None,None
18:08:14.027,parallel,8.3,407.4,169.0,48.0,1105.6,65.0,2400,0.0,0.0,16193,-493,83,discharging,None,None
18:08:14.531,parallel,8.3,407.4,169.0,100.0,1105.6,67.2,2400,0.0,0.0,16145,-583,83,discharging,None,None
18:08:15.035,parallel,8.3,837.7,778.4,23.5,1104.3,62.2,2400,0.0,0.0,16159,-693,83,discharging,None,None
18:08:15.543,parallel,8.4,837.7,778.4,24.0,1111.8,64.5,2400,0.0,0.0,16190,-526,83,discharging,None,None
18:08:16.048,parallel,8.4,517.9,778.4,100.0,1111.8,67.2,2400,0.0,0.0,16149,-552,83,discharging,None,None
18:08:16.552,parallel,8.3,517.9,317.7,11.4,1111.2,62.8,2400,0.0,0.0,16171,-646,83,discharging,None,None
18:08:17.060,parallel,8.3,517.9,317.7,63.2,1110.4,66.1,2400,0.0,0.0,16191,-528,83,discharging,None,None
18:08:17.563,parallel,8.3,399.5,160.3,55.5,1109.6,63.4,2400,0.0,0.0,16155,-574,83,discharging,None,None
18:08:18.071,parallel,8.3,399.5,160.3,25.6,1108.6,64.5,2400,0.0,0.0,16180,-598,83,discharging,None,None
18:08:18.575,parallel,8.3,399.4,160.3,57.8,1108.6,62.2,2400,0.0,0.0,16147,-599,83,discharging,None,None
18:08:19.078,parallel,8.3,399.4,158.7,45.5,1107.7,62.2,2400,0.0,0.0,16165,-622,83,discharging,None,None
18:08:19.582,parallel,8.3,395.2,158.7,81.7,1107.7,65.0,2400,0.0,0.0,16169,-560,83,discharging,None,None
18:08:20.091,parallel,8.3,395.2,158.7,19.0,1106.5,65.0,2400,0.0,0.0,16178,-571,83,discharging,None,None
18:08:20.595,parallel,7.9,395.2,160.1,68.2,1106.5,65.5,2400,0.0,0.0,16166,-553,83,discharging,None,None
18:08:21.099,parallel,7.9,390.9,160.1,31.7,1113.2,62.8,2400,0.0,0.0,16140,-619,83,discharging,None,None
18:08:21.607,parallel,8.4,390.9,176.8,49.5,1113.2,65.0,2400,0.0,0.0,16192,-549,83,discharging,None,None
18:08:22.110,parallel,8.4,425.5,176.8,73.3,1110.6,62.2,2400,0.0,0.0,16149,-559,83,discharging,None,None
18:08:22.614,parallel,8.4,425.5,176.8,2.0,1110.6,61.7,2400,0.0,0.0,16179,-612,83,discharging,None,None
18:08:23.127,parallel,8.4,425.5,176.8,76.5,1110.2,65.5,2400,0.0,0.0,16189,-494,83,discharging,None,None
18:08:23.630,parallel,8.4,676.1,489.7,65.8,1109.5,62.2,2400,0.0,0.0,16141,-629,83,discharging,None,None
18:08:24.134,parallel,8.3,676.1,489.7,1.5,1108.1,61.1,2400,0.0,0.0,16181,-624,83,discharging,None,None
18:08:24.646,parallel,8.3,676.1,489.7,80.8,1108.1,66.7,2400,0.0,0.0,16186,-488,83,discharging,None,None
18:08:25.150,parallel,8.3,692.2,418.8,59.4,1107.7,63.4,2400,0.0,0.0,16141,-635,83,discharging,None,None
18:08:25.653,parallel,8.3,692.2,418.8,2.5,1107.7,61.1,2400,0.0,0.0,16183,-613,83,discharging,None,None
18:08:26.164,parallel,8.3,692.2,418.8,85.7,1107.8,66.1,2400,0.0,0.0,16181,-480,83,discharging,None,None
18:08:26.668,parallel,8.3,555.0,337.0,47.8,1115.0,62.8,2400,0.0,0.0,16143,-640,83,discharging,None,None
18:08:27.176,parallel,8.3,555.0,337.0,20.7,1114.0,64.5,2400,0.0,0.0,16187,-599,83,discharging,None,None
18:08:27.688,parallel,8.3,394.4,337.0,82.4,1114.0,66.1,2400,0.0,0.0,16153,-527,83,discharging,None,None
18:08:28.191,parallel,8.3,394.4,169.1,18.4,1112.1,61.1,2400,0.0,0.0,16148,-622,83,discharging,None,None
18:08:28.695,parallel,8.3,390.2,169.1,81.1,1112.1,66.1,2400,0.0,0.0,16188,-551,83,discharging,None,None
18:08:29.198,parallel,8.3,390.2,164.2,37.4,1110.8,63.4,2400,0.0,0.0,16173,-560,83,discharging,None,None
18:08:29.707,parallel,8.3,390.2,164.2,48.0,1110.8,65.5,2400,0.0,0.0,16185,-582,83,discharging,None,None
18:08:30.210,parallel,8.3,393.3,164.2,36.0,1109.3,60.6,2400,0.0,0.0,16145,-619,83,discharging,None,None
18:08:30.719,parallel,8.3,393.3,162.9,45.8,1109.3,62.8,2400,0.0,0.0,16188,-588,83,discharging,None,None
18:08:31.229,parallel,8.4,569.4,162.9,91.3,1108.3,64.5,2400,0.0,0.0,16150,-559,83,discharging,None,None
18:08:31.736,parallel,8.4,569.4,162.9,12.9,1108.3,62.8,1600,0.0,0.0,16176,-580,83,discharging,None,None
18:08:32.240,parallel,8.4,569.4,179.6,69.2,1115.0,65.5,2400,0.0,0.0,16181,-505,83,discharging,None,None
18:08:32.744,parallel,7.2,402.8,179.6,43.1,1115.0,62.2,2400,0.0,0.0,16172,-612,83,discharging,None,None
18:08:33.254,parallel,7.2,402.8,159.1,38.1,1113.1,65.0,2400,0.0,0.0,16190,-555,83,discharging,None,None
18:08:33.758,parallel,8.3,405.8,159.1,80.8,1113.1,65.0,2400,0.0,0.0,16139,-621,83,discharging,None,None
18:08:34.261,parallel,8.3,405.8,159.1,2.5,1111.3,62.8,2400,0.0,0.0,16186,-595,83,discharging,None,None
18:08:34.778,parallel,8.3,405.8,159.1,68.8,1111.3,65.0,2400,0.0,0.0,16152,-518,83,discharging,None,None
18:08:35.282,parallel,8.3,649.1,447.6,67.3,1110.1,62.8,2400,0.0,0.0,16135,-672,83,discharging,None,None
18:08:35.785,parallel,8.3,649.1,447.6,3.0,1110.1,61.7,2400,0.0,0.0,16184,-584,83,discharging,None,None
18:08:36.296,parallel,8.5,649.1,447.6,78.9,1109.1,67.2,2400,0.0,0.0,16154,-520,83,discharging,None,None
18:08:36.799,parallel,8.5,682.7,573.3,72.5,1108.0,63.4,2400,0.0,0.0,16141,-670,83,discharging,None,None
18:08:37.303,parallel,8.3,682.7,573.3,2.5,1108.0,61.7,2400,0.0,0.0,16188,-571,83,discharging,None,None
18:08:37.806,parallel,8.3,390.5,573.3,80.6,1107.3,65.0,2400,0.0,0.0,16151,-529,83,discharging,None,None
18:08:38.310,parallel,8.3,390.5,161.4,37.1,1107.3,61.7,2400,0.0,0.0,16164,-619,83,discharging,None,None
18:08:38.815,parallel,8.3,390.5,161.4,49.5,1106.9,65.5,2400,0.0,0.0,16184,-548,83,discharging,None,None
18:08:39.323,parallel,8.3,399.0,161.4,57.4,1106.4,65.0,2400,0.0,0.0,16173,-562,83,discharging,None,None
18:08:39.828,parallel,8.3,399.0,163.3,25.7,1106.4,63.4,2400,0.0,0.0,16180,-576,83,discharging,None,None
18:08:40.332,parallel,8.3,408.3,163.3,72.8,1105.7,62.2,2400,0.0,0.0,16144,-622,83,discharging,None,None
18:08:40.835,parallel,8.2,408.3,167.5,37.0,1105.2,62.8,2400,0.0,0.0,16180,-616,83,discharging,None,None
18:08:41.343,parallel,8.2,408.3,167.5,72.3,1105.2,67.2,2400,0.0,0.0,16152,-561,83,discharging,None,None
18:08:41.846,parallel,8.2,399.4,167.5,12.4,1104.8,61.1,1900,0.0,0.0,16178,-570,83,discharging,None,None
18:08:42.355,parallel,8.4,399.4,167.2,70.4,1104.8,65.0,2400,0.0,0.0,16154,-538,83,discharging,None,None
18:08:42.859,parallel,8.4,399.3,167.2,49.0,1104.2,62.8,2400,0.0,0.0,16150,-610,83,discharging,None,None
18:08:43.367,parallel,8.3,399.3,167.2,21.9,1104.2,63.4,2400,0.0,0.0,16188,-554,83,discharging,None,None
18:08:43.871,parallel,8.3,399.3,400.0,100.0,1104.2,67.2,2400,0.0,0.0,16148,-571,83,discharging,None,None
18:08:44.375,parallel,7.9,584.0,400.0,24.6,1103.7,61.7,2400,0.0,0.0,16177,-652,83,discharging,None,None
18:08:44.884,parallel,7.9,584.0,400.0,24.3,1103.3,63.9,2400,0.0,0.0,16192,-502,83,discharging,None,None
18:08:45.391,parallel,7.9,584.0,450.7,100.0,1103.3,66.7,2400,0.0,0.0,16144,-579,83,discharging,None,None
18:08:45.895,parallel,8.3,715.8,450.7,22.0,1102.8,61.7,2400,0.0,0.0,16179,-666,83,discharging,None,None
18:08:46.404,parallel,8.3,715.8,450.7,25.2,1102.8,63.9,2400,0.0,0.0,16192,-499,83,discharging,None,None
18:08:46.909,parallel,8.3,575.4,450.7,100.0,1102.8,67.2,2400,0.0,0.0,16146,-582,83,discharging,None,None
18:08:47.412,parallel,8.3,575.4,367.2,10.4,1102.4,61.7,2400,0.0,0.0,16179,-647,83,discharging,None,None
18:08:47.920,parallel,8.3,575.4,367.2,52.7,1102.4,65.5,2400,0.0,0.0,16192,-511,83,discharging,None,None
18:08:48.423,parallel,8.3,394.9,160.3,65.7,1102.2,63.4,2400,0.0,0.0,16160,-609,83,discharging,None,None
18:08:48.932,parallel,8.3,394.9,160.3,16.4,1102.4,63.9,2400,0.0,0.0,16186,-586,83,discharging,None,None
18:08:49.436,parallel,8.3,399.7,160.3,68.1,1102.4,62.2,2400,0.0,0.0,16143,-573,83,discharging,None,None
18:08:49.939,parallel,8.3,399.7,175.3,37.8,1102.2,62.2,2400,0.0,0.0,16148,-624,83,discharging,None,None
18:08:50.447,parallel,8.3,395.5,175.3,77.8,1102.2,67.2,2400,0.0,0.0,16159,-556,83,discharging,None,None
18:08:50.955,parallel,8.3,395.5,175.3,22.3,1101.9,65.0,2400,0.0,0.0,16178,-561,83,discharging,None,None
18:08:51.463,parallel,8.3,395.5,163.6,60.6,1101.7,66.1,2400,0.0,0.0,16184,-552,83,discharging,None,None
18:08:51.966,parallel,8.3,395.0,163.6,42.2,1101.9,62.2,2400,0.0,0.0,16143,-621,83,discharging,None,None
18:08:52.475,parallel,8.3,395.0,190.8,45.0,1101.9,63.9,2400,0.0,0.0,16192,-550,83,discharging,None,None
18:08:52.978,parallel,8.3,399.6,190.8,77.3,1101.7,63.4,2400,0.0,0.0,16140,-582,83,discharging,None,None
18:08:53.482,parallel,8.3,399.6,190.8,2.5,1101.7,61.1,2400,0.0,0.0,16185,-602,83,discharging,None,None
18:08:53.996,parallel,8.2,399.6,190.8,73.3,1101.9,66.1,2400,0.0,0.0,16176,-491,83,discharging,None,None
18:08:54.500,parallel,8.2,634.6,444.1,61.5,1101.5,62.8,2400,0.0,0.0,16140,-651,83,discharging,None,None
18:08:55.003,parallel,8.2,634.6,444.1,2.5,1101.4,61.1,2400,0.0,0.0,16186,-592,83,discharging,None,None
18:08:55.610,parallel,8.4,634.6,444.1,86.8,1101.4,66.1,2400,0.0,0.0,16161,-488,83,discharging,None,None
18:08:56.114,parallel,8.4,692.3,275.1,59.4,1101.4,62.8,2400,0.0,0.0,16142,-656,83,discharging,None,None
18:08:56.624,parallel,8.4,692.3,275.1,9.5,1101.4,63.9,2400,0.0,0.0,16182,-611,83,discharging,None,None
18:08:57.128,parallel,6.7,395.5,275.1,81.4,1101.4,65.5,2400,0.0,0.0,16156,-529,83,discharging,None,None
18:08:57.632,parallel,6.7,395.5,163.3,28.7,1101.4,62.2,2400,0.0,0.0,16141,-619,83,discharging,None,None
18:08:58.140,parallel,8.3,395.5,163.3,72.9,1101.0,65.5,2400,0.0,0.0,16188,-550,83,discharging,None,None
18:08:58.643,parallel,8.3,392.1,163.7,45.0,1101.0,65.0,2400,0.0,0.0,16150,-559,83,discharging,None,None
18:08:59.151,parallel,8.3,392.1,163.7,37.1,1100.8,65.5,2400,0.0,0.0,16174,-601,83,discharging,None,None
18:08:59.654,parallel,8.3,398.9,163.7,47.0,1100.8,62.8,2400,0.0,0.0,16146,-609,83,discharging,None,None
18:09:00.158,parallel,8.3,398.9,158.2,36.3,1100.8,62.2,2400,0.0,0.0,16186,-569,83,discharging,None,None
18:09:00.662,parallel,8.4,387.9,158.2,81.0,1101.2,65.5,2400,0.0,0.0,16166,-545,83,discharging,None,None
18:09:01.166,parallel,8.4,387.9,158.2,2.5,1101.2,61.7,2400,0.0,0.0,16178,-609,83,discharging,None,None
18:09:01.672,parallel,8.3,387.9,160.3,96.5,1101.2,66.7,2400,0.0,0.0,16173,-556,83,discharging,None,None
18:09:02.175,parallel,8.3,403.1,160.3,22.3,1101.5,62.2,2400,0.0,0.0,16139,-621,83,discharging,None,None
18:09:02.688,parallel,8.3,403.1,160.3,31.0,1101.5,62.2,1600,0.0,0.0,16188,-562,83,discharging,None,None
18:09:03.193,parallel,8.2,403.1,447.4,100.0,1101.5,65.0,2400,0.0,0.0,16173,-479,83,discharging,None,None
18:09:03.697,parallel,8.2,655.9,447.4,13.0,1101.2,61.7,2400,0.0,0.0,16143,-615,83,discharging,None,None
18:09:04.210,parallel,8.5,655.9,447.4,38.6,1101.2,64.5,2400,0.0,0.0,16187,-548,83,discharging,None,None
18:09:04.714,parallel,8.5,635.3,352.8,90.6,1101.2,63.9,2400,0.0,0.0,16152,-535,83,discharging,None,None
18:09:05.217,parallel,8.3,635.3,352.8,2.0,1101.2,60.6,2400,0.0,0.0,16168,-639,83,discharging,None,None
18:09:05.724,parallel,8.3,635.3,352.8,53.7,1101.2,65.0,2400,0.0,0.0,16190,-485,83,discharging,None,None
18:09:06.227,parallel,8.3,575.2,366.2,79.6,1101.0,63.4,2400,0.0,0.0,16143,-642,83,discharging,None,None
18:09:06.731,parallel,8.3,575.2,366.2,2.0,1101.0,61.7,2400,0.0,0.0,16187,-583,83,discharging,None,None
18:09:07.234,parallel,8.3,395.2,366.2,80.0,1101.0,65.5,2400,0.0,0.0,16153,-522,83,discharging,None,None
18:09:07.738,parallel,8.3,395.2,164.9,46.5,1101.0,62.2,2400,0.0,0.0,16153,-629,83,discharging,None,None
18:09:08.247,parallel,8.3,395.2,164.9,42.2,1101.0,65.5,2400,0.0,0.0,16187,-558,83,discharging,None,None
18:09:08.751,parallel,8.3,409.1,164.9,57.4,1101.0,65.5,2400,0.0,0.0,16163,-566,83,discharging,None,None
18:09:09.258,parallel,7.9,409.1,162.2,23.0,1100.8,61.7,2400,0.0,0.0,16181,-587,83,discharging,None,None
18:09:09.761,parallel,7.9,400.9,162.2,79.2,1101.2,63.4,2400,0.0,0.0,16144,-621,83,discharging,None,None
18:09:10.265,parallel,8.4,400.9,171.2,36.8,1101.2,64.5,2400,0.0,0.0,16183,-604,83,discharging,None,None
18:09:10.772,parallel,8.4,400.9,171.2,65.3,1101.2,67.8,2400,0.0,0.0,16158,-553,83,discharging,None,None
18:09:11.276,parallel,8.3,406.5,171.2,17.6,1101.5,62.2,2400,0.0,0.0,16178,-581,83,discharging,None,None
18:09:11.781,parallel,8.3,406.5,163.6,62.9,1101.5,64.5,2400,0.0,0.0,16152,-548,83,discharging,None,None
18:09:12.285,parallel,8.3,396.6,163.6,56.2,1101.2,62.8,2400,0.0,0.0,16138,-621,83,discharging,None,None
18:09:12.793,parallel,8.3,396.6,163.6,5.5,1101.2,61.7,1600,0.0,0.0,16188,-555,83,discharging,None,None
18:09:13.300,parallel,8.3,396.6,447.1,100.0,1101.2,66.1,2400,0.0,0.0,16153,-527,83,discharging,None,None
18:09:13.803,parallel,8.3,611.1,447.1,36.2,1101.0,62.8,2400,0.0,0.0,16165,-638,83,discharging,None,None
18:09:14.312,parallel,8.3,611.1,447.1,10.1,1101.0,64.5,2400,0.0,0.0,16189,-523,83,discharging,None,None
18:09:14.823,parallel,8.2,611.1,447.1,100.0,1101.0,66.1,2400,0.0,0.0,16149,-555,83,discharging,None,None
18:09:15.326,parallel,8.2,708.6,470.7,34.0,1101.2,62.8,2400,0.0,0.0,16168,-659,83,discharging,None,None
18:09:15.832,parallel,8.2,708.6,470.7,13.5,1101.2,63.4,2400,0.0,0.0,16190,-517,83,discharging,None,None
18:09:16.335,parallel,8.2,423.8,219.8,98.5,1101.2,66.1,2400,0.0,0.0,16142,-565,83,discharging,None,None
18:09:16.839,parallel,8.2,423.8,219.8,0.0,1101.2,61.1,2400,0.0,0.0,16178,-609,83,discharging,None,None
18:09:17.347,parallel,8.2,423.8,219.8,69.2,1101.2,65.5,2400,0.0,0.0,16163,-528,83,discharging,None,None
18:09:17.851,parallel,8.2,363.4,152.0,38.7,1101.2,62.2,2400,0.0,0.0,16160,-602,83,discharging,None,None
18:09:18.359,parallel,8.2,363.4,152.0,39.1,1101.2,65.0,2400,0.0,0.0,16190,-542,83,discharging,None,None
18:09:18.863,parallel,8.2,362.8,152.0,36.5,1101.2,62.2,2400,0.0,0.0,16160,-546,83,discharging,None,None
18:09:19.371,parallel,8.2,362.8,151.4,41.6,1101.2,63.4,2400,0.0,0.0,16173,-587,83,discharging,None,None
18:09:19.875,parallel,8.2,363.8,151.4,65.5,1101.2,62.8,2400,0.0,0.0,16145,-602,83,discharging,None,None
18:09:20.382,parallel,8.2,363.8,151.3,31.0,1101.7,64.5,2400,0.0,0.0,16189,-547,83,discharging,None,None
18:09:20.886,parallel,8.2,363.4,151.3,76.0,1101.4,66.1,2400,0.0,0.0,16150,-550,83,discharging,None,None
18:09:21.389,parallel,8.2,363.4,151.3,0.0,1101.4,60.6,2400,0.0,0.0,16180,-601,83,discharging,None,None
18:09:21.896,parallel,8.2,363.4,151.3,64.2,1101.7,65.5,2400,0.0,0.0,16182,-512,83,discharging,None,None
18:09:22.399,parallel,8.2,513.5,335.4,57.0,1101.7,61.7,2400,0.0,0.0,16136,-626,83,discharging,None,None
18:09:22.903,parallel,8.2,513.5,335.4,0.0,1101.4,60.6,2400,0.0,0.0,16188,-572,83,discharging,None,None
18:09:23.414,parallel,8.2,513.5,335.4,87.2,1101.4,65.5,2400,0.0,0.0,16168,-478,83,discharging,None,None
18:09:23.917,parallel,8.2,665.8,440.3,47.3,1101.0,62.2,2400,0.0,0.0,16139,-626,83,discharging,None,None
18:09:24.421,parallel,8.2,665.8,440.3,0.0,1101.0,60.0,2400,0.0,0.0,16189,-553,83,discharging,None,None
18:09:24.925,parallel,8.2,448.2,440.3,97.5,1101.0,65.0,2400,0.0,0.0,16148,-524,83,discharging,None,None
18:09:25.429,parallel,8.2,448.2,256.3,19.0,1101.0,61.7,2400,0.0,0.0,16176,-619,83,discharging,None,None
18:09:25.936,parallel,8.2,448.2,256.3,49.8,1101.0,65.5,2400,0.0,0.0,16190,-522,83,discharging,None,None
18:09:26.440,parallel,8.2,367.6,148.5,57.9,1101.1,63.4,2400,0.0,0.0,16167,-563,83,discharging,None,None
18:09:26.948,parallel,8.2,367.6,148.5,18.8,1101.4,63.4,2400,0.0,0.0,16182,-581,83,discharging,None,None
18:09:27.452,parallel,8.2,367.0,148.5,56.5,1101.4,61.7,2400,0.0,0.0,16143,-585,83,discharging,None,None
18:09:27.955,parallel,8.2,367.0,151.4,32.7,1102.4,61.1,2400,0.0,0.0,16163,-602,83,discharging,None,None
18:09:28.459,parallel,8.2,375.2,151.4,77.6,1102.4,63.9,2400,0.0,0.0,16159,-541,83,discharging,None,None
18:09:28.967,parallel,8.2,375.2,151.4,11.4,1101.9,63.4,2400,0.0,0.0,16180,-535,83,discharging,None,None
18:09:29.471,parallel,8.2,375.2,151.4,75.9,1101.9,65.0,2400,0.0,0.0,16183,-539,83,discharging,None,None
18:09:29.975,parallel,8.2,367.6,151.4,20.9,1101.7,60.6,2400,0.0,0.0,16168,-603,83,discharging,None,None
18:09:30.487,parallel,8.2,367.6,151.4,44.4,1101.7,65.0,2400,0.0,0.0,16191,-526,83,discharging,None,None
18:09:30.990,parallel,8.2,454.4,247.7,69.7,1101.5,63.4,2400,0.0,0.0,16136,-601,83,discharging,None,None
18:09:31.494,parallel,8.2,454.4,247.7,0.0,1102.4,60.6,2400,0.0,0.0,16185,-609,83,discharging,None,None
18:09:32.007,parallel,8.2,454.4,247.7,74.5,1106.1,65.5,2400,0.0,0.0,16175,-476,83,discharging,None,None
18:09:32.510,parallel,8.2,653.0,434.8,56.2,1106.1,62.8,2400,0.0,0.0,16140,-643,83,discharging,None,None
18:09:33.014,parallel,8.2,653.0,434.8,0.0,1105.8,61.1,2400,0.0,0.0,16188,-587,83,discharging,None,None
18:09:33.526,parallel,8.2,653.0,434.8,88.2,1105.8,66.1,2400,0.0,0.0,16159,-476,83,discharging,None,None
18:09:34.030,parallel,8.2,540.0,359.4,38.9,1105.1,62.2,2400,0.0,0.0,16140,-623,83,discharging,None,None
18:09:34.539,parallel,8.2,540.0,359.4,23.5,1105.1,63.4,2400,0.0,0.0,16188,-551,83,discharging,None,None
18:09:35.044,parallel,8.2,363.1,359.4,78.3,1104.7,65.5,2400,0.0,0.0,16145,-545,83,discharging,None,None
18:09:35.548,parallel,8.2,363.1,149.7,5.4,1104.7,61.7,2400,0.0,0.0,16186,-603,83,discharging,None,None
18:09:36.051,parallel,8.2,363.4,149.7,75.1,1104.1,63.4,2400,0.0,0.0,16157,-551,83,discharging,None,None
18:09:36.555,parallel,8.2,363.4,152.2,32.3,1104.1,61.7,2400,0.0,0.0,16179,-568,83,discharging,None,None
18:09:37.063,parallel,8.2,363.4,152.2,62.7,1103.8,66.7,2400,0.0,0.0,16184,-539,83,discharging,None,None
18:09:37.566,parallel,8.2,363.9,152.2,12.8,1103.3,61.7,2400,0.0,0.0,16171,-579,83,discharging,None,None
18:09:38.075,parallel,8.2,363.9,148.3,65.2,1102.9,65.5,2400,0.0,0.0,16157,-577,83,discharging,None,None
18:09:38.579,parallel,8.2,367.1,148.3,43.1,1102.9,61.7,1500,0.0,0.0,16140,-602,83,discharging,None,None
18:09:39.087,parallel,8.2,367.1,148.3,24.5,1102.7,62.8,2400,0.0,0.0,16194,-524,83,discharging,None,None
18:09:39.591,parallel,8.2,448.8,223.2,89.7,1102.7,63.9,2400,0.0,0.0,16155,-493,83,discharging,None,None
18:09:40.094,parallel,8.2,448.8,223.2,0.0,1102.3,61.1,2400,0.0,0.0,16178,-590,83,discharging,None,None
18:09:40.607,parallel,8.2,448.8,223.2,54.9,1102.3,65.0,2400,0.0,0.0,16191,-488,83,discharging,None,None
18:09:41.111,parallel,8.2,603.7,351.7,66.8,1102.1,62.8,2400,0.0,0.0,16141,-591,83,discharging,None,None
18:09:41.614,parallel,8.2,603.7,351.7,0.5,1102.6,60.6,2400,0.0,0.0,16181,-618,83,discharging,None,None
18:09:42.127,parallel,8.2,603.7,351.7,77.3,1102.5,65.5,2400,0.0,0.0,16190,-482,83,discharging,None,None
18:09:42.630,parallel,8.2,613.4,453.4,55.4,1102.4,62.8,2400,0.0,0.0,16140,-633,83,discharging,None,None
18:09:43.134,parallel,8.2,613.4,453.4,0.0,1104.0,60.6,2400,0.0,0.0,16185,-604,83,discharging,None,None
18:09:43.643,parallel,8.2,362.0,453.4,83.7,1104.0,63.9,2400,0.0,0.0,16161,-502,83,discharging,None,None
18:09:44.147,parallel,8.2,362.0,156.8,24.3,1105.6,61.7,1900,0.0,0.0,16139,-603,83,discharging,None,None
18:09:44.655,parallel,8.2,362.0,156.8,68.3,1106.4,65.0,2400,0.0,0.0,16192,-527,83,discharging,None,None
18:09:45.159,parallel,8.2,376.7,155.0,42.2,1106.4,62.8,2400,0.0,0.0,16159,-541,83,discharging,None,None
18:09:45.667,parallel,8.2,376.7,155.0,35.3,1106.4,65.5,2400,0.0,0.0,16183,-599,83,discharging,None,None
18:09:46.170,parallel,8.2,367.4,155.0,39.9,1106.4,60.6,2400,0.0,0.0,16142,-618,83,discharging,None,None
18:09:46.679,parallel,8.2,367.4,151.4,37.8,1111.6,61.7,2400,0.0,0.0,16186,-587,83,discharging,None,None
18:09:47.182,parallel,8.2,367.6,151.4,70.1,1109.8,63.4,2400,0.0,0.0,16151,-555,83,discharging,None,None
18:09:47.691,parallel,8.2,367.6,151.4,6.5,1109.8,63.9,2400,0.0,0.0,16178,-575,83,discharging,None,None
18:09:48.195,parallel,8.2,365.0,152.0,98.5,1109.4,65.0,2400,0.0,0.0,16152,-537,83,discharging,None,None
18:09:48.698,parallel,8.2,365.0,152.0,2.0,1116.4,61.1,2400,0.0,0.0,16164,-602,83,discharging,None,None
18:09:49.210,parallel,8.2,365.0,152.0,43.6,1115.1,65.0,2400,0.0,0.0,16190,-522,83,discharging,None,None
18:09:49.714,parallel,8.2,709.6,520.0,99.0,1115.1,65.5,2400,0.0,0.0,16147,-549,83,discharging,None,None
18:09:50.218,parallel,8.2,709.6,520.0,0.5,1113.0,61.1,2400,0.0,0.0,16164,-651,83,discharging,None,None
18:09:50.725,parallel,8.2,709.6,520.0,45.6,1113.0,65.0,2400,0.0,0.0,16189,-505,83,discharging,None,None
18:09:51.228,parallel,8.2,555.8,392.1,83.1,1111.6,62.8,2400,0.0,0.0,16146,-557,83,discharging,None,None
18:09:51.732,parallel,8.2,555.8,392.1,0.0,1111.6,62.2,2400,0.0,0.0,16178,-638,83,discharging,None,None
18:09:52.236,parallel,8.2,362.4,392.1,75.1,1111.5,65.0,2400,0.0,0.0,16190,-506,83,discharging,None,None
18:09:52.739,parallel,8.2,362.4,151.4,32.8,1110.8,61.7,2400,0.0,0.0,16165,-577,83,discharging,None,None
18:09:53.247,parallel,8.2,362.4,151.4,45.8,1109.7,65.0,2400,0.0,0.0,16184,-581,83,discharging,None,None
18:09:53.751,parallel,8.2,367.7,151.4,43.8,1109.7,64.5,2400,0.0,0.0,16142,-570,83,discharging,None,None
18:09:54.263,parallel,8.2,367.7,148.8,33.2,1115.1,63.4,2400,0.0,0.0,16149,-603,83,discharging,None,None
18:09:54.767,parallel,8.2,366.7,148.8,61.3,1115.1,61.7,2400,0.0,0.0,16149,-555,83,discharging,None,None
18:09:55.270,parallel,8.2,366.7,147.6,32.5,1113.4,62.2,2400,0.0,0.0,16179,-537,83,discharging,None,None
18:09:55.774,parallel,8.2,364.6,147.6,75.1,1113.4,63.9,2400,0.0,0.0,16188,-530,83,discharging,None,None
18:09:56.277,parallel,8.2,364.6,147.6,0.5,1111.8,61.1,2400,0.0,0.0,16171,-602,83,discharging,None,None
18:09:56.784,parallel,8.2,364.6,178.4,80.3,1112.2,66.1,2400,0.0,0.0,16190,-539,82,discharging,None,None
18:09:57.288,parallel,8.2,399.6,178.4,29.9,1110.5,61.7,2400,0.0,0.0,16138,-607,82,discharging,None,None
18:09:57.799,parallel,8.2,399.6,178.4,15.3,1109.1,64.5,2400,0.0,0.0,16188,-585,82,discharging,None,None
18:09:58.303,parallel,8.2,399.6,395.6,100.0,1109.1,67.2,2400,0.0,0.0,16159,-484,82,discharging,None,None
18:09:58.806,parallel,8.2,626.4,395.6,11.9,1108.1,61.7,2400,0.0,0.0,16137,-635,82,discharging,None,None
18:09:59.315,parallel,8.2,626.4,395.6,32.2,1107.3,65.0,2400,0.0,0.0,16188,-555,82,discharging,None,None
18:09:59.818,parallel,8.2,580.8,354.3,86.8,1114.0,63.4,2400,0.0,0.0,16148,-518,82,discharging,None,None
18:10:00.322,parallel,8.2,580.8,354.3,0.0,1113.8,60.6,2400,0.0,0.0,16169,-610,82,discharging,None,None
18:10:00.827,parallel,8.2,580.8,354.3,59.2,1113.0,65.5,2400,0.0,0.0,16173,-484,82,discharging,None,None
18:10:01.330,parallel,83.5,374.2,168.9,54.0,1112.3,61.7,2400,0.0,0.0,16141,-610,82,discharging,None,None
18:10:01.840,parallel,83.5,374.2,168.9,28.2,1111.6,63.9,2400,0.0,0.0,16187,-551,82,discharging,None,None
18:10:02.344,parallel,8.4,400.7,168.9,68.9,1110.6,65.0,2400,0.0,0.0,16142,-560,82,discharging,None,None
18:10:02.848,parallel,8.4,400.7,169.3,26.9,1109.5,61.7,2400,0.0,0.0,16180,-611,82,discharging,None,None
18:10:03.351,parallel,8.4,394.6,169.3,82.4,1109.5,64.5,2400,0.0,0.0,16147,-594,82,discharging,None,None
18:10:03.855,parallel,8.3,394.6,159.0,36.5,1108.5,64.5,2400,0.0,0.0,16183,-591,82,discharging,None,None
18:10:04.364,parallel,8.3,394.6,159.0,52.7,1108.5,65.5,2400,0.0,0.0,16174,-544,82,discharging,None,None
18:10:04.867,parallel,8.3,400.2,159.0,40.4,1107.5,62.8,2400,0.0,0.0,16170,-599,82,discharging,None,None
18:10:05.375,parallel,8.3,400.2,158.9,49.8,1115.0,63.9,2400,0.0,0.0,16152,-583,82,discharging,None,None
18:10:05.878,parallel,7.9,395.4,158.9,67.8,1114.3,62.8,2400,0.0,0.0,16139,-620,82,discharging,None,None
18:10:06.388,parallel,7.9,395.4,158.9,4.5,1114.3,62.2,2400,0.0,0.0,16186,-561,82,discharging,None,None
18:10:06.892,parallel,7.9,395.4,228.6,100.0,1113.1,66.7,2400,0.0,0.0,16153,-548,82,discharging,None,None
18:10:07.396,parallel,8.3,465.6,228.6,19.0,1112.5,62.2,2400,0.0,0.0,16175,-630,82,discharging,None,None
18:10:07.915,parallel,8.3,465.6,228.6,28.7,1111.8,64.5,2400,0.0,0.0,16190,-495,82,discharging,None,None
18:10:08.420,parallel,8.2,465.6,476.2,100.0,1111.8,67.8,2400,0.0,0.0,16142,-585,82,discharging,None,None
18:10:08.923,parallel,8.2,706.0,476.2,14.1,1109.9,62.2,2400,0.0,0.0,16176,-663,82,discharging,None,None
18:10:09.431,parallel,8.2,706.0,476.2,32.0,1109.9,65.0,2400,0.0,0.0,16188,-491,82,discharging,None,None
18:10:09.940,parallel,8.4,706.0,469.9,100.0,1108.4,66.7,2400,0.0,0.0,16140,-587,82,discharging,None,None
18:10:10.444,parallel,8.4,719.3,469.9,13.6,1107.8,62.2,2400,0.0,0.0,16175,-666,82,discharging,None,None
18:10:10.951,parallel,8.4,719.3,469.9,32.5,1107.3,64.5,2400,0.0,0.0,16188,-492,82,discharging,None,None
18:10:11.454,parallel,8.4,491.4,261.0,93.6,1107.0,65.0,2400,0.0,0.0,16139,-588,82,discharging,None,None
18:10:11.958,parallel,8.3,491.4,261.0,2.0,1106.7,62.2,2400,0.0,0.0,16177,-636,82,discharging,None,None
18:10:12.467,parallel,8.3,491.4,261.0,75.6,1106.7,66.7,2400,0.0,0.0,16167,-534,82,discharging,None,None
18:10:12.971,parallel,8.3,395.5,162.3,41.6,1105.7,62.8,2400,0.0,0.0,16161,-620,82,discharging,None,None
18:10:13.479,parallel,8.3,395.5,162.3,39.7,1105.7,65.5,2400,0.0,0.0,16189,-552,82,discharging,None,None
18:10:13.984,parallel,8.3,398.5,162.3,44.8,1104.6,62.8,2400,0.0,0.0,16142,-560,82,discharging,None,None
18:10:14.488,parallel,8.3,398.5,170.7,36.6,1104.6,61.7,2400,0.0,0.0,16161,-616,82,discharging,None,None
18:10:14.992,parallel,8.3,407.2,170.7,81.2,1103.9,62.8,2400,0.0,0.0,16145,-592,82,discharging,None,None
18:10:15.497,parallel,8.3,407.2,160.1,32.0,1103.9,64.5,2400,0.0,0.0,16179,-564,82,discharging,None,None
18:10:16.001,parallel,8.3,407.2,160.1,67.0,1103.9,67.2,2400,0.0,0.0,16180,-547,82,discharging,None,None
18:10:16.505,parallel,8.3,399.3,160.1,21.0,1103.7,62.2,2400,0.0,0.0,16168,-622,82,discharging,None,None
18:10:17.016,parallel,8.4,399.3,160.1,48.0,1103.6,65.0,2400,0.0,0.0,16184,-533,82,discharging,None,None
18:10:17.520,parallel,8.4,590.8,410.7,95.5,1103.2,66.1,2400,0.0,0.0,16141,-597,82,discharging,None,None
18:10:18.023,parallel,7.9,590.8,410.7,2.0,1102.8,61.7,2400,0.0,0.0,16174,-650,82,discharging,None,None
18:10:18.535,parallel,7.9,590.8,410.7,50.5,1102.8,65.5,2400,0.0,0.0,16188,-492,82,discharging,None,None
18:10:19.039,parallel,7.9,721.4,385.0,95.0,1102.7,65.5,2400,0.0,0.0,16142,-597,82,discharging,None,None
18:10:19.542,parallel,8.3,721.4,385.0,1.5,1102.7,62.2,2400,0.0,0.0,16174,-649,82,discharging,None,None
18:10:20.055,parallel,8.3,721.4,385.0,50.2,1102.7,65.0,2400,0.0,0.0,16189,-484,82,discharging,None,None
18:10:20.559,parallel,8.2,751.9,476.3,99.5,1103.5,67.2,2400,0.0,0.0,16144,-581,82,discharging,None,None
18:10:21.062,parallel,8.2,751.9,476.3,3.5,1103.0,61.7,2400,0.0,0.0,16176,-654,82,discharging,None,None
18:10:21.571,parallel,8.3,751.9,476.3,43.0,1103.0,65.5,2400,0.0,0.0,16189,-491,82,discharging,None,None
18:10:22.074,parallel,8.3,503.4,261.4,79.8,1105.1,63.9,2400,0.0,0.0,16139,-587,82,discharging,None,None
18:10:22.578,parallel,8.3,503.4,261.4,1.5,1105.1,61.7,2400,0.0,0.0,16177,-631,82,discharging,None,None
18:10:23.081,parallel,8.4,399.4,261.4,82.8,1104.4,66.1,2400,0.0,0.0,16169,-524,82,discharging,None,None
18:10:23.585,parallel,8.4,399.4,173.0,38.0,1104.4,63.9,2400,0.0,0.0,16154,-623,82,discharging,None,None
18:10:24.092,parallel,8.3,399.4,173.0,47.0,1103.5,66.1,2400,0.0,0.0,16186,-557,82,discharging,None,None
18:10:24.596,parallel,8.3,397.2,173.0,49.8,1103.5,65.5,2400,0.0,0.0,16138,-562,82,discharging,None,None
18:10:25.102,parallel,8.3,397.2,159.7,32.0,1103.5,63.9,2400,0.0,0.0,16160,-622,82,discharging,None,None
18:10:25.605,parallel,8.3,397.6,159.7,73.8,1103.9,63.4,2400,0.0,0.0,16147,-587,82,discharging,None,None
18:10:26.109,parallel,8.3,397.6,162.7,36.2,1103.2,63.9,2400,0.0,0.0,16179,-562,82,discharging,None,None
18:10:26.615,parallel,8.3,397.6,162.7,71.8,1103.2,67.2,2400,0.0,0.0,16179,-549,82,discharging,None,None
18:10:27.119,parallel,8.3,396.4,162.7,12.9,1103.5,62.2,2400,0.0,0.0,16168,-621,82,discharging,None,None
18:10:27.627,parallel,8.3,396.4,171.7,70.1,1110.9,66.7,2400,0.0,0.0,16184,-568,82,discharging,None,None
18:10:28.130,parallel,8.3,400.6,171.7,50.2,1111.1,63.4,2400,0.0,0.0,16138,-626,82,discharging,None,None
18:10:28.639,parallel,8.3,400.6,171.7,3.5,1111.1,62.2,2400,0.0,0.0,16185,-580,82,discharging,None,None
18:10:29.285,parallel,8.3,400.6,659.5,100.0,1110.3,66.1,2400,0.0,0.0,16142,-585,82,discharging,None,None
18:10:29.788,parallel,8.3,771.4,659.5,32.0,1108.7,62.8,2400,0.0,0.0,16167,-685,82,discharging,None,None
18:10:30.296,parallel,8.3,771.4,659.5,16.7,1107.7,64.5,2400,0.0,0.0,16189,-510,82,discharging,None,None
18:10:30.806,parallel,6.2,771.4,659.5,100.0,1107.3,66.1,2400,0.0,0.0,16147,-544,82,discharging,None,None
18:10:31.310,parallel,6.2,672.9,431.4,28.6,1107.2,62.8,2400,0.0,0.0,16169,-649,82,discharging,None,None
18:10:31.819,parallel,8.3,672.9,431.4,24.0,1107.1,64.5,2400,0.0,0.0,16187,-512,82,discharging,None,None
18:10:32.322,parallel,8.3,395.5,171.6,93.6,1106.2,65.5,2400,0.0,0.0,16139,-571,82,discharging,None,None
18:10:32.826,parallel,8.3,395.5,171.6,2.5,1105.2,62.2,2400,0.0,0.0,16176,-621,82,discharging,None,None
18:10:33.329,parallel,8.3,395.2,171.6,82.2,1105.2,66.1,2400,0.0,0.0,16151,-560,82,discharging,None,None
18:10:33.833,parallel,8.3,395.2,158.6,36.8,1104.3,62.8,2400,0.0,0.0,16158,-619,82,discharging,None,None
18:10:34.341,parallel,8.3,395.2,158.6,50.7,1104.3,66.7,2400,0.0,0.0,16186,-549,82,discharging,None,None
18:10:34.845,parallel,8.3,394.7,158.6,33.7,1103.9,61.7,2400,0.0,0.0,16162,-561,82,discharging,None,None
18:10:35.351,parallel,8.3,394.7,159.6,49.3,1103.9,63.9,2400,0.0,0.0,16161,-594,82,discharging,None,None
18:10:35.855,parallel,8.3,395.5,159.6,69.3,1103.6,63.9,2400,0.0,0.0,16143,-617,82,discharging,None,None
18:10:36.362,parallel,8.3,395.5,159.6,29.6,1103.6,65.0,2400,0.0,0.0,16185,-562,82,discharging,None,None
18:10:36.867,parallel,8.3,395.5,175.3,84.2,1103.2,67.2,2400,0.0,0.0,16154,-555,82,discharging,None,None
18:10:37.371,parallel,8.3,395.2,175.3,8.4,1102.8,62.2,2400,0.0,0.0,16174,-624,82,discharging,None,None
18:10:37.880,parallel,8.4,395.2,175.3,58.8,1102.5,66.1,2400,0.0,0.0,16187,-523,82,discharging,None,None
18:10:38.385,parallel,8.4,537.0,335.6,71.6,1109.8,63.4,2400,0.0,0.0,16135,-632,82,discharging,None,None
18:10:38.888,parallel,8.3,537.0,335.6,2.5,1109.5,61.1,2400,0.0,0.0,16182,-606,82,discharging,None,None
18:10:39.396,parallel,8.3,537.0,335.6,74.4,1109.5,65.5,2400,0.0,0.0,16171,-483,82,discharging,None,None
18:10:39.899,parallel,8.3,695.0,429.2,66.5,1108.4,63.4,2400,0.0,0.0,16139,-652,82,discharging,None,None
18:10:40.403,parallel,8.3,695.0,429.2,2.5,1108.4,61.7,1600,0.0,0.0,16185,-599,82,discharging,None,None
18:10:40.923,parallel,8.3,695.0,429.2,78.4,1107.6,65.5,2400,0.0,0.0,16181,-460,82,discharging,None,None
18:10:41.427,parallel,8.2,827.1,400.8,63.4,1107.5,62.2,2400,0.0,0.0,16137,-626,82,discharging,None,None
18:10:41.931,parallel,8.2,827.1,400.8,3.5,1106.9,61.7,2400,0.0,0.0,16182,-592,82,discharging,None,None
18:10:42.439,parallel,8.0,827.1,400.8,56.4,1106.9,66.1,2400,0.0,0.0,16189,-443,82,discharging,None,None
18:10:42.943,parallel,8.0,756.0,578.6,99.0,1106.5,66.1,2400,0.0,0.0,16141,-608,82,discharging,None,None
18:10:43.446,parallel,8.0,756.0,578.6,5.0,1106.3,61.7,2400,0.0,0.0,16174,-659,82,discharging,None,None
18:10:43.955,parallel,8.4,756.0,578.6,50.2,1113.4,66.1,2400,0.0,0.0,16189,-498,82,discharging,None,None
18:10:44.459,parallel,8.4,411.0,160.1,69.5,1112.9,63.4,2400,0.0,0.0,16139,-598,82,discharging,None,None
18:10:44.967,parallel,8.3,411.0,160.1,11.5,1110.1,63.4,2400,0.0,0.0,16180,-613,82,discharging,None,None
18:10:45.470,parallel,8.3,406.9,160.1,73.4,1110.1,62.2,2400,0.0,0.0,16146,-560,82,discharging,None,None
18:10:45.974,parallel,8.3,406.9,166.5,37.3,1109.0,61.7,2400,0.0,0.0,16142,-624,82,discharging,None,None
18:10:46.483,parallel,8.3,406.9,166.5,71.6,1109.0,67.2,2400,0.0,0.0,16182,-546,82,discharging,None,None
18:10:46.986,parallel,8.3,407.4,166.5,38.2,1107.8,66.1,2400,0.0,0.0,16171,-565,82,discharging,None,None
18:10:47.495,parallel,8.3,407.4,167.4,44.5,1107.8,64.5,2400,0.0,0.0,16176,-582,82,discharging,None,None
18:10:47.999,parallel,8.3,394.9,167.4,50.2,1107.0,62.2,2400,0.0,0.0,16142,-620,82,discharging,None,None
18:10:48.502,parallel,8.3,394.9,158.8,36.3,1107.0,62.8,2400,0.0,0.0,16186,-570,82,discharging,None,None
18:10:49.006,parallel,8.3,406.0,158.8,84.1,1105.5,65.5,2400,0.0,0.0,16144,-561,82,discharging,None,None
18:10:49.509,parallel,8.3,406.0,158.8,3.0,1112.9,61.7,2400,0.0,0.0,16174,-616,82,discharging,None,None
18:10:50.016,parallel,8.3,406.0,212.2,83.8,1111.5,66.7,2400,0.0,0.0,16169,-539,82,discharging,None,None
18:10:50.519,parallel,8.3,455.4,212.2,38.0,1110.9,62.2,2400,0.0,0.0,16135,-629,82,discharging,None,None
18:10:51.032,parallel,8.4,455.4,212.2,10.9,1109.7,62.2,1900,0.0,0.0,16185,-565,82,discharging,None,None
18:10:51.536,parallel,8.4,455.4,500.5,100.0,1110.1,65.0,2400,0.0,0.0,16162,-483,82,discharging,None,None
18:10:52.040,parallel,8.3,724.6,500.5,38.3,1108.0,62.2,2400,0.0,0.0,16135,-645,82,discharging,None,None
18:10:52.548,parallel,8.3,724.6,500.5,9.9,1108.0,63.4,2400,0.0,0.0,16185,-571,82,discharging,None,None
18:10:53.056,parallel,8.3,724.6,500.5,100.0,1106.9,67.2,2400,0.0,0.0,16149,-510,82,discharging,None,None
18:10:53.559,parallel,8.3,675.9,422.7,38.8,1106.5,62.8,2400,0.0,0.0,16139,-660,82,discharging,None,None
18:10:54.068,parallel,8.3,675.9,422.7,16.9,1105.7,63.9,2400,0.0,0.0,16185,-569,82,discharging,None,None
18:10:54.573,parallel,7.9,491.6,422.7,100.0,1105.7,66.7,2400,0.0,0.0,16150,-530,82,discharging,None,None
18:10:55.076,parallel,7.9,491.6,275.6,12.4,1112.6,61.1,2400,0.0,0.0,16158,-638,82,discharging,None,None
18:10:55.584,parallel,7.9,491.6,275.6,61.3,1112.6,66.1,2400,0.0,0.0,16186,-536,82,discharging,None,None
18:10:56.087,parallel,8.3,395.3,163.1,57.0,1111.3,63.4,2400,0.0,0.0,16141,-561,82,discharging,None,None
18:10:56.595,parallel,8.3,395.3,163.1,25.2,1111.3,65.0,2400,0.0,0.0,16175,-611,82,discharging,None,None
18:10:57.099,parallel,8.3,400.0,163.1,59.7,1110.5,62.8,2400,0.0,0.0,16144,-595,82,discharging,None,None
18:10:57.603,parallel,8.3,400.0,158.8,36.6,1110.5,62.2,2400,0.0,0.0,16172,-611,82,discharging,None,None
18:10:58.106,parallel,8.3,398.9,158.8,82.6,1109.3,65.5,2400,0.0,0.0,16173,-546,82,discharging,None,None
18:10:58.615,parallel,8.3,398.9,158.8,16.9,1109.3,64.5,2400,0.0,0.0,16173,-571,82,discharging,None,None
18:10:59.119,parallel,8.3,398.9,171.9,69.5,1108.5,66.1,2400,0.0,0.0,16150,-574,82,discharging,None,None
18:10:59.623,parallel,8.3,399.4,171.9,35.1,1108.5,61.7,2400,0.0,0.0,16138,-623,82,discharging,None,None
18:11:00.131,parallel,8.3,399.4,159.1,45.3,1107.6,65.0,2400,0.0,0.0,16185,-562,82,discharging,None,None
18:11:00.635,parallel,8.4,403.3,159.1,73.7,1107.1,62.8,2400,0.0,0.0,16146,-565,82,discharging,None,None
18:11:01.138,parallel,8.4,403.3,159.1,2.5,1105.7,61.1,2400,0.0,0.0,16174,-623,82,discharging,None,None
18:11:01.650,parallel,8.4,403.3,159.1,75.1,1106.1,65.0,2400,0.0,0.0,16189,-477,82,discharging,None,None
18:11:02.154,parallel,8.3,641.8,431.9,59.0,1105.4,62.8,2400,0.0,0.0,16139,-592,82,discharging,None,None
18:11:02.658,parallel,8.3,641.8,431.9,3.0,1105.4,61.1,2400,0.0,0.0,16177,-621,82,discharging,None,None
18:11:03.171,parallel,8.3,641.8,431.9,86.8,1105.4,66.1,2400,0.0,0.0,16182,-489,82,discharging,None,None
18:11:03.674,parallel,8.3,733.4,493.7,62.0,1104.7,62.2,2400,0.0,0.0,16139,-635,82,discharging,None,None
18:11:04.178,parallel,8.4,733.4,493.7,3.9,1104.1,61.1,2400,0.0,0.0,16177,-633,82,discharging,None,None
18:11:04.694,parallel,8.4,733.4,493.7,84.7,1104.1,66.1,2400,0.0,0.0,16187,-542,82,discharging,None,None
18:11:05.198,parallel,8.4,507.1,290.8,43.3,1103.6,62.2,2400,0.0,0.0,16168,-639,82,discharging,None,None
18:11:05.707,parallel,8.3,507.1,290.8,36.3,1103.6,65.0,2400,0.0,0.0,16182,-537,82,discharging,None,None
18:11:06.212,parallel,8.3,404.0,290.8,80.9,1103.6,66.7,2400,0.0,0.0,16144,-587,82,discharging,None,None
18:11:06.716,parallel,7.9,404.0,160.3,11.5,1103.6,62.2,2400,0.0,0.0,16175,-607,82,discharging,None,None
18:11:07.219,parallel,7.9,404.7,160.3,83.2,1103.2,65.0,2400,0.0,0.0,16145,-592,82,discharging,None,None
18:11:07.723,parallel,7.9,404.7,158.0,35.7,1103.2,62.8,2400,0.0,0.0,16162,-621,82,discharging,None,None
18:11:08.231,parallel,8.3,404.7,158.0,50.5,1102.6,65.5,2400,0.0,0.0,16174,-542,82,discharging,None,None
18:11:08.735,parallel,8.3,409.8,158.0,35.5,1102.6,62.8,2400,0.0,0.0,16174,-564,82,discharging,None,None
18:11:09.247,parallel,8.3,409.8,160.5,46.3,1102.5,63.4,2400,0.0,0.0,16162,-571,82,discharging,None,None
18:11:09.751,parallel,8.3,407.2,160.5,72.4,1102.5,63.4,2400,0.0,0.0,16137,-623,82,discharging,None,None
18:11:10.259,parallel,8.4,407.2,160.5,18.6,1102.4,65.0,2400,0.0,0.0,16184,-564,82,discharging,None,None
18:11:10.763,parallel,8.4,407.2,168.4,88.6,1102.4,67.8,2400,0.0,0.0,16145,-565,82,discharging,None,None
18:11:11.267,parallel,8.4,415.6,168.4,14.0,1102.4,62.2,2400,0.0,0.0,16175,-626,82,discharging,None,None
18:11:11.779,parallel,8.3,415.6,168.4,48.5,1102.4,65.0,2400,0.0,0.0,16190,-493,82,discharging,None,None
18:11:12.282,parallel,8.3,564.6,351.2,83.2,1102.4,63.9,2400,0.0,0.0,16136,-611,82,discharging,None,None
18:11:12.786,parallel,8.3,564.6,351.2,1.5,1102.4,61.7,2400,0.0,0.0,16182,-603,82,discharging,None,None
18:11:13.299,parallel,8.3,564.6,351.2,63.2,1102.1,65.5,2400,0.0,0.0,16169,-484,82,discharging,None,None
18:11:13.802,parallel,8.3,707.0,474.6,80.7,1102.1,63.9,2400,0.0,0.0,16137,-656,82,discharging,None,None
18:11:14.306,parallel,8.3,707.0,474.6,1.5,1101.7,61.7,2400,0.0,0.0,16183,-605,82,discharging,None,None
18:11:14.819,parallel,8.3,707.0,474.6,64.2,1101.7,65.5,2400,0.0,0.0,16168,-487,82,discharging,None,None
18:11:15.322,parallel,8.2,611.4,390.6,70.6,1101.7,62.8,2400,0.0,0.0,16137,-648,82,discharging,None,None
18:11:15.826,parallel,8.2,611.4,390.6,2.0,1101.4,61.1,2400,0.0,0.0,16183,-584,82,discharging,None,None
18:11:16.330,parallel,8.4,403.5,390.6,81.7,1101.4,65.0,2400,0.0,0.0,16151,-515,82,discharging,None,None
18:11:16.833,parallel,8.4,403.5,164.0,35.2,1101.2,62.2,2400,0.0,0.0,16150,-622,82,discharging,None,None
18:11:17.340,parallel,8.4,403.5,164.0,48.0,1103.1,65.5,2400,0.0,0.0,16188,-546,82,discharging,None,None
18:11:17.844,parallel,8.3,577.1,164.0,83.6,1103.1,66.1,2400,0.0,0.0,16139,-594,82,discharging,None,None
18:11:18.348,parallel,8.3,577.1,163.6,12.0,1103.1,62.2,2400,0.0,0.0,16177,-627,82,discharging,None,None
18:11:18.853,parallel,7.2,577.1,163.6,73.6,1103.1,66.1,2400,0.0,0.0,16163,-551,82,discharging,None,None
18:11:19.357,parallel,7.2,407.5,171.2,46.3,1102.8,63.4,2400,0.0,0.0,16176,-605,82,discharging,None,None
18:11:19.864,parallel,7.2,407.5,171.2,35.6,1102.8,65.0,2400,0.0,0.0,16182,-552,82,discharging,None,None
18:11:20.368,parallel,8.3,409.5,171.2,49.5,1102.6,63.4,2400,0.0,0.0,16137,-583,82,discharging,None,None
18:11:20.871,parallel,8.3,409.5,159.2,36.3,1102.6,62.2,2400,0.0,0.0,16145,-619,82,discharging,None,None
18:11:21.375,parallel,8.3,407.4,159.2,83.7,1102.6,63.9,2400,0.0,0.0,16144,-588,82,discharging,None,None
18:11:21.883,parallel,8.3,407.4,159.2,14.1,1102.6,62.8,1900,0.0,0.0,16178,-562,82,discharging,None,None
18:11:22.388,parallel,8.3,407.4,175.3,80.6,1102.2,66.1,2400,0.0,0.0,16176,-527,82,discharging,None,None
18:11:22.892,parallel,8.3,402.3,175.3,29.2,1102.2,62.8,2400,0.0,0.0,16162,-606,82,discharging,None,None
18:11:23.403,parallel,8.3,402.3,175.3,41.4,1102.2,65.5,2400,0.0,0.0,16187,-536,82,discharging,None,None
18:11:23.906,parallel,8.3,515.0,312.9,88.0,1102.2,64.5,2400,0.0,0.0,16138,-600,82,discharging,None,None
18:11:24.410,parallel,8.3,515.0,312.9,2.5,1102.2,61.7,2400,0.0,0.0,16177,-632,82,discharging,None,None
18:11:24.927,parallel,8.3,515.0,312.9,57.4,1102.2,65.5,2400,0.0,0.0,16187,-488,82,discharging,None,None
18:11:25.431,parallel,8.3,515.0,657.8,100.0,1102.2,67.2,2400,0.0,0.0,16142,-615,82,discharging,None,None
18:11:25.935,parallel,8.3,829.3,657.8,10.9,1101.7,62.2,2400,0.0,0.0,16176,-660,82,discharging,None,None
18:11:26.443,parallel,8.4,829.3,657.8,36.7,1101.6,65.5,2400,0.0,0.0,16187,-492,82,discharging,None,None
18:11:26.946,parallel,8.4,574.9,376.6,99.0,1101.6,66.1,2400,0.0,0.0,16141,-584,82,discharging,None,None
18:11:27.450,parallel,8.3,574.9,376.6,3.5,1101.6,62.2,2400,0.0,0.0,16175,-650,82,discharging,None,None
18:11:27.959,parallel,8.3,574.9,376.6,63.2,1102.0,66.1,2400,0.0,0.0,16184,-519,82,discharging,None,None
18:11:28.463,parallel,8.3,407.3,165.6,55.9,1102.3,63.4,2400,0.0,0.0,16162,-606,82,discharging,None,None
18:11:28.968,parallel,8.3,407.3,165.6,26.7,1102.0,64.5,2400,0.0,0.0,16181,-583,82,discharging,None,None
18:11:29.472,parallel,8.3,399.5,165.6,58.2,1102.0,63.4,2400,0.0,0.0,16140,-579,82,discharging,None,None
18:11:29.975,parallel,8.3,399.5,339.3,52.5,1101.6,62.8,2400,0.0,0.0,16150,-637,82,discharging,None,None
18:11:30.479,parallel,8.3,396.6,339.3,82.0,1101.6,65.5,2400,0.0,0.0,16153,-575,82,discharging,None,None
18:11:30.982,parallel,7.6,396.6,339.3,2.5,1101.4,62.2,2400,0.0,0.0,16175,-565,82,discharging,None,None
18:11:31.498,parallel,7.6,396.6,160.0,83.4,1101.8,65.5,2400,0.0,0.0,16155,-549,82,discharging,None,None
18:11:32.002,parallel,7.6,400.9,160.0,33.7,1101.8,62.8,1900,0.0,0.0,16136,-621,82,discharging,None,None
18:11:32.510,parallel,8.3,400.9,160.0,22.3,1101.8,62.2,1600,0.0,0.0,16189,-537,82,discharging,None,None
18:11:33.019,parallel,8.3,400.9,496.1,100.0,1101.8,66.1,2400,0.0,0.0,16151,-505,82,discharging,None,None
18:11:33.524,parallel,8.3,686.7,496.1,27.5,1102.8,61.7,2400,0.0,0.0,16147,-643,82,discharging,None,None
18:11:34.032,parallel,8.3,686.7,496.1,22.7,1106.6,63.9,2400,0.0,0.0,16186,-532,82,discharging,None,None
18:11:34.545,parallel,8.3,686.7,496.1,100.0,1106.6,67.2,2400,0.0,0.0,16148,-530,82,discharging,None,None
18:11:35.048,parallel,8.3,744.6,516.2,31.7,1106.1,62.2,2400,0.0,0.0,16141,-667,82,discharging,None,None
18:11:35.556,parallel,8.3,744.6,516.2,17.9,1106.1,63.4,2400,0.0,0.0,16186,-540,82,discharging,None,None
18:11:36.063,parallel,8.3,452.3,516.2,100.0,1105.8,66.7,2400,0.0,0.0,16148,-526,82,discharging,None,None
18:11:36.567,parallel,8.3,452.3,252.9,8.4,1105.0,61.1,2400,0.0,0.0,16170,-622,82,discharging,None,None
18:11:37.075,parallel,8.3,452.3,252.9,68.7,1104.6,66.7,2400,0.0,0.0,16189,-525,82,discharging,None,None
18:11:37.578,parallel,8.3,399.1,159.9,50.2,1104.6,63.9,2400,0.0,0.0,16159,-565,82,discharging,None,None
18:11:38.086,parallel,8.3,399.1,159.9,34.2,1171.5,65.0,2400,0.0,0.0,16177,-593,82,discharging,None,None
18:11:38.590,parallel,8.3,399.5,159.9,52.2,1171.5,62.8,2400,0.0,0.0,16144,-606,82,discharging,None,None
18:11:39.093,parallel,8.3,399.5,163.9,36.3,1166.1,62.2,2400,0.0,0.0,16168,-622,82,discharging,None,None
18:11:39.597,parallel,8.4,399.4,163.9,82.3,1166.1,65.0,2400,0.0,0.0,16167,-549,82,discharging,None,None
18:11:40.104,parallel,8.4,399.4,163.9,22.2,1153.0,65.0,2400,0.0,0.0,16175,-563,82,discharging,None,None
18:11:40.608,parallel,8.3,399.4,172.1,73.1,1153.7,66.7,2400,0.0,0.0,16161,-557,82,discharging,None,None
18:11:41.112,parallel,8.3,395.4,172.1,27.9,1145.1,62.8,2400,0.0,0.0,16135,-624,82,discharging,None,None
18:11:41.620,parallel,8.3,395.4,180.0,49.3,1145.4,65.0,2400,0.0,0.0,16184,-560,82,discharging,None,None
18:11:42.124,parallel,8.4,574.7,180.0,98.5,1141.0,66.7,2400,0.0,0.0,16143,-575,82,discharging,None,None
18:11:42.628,parallel,8.4,574.7,180.0,2.5,1141.0,62.2,1900,0.0,0.0,16168,-664,82,discharging,None,None
18:11:43.136,parallel,7.2,574.7,234.5,75.5,1137.8,66.1,2400,0.0,0.0,16190,-515,82,discharging,None,None
18:11:43.639,parallel,7.2,456.9,234.5,48.5,1136.3,63.4,2400,0.0,0.0,16136,-602,82,discharging,None,None
18:11:44.143,parallel,7.2,456.9,234.5,2.5,1131.8,61.1,2400,0.0,0.0,16182,-597,82,discharging,None,None
18:11:44.656,parallel,8.3,456.9,234.5,96.6,1131.8,66.7,2400,0.0,0.0,16167,-484,82,discharging,None,None
18:11:45.159,parallel,8.3,743.6,551.0,54.0,1129.4,63.4,2400,0.0,0.0,16137,-661,82,discharging,None,None
18:11:45.663,parallel,8.4,743.6,551.0,2.5,1129.6,61.7,2400,0.0,0.0,16179,-621,82,discharging,None,None
18:11:46.175,parallel,8.4,743.6,551.0,92.0,1125.8,67.2,2400,0.0,0.0,16173,-501,82,discharging,None,None
18:11:46.678,parallel,8.4,647.4,386.9,42.0,1123.6,63.4,2400,0.0,0.0,16132,-660,82,discharging,None,None
18:11:47.187,parallel,8.3,647.4,386.9,7.5,1120.8,62.2,2400,0.0,0.0,16181,-608,82,discharging,None,None
18:11:47.692,parallel,8.3,472.0,386.9,100.0,1121.2,67.2,2400,0.0,0.0,16154,-510,82,discharging,None,None
18:11:48.195,parallel,8.3,472.0,225.0,19.3,1125.4,62.8,2400,0.0,0.0,16134,-641,82,discharging,None,None
18:11:48.704,parallel,8.3,472.0,225.0,55.5,1125.4,66.1,2400,0.0,0.0,16184,-555,82,discharging,None,None
18:11:49.208,parallel,8.3,398.8,170.3,64.4,1124.5,63.9,2400,0.0,0.0,16137,-563,82,discharging,None,None
18:11:49.716,parallel,8.3,398.8,170.3,20.1,1124.5,64.5,2400,0.0,0.0,16179,-624,82,discharging,None,None
18:11:50.220,parallel,8.3,400.9,170.3,65.5,1122.4,63.4,2400,0.0,0.0,16149,-571,82,discharging,None,None
18:11:50.723,parallel,8.4,400.9,167.7,37.0,1122.4,63.4,2400,0.0,0.0,16174,-586,82,discharging,None,None
18:11:51.230,parallel,8.4,391.4,167.7,79.6,1119.6,66.7,2400,0.0,0.0,16178,-552,82,discharging,None,None
18:11:51.735,parallel,8.3,391.4,167.7,11.3,1119.8,64.5,2400,0.0,0.0,16152,-600,82,discharging,None,None
18:11:52.243,parallel,8.3,391.4,172.5,74.9,1116.9,66.1,2400,0.0,0.0,16160,-600,82,discharging,None,None
18:11:52.746,parallel,8.3,396.9,172.5,39.1,1117.1,62.8,2400,0.0,0.0,16141,-619,82,discharging,None,None
18:11:53.266,parallel,8.3,396.9,172.5,37.9,1116.3,65.0,2400,0.0,0.0,16182,-534,82,discharging,None,None
18:11:53.770,parallel,8.3,442.4,222.0,82.0,1116.3,63.9,2400,0.0,0.0,16135,-614,82,discharging,None,None
18:11:54.274,parallel,8.3,442.4,222.0,10.9,1113.6,62.2,2400,0.0,0.0,16173,-609,82,discharging,None,None
18:11:54.795,parallel,8.3,442.4,222.0,64.9,1113.5,66.1,2400,0.0,0.0,16160,-499,82,discharging,None,None
18:11:55.298,parallel,7.9,721.2,479.8,79.9,1110.9,63.9,2400,0.0,0.0,16136,-664,82,discharging,None,None
18:11:55.802,parallel,7.9,721.2,479.8,2.5,1110.9,62.2,2400,0.0,0.0,16182,-598,82,discharging,None,None
18:11:56.315,parallel,7.9,721.2,479.8,65.4,1110.9,66.1,2400,0.0,0.0,16166,-487,82,discharging,None,None
18:11:56.818,parallel,8.3,727.6,470.7,81.6,1111.1,64.5,2400,0.0,0.0,16134,-660,82,discharging,None,None
18:11:57.322,parallel,8.3,727.6,470.7,3.0,1108.8,62.8,2400,0.0,0.0,16180,-604,82,discharging,None,None
18:11:57.828,parallel,8.3,727.6,470.7,63.5,1108.8,66.1,2400,0.0,0.0,16171,-487,82,discharging,None,None
18:11:58.331,parallel,8.3,536.2,302.9,68.7,1107.5,63.9,2400,0.0,0.0,16138,-646,82,discharging,None,None
18:11:58.835,parallel,8.4,536.2,302.9,2.5,1107.5,61.1,2400,0.0,0.0,16184,-584,82,discharging,None,None
18:11:59.338,parallel,8.4,406.8,302.9,83.0,1107.5,63.9,2400,0.0,0.0,16144,-545,82,discharging,None,None
18:11:59.843,parallel,8.4,406.8,171.1,37.8,1107.5,62.8,2400,0.0,0.0,16156,-625,82,discharging,None,None
18:12:00.351,parallel,8.3,406.8,171.1,58.5,1106.8,66.7,2400,0.0,0.0,16173,-547,82,discharging,None,None
18:12:00.855,parallel,8.3,404.9,171.1,51.2,1106.8,67.2,2400,0.0,0.0,16174,-565,82,discharging,None,None
18:12:01.360,parallel,8.3,404.9,163.1,29.4,1104.9,65.5,2400,0.0,0.0,16176,-571,82,discharging,None,None
18:12:01.863,parallel,8.3,413.9,163.1,65.5,1104.7,63.4,2400,0.0,0.0,16138,-625,82,discharging,None,None
18:12:02.367,parallel,8.3,413.9,168.0,37.6,1104.7,63.9,2400,0.0,0.0,16175,-613,82,discharging,None,None
18:12:02.875,parallel,8.3,413.9,168.0,79.1,1104.7,66.1,2400,0.0,0.0,16149,-563,82,discharging,None,None
18:12:03.379,parallel,8.3,406.4,168.0,7.9,1103.9,62.8,1600,0.0,0.0,16174,-576,82,discharging,None,None
18:12:03.887,parallel,8.2,406.4,182.3,77.7,1103.9,67.2,2400,0.0,0.0,16162,-523,82,discharging,None,None
18:12:04.390,parallel,8.2,410.8,182.3,45.8,1102.5,62.8,2400,0.0,0.0,16139,-601,82,discharging,None,None
18:12:04.900,parallel,8.4,410.8,182.3,13.8,1102.5,63.9,2400,0.0,0.0,16184,-552,82,discharging,None,None
18:12:05.404,parallel,8.4,410.8,427.8,100.0,1102.5,67.8,2400,0.0,0.0,16148,-548,82,discharging,None,None
18:12:05.908,parallel,8.4,619.5,427.8,26.7,1102.5,62.2,2400,0.0,0.0,16164,-655,82,discharging,None,None
18:12:06.416,parallel,8.3,619.5,427.8,30.2,1102.5,65.0,2400,0.0,0.0,16180,-531,82,discharging,None,None
18:12:06.924,parallel,8.3,619.5,427.8,100.0,1102.7,66.7,2400,0.0,0.0,16143,-574,82,discharging,None,None
18:12:07.427,parallel,7.9,743.8,478.9,30.5,1101.3,63.4,2400,0.0,0.0,16158,-677,82,discharging,None,None
18:12:07.938,parallel,7.9,743.8,478.9,15.6,1101.3,63.9,2400,0.0,0.0,16184,-526,82,discharging,None,None
18:12:08.450,parallel,8.3,580.0,478.9,100.0,1101.3,67.2,2400,0.0,0.0,16143,-554,82,discharging,None,None
18:12:08.954,parallel,8.3,580.0,358.0,17.2,1101.1,62.2,2400,0.0,0.0,16172,-645,82,discharging,None,None
18:12:09.459,parallel,8.3,580.0,358.0,44.2,1101.1,66.7,2400,0.0,0.0,16185,-512,82,discharging,None,None
18:12:09.963,parallel,8.3,414.0,167.7,75.6,1100.8,63.9,2400,0.0,0.0,16139,-584,82,discharging,None,None
18:12:10.475,parallel,8.3,414.0,167.7,4.0,1100.8,62.2,2400,0.0,0.0,16175,-618,82,discharging,None,None
18:12:10.978,parallel,8.3,407.7,167.7,80.6,1101.8,64.5,2400,0.0,0.0,16146,-571,82,discharging,None,None
18:12:11.482,parallel,8.3,407.7,175.8,38.0,1102.2,62.8,2400,0.0,0.0,16154,-627,82,discharging,None,None
18:12:11.991,parallel,8.3,407.7,175.8,64.9,1102.2,67.2,2400,0.0,0.0,16184,-551,82,discharging,None,None
18:12:12.495,parallel,8.3,408.4,175.8,28.5,1102.5,63.9,2400,0.0,0.0,16165,-566,82,discharging,None,None
18:12:13.000,parallel,8.3,408.4,160.1,52.0,1101.8,65.0,2400,0.0,0.0,16159,-587,82,discharging,None,None
18:12:13.504,parallel,8.3,406.2,160.1,59.0,1101.8,63.4,2400,0.0,0.0,16139,-622,82,discharging,None,None
18:12:14.011,parallel,8.3,406.2,186.7,39.4,1101.5,65.0,2400,0.0,0.0,16183,-560,82,discharging,None,None
18:12:14.515,parallel,8.3,397.9,186.7,83.5,1101.8,65.5,2400,0.0,0.0,16151,-539,82,discharging,None,None
18:12:15.018,parallel,8.3,397.9,186.7,1.5,1101.5,62.8,2400,0.0,0.0,16172,-613,82,discharging,None,None
18:12:15.527,parallel,8.3,397.9,269.8,65.0,1101.5,66.7,2400,0.0,0.0,16185,-518,82,discharging,None,None
18:12:16.031,parallel,8.3,554.7,269.8,65.0,1101.5,63.9,2400,0.0,0.0,16134,-627,82,discharging,None,None
18:12:16.535,parallel,8.3,554.7,269.8,2.0,1101.5,62.2,2400,0.0,0.0,16180,-607,82,discharging,None,None
18:12:17.047,parallel,8.2,554.7,269.8,81.7,1101.7,67.2,2400,0.0,0.0,16171,-484,82,discharging,None,None
18:12:17.550,parallel,8.2,674.5,460.0,55.7,1101.5,63.4,2400,0.0,0.0,16137,-650,82,discharging,None,None
18:12:18.228,parallel,8.5,674.5,460.0,7.9,1101.3,61.7,2400,0.0,0.0,16185,-508,82,discharging,None,None
18:12:18.736,parallel,8.5,674.5,376.5,98.5,1101.3,67.2,2400,0.0,0.0,16149,-539,82,discharging,None,None
18:12:19.239,parallel,8.5,649.4,376.5,32.7,1101.3,63.4,2400,0.0,0.0,16156,-652,82,discharging,None,None
18:12:19.747,parallel,7.9,649.4,376.5,14.1,1101.7,63.4,2400,0.0,0.0,16185,-527,82,discharging,None,None
18:12:20.254,parallel,7.9,649.4,376.5,100.0,1101.7,65.5,2400,0.0,0.0,16143,-552,82,discharging,None,None
18:12:20.758,parallel,8.3,687.7,467.3,31.7,1101.5,62.2,2400,0.0,0.0,16157,-666,82,discharging,None,None
18:12:21.267,parallel,8.3,687.7,467.3,20.0,1101.3,63.4,2400,0.0,0.0,16185,-527,82,discharging,None,None
18:12:21.770,parallel,8.3,399.3,167.5,97.5,1101.5,66.7,2400,0.0,0.0,16141,-564,82,discharging,None,None
18:12:22.274,parallel,8.3,399.3,167.5,1.5,1101.2,62.8,2400,0.0,0.0,16175,-623,82,discharging,None,None
18:12:22.777,parallel,8.3,392.7,167.5,80.7,1101.2,66.1,2400,0.0,0.0,16154,-553,82,discharging,None,None
18:12:23.281,parallel,8.4,392.7,161.6,37.0,1101.2,62.8,2400,0.0,0.0,16164,-614,82,discharging,None,None
18:12:23.788,parallel,8.4,392.7,161.6,46.0,1101.2,67.2,2400,0.0,0.0,16184,-552,82,discharging,None,None
18:12:24.292,parallel,8.3,402.2,161.6,40.0,1100.8,62.8,2400,0.0,0.0,16148,-559,82,discharging,None,None
18:12:24.800,parallel,8.3,402.2,159.6,42.6,1100.8,65.0,2400,0.0,0.0,16147,-600,82,discharging,None,None
18:12:25.303,parallel,8.3,395.1,159.6,74.6,1100.8,63.9,2400,0.0,0.0,16141,-601,82,discharging,None,None
18:12:25.810,parallel,8.3,395.1,159.6,29.0,1101.0,65.5,2400,0.0,0.0,16180,-562,82,discharging,None,None
18:12:26.315,parallel,8.3,395.1,171.3,79.7,1101.0,67.2,2400,0.0,0.0,16168,-550,82,discharging,None,None
18:12:26.818,parallel,8.3,394.6,171.3,13.4,1101.5,62.8,2400,0.0,0.0,16173,-624,82,discharging,None,None
18:12:27.331,parallel,8.3,394.6,279.0,57.9,1101.9,65.0,2400,0.0,0.0,16185,-537,82,discharging,None,None
18:12:27.835,parallel,8.3,498.8,279.0,69.0,1107.7,64.5,2400,0.0,0.0,16134,-624,82,discharging,None,None
18:12:28.339,parallel,8.3,498.8,279.0,2.0,1107.7,62.2,2400,0.0,0.0,16180,-610,82,discharging,None,None
18:12:28.851,parallel,8.3,498.8,279.0,77.3,1113.1,66.7,2400,0.0,0.0,16171,-485,82,discharging,None,None
18:12:29.354,parallel,8.2,728.3,483.7,70.4,1113.3,63.9,2400,0.0,0.0,16140,-640,82,discharging,None,None
18:12:29.858,parallel,8.2,728.3,483.7,2.0,1112.8,61.7,2400,0.0,0.0,16179,-604,82,discharging,None,None
18:12:30.443,parallel,8.3,728.3,483.7,78.4,1112.8,66.1,2400,0.0,0.0,16175,-484,82,discharging,None,None
18:12:30.946,parallel,8.3,812.9,412.8,85.4,1108.3,65.5,2400,0.0,0.0,16140,-630,82,discharging,None,None
18:12:31.450,parallel,8.3,812.9,412.8,2.0,1108.8,61.7,2400,0.0,0.0,16173,-653,82,discharging,None,None
18:12:31.956,parallel,7.3,812.9,412.8,65.3,1108.8,66.7,2400,0.0,0.0,16186,-500,82,discharging,None,None
18:12:32.459,parallel,7.3,445.0,162.7,55.5,1108.6,63.4,2400,0.0,0.0,16136,-603,82,discharging,None,None
18:12:32.968,parallel,8.3,445.0,162.7,26.8,1108.4,64.5,2400,0.0,0.0,16174,-625,82,discharging,None,None
18:12:33.477,parallel,8.3,397.2,162.7,69.0,1108.3,65.0,2400,0.0,0.0,16140,-575,82,discharging,None,None
18:12:33.980,parallel,8.3,397.2,172.2,26.9,1104.5,62.8,2400,0.0,0.0,16136,-642,82,discharging,None,None
18:12:34.484,parallel,8.3,407.2,172.2,84.2,1104.5,65.5,2400,0.0,0.0,16179,-559,82,discharging,None,None
18:12:34.988,parallel,8.3,407.2,159.8,37.1,1104.2,65.0,2400,0.0,0.0,16163,-570,82,discharging,None,None
18:12:35.496,parallel,8.3,407.2,159.8,50.0,1104.2,66.7,2400,0.0,0.0,16170,-595,82,discharging,None,None
18:12:36.000,parallel,8.3,393.5,159.8,33.8,1104.2,62.8,2400,0.0,0.0,16136,-630,82,discharging,None,None
18:12:36.508,parallel,8.3,393.5,168.0,49.3,1106.0,64.5,2400,0.0,0.0,16182,-571,82,discharging,None,None
18:12:37.011,parallel,8.3,404.7,168.0,70.6,1103.8,64.5,2400,0.0,0.0,16144,-557,82,discharging,None,None
18:12:37.515,parallel,8.4,404.7,168.0,3.0,1103.8,61.7,2400,0.0,0.0,16171,-616,82,discharging,None,None
18:12:38.023,parallel,8.4,404.7,271.9,98.5,1103.8,66.7,2400,0.0,0.0,16169,-538,82,discharging,None,None
18:12:38.527,parallel,8.4,484.2,271.9,27.7,1104.5,62.2,2400,0.0,0.0,16131,-634,82,discharging,None,None
18:12:39.039,parallel,8.3,484.2,271.9,21.2,1104.0,64.5,2400,0.0,0.0,16185,-494,82,discharging,None,None
18:12:39.546,parallel,8.3,484.2,271.9,100.0,1104.0,67.2,2400,0.0,0.0,16150,-567,82,discharging,None,None
18:12:40.049,parallel,8.3,865.3,757.5,55.4,1103.4,65.0,2400,0.0,0.0,16142,-686,82,discharging,None,None
18:12:40.553,parallel,8.3,865.3,757.5,2.5,1103.4,62.2,2400,0.0,0.0,16183,-537,82,discharging,None,None
18:12:41.059,parallel,8.3,865.3,757.5,90.6,1103.4,67.2,2400,0.0,0.0,16143,-543,82,discharging,None,None
18:12:41.563,parallel,8.2,485.4,272.6,37.0,1103.0,62.8,2400,0.0,0.0,16167,-635,82,discharging,None,None
18:12:42.070,parallel,8.2,485.4,272.6,37.7,1102.8,67.2,2400,0.0,0.0,16184,-530,82,discharging,None,None
18:12:42.574,parallel,8.4,394.9,272.6,69.0,1102.8,65.0,2400,0.0,0.0,16152,-572,82,discharging,None,None
18:12:43.078,parallel,8.4,394.9,172.1,23.8,1102.8,62.2,2400,0.0,0.0,16175,-610,82,discharging,None,None
18:12:43.582,parallel,7.9,406.4,172.1,84.6,1102.8,64.5,2400,0.0,0.0,16140,-619,82,discharging,None,None
18:12:44.086,parallel,7.9,406.4,158.7,36.1,1102.3,63.9,2400,0.0,0.0,16180,-601,82,discharging,None,None
18:12:44.592,parallel,7.9,406.4,158.7,60.6,1102.3,66.1,2400,0.0,0.0,16160,-548,82,discharging,None,None
18:12:45.095,parallel,8.3,400.3,158.7,24.4,1101.8,63.4,2400,0.0,0.0,16174,-586,82,discharging,None,None
18:12:45.603,parallel,8.3,400.3,158.5,56.0,1101.8,66.1,2400,0.0,0.0,16147,-555,82,discharging,None,None
18:12:46.107,parallel,8.3,402.7,158.5,62.7,1101.8,63.4,2400,0.0,0.0,16132,-622,82,discharging,None,None
18:12:46.616,parallel,8.3,402.7,158.5,6.0,1101.8,62.8,2400,0.0,0.0,16182,-564,82,discharging,None,None
18:12:47.124,parallel,8.3,402.7,324.8,100.0,1101.8,67.2,2400,0.0,0.0,16146,-551,82,discharging,None,None
18:12:47.628,parallel,8.3,516.2,324.8,22.9,1101.6,62.8,2400,0.0,0.0,16173,-638,82,discharging,None,None
18:12:48.136,parallel,8.3,516.2,324.8,26.5,1101.4,65.0,2400,0.0,0.0,16184,-501,82,discharging,None,None
18:12:48.644,parallel,8.3,516.2,514.8,100.0,1101.4,66.1,2400,0.0,0.0,16140,-580,82,discharging,None,None
18:12:49.148,parallel,8.3,758.1,514.8,30.3,1101.4,62.8,2400,0.0,0.0,16166,-680,82,discharging,None,None
18:12:49.658,parallel,8.2,758.1,514.8,18.2,1102.3,65.0,2400,0.0,0.0,16185,-514,82,discharging,None,None
18:12:50.170,parallel,8.2,758.1,514.8,100.0,1102.3,67.2,2400,0.0,0.0,16142,-569,82,discharging,None,None
18:12:50.673,parallel,8.2,656.7,427.1,24.5,1101.9,62.2,2400,0.0,0.0,16171,-659,82,discharging,None,None
18:12:51.180,parallel,8.5,656.7,427.1,31.5,1101.9,66.7,2400,0.0,0.0,16185,-504,82,discharging,None,None
18:12:51.684,parallel,8.5,390.2,161.3,86.1,1101.9,65.0,2400,0.0,0.0,16136,-580,82,discharging,None,None
18:12:52.187,parallel,8.3,390.2,161.3,2.5,1101.6,62.8,2400,0.0,0.0,16174,-620,82,discharging,None,None
18:12:52.691,parallel,8.3,407.7,161.3,83.2,1101.6,65.0,2400,0.0,0.0,16148,-563,82,discharging,None,None
18:12:53.194,parallel,8.3,407.7,175.9,38.5,1101.6,63.4,2400,0.0,0.0,16151,-626,82,discharging,None,None
18:12:53.704,parallel,8.3,407.7,175.9,53.0,1101.6,66.1,2400,0.0,0.0,16184,-552,82,discharging,None,None
18:12:54.210,parallel,8.3,407.2,175.9,33.7,1101.6,63.9,2400,0.0,0.0,16157,-565,82,discharging,None,None
18:12:54.720,parallel,8.3,407.2,164.2,57.4,1101.6,65.0,2400,0.0,0.0,16159,-600,82,discharging,None,None
18:12:55.224,parallel,8.3,399.6,164.2,67.6,1102.6,63.9,2400,0.0,0.0,16139,-632,82,discharging,None,None
18:12:55.731,parallel,7.9,399.6,162.8,34.5,1102.6,66.1,2400,0.0,0.0,16183,-565,82,discharging,None,None
18:12:56.235,parallel,7.9,395.4,162.8,80.6,1102.6,67.8,2400,0.0,0.0,16150,-552,82,discharging,None,None
18:12:56.738,parallel,7.9,395.4,162.8,5.9,1102.6,62.8,2400,0.0,0.0,16171,-621,82,discharging,None,None
18:12:57.246,parallel,8.4,395.4,272.2,63.2,1102.1,66.1,2400,0.0,0.0,16177,-531,82,discharging,None,None
18:12:57.750,parallel,8.4,489.9,272.2,60.6,1102.1,63.4,2400,0.0,0.0,16132,-634,82,discharging,None,None
18:12:58.254,parallel,8.3,489.9,272.2,2.5,1102.1,61.7,2400,0.0,0.0,16182,-590,82,discharging,None,None
18:12:58.766,parallel,8.3,489.9,272.2,85.6,1102.1,67.2,2400,0.0,0.0,16150,-493,82,discharging,None,None
18:12:59.269,parallel,8.3,713.1,483.1,58.8,1102.5,63.4,2400,0.0,0.0,16132,-666,82,discharging,None,None
18:12:59.773,parallel,8.3,713.1,483.1,2.5,1102.5,62.2,2400,0.0,0.0,16181,-588,82,discharging,None,None
18:13:00.287,parallel,8.3,713.1,483.1,86.5,1102.3,67.2,2400,0.0,0.0,16152,-498,82,discharging,None,None
18:13:00.791,parallel,8.2,647.6,475.7,58.0,1102.3,63.9,2400,0.0,0.0,16139,-665,82,discharging,None,None
18:13:01.302,parallel,8.2,647.6,475.7,3.9,1102.3,62.8,2400,0.0,0.0,16182,-581,82,discharging,None,None
18:13:01.812,parallel,8.2,363.3,475.7,81.7,1102.5,65.5,2400,0.0,0.0,16145,-523,82,discharging,None,None
18:13:02.315,parallel,8.2,363.3,150.0,24.0,1102.3,62.8,2400,0.0,0.0,16151,-609,82,discharging,None,None
18:13:02.822,parallel,8.2,364.0,150.0,72.1,1101.8,66.1,2400,0.0,0.0,16174,-553,82,discharging,None,None
18:13:03.326,parallel,8.2,364.0,155.4,35.5,1101.4,64.5,2400,0.0,0.0,16171,-565,82,discharging,None,None
18:13:03.835,parallel,8.2,364.0,155.4,41.5,1101.4,67.2,2400,0.0,0.0,16173,-573,82,discharging,None,None
18:13:04.339,parallel,8.2,367.3,155.4,33.5,1101.9,62.8,2400,0.0,0.0,16133,-622,82,discharging,None,None
18:13:04.847,parallel,8.2,367.3,163.2,46.5,1102.1,63.9,2400,0.0,0.0,16176,-596,82,discharging,None,None
18:13:05.351,parallel,8.2,367.4,163.2,64.2,1101.9,63.9,2400,0.0,0.0,16137,-588,82,discharging,None,None
18:13:05.859,parallel,8.2,367.4,163.2,4.5,1101.6,63.4,2400,0.0,0.0,16176,-574,82,discharging,None,None
18:13:06.364,parallel,8.2,367.4,206.1,100.0,1102.0,67.2,2400,0.0,0.0,16145,-538,82,discharging,None,None
18:13:06.867,parallel,8.2,430.5,206.1,8.4,1101.8,62.2,2400,0.0,0.0,16163,-631,82,discharging,None,None
18:13:07.379,parallel,8.2,430.5,206.1,37.4,1101.8,65.5,2400,0.0,0.0,16182,-533,82,discharging,None,None
18:13:07.882,parallel,8.2,695.7,525.3,99.5,1101.8,67.2,2400,0.0,0.0,16138,-579,82,discharging,None,None
18:13:08.386,parallel,8.2,695.7,525.3,5.8,1101.8,62.8,2400,0.0,0.0,16165,-678,82,discharging,None,None
18:13:08.895,parallel,8.2,695.7,525.3,41.3,1102.6,66.1,2400,0.0,0.0,16183,-520,82,discharging,None,None
18:13:09.398,parallel,8.2,555.7,360.3,88.7,1102.5,63.9,2400,0.0,0.0,16137,-588,82,discharging,None,None
18:13:09.902,parallel,8.2,555.7,360.3,0.0,1102.3,62.2,1500,0.0,0.0,16171,-659,82,discharging,None,None
18:13:10.411,parallel,8.2,555.7,360.3,73.0,1102.3,66.1,2400,0.0,0.0,16188,-489,82,discharging,None,None
18:13:10.915,parallel,8.2,383.2,150.4,38.0,1102.3,62.8,2400,0.0,0.0,16163,-583,82,discharging,None,None
18:13:11.423,parallel,8.2,383.2,150.4,39.0,1102.7,66.1,2400,0.0,0.0,16170,-537,82,discharging,None,None
18:13:11.928,parallel,8.2,367.4,150.4,46.0,1103.0,64.5,2400,0.0,0.0,16173,-554,82,discharging,None,None
18:13:12.436,parallel,8.2,367.4,154.2,32.2,1103.0,62.2,2400,0.0,0.0,16176,-546,82,discharging,None,None
18:13:12.940,parallel,8.2,362.5,154.2,66.2,1102.8,62.8,2400,0.0,0.0,16142,-596,82,discharging,None,None
18:13:13.444,parallel,8.2,362.5,155.4,32.7,1102.5,63.4,2400,0.0,0.0,16166,-598,82,discharging,None,None
18:13:13.947,parallel,8.2,364.4,155.4,75.2,1102.1,65.5,2400,0.0,0.0,16141,-598,82,discharging,None,None
18:13:14.451,parallel,8.2,364.4,155.4,0.0,1102.1,61.7,2400,0.0,0.0,16182,-546,82,discharging,None,None
18:13:14.959,parallel,8.2,364.4,179.5,72.8,1102.1,66.1,2400,0.0,0.0,16187,-528,82,discharging,None,None
18:13:15.463,parallel,8.2,394.2,179.5,35.0,1101.8,61.7,1500,0.0,0.0,16175,-595,82,discharging,None,None
18:13:15.971,parallel,8.2,394.2,179.5,10.0,1101.6,61.7,1500,0.0,0.0,16193,-453,82,discharging,None,None
18:13:16.475,parallel,8.2,394.2,503.8,100.0,1101.6,65.5,2400,0.0,0.0,16141,-539,82,discharging,None,None
18:13:16.978,parallel,8.2,721.5,503.8,35.6,1101.2,62.2,2400,0.0,0.0,16173,-642,82,discharging,None,None
18:13:17.487,parallel,8.2,721.5,503.8,8.5,1101.4,62.8,2400,0.0,0.0,16183,-484,82,discharging,None,None
18:13:17.998,parallel,8.2,721.5,503.8,100.0,1101.4,65.0,2400,0.0,0.0,16139,-586,82,discharging,None,None
18:13:18.502,parallel,8.2,627.4,449.1,29.3,1101.1,62.2,2400,0.0,0.0,16173,-652,82,discharging,None,None
18:13:19.011,parallel,8.2,627.4,449.1,27.4,1101.1,65.0,2400,0.0,0.0,16185,-495,82,discharging,None,None
18:13:19.514,parallel,8.2,364.5,151.9,79.8,1101.1,64.5,2400,0.0,0.0,16159,-592,82,discharging,None,None
18:13:20.018,parallel,8.2,364.5,151.9,0.0,1100.9,61.7,2400,0.0,0.0,16182,-578,82,discharging,None,None
18:13:20.521,parallel,8.2,362.3,151.9,74.9,1100.9,62.8,2400,0.0,0.0,16137,-556,82,discharging,None,None
18:13:21.025,parallel,8.2,362.3,151.4,32.3,1100.7,62.2,2400,0.0,0.0,16146,-603,82,discharging,None,None
18:13:21.532,parallel,8.2,362.3,151.4,66.3,1100.7,65.5,2400,0.0,0.0,16169,-522,82,discharging,None,None
18:13:22.043,parallel,8.2,391.1,151.4,16.3,1100.9,61.7,2400,0.0,0.0,16175,-517,82,discharging,None,None
18:13:22.548,parallel,8.2,391.1,151.4,62.0,1100.9,65.5,2400,0.0,0.0,16181,-539,82,discharging,None,None
18:13:23.051,parallel,8.2,363.9,151.4,43.0,1101.8,61.7,2400,0.0,0.0,16164,-602,82,discharging,None,None
18:13:23.562,parallel,8.2,363.9,147.9,32.8,1101.8,63.9,2400,0.0,0.0,16187,-552,82,discharging,None,None
18:13:24.066,parallel,8.2,363.8,147.9,73.5,1101.6,63.4,2400,0.0,0.0,16134,-603,82,discharging,None,None
18:13:24.570,parallel,8.2,363.8,147.9,0.0,1101.6,62.2,2400,0.0,0.0,16185,-570,82,discharging,None,None
18:13:25.080,parallel,8.2,363.8,147.9,71.4,1101.6,65.5,2400,0.0,0.0,16152,-495,82,discharging,None,None
18:13:25.583,parallel,8.2,658.6,436.3,61.7,1101.4,62.8,2400,0.0,0.0,16132,-646,82,discharging,None,None
18:13:26.087,parallel,8.2,658.6,436.3,0.0,1101.4,61.1,2400,0.0,0.0,16183,-556,82,discharging,None,None
18:13:26.598,parallel,8.2,658.6,436.3,82.8,1101.4,65.0,2400,0.0,0.0,16154,-505,82,discharging,None,None
18:13:27.102,parallel,8.2,719.8,480.5,62.6,1101.4,62.2,2400,0.0,0.0,16133,-654,82,discharging,None,None
18:13:27.605,parallel,8.2,719.8,480.5,0.0,1101.4,61.1,2400,0.0,0.0,16183,-553,82,discharging,None,None
18:13:28.126,parallel,8.2,391.9,480.5,82.4,1101.4,65.5,2400,0.0,0.0,16144,-521,82,discharging,None,None
18:13:28.630,parallel,8.2,391.9,184.6,26.5,1101.5,61.7,2400,0.0,0.0,16173,-609,82,discharging,None,None
18:13:29.140,parallel,8.2,391.9,184.6,48.8,1101.6,65.5,2400,0.0,0.0,16184,-532,82,discharging,None,None
18:13:29.643,parallel,8.2,367.5,148.6,58.8,1102.5,63.4,2400,0.0,0.0,16174,-572,82,discharging,None,None
18:13:30.151,parallel,8.2,367.5,148.6,17.6,1103.0,63.9,2400,0.0,0.0,16180,-563,82,discharging,None,None
18:13:30.655,parallel,8.2,367.0,148.6,57.1,1103.0,62.2,2400,0.0,0.0,16136,-577,82,discharging,None,None
18:13:31.158,parallel,8.2,367.0,155.6,32.7,1102.5,62.2,2400,0.0,0.0,16145,-602,82,discharging,None,None
18:13:31.662,parallel,8.2,374.9,155.6,77.7,1102.5,63.9,2400,0.0,0.0,16150,-560,82,discharging,None,None
18:13:32.171,parallel,8.2,374.9,155.6,4.5,1102.1,62.2,2400,0.0,0.0,16179,-535,82,discharging,None,None
18:13:32.675,parallel,8.2,374.9,152.0,81.9,1102.1,67.2,2400,0.0,0.0,16171,-539,82,discharging,None,None
18:13:33.179,parallel,8.2,363.7,152.0,20.4,1102.1,61.1,2400,0.0,0.0,16173,-603,82,discharging,None,None
18:13:33.691,parallel,8.2,363.7,152.0,38.2,1102.1,63.4,2400,0.0,0.0,16186,-513,82,discharging,None,None
18:13:34.196,parallel,8.2,547.2,367.8,87.1,1101.8,63.9,2400,0.0,0.0,16135,-602,82,discharging,None,None
18:13:34.699,parallel,8.2,547.2,367.8,0.0,1101.8,61.1,2400,0.0,0.0,16176,-621,82,discharging,None,None
18:13:35.211,parallel,8.2,547.2,367.8,58.3,1101.8,65.0,2400,0.0,0.0,16179,-482,82,discharging,None,None
18:13:35.714,parallel,8.2,643.3,384.7,71.8,1101.6,62.8,2400,0.0,0.0,16135,-634,82,discharging,None,None
18:13:36.218,parallel,8.2,643.3,384.7,0.0,1101.4,61.7,2400,0.0,0.0,16183,-596,82,discharging,None,None
18:13:36.730,parallel,8.2,643.3,384.7,72.4,1101.4,65.0,2400,0.0,0.0,16165,-470,82,discharging,None,None
18:13:37.234,parallel,8.2,505.0,312.2,50.2,1101.4,62.2,2400,0.0,0.0,16135,-616,82,discharging,None,None
18:13:37.743,parallel,8.2,505.0,312.2,14.5,1101.4,63.4,2400,0.0,0.0,16184,-557,82,discharging,None,None
18:13:38.251,parallel,8.2,367.3,312.2,75.9,1101.1,65.0,2400,0.0,0.0,16139,-545,82,discharging,None,None
18:13:38.754,parallel,8.2,367.3,153.1,17.2,1101.1,60.6,2400,0.0,0.0,16179,-603,82,discharging,None,None
18:13:39.258,parallel,8.2,363.2,153.1,74.9,1102.8,64.5,2400,0.0,0.0,16151,-552,82,discharging,None,None
18:13:39.761,parallel,8.2,363.2,147.7,32.8,1102.8,63.9,2400,0.0,0.0,16174,-565,82,discharging,None,None
18:13:40.268,parallel,8.2,363.2,147.7,54.2,1102.8,65.5,2400,0.0,0.0,16178,-540,82,discharging,None,None
18:13:40.771,parallel,8.2,362.7,147.7,21.3,1102.8,61.7,2400,0.0,0.0,16164,-584,82,discharging,None,None
18:13:41.279,parallel,8.2,362.7,151.6,55.5,1102.3,65.0,2400,0.0,0.0,16157,-575,82,discharging,None,None
18:13:41.783,parallel,8.2,363.5,151.6,52.2,1102.7,61.1,1500,0.0,0.0,16134,-602,82,discharging,None,None
18:13:42.291,parallel,8.2,363.5,151.6,13.0,1102.8,61.7,1900,0.0,0.0,16189,-523,82,discharging,None,None
18:13:42.796,parallel,8.2,363.5,335.3,100.0,1102.8,67.2,2400,0.0,0.0,16148,-483,82,discharging,None,None
18:13:43.299,parallel,8.2,507.6,335.3,11.4,1102.6,61.1,2400,0.0,0.0,16171,-606,82,discharging,None,None
18:13:43.811,parallel,8.2,507.6,335.3,34.3,1102.6,62.8,2400,0.0,0.0,16186,-503,82,discharging,None,None
18:13:44.315,parallel,8.2,683.9,456.4,100.0,1102.6,65.5,2400,0.0,0.0,16139,-570,82,discharging,None,None
18:13:44.818,parallel,8.2,683.9,456.4,3.5,1102.2,61.7,2400,0.0,0.0,16173,-654,82,discharging,None,None
18:13:45.327,parallel,8.2,683.9,456.4,40.3,1102.0,65.5,2400,0.0,0.0,16187,-487,82,discharging,None,None
18:13:45.831,parallel,8.2,519.6,299.2,80.4,1101.9,63.4,2400,0.0,0.0,16137,-586,82,discharging,None,None
18:13:46.334,parallel,8.2,519.6,299.2,1.5,1102.4,61.1,2400,0.0,0.0,16176,-630,82,discharging,None,None
18:13:46.842,parallel,16.3,397.8,299.2,79.6,1103.3,65.5,2400,0.0,0.0,16167,-523,82,discharging,None,None
18:13:47.346,parallel,16.3,397.8,162.5,39.1,1103.0,62.8,2400,0.0,0.0,16145,-638,82,discharging,None,None
18:13:47.856,parallel,16.3,397.8,162.5,44.1,1103.0,64.5,2400,0.0,0.0,16183,-567,82,discharging,None,None
18:13:48.360,parallel,8.3,404.6,162.5,57.6,1103.0,65.0,2400,0.0,0.0,16133,-564,82,discharging,None,None
18:13:48.864,parallel,8.3,404.6,168.5,26.9,1103.2,62.8,2400,0.0,0.0,16158,-630,82,discharging,None,None
18:13:49.368,parallel,8.3,411.4,168.5,79.6,1103.2,62.8,2400,0.0,0.0,16145,-580,82,discharging,None,None
18:13:49.871,parallel,8.3,411.4,169.9,36.5,1103.5,63.9,2400,0.0,0.0,16171,-563,82,discharging,None,None
18:13:50.379,parallel,8.4,411.4,169.9,65.0,1103.7,66.1,2400,0.0,0.0,16173,-550,82,discharging,None,None
18:13:50.882,parallel,8.4,395.1,169.9,21.0,1102.5,61.1,2400,0.0,0.0,16154,-622,82,discharging,None,None
18:13:51.391,parallel,8.4,395.1,159.2,62.9,1102.9,65.5,2400,0.0,0.0,16179,-579,82,discharging,None,None
18:13:51.895,parallel,8.3,543.3,159.2,83.3,1102.1,63.9,2400,0.0,0.0,16140,-610,82,discharging,None,None
18:13:52.402,parallel,8.3,543.3,159.2,6.9,1102.1,62.8,2400,0.0,0.0,16173,-614,82,discharging,None,None
18:13:52.913,parallel,7.6,543.3,163.8,91.7,1102.1,65.0,2400,0.0,0.0,16144,-542,82,discharging,None,None
18:13:53.416,parallel,7.6,399.7,163.8,20.9,1101.6,62.2,2400,0.0,0.0,16142,-622,82,discharging,None,None
18:13:53.927,parallel,7.6,399.7,163.8,36.5,1101.4,64.5,2400,0.0,0.0,16182,-543,82,discharging,None,None
18:13:54.431,parallel,8.3,614.1,422.9,99.0,1101.4,66.7,2400,0.0,0.0,16143,-556,82,discharging,None,None
18:13:54.935,parallel,8.3,614.1,422.9,2.5,1101.4,61.1,2400,0.0,0.0,16170,-653,82,discharging,None,None
18:13:55.447,parallel,8.4,614.1,422.9,47.1,1101.4,65.0,2400,0.0,0.0,16182,-509,82,discharging,None,None
18:13:55.950,parallel,8.4,729.2,496.3,99.0,1101.6,66.1,2400,0.0,0.0,16139,-574,82,discharging,None,None
18:13:56.454,parallel,8.3,729.2,496.3,4.0,1101.1,61.7,2400,0.0,0.0,16164,-673,82,discharging,None,None
18:13:56.959,parallel,8.3,729.2,496.3,42.3,1101.1,65.5,2400,0.0,0.0,16184,-511,82,discharging,None,None
18:13:57.463,parallel,8.3,559.6,323.1,88.6,1101.1,65.0,2400,0.0,0.0,16136,-570,82,discharging,None,None
18:13:57.966,parallel,8.3,559.6,323.1,3.0,1100.9,61.1,1600,0.0,0.0,16170,-644,82,discharging,None,None
18:13:58.475,parallel,8.3,559.6,323.1,73.5,1100.9,67.2,2400,0.0,0.0,16190,-491,82,discharging,None,None
18:13:58.978,parallel,8.3,403.0,160.9,46.1,1100.7,62.8,2400,0.0,0.0,16155,-574,82,discharging,None,None
18:13:59.486,parallel,8.3,403.0,160.9,36.3,1100.7,66.1,2400,0.0,0.0,16178,-594,82,discharging,None,None
18:13:59.991,parallel,8.3,390.9,160.9,54.7,1101.1,63.4,2400,0.0,0.0,16141,-580,82,discharging,None,None
18:14:00.494,parallel,8.2,390.9,168.2,29.2,1101.1,62.2,2400,0.0,0.0,16145,-618,82,discharging,None,None
18:14:00.998,parallel,8.2,394.2,168.2,82.1,1101.1,64.5,2400,0.0,0.0,16158,-551,82,discharging,None,None
18:14:01.502,parallel,8.4,394.2,159.2,35.8,1101.1,64.5,2400,0.0,0.0,16172,-561,82,discharging,None,None
18:14:02.010,parallel,8.4,394.2,159.2,63.2,1101.4,66.1,2400,0.0,0.0,16174,-552,82,discharging,None,None
18:14:02.514,parallel,8.3,395.7,159.2,21.7,1100.9,61.7,2400,0.0,0.0,16134,-619,82,discharging,None,None
18:14:03.023,parallel,8.3,395.7,159.1,61.4,1100.9,66.7,2400,0.0,0.0,16181,-567,82,discharging,None,None
18:14:03.526,parallel,8.3,400.6,159.1,57.6,1100.9,62.8,2400,0.0,0.0,16134,-595,82,discharging,None,None
18:14:04.030,parallel,8.3,400.6,159.1,10.9,1100.7,61.7,2400,0.0,0.0,16174,-617,82,discharging,None,None
18:14:04.539,parallel,8.3,400.6,423.7,98.0,1100.7,66.7,2400,0.0,0.0,16140,-577,82,discharging,None,None
18:14:05.042,parallel,7.9,600.8,423.7,36.9,1100.7,63.4,2400,0.0,0.0,16171,-653,82,discharging,None,None
18:14:05.552,parallel,7.9,600.8,423.7,11.9,1100.7,62.8,2400,0.0,0.0,16183,-498,82,discharging,None,None
18:14:06.060,parallel,7.9,600.8,423.7,100.0,1100.7,66.1,2400,0.0,0.0,16137,-585,82,discharging,None,None
18:14:06.564,parallel,8.2,694.5,419.6,30.3,1100.7,62.2,2400,0.0,0.0,16170,-660,82,discharging,None,None
18:14:07.072,parallel,8.2,694.5,419.6,17.2,1100.7,63.9,2400,0.0,0.0,16183,-488,82,discharging,None,None
18:14:07.583,parallel,8.4,694.5,419.6,100.0,1100.7,68.8,2400,0.0,0.0,16138,-593,82,discharging,None,None
18:14:08.086,parallel,8.4,638.4,402.8,25.9,1100.7,63.4,2400,0.0,0.0,16171,-659,82,discharging,None,None
18:14:08.595,parallel,8.3,638.4,402.8,33.3,1100.7,65.0,2400,0.0,0.0,16183,-504,82,discharging,None,None
18:14:09.099,parallel,8.3,401.1,162.2,85.7,1100.7,64.5,2400,0.0,0.0,16148,-603,82,discharging,None,None
18:14:09.602,parallel,8.3,401.1,162.2,3.0,1100.7,62.2,2400,0.0,0.0,16178,-598,82,discharging,None,None
18:14:10.106,parallel,8.4,406.0,162.2,82.6,1100.7,64.5,2400,0.0,0.0,16141,-573,82,discharging,None,None
18:14:10.609,parallel,8.4,406.0,172.0,38.3,1100.7,62.2,2400,0.0,0.0,16141,-627,82,discharging,None,None
18:14:11.116,parallel,8.3,406.0,172.0,55.9,1100.7,65.5,2400,0.0,0.0,16165,-547,82,discharging,None,None
18:14:11.620,parallel,8.3,406.9,172.0,33.2,1100.7,62.8,2400,0.0,0.0,16172,-565,82,discharging,None,None
18:14:12.131,parallel,8.3,406.9,159.2,51.5,1100.9,65.0,2400,0.0,0.0,16180,-562,82,discharging,None,None
18:14:12.635,parallel,8.3,408.0,159.2,67.7,1101.3,63.4,2400,0.0,0.0,16133,-624,82,discharging,None,None
18:14:13.143,parallel,8.3,408.0,157.6,31.7,1101.4,65.5,2400,0.0,0.0,16181,-582,82,discharging,None,None
18:14:13.648,parallel,8.3,408.0,157.6,81.2,1101.4,66.1,2400,0.0,0.0,16148,-554,82,discharging,None,None
18:14:14.151,parallel,8.3,419.4,157.6,10.4,1101.1,61.7,2400,0.0,0.0,16172,-592,82,discharging,None,None
18:14:14.659,parallel,8.4,419.4,222.3,63.0,1101.1,66.1,2400,0.0,0.0,16158,-537,82,discharging,None,None
18:14:15.163,parallel,8.4,446.7,222.3,57.8,1100.9,63.4,2400,0.0,0.0,16134,-626,82,discharging,None,None
18:14:15.666,parallel,8.3,446.7,222.3,1.5,1100.9,62.2,2400,0.0,0.0,16180,-558,82,discharging,None,None
18:14:16.179,parallel,8.3,446.7,222.3,73.0,1100.9,66.7,2400,0.0,0.0,16160,-489,82,discharging,None,None
18:14:16.682,parallel,8.3,688.3,502.0,75.2,1100.9,63.4,2400,0.0,0.0,16134,-667,82,discharging,None,None
18:14:17.186,parallel,7.9,688.3,502.0,2.0,1100.9,62.2,2400,0.0,0.0,16181,-594,82,discharging,None,None
18:14:17.699,parallel,7.9,688.3,502.0,70.0,1100.9,66.1,2400,0.0,0.0,16157,-493,82,discharging,None,None
18:14:18.203,parallel,8.3,677.3,439.0,68.3,1101.6,62.8,2400,0.0,0.0,16133,-656,82,discharging,None,None
18:14:18.706,parallel,8.3,677.3,439.0,2.0,1101.6,62.2,2400,0.0,0.0,16182,-578,82,discharging,None,None
18:14:19.222,parallel,8.3,677.3,439.0,78.4,1101.6,67.2,2400,0.0,0.0,16149,-505,82,discharging,None,None
18:14:19.726,parallel,8.3,443.7,224.6,44.6,1101.6,62.8,2400,0.0,0.0,16140,-634,82,discharging,None,None
18:14:20.235,parallel,8.3,443.7,224.6,34.0,1101.4,65.5,2400,0.0,0.0,16183,-547,82,discharging,None,None
18:14:20.739,parallel,8.4,399.1,224.6,72.1,1101.4,66.1,2400,0.0,0.0,16134,-562,82,discharging,None,None
18:14:21.243,parallel,8.4,399.1,170.3,14.4,1101.4,61.7,2400,0.0,0.0,16175,-619,82,discharging,None,None
18:14:21.746,parallel,8.3,395.3,170.3,82.7,1101.8,64.5,2400,0.0,0.0,16141,-595,82,discharging,None,None
18:14:22.250,parallel,8.3,395.3,163.1,36.3,1101.8,62.8,2400,0.0,0.0,16175,-598,82,discharging,None,None
18:14:22.759,parallel,8.3,395.3,163.1,58.3,1101.8,66.1,2400,0.0,0.0,16173,-546,82,discharging,None,None
18:14:23.262,parallel,8.3,407.3,163.1,26.1,1101.6,62.2,2400,0.0,0.0,16165,-589,82,discharging,None,None
18:14:23.768,parallel,8.3,407.3,172.0,57.8,1101.6,65.5,2400,0.0,0.0,16156,-571,82,discharging,None,None
18:14:24.272,parallel,8.3,399.4,172.0,63.4,1101.3,62.8,2400,0.0,0.0,16133,-613,82,discharging,None,None
18:14:24.780,parallel,8.3,399.4,172.0,11.9,1101.3,63.9,2400,0.0,0.0,16180,-563,82,discharging,None,None
18:14:25.284,parallel,8.3,399.4,219.5,100.0,1101.3,66.7,2400,0.0,0.0,16147,-547,82,discharging,None,None
18:14:25.788,parallel,8.3,445.5,219.5,11.0,1101.3,62.2,2400,0.0,0.0,16171,-630,82,discharging,None,None
18:14:26.306,parallel,8.3,445.5,219.5,36.3,1101.3,65.5,2400,0.0,0.0,16184,-498,82,discharging,None,None
18:14:26.810,parallel,8.2,689.8,465.1,100.0,1101.3,66.1,2400,0.0,0.0,16135,-588,82,discharging,None,None
18:14:27.314,parallel,8.2,689.8,465.1,4.5,1101.3,62.8,2400,0.0,0.0,16169,-658,82,discharging,None,None
18:14:28.187,parallel,8.4,585.3,465.1,66.4,1101.3,65.0,2400,0.0,0.0,16140,-585,82,discharging,None,None
18:14:28.690,parallel,8.4,585.3,194.1,39.9,1100.8,62.2,2400,0.0,0.0,16170,-660,82,discharging,None,None
18:14:29.199,parallel,8.4,585.3,194.1,40.7,1105.9,67.2,2400,0.0,0.0,16175,-542,82,discharging,None,None
18:14:29.703,parallel,6.7,407.6,194.1,68.8,1105.9,66.1,2400,0.0,0.0,16165,-585,82,discharging,None,None
18:14:30.210,parallel,6.7,407.6,175.2,15.8,1107.1,61.7,2400,0.0,0.0,16174,-581,82,discharging,None,None
18:14:30.713,parallel,8.3,402.1,175.2,81.1,1107.1,63.9,2400,0.0,0.0,16135,-604,82,discharging,None,None
18:14:31.217,parallel,8.3,402.1,158.6,35.7,1106.8,62.8,2400,0.0,0.0,16155,-620,82,discharging,None,None
18:14:31.724,parallel,8.3,402.1,158.6,64.0,1106.8,67.2,2400,0.0,0.0,16148,-562,82,discharging,None,None
18:14:32.227,parallel,8.3,403.3,158.6,20.1,1106.1,61.7,2400,0.0,0.0,16170,-563,82,discharging,None,None
18:14:32.735,parallel,8.3,403.3,159.8,60.0,1106.1,65.5,2400,0.0,0.0,16159,-549,82,discharging,None,None
18:14:33.239,parallel,8.3,399.3,159.8,58.3,1105.0,63.4,2400,0.0,0.0,16143,-620,82,discharging,None,None
18:14:33.747,parallel,8.3,399.3,159.8,15.1,1105.0,63.4,2400,0.0,0.0,16183,-539,82,discharging,None,None
18:14:34.251,parallel,8.3,399.3,246.8,100.0,1106.6,67.2,2400,0.0,0.0,16139,-572,82,discharging,None,None
18:14:34.755,parallel,8.3,465.6,246.8,10.0,1107.1,62.2,2400,0.0,0.0,16170,-624,82,discharging,None,None
18:14:35.276,parallel,8.2,465.6,246.8,38.2,1107.0,65.0,2400,0.0,0.0,16184,-488,82,discharging,None,None
18:14:35.779,parallel,8.2,689.9,436.3,99.5,1107.0,66.7,2400,0.0,0.0,16134,-618,82,discharging,None,None
18:14:36.283,parallel,8.2,689.9,436.3,2.0,1106.7,61.1,2400,0.0,0.0,16174,-625,82,discharging,None,None
18:14:36.795,parallel,8.5,689.9,436.3,44.6,1106.7,66.1,2400,0.0,0.0,16180,-485,82,discharging,None,None
18:14:37.307,parallel,8.5,689.9,520.7,100.0,1107.1,67.2,2400,0.0,0.0,16136,-625,82,discharging,None,None
18:14:37.810,parallel,8.3,769.5,520.7,12.3,1106.9,62.8,2400,0.0,0.0,16170,-644,82,discharging,None,None
18:14:38.319,parallel,8.3,769.5,520.7,36.3,1107.0,65.5,2400,0.0,0.0,16183,-486,82,discharging,None,None
18:14:38.823,parallel,8.3,504.4,277.1,90.6,1106.5,64.5,2400,0.0,0.0,16135,-609,82,discharging,None,None
18:14:39.326,parallel,8.3,504.4,277.1,2.5,1106.5,62.2,2400,0.0,0.0,16175,-618,82,discharging,None,None
18:14:39.835,parallel,8.3,504.4,277.1,77.5,1106.5,66.7,2400,0.0,0.0,16148,-530,82,discharging,None,None
18:14:40.339,parallel,8.3,407.2,335.6,54.4,1105.8,63.4,2400,0.0,0.0,16136,-633,82,discharging,None,None
18:14:40.847,parallel,8.3,407.2,335.6,38.5,1105.8,65.0,2400,0.0,0.0,16180,-565,82,discharging,None,None
18:14:41.350,parallel,8.3,405.8,335.6,46.6,1105.5,62.8,2400,0.0,0.0,16144,-569,82,discharging,None,None
18:14:41.855,parallel,7.6,405.8,174.0,38.3,1105.5,62.8,2400,0.0,0.0,16154,-608,82,discharging,None,None
18:14:42.358,parallel,7.6,408.8,174.0,82.6,1105.5,63.4,2400,0.0,0.0,16141,-608,82,discharging,None,None
18:14:42.862,parallel,8.3,408.8,174.0,2.5,1104.5,62.2,2400,0.0,0.0,16176,-564,82,discharging,None,None
18:14:43.371,parallel,8.3,408.8,162.2,93.0,1105.2,66.1,2400,0.0,0.0,16153,-543,82,discharging,None,None
18:14:43.874,parallel,8.3,402.9,162.2,25.1,1105.0,62.2,1600,0.0,0.0,16169,-622,82,discharging,None,None
18:14:44.387,parallel,8.3,402.9,162.2,31.7,1105.0,63.4,2400,0.0,0.0,16189,-491,82,discharging,None,None
18:14:44.890,parallel,8.3,402.9,475.4,100.0,1105.0,66.7,2400,0.0,0.0,16139,-548,82,discharging,None,None
18:14:45.394,parallel,8.3,653.2,475.4,13.4,1106.9,62.2,2400,0.0,0.0,16170,-644,82,discharging,None,None
18:14:45.903,parallel,8.3,653.2,475.4,35.0,1106.9,65.5,2400,0.0,0.0,16183,-492,82,discharging,None,None
18:14:46.408,parallel,8.2,653.2,447.8,100.0,1106.9,67.2,2400,0.0,0.0,16134,-593,82,discharging,None,None
18:14:46.911,parallel,8.2,734.0,447.8,15.9,1105.2,61.7,2400,0.0,0.0,16170,-670,82,discharging,None,None
18:14:47.419,parallel,8.3,734.0,447.8,31.2,1105.2,63.9,2400,0.0,0.0,16182,-493,82,discharging,None,None
18:14:47.924,parallel,8.3,567.2,447.8,100.0,1105.2,66.7,2400,0.0,0.0,16137,-587,82,discharging,None,None
18:14:48.427,parallel,8.3,567.2,372.8,6.9,1105.0,61.7,2400,0.0,0.0,16171,-651,82,discharging,None,None
18:14:48.935,parallel,8.4,567.2,372.8,60.7,1105.0,66.1,2400,0.0,0.0,16179,-519,82,discharging,None,None
18:14:49.438,parallel,8.4,395.7,160.3,57.8,1103.8,63.4,2400,0.0,0.0,16160,-606,82,discharging,None,None
18:14:49.947,parallel,8.3,395.7,160.3,24.4,1103.7,65.0,2400,0.0,0.0,16179,-578,82,discharging,None,None
18:14:50.451,parallel,8.3,399.3,160.3,59.6,1103.7,63.4,2400,0.0,0.0,16136,-576,82,discharging,None,None
18:14:50.954,parallel,8.3,399.3,178.0,38.3,1103.9,62.8,2400,0.0,0.0,16140,-626,82,discharging,None,None
18:14:51.458,parallel,8.3,411.4,178.0,85.1,1103.9,66.1,2400,0.0,0.0,16144,-566,82,discharging,None,None
18:14:51.969,parallel,8.3,411.4,178.0,21.3,1102.8,65.0,2400,0.0,0.0,16170,-566,82,discharging,None,None
18:14:52.473,parallel,8.3,411.4,164.5,45.3,1102.8,64.5,2400,0.0,0.0,16178,-544,82,discharging,None,None
18:14:52.978,parallel,8.3,404.2,164.5,64.9,1102.2,63.4,2400,0.0,0.0,16137,-632,82,discharging,None,None
18:14:53.481,parallel,7.9,404.2,162.8,36.6,1102.2,62.8,2400,0.0,0.0,16180,-586,82,discharging,None,None
18:14:53.985,parallel,7.9,406.8,162.8,79.6,1102.2,66.7,2400,0.0,0.0,16153,-550,82,discharging,None,None
18:14:54.488,parallel,7.9,406.8,162.8,5.0,1102.2,61.1,1900,0.0,0.0,16170,-607,82,discharging,None,None
18:14:54.996,parallel,8.3,406.8,179.9,78.5,1102.2,65.5,2400,0.0,0.0,16174,-533,82,discharging,None,None
18:14:55.500,parallel,8.3,399.2,179.9,42.8,1101.5,62.2,2400,0.0,0.0,16133,-602,82,discharging,None,None
18:14:56.021,parallel,8.4,399.2,179.9,8.3,1101.5,63.4,2400,0.0,0.0,16181,-561,82,discharging,None,None
18:14:56.525,parallel,8.4,399.2,179.9,100.0,1103.1,67.2,2400,0.0,0.0,16148,-517,82,discharging,None,None
18:14:57.029,parallel,8.4,815.4,722.5,59.7,1103.4,63.4,2400,0.0,0.0,16131,-698,82,discharging,None,None
18:14:57.532,parallel,8.3,815.4,722.5,2.5,1103.4,62.2,2400,0.0,0.0,16178,-608,81,discharging,None,None
18:14:58.039,parallel,8.3,815.4,722.5,86.6,1105.2,66.1,2400,0.0,0.0,16157,-504,81,discharging,None,None
18:14:58.543,parallel,8.3,582.5,392.5,54.7,1105.0,64.5,2400,0.0,0.0,16135,-660,81,discharging,None,None
18:14:59.051,parallel,8.3,582.5,392.5,13.0,1104.8,64.5,2400,0.0,0.0,16179,-584,81,discharging,None,None
18:14:59.555,parallel,8.4,403.4,392.5,82.7,1104.8,66.1,2400,0.0,0.0,16141,-537,81,discharging,None,None
18:15:00.059,parallel,8.4,403.4,162.0,25.7,1104.5,62.2,2400,0.0,0.0,16149,-625,81,discharging,None,None
18:15:00.567,parallel,8.4,403.4,162.0,74.0,1104.5,66.7,2400,0.0,0.0,16172,-547,81,discharging,None,None
18:15:01.070,parallel,8.3,403.3,158.3,44.8,1104.3,64.5,2400,0.0,0.0,16166,-563,81,discharging,None,None
18:15:01.579,parallel,8.3,403.3,158.3,37.1,1104.3,65.5,2400,0.0,0.0,16176,-577,81,discharging,None,None
18:15:02.083,parallel,8.3,398.6,158.3,47.1,1104.2,63.4,2400,0.0,0.0,16136,-622,81,discharging,None,None
18:15:02.587,parallel,8.3,398.6,168.2,37.0,1104.2,62.8,2400,0.0,0.0,16176,-607,81,discharging,None,None
18:15:03.090,parallel,8.3,395.8,168.2,82.1,1103.2,63.4,2400,0.0,0.0,16142,-566,81,discharging,None,None
18:15:03.599,parallel,8.3,395.8,168.2,4.0,1103.2,62.2,2400,0.0,0.0,16171,-580,81,discharging,None,None
18:15:04.103,parallel,8.3,395.8,164.0,93.1,1102.8,67.2,2400,0.0,0.0,16144,-549,81,discharging,None,None
18:15:04.607,parallel,8.3,398.8,164.0,31.3,1102.8,62.8,2400,0.0,0.0,16142,-629,81,discharging,None,None
18:15:05.115,parallel,8.3,398.8,164.0,34.3,1102.7,65.0,2400,0.0,0.0,16180,-552,81,discharging,None,None
18:15:05.619,parallel,7.9,398.8,475.6,100.0,1102.7,68.3,2400,0.0,0.0,16146,-531,81,discharging,None,None
18:15:06.123,parallel,7.9,664.3,475.6,12.6,1102.5,62.2,2400,0.0,0.0,16154,-644,81,discharging,None,None
18:15:06.633,parallel,7.9,664.3,475.6,34.7,1102.5,65.5,2400,0.0,0.0,16180,-528,81,discharging,None,None
18:15:07.137,parallel,8.3,664.3,451.3,100.0,1102.5,66.7,2400,0.0,0.0,16143,-554,81,discharging,None,None
18:15:07.641,parallel,8.3,734.2,451.3,16.4,1102.3,62.8,2400,0.0,0.0,16150,-670,81,discharging,None,None
18:15:08.148,parallel,8.4,734.2,451.3,32.5,1102.2,66.7,2400,0.0,0.0,16181,-530,81,discharging,None,None
18:15:08.652,parallel,8.4,636.4,451.3,100.0,1102.2,67.2,2400,0.0,0.0,16140,-548,81,discharging,None,None
18:15:09.155,parallel,8.3,636.4,419.5,14.9,1102.2,62.8,2400,0.0,0.0,16148,-664,81,discharging,None,None
18:15:09.663,parallel,8.3,636.4,419.5,46.0,1102.2,66.7,2400,0.0,0.0,16181,-529,81,discharging,None,None
18:15:10.167,parallel,8.3,399.4,165.6,72.3,1101.6,63.9,2400,0.0,0.0,16133,-562,81,discharging,None,None
18:15:10.676,parallel,8.3,399.4,165.6,10.0,1101.6,63.4,2400,0.0,0.0,16171,-622,81,discharging,None,None
18:15:11.179,parallel,8.3,399.2,165.6,74.1,1101.6,64.5,2400,0.0,0.0,16145,-569,81,discharging,None,None
18:15:11.683,parallel,8.3,399.2,167.5,37.3,1101.6,63.4,2400,0.0,0.0,16163,-608,81,discharging,None,None
18:15:12.191,parallel,8.3,399.2,167.5,71.3,1101.6,67.8,2400,0.0,0.0,16177,-549,81,discharging,None,None
18:15:12.695,parallel,8.3,395.6,167.5,24.5,1101.6,65.5,2400,0.0,0.0,16152,-575,81,discharging,None,None
18:15:13.199,parallel,8.3,395.6,163.5,58.5,1101.5,66.7,2400,0.0,0.0,16142,-599,81,discharging,None,None
18:15:13.703,parallel,8.3,395.4,163.5,48.8,1101.5,63.4,2400,0.0,0.0,16137,-615,81,discharging,None,None
18:15:14.207,parallel,8.3,395.4,159.2,36.0,1101.3,63.9,2400,0.0,0.0,16179,-561,81,discharging,None,None
18:15:14.710,parallel,8.3,394.2,159.2,81.7,1101.3,64.5,2400,0.0,0.0,16157,-548,81,discharging,None,None
18:15:15.214,parallel,8.3,394.2,159.2,3.0,1100.9,61.1,1900,0.0,0.0,16170,-622,81,discharging,None,None
18:15:15.727,parallel,8.3,394.2,159.2,72.5,1100.9,65.5,2400,0.0,0.0,16186,-493,81,discharging,None,None
18:15:16.231,parallel,8.3,625.6,431.5,68.5,1100.6,63.4,2400,0.0,0.0,16137,-583,81,discharging,None,None
18:15:16.734,parallel,8.3,625.6,431.5,10.0,1100.6,62.2,2400,0.0,0.0,16170,-641,81,discharging,None,None
18:15:17.246,parallel,8.3,625.6,431.5,77.8,1100.6,66.1,2400,0.0,0.0,16181,-500,81,discharging,None,None
18:15:17.750,parallel,7.9,708.8,435.1,66.5,1100.6,63.9,2400,0.0,0.0,16133,-621,81,discharging,None,None
18:15:18.253,parallel,7.9,708.8,435.1,1.5,1100.6,61.7,2400,0.0,0.0,16169,-639,81,discharging,None,None
18:15:18.766,parallel,7.9,708.8,435.1,79.8,1100.6,67.2,2400,0.0,0.0,16182,-489,81,discharging,None,None
18:15:19.270,parallel,8.2,608.6,406.7,58.4,1100.6,63.4,2400,0.0,0.0,16132,-621,81,discharging,None,None
18:15:19.780,parallel,8.2,608.6,406.7,3.0,1100.6,62.8,2400,0.0,0.0,16173,-537,81,discharging,None,None
18:15:20.288,parallel,8.4,402.5,406.7,88.2,1100.6,65.5,2400,0.0,0.0,16134,-564,81,discharging,None,None
18:15:20.792,parallel,8.4,402.5,180.9,29.9,1100.6,62.8,2400,0.0,0.0,16169,-636,81,discharging,None,None
18:15:21.300,parallel,8.3,402.5,180.9,64.9,1100.6,67.2,2400,0.0,0.0,16147,-580,81,discharging,None,None
18:15:21.803,parallel,8.3,401.6,159.4,53.2,1101.1,65.5,2400,0.0,0.0,16166,-614,81,discharging,None,None
18:15:22.311,parallel,8.3,401.6,159.4,26.8,1101.1,65.5,2400,0.0,0.0,16173,-568,81,discharging,None,None
18:15:22.815,parallel,8.3,400.2,159.4,56.4,1101.1,63.4,2400,0.0,0.0,16138,-597,81,discharging,None,None
18:15:23.319,parallel,8.3,400.2,169.2,37.2,1101.1,62.8,2400,0.0,0.0,16141,-610,81,discharging,None,None
18:15:23.822,parallel,8.3,397.5,169.2,81.1,1100.8,65.0,2400,0.0,0.0,16137,-606,81,discharging,None,None
18:15:24.326,parallel,8.3,397.5,169.2,1.5,1100.8,62.8,2400,0.0,0.0,16175,-564,81,discharging,None,None
18:15:24.835,parallel,8.3,397.5,161.8,85.0,1101.1,66.7,2400,0.0,0.0,16159,-545,81,discharging,None,None
18:15:25.338,parallel,8.3,400.7,161.8,32.7,1101.5,62.8,2400,0.0,0.0,16170,-621,81,discharging,None,None
18:15:25.852,parallel,8.3,400.7,161.8,28.9,1101.5,63.9,2400,0.0,0.0,16185,-506,81,discharging,None,None
18:15:26.356,parallel,8.3,400.7,423.0,100.0,1103.1,67.2,2400,0.0,0.0,16138,-570,81,discharging,None,None
18:15:26.859,parallel,8.3,629.1,423.0,15.0,1103.2,62.8,2400,0.0,0.0,16169,-640,81,discharging,None,None
18:15:27.375,parallel,8.4,629.1,423.0,32.3,1103.2,65.0,2400,0.0,0.0,16182,-491,81,discharging,None,None
18:15:27.879,parallel,8.4,629.1,503.4,100.0,1103.2,66.7,2400,0.0,0.0,16134,-600,81,discharging,None,None
18:15:28.382,parallel,8.4,730.2,503.4,16.4,1102.9,62.8,2400,0.0,0.0,16168,-658,81,discharging,None,None
18:15:28.891,parallel,8.4,730.2,503.4,39.0,1102.9,65.0,2400,0.0,0.0,16177,-500,81,discharging,None,None
18:15:29.395,parallel,8.4,576.2,503.4,100.0,1102.9,67.2,2400,0.0,0.0,16133,-611,81,discharging,None,None
18:15:29.899,parallel,7.9,576.2,363.1,7.0,1102.9,62.8,2400,0.0,0.0,16170,-647,81,discharging,None,None
18:15:30.411,parallel,7.9,576.2,363.1,58.4,1102.9,66.7,2400,0.0,0.0,16169,-517,81,discharging,None,None
18:15:30.914,parallel,8.3,398.5,179.0,61.5,1106.5,63.9,2400,0.0,0.0,16157,-620,81,discharging,None,None
18:15:31.423,parallel,8.3,398.5,179.0,21.9,1106.5,65.0,2400,0.0,0.0,16179,-576,81,discharging,None,None
18:15:31.926,parallel,8.3,399.5,179.0,61.9,1106.2,63.4,2400,0.0,0.0,16133,-571,81,discharging,None,None
18:15:32.430,parallel,8.3,399.5,159.8,36.3,1106.2,62.2,2400,0.0,0.0,16144,-623,81,discharging,None,None
18:15:32.933,parallel,8.3,396.7,159.8,83.0,1105.8,66.7,2400,0.0,0.0,16145,-570,81,discharging,None,None
18:15:33.440,parallel,8.4,396.7,159.8,20.4,1105.8,64.5,2400,0.0,0.0,16171,-564,81,discharging,None,None
18:15:33.944,parallel,8.4,396.7,159.5,62.5,1105.4,66.7,2400,0.0,0.0,16177,-551,81,discharging,None,None
18:15:34.448,parallel,8.4,397.9,159.5,37.3,1104.8,62.8,2400,0.0,0.0,16146,-624,81,discharging,None,None
18:15:34.956,parallel,8.3,397.9,171.2,44.8,1104.0,64.5,2400,0.0,0.0,16181,-571,81,discharging,None,None
18:15:35.460,parallel,8.3,401.9,171.2,75.1,1104.0,63.9,2400,0.0,0.0,16131,-616,81,discharging,None,None
18:15:35.964,parallel,8.3,401.9,171.2,1.5,1104.0,62.2,1900,0.0,0.0,16175,-596,81,discharging,None,None
18:15:36.475,parallel,8.3,401.9,171.2,78.8,1103.7,66.7,2400,0.0,0.0,16160,-484,81,discharging,None,None
18:15:36.978,parallel,8.3,632.6,439.0,58.4,1103.7,63.4,2400,0.0,0.0,16127,-641,81,discharging,None,None
18:15:37.482,parallel,8.3,632.6,439.0,1.5,1103.4,62.2,2400,0.0,0.0,16178,-581,81,discharging,None,None
18:15:37.995,parallel,8.3,632.6,439.0,87.8,1103.4,66.1,2400,0.0,0.0,16145,-506,81,discharging,None,None
18:15:38.499,parallel,8.3,719.6,491.8,57.6,1103.0,63.4,2400,0.0,0.0,16129,-668,81,discharging,None,None
18:15:39.002,parallel,8.3,719.6,491.8,2.0,1103.0,62.2,2400,0.0,0.0,16177,-578,81,discharging,None,None
18:15:39.513,parallel,8.3,719.6,491.8,87.7,1102.8,66.1,2400,0.0,0.0,16145,-506,81,discharging,None,None
18:15:40.016,parallel,8.3,479.6,260.3,36.1,1102.8,62.8,2400,0.0,0.0,16138,-637,81,discharging,None,None
18:15:40.915,parallel,8.3,479.6,260.3,63.7,1103.2,66.1,2400,0.0,0.0,16145,-594,81,discharging,None,None
18:15:41.418,parallel,8.3,583.7,173.6,40.1,1102.8,62.8,2400,0.0,0.0,16162,-684,81,discharging,None,None
18:15:41.927,parallel,8.3,583.7,173.6,38.2,1103.0,65.5,2400,0.0,0.0,16179,-556,81,discharging,None,None
18:15:42.431,parallel,6.7,410.9,173.6,74.0,1102.9,68.3,2400,0.0,0.0,16152,-599,81,discharging,None,None
18:15:42.935,parallel,6.7,410.9,160.0,9.9,1102.7,63.9,2400,0.0,0.0,16169,-609,81,discharging,None,None
18:15:43.439,parallel,8.3,403.4,160.0,83.2,1102.5,63.9,2400,0.0,0.0,16134,-621,81,discharging,None,None
18:15:43.942,parallel,8.3,403.4,171.6,38.0,1102.0,63.4,2400,0.0,0.0,16152,-643,81,discharging,None,None
18:15:44.451,parallel,8.3,403.4,171.6,58.0,1102.0,66.1,2400,0.0,0.0,16157,-568,81,discharging,None,None
18:15:44.954,parallel,8.3,414.9,171.6,27.1,1102.0,62.8,2400,0.0,0.0,16166,-582,81,discharging,None,None
18:15:45.463,parallel,8.3,414.9,162.8,53.5,1102.0,65.0,2400,0.0,0.0,16152,-571,81,discharging,None,None
18:15:45.966,parallel,8.3,403.0,162.8,64.9,1101.8,63.4,2400,0.0,0.0,16126,-642,81,discharging,None,None
18:15:46.475,parallel,8.3,403.0,162.8,17.6,1101.8,62.8,1800,0.0,0.0,16177,-575,81,discharging,None,None
18:15:46.980,parallel,8.3,403.0,212.4,100.0,1101.8,67.2,2400,0.0,0.0,16138,-560,81,discharging,None,None
18:15:47.484,parallel,8.3,428.1,212.4,9.9,1102.7,61.7,2400,0.0,0.0,16165,-627,81,discharging,None,None
18:15:47.999,parallel,8.3,428.1,212.4,40.2,1103.7,63.4,2400,0.0,0.0,16176,-521,81,discharging,None,None
18:15:48.503,parallel,8.3,428.1,654.6,100.0,1103.7,67.2,2400,0.0,0.0,16134,-631,81,discharging,None,None
18:15:49.006,parallel,8.3,794.8,654.6,23.3,1103.7,62.2,2400,0.0,0.0,16166,-680,81,discharging,None,None
18:15:49.515,parallel,8.3,794.8,654.6,25.0,1109.2,65.0,2400,0.0,0.0,16179,-508,81,discharging,None,None
18:15:50.020,parallel,8.3,563.5,654.6,99.5,1108.8,66.7,2400,0.0,0.0,16135,-594,81,discharging,None,None
18:15:50.524,parallel,8.3,563.5,416.1,16.3,1108.3,62.8,2400,0.0,0.0,16168,-653,81,discharging,None,None
18:15:51.032,parallel,8.3,563.5,416.1,54.7,1108.3,65.5,2400,0.0,0.0,16175,-522,81,discharging,None,None
18:15:51.536,parallel,8.3,399.1,158.7,63.7,1108.4,63.9,2400,0.0,0.0,16160,-605,81,discharging,None,None
18:15:52.047,parallel,8.3,399.1,158.7,19.1,1107.2,64.5,2400,0.0,0.0,16178,-577,81,discharging,None,None
18:15:52.550,parallel,8.3,402.5,158.7,66.3,1107.2,62.8,2400,0.0,0.0,16133,-578,81,discharging,None,None
18:15:53.054,parallel,8.3,402.5,158.2,44.0,1106.1,63.4,2400,0.0,0.0,16139,-628,81,discharging,None,None
18:15:53.558,parallel,8.3,396.5,158.2,79.1,1106.1,67.2,2400,0.0,0.0,16144,-572,81,discharging,None,None
18:15:54.067,parallel,8.3,396.5,158.2,19.3,1105.3,65.0,2400,0.0,0.0,16170,-565,81,discharging,None,None
18:15:54.571,parallel,7.9,396.5,163.4,63.2,1105.3,66.1,2400,0.0,0.0,16177,-550,81,discharging,None,None
18:15:55.074,parallel,7.9,395.2,163.4,41.3,1104.4,62.8,2400,0.0,0.0,16143,-621,81,discharging,None,None
18:15:55.583,parallel,8.4,395.2,161.2,39.2,1104.4,63.9,2400,0.0,0.0,16181,-564,81,discharging,None,None
18:15:56.086,parallel,8.4,401.6,161.2,77.9,1103.6,64.5,2400,0.0,0.0,16133,-608,81,discharging,None,None
18:15:56.590,parallel,8.3,401.6,161.2,3.0,1104.5,61.1,1900,0.0,0.0,16176,-602,81,discharging,None,None
18:15:57.103,parallel,8.3,401.6,161.2,74.9,1104.3,65.5,2400,0.0,0.0,16173,-470,81,discharging,None,None
18:15:57.606,parallel,8.3,693.4,532.6,72.9,1103.9,63.9,2400,0.0,0.0,16132,-640,81,discharging,None,None
18:15:58.110,parallel,8.3,693.4,532.6,2.5,1103.7,62.2,2400,0.0,0.0,16177,-606,81,discharging,None,None
18:15:58.621,parallel,8.3,693.4,532.6,72.4,1103.7,66.1,2400,0.0,0.0,16163,-486,81,discharging,None,None
18:15:59.125,parallel,8.2,754.7,507.1,80.4,1103.5,63.9,2400,0.0,0.0,16132,-656,81,discharging,None,None
18:15:59.628,parallel,8.2,754.7,507.1,2.5,1103.5,62.2,2400,0.0,0.0,16173,-616,81,discharging,None,None
18:16:00.136,parallel,8.3,754.7,507.1,65.5,1103.5,67.2,2400,0.0,0.0,16172,-485,81,discharging,None,None
18:16:00.639,parallel,8.3,499.5,267.1,62.2,1102.5,63.4,2400,0.0,0.0,16133,-638,81,discharging,None,None
18:16:01.147,parallel,8.3,499.5,267.1,9.4,1102.5,63.4,2400,0.0,0.0,16178,-591,81,discharging,None,None
18:16:01.652,parallel,8.4,399.7,267.1,79.7,1103.2,63.9,2400,0.0,0.0,16139,-544,81,discharging,None,None
18:16:02.156,parallel,8.4,399.7,179.0,34.2,1103.4,62.2,2400,0.0,0.0,16148,-625,81,discharging,None,None
18:16:02.664,parallel,8.3,399.7,179.0,70.9,1103.6,67.2,2400,0.0,0.0,16167,-549,81,discharging,None,None
18:16:03.168,parallel,8.3,399.1,164.1,45.3,1103.6,65.5,2400,0.0,0.0,16169,-564,81,discharging,None,None
18:16:03.674,parallel,8.3,399.1,164.1,37.6,1103.6,66.7,2400,0.0,0.0,16174,-569,81,discharging,None,None
18:16:04.177,parallel,8.4,399.2,164.1,50.7,1102.9,62.8,2400,0.0,0.0,16128,-622,81,discharging,None,None
18:16:04.681,parallel,8.4,399.2,174.3,37.5,1102.9,63.4,2400,0.0,0.0,16178,-598,81,discharging,None,None
18:16:05.207,parallel,8.3,399.2,174.3,94.8,1102.9,67.2,2400,0.0,0.0,16139,-572,81,discharging,None,None
18:16:05.710,parallel,8.3,554.9,174.3,16.4,1102.2,62.2,2400,0.0,0.0,16159,-632,81,discharging,None,None
18:16:06.219,parallel,8.3,554.9,168.0,66.8,1102.2,66.1,2400,0.0,0.0,16142,-570,81,discharging,None,None
18:16:06.722,parallel,7.2,394.5,168.0,52.2,1102.2,63.4,2400,0.0,0.0,16132,-622,81,discharging,None,None
18:16:07.231,parallel,7.2,394.5,168.0,24.0,1101.7,62.8,1600,0.0,0.0,16179,-558,81,discharging,None,None
18:16:07.736,parallel,8.3,394.5,306.9,100.0,1101.7,66.1,2400,0.0,0.0,16151,-504,81,discharging,None,None
18:16:08.240,parallel,8.3,490.4,306.9,8.0,1101.7,62.2,2400,0.0,0.0,16166,-608,81,discharging,None,None
18:16:08.752,parallel,8.3,490.4,306.9,41.0,1101.7,65.0,2400,0.0,0.0,16181,-513,81,discharging,None,None
18:16:09.256,parallel,8.3,679.6,473.4,98.0,1101.3,66.1,2400,0.0,0.0,16136,-572,81,discharging,None,None
18:16:09.759,parallel,8.3,679.6,473.4,3.0,1101.1,61.1,2400,0.0,0.0,16169,-656,81,discharging,None,None
18:16:10.267,parallel,8.4,679.6,473.4,47.3,1100.9,65.0,2400,0.0,0.0,16182,-495,81,discharging,None,None
18:16:10.771,parallel,8.4,621.2,427.8,94.6,1100.9,65.0,2400,0.0,0.0,16138,-583,81,discharging,None,None
18:16:11.274,parallel,8.3,621.2,427.8,2.5,1100.9,62.2,2400,0.0,0.0,16169,-659,81,discharging,None,None
18:16:11.782,parallel,8.3,621.2,427.8,66.2,1101.2,67.2,2400,0.0,0.0,16181,-510,81,discharging,None,None
18:16:12.286,parallel,8.3,398.7,159.8,52.7,1101.1,63.4,2400,0.0,0.0,16148,-594,81,discharging,None,None
18:16:12.795,parallel,8.3,398.7,159.8,29.2,1101.1,65.0,2400,0.0,0.0,16174,-597,81,discharging,None,None
18:16:13.300,parallel,8.3,395.9,159.8,56.9,1101.1,62.8,2400,0.0,0.0,16137,-578,81,discharging,None,None
18:16:13.803,parallel,8.3,395.9,164.3,34.3,1101.1,62.8,2400,0.0,0.0,16139,-620,81,discharging,None,None
18:16:14.307,parallel,8.3,391.4,164.3,81.1,1100.8,64.5,2400,0.0,0.0,16158,-618,81,discharging,None,None
18:16:14.815,parallel,8.3,391.4,168.6,34.0,1100.8,65.0,2400,0.0,0.0,16172,-609,81,discharging,None,None
18:16:15.323,parallel,8.3,391.4,168.6,60.2,1100.8,66.7,2400,0.0,0.0,16142,-568,81,discharging,None,None
18:16:15.826,parallel,8.3,391.0,168.6,26.6,1100.8,62.2,2400,0.0,0.0,16169,-571,81,discharging,None,None
18:16:16.335,parallel,8.4,391.0,159.0,55.5,1100.8,65.5,2400,0.0,0.0,16143,-548,81,discharging,None,None
18:16:16.839,parallel,8.4,399.4,159.0,62.6,1100.8,62.8,2400,0.0,0.0,16147,-619,81,discharging,None,None
18:16:17.342,parallel,8.3,399.4,159.0,10.9,1100.6,62.2,2400,0.0,0.0,16172,-549,81,discharging,None,None
18:16:17.851,parallel,8.3,399.4,438.0,92.5,1100.6,65.5,2400,0.0,0.0,16139,-569,81,discharging,None,None
18:16:18.354,parallel,7.9,632.4,438.0,48.3,1100.6,62.8,2400,0.0,0.0,16163,-657,81,discharging,None,None
18:16:18.858,parallel,7.9,632.4,438.0,2.5,1101.1,61.7,2400,0.0,0.0,16180,-513,81,discharging,None,None
18:16:19.373,parallel,7.9,632.4,358.0,98.1,1101.1,67.8,2400,0.0,0.0,16136,-573,81,discharging,None,None
18:16:19.876,parallel,8.3,634.7,358.0,30.2,1101.1,61.7,2400,0.0,0.0,16168,-640,81,discharging,None,None
18:16:20.384,parallel,8.3,634.7,358.0,19.4,1101.1,63.4,2400,0.0,0.0,16182,-490,81,discharging,None,None
18:16:20.897,parallel,8.2,634.7,358.0,100.0,1101.1,66.1,2400,0.0,0.0,16133,-600,81,discharging,None,None
18:16:21.400,parallel,8.2,639.6,382.2,21.0,1100.8,61.7,2400,0.0,0.0,16168,-643,81,discharging,None,None
18:16:21.908,parallel,8.2,639.6,382.2,34.3,1102.7,65.5,2400,0.0,0.0,16182,-495,81,discharging,None,None
18:16:22.411,parallel,8.4,395.2,169.1,85.0,1102.7,64.5,2400,0.0,0.0,16138,-619,81,discharging,None,None
18:16:22.915,parallel,8.4,395.2,169.1,2.0,1102.7,61.7,2400,0.0,0.0,16180,-591,81,discharging,None,None
18:16:23.418,parallel,8.3,399.5,169.1,82.2,1102.7,64.5,2400,0.0,0.0,16136,-561,81,discharging,None,None
18:16:23.922,parallel,8.3,399.5,163.0,36.0,1102.7,62.2,2400,0.0,0.0,16153,-620,81,discharging,None,None
18:16:24.431,parallel,8.3,399.5,163.0,58.2,1103.2,66.1,2400,0.0,0.0,16152,-551,81,discharging,None,None
18:16:24.935,parallel,8.3,393.8,163.0,33.2,1102.8,63.4,2400,0.0,0.0,16169,-561,81,discharging,None,None
18:16:25.443,parallel,8.3,393.8,164.0,50.0,1102.8,64.5,2400,0.0,0.0,16174,-553,81,discharging,None,None
18:16:25.947,parallel,8.3,397.1,164.0,60.7,1102.5,63.4,2400,0.0,0.0,16134,-625,81,discharging,None,None
18:16:26.450,parallel,8.3,397.1,174.7,37.8,1102.5,65.0,2400,0.0,0.0,16177,-601,81,discharging,None,None
18:16:26.954,parallel,8.3,394.9,174.7,82.1,1102.1,65.5,2400,0.0,0.0,16131,-619,81,discharging,None,None
18:16:27.458,parallel,8.3,394.9,174.7,2.0,1102.1,61.7,2400,0.0,0.0,16171,-606,81,discharging,None,None
18:16:27.972,parallel,8.3,394.9,267.5,66.2,1115.2,66.1,2400,0.0,0.0,16144,-534,81,discharging,None,None
18:16:28.475,parallel,8.3,533.6,267.5,61.7,1115.0,62.2,2400,0.0,0.0,16127,-657,81,discharging,None,None
18:16:28.979,parallel,8.3,533.6,267.5,1.5,1113.8,61.1,2400,0.0,0.0,16178,-573,81,discharging,None,None
18:16:29.755,parallel,8.3,533.6,656.0,89.7,1113.8,66.7,2400,0.0,0.0,16135,-609,81,discharging,None,None
18:16:30.259,parallel,8.3,827.7,656.0,30.7,1112.5,63.4,2400,0.0,0.0,16166,-679,81,discharging,None,None
18:16:30.767,parallel,8.3,827.7,656.0,15.5,1112.5,62.8,2400,0.0,0.0,16180,-506,81,discharging,None,None
18:16:31.274,parallel,6.0,587.0,656.0,100.0,1111.7,67.2,2400,0.0,0.0,16138,-571,81,discharging,None,None
18:16:31.777,parallel,6.0,587.0,415.8,25.2,1111.2,62.2,2400,0.0,0.0,16168,-653,81,discharging,None,None
18:16:32.284,parallel,8.4,587.0,415.8,42.1,1110.1,64.5,1900,0.0,0.0,16180,-518,81,discharging,None,None
18:16:32.787,parallel,8.4,407.3,200.7,82.5,1110.5,66.1,2400,0.0,0.0,16144,-574,81,discharging,None,None
18:16:33.295,parallel,8.3,407.3,200.7,4.0,1109.5,62.8,2400,0.0,0.0,16169,-597,81,discharging,None,None
18:16:33.799,parallel,8.3,395.9,200.7,80.1,1109.5,63.9,2400,0.0,0.0,16136,-599,81,discharging,None,None
18:16:34.302,parallel,8.3,395.9,163.4,36.5,1108.2,63.9,2400,0.0,0.0,16157,-621,81,discharging,None,None
18:16:34.811,parallel,8.3,395.9,163.4,65.0,1107.8,67.2,2400,0.0,0.0,16161,-547,81,discharging,None,None
18:16:35.314,parallel,8.3,397.1,163.4,19.4,1106.9,63.4,2400,0.0,0.0,16168,-564,81,discharging,None,None
18:16:35.823,parallel,8.3,397.1,164.0,62.9,1106.9,65.0,2400,0.0,0.0,16154,-558,81,discharging,None,None
18:16:36.326,parallel,8.3,397.1,164.0,55.4,1106.3,63.4,2400,0.0,0.0,16128,-622,81,discharging,None,None
18:16:36.835,parallel,8.3,397.1,164.0,25.5,1105.8,65.0,2400,0.0,0.0,16178,-562,81,discharging,None,None
18:16:37.338,parallel,8.3,407.6,168.6,93.6,1105.1,66.1,2400,0.0,0.0,16134,-581,81,discharging,None,None
18:16:37.842,parallel,8.3,407.6,168.6,1.5,1105.0,61.7,2400,0.0,0.0,16169,-625,81,discharging,None,None
18:16:38.354,parallel,8.4,407.6,168.6,55.4,1105.0,66.1,2400,0.0,0.0,16181,-491,81,discharging,None,None
18:16:38.858,parallel,8.4,653.3,462.1,81.2,1104.8,63.9,2400,0.0,0.0,16132,-631,81,discharging,None,None
18:16:39.362,parallel,8.3,653.3,462.1,1.5,1104.8,62.2,2400,0.0,0.0,16174,-618,81,discharging,None,None
18:16:39.875,parallel,8.3,653.3,462.1,65.2,1104.8,66.1,2400,0.0,0.0,16171,-488,81,discharging,None,None
18:16:40.378,parallel,8.3,724.8,482.2,82.2,1104.1,64.5,2400,0.0,0.0,16131,-647,81,discharging,None,None
18:16:40.882,parallel,8.3,724.8,482.2,2.0,1104.4,61.7,2400,0.0,0.0,16172,-621,81,discharging,None,None
18:16:41.388,parallel,8.3,724.8,482.2,63.9,1111.9,66.7,2400,0.0,0.0,16174,-486,81,discharging,None,None
18:16:41.891,parallel,8.3,488.3,431.3,73.0,1112.4,63.4,2400,0.0,0.0,16132,-641,81,discharging,None,None
18:16:42.404,parallel,8.3,488.3,431.3,9.0,1112.4,63.4,1900,0.0,0.0,16175,-605,81,discharging,None,None
18:16:42.908,parallel,8.0,397.8,431.3,74.4,1111.1,63.4,2400,0.0,0.0,16138,-549,81,discharging,None,None
18:16:43.412,parallel,8.0,397.8,208.2,41.9,1111.1,63.9,2400,0.0,0.0,16164,-604,81,discharging,None,None
18:16:43.920,parallel,8.0,397.8,208.2,71.8,1110.3,66.7,2400,0.0,0.0,16162,-556,81,discharging,None,None
18:16:44.423,parallel,8.3,396.9,208.2,11.5,1109.6,61.1,2400,0.0,0.0,16168,-582,81,discharging,None,None
18:16:44.928,parallel,8.3,396.9,165.4,70.8,1108.3,66.7,2400,0.0,0.0,16142,-564,81,discharging,None,None
18:16:45.432,parallel,8.3,393.6,165.4,48.5,1107.6,62.8,2400,0.0,0.0,16129,-621,81,discharging,None,None
18:16:45.941,parallel,8.3,393.6,165.4,22.7,1106.8,64.5,2400,0.0,0.0,16178,-561,81,discharging,None,None
18:16:46.444,parallel,8.3,459.8,265.7,96.5,1106.8,66.1,2400,0.0,0.0,16141,-556,81,discharging,None,None
18:16:46.948,parallel,8.3,459.8,265.7,0.0,1113.3,61.7,2400,0.0,0.0,16168,-623,81,discharging,None,None
18:16:47.456,parallel,8.3,459.8,265.7,48.8,1113.3,64.5,1900,0.0,0.0,16182,-488,81,discharging,None,None
18:16:47.960,parallel,8.3,626.4,406.7,78.5,1111.5,63.4,2400,0.0,0.0,16129,-586,81,discharging,None,None
18:16:48.463,parallel,8.3,626.4,406.7,0.0,1111.5,61.7,2400,0.0,0.0,16171,-612,81,discharging,None,None
18:16:48.974,parallel,8.3,626.4,406.7,66.2,1110.7,65.5,2400,0.0,0.0,16181,-483,81,discharging,None,None
18:16:49.478,parallel,8.3,521.4,334.5,56.7,1110.3,62.8,2400,0.0,0.0,16129,-629,81,discharging,None,None
18:16:49.987,parallel,8.3,521.4,334.5,4.5,1108.8,61.7,2400,0.0,0.0,16178,-590,81,discharging,None,None
18:16:50.491,parallel,8.3,371.4,334.5,79.4,1108.8,66.1,2400,0.0,0.0,16139,-522,81,discharging,None,None
18:16:50.995,parallel,8.3,371.4,151.6,23.8,1107.5,62.2,2400,0.0,0.0,16149,-603,81,discharging,None,None
18:16:51.502,parallel,8.3,362.3,151.6,72.6,1107.5,66.1,2400,0.0,0.0,16173,-536,81,discharging,None,None
18:16:52.006,parallel,8.3,362.3,151.4,34.7,1107.2,63.4,2400,0.0,0.0,16170,-546,81,discharging,None,None
18:16:52.511,parallel,8.3,362.3,151.4,42.8,1107.2,66.1,2400,0.0,0.0,16172,-554,81,discharging,None,None
18:16:53.015,parallel,8.3,376.8,151.4,34.7,1106.3,62.8,2400,0.0,0.0,16139,-594,81,discharging,None,None
18:16:53.523,parallel,8.3,376.8,147.3,42.1,1106.3,63.4,2400,0.0,0.0,16173,-586,81,discharging,None,None
18:16:54.026,parallel,8.3,363.2,147.3,65.7,1105.2,63.4,2400,0.0,0.0,16136,-583,81,discharging,None,None
18:16:54.535,parallel,8.3,363.2,147.3,7.0,1105.2,62.8,2400,0.0,0.0,16175,-553,81,discharging,None,None
18:16:55.039,parallel,8.3,392.0,168.3,99.0,1105.2,66.1,2400,0.0,0.0,16141,-528,81,discharging,None,None
18:16:55.542,parallel,8.3,392.0,168.3,1.5,1104.7,61.1,2400,0.0,0.0,16168,-606,81,discharging,None,None
18:16:56.058,parallel,8.3,392.0,168.3,43.3,1104.7,65.0,2400,0.0,0.0,16181,-501,81,discharging,None,None
18:16:56.562,parallel,8.3,734.4,550.6,100.0,1104.7,66.7,2400,0.0,0.0,16135,-568,81,discharging,None,None
18:16:57.065,parallel,8.3,734.4,550.6,3.5,1103.6,62.8,2400,0.0,0.0,16164,-671,81,discharging,None,None
18:16:57.572,parallel,8.3,734.4,550.6,41.2,1103.6,66.7,2400,0.0,0.0,16181,-506,81,discharging,None,None
18:16:58.075,parallel,8.3,588.7,378.5,88.4,1107.1,64.5,2400,0.0,0.0,16148,-555,81,discharging,None,None
18:16:58.579,parallel,8.3,588.7,378.5,0.0,1107.1,61.1,2400,0.0,0.0,16170,-625,81,discharging,None,None
18:16:59.087,parallel,8.3,588.7,378.5,65.2,1106.9,66.1,2400,0.0,0.0,16181,-495,81,discharging,None,None
18:16:59.591,parallel,8.3,367.4,148.7,42.9,1106.7,62.2,2400,0.0,0.0,16153,-591,81,discharging,None,None
18:17:00.099,parallel,8.3,367.4,148.7,33.8,1106.1,65.5,2400,0.0,0.0,16178,-582,81,discharging,None,None
18:17:00.605,parallel,8.3,362.9,148.7,51.5,1106.1,63.9,2400,0.0,0.0,16135,-559,81,discharging,None,None
18:17:01.112,parallel,8.3,362.9,151.7,27.5,1104.8,62.8,2400,0.0,0.0,16144,-603,81,discharging,None,None
18:17:01.616,parallel,8.3,367.4,151.7,70.1,1104.8,61.1,2400,0.0,0.0,16143,-555,81,discharging,None,None
18:17:02.119,parallel,8.3,367.4,151.4,33.0,1160.0,63.4,2400,0.0,0.0,16170,-547,81,discharging,None,None
18:17:02.623,parallel,8.3,362.9,151.4,72.6,1160.0,66.1,2400,0.0,0.0,16176,-539,81,discharging,None,None
18:17:03.126,parallel,8.3,362.9,151.4,3.0,1162.4,60.6,1500,0.0,0.0,16162,-599,81,discharging,None,None
18:17:03.631,parallel,8.3,362.9,175.3,74.1,1162.4,66.7,2400,0.0,0.0,16187,-508,81,discharging,None,None
18:17:04.134,parallel,8.3,375.8,175.3,36.3,1158.6,61.7,2400,0.0,0.0,16129,-569,81,discharging,None,None
18:17:04.641,parallel,8.3,375.8,175.3,8.0,1158.6,62.8,2400,0.0,0.0,16179,-574,81,discharging,None,None
18:17:05.148,parallel,8.3,375.8,442.9,100.0,1154.3,66.1,2400,0.0,0.0,16145,-492,81,discharging,None,None
18:17:05.652,parallel,8.3,672.8,442.9,27.0,1148.9,61.7,2400,0.0,0.0,16126,-650,81,discharging,None,None
18:17:06.160,parallel,8.3,672.8,442.9,18.1,1145.3,63.9,2400,0.0,0.0,16178,-561,81,discharging,None,None
18:17:06.667,parallel,8.3,672.8,380.8,100.0,1145.3,67.2,2400,0.0,0.0,16141,-511,81,discharging,None,None
18:17:07.171,parallel,8.3,659.6,380.8,14.9,1141.7,61.7,2400,0.0,0.0,16137,-644,81,discharging,None,None
18:17:07.679,parallel,8.3,659.6,380.8,28.7,1141.7,65.5,2400,0.0,0.0,16180,-537,81,discharging,None,None
18:17:08.183,parallel,8.3,399.7,206.3,81.3,1136.2,63.4,2400,0.0,0.0,16139,-536,81,discharging,None,None
18:17:08.686,parallel,8.3,399.7,206.3,0.5,1136.2,60.6,1500,0.0,0.0,16169,-608,81,discharging,None,None
18:17:09.190,parallel,8.3,378.9,206.3,78.0,1131.6,63.4,2400,0.0,0.0,16182,-494,81,discharging,None,None
18:17:09.693,parallel,8.3,378.9,147.9,32.8,1131.6,61.7,2400,0.0,0.0,16170,-560,81,discharging,None,None
18:17:10.200,parallel,8.3,378.9,147.9,55.9,1128.0,66.1,2400,0.0,0.0,16178,-554,81,discharging,None,None
18:17:10.704,parallel,8.3,371.4,147.9,36.1,1128.0,64.5,2400,0.0,0.0,16131,-561,81,discharging,None,None
18:17:11.211,parallel,8.3,371.4,151.8,40.8,1124.5,65.0,2400,0.0,0.0,16141,-605,81,discharging,None,None
18:17:11.715,parallel,8.3,366.9,151.8,49.8,1124.5,62.2,2400,0.0,0.0,16135,-584,81,discharging,None,None
18:17:12.218,parallel,8.3,366.9,151.4,32.8,1121.3,61.7,2400,0.0,0.0,16174,-546,81,discharging,None,None
18:17:12.722,parallel,8.3,363.9,151.4,74.8,1121.3,63.4,2400,0.0,0.0,16166,-536,81,discharging,None,None
18:17:13.225,parallel,8.3,363.9,151.4,0.0,1119.3,61.1,2400,0.0,0.0,16169,-603,81,discharging,None,None
18:17:13.732,parallel,8.3,363.9,327.8,80.7,1119.3,67.2,2400,0.0,0.0,16182,-521,81,discharging,None,None
18:17:14.236,parallel,8.3,516.1,327.8,43.8,1116.8,61.7,2400,0.0,0.0,16129,-609,81,discharging,None,None
18:17:14.745,parallel,8.3,516.1,327.8,2.0,1117.0,60.6,2400,0.0,0.0,16178,-588,81,discharging,None,None
18:17:15.258,parallel,8.3,516.1,327.8,100.0,1116.6,66.1,2400,0.0,0.0,16165,-477,81,discharging,None,None
18:17:15.762,parallel,8.3,731.6,518.5,44.6,1114.9,62.2,2400,0.0,0.0,16132,-651,81,discharging,None,None
18:17:16.266,parallel,8.3,731.6,518.5,0.0,1113.6,61.1,2400,0.0,0.0,16175,-604,81,discharging,None,None
18:17:16.779,parallel,8.3,467.6,518.5,99.5,1113.6,66.1,2400,0.0,0.0,16169,-479,81,discharging,None,None
18:17:17.283,parallel,8.3,467.6,264.1,15.3,1111.5,61.7,2400,0.0,0.0,16129,-618,81,discharging,None,None
18:17:17.791,parallel,8.3,467.6,264.1,49.7,1111.5,66.1,2400,0.0,0.0,16179,-560,81,discharging,None,None
18:17:18.295,parallel,8.3,363.1,150.5,57.4,1108.8,62.8,2400,0.0,0.0,16134,-545,81,discharging,None,None
18:17:18.803,parallel,8.3,363.1,150.5,19.5,1108.8,63.9,2400,0.0,0.0,16175,-602,81,discharging,None,None
18:17:19.306,parallel,8.3,383.4,150.5,57.8,1108.1,61.1,2400,0.0,0.0,16143,-540,81,discharging,None,None
