Timestamp,Schedule_Mode,FPS,Leaf_Lat_ms,Pest_Lat_ms,CPU_%,RAM_MB,Temp_C,Freq_MHz,GPU_%,GPU_MHz,Batt_Voltage_mV,Batt_Current_mA,Batt_Percent,Batt_State,Leaf_Detections,Pest_Detections
20:19:05.095,staggered,0.0,0.0,0.0,0.0,984.0,52.4,2400,0.0,0.0,15608,-533,62,discharging,None,None
20:19:05.599,staggered,0.0,0.0,0.0,0.0,984.0,52.4,2400,0.0,0.0,15637,-432,62,discharging,None,None
20:19:06.102,staggered,0.0,0.0,0.0,0.5,984.0,51.8,2400,0.0,0.0,15639,-328,62,discharging,None,None
20:19:06.606,staggered,0.0,0.0,0.0,0.0,984.0,51.8,2400,0.0,0.0,15640,-327,62,discharging,None,None
20:19:07.109,staggered,0.0,0.0,0.0,0.0,978.2,51.2,2400,0.0,0.0,15640,-326,62,discharging,None,None
20:19:07.612,staggered,0.0,0.0,0.0,0.0,978.2,51.2,2400,0.0,0.0,15640,-323,62,discharging,None,None
20:19:08.116,staggered,0.0,0.0,0.0,0.0,978.1,50.1,1500,0.0,0.0,15642,-310,62,discharging,None,None
20:19:08.619,staggered,0.0,0.0,0.0,0.0,978.1,49.6,1500,0.0,0.0,15648,-281,62,discharging,None,None
20:19:09.123,staggered,0.0,0.0,0.0,0.0,978.1,50.7,1500,0.0,0.0,15648,-262,62,discharging,None,None
20:19:09.627,staggered,0.0,0.0,0.0,0.5,978.1,50.1,1500,0.0,0.0,15648,-262,62,discharging,None,None
20:19:10.130,staggered,0.0,0.0,0.0,0.0,973.3,49.6,1500,0.0,0.0,15648,-262,62,discharging,None,None
20:19:10.634,staggered,0.0,0.0,0.0,0.0,973.3,49.6,1500,0.0,0.0,15648,-262,62,discharging,None,None
20:19:11.137,staggered,0.0,0.0,0.0,0.0,977.5,49.0,1500,0.0,0.0,15648,-262,62,discharging,None,None
20:19:11.641,staggered,0.0,0.0,0.0,0.0,977.5,49.6,1500,0.0,0.0,15648,-262,62,discharging,None,None
20:19:12.145,staggered,0.0,0.0,0.0,0.5,980.3,49.6,1500,0.0,0.0,15648,-263,62,discharging,None,None
20:19:12.649,staggered,0.0,0.0,0.0,1.0,980.3,49.6,1600,0.0,0.0,15648,-263,62,discharging,None,None
20:19:13.152,staggered,0.0,0.0,0.0,0.5,980.3,49.6,1500,0.0,0.0,15649,-264,62,discharging,None,None
20:19:13.656,staggered,0.0,0.0,0.0,0.5,981.0,49.0,1600,0.0,0.0,15648,-263,62,discharging,None,None
20:19:14.160,staggered,0.0,0.0,0.0,1.5,978.8,49.6,1500,0.0,0.0,15648,-263,62,discharging,None,None
20:19:14.663,staggered,0.0,0.0,0.0,0.0,978.8,49.6,1500,0.0,0.0,15648,-264,62,discharging,None,None
20:19:15.167,staggered,0.0,0.0,0.0,0.0,977.0,49.6,1500,0.0,0.0,15649,-262,62,discharging,None,None
20:19:15.671,staggered,0.0,0.0,0.0,0.5,977.0,49.0,1500,0.0,0.0,15648,-261,62,discharging,None,None
20:19:16.174,staggered,0.0,0.0,0.0,0.0,974.2,48.5,1500,0.0,0.0,15648,-261,62,discharging,None,None
20:19:16.678,staggered,0.0,0.0,0.0,0.0,974.2,49.0,1500,0.0,0.0,15648,-260,62,discharging,None,None
20:19:17.181,staggered,0.0,0.0,0.0,0.0,972.6,48.5,1500,0.0,0.0,15648,-261,62,discharging,None,None
20:19:17.685,staggered,0.0,0.0,0.0,0.0,972.6,48.5,1500,0.0,0.0,15649,-261,62,discharging,None,None
20:19:18.188,staggered,0.0,0.0,0.0,0.0,970.6,49.0,1500,0.0,0.0,15648,-260,62,discharging,None,None
20:19:18.692,staggered,0.0,0.0,0.0,0.0,970.6,48.5,1500,0.0,0.0,15649,-260,62,discharging,None,None
20:19:19.196,staggered,0.0,0.0,0.0,0.0,968.8,49.0,1500,0.0,0.0,15649,-260,62,discharging,None,None
20:19:19.699,staggered,0.0,0.0,0.0,0.0,968.8,49.6,1500,0.0,0.0,15648,-260,62,discharging,None,None
20:19:20.203,staggered,0.0,0.0,0.0,0.0,967.7,48.5,1500,0.0,0.0,15649,-261,62,discharging,None,None
20:19:20.706,staggered,0.0,0.0,0.0,0.0,967.7,49.0,1500,0.0,0.0,15648,-260,62,discharging,None,None
20:19:21.210,staggered,0.0,0.0,0.0,0.0,966.3,48.5,1500,0.0,0.0,15649,-260,62,discharging,None,None
20:19:21.713,staggered,0.0,0.0,0.0,0.0,966.3,48.0,1500,0.0,0.0,15648,-260,62,discharging,None,None
20:19:22.217,staggered,0.0,0.0,0.0,0.0,964.5,49.0,1500,0.0,0.0,15649,-259,62,discharging,None,None
20:19:22.720,staggered,0.0,0.0,0.0,0.0,964.5,48.0,1500,0.0,0.0,15649,-260,62,discharging,None,None
20:19:23.224,staggered,0.0,0.0,0.0,0.0,963.9,49.0,1500,0.0,0.0,15649,-260,62,discharging,None,None
20:19:23.727,staggered,0.0,0.0,0.0,0.0,964.1,48.5,1500,0.0,0.0,15649,-260,62,discharging,None,None
20:19:24.231,staggered,0.0,0.0,0.0,0.0,963.3,48.5,1500,0.0,0.0,15649,-260,62,discharging,None,None
20:19:24.734,staggered,0.0,0.0,0.0,0.0,963.8,49.0,1500,0.0,0.0,15648,-260,62,discharging,None,None
20:19:25.238,staggered,0.0,0.0,0.0,0.0,962.3,48.5,1500,0.0,0.0,15648,-260,62,discharging,None,None
20:19:25.741,staggered,0.0,0.0,0.0,0.0,962.3,49.0,1500,0.0,0.0,15648,-260,62,discharging,None,None
20:19:26.245,staggered,0.0,0.0,0.0,0.0,961.6,48.5,1500,0.0,0.0,15648,-260,62,discharging,None,None
20:19:26.749,staggered,0.0,0.0,0.0,0.0,961.6,48.5,1500,0.0,0.0,15648,-259,62,discharging,None,None
20:19:27.252,staggered,0.0,0.0,0.0,0.0,960.9,48.0,1500,0.0,0.0,15648,-259,62,discharging,None,None
20:19:27.756,staggered,0.0,0.0,0.0,0.0,960.9,50.1,1500,0.0,0.0,15648,-259,62,discharging,None,None
20:19:28.259,staggered,0.0,0.0,0.0,0.5,959.4,48.0,1500,0.0,0.0,15648,-259,62,discharging,None,None
20:19:28.763,staggered,0.0,0.0,0.0,0.0,959.4,49.0,1500,0.0,0.0,15649,-260,62,discharging,None,None
20:19:29.266,staggered,0.0,0.0,0.0,0.0,959.2,48.5,1500,0.0,0.0,15648,-260,62,discharging,None,None
20:19:29.770,staggered,0.0,0.0,0.0,0.0,958.5,48.0,1500,0.0,0.0,15649,-259,62,discharging,None,None
20:19:30.273,staggered,0.0,0.0,0.0,0.0,958.7,49.0,1500,0.0,0.0,15649,-259,62,discharging,None,None
20:19:30.777,staggered,0.0,0.0,0.0,0.0,958.7,48.5,1500,0.0,0.0,15648,-260,62,discharging,None,None
20:19:31.280,staggered,0.0,0.0,0.0,0.0,957.4,48.5,1500,0.0,0.0,15648,-259,62,discharging,None,None
20:19:31.784,staggered,0.0,0.0,0.0,0.0,957.4,48.5,1500,0.0,0.0,15648,-259,62,discharging,None,None
20:19:32.287,staggered,0.0,0.0,0.0,0.0,958.2,48.0,1500,0.0,0.0,15648,-259,62,discharging,None,None
20:19:32.791,staggered,0.0,0.0,0.0,0.0,959.4,49.0,1500,0.0,0.0,15648,-260,62,discharging,None,None
20:19:33.295,staggered,0.0,0.0,0.0,0.0,959.6,48.5,1500,0.0,0.0,15648,-259,62,discharging,None,None
20:19:33.798,staggered,0.0,0.0,0.0,0.0,960.8,48.0,1500,0.0,0.0,15648,-259,62,discharging,None,None
20:19:34.302,staggered,0.0,0.0,0.0,0.0,960.2,48.0,1500,0.0,0.0,15648,-260,62,discharging,None,None
20:19:34.805,staggered,0.0,0.0,0.0,0.0,960.2,48.0,1500,0.0,0.0,15647,-259,62,discharging,None,None
20:19:35.309,staggered,0.0,0.0,0.0,0.0,958.0,48.0,1500,0.0,0.0,15647,-259,62,discharging,None,None
20:19:35.812,staggered,0.0,0.0,0.0,0.0,958.4,48.5,1500,0.0,0.0,15648,-259,62,discharging,None,None
20:19:36.316,staggered,0.0,0.0,0.0,0.0,958.0,48.5,1500,0.0,0.0,15647,-259,62,discharging,None,None
20:19:36.819,staggered,0.0,0.0,0.0,0.0,958.7,48.5,1500,0.0,0.0,15647,-259,62,discharging,None,None
20:19:37.323,staggered,0.0,0.0,0.0,0.0,958.6,48.0,1500,0.0,0.0,15648,-259,62,discharging,None,None
20:19:37.826,staggered,0.0,0.0,0.0,0.0,957.6,48.0,1500,0.0,0.0,15647,-260,62,discharging,None,None
20:19:38.330,staggered,0.0,0.0,0.0,0.0,958.5,48.0,1500,0.0,0.0,15648,-259,62,discharging,None,None
20:19:38.834,staggered,0.0,0.0,0.0,0.0,957.8,48.5,1500,0.0,0.0,15647,-259,62,discharging,None,None
20:19:39.337,staggered,0.0,0.0,0.0,0.0,957.8,48.5,1500,0.0,0.0,15647,-259,62,discharging,None,None
20:19:39.841,staggered,0.0,0.0,0.0,0.0,958.0,48.5,1500,0.0,0.0,15647,-259,62,discharging,None,None
20:19:40.344,staggered,0.0,0.0,0.0,0.0,958.2,48.5,1500,0.0,0.0,15647,-259,62,discharging,None,None
20:19:40.848,staggered,0.0,0.0,0.0,0.0,956.8,48.0,1500,0.0,0.0,15648,-259,62,discharging,None,None
20:19:41.351,staggered,0.0,0.0,0.0,0.0,957.3,48.0,1500,0.0,0.0,15647,-259,62,discharging,None,None
20:19:41.855,staggered,0.0,0.0,0.0,0.0,956.8,48.0,1500,0.0,0.0,15648,-259,62,discharging,None,None
20:19:42.358,staggered,0.0,0.0,0.0,0.5,956.8,48.0,1500,0.0,0.0,15648,-259,62,discharging,None,None
20:19:42.862,staggered,0.0,0.0,0.0,0.0,956.8,48.5,1500,0.0,0.0,15648,-259,62,discharging,None,None
20:19:43.365,staggered,0.0,0.0,0.0,0.0,957.2,47.4,1500,0.0,0.0,15648,-259,62,discharging,None,None
20:19:43.869,staggered,0.0,0.0,0.0,0.0,956.1,48.0,1500,0.0,0.0,15647,-259,62,discharging,None,None
20:19:44.373,staggered,0.0,0.0,0.0,0.0,956.1,48.0,1500,0.0,0.0,15648,-259,62,discharging,None,None
20:19:44.876,staggered,0.0,0.0,0.0,0.0,956.0,48.0,1500,0.0,0.0,15646,-258,62,discharging,None,None
20:19:45.380,staggered,0.0,0.0,0.0,0.0,956.0,48.0,1500,0.0,0.0,15648,-258,62,discharging,None,None
20:19:45.883,staggered,0.0,0.0,0.0,0.0,956.0,48.0,1500,0.0,0.0,15647,-259,62,discharging,None,None
20:19:46.387,staggered,0.0,0.0,0.0,0.0,956.0,48.0,1500,0.0,0.0,15647,-259,62,discharging,None,None
20:19:46.890,staggered,0.0,0.0,0.0,0.0,955.8,48.5,1500,0.0,0.0,15647,-259,62,discharging,None,None
20:19:47.394,staggered,0.0,0.0,0.0,0.5,955.8,48.5,1500,0.0,0.0,15647,-259,62,discharging,None,None
20:19:47.897,staggered,0.0,0.0,0.0,0.0,955.3,48.5,1500,0.0,0.0,15648,-259,62,discharging,None,None
20:19:48.401,staggered,0.0,0.0,0.0,0.0,955.6,48.0,1500,0.0,0.0,15648,-259,62,discharging,None,None
20:19:48.904,staggered,0.0,0.0,0.0,0.0,955.3,48.0,1500,0.0,0.0,15648,-259,62,discharging,None,None
20:19:49.408,staggered,0.0,0.0,0.0,0.0,955.3,47.4,1500,0.0,0.0,15648,-259,62,discharging,None,None
20:19:49.911,staggered,0.0,0.0,0.0,0.0,955.3,48.0,1500,0.0,0.0,15646,-259,62,discharging,None,None
20:19:50.415,staggered,0.0,0.0,0.0,0.0,955.3,48.0,1500,0.0,0.0,15647,-258,62,discharging,None,None
20:19:50.918,staggered,0.0,0.0,0.0,0.5,954.9,48.0,1500,0.0,0.0,15647,-259,62,discharging,None,None
20:19:51.422,staggered,0.0,0.0,0.0,0.0,955.3,48.5,1500,0.0,0.0,15647,-259,62,discharging,None,None
20:19:51.925,staggered,0.0,0.0,0.0,0.0,955.1,48.0,1500,0.0,0.0,15648,-258,62,discharging,None,None
20:19:52.429,staggered,0.0,0.0,0.0,0.5,955.3,48.0,1500,0.0,0.0,15647,-258,62,discharging,None,None
20:19:52.933,staggered,0.0,0.0,0.0,0.0,955.3,47.4,1500,0.0,0.0,15647,-259,62,discharging,None,None
20:19:53.436,staggered,0.0,0.0,0.0,0.0,955.3,48.0,1500,0.0,0.0,15646,-259,62,discharging,None,None
20:19:53.940,staggered,0.0,0.0,0.0,0.0,955.1,48.0,1500,0.0,0.0,15647,-258,62,discharging,None,None
20:19:54.443,staggered,0.0,0.0,0.0,0.0,955.1,47.4,1500,0.0,0.0,15646,-258,62,discharging,None,None
20:19:54.947,staggered,0.0,0.0,0.0,0.0,954.9,48.0,1500,0.0,0.0,15646,-259,62,discharging,None,None
20:19:55.450,staggered,0.0,0.0,0.0,0.0,954.9,48.0,1500,0.0,0.0,15646,-259,62,discharging,None,None
20:19:55.954,staggered,0.0,0.0,0.0,0.0,954.9,47.4,1500,0.0,0.0,15646,-258,62,discharging,None,None
20:19:56.457,staggered,0.0,0.0,0.0,0.0,954.9,48.0,1500,0.0,0.0,15646,-258,62,discharging,None,None
20:19:56.961,staggered,0.0,0.0,0.0,0.0,954.7,48.0,1500,0.0,0.0,15646,-258,62,discharging,None,None
20:19:57.464,staggered,0.0,0.0,0.0,0.0,954.7,48.0,1500,0.0,0.0,15647,-258,62,discharging,None,None
20:19:57.968,staggered,0.0,0.0,0.0,0.0,954.6,48.0,1500,0.0,0.0,15646,-259,62,discharging,None,None
20:19:58.471,staggered,0.0,0.0,0.0,0.0,954.6,48.0,1500,0.0,0.0,15647,-259,62,discharging,None,None
20:19:58.975,staggered,0.0,0.0,0.0,0.0,954.9,46.9,1500,0.0,0.0,15646,-258,62,discharging,None,None
20:19:59.478,staggered,0.0,0.0,0.0,0.0,954.9,47.4,1500,0.0,0.0,15646,-258,62,discharging,None,None
20:19:59.982,staggered,0.0,0.0,0.0,0.0,954.9,48.0,1500,0.0,0.0,15645,-258,62,discharging,None,None
20:20:00.485,staggered,0.0,0.0,0.0,0.0,954.9,46.3,1500,0.0,0.0,15646,-258,62,discharging,None,None
20:20:00.989,staggered,0.0,0.0,0.0,0.0,954.9,47.4,1500,0.0,0.0,15646,-258,62,discharging,None,None
20:20:01.492,staggered,0.0,0.0,0.0,0.0,954.9,48.0,1500,0.0,0.0,15646,-258,62,discharging,None,None
20:20:01.996,staggered,0.0,0.0,0.0,0.0,954.9,47.4,1500,0.0,0.0,15646,-259,62,discharging,None,None
20:20:02.499,staggered,0.0,0.0,0.0,0.0,954.9,47.4,1500,0.0,0.0,15646,-259,62,discharging,None,None
20:20:03.003,staggered,0.0,0.0,0.0,0.0,954.9,48.0,1500,0.0,0.0,15647,-258,62,discharging,None,None
20:20:03.506,staggered,0.0,0.0,0.0,0.0,954.9,48.0,1500,0.0,0.0,15646,-258,62,discharging,None,None
20:20:04.010,staggered,0.0,0.0,0.0,0.0,955.1,47.4,1500,0.0,0.0,15645,-259,62,discharging,None,None
20:20:04.513,staggered,0.0,0.0,0.0,0.0,955.1,47.4,1500,0.0,0.0,15646,-258,62,discharging,None,None
20:20:05.017,staggered,0.0,0.0,0.0,0.0,955.1,46.3,1500,0.0,0.0,15645,-257,62,discharging,None,None
20:20:05.521,staggered,0.0,0.0,0.0,9.9,961.6,48.5,2400,0.0,0.0,15638,-279,62,discharging,None,None
20:20:06.034,staggered,0.0,0.0,0.0,66.5,1102.0,52.9,2400,0.0,0.0,15597,-421,62,discharging,None,None
20:20:06.538,staggered,0.0,677.2,414.9,69.5,1118.4,51.8,2400,0.0,0.0,15573,-633,62,discharging,None,None
20:20:07.041,staggered,6.2,677.2,414.9,2.0,1118.4,50.7,2400,0.0,0.0,15620,-561,62,discharging,None,None
20:20:07.554,staggered,6.2,677.2,414.9,75.6,1124.0,55.6,2400,0.0,0.0,15589,-488,62,discharging,None,None
20:20:08.058,staggered,8.3,692.3,419.7,65.5,1125.7,52.4,2400,0.0,0.0,15571,-647,62,discharging,None,None
20:20:08.561,staggered,8.3,692.3,419.7,2.5,1125.7,51.8,2400,0.0,0.0,15619,-555,62,discharging,None,None
20:20:09.078,staggered,8.3,692.3,419.7,81.3,1125.7,56.2,2400,0.0,0.0,15584,-500,62,discharging,None,None
20:20:09.582,staggered,8.2,602.3,390.6,55.6,1124.5,53.5,2400,0.0,0.0,15576,-641,62,discharging,None,None
20:20:10.092,staggered,8.2,602.3,390.6,7.8,1121.8,53.5,2400,0.0,0.0,15619,-540,62,discharging,None,None
20:20:10.596,staggered,8.3,419.0,390.6,93.0,1121.8,56.8,2400,0.0,0.0,15590,-528,62,discharging,None,None
20:20:11.100,staggered,8.3,419.0,167.4,25.0,1119.7,53.5,2400,0.0,0.0,15612,-602,62,discharging,None,None
20:20:11.608,staggered,8.3,419.0,167.4,65.2,1119.7,58.4,2400,0.0,0.0,15604,-536,62,discharging,None,None
20:20:12.112,staggered,8.3,393.9,163.8,53.2,1118.3,56.2,2400,0.0,0.0,15608,-571,62,discharging,None,None
20:20:12.619,staggered,8.3,393.9,163.8,29.7,1119.8,56.8,2400,0.0,0.0,15613,-548,62,discharging,None,None
20:20:13.123,staggered,8.3,396.0,163.8,54.7,1118.7,54.5,2400,0.0,0.0,15569,-589,62,discharging,None,None
20:20:13.626,staggered,8.3,396.0,159.4,35.5,1118.7,55.1,2400,0.0,0.0,15591,-610,62,discharging,None,None
20:20:14.130,staggered,8.3,406.8,159.4,82.7,1120.8,57.3,2400,0.0,0.0,15577,-568,62,discharging,None,None
20:20:14.640,staggered,8.3,406.8,159.4,4.0,1121.7,55.1,2400,0.0,0.0,15607,-554,62,discharging,None,None
20:20:15.144,staggered,8.3,406.8,171.2,84.9,1119.6,59.5,2400,0.0,0.0,15596,-542,62,discharging,None,None
20:20:15.648,staggered,8.3,399.2,171.2,31.8,1119.6,54.5,2400,0.0,0.0,15589,-617,62,discharging,None,None
20:20:16.159,staggered,8.3,399.2,171.2,33.8,1116.7,57.3,2400,0.0,0.0,15615,-521,62,discharging,None,None
20:20:16.663,staggered,8.3,542.2,343.6,97.0,1116.7,59.0,2400,0.0,0.0,15570,-579,62,discharging,None,None
20:20:17.166,staggered,8.3,542.2,343.6,3.0,1116.5,55.6,2400,0.0,0.0,15602,-639,62,discharging,None,None
20:20:17.958,staggered,8.3,542.2,343.6,67.1,1117.5,60.0,2400,0.0,0.0,15579,-509,62,discharging,None,None
20:20:18.462,staggered,8.3,662.5,689.7,58.4,1118.8,57.3,2400,0.0,0.0,15568,-676,62,discharging,None,None
20:20:18.971,staggered,8.3,662.5,689.7,15.8,1116.4,57.3,2400,0.0,0.0,15611,-570,62,discharging,None,None
20:20:19.476,staggered,6.7,402.4,689.7,77.6,1116.4,59.0,2400,0.0,0.0,15573,-537,62,discharging,None,None
20:20:19.981,staggered,6.7,402.4,159.9,27.4,1115.1,55.6,2400,0.0,0.0,15583,-615,62,discharging,None,None
20:20:20.488,staggered,8.3,402.4,159.9,77.2,1115.1,60.0,2400,0.0,0.0,15601,-536,62,discharging,None,None
20:20:20.992,staggered,8.3,415.7,163.7,45.0,1113.6,58.4,2400,0.0,0.0,15603,-547,62,discharging,None,None
20:20:21.500,staggered,8.3,415.7,163.7,37.6,1113.6,60.6,2400,0.0,0.0,15606,-557,62,discharging,None,None
20:20:22.003,staggered,8.3,390.8,163.7,44.8,1111.8,56.8,2400,0.0,0.0,15562,-626,62,discharging,None,None
20:20:22.510,staggered,8.3,390.8,158.1,37.1,1111.8,57.3,2400,0.0,0.0,15608,-611,62,discharging,None,None
20:20:23.014,staggered,8.3,394.2,158.1,80.7,1110.4,57.9,2400,0.0,0.0,15573,-578,62,discharging,None,None
20:20:23.524,staggered,8.3,394.2,158.1,3.0,1110.4,56.2,2400,0.0,0.0,15599,-585,62,discharging,None,None
20:20:24.028,staggered,8.3,394.2,159.0,96.6,1110.4,61.7,2400,0.0,0.0,15572,-554,62,discharging,None,None
20:20:24.532,staggered,8.3,396.4,159.0,19.9,1126.7,57.9,2400,0.0,0.0,15576,-629,62,discharging,None,None
20:20:25.043,staggered,8.3,396.4,159.0,34.8,1125.0,59.5,2400,0.0,0.0,15607,-546,62,discharging,None,None
20:20:25.553,staggered,8.3,640.3,440.4,99.5,1124.6,60.6,2400,0.0,0.0,15568,-566,62,discharging,None,None
20:20:26.056,staggered,8.3,640.3,440.4,4.0,1128.2,56.8,2400,0.0,0.0,15594,-662,62,discharging,None,None
20:20:26.574,staggered,8.4,640.3,440.4,44.3,1135.3,58.4,2400,0.0,0.0,15608,-517,62,discharging,None,None
20:20:27.078,staggered,8.4,716.3,445.6,99.0,1135.5,61.1,2400,0.0,0.0,15563,-579,62,discharging,None,None
20:20:27.581,staggered,8.3,716.3,445.6,3.0,1135.0,56.8,2400,0.0,0.0,15590,-675,62,discharging,None,None
20:20:28.088,staggered,8.3,716.3,445.6,46.3,1133.1,60.6,2400,0.0,0.0,15608,-514,62,discharging,None,None
20:20:28.592,staggered,8.3,591.4,361.0,90.0,1133.1,59.5,2400,0.0,0.0,15563,-584,61,discharging,None,None
20:20:29.095,staggered,8.3,591.4,361.0,2.5,1127.8,57.3,2400,0.0,0.0,15596,-664,61,discharging,None,None
20:20:29.603,staggered,8.3,591.4,361.0,70.3,1128.7,61.7,2400,0.0,0.0,15608,-520,61,discharging,None,None
20:20:30.107,staggered,8.3,394.8,336.7,61.3,1126.2,58.4,2400,0.0,0.0,15571,-605,61,discharging,None,None
20:20:30.615,staggered,8.3,394.8,336.7,34.0,1127.1,59.5,2400,0.0,0.0,15597,-630,61,discharging,None,None
20:20:31.119,staggered,8.0,411.2,336.7,52.0,1124.7,58.4,2400,0.0,0.0,15562,-598,61,discharging,None,None
20:20:31.622,staggered,8.0,411.2,166.2,36.3,1124.7,57.3,2400,0.0,0.0,15601,-585,61,discharging,None,None
20:20:32.126,staggered,8.0,405.0,166.2,82.5,1120.9,59.5,2400,0.0,0.0,15586,-553,61,discharging,None,None
20:20:32.631,staggered,8.3,405.0,166.2,2.5,1120.9,57.3,2400,0.0,0.0,15593,-613,61,discharging,None,None
20:20:33.139,staggered,8.3,405.0,171.3,89.6,1119.1,61.7,2400,0.0,0.0,15580,-575,61,discharging,None,None
20:20:33.643,staggered,8.3,397.8,171.3,30.5,1119.1,58.4,2400,0.0,0.0,15555,-635,61,discharging,None,None
20:20:34.154,staggered,8.3,397.8,171.3,30.7,1116.3,60.0,2400,0.0,0.0,15601,-573,61,discharging,None,None
20:20:34.658,staggered,8.3,560.2,331.4,96.6,1116.3,61.1,2400,0.0,0.0,15568,-540,61,discharging,None,None
20:20:35.161,staggered,8.3,560.2,331.4,4.9,1114.2,57.9,2400,0.0,0.0,15582,-652,61,discharging,None,None
20:20:35.675,staggered,8.3,560.2,331.4,51.4,1114.2,60.0,2400,0.0,0.0,15604,-533,61,discharging,None,None
20:20:36.178,staggered,8.2,735.3,480.3,98.5,1113.6,61.7,2400,0.0,0.0,15568,-557,61,discharging,None,None
20:20:36.682,staggered,8.2,735.3,480.3,2.0,1113.1,57.3,2400,0.0,0.0,15575,-671,61,discharging,None,None
20:20:37.191,staggered,8.3,735.3,480.3,45.3,1112.3,61.7,2400,0.0,0.0,15603,-535,61,discharging,None,None
20:20:37.694,staggered,8.3,727.4,476.9,100.0,1112.3,62.8,2400,0.0,0.0,15560,-564,61,discharging,None,None
20:20:38.198,staggered,8.3,727.4,476.9,7.5,1109.5,58.4,2400,0.0,0.0,15564,-690,61,discharging,None,None
20:20:38.707,staggered,8.4,727.4,476.9,42.5,1109.5,61.7,2400,0.0,0.0,15601,-546,61,discharging,None,None
20:20:39.210,staggered,8.4,399.3,171.6,75.0,1109.1,59.0,2400,0.0,0.0,15559,-564,61,discharging,None,None
20:20:39.719,staggered,8.3,399.3,171.6,5.6,1110.3,58.4,2400,0.0,0.0,15591,-636,61,discharging,None,None
20:20:40.223,staggered,8.3,399.4,171.6,77.3,1110.2,59.5,2400,0.0,0.0,15583,-558,61,discharging,None,None
20:20:40.726,staggered,8.3,399.4,158.7,36.8,1110.2,56.2,1900,0.0,0.0,15587,-634,61,discharging,None,None
20:20:41.231,staggered,8.3,399.4,158.7,67.7,1108.8,62.8,2400,0.0,0.0,15579,-549,61,discharging,None,None
20:20:41.739,staggered,8.3,411.0,158.7,39.7,1109.0,61.1,2400,0.0,0.0,15590,-558,61,discharging,None,None
20:20:42.244,staggered,8.3,411.0,164.8,51.2,1107.4,61.1,2400,0.0,0.0,15584,-574,61,discharging,None,None
20:20:42.748,staggered,8.3,399.2,164.8,55.0,1107.4,58.4,2400,0.0,0.0,15560,-641,61,discharging,None,None
20:20:43.251,staggered,7.9,399.2,158.9,35.7,1106.8,59.0,2400,0.0,0.0,15586,-616,61,discharging,None,None
20:20:43.755,staggered,7.9,393.5,158.9,81.6,1106.8,60.6,2400,0.0,0.0,15558,-617,61,discharging,None,None
20:20:44.258,staggered,7.9,393.5,158.9,2.0,1106.2,57.9,2400,0.0,0.0,15594,-578,61,discharging,None,None
20:20:44.767,staggered,8.3,393.5,182.6,81.6,1106.2,62.8,2400,0.0,0.0,15562,-545,61,discharging,None,None
20:20:45.271,staggered,8.3,435.2,182.6,38.4,1105.0,59.5,2400,0.0,0.0,15578,-639,61,discharging,None,None
20:20:45.783,staggered,8.4,435.2,182.6,10.4,1105.7,59.5,2400,0.0,0.0,15598,-532,61,discharging,None,None
20:20:46.287,staggered,8.4,435.2,401.8,100.0,1106.2,63.4,2400,0.0,0.0,15559,-567,61,discharging,None,None
20:20:46.791,staggered,8.3,676.2,401.8,29.5,1105.7,59.0,2400,0.0,0.0,15587,-666,61,discharging,None,None
20:20:47.303,staggered,8.3,676.2,401.8,18.0,1104.8,60.6,2400,0.0,0.0,15600,-519,61,discharging,None,None
20:20:47.812,staggered,8.3,676.2,401.8,100.0,1104.8,63.9,2400,0.0,0.0,15555,-587,61,discharging,None,None
20:20:48.316,staggered,8.3,731.3,508.8,30.2,1104.2,58.4,2400,0.0,0.0,15579,-688,61,discharging,None,None
20:20:48.827,staggered,8.3,731.3,508.8,17.8,1104.2,60.0,2400,0.0,0.0,15598,-521,61,discharging,None,None
20:20:49.335,staggered,8.2,535.4,508.8,100.0,1106.1,63.4,2400,0.0,0.0,15553,-588,61,discharging,None,None
20:20:49.838,staggered,8.2,535.4,322.0,13.3,1107.0,59.0,2400,0.0,0.0,15585,-664,61,discharging,None,None
20:20:50.347,staggered,8.2,535.4,322.0,53.2,1107.0,62.2,2400,0.0,0.0,15595,-544,61,discharging,None,None
20:20:50.850,staggered,8.4,399.4,161.9,64.9,1107.0,59.5,2400,0.0,0.0,15572,-636,61,discharging,None,None
20:20:51.361,staggered,8.4,399.4,161.9,16.2,1106.8,59.0,1600,0.0,0.0,15591,-608,61,discharging,None,None
20:20:51.864,staggered,8.3,427.4,161.9,71.1,1106.8,59.5,2400,0.0,0.0,15556,-582,61,discharging,None,None
20:20:52.368,staggered,8.3,427.4,169.5,37.5,1106.8,59.0,2400,0.0,0.0,15556,-628,61,discharging,None,None
20:20:52.876,staggered,8.3,427.4,169.5,72.9,1108.7,63.4,2400,0.0,0.0,15572,-559,61,discharging,None,None
20:20:53.380,staggered,8.3,405.2,169.5,25.9,1108.7,61.1,2400,0.0,0.0,15586,-574,61,discharging,None,None
20:20:53.884,staggered,8.3,405.2,163.2,54.5,1108.4,61.7,2400,0.0,0.0,15592,-563,61,discharging,None,None
20:20:54.388,staggered,8.3,585.4,163.2,71.6,1107.1,59.5,2400,0.0,0.0,15552,-659,61,discharging,None,None
20:20:54.891,staggered,8.3,585.4,158.5,36.5,1106.2,60.0,2400,0.0,0.0,15595,-623,61,discharging,None,None
20:20:55.399,staggered,7.3,585.4,158.5,58.6,1106.2,62.8,2400,0.0,0.0,15588,-531,61,discharging,None,None
20:20:55.902,staggered,7.3,410.8,158.5,26.7,1105.9,59.0,2400,0.0,0.0,15578,-620,61,discharging,None,None
20:20:56.411,staggered,7.3,410.8,160.2,54.0,1105.9,61.7,2400,0.0,0.0,15572,-596,61,discharging,None,None
20:20:56.914,staggered,8.3,407.4,160.2,64.5,1105.3,59.5,2400,0.0,0.0,15549,-637,61,discharging,None,None
20:20:57.424,staggered,8.3,407.4,160.2,8.0,1105.3,60.0,2400,0.0,0.0,15593,-577,61,discharging,None,None
20:20:57.928,staggered,8.3,407.4,199.5,100.0,1105.1,63.9,2400,0.0,0.0,15562,-544,61,discharging,None,None
20:20:58.431,staggered,8.3,465.7,199.5,16.2,1105.8,59.0,2400,0.0,0.0,15581,-646,61,discharging,None,None
20:20:58.943,staggered,8.3,465.7,199.5,31.0,1105.9,62.2,2400,0.0,0.0,15596,-524,61,discharging,None,None
20:20:59.447,staggered,8.3,465.7,387.3,100.0,1105.9,63.9,2400,0.0,0.0,15552,-583,61,discharging,None,None
20:20:59.951,staggered,8.3,669.1,387.3,7.0,1105.6,59.5,2400,0.0,0.0,15582,-667,61,discharging,None,None
20:21:00.463,staggered,8.4,669.1,387.3,40.1,1106.0,62.2,2400,0.0,0.0,15596,-506,61,discharging,None,None
20:21:00.968,staggered,8.4,669.1,486.7,100.0,1106.1,63.9,2400,0.0,0.0,15546,-599,61,discharging,None,None
20:21:01.472,staggered,8.3,719.2,486.7,7.0,1105.6,59.0,1900,0.0,0.0,15582,-685,61,discharging,None,None
20:21:01.981,staggered,8.3,719.2,486.7,41.9,1105.6,61.7,2400,0.0,0.0,15600,-490,61,discharging,None,None
20:21:02.485,staggered,8.3,663.6,486.7,100.0,1105.6,63.9,2400,0.0,0.0,15553,-564,61,discharging,None,None
20:21:02.989,staggered,8.3,663.6,449.2,11.0,1104.9,59.5,2400,0.0,0.0,15583,-673,61,discharging,None,None
20:21:03.496,staggered,8.3,663.6,449.2,51.0,1104.9,63.9,2400,0.0,0.0,15594,-524,61,discharging,None,None
20:21:04.000,staggered,8.3,399.0,162.0,67.2,1108.4,60.6,2400,0.0,0.0,15547,-595,61,discharging,None,None
20:21:04.510,staggered,8.3,399.0,162.0,14.9,1108.4,60.0,2400,0.0,0.0,15584,-626,61,discharging,None,None
20:21:05.014,staggered,8.4,399.4,162.0,69.6,1107.4,59.5,2400,0.0,0.0,15552,-592,61,discharging,None,None
20:21:05.518,staggered,8.4,399.4,171.4,37.5,1107.4,59.5,2400,0.0,0.0,15562,-639,61,discharging,None,None
20:21:06.027,staggered,8.4,399.4,171.4,75.2,1106.6,63.9,2400,0.0,0.0,15581,-561,61,discharging,None,None
20:21:06.531,staggered,8.3,403.2,171.4,33.3,1107.8,62.8,2400,0.0,0.0,15576,-586,61,discharging,None,None
20:21:07.036,staggered,8.3,403.2,175.8,59.6,1107.8,63.4,2400,0.0,0.0,15568,-603,61,discharging,None,None
20:21:07.539,staggered,7.9,395.7,175.8,45.3,1107.8,59.5,2400,0.0,0.0,15544,-642,61,discharging,None,None
20:21:08.045,staggered,7.9,395.7,163.1,36.5,1107.3,61.1,2400,0.0,0.0,15590,-576,61,discharging,None,None
20:21:08.549,staggered,7.9,390.5,163.1,80.8,1107.5,61.1,2400,0.0,0.0,15549,-581,61,discharging,None,None
20:21:09.052,staggered,8.3,390.5,163.1,2.0,1106.1,59.0,2400,0.0,0.0,15580,-635,61,discharging,None,None
20:21:09.560,staggered,8.3,390.5,163.1,73.4,1106.1,62.8,2400,0.0,0.0,15592,-518,61,discharging,None,None
20:21:10.063,staggered,8.3,635.7,443.4,66.2,1105.5,60.6,2400,0.0,0.0,15544,-651,61,discharging,None,None
20:21:10.567,staggered,8.3,635.7,443.4,3.0,1105.8,59.5,2400,0.0,0.0,15584,-636,61,discharging,None,None
20:21:11.076,staggered,8.3,635.7,443.4,79.0,1105.8,63.9,2400,0.0,0.0,15585,-495,61,discharging,None,None
20:21:11.579,staggered,8.3,716.0,442.4,66.0,1105.4,61.1,2400,0.0,0.0,15543,-653,61,discharging,None,None
20:21:12.083,staggered,8.3,716.0,442.4,2.5,1104.5,60.0,2400,0.0,0.0,15584,-635,61,discharging,None,None
20:21:12.592,staggered,8.4,716.0,442.4,79.3,1104.5,64.5,2400,0.0,0.0,15585,-498,61,discharging,None,None
20:21:13.096,staggered,8.4,591.2,367.3,54.5,1104.2,60.6,2400,0.0,0.0,15542,-656,61,discharging,None,None
20:21:13.604,staggered,8.4,591.2,367.3,7.3,1104.2,60.0,2400,0.0,0.0,15591,-524,61,discharging,None,None
20:21:14.109,staggered,8.4,399.2,367.3,88.5,1104.2,63.4,2400,0.0,0.0,15556,-588,61,discharging,None,None
20:21:14.613,staggered,8.4,399.2,170.4,26.4,1104.2,60.0,2400,0.0,0.0,15542,-639,61,discharging,None,None
20:21:15.121,staggered,8.3,399.2,170.4,67.7,1108.4,65.0,2400,0.0,0.0,15589,-591,61,discharging,None,None
20:21:15.624,staggered,8.3,399.4,163.5,52.0,1108.2,62.2,2400,0.0,0.0,15554,-576,61,discharging,None,None
20:21:16.132,staggered,8.3,399.4,163.5,30.5,1107.8,62.8,2400,0.0,0.0,15588,-561,61,discharging,None,None
20:21:16.635,staggered,8.3,399.4,163.5,53.5,1107.8,60.0,2400,0.0,0.0,15547,-577,61,discharging,None,None
20:21:17.139,staggered,8.3,399.4,175.8,39.6,1107.2,60.6,2400,0.0,0.0,15588,-600,61,discharging,None,None
20:21:17.643,staggered,8.3,395.4,175.8,82.2,1107.2,62.2,2400,0.0,0.0,15570,-558,61,discharging,None,None
20:21:18.146,staggered,8.3,395.4,175.8,3.0,1106.5,59.5,2400,0.0,0.0,15579,-610,61,discharging,None,None
20:21:18.654,staggered,8.2,395.4,314.7,89.6,1106.5,64.5,2400,0.0,0.0,15564,-583,61,discharging,None,None
20:21:19.158,staggered,8.2,402.1,314.7,49.0,1106.0,60.0,2400,0.0,0.0,15541,-660,61,discharging,None,None
20:21:19.661,staggered,8.0,402.1,314.7,2.0,1107.9,59.0,2400,0.0,0.0,15585,-596,61,discharging,None,None
20:21:20.168,staggered,8.0,402.1,446.7,96.5,1110.3,64.5,2400,0.0,0.0,15569,-496,61,discharging,None,None
20:21:20.671,staggered,8.0,709.8,446.7,47.5,1111.7,60.6,2400,0.0,0.0,15538,-675,61,discharging,None,None
20:21:21.175,staggered,8.3,709.8,446.7,2.5,1113.2,59.0,2400,0.0,0.0,15585,-615,61,discharging,None,None
20:21:21.684,staggered,8.3,709.8,446.7,97.5,1113.2,64.5,2400,0.0,0.0,15569,-498,61,discharging,None,None
20:21:22.187,staggered,8.2,792.0,546.7,63.2,1111.2,61.1,2400,0.0,0.0,15538,-673,61,discharging,None,None
20:21:22.691,staggered,8.2,792.0,546.7,3.0,1111.2,60.0,2400,0.0,0.0,15579,-644,61,discharging,None,None
20:21:23.200,staggered,8.3,792.0,546.7,83.9,1111.2,65.0,2400,0.0,0.0,15588,-501,61,discharging,None,None
20:21:23.704,staggered,8.3,584.2,358.4,50.0,1109.4,60.0,2400,0.0,0.0,15540,-650,61,discharging,None,None
20:21:24.211,staggered,8.3,584.2,358.4,10.9,1109.2,60.0,2400,0.0,0.0,15583,-627,61,discharging,None,None
20:21:24.716,staggered,8.4,397.7,358.4,86.5,1109.2,62.8,2400,0.0,0.0,15555,-529,61,discharging,None,None
20:21:25.219,staggered,8.4,397.7,191.3,26.6,1107.2,60.6,2400,0.0,0.0,15539,-643,61,discharging,None,None
20:21:25.727,staggered,8.3,397.7,191.3,72.1,1107.2,64.5,2400,0.0,0.0,15585,-570,61,discharging,None,None
20:21:26.230,staggered,8.3,400.4,167.5,46.5,1107.7,62.2,2400,0.0,0.0,15548,-578,61,discharging,None,None
20:21:26.739,staggered,8.3,400.4,167.5,35.3,1107.7,63.9,2400,0.0,0.0,15574,-626,61,discharging,None,None
20:21:27.242,staggered,8.3,407.4,167.5,50.7,1107.4,60.0,1900,0.0,0.0,15546,-621,61,discharging,None,None
20:21:27.746,staggered,8.3,407.4,187.4,41.0,1107.4,60.0,2400,0.0,0.0,15583,-571,61,discharging,None,None
20:21:28.250,staggered,8.3,398.9,187.4,82.7,1106.8,63.4,2400,0.0,0.0,15569,-536,61,discharging,None,None
20:21:28.753,staggered,8.3,398.9,187.4,2.5,1106.8,60.0,2400,0.0,0.0,15575,-624,61,discharging,None,None
20:21:29.260,staggered,8.3,398.9,158.9,92.1,1106.6,64.5,2400,0.0,0.0,15577,-580,61,discharging,None,None
20:21:29.764,staggered,8.3,405.1,158.9,26.9,1106.6,60.0,2400,0.0,0.0,15535,-639,61,discharging,None,None
20:21:30.278,staggered,8.3,405.1,158.9,28.4,1106.0,63.4,2400,0.0,0.0,15584,-585,61,discharging,None,None
20:21:30.848,staggered,8.3,405.1,712.7,100.0,1106.0,65.0,2400,0.0,0.0,15539,-617,61,discharging,None,None
20:21:31.351,staggered,8.3,761.7,712.7,23.4,1105.6,60.6,2400,0.0,0.0,15571,-694,61,discharging,None,None
20:21:31.859,staggered,8.3,761.7,712.7,23.5,1107.5,62.8,2400,0.0,0.0,15586,-517,61,discharging,None,None
20:21:32.364,staggered,6.4,561.7,712.7,100.0,1107.5,65.0,2400,0.0,0.0,15541,-590,61,discharging,None,None
20:21:32.867,staggered,6.4,561.7,333.3,10.8,1107.0,60.6,2400,0.0,0.0,15574,-658,61,discharging,None,None
20:21:33.376,staggered,8.4,561.7,333.3,54.0,1107.3,63.9,2400,0.0,0.0,15585,-528,61,discharging,None,None
20:21:33.880,staggered,8.4,399.1,158.0,63.7,1107.0,61.7,2400,0.0,0.0,15558,-621,61,discharging,None,None
20:21:34.387,staggered,8.3,399.1,158.0,18.4,1107.0,61.7,2400,0.0,0.0,15582,-603,61,discharging,None,None
20:21:34.891,staggered,8.3,390.1,158.0,64.9,1106.6,61.1,2400,0.0,0.0,15540,-592,61,discharging,None,None
20:21:35.395,staggered,8.3,390.1,161.1,36.9,1106.6,60.6,2400,0.0,0.0,15544,-635,61,discharging,None,None
20:21:35.902,staggered,8.3,393.3,161.1,80.0,1106.6,64.5,2400,0.0,0.0,15552,-570,61,discharging,None,None
20:21:36.407,staggered,8.3,393.3,161.1,22.8,1105.9,63.4,2400,0.0,0.0,15573,-577,61,discharging,None,None
20:21:36.911,staggered,8.3,393.3,167.0,61.4,1105.9,65.0,2400,0.0,0.0,15579,-566,61,discharging,None,None
20:21:37.415,staggered,8.3,398.6,167.0,40.4,1106.5,61.7,2400,0.0,0.0,15537,-639,61,discharging,None,None
20:21:37.923,staggered,8.3,398.6,166.5,43.3,1106.1,62.8,2400,0.0,0.0,15584,-569,61,discharging,None,None
20:21:38.426,staggered,8.3,402.2,166.5,76.7,1106.6,62.2,2400,0.0,0.0,15536,-603,61,discharging,None,None
20:21:38.930,staggered,8.3,402.2,166.5,2.5,1106.5,60.0,2400,0.0,0.0,15577,-622,61,discharging,None,None
20:21:39.438,staggered,8.3,402.2,333.5,78.5,1106.5,64.5,2400,0.0,0.0,15565,-512,61,discharging,None,None
20:21:39.942,staggered,8.3,557.6,333.5,48.0,1106.1,60.6,2400,0.0,0.0,15532,-648,61,discharging,None,None
20:21:40.445,staggered,8.4,557.6,333.5,2.0,1106.1,60.0,2400,0.0,0.0,15582,-584,61,discharging,None,None
20:21:40.956,staggered,8.4,557.6,333.5,98.5,1106.1,64.5,2400,0.0,0.0,15549,-529,61,discharging,None,None
20:21:41.460,staggered,8.4,749.5,502.4,52.7,1105.6,61.1,2400,0.0,0.0,15532,-698,61,discharging,None,None
20:21:41.963,staggered,8.3,749.5,502.4,2.5,1105.4,60.0,2400,0.0,0.0,15581,-595,61,discharging,None,None
20:21:42.475,staggered,8.3,749.5,502.4,92.6,1105.4,65.0,2400,0.0,0.0,15546,-521,61,discharging,None,None
20:21:42.979,staggered,8.3,594.7,397.5,53.5,1105.4,61.1,2400,0.0,0.0,15534,-679,61,discharging,None,None
20:21:43.487,staggered,8.3,594.7,397.5,18.9,1105.4,61.7,2400,0.0,0.0,15579,-591,61,discharging,None,None
20:21:43.991,staggered,7.9,395.6,397.5,87.2,1104.7,64.5,2400,0.0,0.0,15539,-573,61,discharging,None,None
20:21:44.495,staggered,7.9,395.6,164.1,15.3,1104.9,60.6,2400,0.0,0.0,15569,-639,61,discharging,None,None
20:21:44.998,staggered,7.9,398.5,164.1,80.6,1104.9,65.0,2400,0.0,0.0,15564,-563,61,discharging,None,None
20:21:45.502,staggered,8.4,398.5,163.2,39.1,1104.4,62.8,2400,0.0,0.0,15570,-590,61,discharging,None,None
20:21:46.014,staggered,8.4,398.5,163.2,44.1,1104.2,65.0,2400,0.0,0.0,15573,-577,61,discharging,None,None
20:21:46.518,staggered,8.3,400.4,163.2,40.4,1104.2,61.1,2400,0.0,0.0,15533,-629,61,discharging,None,None
20:21:47.028,staggered,8.3,400.4,178.4,42.8,1103.8,62.2,2400,0.0,0.0,15566,-639,61,discharging,None,None
20:21:47.532,staggered,8.3,406.7,178.4,77.1,1103.8,62.2,2400,0.0,0.0,15546,-595,61,discharging,None,None
20:21:48.039,staggered,8.3,406.7,178.4,12.4,1105.4,60.6,1600,0.0,0.0,15571,-583,61,discharging,None,None
20:21:48.544,staggered,8.3,406.7,191.8,97.0,1110.1,65.5,2400,0.0,0.0,15555,-547,61,discharging,None,None
20:21:49.048,staggered,8.3,395.1,191.8,15.9,1111.0,61.1,2400,0.0,0.0,15553,-620,61,discharging,None,None
20:21:49.555,staggered,8.3,395.1,191.8,36.8,1111.7,63.9,2400,0.0,0.0,15582,-546,61,discharging,None,None
20:21:50.063,staggered,8.3,395.1,475.7,100.0,1112.2,65.5,2400,0.0,0.0,15540,-577,61,discharging,None,None
20:21:50.567,staggered,8.3,669.0,475.7,7.5,1111.8,60.6,2400,0.0,0.0,15560,-683,61,discharging,None,None
20:21:51.076,staggered,8.3,669.0,475.7,41.4,1110.0,63.4,2400,0.0,0.0,15580,-531,61,discharging,None,None
20:21:51.580,staggered,8.3,704.8,459.0,99.5,1110.0,64.5,2400,0.0,0.0,15537,-584,61,discharging,None,None
20:21:52.083,staggered,8.3,704.8,459.0,8.2,1108.5,61.1,2400,0.0,0.0,15561,-684,61,discharging,None,None
20:21:52.591,staggered,8.4,704.8,459.0,45.5,1109.2,65.0,2400,0.0,0.0,15580,-526,61,discharging,None,None
20:21:53.095,staggered,8.4,452.1,251.7,78.9,1108.9,62.8,2400,0.0,0.0,15533,-590,61,discharging,None,None
20:21:53.599,staggered,8.3,452.1,251.7,1.5,1108.9,60.6,2400,0.0,0.0,15568,-648,61,discharging,None,None
20:21:54.102,staggered,8.3,399.9,251.7,82.2,1108.0,62.8,2400,0.0,0.0,15561,-554,61,discharging,None,None
20:21:54.606,staggered,8.3,399.9,170.5,37.8,1108.0,61.1,2400,0.0,0.0,15556,-636,61,discharging,None,None
20:21:55.112,staggered,8.3,399.9,170.5,40.8,1107.1,64.5,2400,0.0,0.0,15580,-575,61,discharging,None,None
20:21:55.616,staggered,8.3,402.6,170.5,67.3,1106.7,63.9,2400,0.0,0.0,15535,-586,61,discharging,None,None
20:21:56.120,staggered,7.9,402.6,167.1,21.6,1106.4,61.1,2400,0.0,0.0,15539,-647,61,discharging,None,None
20:21:56.623,staggered,7.9,398.7,167.1,82.1,1106.4,63.9,2400,0.0,0.0,15562,-563,61,discharging,None,None
20:21:57.127,staggered,7.9,398.7,157.9,36.5,1105.9,63.4,2400,0.0,0.0,15568,-578,61,discharging,None,None
20:21:57.636,staggered,8.3,398.7,157.9,54.5,1105.9,65.0,2400,0.0,0.0,15572,-573,61,discharging,None,None
20:21:58.139,staggered,8.3,398.8,157.9,29.6,1105.5,60.6,1900,0.0,0.0,15529,-639,61,discharging,None,None
20:21:58.647,staggered,8.3,398.8,168.5,54.2,1105.5,63.4,2400,0.0,0.0,15579,-592,61,discharging,None,None
20:21:59.150,staggered,8.3,402.9,168.5,65.8,1105.6,62.2,2400,0.0,0.0,15534,-584,61,discharging,None,None
20:21:59.658,staggered,8.3,402.9,168.5,4.1,1105.6,61.7,2400,0.0,0.0,15569,-613,61,discharging,None,None
20:22:00.163,staggered,8.3,402.9,212.1,99.0,1105.6,66.1,2400,0.0,0.0,15549,-547,61,discharging,None,None
20:22:00.666,staggered,8.3,470.3,212.1,19.5,1105.7,61.1,2400,0.0,0.0,15528,-650,61,discharging,None,None
20:22:01.179,staggered,8.3,470.3,212.1,28.7,1105.2,63.9,2400,0.0,0.0,15577,-572,61,discharging,None,None
20:22:01.683,staggered,8.3,470.3,475.4,100.0,1106.8,66.7,2400,0.0,0.0,15543,-542,61,discharging,None,None
20:22:02.187,staggered,8.3,701.0,475.4,16.4,1107.1,61.1,2400,0.0,0.0,15529,-682,61,discharging,None,None
20:22:02.695,staggered,8.3,701.0,475.4,31.3,1107.1,64.5,2400,0.0,0.0,15576,-566,61,discharging,None,None
20:22:03.199,staggered,8.3,701.0,475.2,100.0,1107.1,65.5,2400,0.0,0.0,15539,-550,61,discharging,None,None
20:22:03.703,staggered,8.3,703.5,475.2,13.5,1106.4,62.2,2400,0.0,0.0,15534,-686,61,discharging,None,None
20:22:04.211,staggered,8.3,703.5,475.2,33.8,1105.6,64.5,2400,0.0,0.0,15575,-561,61,discharging,None,None
20:22:04.715,staggered,8.3,519.0,262.6,94.1,1106.3,64.5,2400,0.0,0.0,15536,-559,61,discharging,None,None
20:22:05.218,staggered,8.3,519.0,262.6,1.5,1106.3,61.1,2400,0.0,0.0,15558,-658,61,discharging,None,None
20:22:05.727,staggered,8.4,519.0,262.6,72.0,1106.3,66.1,2400,0.0,0.0,15576,-537,61,discharging,None,None
20:22:06.230,staggered,8.4,395.5,174.9,47.8,1106.1,61.1,2400,0.0,0.0,15534,-644,61,discharging,None,None
20:22:06.740,staggered,8.4,395.5,174.9,37.3,1106.1,65.0,2400,0.0,0.0,15575,-569,61,discharging,None,None
20:22:07.251,staggered,8.3,548.5,174.9,70.6,1112.9,60.0,2400,0.0,0.0,15532,-612,61,discharging,None,None
20:22:07.755,staggered,8.3,548.5,159.5,35.5,1112.9,61.1,2400,0.0,0.0,15571,-642,61,discharging,None,None
20:22:08.263,staggered,7.6,548.5,159.5,70.0,1111.4,66.7,2400,0.0,0.0,15541,-583,61,discharging,None,None
20:22:08.768,staggered,7.6,410.5,159.5,47.8,1111.4,65.0,2400,0.0,0.0,15569,-582,61,discharging,None,None
20:22:09.273,staggered,7.6,410.5,180.1,37.3,1110.8,65.0,2400,0.0,0.0,15569,-549,61,discharging,None,None
20:22:09.777,staggered,8.3,407.2,180.1,54.0,1110.8,61.7,2400,0.0,0.0,15534,-627,61,discharging,None,None
20:22:10.281,staggered,8.3,407.2,158.7,36.0,1109.0,61.7,2400,0.0,0.0,15551,-626,61,discharging,None,None
20:22:10.784,staggered,8.3,407.3,158.7,82.6,1109.0,65.0,2400,0.0,0.0,15533,-623,61,discharging,None,None
20:22:11.288,staggered,8.3,407.3,158.7,1.5,1108.1,61.1,2400,0.0,0.0,15570,-583,61,discharging,None,None
20:22:11.796,staggered,8.4,407.3,159.9,84.7,1107.8,64.5,2400,0.0,0.0,15545,-557,61,discharging,None,None
20:22:12.299,staggered,8.4,395.0,159.9,31.2,1109.7,61.1,2400,0.0,0.0,15564,-638,61,discharging,None,None
20:22:12.808,staggered,8.4,395.0,159.9,22.3,1111.8,63.9,2400,0.0,0.0,15576,-527,61,discharging,None,None
20:22:13.312,staggered,8.2,395.0,366.8,99.5,1111.8,67.2,2400,0.0,0.0,15531,-598,61,discharging,None,None
20:22:13.816,staggered,8.2,634.1,366.8,15.5,1115.8,61.7,1600,0.0,0.0,15562,-667,61,discharging,None,None
20:22:14.328,staggered,8.4,634.1,366.8,32.3,1116.0,63.4,2400,0.0,0.0,15582,-479,61,discharging,None,None
20:22:14.832,staggered,8.4,634.1,505.4,100.0,1117.2,66.1,2400,0.0,0.0,15531,-578,61,discharging,None,None
20:22:15.336,staggered,8.4,777.5,505.4,26.9,1115.4,61.7,2400,0.0,0.0,15563,-685,61,discharging,None,None
20:22:15.841,staggered,8.5,777.5,505.4,20.5,1116.8,63.9,2400,0.0,0.0,15575,-518,61,discharging,None,None
20:22:16.365,staggered,8.5,777.5,505.4,100.0,1117.6,66.1,2400,0.0,0.0,15532,-597,61,discharging,None,None
20:22:16.869,staggered,8.3,663.2,443.5,21.4,1113.9,62.2,2400,0.0,0.0,15563,-682,61,discharging,None,None
20:22:17.376,staggered,8.3,663.2,443.5,33.8,1114.8,64.5,2400,0.0,0.0,15576,-514,61,discharging,None,None
20:22:17.880,staggered,8.3,399.3,162.0,84.2,1113.5,64.5,2400,0.0,0.0,15525,-610,61,discharging,None,None
20:22:18.384,staggered,8.3,399.3,162.0,2.0,1113.5,60.0,2400,0.0,0.0,15566,-636,61,discharging,None,None
20:22:18.887,staggered,8.3,399.2,162.0,82.2,1112.9,63.9,2400,0.0,0.0,15533,-575,61,discharging,None,None
20:22:19.391,staggered,8.4,399.2,169.0,45.8,1112.9,62.8,2400,0.0,0.0,15559,-612,61,discharging,None,None
20:22:19.899,staggered,8.4,399.2,169.0,57.2,1112.9,65.0,2400,0.0,0.0,15567,-575,61,discharging,None,None
20:22:20.403,staggered,7.9,395.4,169.0,27.0,1110.3,61.1,2400,0.0,0.0,15557,-619,61,discharging,None,None
20:22:20.911,staggered,7.9,395.4,158.9,55.0,1109.9,65.0,2400,0.0,0.0,15550,-598,61,discharging,None,None
20:22:21.414,staggered,7.9,393.8,158.9,62.6,1109.3,62.8,2400,0.0,0.0,15526,-642,61,discharging,None,None
20:22:21.923,staggered,8.3,393.8,158.9,6.5,1108.8,61.7,2400,0.0,0.0,15572,-580,61,discharging,None,None
20:22:22.427,staggered,8.3,393.8,309.5,100.0,1108.8,66.7,2400,0.0,0.0,15539,-549,61,discharging,None,None
20:22:22.930,staggered,8.3,517.4,309.5,24.6,1107.5,61.1,2400,0.0,0.0,15551,-661,61,discharging,None,None
20:22:23.443,staggered,8.3,517.4,309.5,25.1,1107.5,64.5,2400,0.0,0.0,15573,-539,61,discharging,None,None
20:22:23.948,staggered,8.3,517.4,391.8,100.0,1107.5,66.7,2400,0.0,0.0,15530,-583,61,discharging,None,None
20:22:24.452,staggered,8.3,666.4,391.8,11.9,1107.0,62.2,1600,0.0,0.0,15561,-669,61,discharging,None,None
20:22:24.960,staggered,8.3,666.4,391.8,36.0,1107.0,63.4,2400,0.0,0.0,15579,-493,61,discharging,None,None
20:22:25.471,staggered,8.3,666.4,391.8,100.0,1107.0,65.5,2400,0.0,0.0,15531,-558,61,discharging,None,None
20:22:25.975,staggered,8.3,771.1,495.8,22.2,1106.1,61.1,2400,0.0,0.0,15547,-687,61,discharging,None,None
20:22:26.483,staggered,8.4,771.1,495.8,25.0,1106.1,64.5,2400,0.0,0.0,15573,-535,61,discharging,None,None
20:22:26.988,staggered,8.4,555.3,495.8,99.5,1106.5,66.1,2400,0.0,0.0,15531,-580,61,discharging,None,None
20:22:27.491,staggered,8.3,555.3,329.6,13.4,1106.4,61.7,2400,0.0,0.0,15560,-671,61,discharging,None,None
20:22:27.999,staggered,8.3,555.3,329.6,57.1,1106.4,66.7,2400,0.0,0.0,15573,-541,61,discharging,None,None
20:22:28.503,staggered,8.3,403.4,166.3,63.1,1105.8,62.8,2400,0.0,0.0,15538,-604,61,discharging,None,None
20:22:29.009,staggered,8.3,403.4,166.3,19.5,1105.5,63.9,2400,0.0,0.0,15562,-623,61,discharging,None,None
20:22:29.512,staggered,8.3,399.1,166.3,65.5,1105.5,62.8,2400,0.0,0.0,15529,-610,61,discharging,None,None
20:22:30.016,staggered,8.3,399.1,171.4,38.0,1105.0,61.7,2400,0.0,0.0,15542,-644,61,discharging,None,None
20:22:30.523,staggered,8.3,395.1,171.4,79.4,1105.0,66.1,2400,0.0,0.0,15554,-568,61,discharging,None,None
20:22:31.027,staggered,8.3,395.1,171.4,16.1,1104.7,63.4,2400,0.0,0.0,15559,-580,61,discharging,None,None
20:22:31.532,staggered,8.2,395.1,338.3,78.2,1104.5,66.7,2400,0.0,0.0,15543,-593,61,discharging,None,None
20:22:32.036,staggered,8.2,389.7,338.3,38.8,1104.4,62.2,2400,0.0,0.0,15519,-657,61,discharging,None,None
20:22:32.555,staggered,7.6,389.7,338.3,10.3,1104.4,62.2,2400,0.0,0.0,15569,-579,61,discharging,None,None
20:22:33.059,staggered,7.6,389.7,338.3,100.0,1104.4,66.7,2400,0.0,0.0,15539,-529,61,discharging,None,None
20:22:33.562,staggered,7.6,810.6,679.6,55.9,1103.9,62.2,2400,0.0,0.0,15525,-707,61,discharging,None,None
20:22:34.066,staggered,8.3,810.6,679.6,2.5,1103.7,60.6,2400,0.0,0.0,15567,-611,61,discharging,None,None
20:22:34.579,staggered,8.3,810.6,679.6,89.7,1103.7,66.1,2400,0.0,0.0,15549,-506,61,discharging,None,None
20:22:35.082,staggered,8.3,596.2,435.3,52.2,1103.4,62.2,2400,0.0,0.0,15524,-677,61,discharging,None,None
20:22:35.593,staggered,8.3,596.2,435.3,15.0,1103.4,63.4,2400,0.0,0.0,15568,-607,61,discharging,None,None
20:22:36.097,staggered,8.4,398.7,435.3,82.9,1103.3,66.1,2400,0.0,0.0,15527,-549,61,discharging,None,None
20:22:36.601,staggered,8.4,398.7,162.8,21.8,1103.3,61.7,2400,0.0,0.0,15534,-642,61,discharging,None,None
20:22:37.107,staggered,8.4,387.4,162.8,77.8,1103.3,65.5,2400,0.0,0.0,15566,-565,61,discharging,None,None
20:22:37.611,staggered,8.3,387.4,159.9,38.5,1103.3,63.4,2400,0.0,0.0,15558,-578,61,discharging,None,None
20:22:38.119,staggered,8.3,387.4,159.9,43.3,1104.2,65.5,2400,0.0,0.0,15563,-565,61,discharging,None,None
20:22:38.622,staggered,8.3,399.2,159.9,41.7,1104.2,62.2,2400,0.0,0.0,15559,-580,61,discharging,None,None
20:22:39.132,staggered,8.3,399.2,167.7,43.9,1104.7,62.8,2400,0.0,0.0,15549,-575,61,discharging,None,None
20:22:39.636,staggered,8.3,399.7,167.7,76.6,1104.7,63.9,2400,0.0,0.0,15518,-643,61,discharging,None,None
20:22:40.144,staggered,8.3,399.7,167.7,8.9,1104.2,61.7,1800,0.0,0.0,15568,-572,61,discharging,None,None
20:22:40.648,staggered,8.3,399.7,173.8,99.0,1104.2,66.7,2400,0.0,0.0,15525,-580,61,discharging,None,None
20:22:41.153,staggered,8.3,402.7,173.8,16.8,1103.7,61.1,2400,0.0,0.0,15558,-628,61,discharging,None,None
20:22:41.666,staggered,8.3,402.7,173.8,36.0,1103.7,64.5,2400,0.0,0.0,15563,-511,61,discharging,None,None
20:22:42.170,staggered,8.3,611.0,380.2,93.6,1103.7,64.5,2400,0.0,0.0,15519,-656,61,discharging,None,None
20:22:42.674,staggered,8.3,611.0,380.2,2.5,1103.7,61.7,2400,0.0,0.0,15566,-619,61,discharging,None,None
20:22:43.185,staggered,8.3,611.0,380.2,52.0,1104.0,65.5,2400,0.0,0.0,15549,-502,61,discharging,None,None
20:22:43.799,staggered,8.3,881.3,734.7,97.6,1104.0,65.5,2400,0.0,0.0,15521,-674,61,discharging,None,None
20:22:44.303,staggered,8.3,881.3,734.7,3.5,1104.0,61.7,2400,0.0,0.0,15557,-654,61,discharging,None,None
20:22:44.811,staggered,8.3,881.3,734.7,40.8,1104.0,65.0,2400,0.0,0.0,15569,-487,61,discharging,None,None
20:22:45.314,staggered,5.9,420.1,180.3,78.4,1103.2,63.4,2400,0.0,0.0,15519,-621,61,discharging,None,None
20:22:45.818,staggered,5.9,420.1,180.3,3.0,1104.0,61.7,2400,0.0,0.0,15561,-636,61,discharging,None,None
20:22:46.321,staggered,8.3,398.0,180.3,82.7,1104.0,63.9,2400,0.0,0.0,15526,-570,61,discharging,None,None
20:22:46.825,staggered,8.3,398.0,163.3,36.3,1104.0,62.8,2400,0.0,0.0,15522,-640,61,discharging,None,None
20:22:47.332,staggered,8.3,398.0,163.3,61.6,1104.0,66.7,2400,0.0,0.0,15561,-566,61,discharging,None,None
20:22:47.836,staggered,8.3,403.5,163.3,37.1,1106.3,65.0,2400,0.0,0.0,15548,-584,61,discharging,None,None
20:22:48.344,staggered,8.3,403.5,190.8,47.0,1106.0,65.5,2400,0.0,0.0,15552,-607,61,discharging,None,None
20:22:48.847,staggered,8.3,414.9,190.8,62.4,1106.1,62.2,2400,0.0,0.0,15519,-650,61,discharging,None,None
20:22:49.351,staggered,8.3,414.9,159.6,36.3,1106.1,63.9,2400,0.0,0.0,15565,-590,61,discharging,None,None
20:22:49.857,staggered,8.4,398.5,159.6,80.6,1105.6,66.1,2400,0.0,0.0,15528,-572,61,discharging,None,None
20:22:50.361,staggered,8.4,398.5,159.6,3.0,1110.4,60.6,1900,0.0,0.0,15554,-639,61,discharging,None,None
20:22:50.867,staggered,8.4,398.5,244.1,72.5,1110.6,66.1,2400,0.0,0.0,15564,-548,61,discharging,None,None
20:22:51.371,staggered,8.3,469.7,244.1,54.7,1111.3,62.8,2400,0.0,0.0,15514,-652,61,discharging,None,None
20:22:51.874,staggered,8.3,469.7,244.1,2.5,1110.7,61.1,2400,0.0,0.0,15563,-615,61,discharging,None,None
20:22:52.387,staggered,8.3,469.7,244.1,91.7,1110.7,66.1,2400,0.0,0.0,15531,-536,61,discharging,None,None
20:22:52.890,staggered,8.3,781.7,579.9,64.4,1110.2,62.8,2400,0.0,0.0,15518,-715,61,discharging,None,None
20:22:53.394,staggered,8.4,781.7,579.9,2.5,1110.4,61.7,2400,0.0,0.0,15564,-624,61,discharging,None,None
20:22:53.907,staggered,8.4,781.7,579.9,79.9,1110.0,65.5,2400,0.0,0.0,15550,-502,61,discharging,None,None
20:22:54.410,staggered,8.4,703.2,467.8,65.8,1109.0,62.8,2400,0.0,0.0,15515,-679,61,discharging,None,None
20:22:54.914,staggered,8.3,703.2,467.8,2.5,1107.4,61.7,2400,0.0,0.0,15561,-624,61,discharging,None,None
20:22:55.426,staggered,8.3,411.1,467.8,82.9,1107.4,66.1,2400,0.0,0.0,15545,-511,61,discharging,None,None
20:22:55.930,staggered,8.3,411.1,177.9,44.1,1106.1,62.2,2400,0.0,0.0,15516,-648,61,discharging,None,None
20:22:56.439,staggered,8.3,411.1,177.9,44.3,1106.1,65.0,2400,0.0,0.0,15558,-598,61,discharging,None,None
20:22:56.943,staggered,8.3,407.6,163.2,71.9,1106.3,65.5,2400,0.0,0.0,15513,-613,61,discharging,None,None
20:22:57.448,staggered,7.9,407.6,163.2,9.0,1106.8,62.8,2400,0.0,0.0,15556,-663,61,discharging,None,None
20:22:57.952,staggered,7.9,403.1,163.2,78.2,1106.5,63.4,2400,0.0,0.0,15524,-615,61,discharging,None,None
20:22:58.455,staggered,8.2,403.1,166.4,37.6,1107.2,62.8,2400,0.0,0.0,15551,-624,61,discharging,None,None
20:22:58.963,staggered,8.2,403.1,166.4,66.0,1107.9,67.2,2400,0.0,0.0,15557,-586,61,discharging,None,None
20:22:59.466,staggered,8.4,398.6,166.4,18.6,1107.2,62.8,2400,0.0,0.0,15534,-638,61,discharging,None,None
20:22:59.979,staggered,8.4,398.6,163.8,64.9,1106.2,65.5,2400,0.0,0.0,15537,-631,61,discharging,None,None
20:23:00.482,staggered,8.4,407.9,163.8,54.9,1106.2,64.5,2400,0.0,0.0,15516,-657,61,discharging,None,None
20:23:00.991,staggered,8.3,407.9,163.8,23.5,1104.9,63.4,2400,0.0,0.0,15560,-597,61,discharging,None,None
20:23:01.495,staggered,8.3,436.3,228.4,99.0,1105.7,66.1,2400,0.0,0.0,15526,-547,61,discharging,None,None
20:23:01.999,staggered,8.3,436.3,228.4,4.4,1105.9,60.6,2400,0.0,0.0,15547,-647,61,discharging,None,None
20:23:02.511,staggered,8.3,436.3,228.4,46.3,1105.9,65.0,2400,0.0,0.0,15560,-548,61,discharging,None,None
20:23:03.014,staggered,8.3,679.6,477.5,91.1,1106.2,65.0,2400,0.0,0.0,15516,-613,61,discharging,None,None
20:23:03.518,staggered,8.3,679.6,477.5,2.5,1106.2,61.1,2400,0.0,0.0,15548,-696,61,discharging,None,None
20:23:04.030,staggered,8.3,679.6,477.5,53.9,1106.2,66.7,2400,0.0,0.0,15562,-529,61,discharging,None,None
20:23:04.534,staggered,8.3,667.4,520.1,97.0,1105.9,66.1,2400,0.0,0.0,15520,-610,61,discharging,None,None
20:23:05.037,staggered,8.3,667.4,520.1,2.0,1105.7,62.2,2400,0.0,0.0,15548,-694,61,discharging,None,None
20:23:05.544,staggered,8.3,667.4,520.1,63.1,1105.7,66.1,2400,0.0,0.0,15564,-530,61,discharging,None,None
20:23:06.047,staggered,8.3,365.8,150.8,45.5,1106.8,63.4,2400,0.0,0.0,15526,-588,61,discharging,None,None
20:23:06.555,staggered,8.3,365.8,150.8,32.0,1106.8,65.5,2400,0.0,0.0,15556,-612,61,discharging,None,None
20:23:07.064,staggered,8.3,364.5,150.8,43.8,1106.4,62.8,2400,0.0,0.0,15519,-598,61,discharging,None,None
20:23:07.573,staggered,8.3,364.5,151.2,33.8,1106.4,61.7,2400,0.0,0.0,15536,-621,61,discharging,None,None
20:23:08.076,staggered,8.3,364.0,151.2,73.6,1105.2,63.4,2400,0.0,0.0,15538,-562,61,discharging,None,None
20:23:08.580,staggered,8.3,364.0,151.4,33.8,1105.9,65.0,2400,0.0,0.0,15552,-566,61,discharging,None,None
20:23:09.087,staggered,8.3,361.6,151.4,71.6,1105.9,67.2,2400,0.0,0.0,15553,-561,61,discharging,None,None
20:23:09.591,staggered,8.3,361.6,151.4,2.5,1105.9,61.7,2400,0.0,0.0,15535,-579,61,discharging,None,None
20:23:10.099,staggered,8.3,361.6,191.7,66.8,1107.2,66.7,2400,0.0,0.0,15525,-544,61,discharging,None,None
20:23:10.603,staggered,8.3,409.7,191.7,42.9,1106.6,62.2,2400,0.0,0.0,15547,-630,61,discharging,None,None
20:23:11.114,staggered,8.3,409.7,191.7,1.5,1105.9,61.7,1600,0.0,0.0,15563,-528,61,discharging,None,None
20:23:11.626,staggered,8.3,409.7,435.9,100.0,1105.9,63.9,2400,0.0,0.0,15523,-558,61,discharging,None,None
20:23:12.130,staggered,8.3,657.2,435.9,29.4,1105.4,62.2,2400,0.0,0.0,15551,-646,61,discharging,None,None
20:23:12.639,staggered,8.3,657.2,435.9,15.5,1105.7,63.4,2400,0.0,0.0,15563,-504,61,discharging,None,None
20:23:13.143,staggered,8.3,657.2,435.9,100.0,1105.7,66.7,2400,0.0,0.0,15515,-605,61,discharging,None,None
20:23:13.646,staggered,8.3,600.5,384.8,10.4,1105.7,60.6,2400,0.0,0.0,15551,-657,61,discharging,None,None
20:23:14.155,staggered,8.3,600.5,384.8,38.8,1105.7,66.1,2400,0.0,0.0,15564,-506,61,discharging,None,None
20:23:14.659,staggered,8.3,363.3,148.7,68.0,1105.7,62.8,2400,0.0,0.0,15531,-623,61,discharging,None,None
20:23:15.167,staggered,8.3,363.3,148.7,8.5,1105.4,63.4,2400,0.0,0.0,15562,-587,61,discharging,None,None
20:23:15.670,staggered,8.3,362.4,148.7,66.0,1105.4,62.8,2400,0.0,0.0,15515,-566,61,discharging,None,None
20:23:16.174,staggered,8.3,362.4,151.6,32.8,1104.4,62.2,2400,0.0,0.0,15539,-624,61,discharging,None,None
20:23:16.677,staggered,8.3,367.0,151.6,76.1,1104.4,66.1,2400,0.0,0.0,15525,-581,61,discharging,None,None
20:23:17.184,staggered,8.3,367.0,151.6,21.2,1104.4,65.5,2400,0.0,0.0,15553,-557,61,discharging,None,None
20:23:17.688,staggered,8.3,367.0,158.6,59.2,1104.4,66.1,2400,0.0,0.0,15548,-558,61,discharging,None,None
20:23:18.192,staggered,8.3,364.7,158.6,27.5,1104.2,61.7,2400,0.0,0.0,15550,-624,61,discharging,None,None
20:23:18.699,staggered,8.3,364.7,147.3,48.5,1104.2,65.0,2400,0.0,0.0,15552,-574,61,discharging,None,None
20:23:19.203,staggered,8.3,371.1,147.3,58.9,1104.2,62.2,2400,0.0,0.0,15510,-624,61,discharging,None,None
20:23:19.706,staggered,8.3,371.1,147.3,0.0,1104.2,61.1,2400,0.0,0.0,15560,-571,61,discharging,None,None
20:23:20.210,staggered,8.3,371.1,383.6,83.5,1104.2,65.5,2400,0.0,0.0,15526,-526,61,discharging,None,None
20:23:20.713,staggered,8.3,642.9,383.6,46.3,1104.2,63.4,2400,0.0,0.0,15523,-661,61,discharging,None,None
20:23:21.217,staggered,8.3,642.9,383.6,0.0,1103.7,61.1,2400,0.0,0.0,15560,-555,61,discharging,None,None
20:23:21.727,staggered,8.3,642.9,383.6,97.1,1103.7,65.0,2400,0.0,0.0,15534,-542,61,discharging,None,None
20:23:22.231,staggered,8.3,646.5,400.2,33.0,1103.5,62.2,2400,0.0,0.0,15542,-650,61,discharging,None,None
20:23:22.739,staggered,8.3,646.5,400.2,11.0,1103.5,62.8,2400,0.0,0.0,15563,-527,61,discharging,None,None
20:23:23.244,staggered,8.3,508.0,400.2,100.0,1103.5,67.2,2400,0.0,0.0,15515,-583,61,discharging,None,None
20:23:23.747,staggered,8.3,508.0,298.5,9.9,1103.5,62.2,2400,0.0,0.0,15550,-649,61,discharging,None,None
20:23:24.255,staggered,8.3,508.0,298.5,52.5,1103.5,66.1,2400,0.0,0.0,15559,-529,61,discharging,None,None
20:23:24.759,staggered,8.3,363.4,153.0,54.7,1103.5,63.4,2400,0.0,0.0,15543,-617,61,discharging,None,None
20:23:25.265,staggered,8.3,363.4,153.0,21.9,1103.5,65.0,2400,0.0,0.0,15559,-579,61,discharging,None,None
20:23:25.769,staggered,8.3,363.3,153.0,53.0,1103.5,62.2,2400,0.0,0.0,15512,-571,61,discharging,None,None
20:23:26.272,staggered,8.3,363.3,155.5,33.0,1104.0,61.7,2400,0.0,0.0,15524,-624,61,discharging,None,None
20:23:26.776,staggered,8.3,375.4,155.5,77.5,1104.0,63.9,2400,0.0,0.0,15523,-588,61,discharging,None,None
20:23:27.284,staggered,8.3,375.4,155.5,19.6,1104.0,65.0,2400,0.0,0.0,15554,-555,61,discharging,None,None
20:23:27.788,staggered,8.3,375.4,151.5,72.1,1104.0,67.2,2400,0.0,0.0,15543,-557,61,discharging,None,None
20:23:28.292,staggered,8.3,363.3,151.5,16.0,1103.7,61.7,2400,0.0,0.0,15549,-624,61,discharging,None,None
20:23:28.800,staggered,8.3,363.3,179.8,51.2,1103.7,65.0,2400,0.0,0.0,15560,-550,61,discharging,None,None
20:23:29.304,staggered,8.3,419.8,179.8,58.5,1104.0,62.8,2400,0.0,0.0,15507,-630,61,discharging,None,None
20:23:29.807,staggered,8.3,419.8,179.8,0.0,1104.0,61.1,2400,0.0,0.0,15558,-593,61,discharging,None,None
20:23:30.319,staggered,8.3,419.8,179.8,85.9,1104.0,66.1,2400,0.0,0.0,15526,-517,61,discharging,None,None
20:23:30.822,staggered,8.3,699.6,489.0,54.5,1103.7,62.8,2400,0.0,0.0,15507,-683,61,discharging,None,None
20:23:31.326,staggered,8.3,699.6,489.0,0.0,1103.5,61.7,2400,0.0,0.0,15558,-586,61,discharging,None,None
20:23:31.839,staggered,8.3,699.6,489.0,89.7,1111.0,66.1,2400,0.0,0.0,15520,-513,61,discharging,None,None
20:23:32.342,staggered,8.3,615.5,445.3,47.3,1110.9,63.4,2400,0.0,0.0,15509,-663,61,discharging,None,None
20:23:32.852,staggered,8.3,615.5,445.3,10.4,1110.1,64.5,2400,0.0,0.0,15558,-569,61,discharging,None,None
20:23:33.357,staggered,8.3,363.0,445.3,82.4,1110.0,63.9,2400,0.0,0.0,15514,-563,61,discharging,None,None
20:23:33.861,staggered,8.3,363.0,154.1,13.9,1108.5,61.7,2400,0.0,0.0,15554,-625,61,discharging,None,None
20:23:34.365,staggered,8.3,363.6,154.1,74.8,1108.5,65.0,2400,0.0,0.0,15534,-564,61,discharging,None,None
20:23:34.868,staggered,8.3,363.6,154.6,32.0,1107.9,63.9,2400,0.0,0.0,15547,-587,61,discharging,None,None
20:23:35.376,staggered,8.3,363.6,154.6,50.2,1107.9,66.7,2400,0.0,0.0,15552,-559,61,discharging,None,None
20:23:35.880,staggered,8.3,363.3,154.6,24.5,1106.9,62.2,2400,0.0,0.0,15531,-603,61,discharging,None,None
20:23:36.387,staggered,8.3,363.3,155.3,51.7,1106.9,66.1,2400,0.0,0.0,15532,-606,61,discharging,None,None
20:23:36.890,staggered,8.3,361.7,155.3,55.4,1106.5,62.8,1500,0.0,0.0,15510,-623,61,discharging,None,None
20:23:37.399,staggered,8.3,361.7,155.3,12.6,1107.4,63.9,2400,0.0,0.0,15562,-542,61,discharging,None,None
20:23:37.904,staggered,8.3,361.7,300.2,99.5,1107.4,66.7,2400,0.0,0.0,15525,-512,61,discharging,None,None
20:23:38.408,staggered,8.3,468.4,300.2,5.9,1107.0,61.7,2400,0.0,0.0,15545,-629,61,discharging,None,None
20:23:38.918,staggered,8.3,468.4,300.2,38.9,1107.2,65.5,2400,0.0,0.0,15560,-514,61,discharging,None,None
20:23:39.427,staggered,8.3,468.4,564.0,100.0,1108.4,66.1,2400,0.0,0.0,15512,-590,61,discharging,None,None
20:23:39.931,staggered,8.3,727.5,564.0,7.4,1108.0,61.7,2400,0.0,0.0,15545,-685,61,discharging,None,None
20:23:40.439,staggered,8.3,727.5,564.0,37.3,1108.0,66.7,2400,0.0,0.0,15558,-514,61,discharging,None,None
20:23:40.942,staggered,8.3,391.1,195.0,73.0,1107.6,63.4,2400,0.0,0.0,15509,-596,61,discharging,None,None
20:23:41.452,staggered,8.3,391.1,195.0,1.5,1107.6,61.1,2400,0.0,0.0,15549,-631,61,discharging,None,None
20:23:41.956,staggered,8.3,361.8,195.0,72.9,1106.9,62.8,2400,0.0,0.0,15517,-562,61,discharging,None,None
20:23:42.460,staggered,8.3,361.8,151.2,33.0,1106.9,62.2,1900,0.0,0.0,15515,-624,61,discharging,None,None
20:23:42.968,staggered,8.3,369.2,151.2,72.4,1106.9,65.5,2400,0.0,0.0,15557,-542,61,discharging,None,None
20:23:43.472,staggered,8.3,369.2,151.2,29.7,1106.4,65.0,2400,0.0,0.0,15546,-551,61,discharging,None,None
20:23:43.976,staggered,8.3,369.2,151.5,47.5,1106.4,65.5,2400,0.0,0.0,15552,-584,61,discharging,None,None
20:23:44.479,staggered,8.3,367.3,151.5,34.8,1106.3,61.7,2400,0.0,0.0,15510,-625,61,discharging,None,None
20:23:44.987,staggered,8.3,367.3,151.3,41.3,1105.5,63.9,2400,0.0,0.0,15556,-580,61,discharging,None,None
20:23:45.490,staggered,8.3,363.2,151.3,65.7,1105.5,63.4,2400,0.0,0.0,15508,-596,61,discharging,None,None
20:23:45.994,staggered,8.3,363.2,151.3,0.0,1105.8,61.1,2400,0.0,0.0,15550,-612,61,discharging,None,None
20:23:46.503,staggered,8.3,363.2,263.0,89.1,1105.8,66.1,2400,0.0,0.0,15535,-518,61,discharging,None,None
20:23:47.006,staggered,8.3,486.1,263.0,21.8,1105.8,61.7,2400,0.0,0.0,15516,-630,61,discharging,None,None
20:23:47.516,staggered,8.3,486.1,263.0,23.0,1105.8,63.9,2400,0.0,0.0,15555,-561,61,discharging,None,None
20:23:48.023,staggered,8.3,486.1,487.1,100.0,1105.8,66.1,2400,0.0,0.0,15519,-543,61,discharging,None,None
20:23:48.527,staggered,8.3,713.2,487.1,18.9,1108.1,61.7,2400,0.0,0.0,15513,-674,61,discharging,None,None
20:23:49.036,staggered,8.3,713.2,487.1,24.5,1107.7,65.0,2400,0.0,0.0,15554,-551,61,discharging,None,None
20:23:49.540,staggered,8.3,515.3,306.2,96.6,1107.7,65.5,2400,0.0,0.0,15514,-556,61,discharging,None,None
20:23:50.043,staggered,8.3,515.3,306.2,0.5,1108.1,61.7,2400,0.0,0.0,15543,-650,61,discharging,None,None
20:23:50.551,staggered,77.3,515.3,306.2,64.5,1108.1,66.7,2400,0.0,0.0,15557,-530,61,discharging,None,None
20:23:51.054,staggered,77.3,407.3,171.4,55.0,1107.7,62.8,2400,0.0,0.0,15510,-598,61,discharging,None,None
20:23:51.564,staggered,8.3,407.3,171.4,26.1,1107.7,64.5,2400,0.0,0.0,15544,-632,61,discharging,None,None
20:23:52.067,staggered,8.3,399.3,171.4,57.4,1107.2,62.2,2400,0.0,0.0,15513,-603,61,discharging,None,None
20:23:52.571,staggered,8.3,399.3,162.7,36.1,1107.2,62.2,2400,0.0,0.0,15526,-642,61,discharging,None,None
20:23:53.192,staggered,8.3,399.3,162.7,90.3,1107.2,65.5,2400,0.0,0.0,15528,-614,61,discharging,None,None
20:23:53.696,staggered,8.3,589.1,159.8,44.3,1106.1,63.4,2400,0.0,0.0,15544,-651,61,discharging,None,None
20:23:54.204,staggered,8.3,589.1,159.8,36.1,1106.2,64.5,2400,0.0,0.0,15550,-563,61,discharging,None,None
20:23:54.708,staggered,6.6,409.2,159.8,49.3,1106.2,63.4,2400,0.0,0.0,15504,-614,61,discharging,None,None
20:23:55.211,staggered,6.6,409.2,159.2,36.6,1105.8,62.8,2400,0.0,0.0,15514,-641,61,discharging,None,None
20:23:55.715,staggered,8.3,415.0,159.2,84.2,1105.8,65.0,2400,0.0,0.0,15511,-606,61,discharging,None,None
20:23:56.224,staggered,8.3,415.0,159.2,12.5,1105.4,64.5,2400,0.0,0.0,15543,-586,61,discharging,None,None
20:23:56.728,staggered,8.3,415.0,171.5,81.1,1105.4,67.2,2400,0.0,0.0,15540,-571,61,discharging,None,None
20:23:57.232,staggered,8.3,395.4,171.5,27.0,1105.1,62.8,2400,0.0,0.0,15528,-647,61,discharging,None,None
20:23:57.756,staggered,8.3,395.4,171.5,42.4,1105.1,65.0,2400,0.0,0.0,15552,-555,61,discharging,None,None
20:23:58.260,staggered,8.3,498.2,259.3,81.0,1104.9,65.0,2400,0.0,0.0,15501,-622,61,discharging,None,None
20:23:58.763,staggered,8.3,498.2,259.3,2.5,1105.3,62.2,2400,0.0,0.0,15543,-649,61,discharging,None,None
20:23:59.275,staggered,8.3,498.2,259.3,65.5,1107.5,66.1,2400,0.0,0.0,15552,-505,61,discharging,None,None
20:23:59.778,staggered,8.3,732.8,499.2,82.2,1108.0,65.0,2400,0.0,0.0,15505,-651,61,discharging,None,None
20:24:00.282,staggered,8.4,732.8,499.2,3.0,1107.5,61.7,2400,0.0,0.0,15542,-656,61,discharging,None,None
20:24:00.795,staggered,8.4,732.8,499.2,62.7,1107.5,66.7,2400,0.0,0.0,15553,-507,61,discharging,None,None
20:24:01.298,staggered,8.4,705.6,477.6,81.7,1106.1,65.0,2400,0.0,0.0,15504,-650,61,discharging,None,None
20:24:01.802,staggered,8.3,705.6,477.6,2.5,1105.8,62.8,2400,0.0,0.0,15540,-660,61,discharging,None,None
20:24:02.311,staggered,8.3,705.6,477.6,65.2,1104.9,67.2,2400,0.0,0.0,15552,-507,61,discharging,None,None
20:24:02.814,staggered,8.3,408.1,187.3,53.9,1105.1,63.4,2400,0.0,0.0,15505,-647,61,discharging,None,None
20:24:03.323,staggered,8.3,408.1,187.3,27.0,1105.4,65.0,2400,0.0,0.0,15549,-609,61,discharging,None,None
20:24:03.827,staggered,8.3,402.0,187.3,70.8,1105.4,65.0,2400,0.0,0.0,15509,-565,61,discharging,None,None
20:24:04.331,staggered,8.3,402.0,171.1,25.2,1105.1,61.7,2400,0.0,0.0,15523,-637,61,discharging,None,None
20:24:04.835,staggered,8.3,395.9,171.1,82.2,1104.4,66.1,2400,0.0,0.0,15530,-574,61,discharging,None,None
20:24:05.343,staggered,8.3,395.9,171.1,25.0,1104.4,64.5,2400,0.0,0.0,15540,-586,61,discharging,None,None
20:24:05.847,staggered,8.3,395.9,175.6,71.8,1104.7,66.7,2400,0.0,0.0,15526,-588,61,discharging,None,None
20:24:06.350,staggered,7.9,407.4,175.6,34.7,1104.4,63.4,2400,0.0,0.0,15501,-660,61,discharging,None,None
20:24:06.859,staggered,7.9,407.4,163.4,45.3,1104.4,65.5,2400,0.0,0.0,15549,-583,61,discharging,None,None
20:24:07.362,staggered,7.9,409.2,163.4,73.4,1104.2,65.0,2400,0.0,0.0,15504,-606,61,discharging,None,None
20:24:07.866,staggered,8.3,409.2,163.4,2.5,1104.0,61.7,2400,0.0,0.0,15541,-647,61,discharging,None,None
20:24:08.378,staggered,8.3,409.2,163.4,75.6,1104.3,66.7,2400,0.0,0.0,15547,-512,61,discharging,None,None
20:24:08.882,staggered,8.3,688.6,495.8,68.0,1104.0,63.4,2400,0.0,0.0,15502,-655,61,discharging,None,None
20:24:09.386,staggered,8.3,688.6,495.8,2.0,1104.0,62.2,2400,0.0,0.0,15541,-649,61,discharging,None,None
20:24:09.899,staggered,8.3,688.6,495.8,78.4,1104.0,67.2,2400,0.0,0.0,15545,-509,61,discharging,None,None
20:24:10.403,staggered,8.3,675.7,431.0,59.8,1105.5,63.4,2400,0.0,0.0,15501,-679,61,discharging,None,None
20:24:10.906,staggered,8.3,675.7,431.0,3.0,1113.4,62.2,2400,0.0,0.0,15549,-542,61,discharging,None,None
20:24:11.423,staggered,8.3,675.7,431.0,86.8,1113.4,66.7,2400,0.0,0.0,15507,-587,61,discharging,None,None
20:24:11.926,staggered,8.3,492.5,258.4,37.4,1111.9,64.5,2400,0.0,0.0,15536,-671,61,discharging,None,None
20:24:12.435,staggered,8.3,492.5,258.4,33.5,1111.9,65.5,2400,0.0,0.0,15544,-567,61,discharging,None,None
20:24:12.940,staggered,8.3,398.6,258.4,79.8,1112.0,66.1,2400,0.0,0.0,15529,-642,61,discharging,None,None
20:24:13.443,staggered,8.3,398.6,172.8,8.4,1111.3,62.2,1600,0.0,0.0,15542,-616,61,discharging,None,None
20:24:13.947,staggered,8.3,415.1,172.8,84.6,1110.3,65.0,2400,0.0,0.0,15506,-595,61,discharging,None,None
20:24:14.450,staggered,8.3,415.1,163.0,36.3,1110.3,62.8,2400,0.0,0.0,15510,-629,61,discharging,None,None
20:24:14.959,staggered,8.4,415.1,163.0,54.7,1109.9,66.7,2400,0.0,0.0,15515,-575,61,discharging,None,None
20:24:15.463,staggered,8.4,403.1,163.0,30.9,1108.9,62.8,2400,0.0,0.0,15537,-584,61,discharging,None,None
20:24:15.972,staggered,8.3,403.1,158.5,52.0,1108.3,66.1,2400,0.0,0.0,15540,-572,61,discharging,None,None
20:24:16.476,staggered,8.3,394.2,158.5,65.8,1110.1,63.4,2400,0.0,0.0,15502,-645,61,discharging,None,None
20:24:16.985,staggered,8.3,394.2,158.5,22.2,1109.6,65.0,2400,0.0,0.0,15548,-586,61,discharging,None,None
20:24:17.489,staggered,8.3,394.2,172.6,96.0,1109.6,67.8,2400,0.0,0.0,15505,-608,61,discharging,None,None
20:24:17.992,staggered,8.3,548.4,172.6,32.3,1108.9,63.4,2400,0.0,0.0,15537,-675,61,discharging,None,None
20:24:18.502,staggered,7.6,548.4,163.4,48.3,1109.3,66.7,2400,0.0,0.0,15532,-571,61,discharging,None,None
20:24:19.005,staggered,7.6,399.6,163.4,69.2,1108.8,63.9,2400,0.0,0.0,15498,-645,61,discharging,None,None
20:24:19.509,staggered,7.6,399.6,163.4,2.5,1108.8,62.2,2400,0.0,0.0,15546,-585,61,discharging,None,None
20:24:20.015,staggered,8.3,399.6,163.4,78.8,1108.8,67.2,2400,0.0,0.0,15514,-541,61,discharging,None,None
20:24:20.519,staggered,8.3,683.2,483.2,65.0,1108.5,63.9,2400,0.0,0.0,15496,-688,61,discharging,None,None
20:24:21.023,staggered,8.4,683.2,483.2,2.5,1107.9,62.2,2400,0.0,0.0,15546,-579,61,discharging,None,None
20:24:21.534,staggered,8.4,683.2,483.2,80.9,1107.9,67.8,2400,0.0,0.0,15510,-548,61,discharging,None,None
20:24:22.038,staggered,8.4,736.7,495.4,67.3,1110.9,63.9,2400,0.0,0.0,15499,-700,61,discharging,None,None
20:24:22.542,staggered,8.3,736.7,495.4,5.3,1110.9,62.2,2400,0.0,0.0,15545,-583,61,discharging,None,None
20:24:23.054,staggered,8.3,736.7,495.4,78.2,1110.5,66.7,2400,0.0,0.0,15510,-541,61,discharging,None,None
20:24:23.558,staggered,8.3,507.2,275.0,48.3,1109.8,63.9,2400,0.0,0.0,15513,-661,61,discharging,None,None
20:24:24.067,staggered,8.3,507.2,275.0,20.1,1108.9,63.9,2400,0.0,0.0,15551,-535,61,discharging,None,None
20:24:24.575,staggered,8.3,413.9,275.0,84.7,1108.9,66.1,2400,0.0,0.0,15502,-562,61,discharging,None,None
20:24:25.079,staggered,8.3,413.9,175.0,18.8,1108.3,62.8,2400,0.0,0.0,15537,-641,61,discharging,None,None
20:24:25.587,staggered,8.3,408.7,175.0,79.7,1108.3,66.7,2400,0.0,0.0,15509,-601,61,discharging,None,None
20:24:26.090,staggered,8.3,408.7,163.4,40.3,1108.3,65.0,2400,0.0,0.0,15532,-632,61,discharging,None,None
20:24:26.599,staggered,8.3,408.7,163.4,40.0,1108.3,65.5,2400,0.0,0.0,15544,-568,61,discharging,None,None
20:24:27.102,staggered,8.3,414.9,163.4,44.3,1108.0,61.7,2400,0.0,0.0,15518,-601,61,discharging,None,None
20:24:27.607,staggered,8.3,414.9,171.4,38.2,1111.7,62.8,2400,0.0,0.0,15507,-624,61,discharging,None,None
20:24:28.111,staggered,8.3,402.7,171.4,81.1,1111.2,64.5,2400,0.0,0.0,15500,-639,61,discharging,None,None
20:24:28.620,staggered,8.3,402.7,171.4,6.6,1111.2,63.9,2400,0.0,0.0,15542,-586,61,discharging,None,None
20:24:29.125,staggered,8.3,402.7,158.8,90.8,1110.6,68.3,2400,0.0,0.0,15523,-569,61,discharging,None,None
20:24:29.628,staggered,8.3,391.2,158.8,28.5,1110.6,63.9,2400,0.0,0.0,15528,-655,61,discharging,None,None
20:24:30.141,staggered,8.3,391.2,158.8,38.6,1109.8,66.1,2400,0.0,0.0,15546,-546,61,discharging,None,None
20:24:30.645,staggered,7.9,557.1,331.8,87.1,1109.8,65.0,2400,0.0,0.0,15496,-634,61,discharging,None,None
20:24:31.148,staggered,7.9,557.1,331.8,2.0,1109.0,62.8,2400,0.0,0.0,15539,-641,61,discharging,None,None
20:24:31.662,staggered,7.9,557.1,331.8,58.1,1109.0,66.1,2400,0.0,0.0,15540,-504,61,discharging,None,None
20:24:32.166,staggered,8.3,721.9,475.5,87.3,1108.2,65.0,2400,0.0,0.0,15497,-659,61,discharging,None,None
20:24:32.669,staggered,8.3,721.9,475.5,1.5,1108.2,62.8,2400,0.0,0.0,15536,-646,61,discharging,None,None
20:24:33.180,staggered,8.4,721.9,475.5,58.3,1108.5,66.7,2400,0.0,0.0,15541,-508,61,discharging,None,None
20:24:33.684,staggered,8.4,639.3,425.0,83.4,1108.5,65.5,2400,0.0,0.0,15494,-659,61,discharging,None,None
20:24:34.187,staggered,8.4,639.3,425.0,2.0,1108.2,63.4,2400,0.0,0.0,15537,-643,61,discharging,None,None
20:24:34.695,staggered,8.4,639.3,425.0,72.8,1108.2,67.2,2400,0.0,0.0,15526,-527,61,discharging,None,None
20:24:35.199,staggered,8.4,395.3,164.4,44.5,1114.8,63.4,2400,0.0,0.0,15496,-644,61,discharging,None,None
20:24:35.707,staggered,8.3,395.3,164.4,37.2,1115.1,66.7,2400,0.0,0.0,15543,-579,61,discharging,None,None
20:24:36.212,staggered,8.3,399.3,164.4,59.6,1114.0,66.1,2400,0.0,0.0,15496,-585,61,discharging,None,None
20:24:36.716,staggered,8.3,399.3,163.4,24.4,1114.0,62.8,2400,0.0,0.0,15532,-643,61,discharging,None,None
20:24:37.219,staggered,8.3,395.2,163.4,81.7,1112.9,65.0,2400,0.0,0.0,15504,-613,61,discharging,None,None
20:24:37.723,staggered,8.3,395.2,163.0,36.8,1114.7,65.0,2400,0.0,0.0,15536,-594,61,discharging,None,None
20:24:38.227,staggered,8.3,395.2,163.0,62.0,1111.9,67.8,2400,0.0,0.0,15532,-570,61,discharging,None,None
20:24:38.731,staggered,8.3,394.7,163.0,21.9,1112.8,63.4,2400,0.0,0.0,15526,-636,61,discharging,None,None
20:24:39.239,staggered,8.3,394.7,158.4,59.5,1112.9,66.1,2400,0.0,0.0,15526,-600,61,discharging,None,None
20:24:39.743,staggered,8.3,394.0,158.4,57.9,1113.1,63.4,2400,0.0,0.0,15497,-645,61,discharging,None,None
20:24:40.251,staggered,8.4,394.0,158.4,4.5,1112.4,62.8,2400,0.0,0.0,15542,-586,61,discharging,None,None
20:24:40.756,staggered,8.4,394.0,393.9,100.0,1112.4,67.2,2400,0.0,0.0,15508,-545,61,discharging,None,None
20:24:41.259,staggered,8.4,590.0,393.9,33.5,1110.9,63.9,2400,0.0,0.0,15507,-677,61,discharging,None,None
20:24:41.764,staggered,8.3,590.0,393.9,22.1,1110.5,63.4,2400,0.0,0.0,15536,-577,61,discharging,None,None
20:24:42.272,staggered,8.3,590.0,355.5,99.5,1110.0,67.8,2400,0.0,0.0,15508,-569,61,discharging,None,None
20:24:42.775,staggered,7.9,686.7,355.5,26.8,1109.0,63.4,2400,0.0,0.0,15511,-678,61,discharging,None,None
20:24:43.283,staggered,7.9,686.7,355.5,19.9,1109.0,65.0,2400,0.0,0.0,15541,-552,61,discharging,None,None
20:24:43.794,staggered,7.9,686.7,355.5,100.0,1109.0,67.8,2400,0.0,0.0,15504,-571,61,discharging,None,None
20:24:44.299,staggered,8.2,703.1,433.1,24.6,1109.7,63.9,2400,0.0,0.0,15515,-689,61,discharging,None,None
20:24:44.808,staggered,8.2,703.1,433.1,24.6,1109.7,67.2,2400,0.0,0.0,15543,-549,61,discharging,None,None
20:24:45.313,staggered,8.4,515.7,433.1,100.0,1109.7,67.2,2400,0.0,0.0,15502,-579,61,discharging,None,None
20:24:45.817,staggered,8.4,515.7,300.7,6.0,1115.5,62.8,2400,0.0,0.0,15532,-665,61,discharging,None,None
20:24:46.324,staggered,8.3,515.7,300.7,63.9,1115.6,67.8,2400,0.0,0.0,15544,-547,61,discharging,None,None
20:24:46.828,staggered,8.3,395.2,161.0,54.2,1114.4,65.0,2400,0.0,0.0,15514,-610,61,discharging,None,None
20:24:47.336,staggered,8.3,395.2,161.0,27.2,1114.4,66.7,2400,0.0,0.0,15535,-617,61,discharging,None,None
20:24:47.840,staggered,8.3,399.1,161.0,56.4,1112.7,63.4,2400,0.0,0.0,15499,-616,61,discharging,None,None
20:24:48.343,staggered,8.3,399.1,167.8,36.8,1112.7,63.9,2400,0.0,0.0,15510,-645,61,discharging,None,None
20:24:48.847,staggered,8.3,391.1,167.8,81.1,1112.0,65.5,2400,0.0,0.0,15519,-572,61,discharging,None,None
20:24:49.362,staggered,8.3,391.1,167.8,21.2,1112.0,64.5,1900,0.0,0.0,15530,-582,61,discharging,None,None
20:24:49.867,staggered,8.4,391.1,175.4,71.0,1111.6,68.3,2400,0.0,0.0,15521,-555,61,discharging,None,None
20:24:50.370,staggered,8.4,399.4,175.4,29.9,1111.3,63.4,2400,0.0,0.0,15493,-626,61,discharging,None,None
20:24:50.875,staggered,8.4,399.4,163.5,49.2,1110.4,66.1,2400,0.0,0.0,15541,-579,61,discharging,None,None
20:24:51.379,staggered,8.3,403.3,163.5,68.0,1112.2,64.5,2400,0.0,0.0,15490,-615,61,discharging,None,None
20:24:51.883,staggered,8.3,403.3,163.5,2.5,1111.7,62.8,2400,0.0,0.0,15531,-657,61,discharging,None,None
20:24:52.395,staggered,8.2,403.3,163.5,78.3,1112.9,67.2,2400,0.0,0.0,15534,-527,61,discharging,None,None
20:24:52.898,staggered,8.2,719.8,530.8,69.2,1113.0,63.9,2400,0.0,0.0,15490,-676,61,discharging,None,None
20:24:53.402,staggered,8.2,719.8,530.8,2.0,1113.4,61.7,2400,0.0,0.0,15529,-672,61,discharging,None,None
20:24:53.911,staggered,8.5,719.8,530.8,68.6,1130.1,67.8,2400,0.0,0.0,15534,-505,61,discharging,None,None
20:24:54.415,staggered,8.5,672.9,418.9,77.7,1136.0,65.0,2400,0.0,0.0,15493,-634,61,discharging,None,None
20:24:54.918,staggered,7.9,672.9,418.9,2.5,1132.6,63.4,2400,0.0,0.0,15527,-670,61,discharging,None,None
20:24:55.446,staggered,7.9,672.9,418.9,67.8,1133.3,66.7,2400,0.0,0.0,15541,-510,61,discharging,None,None
20:24:55.950,staggered,8.3,651.4,402.6,67.0,1130.0,63.9,2400,0.0,0.0,15493,-637,61,discharging,None,None
20:24:56.454,staggered,8.3,651.4,402.6,2.0,1130.0,62.8,2400,0.0,0.0,15531,-660,61,discharging,None,None
20:24:56.966,staggered,8.3,398.5,402.6,83.1,1129.0,67.2,2400,0.0,0.0,15541,-511,61,discharging,None,None
20:24:57.470,staggered,8.3,398.5,174.1,36.0,1128.5,63.4,2400,0.0,0.0,15496,-647,61,discharging,None,None
20:24:57.976,staggered,8.3,398.5,174.1,48.3,1126.7,67.2,2400,0.0,0.0,15539,-610,61,discharging,None,None
20:24:58.480,staggered,8.4,399.7,162.0,67.3,1124.6,67.8,2400,0.0,0.0,15496,-584,61,discharging,None,None
20:24:58.988,staggered,8.4,399.7,162.0,14.9,1122.6,64.5,2400,0.0,0.0,15514,-647,61,discharging,None,None
20:24:59.491,staggered,8.4,395.2,162.0,72.1,1121.4,64.5,1900,0.0,0.0,15507,-579,61,discharging,None,None
20:24:59.995,staggered,8.3,395.2,190.6,41.3,1119.5,63.9,2400,0.0,0.0,15532,-574,61,discharging,None,None
20:25:00.503,staggered,8.3,395.2,190.6,73.0,1119.5,67.8,2400,0.0,0.0,15536,-552,61,discharging,None,None
20:25:01.006,staggered,8.3,399.4,190.6,12.3,1117.4,63.4,2400,0.0,0.0,15494,-638,61,discharging,None,None
20:25:01.515,staggered,8.3,399.4,163.3,70.6,1117.4,67.8,2400,0.0,0.0,15535,-623,61,discharging,None,None
20:25:02.018,staggered,8.3,399.3,163.3,47.8,1115.3,63.9,2400,0.0,0.0,15490,-644,61,discharging,None,None
20:25:02.527,staggered,8.3,399.3,163.3,18.8,1115.3,65.5,2400,0.0,0.0,15531,-574,61,discharging,None,None
20:25:03.031,staggered,8.3,399.3,355.7,100.0,1114.9,68.8,2400,0.0,0.0,15492,-631,61,discharging,None,None
20:25:03.534,staggered,8.3,550.7,355.7,17.4,1113.7,64.5,2400,0.0,0.0,15523,-692,61,discharging,None,None
20:25:04.049,staggered,8.3,550.7,355.7,31.9,1111.7,67.2,2400,0.0,0.0,15536,-532,61,discharging,None,None
20:25:04.554,staggered,8.3,550.7,470.8,100.0,1111.7,68.3,2400,0.0,0.0,15487,-650,61,discharging,None,None
20:25:05.058,staggered,8.3,716.5,470.8,15.4,1110.5,63.4,2400,0.0,0.0,15524,-694,61,discharging,None,None
20:25:05.743,staggered,8.3,716.5,470.8,50.2,1111.2,67.2,2400,0.0,0.0,15537,-529,61,discharging,None,None
20:25:06.246,staggered,8.3,831.3,367.5,99.0,1110.8,67.8,2400,0.0,0.0,15493,-634,61,discharging,None,None
20:25:06.750,staggered,8.3,831.3,367.5,4.0,1110.6,62.8,2400,0.0,0.0,15515,-722,61,discharging,None,None
20:25:07.259,staggered,7.6,831.3,367.5,43.5,1109.8,67.2,2400,0.0,0.0,15536,-554,61,discharging,None,None
20:25:07.763,staggered,7.6,583.5,376.1,89.7,1109.8,65.5,2400,0.0,0.0,15492,-607,61,discharging,None,None
20:25:08.267,staggered,8.3,583.5,376.1,3.0,1108.4,62.8,2400,0.0,0.0,15524,-691,61,discharging,None,None
20:25:08.775,staggered,8.3,583.5,376.1,69.7,1108.4,68.8,2400,0.0,0.0,15536,-552,61,discharging,None,None
20:25:09.278,staggered,8.3,395.8,159.2,49.0,1107.8,64.5,2400,0.0,0.0,15498,-632,61,discharging,None,None
20:25:09.787,staggered,8.3,395.8,159.2,33.5,1107.8,66.7,2400,0.0,0.0,15527,-647,61,discharging,None,None
20:25:10.291,staggered,8.3,426.7,159.2,63.1,1107.4,65.0,2400,0.0,0.0,15503,-589,61,discharging,None,None
20:25:10.795,staggered,8.3,426.7,163.7,30.0,1107.0,62.2,2400,0.0,0.0,15496,-644,61,discharging,None,None
20:25:11.299,staggered,8.3,399.4,163.7,83.2,1107.5,65.5,2400,0.0,0.0,15525,-584,61,discharging,None,None
20:25:11.806,staggered,8.3,399.4,171.8,37.1,1107.0,65.5,2400,0.0,0.0,15520,-603,61,discharging,None,None
20:25:12.315,staggered,8.3,399.4,171.8,54.0,1108.2,67.8,2400,0.0,0.0,15519,-621,61,discharging,None,None
20:25:12.818,staggered,8.3,395.2,171.8,30.5,1107.9,63.4,2400,0.0,0.0,15485,-622,61,discharging,None,None
20:25:13.333,staggered,8.4,395.2,159.1,51.7,1107.9,65.5,2400,0.0,0.0,15497,-594,61,discharging,None,None
20:25:13.836,staggered,8.4,395.0,159.1,65.4,1107.0,63.9,2400,0.0,0.0,15482,-662,61,discharging,None,None
20:25:14.340,staggered,8.3,395.0,159.1,2.5,1106.8,62.8,2400,0.0,0.0,15532,-600,61,discharging,None,None
20:25:14.848,staggered,8.3,395.0,343.5,97.6,1106.8,68.3,2400,0.0,0.0,15494,-597,61,discharging,None,None
20:25:15.351,staggered,8.3,543.2,343.5,32.3,1106.3,62.8,2400,0.0,0.0,15521,-689,61,discharging,None,None
20:25:15.859,staggered,8.3,543.2,343.5,16.3,1106.3,64.5,2400,0.0,0.0,15534,-543,61,discharging,None,None
20:25:16.370,staggered,8.3,543.2,343.5,100.0,1106.3,68.3,2400,0.0,0.0,15488,-617,61,discharging,None,None
20:25:16.874,staggered,8.2,857.1,747.9,61.0,1106.3,65.5,2400,0.0,0.0,15488,-753,61,discharging,None,None
20:25:17.378,staggered,8.2,857.1,747.9,2.5,1106.7,63.4,2400,0.0,0.0,15530,-587,61,discharging,None,None
20:25:17.917,staggered,8.3,857.1,747.9,88.3,1106.8,67.2,2400,0.0,0.0,15493,-569,61,discharging,None,None
20:25:18.421,staggered,8.3,771.0,352.8,74.3,1106.3,64.5,2400,0.0,0.0,15486,-737,60,discharging,None,None
20:25:18.924,staggered,8.3,771.0,352.8,2.5,1106.0,63.4,2400,0.0,0.0,15532,-622,60,discharging,None,None
20:25:19.430,staggered,7.6,406.5,352.8,81.1,1106.0,67.2,2400,0.0,0.0,15497,-552,60,discharging,None,None
20:25:19.934,staggered,7.6,406.5,161.5,38.3,1105.8,63.4,2400,0.0,0.0,15493,-665,60,discharging,None,None
20:25:20.443,staggered,8.3,406.5,161.5,44.1,1105.8,67.8,2400,0.0,0.0,15532,-589,60,discharging,None,None
20:25:20.947,staggered,8.3,399.9,161.5,61.8,1104.9,66.1,2400,0.0,0.0,15495,-604,60,discharging,None,None
20:25:21.451,staggered,8.3,399.9,163.6,20.8,1104.6,63.9,2400,0.0,0.0,15525,-642,60,discharging,None,None
20:25:21.955,staggered,8.3,398.4,163.6,77.3,1104.6,64.5,2400,0.0,0.0,15490,-654,60,discharging,None,None
20:25:22.459,staggered,8.3,398.4,171.4,38.2,1104.6,63.9,2400,0.0,0.0,15528,-640,60,discharging,None,None
20:25:22.967,staggered,8.3,398.4,171.4,67.8,1104.6,67.8,2400,0.0,0.0,15511,-590,60,discharging,None,None
20:25:23.470,staggered,8.3,400.1,171.4,16.7,1104.4,63.4,2400,0.0,0.0,15521,-628,60,discharging,None,None
20:25:23.979,staggered,8.3,400.1,159.2,65.2,1105.1,67.2,2400,0.0,0.0,15495,-595,60,discharging,None,None
20:25:24.483,staggered,8.3,393.9,159.2,52.2,1105.1,63.4,2400,0.0,0.0,15482,-660,60,discharging,None,None
20:25:24.991,staggered,8.2,393.9,159.2,12.5,1105.6,63.4,1900,0.0,0.0,15531,-601,60,discharging,None,None
20:25:25.496,staggered,8.2,393.9,371.8,100.0,1105.6,67.2,2400,0.0,0.0,15500,-562,60,discharging,None,None
20:25:26.000,staggered,8.2,581.2,371.8,25.7,1105.3,61.7,2400,0.0,0.0,15512,-672,60,discharging,None,None
20:25:26.508,staggered,8.4,581.2,371.8,22.8,1105.3,65.0,2400,0.0,0.0,15533,-559,60,discharging,None,None
20:25:27.012,staggered,8.4,581.2,426.7,100.0,1105.6,67.8,2400,0.0,0.0,15490,-603,60,discharging,None,None
20:25:27.515,staggered,8.3,682.3,426.7,18.9,1104.9,62.8,2400,0.0,0.0,15522,-698,60,discharging,None,None
20:25:28.024,staggered,8.3,682.3,426.7,28.7,1104.6,65.5,2400,0.0,0.0,15531,-543,60,discharging,None,None
20:25:28.535,staggered,8.3,682.3,426.7,100.0,1112.5,67.2,2400,0.0,0.0,15491,-613,60,discharging,None,None
20:25:29.038,staggered,8.2,663.7,482.9,21.7,1112.0,62.8,2400,0.0,0.0,15511,-715,60,discharging,None,None
20:25:29.550,staggered,8.2,663.7,482.9,40.3,1112.0,66.1,2400,0.0,0.0,15534,-548,60,discharging,None,None
20:25:30.056,staggered,8.4,394.8,482.9,69.8,1110.4,65.0,2400,0.0,0.0,15485,-592,60,discharging,None,None
20:25:30.561,staggered,8.4,394.8,167.4,22.5,1110.4,63.9,2400,0.0,0.0,15520,-654,60,discharging,None,None
20:25:31.065,staggered,7.9,407.3,167.4,80.5,1109.4,64.5,2400,0.0,0.0,15494,-615,60,discharging,None,None
20:25:31.569,staggered,7.9,407.3,159.2,36.1,1109.4,65.0,2400,0.0,0.0,15525,-595,60,discharging,None,None
20:25:32.076,staggered,7.9,407.3,159.2,64.9,1109.0,67.2,2400,0.0,0.0,15523,-567,60,discharging,None,None
20:25:32.579,staggered,8.3,403.4,159.2,19.9,1109.4,62.8,2400,0.0,0.0,15513,-633,60,discharging,None,None
20:25:33.087,staggered,8.3,403.4,167.5,61.2,1108.8,66.1,2400,0.0,0.0,15519,-606,60,discharging,None,None
20:25:33.591,staggered,8.3,399.3,167.5,56.9,1108.8,63.9,2400,0.0,0.0,15487,-642,60,discharging,None,None
20:25:34.099,staggered,8.3,399.3,167.5,10.9,1108.0,62.8,2400,0.0,0.0,15531,-582,60,discharging,None,None
20:25:34.603,staggered,8.3,399.3,283.5,100.0,1108.0,68.3,2400,0.0,0.0,15498,-542,60,discharging,None,None
20:25:35.107,staggered,8.3,517.2,283.5,20.1,1107.1,62.8,2400,0.0,0.0,15504,-661,60,discharging,None,None
20:25:35.618,staggered,8.3,517.2,283.5,28.7,1107.1,65.5,2400,0.0,0.0,15533,-550,60,discharging,None,None
20:25:36.123,staggered,8.3,517.2,514.9,100.0,1106.7,67.8,2400,0.0,0.0,15492,-573,60,discharging,None,None
20:25:36.627,staggered,8.3,754.3,514.9,28.4,1106.7,63.4,2400,0.0,0.0,15493,-702,60,discharging,None,None
20:25:37.135,staggered,8.3,754.3,514.9,24.4,1107.0,65.5,2400,0.0,0.0,15531,-561,60,discharging,None,None
20:25:37.643,staggered,8.3,754.3,514.9,100.0,1107.0,67.2,2400,0.0,0.0,15494,-562,60,discharging,None,None
20:25:38.146,staggered,8.3,682.8,454.0,22.3,1106.7,62.8,2400,0.0,0.0,15497,-686,60,discharging,None,None
20:25:38.655,staggered,8.4,682.8,454.0,28.5,1108.1,65.5,2400,0.0,0.0,15531,-555,60,discharging,None,None
20:25:39.159,staggered,8.4,401.0,169.6,88.2,1107.3,65.5,2400,0.0,0.0,15489,-577,60,discharging,None,None
20:25:39.663,staggered,8.3,401.0,169.6,2.0,1107.8,62.2,2400,0.0,0.0,15521,-645,60,discharging,None,None
20:25:40.167,staggered,8.3,401.3,169.6,82.7,1107.8,65.5,2400,0.0,0.0,15512,-568,60,discharging,None,None
20:25:40.670,staggered,8.3,401.3,169.2,37.0,1107.8,63.4,2400,0.0,0.0,15515,-631,60,discharging,None,None
20:25:41.179,staggered,8.3,401.3,169.2,52.0,1106.6,66.1,2400,0.0,0.0,15529,-579,60,discharging,None,None
20:25:41.684,staggered,8.3,395.7,169.2,38.1,1106.9,64.5,2400,0.0,0.0,15482,-600,60,discharging,None,None
20:25:42.189,staggered,8.3,395.7,163.1,52.7,1106.2,65.5,2400,0.0,0.0,15492,-650,60,discharging,None,None
20:25:42.692,staggered,8.3,403.4,163.1,68.0,1106.2,64.5,2400,0.0,0.0,15488,-620,60,discharging,None,None
20:25:43.196,staggered,7.9,403.4,158.3,36.3,1106.1,65.5,2400,0.0,0.0,15520,-601,60,discharging,None,None
20:25:43.703,staggered,7.9,403.4,158.3,76.1,1106.1,67.8,2400,0.0,0.0,15524,-651,60,discharging,None,None
20:25:44.207,staggered,7.9,390.5,158.3,7.0,1105.2,62.8,2400,0.0,0.0,15523,-605,60,discharging,None,None
20:25:44.715,staggered,8.4,390.5,200.8,67.3,1105.2,67.2,2400,0.0,0.0,15491,-573,60,discharging,None,None
20:25:45.218,staggered,8.4,438.2,200.8,51.7,1104.9,63.4,2400,0.0,0.0,15508,-668,60,discharging,None,None
20:25:45.722,staggered,8.3,438.2,200.8,1.5,1107.3,62.2,2400,0.0,0.0,15529,-555,60,discharging,None,None
20:25:46.238,staggered,8.3,438.2,447.9,93.6,1107.9,66.7,2400,0.0,0.0,15490,-587,60,discharging,None,None
20:25:46.742,staggered,8.3,717.4,447.9,52.0,1109.6,63.9,2400,0.0,0.0,15509,-690,60,discharging,None,None
20:25:47.245,staggered,8.3,717.4,447.9,1.5,1109.8,62.2,2400,0.0,0.0,15530,-541,60,discharging,None,None
20:25:47.758,staggered,8.3,717.4,447.9,94.6,1109.8,66.7,2400,0.0,0.0,15489,-588,60,discharging,None,None
20:25:48.262,staggered,8.3,730.0,485.2,53.0,1108.9,62.8,2400,0.0,0.0,15502,-699,60,discharging,None,None
20:25:48.765,staggered,8.3,730.0,485.2,2.0,1109.8,63.9,2400,0.0,0.0,15529,-543,60,discharging,None,None
20:25:49.276,staggered,8.3,730.0,485.2,92.7,1108.4,67.2,2400,0.0,0.0,15486,-585,60,discharging,None,None
20:25:49.780,staggered,8.3,568.8,346.5,40.7,1108.2,63.4,2400,0.0,0.0,15518,-678,60,discharging,None,None
20:25:50.288,staggered,8.3,568.8,346.5,24.4,1108.2,64.5,2400,0.0,0.0,15532,-527,60,discharging,None,None
20:25:50.793,staggered,8.3,423.3,346.5,89.5,1108.6,67.8,2400,0.0,0.0,15483,-592,60,discharging,None,None
20:25:51.296,staggered,8.3,423.3,174.6,12.5,1107.2,62.8,2400,0.0,0.0,15520,-632,60,discharging,None,None
20:25:51.804,staggered,8.3,411.8,174.6,79.3,1107.2,67.2,2400,0.0,0.0,15487,-599,60,discharging,None,None
20:25:52.307,staggered,8.3,411.8,163.1,39.2,1107.0,64.5,2400,0.0,0.0,15497,-647,60,discharging,None,None
20:25:52.815,staggered,8.3,411.8,163.1,40.7,1107.5,66.7,2400,0.0,0.0,15524,-566,60,discharging,None,None
20:25:53.319,staggered,8.3,400.9,163.1,43.6,1106.8,62.8,2400,0.0,0.0,15511,-587,60,discharging,None,None
20:25:53.827,staggered,8.3,400.9,167.2,38.2,1106.8,63.9,2400,0.0,0.0,15507,-605,60,discharging,None,None
20:25:54.352,staggered,8.3,400.9,167.2,100.0,1106.8,67.8,2400,0.0,0.0,15486,-643,60,discharging,None,None
20:25:54.856,staggered,8.3,583.9,167.2,29.4,1106.1,65.5,2400,0.0,0.0,15518,-636,60,discharging,None,None
20:25:55.364,staggered,8.3,583.9,163.8,51.7,1105.6,66.7,2400,0.0,0.0,15522,-565,60,discharging,None,None
20:25:55.867,staggered,6.7,399.3,163.8,49.3,1105.3,63.4,2400,0.0,0.0,15490,-647,60,discharging,None,None
20:25:56.371,staggered,6.7,399.3,171.4,37.4,1105.8,64.5,2400,0.0,0.0,15525,-613,60,discharging,None,None
20:25:56.874,staggered,8.3,403.4,171.4,83.1,1104.9,65.5,2400,0.0,0.0,15487,-635,60,discharging,None,None
20:25:57.378,staggered,8.3,403.4,171.4,1.5,1104.9,62.8,2400,0.0,0.0,15522,-615,60,discharging,None,None
20:25:57.887,staggered,8.3,403.4,338.9,75.6,1104.6,67.2,2400,0.0,0.0,15491,-561,60,discharging,None,None
20:25:58.390,staggered,8.3,534.9,338.9,54.0,1104.6,63.9,2400,0.0,0.0,15477,-688,60,discharging,None,None
20:25:58.894,staggered,8.3,534.9,338.9,1.5,1105.3,62.2,2400,0.0,0.0,15524,-596,60,discharging,None,None
20:25:59.412,staggered,8.3,534.9,338.9,92.2,1105.3,67.2,2400,0.0,0.0,15490,-568,60,discharging,None,None
20:25:59.916,staggered,8.3,682.2,431.6,46.3,1106.5,63.4,2400,0.0,0.0,15482,-700,60,discharging,None,None
20:26:00.420,staggered,8.4,682.2,431.6,2.5,1106.5,60.6,1600,0.0,0.0,15524,-582,60,discharging,None,None
20:26:00.928,staggered,8.4,682.2,431.6,99.5,1106.5,67.8,2400,0.0,0.0,15486,-565,60,discharging,None,None
20:26:01.431,staggered,8.4,662.5,441.4,43.7,1106.3,63.4,2400,0.0,0.0,15487,-694,60,discharging,None,None
20:26:01.940,staggered,8.3,662.5,441.4,12.4,1104.4,64.5,2400,0.0,0.0,15523,-580,60,discharging,None,None
20:26:02.448,staggered,8.3,398.8,441.4,92.6,1104.7,67.2,2400,0.0,0.0,15483,-602,60,discharging,None,None
20:26:02.952,staggered,8.3,398.8,162.8,13.6,1104.5,62.8,2400,0.0,0.0,15516,-665,60,discharging,None,None
20:26:03.458,staggered,8.3,398.8,162.8,74.6,1104.5,67.2,2400,0.0,0.0,15501,-593,60,discharging,None,None
20:26:03.961,staggered,8.3,404.9,172.8,45.8,1104.0,63.9,2400,0.0,0.0,15514,-641,60,discharging,None,None
20:26:04.468,staggered,8.3,404.9,172.8,36.3,1104.0,66.7,2400,0.0,0.0,15520,-594,60,discharging,None,None
20:26:04.971,staggered,8.3,409.3,172.8,48.8,1104.2,63.4,2400,0.0,0.0,15476,-631,60,discharging,None,None
20:26:05.475,staggered,8.4,409.3,159.1,36.0,1104.2,63.4,2400,0.0,0.0,15485,-661,60,discharging,None,None
20:26:05.978,staggered,8.4,406.7,159.1,83.7,1104.5,65.0,2400,0.0,0.0,15484,-628,60,discharging,None,None
20:26:06.487,staggered,8.3,406.7,159.1,21.1,1104.5,63.9,2400,0.0,0.0,15515,-612,60,discharging,None,None
20:26:06.991,staggered,8.3,406.7,165.8,80.4,1104.7,67.2,2400,0.0,0.0,15512,-601,60,discharging,None,None
20:26:07.495,staggered,8.3,399.9,165.8,27.6,1105.2,63.4,2400,0.0,0.0,15502,-671,60,discharging,None,None
20:26:08.014,staggered,7.9,399.9,165.8,43.1,1105.2,65.5,2400,0.0,0.0,15524,-576,60,discharging,None,None
20:26:08.517,staggered,7.9,496.5,291.5,82.0,1105.5,64.5,2400,0.0,0.0,15472,-647,60,discharging,None,None
20:26:09.021,staggered,8.3,496.5,291.5,2.5,1105.4,62.8,2400,0.0,0.0,15515,-670,60,discharging,None,None
20:26:09.531,staggered,8.3,496.5,291.5,64.4,1105.4,67.2,2400,0.0,0.0,15524,-520,60,discharging,None,None
20:26:10.034,staggered,8.3,725.2,470.4,83.6,1105.6,65.0,2400,0.0,0.0,15478,-659,60,discharging,None,None
20:26:10.538,staggered,8.3,725.2,470.4,2.5,1105.6,63.4,2400,0.0,0.0,15516,-654,60,discharging,None,None
20:26:11.049,staggered,8.3,725.2,470.4,61.9,1105.6,66.7,2400,0.0,0.0,15527,-509,60,discharging,None,None
20:26:11.553,staggered,8.2,727.2,496.8,88.7,1105.1,65.5,2400,0.0,0.0,15478,-655,60,discharging,None,None
20:26:12.056,staggered,8.2,727.2,496.8,2.5,1105.4,62.8,2400,0.0,0.0,15516,-669,60,discharging,None,None
20:26:12.568,staggered,8.4,727.2,496.8,60.7,1105.6,66.7,2400,0.0,0.0,15526,-511,60,discharging,None,None
20:26:13.071,staggered,8.4,397.1,174.8,57.7,1105.1,63.9,2400,0.0,0.0,15480,-647,60,discharging,None,None
20:26:13.579,staggered,8.3,397.1,174.8,24.1,1105.1,65.5,2400,0.0,0.0,15524,-618,60,discharging,None,None
20:26:14.084,staggered,8.3,399.1,174.8,68.3,1104.7,65.5,2400,0.0,0.0,15482,-582,60,discharging,None,None
20:26:14.588,staggered,8.3,399.1,159.8,28.2,1104.7,63.4,2400,0.0,0.0,15497,-647,60,discharging,None,None
20:26:15.091,staggered,8.3,399.2,159.8,82.6,1104.2,66.7,2400,0.0,0.0,15500,-572,60,discharging,None,None
20:26:15.595,staggered,8.3,399.2,172.1,37.6,1104.2,66.1,2400,0.0,0.0,15514,-585,60,discharging,None,None
20:26:16.103,staggered,8.3,399.2,172.1,48.5,1104.2,67.8,2400,0.0,0.0,15518,-577,60,discharging,None,None
20:26:16.606,staggered,8.3,399.2,172.1,36.0,1104.2,63.4,2400,0.0,0.0,15476,-648,60,discharging,None,None
20:26:17.115,staggered,8.3,399.2,163.4,46.5,1104.2,64.5,2400,0.0,0.0,15524,-620,60,discharging,None,None
20:26:17.618,staggered,8.3,399.4,163.4,72.5,1104.2,63.9,2400,0.0,0.0,15480,-617,60,discharging,None,None
20:26:18.122,staggered,8.3,399.4,163.4,2.0,1104.0,62.2,2400,0.0,0.0,15516,-622,60,discharging,None,None
20:26:18.770,staggered,8.3,399.4,163.4,98.1,1104.4,66.1,2400,0.0,0.0,15480,-623,60,discharging,None,None
20:26:19.274,staggered,8.3,642.6,647.0,32.0,1104.5,63.4,2400,0.0,0.0,15503,-720,60,discharging,None,None
20:26:19.783,staggered,8.3,642.6,647.0,16.5,1104.5,65.5,2400,0.0,0.0,15522,-549,60,discharging,None,None
20:26:20.298,staggered,6.7,642.6,647.0,100.0,1104.5,67.2,2400,0.0,0.0,15480,-611,60,discharging,None,None
20:26:20.802,staggered,6.7,644.9,399.8,23.9,1104.2,63.4,2400,0.0,0.0,15509,-701,60,discharging,None,None
20:26:21.307,staggered,8.4,644.9,399.8,32.3,1104.0,66.1,2400,0.0,0.0,15522,-542,60,discharging,None,None
20:26:21.811,staggered,8.4,395.3,168.3,85.6,1104.0,65.0,2400,0.0,0.0,15473,-625,60,discharging,None,None
20:26:22.314,staggered,8.3,395.3,168.3,2.5,1104.0,62.2,2400,0.0,0.0,15513,-662,60,discharging,None,None
20:26:22.818,staggered,8.3,395.3,168.3,82.6,1104.0,65.5,2400,0.0,0.0,15479,-608,60,discharging,None,None
20:26:23.322,staggered,8.3,395.3,161.5,36.5,1104.0,63.9,2400,0.0,0.0,15486,-663,60,discharging,None,None
20:26:23.826,staggered,8.3,395.3,161.5,56.7,1104.0,67.2,2400,0.0,0.0,15518,-583,60,discharging,None,None
20:26:24.336,staggered,8.3,394.9,161.5,29.4,1103.7,63.9,2400,0.0,0.0,15506,-589,60,discharging,None,None
20:26:24.840,staggered,8.3,394.9,163.6,52.5,1103.7,66.1,2400,0.0,0.0,15510,-601,60,discharging,None,None
20:26:25.345,staggered,8.3,403.4,163.6,63.2,1103.7,63.4,2400,0.0,0.0,15476,-645,60,discharging,None,None
20:26:25.852,staggered,8.2,403.4,163.6,35.3,1103.7,65.0,2400,0.0,0.0,15523,-580,60,discharging,None,None
20:26:26.355,staggered,8.2,395.0,191.4,87.1,1103.7,66.7,2400,0.0,0.0,15485,-567,60,discharging,None,None
20:26:26.859,staggered,8.2,395.0,191.4,3.0,1104.0,62.8,2400,0.0,0.0,15511,-633,60,discharging,None,None
20:26:27.370,staggered,8.4,395.0,191.4,59.3,1104.0,67.2,2400,0.0,0.0,15524,-535,60,discharging,None,None
20:26:27.875,staggered,8.4,648.3,499.4,87.2,1104.0,65.0,2400,0.0,0.0,15478,-652,60,discharging,None,None
20:26:28.378,staggered,8.3,648.3,499.4,2.0,1104.4,62.8,2400,0.0,0.0,15515,-653,60,discharging,None,None
20:26:28.891,staggered,8.3,648.3,499.4,58.4,1104.4,67.2,2400,0.0,0.0,15525,-510,60,discharging,None,None
20:26:29.395,staggered,8.3,780.9,450.6,98.0,1104.4,67.2,2400,0.0,0.0,15479,-642,60,discharging,None,None
20:26:29.898,staggered,8.3,780.9,450.6,2.5,1104.7,62.8,2400,0.0,0.0,15512,-673,60,discharging,None,None
20:26:30.407,staggered,8.3,780.9,450.6,47.0,1104.7,67.2,2400,0.0,0.0,15525,-511,60,discharging,None,None
20:26:30.998,staggered,8.2,828.5,576.1,91.6,1104.6,64.5,2400,0.0,0.0,15478,-629,60,discharging,None,None
20:26:31.502,staggered,8.2,828.5,576.1,3.5,1104.6,62.8,2400,0.0,0.0,15509,-694,60,discharging,None,None
20:26:32.011,staggered,8.2,828.5,576.1,40.8,1104.6,66.7,2400,0.0,0.0,15523,-509,60,discharging,None,None
20:26:32.514,staggered,7.0,413.1,198.0,79.7,1104.6,64.5,2400,0.0,0.0,15478,-585,60,discharging,None,None
20:26:33.022,staggered,7.0,413.1,198.0,2.5,1104.4,62.8,2400,0.0,0.0,15513,-652,60,discharging,None,None
20:26:33.526,staggered,8.3,405.8,198.0,82.8,1104.4,64.5,2400,0.0,0.0,15501,-575,60,discharging,None,None
20:26:34.030,staggered,8.3,405.8,165.7,36.8,1104.4,63.4,2400,0.0,0.0,15503,-631,60,discharging,None,None
20:26:34.536,staggered,8.3,405.8,165.7,62.4,1104.4,67.8,2400,0.0,0.0,15518,-575,60,discharging,None,None
20:26:35.040,staggered,8.3,407.3,165.7,36.9,1104.4,66.1,2400,0.0,0.0,15473,-603,60,discharging,None,None
20:26:35.547,staggered,8.3,407.3,159.1,45.0,1104.4,66.1,2400,0.0,0.0,15481,-644,60,discharging,None,None
20:26:36.051,staggered,8.3,407.5,159.1,62.7,1103.9,63.4,2400,0.0,0.0,15481,-607,60,discharging,None,None
20:26:36.554,staggered,8.3,407.5,159.6,36.1,1103.9,64.5,2400,0.0,0.0,15514,-578,60,discharging,None,None
20:26:37.058,staggered,8.3,394.0,159.6,81.2,1103.9,67.2,2400,0.0,0.0,15518,-561,60,discharging,None,None
20:26:37.562,staggered,8.3,394.0,159.6,2.0,1103.9,62.2,2400,0.0,0.0,15499,-645,60,discharging,None,None
20:26:38.070,staggered,8.3,394.0,197.0,75.1,1104.2,67.2,2400,0.0,0.0,15522,-567,60,discharging,None,None
20:26:38.574,staggered,8.4,435.6,197.0,46.8,1104.6,63.9,2400,0.0,0.0,15468,-642,60,discharging,None,None
20:26:39.078,staggered,8.4,435.6,197.0,2.5,1107.7,62.8,2400,0.0,0.0,15518,-634,60,discharging,None,None
20:26:39.587,staggered,8.2,435.6,422.2,100.0,1108.1,67.2,2400,0.0,0.0,15506,-503,60,discharging,None,None
20:26:40.090,staggered,8.2,647.9,422.2,34.0,1107.9,63.4,2400,0.0,0.0,15471,-671,60,discharging,None,None
20:26:40.599,staggered,8.4,647.9,422.2,15.5,1108.4,64.5,2400,0.0,0.0,15520,-612,60,discharging,None,None
20:26:41.103,staggered,8.4,647.9,422.2,100.0,1108.4,67.8,2400,0.0,0.0,15485,-519,60,discharging,None,None
20:26:41.607,staggered,8.4,747.5,525.2,38.4,1107.7,65.0,2400,0.0,0.0,15471,-683,60,discharging,None,None
20:26:42.116,staggered,8.3,747.5,525.2,9.5,1107.2,64.5,2400,0.0,0.0,15518,-600,60,discharging,None,None
20:26:42.620,staggered,8.3,454.7,525.2,100.0,1107.2,67.8,2400,0.0,0.0,15500,-511,60,discharging,None,None
20:26:43.124,staggered,8.3,454.7,236.1,24.4,1107.4,63.4,2400,0.0,0.0,15471,-659,60,discharging,None,None
20:26:43.632,staggered,8.3,454.7,236.1,60.6,1107.4,67.2,2400,0.0,0.0,15517,-595,60,discharging,None,None
20:26:44.135,staggered,8.3,396.2,173.5,59.2,1106.0,64.5,2400,0.0,0.0,15473,-598,60,discharging,None,None
20:26:44.644,staggered,7.9,396.2,173.5,24.0,1106.5,67.2,2400,0.0,0.0,15511,-650,60,discharging,None,None
20:26:45.147,staggered,7.9,395.4,173.5,60.5,1106.3,63.4,2400,0.0,0.0,15482,-596,60,discharging,None,None
20:26:45.651,staggered,8.3,395.4,159.4,36.3,1106.3,62.2,2400,0.0,0.0,15508,-601,60,discharging,None,None
20:26:46.155,staggered,8.3,411.3,159.4,84.7,1106.9,67.2,2400,0.0,0.0,15510,-618,60,discharging,None,None
20:26:46.662,staggered,8.4,411.3,159.4,11.1,1106.8,64.5,2400,0.0,0.0,15512,-591,60,discharging,None,None
20:26:47.167,staggered,8.4,411.3,163.6,71.9,1105.6,67.2,2400,0.0,0.0,15513,-569,60,discharging,None,None
20:26:47.670,staggered,8.4,399.0,163.6,37.3,1106.0,63.4,2400,0.0,0.0,15501,-648,60,discharging,None,None
20:26:48.182,staggered,8.3,399.0,187.6,41.7,1106.0,66.1,2400,0.0,0.0,15519,-575,60,discharging,None,None
20:26:48.686,staggered,8.3,412.1,187.6,77.0,1106.0,64.5,2400,0.0,0.0,15468,-649,60,discharging,None,None
20:26:49.189,staggered,8.3,412.1,187.6,3.0,1105.8,62.8,2400,0.0,0.0,15516,-621,60,discharging,None,None
20:26:49.703,staggered,8.3,412.1,187.6,69.6,1105.8,67.2,2400,0.0,0.0,15493,-510,60,discharging,None,None
20:26:50.206,staggered,8.3,722.2,505.8,77.6,1104.9,65.0,2400,0.0,0.0,15471,-695,60,discharging,None,None
20:26:50.710,staggered,8.3,722.2,505.8,2.5,1105.1,62.2,2400,0.0,0.0,15515,-633,60,discharging,None,None
20:26:51.223,staggered,8.3,722.2,505.8,68.1,1104.9,66.1,2400,0.0,0.0,15496,-517,60,discharging,None,None
20:26:51.726,staggered,8.3,748.6,512.4,81.8,1104.9,64.5,2400,0.0,0.0,15468,-694,60,discharging,None,None
20:26:52.230,staggered,8.3,748.6,512.4,0.0,1106.0,62.8,2400,0.0,0.0,15513,-647,60,discharging,None,None
20:26:52.739,staggered,8.3,748.6,512.4,61.5,1106.0,67.8,2400,0.0,0.0,15503,-533,60,discharging,None,None
20:26:53.242,staggered,8.3,369.9,164.4,46.1,1106.0,62.8,2400,0.0,0.0,15467,-666,60,discharging,None,None
20:26:53.751,staggered,8.3,369.9,164.4,30.0,1106.0,66.7,2400,0.0,0.0,15513,-607,60,discharging,None,None
20:26:54.255,staggered,8.3,363.5,164.4,64.9,1106.0,66.1,2400,0.0,0.0,15466,-606,60,discharging,None,None
20:26:54.765,staggered,8.3,363.5,149.0,13.9,1108.3,62.8,2400,0.0,0.0,15507,-659,60,discharging,None,None
20:26:55.269,staggered,8.3,364.3,149.0,73.5,1107.2,63.4,2400,0.0,0.0,15474,-643,60,discharging,None,None
20:26:55.772,staggered,8.3,364.3,152.4,32.8,1107.2,63.4,2400,0.0,0.0,15513,-627,60,discharging,None,None
20:26:56.281,staggered,8.3,364.3,152.4,70.4,1107.2,67.8,2400,0.0,0.0,15494,-581,60,discharging,None,None
20:26:56.785,staggered,8.3,375.4,152.4,6.0,1107.4,62.8,2400,0.0,0.0,15506,-597,60,discharging,None,None
20:26:57.292,staggered,8.3,375.4,147.1,70.1,1106.0,66.7,2400,0.0,0.0,15478,-570,60,discharging,None,None
20:26:57.796,staggered,8.3,367.4,147.1,37.3,1106.0,62.8,2400,0.0,0.0,15474,-646,60,discharging,None,None
20:26:58.314,staggered,8.3,367.4,147.1,20.2,1105.3,65.0,2400,0.0,0.0,15517,-582,60,discharging,None,None
20:26:58.818,staggered,8.3,510.8,319.5,96.1,1105.5,66.1,2400,0.0,0.0,15477,-599,60,discharging,None,None
20:26:59.321,staggered,8.3,510.8,319.5,0.0,1105.3,62.2,2400,0.0,0.0,15505,-666,60,discharging,None,None
20:26:59.831,staggered,8.3,510.8,319.5,49.0,1105.3,66.1,2400,0.0,0.0,15518,-525,60,discharging,None,None
20:27:00.335,staggered,8.3,664.1,416.0,85.1,1104.6,64.5,2400,0.0,0.0,15468,-646,60,discharging,None,None
20:27:00.839,staggered,8.3,664.1,416.0,0.0,1105.0,62.8,2400,0.0,0.0,15505,-674,60,discharging,None,None
20:27:01.347,staggered,8.3,664.1,416.0,58.7,1105.0,66.7,2400,0.0,0.0,15516,-519,60,discharging,None,None
20:27:01.851,staggered,8.3,523.6,303.1,63.2,1105.0,62.8,2400,0.0,0.0,15469,-649,60,discharging,None,None
20:27:02.354,staggered,8.3,523.6,303.1,0.0,1105.0,61.7,2400,0.0,0.0,15513,-624,60,discharging,None,None
20:27:02.863,staggered,8.3,363.0,303.1,76.6,1104.6,63.9,2400,0.0,0.0,15479,-549,60,discharging,None,None
20:27:03.367,staggered,8.3,363.0,150.9,30.5,1104.6,62.8,2400,0.0,0.0,15478,-629,60,discharging,None,None
20:27:03.876,staggered,8.3,363.0,150.9,66.7,1104.6,67.2,2400,0.0,0.0,15516,-561,60,discharging,None,None
20:27:04.380,staggered,8.3,362.5,147.4,41.0,1105.0,65.0,2400,0.0,0.0,15508,-568,60,discharging,None,None
20:27:04.888,staggered,8.3,362.5,147.4,37.7,1105.5,67.2,2400,0.0,0.0,15512,-584,60,discharging,None,None
20:27:05.391,staggered,8.3,364.3,147.4,37.2,1105.3,62.2,2400,0.0,0.0,15468,-627,60,discharging,None,None
20:27:05.899,staggered,8.3,364.3,151.4,39.2,1105.0,63.9,2400,0.0,0.0,15517,-614,60,discharging,None,None
20:27:06.403,staggered,8.3,361.4,151.4,68.0,1105.2,63.4,1900,0.0,0.0,15475,-602,60,discharging,None,None
20:27:06.913,staggered,8.3,361.4,151.4,1.0,1104.6,61.1,1500,0.0,0.0,15518,-566,60,discharging,None,None
20:27:07.417,staggered,8.3,361.4,244.5,100.0,1104.6,68.3,2400,0.0,0.0,15494,-498,60,discharging,None,None
20:27:07.921,staggered,8.3,442.0,244.5,13.4,1104.6,62.2,2400,0.0,0.0,15489,-617,60,discharging,None,None
20:27:08.437,staggered,8.3,442.0,244.5,31.2,1105.0,65.0,2400,0.0,0.0,15515,-560,60,discharging,None,None
20:27:08.941,staggered,8.3,613.7,403.6,91.7,1105.5,65.0,2400,0.0,0.0,15473,-593,60,discharging,None,None
20:27:09.444,staggered,8.3,613.7,403.6,0.0,1105.5,62.2,2400,0.0,0.0,15502,-672,60,discharging,None,None
20:27:09.957,staggered,8.3,613.7,403.6,53.7,1106.0,66.1,2400,0.0,0.0,15517,-519,60,discharging,None,None
20:27:10.460,staggered,8.3,556.1,370.0,75.7,1105.8,63.4,2400,0.0,0.0,15468,-622,60,discharging,None,None
20:27:10.964,staggered,8.3,556.1,370.0,0.0,1105.0,62.2,2400,0.0,0.0,15506,-665,60,discharging,None,None
20:27:11.468,staggered,8.3,367.0,370.0,74.6,1105.0,63.9,2400,0.0,0.0,15506,-532,60,discharging,None,None
20:27:11.971,staggered,8.3,367.0,155.7,33.2,1104.8,62.8,2400,0.0,0.0,15490,-626,60,discharging,None,None
20:27:12.479,staggered,8.3,367.0,155.7,53.0,1104.8,66.1,2400,0.0,0.0,15519,-561,60,discharging,None,None
20:27:12.983,staggered,8.3,372.2,155.7,43.8,1105.0,65.5,2400,0.0,0.0,15471,-553,60,discharging,None,None
20:27:13.488,staggered,8.3,372.2,151.8,33.3,1105.0,65.0,2400,0.0,0.0,15491,-619,60,discharging,None,None
20:27:13.991,staggered,8.3,362.6,151.8,53.0,1104.5,62.2,2400,0.0,0.0,15473,-614,60,discharging,None,None
20:27:14.495,staggered,8.3,362.6,154.8,32.7,1104.5,63.4,2400,0.0,0.0,15513,-568,60,discharging,None,None
20:27:14.999,staggered,8.3,363.4,154.8,74.8,1104.1,64.5,2400,0.0,0.0,15492,-560,60,discharging,None,None
20:27:15.502,staggered,8.3,363.4,154.8,0.0,1104.1,61.7,2400,0.0,0.0,15504,-626,60,discharging,None,None
20:27:16.011,staggered,8.3,363.4,173.0,83.0,1104.1,67.2,2400,0.0,0.0,15509,-552,60,discharging,None,None
20:27:16.515,staggered,8.3,414.6,173.0,26.5,1104.1,62.8,2400,0.0,0.0,15465,-631,60,discharging,None,None
20:27:17.027,staggered,8.3,414.6,173.0,19.7,1103.9,65.0,2400,0.0,0.0,15518,-504,60,discharging,None,None
20:27:17.531,staggered,8.3,414.6,489.1,100.0,1103.9,66.1,2400,0.0,0.0,15479,-614,60,discharging,None,None
20:27:18.035,staggered,8.3,698.3,489.1,20.9,1104.1,62.8,2400,0.0,0.0,15505,-652,60,discharging,None,None
20:27:18.543,staggered,8.3,698.3,489.1,22.5,1104.1,65.0,2400,0.0,0.0,15517,-502,60,discharging,None,None
20:27:19.051,staggered,8.3,698.3,489.1,100.0,1104.6,66.7,2400,0.0,0.0,15467,-639,60,discharging,None,None
20:27:19.554,staggered,8.3,647.3,430.9,11.8,1105.3,62.2,2400,0.0,0.0,15507,-653,60,discharging,None,None
20:27:20.063,staggered,8.3,647.3,430.9,37.3,1105.1,66.1,2400,0.0,0.0,15510,-505,60,discharging,None,None
20:27:20.566,staggered,8.3,363.3,149.2,69.5,1105.1,63.9,2400,0.0,0.0,15478,-626,60,discharging,None,None
20:27:21.076,staggered,8.3,363.3,149.2,7.0,1105.1,63.9,2400,0.0,0.0,15515,-581,60,discharging,None,None
20:27:21.580,staggered,8.3,363.1,149.2,67.2,1105.1,62.8,2400,0.0,0.0,15466,-568,60,discharging,None,None
20:27:22.083,staggered,8.3,363.1,148.7,32.3,1104.2,62.2,2400,0.0,0.0,15505,-626,60,discharging,None,None
20:27:22.590,staggered,8.3,375.5,148.7,76.6,1104.2,65.5,2400,0.0,0.0,15477,-592,60,discharging,None,None
20:27:23.099,staggered,8.3,375.5,148.7,23.2,1104.8,65.5,2400,0.0,0.0,15511,-570,60,discharging,None,None
20:27:23.604,staggered,8.3,375.5,151.4,55.2,1105.1,66.7,2400,0.0,0.0,15498,-559,60,discharging,None,None
20:27:24.108,staggered,8.3,361.6,151.4,29.7,1105.5,62.2,2400,0.0,0.0,15503,-615,60,discharging,None,None
20:27:24.617,staggered,8.3,361.6,151.5,47.8,1105.8,65.0,2400,0.0,0.0,15495,-573,60,discharging,None,None
20:27:25.121,staggered,8.3,364.9,151.5,59.2,1105.1,63.9,2400,0.0,0.0,15465,-631,60,discharging,None,None
20:27:25.625,staggered,8.3,364.9,151.5,0.0,1105.1,61.1,2400,0.0,0.0,15510,-584,60,discharging,None,None
20:27:26.141,staggered,8.3,364.9,151.5,87.7,1105.1,66.7,2400,0.0,0.0,15475,-568,60,discharging,None,None
20:27:26.644,staggered,8.3,648.2,463.9,46.6,1104.8,62.8,2400,0.0,0.0,15480,-694,60,discharging,None,None
20:27:27.148,staggered,8.3,648.2,463.9,0.0,1104.4,61.7,2400,0.0,0.0,15512,-566,60,discharging,None,None
20:27:27.659,staggered,8.3,648.2,463.9,98.5,1104.4,67.2,2400,0.0,0.0,15473,-562,60,discharging,None,None
20:27:28.162,staggered,8.3,599.1,399.6,25.4,1104.4,62.2,2400,0.0,0.0,15502,-640,60,discharging,None,None
20:27:28.671,staggered,8.3,599.1,399.6,22.0,1106.0,65.0,2400,0.0,0.0,15517,-507,60,discharging,None,None
20:27:29.175,staggered,8.3,363.0,157.8,84.9,1106.3,63.9,2400,0.0,0.0,15468,-604,60,discharging,None,None
20:27:29.678,staggered,8.3,363.0,157.8,0.0,1106.3,61.1,2400,0.0,0.0,15509,-627,60,discharging,None,None
20:27:30.182,staggered,8.3,363.7,157.8,75.1,1105.8,64.5,2400,0.0,0.0,15474,-580,60,discharging,None,None
20:27:30.686,staggered,8.3,363.7,147.6,32.3,1105.8,62.8,2400,0.0,0.0,15473,-626,60,discharging,None,None
20:27:31.192,staggered,8.3,363.7,147.6,61.1,1105.6,68.3,2400,0.0,0.0,15495,-562,60,discharging,None,None
20:27:31.696,staggered,8.3,362.5,147.6,21.8,1105.3,63.4,2400,0.0,0.0,15503,-568,60,discharging,None,None
20:27:32.204,staggered,8.3,362.5,151.7,56.2,1105.7,65.0,2400,0.0,0.0,15513,-567,60,discharging,None,None
20:27:32.707,staggered,8.3,363.6,151.7,44.3,1106.7,62.2,1900,0.0,0.0,15475,-628,60,discharging,None,None
20:27:33.217,staggered,8.3,363.6,167.2,36.0,1107.2,63.4,2400,0.0,0.0,15520,-554,60,discharging,None,None
20:27:33.721,staggered,8.3,363.0,167.2,74.3,1107.2,63.4,2400,0.0,0.0,15464,-592,60,discharging,None,None
20:27:34.224,staggered,8.3,363.0,167.2,0.0,1106.7,61.1,2400,0.0,0.0,15512,-600,60,discharging,None,None
20:27:34.739,staggered,8.3,363.0,167.2,70.2,1106.7,65.5,2400,0.0,0.0,15491,-497,60,discharging,None,None
20:27:35.242,staggered,8.3,832.3,761.6,95.5,1105.5,65.5,2400,0.0,0.0,15466,-677,60,discharging,None,None
20:27:35.746,staggered,8.3,832.3,761.6,1.5,1105.5,62.8,2400,0.0,0.0,15501,-652,60,discharging,None,None
20:27:36.255,staggered,8.3,832.3,761.6,50.0,1105.5,65.0,2400,0.0,0.0,15512,-505,60,discharging,None,None
20:27:36.759,staggered,10.4,503.6,280.3,77.3,1105.8,63.9,2400,0.0,0.0,15465,-651,60,discharging,None,None
20:27:37.263,staggered,10.4,503.6,280.3,3.0,1105.5,62.2,2400,0.0,0.0,15508,-634,60,discharging,None,None
20:27:37.766,staggered,8.3,399.0,280.3,81.7,1105.5,65.0,2400,0.0,0.0,15474,-552,60,discharging,None,None
20:27:38.270,staggered,8.3,399.0,158.1,36.3,1104.8,62.2,2400,0.0,0.0,15466,-644,60,discharging,None,None
20:27:38.779,staggered,8.3,399.0,158.1,53.2,1105.6,66.7,2400,0.0,0.0,15510,-570,60,discharging,None,None
20:27:39.284,staggered,8.3,399.1,158.1,50.5,1106.2,66.7,2400,0.0,0.0,15487,-585,60,discharging,None,None
20:27:39.793,staggered,8.3,399.1,163.0,31.7,1106.2,65.0,2400,0.0,0.0,15507,-612,60,discharging,None,None
20:27:40.296,staggered,8.3,551.0,163.0,96.0,1106.5,65.5,2400,0.0,0.0,15469,-638,60,discharging,None,None
20:27:40.800,staggered,8.3,551.0,167.9,37.8,1106.5,64.5,2400,0.0,0.0,15500,-655,60,discharging,None,None
20:27:41.308,staggered,7.6,551.0,167.9,49.5,1105.8,66.7,2400,0.0,0.0,15504,-566,60,discharging,None,None
20:27:41.811,staggered,7.6,399.3,167.9,35.0,1105.8,63.9,2400,0.0,0.0,15474,-620,60,discharging,None,None
20:27:42.320,staggered,7.6,399.3,159.0,46.5,1105.3,63.9,2400,0.0,0.0,15482,-625,60,discharging,None,None
20:27:42.824,staggered,8.3,400.0,159.0,71.9,1105.3,63.9,2400,0.0,0.0,15467,-634,60,discharging,None,None
20:27:43.335,staggered,8.3,400.0,159.0,13.7,1105.3,63.4,1600,0.0,0.0,15507,-586,60,discharging,None,None
20:27:43.839,staggered,8.4,400.0,183.6,100.0,1105.3,67.2,2400,0.0,0.0,15475,-551,60,discharging,None,None
20:27:44.343,staggered,8.4,405.3,183.6,11.4,1105.1,62.8,2400,0.0,0.0,15498,-630,60,discharging,None,None
20:27:44.862,staggered,8.4,405.3,183.6,39.8,1105.6,66.1,2400,0.0,0.0,15511,-526,60,discharging,None,None
20:27:45.366,staggered,8.2,650.1,431.8,94.6,1105.3,65.5,2400,0.0,0.0,15464,-607,60,discharging,None,None
20:27:45.869,staggered,8.2,650.1,431.8,2.5,1105.8,61.7,2400,0.0,0.0,15497,-677,60,discharging,None,None
20:27:46.382,staggered,8.5,650.1,431.8,51.7,1105.8,66.1,2400,0.0,0.0,15512,-515,60,discharging,None,None
20:27:46.888,staggered,8.5,650.1,542.8,100.0,1105.8,67.2,2400,0.0,0.0,15463,-624,60,discharging,None,None
20:27:47.392,staggered,8.3,781.7,542.8,8.0,1105.3,63.9,2400,0.0,0.0,15498,-705,60,discharging,None,None
20:27:47.903,staggered,8.3,781.7,542.8,40.7,1105.3,65.5,2400,0.0,0.0,15510,-524,60,discharging,None,None
20:27:48.406,staggered,8.3,507.5,280.7,85.6,1104.9,65.5,2400,0.0,0.0,15465,-601,60,discharging,None,None
20:27:48.910,staggered,8.3,507.5,280.7,2.5,1105.3,63.4,2400,0.0,0.0,15499,-658,60,discharging,None,None
20:27:49.413,staggered,8.3,394.9,280.7,79.7,1105.3,66.7,2400,0.0,0.0,15494,-545,60,discharging,None,None
20:27:49.917,staggered,8.3,394.9,161.9,38.5,1105.6,63.4,2400,0.0,0.0,15488,-641,60,discharging,None,None
20:27:50.424,staggered,8.3,394.9,161.9,44.3,1106.0,67.2,2400,0.0,0.0,15510,-590,60,discharging,None,None
20:27:50.928,staggered,8.3,395.4,161.9,49.0,1106.0,64.5,2400,0.0,0.0,15461,-590,60,discharging,None,None
20:27:51.436,staggered,8.3,395.4,166.4,33.8,1105.6,63.4,2400,0.0,0.0,15475,-647,60,discharging,None,None
20:27:51.939,staggered,8.3,394.9,166.4,75.9,1104.9,63.9,2400,0.0,0.0,15470,-600,60,discharging,None,None
20:27:52.446,staggered,8.4,394.9,166.4,43.5,1104.9,66.7,2400,0.0,0.0,15498,-592,60,discharging,None,None
20:27:52.951,staggered,8.4,394.9,166.4,72.5,1105.3,67.8,2400,0.0,0.0,15504,-584,60,discharging,None,None
20:27:53.454,staggered,7.9,408.5,166.4,15.9,1105.1,63.9,1900,0.0,0.0,15483,-653,60,discharging,None,None
20:27:53.967,staggered,7.9,408.5,182.3,65.2,1104.9,66.1,2400,0.0,0.0,15511,-560,60,discharging,None,None
20:27:54.470,staggered,7.9,412.9,182.3,55.9,1104.9,63.9,2400,0.0,0.0,15461,-613,60,discharging,None,None
20:27:54.974,staggered,8.3,412.9,182.3,2.5,1104.4,61.1,2400,0.0,0.0,15504,-620,60,discharging,None,None
20:27:55.483,staggered,8.3,412.9,410.1,90.5,1104.4,67.2,2400,0.0,0.0,15492,-503,60,discharging,None,None
20:27:55.987,staggered,8.3,690.9,410.1,51.0,1104.2,63.4,2400,0.0,0.0,15458,-677,60,discharging,None,None
20:27:56.490,staggered,8.3,690.9,410.1,3.0,1104.2,62.2,2400,0.0,0.0,15503,-623,60,discharging,None,None
20:27:57.003,staggered,8.3,690.9,410.1,95.0,1104.2,67.2,2400,0.0,0.0,15488,-508,60,discharging,None,None
20:27:57.506,staggered,8.3,738.4,489.2,54.4,1104.2,63.4,2400,0.0,0.0,15459,-686,60,discharging,None,None
20:27:58.010,staggered,8.3,738.4,489.2,2.5,1104.2,62.2,2400,0.0,0.0,15504,-633,60,discharging,None,None
20:27:58.522,staggered,8.3,738.4,489.2,91.6,1104.2,66.7,2400,0.0,0.0,15494,-509,60,discharging,None,None
20:27:59.026,staggered,8.3,635.9,413.0,48.0,1104.7,63.4,2400,0.0,0.0,15457,-677,60,discharging,None,None
20:27:59.536,staggered,8.4,635.9,413.0,9.5,1104.7,63.9,2400,0.0,0.0,15505,-624,60,discharging,None,None
20:28:00.041,staggered,8.4,399.0,413.0,92.7,1104.9,67.2,2400,0.0,0.0,15474,-531,60,discharging,None,None
20:28:00.544,staggered,8.4,399.0,172.2,18.0,1105.6,63.4,2400,0.0,0.0,15459,-650,60,discharging,None,None
20:28:01.051,staggered,8.3,399.0,172.2,72.4,1105.6,67.2,2400,0.0,0.0,15506,-576,60,discharging,None,None
20:28:01.555,staggered,8.3,398.9,158.9,45.8,1105.8,64.5,2400,0.0,0.0,15471,-586,60,discharging,None,None
20:28:02.063,staggered,8.3,398.9,158.9,35.3,1105.6,66.1,2400,0.0,0.0,15500,-630,60,discharging,None,None
20:28:02.567,staggered,8.3,395.2,158.9,49.3,1105.6,62.8,2400,0.0,0.0,15466,-631,60,discharging,None,None
20:28:03.070,staggered,8.3,395.2,157.3,38.5,1104.8,62.8,2400,0.0,0.0,15503,-616,60,discharging,None,None
20:28:03.574,staggered,8.3,394.0,157.3,81.5,1104.8,64.5,2400,0.0,0.0,15486,-571,60,discharging,None,None
20:28:04.083,staggered,8.3,394.0,157.3,11.0,1104.4,63.4,1600,0.0,0.0,15496,-618,60,discharging,None,None
20:28:04.589,staggered,8.3,394.0,364.1,80.9,1104.4,67.2,2400,0.0,0.0,15489,-578,60,discharging,None,None
20:28:05.092,staggered,8.3,411.2,364.1,47.0,1104.4,63.4,2400,0.0,0.0,15463,-634,60,discharging,None,None
20:28:05.601,staggered,7.9,411.2,364.1,2.5,1104.4,62.8,2400,0.0,0.0,15502,-598,60,discharging,None,None
20:28:06.109,staggered,7.9,411.2,364.1,99.5,1104.4,67.2,2400,0.0,0.0,15492,-507,60,discharging,None,None
20:28:06.613,staggered,7.9,726.7,552.3,48.8,1104.2,63.4,2400,0.0,0.0,15458,-680,60,discharging,None,None
20:28:07.116,staggered,8.3,726.7,552.3,2.0,1104.9,62.8,2400,0.0,0.0,15499,-647,60,discharging,None,None
20:28:07.627,staggered,8.3,726.7,552.3,97.0,1104.9,66.1,2400,0.0,0.0,15497,-510,60,discharging,None,None
20:28:08.130,staggered,8.3,636.5,383.2,31.0,1104.9,63.4,2400,0.0,0.0,15455,-665,60,discharging,None,None
20:28:08.640,staggered,8.3,636.5,383.2,14.5,1105.1,64.5,2400,0.0,0.0,15504,-521,60,discharging,None,None
20:28:09.145,staggered,8.3,449.8,383.2,100.0,1105.1,67.2,2400,0.0,0.0,15458,-611,60,discharging,None,None
20:28:09.649,staggered,8.3,449.8,232.4,8.5,1104.9,62.8,2400,0.0,0.0,15492,-672,60,discharging,None,None
20:28:10.156,staggered,8.3,449.8,232.4,66.8,1104.9,66.7,2400,0.0,0.0,15474,-586,60,discharging,None,None
20:28:10.659,staggered,8.4,399.2,159.4,50.5,1104.6,64.5,2400,0.0,0.0,15474,-666,60,discharging,None,None
20:28:11.167,staggered,8.4,399.2,159.4,29.6,1104.4,66.1,2400,0.0,0.0,15502,-594,60,discharging,None,None
20:28:11.671,staggered,8.3,399.4,159.4,54.5,1104.4,63.4,2400,0.0,0.0,15455,-607,60,discharging,None,None
20:28:12.174,staggered,8.3,399.4,163.2,36.5,1104.2,62.8,2400,0.0,0.0,15475,-656,60,discharging,None,None
20:28:12.678,staggered,8.3,394.7,163.2,82.2,1104.6,65.5,2400,0.0,0.0,15460,-643,60,discharging,None,None
20:28:13.187,staggered,8.3,394.7,163.2,19.5,1104.4,65.5,2400,0.0,0.0,15497,-605,60,discharging,None,None
20:28:13.691,staggered,8.3,394.7,175.1,73.5,1105.2,66.7,2400,0.0,0.0,15486,-592,60,discharging,None,None
20:28:14.196,staggered,8.3,399.7,175.1,29.4,1105.6,63.4,1900,0.0,0.0,15491,-669,60,discharging,None,None
20:28:14.705,staggered,8.3,399.7,226.4,47.8,1105.6,64.5,2400,0.0,0.0,15510,-567,60,discharging,None,None
20:28:15.208,staggered,8.3,435.4,226.4,72.3,1105.1,63.4,2400,0.0,0.0,15451,-650,60,discharging,None,None
20:28:15.712,staggered,8.3,435.4,226.4,1.5,1105.1,62.8,2400,0.0,0.0,15501,-635,60,discharging,None,None
20:28:16.223,staggered,8.3,435.4,226.4,72.8,1105.1,67.8,2400,0.0,0.0,15475,-524,60,discharging,None,None
20:28:16.728,staggered,8.3,435.4,788.8,100.0,1105.1,67.8,2400,0.0,0.0,15455,-697,60,discharging,None,None
20:28:17.231,staggered,8.3,888.4,788.8,7.5,1105.1,62.8,2400,0.0,0.0,15490,-684,60,discharging,None,None
20:28:17.739,staggered,8.3,888.4,788.8,39.2,1105.1,66.1,2400,0.0,0.0,15503,-526,60,discharging,None,None
20:28:18.242,staggered,6.7,463.8,266.4,86.2,1105.3,65.5,2400,0.0,0.0,15455,-651,60,discharging,None,None
20:28:18.746,staggered,6.7,463.8,266.4,1.5,1105.8,62.8,2400,0.0,0.0,15495,-663,60,discharging,None,None
20:28:19.249,staggered,8.3,406.7,266.4,83.5,1105.6,66.1,2400,0.0,0.0,15464,-584,60,discharging,None,None
20:28:19.753,staggered,8.3,406.7,159.9,35.7,1105.6,63.4,2400,0.0,0.0,15452,-667,60,discharging,None,None
20:28:20.267,staggered,8.3,406.7,159.9,49.0,1105.3,67.2,2400,0.0,0.0,15500,-588,60,discharging,None,None
20:28:20.772,staggered,8.3,407.4,159.9,45.8,1106.3,65.5,2400,0.0,0.0,15474,-603,60,discharging,None,None
20:28:21.276,staggered,8.3,407.4,167.6,37.1,1106.2,64.5,2400,0.0,0.0,15491,-639,60,discharging,None,None
20:28:21.779,staggered,8.3,393.9,167.6,71.5,1106.7,63.4,2400,0.0,0.0,15458,-659,60,discharging,None,None
20:28:22.283,staggered,8.3,393.9,163.3,36.0,1106.5,65.5,2400,0.0,0.0,15500,-614,60,discharging,None,None
20:28:22.791,staggered,8.3,393.9,163.3,73.4,1106.5,68.3,2400,0.0,0.0,15473,-591,60,discharging,None,None
20:28:23.295,staggered,8.3,400.7,163.3,10.9,1106.0,63.4,2400,0.0,0.0,15489,-653,60,discharging,None,None
20:28:23.803,staggered,8.3,400.7,159.2,69.2,1106.5,66.7,2400,0.0,0.0,15486,-593,60,discharging,None,None
20:28:24.307,staggered,8.3,406.1,159.2,48.8,1105.5,63.9,2400,0.0,0.0,15449,-666,60,discharging,None,None
20:28:24.816,staggered,8.3,406.1,159.2,2.0,1105.7,61.7,1600,0.0,0.0,15499,-601,60,discharging,None,None
20:28:25.323,staggered,8.3,406.1,471.5,100.0,1105.7,68.3,2400,0.0,0.0,15474,-530,60,discharging,None,None
20:28:25.826,staggered,8.3,691.1,471.5,43.8,1106.2,63.9,2400,0.0,0.0,15449,-681,60,discharging,None,None
20:28:26.336,staggered,8.4,691.1,471.5,4.0,1106.0,63.4,2400,0.0,0.0,15497,-599,60,discharging,None,None
20:28:26.847,staggered,8.4,691.1,471.5,100.0,1106.0,67.2,2400,0.0,0.0,15465,-557,60,discharging,None,None
20:28:27.351,staggered,8.3,681.6,423.6,35.1,1105.7,62.8,2400,0.0,0.0,15458,-682,60,discharging,None,None
20:28:27.863,staggered,8.3,681.6,423.6,12.4,1105.7,63.9,2400,0.0,0.0,15502,-566,60,discharging,None,None
20:28:28.367,staggered,8.3,681.6,423.6,100.0,1105.7,68.3,2400,0.0,0.0,15463,-558,60,discharging,None,None
20:28:28.871,staggered,8.3,599.5,382.3,37.8,1106.0,63.9,2400,0.0,0.0,15466,-690,60,discharging,None,None
20:28:29.379,staggered,8.3,599.5,382.3,34.7,1107.1,66.7,2400,0.0,0.0,15503,-567,60,discharging,None,None
20:28:29.882,staggered,7.9,403.1,168.1,84.2,1107.4,66.7,2400,0.0,0.0,15454,-588,60,discharging,None,None
20:28:30.386,staggered,7.9,403.1,168.1,2.0,1106.7,62.2,2400,0.0,0.0,15491,-648,60,discharging,None,None
20:28:30.889,staggered,7.9,403.2,168.1,82.6,1106.4,65.0,2400,0.0,0.0,15467,-590,60,discharging,None,None
20:28:31.393,staggered,8.4,403.2,162.9,36.8,1106.4,63.4,2400,0.0,0.0,15491,-624,60,discharging,None,None
20:28:31.900,staggered,8.4,403.2,162.9,57.4,1106.4,66.7,2400,0.0,0.0,15500,-570,60,discharging,None,None
20:28:32.404,staggered,8.3,398.1,162.9,26.0,1105.4,63.4,2400,0.0,0.0,15464,-606,60,discharging,None,None
20:28:32.912,staggered,8.3,398.1,171.7,56.6,1105.4,66.1,2400,0.0,0.0,15465,-627,60,discharging,None,None
20:28:33.416,staggered,8.3,404.5,171.7,63.5,1105.7,63.9,2400,0.0,0.0,15459,-635,60,discharging,None,None
20:28:33.924,staggered,8.3,404.5,171.7,27.8,1105.6,66.1,2400,0.0,0.0,15499,-586,60,discharging,None,None
20:28:34.428,staggered,8.3,402.8,163.2,90.5,1105.6,67.2,2400,0.0,0.0,15479,-567,60,discharging,None,None
20:28:34.931,staggered,8.3,402.8,163.2,3.5,1104.9,62.8,2400,0.0,0.0,15491,-647,60,discharging,None,None
20:28:35.447,staggered,8.3,402.8,163.2,56.2,1104.9,65.5,2400,0.0,0.0,15506,-524,60,discharging,None,None
20:28:35.951,staggered,8.3,631.8,436.4,85.0,1104.5,65.0,2400,0.0,0.0,15459,-598,60,discharging,None,None
20:28:36.454,staggered,8.3,631.8,436.4,2.0,1104.8,62.8,2400,0.0,0.0,15490,-663,60,discharging,None,None
20:28:36.967,staggered,8.3,631.8,436.4,60.8,1104.8,65.5,2400,0.0,0.0,15503,-510,60,discharging,None,None
20:28:37.470,staggered,8.3,754.2,513.1,91.0,1104.5,65.5,2400,0.0,0.0,15456,-627,60,discharging,None,None
20:28:37.974,staggered,8.3,754.2,513.1,2.5,1104.3,62.8,2400,0.0,0.0,15489,-691,60,discharging,None,None
20:28:38.483,staggered,8.4,754.2,513.1,54.2,1104.3,66.1,2400,0.0,0.0,15502,-512,60,discharging,None,None
20:28:38.987,staggered,8.4,600.5,384.4,85.8,1104.8,66.1,2400,0.0,0.0,15455,-618,60,discharging,None,None
20:28:39.491,staggered,8.4,600.5,384.4,3.0,1104.8,62.8,2400,0.0,0.0,15489,-593,60,discharging,None,None
20:28:39.999,staggered,8.4,600.5,384.4,76.6,1105.2,66.7,2400,0.0,0.0,15460,-569,60,discharging,None,None
20:28:40.503,staggered,8.4,399.0,161.8,41.4,1105.2,64.5,2400,0.0,0.0,15486,-645,60,discharging,None,None
20:28:41.011,staggered,8.3,399.0,161.8,48.5,1104.3,66.7,2400,0.0,0.0,15485,-579,60,discharging,None,None
20:28:41.515,staggered,8.3,399.2,161.8,55.2,1104.3,65.0,2400,0.0,0.0,15491,-605,60,discharging,None,None
20:28:42.021,staggered,7.9,399.2,163.4,27.4,1104.1,63.4,2400,0.0,0.0,15491,-588,60,discharging,None,None
20:28:42.524,staggered,7.9,395.0,163.4,79.8,1104.1,64.5,2400,0.0,0.0,15453,-638,60,discharging,None,None
20:28:43.028,staggered,7.9,395.0,167.8,36.3,1104.1,65.5,2400,0.0,0.0,15484,-642,60,discharging,None,None
20:28:43.535,staggered,8.3,395.0,167.8,65.0,1104.1,68.3,2400,0.0,0.0,15462,-599,60,discharging,None,None
20:28:44.039,staggered,8.3,403.8,167.8,19.0,1105.0,63.4,2400,0.0,0.0,15489,-590,60,discharging,None,None
20:28:44.547,staggered,8.3,403.8,162.9,61.9,1105.0,66.1,2400,0.0,0.0,15473,-570,60,discharging,None,None
20:28:45.050,staggered,8.3,394.3,162.9,56.4,1104.8,63.4,2400,0.0,0.0,15472,-645,60,discharging,None,None
20:28:45.555,staggered,8.4,394.3,162.9,3.0,1105.0,62.8,2400,0.0,0.0,15500,-557,60,discharging,None,None
20:28:46.063,staggered,8.4,394.3,415.7,100.0,1105.5,67.2,2400,0.0,0.0,15457,-591,60,discharging,None,None
20:28:46.567,staggered,8.4,628.1,415.7,39.7,1105.2,63.4,2400,0.0,0.0,15487,-685,60,discharging,None,None
20:28:47.075,staggered,8.3,628.1,415.7,8.5,1105.5,62.8,2400,0.0,0.0,15501,-526,60,discharging,None,None
20:28:47.586,staggered,8.3,628.1,415.7,100.0,1105.5,67.2,2400,0.0,0.0,15455,-602,60,discharging,None,None
20:28:48.089,staggered,8.3,686.2,430.9,33.3,1104.8,63.9,2400,0.0,0.0,15487,-683,60,discharging,None,None
20:28:48.595,staggered,8.3,686.2,430.9,15.8,1104.8,63.9,2400,0.0,0.0,15501,-513,60,discharging,None,None
20:28:49.107,staggered,8.3,686.2,430.9,100.0,1105.3,67.8,2400,0.0,0.0,15455,-613,60,discharging,None,None
20:28:49.610,staggered,8.2,637.0,422.3,29.4,1104.8,62.8,2400,0.0,0.0,15489,-688,60,discharging,None,None
20:28:50.119,staggered,8.2,637.0,422.3,31.7,1104.8,66.7,2400,0.0,0.0,15500,-530,60,discharging,None,None
20:28:50.622,staggered,8.4,398.9,159.4,86.6,1104.8,66.7,2400,0.0,0.0,15468,-623,60,discharging,None,None
20:28:51.126,staggered,8.4,398.9,159.4,2.5,1104.3,62.8,2400,0.0,0.0,15494,-626,60,discharging,None,None
20:28:51.629,staggered,8.3,394.3,159.4,82.2,1104.3,65.0,2400,0.0,0.0,15456,-601,60,discharging,None,None
20:28:52.133,staggered,8.3,394.3,161.0,36.5,1104.3,63.4,2400,0.0,0.0,15459,-647,60,discharging,None,None
20:28:52.640,staggered,8.3,394.3,161.0,57.4,1104.6,67.8,2400,0.0,0.0,15479,-573,60,discharging,None,None
20:28:53.143,staggered,8.3,584.6,161.0,43.2,1106.2,63.9,2400,0.0,0.0,15478,-611,60,discharging,None,None
20:28:53.647,staggered,8.3,584.6,175.4,38.0,1106.9,62.8,2400,0.0,0.0,15487,-617,60,discharging,None,None
20:28:54.150,staggered,7.6,395.2,175.4,80.7,1106.9,67.2,2400,0.0,0.0,15458,-632,60,discharging,None,None
20:28:54.659,staggered,7.6,395.2,175.4,28.7,1106.7,66.7,2400,0.0,0.0,15489,-614,60,discharging,None,None
20:28:55.163,staggered,7.6,395.2,160.4,54.5,1106.2,67.8,2400,0.0,0.0,15485,-591,60,discharging,None,None
20:28:55.667,staggered,8.4,395.1,160.4,39.9,1107.9,63.4,2400,0.0,0.0,15477,-653,60,discharging,None,None
20:28:56.176,staggered,8.4,395.1,159.2,43.8,1106.4,65.5,2400,0.0,0.0,15483,-614,60,discharging,None,None
20:28:56.680,staggered,8.3,396.2,159.2,75.0,1107.3,64.5,2400,0.0,0.0,15452,-648,60,discharging,None,None
20:28:57.183,staggered,8.3,396.2,159.2,2.5,1107.3,62.8,2400,0.0,0.0,15495,-587,60,discharging,None,None
20:28:57.691,staggered,8.3,396.2,358.5,87.0,1107.3,68.3,2400,0.0,0.0,15464,-546,60,discharging,None,None
20:28:58.194,staggered,8.3,564.8,358.5,46.1,1106.5,63.4,2400,0.0,0.0,15464,-672,60,discharging,None,None
20:28:58.699,staggered,8.3,564.8,358.5,2.5,1108.1,62.8,2400,0.0,0.0,15496,-560,60,discharging,None,None
20:28:59.214,staggered,8.3,564.8,409.1,100.0,1108.1,67.2,2400,0.0,0.0,15461,-569,60,discharging,None,None
20:28:59.718,staggered,8.3,673.5,409.1,36.8,1107.4,62.8,2400,0.0,0.0,15476,-679,60,discharging,None,None
20:29:00.224,staggered,8.4,673.5,409.1,12.4,1107.4,63.4,2400,0.0,0.0,15499,-543,60,discharging,None,None
20:29:00.731,staggered,8.4,673.5,409.1,100.0,1107.4,68.3,2400,0.0,0.0,15467,-570,60,discharging,None,None
20:29:01.234,staggered,8.3,721.5,473.9,39.6,1106.7,63.9,2400,0.0,0.0,15469,-687,60,discharging,None,None
20:29:01.744,staggered,8.3,721.5,473.9,10.0,1107.4,63.4,2400,0.0,0.0,15498,-550,60,discharging,None,None
20:29:02.249,staggered,8.3,409.6,473.9,100.0,1107.8,67.8,2400,0.0,0.0,15455,-586,60,discharging,None,None
20:29:02.753,staggered,8.3,409.6,176.1,10.4,1107.8,62.8,2400,0.0,0.0,15487,-652,60,discharging,None,None
20:29:03.260,staggered,8.3,409.6,176.1,70.0,1107.3,69.4,2400,0.0,0.0,15478,-571,60,discharging,None,None
20:29:03.764,staggered,8.3,399.0,157.1,47.5,1107.8,63.9,2400,0.0,0.0,15477,-633,60,discharging,None,None
20:29:04.271,staggered,8.3,399.0,157.1,33.7,1106.4,66.7,2400,0.0,0.0,15494,-577,60,discharging,None,None
20:29:04.775,staggered,8.3,406.2,157.1,52.2,1106.9,63.9,2400,0.0,0.0,15448,-600,60,discharging,None,None
20:29:05.278,staggered,8.3,406.2,336.6,58.7,1106.2,63.9,2400,0.0,0.0,15461,-672,60,discharging,None,None
20:29:05.782,staggered,8.3,391.5,336.6,81.3,1106.4,65.0,2400,0.0,0.0,15455,-641,60,discharging,None,None
20:29:06.285,staggered,7.3,391.5,336.6,2.5,1106.0,63.4,2400,0.0,0.0,15488,-590,60,discharging,None,None
20:29:06.792,staggered,7.3,391.5,196.7,83.7,1106.0,67.8,2400,0.0,0.0,15460,-558,60,discharging,None,None
20:29:07.295,staggered,7.3,448.0,196.7,35.8,1104.6,63.4,2400,0.0,0.0,15461,-651,60,discharging,None,None
20:29:07.807,staggered,8.3,448.0,196.7,11.8,1104.2,64.5,2400,0.0,0.0,15496,-562,60,discharging,None,None
20:29:08.311,staggered,8.3,448.0,520.5,100.0,1104.9,67.8,2400,0.0,0.0,15459,-567,60,discharging,None,None
20:29:08.815,staggered,8.3,719.9,520.5,37.9,1105.4,63.9,2400,0.0,0.0,15454,-707,60,discharging,None,None
20:29:09.324,staggered,8.3,719.9,520.5,11.8,1105.4,64.5,2400,0.0,0.0,15492,-583,60,discharging,None,None
20:29:09.835,staggered,8.2,719.9,520.5,100.0,1105.9,68.3,2400,0.0,0.0,15454,-585,60,discharging,None,None
20:29:10.338,staggered,8.2,683.0,429.0,30.4,1105.9,62.8,2400,0.0,0.0,15464,-704,60,discharging,None,None
20:29:10.847,staggered,8.2,683.0,429.0,17.1,1106.1,62.8,1900,0.0,0.0,15495,-565,60,discharging,None,None
20:29:11.351,staggered,8.3,531.4,429.0,100.0,1106.1,67.8,2400,0.0,0.0,15452,-567,60,discharging,None,None
20:29:11.854,staggered,8.3,531.4,276.0,14.8,1103.8,62.8,2400,0.0,0.0,15482,-663,60,discharging,None,None
20:29:12.363,staggered,8.4,531.4,276.0,53.3,1103.8,67.2,2400,0.0,0.0,15495,-563,60,discharging,None,None
20:29:12.867,staggered,8.4,403.6,162.6,65.9,1103.4,63.9,2400,0.0,0.0,15460,-629,60,discharging,None,None
20:29:13.375,staggered,8.4,403.6,162.6,16.0,1103.8,64.5,2400,0.0,0.0,15486,-645,60,discharging,None,None
20:29:13.880,staggered,8.3,406.5,162.6,68.6,1103.8,63.9,2400,0.0,0.0,15453,-631,60,discharging,None,None
20:29:14.383,staggered,8.3,406.5,159.2,37.3,1104.5,63.4,2400,0.0,0.0,15465,-669,60,discharging,None,None
20:29:14.891,staggered,8.3,406.5,159.2,77.1,1104.5,67.8,2400,0.0,0.0,15479,-587,60,discharging,None,None
20:29:15.395,staggered,8.3,395.5,159.2,22.0,1104.1,66.1,2400,0.0,0.0,15482,-603,60,discharging,None,None
20:29:15.903,staggered,8.4,395.5,175.6,64.3,1104.3,67.2,2400,0.0,0.0,15476,-606,60,discharging,None,None
20:29:16.406,staggered,8.4,403.7,175.6,44.0,1104.5,63.4,2400,0.0,0.0,15444,-668,60,discharging,None,None
20:29:16.918,staggered,8.4,403.7,157.8,36.5,1104.1,65.0,2400,0.0,0.0,15492,-605,60,discharging,None,None
20:29:17.466,staggered,8.3,403.7,157.8,99.6,1104.1,67.2,2400,0.0,0.0,15446,-609,60,discharging,None,None
20:29:17.970,staggered,8.3,570.6,157.8,6.5,1104.2,63.4,2400,0.0,0.0,15470,-707,60,discharging,None,None
20:29:18.479,staggered,8.3,570.6,161.8,74.1,1104.2,67.8,2400,0.0,0.0,15484,-599,60,discharging,None,None
20:29:18.982,staggered,6.7,419.2,161.8,46.0,1105.0,63.4,2400,0.0,0.0,15446,-667,60,discharging,None,None
20:29:19.491,staggered,6.7,419.2,161.8,14.6,1105.2,65.5,2400,0.0,0.0,15490,-621,60,discharging,None,None
20:29:19.995,staggered,8.3,419.2,369.8,100.0,1105.2,68.8,2400,0.0,0.0,15455,-554,60,discharging,None,None
20:29:20.498,staggered,8.3,563.6,369.8,18.9,1105.0,62.8,2400,0.0,0.0,15445,-691,60,discharging,None,None
20:29:21.018,staggered,8.3,563.6,369.8,29.0,1104.0,64.5,1900,0.0,0.0,15491,-593,60,discharging,None,None
20:29:21.522,staggered,8.3,563.6,531.9,100.0,1104.0,67.8,2400,0.0,0.0,15463,-558,60,discharging,None,None
20:29:22.026,staggered,8.3,753.2,531.9,23.9,1104.0,62.8,2400,0.0,0.0,15442,-709,60,discharging,None,None
20:29:22.536,staggered,8.4,753.2,531.9,23.5,1104.0,65.5,2400,0.0,0.0,15489,-604,60,discharging,None,None
20:29:23.039,staggered,8.4,558.1,531.9,100.0,1104.0,68.3,2400,0.0,0.0,15452,-566,60,discharging,None,None
20:29:23.543,staggered,8.3,558.1,333.8,8.6,1104.0,62.8,2400,0.0,0.0,15452,-693,60,discharging,None,None
20:29:24.052,staggered,8.3,558.1,333.8,54.3,1104.0,66.7,2400,0.0,0.0,15490,-576,60,discharging,None,None
20:29:24.559,staggered,8.3,397.0,160.8,62.9,1103.6,64.5,2400,0.0,0.0,15445,-593,60,discharging,None,None
20:29:25.067,staggered,8.3,397.0,160.8,19.4,1103.6,65.0,2400,0.0,0.0,15485,-647,60,discharging,None,None
20:29:25.570,staggered,8.3,397.6,160.8,63.7,1103.6,63.9,2400,0.0,0.0,15458,-594,60,discharging,None,None
20:29:26.074,staggered,8.3,397.6,164.3,36.5,1103.6,62.8,2400,0.0,0.0,15479,-629,60,discharging,None,None
20:29:26.579,staggered,8.3,394.8,164.3,80.6,1103.8,67.2,2400,0.0,0.0,15490,-573,60,discharging,None,None
20:29:27.084,staggered,8.4,394.8,164.3,22.0,1103.3,65.5,2400,0.0,0.0,15463,-606,60,discharging,None,None
20:29:27.592,staggered,8.4,394.8,159.7,61.3,1103.3,67.2,2400,0.0,0.0,15455,-624,60,discharging,None,None
20:29:28.095,staggered,8.4,395.6,159.7,38.0,1103.3,63.4,2400,0.0,0.0,15448,-640,60,discharging,None,None
20:29:28.603,staggered,8.3,395.6,168.9,43.5,1103.3,66.1,2400,0.0,0.0,15486,-597,60,discharging,None,None
20:29:29.107,staggered,8.3,400.0,168.9,75.6,1103.1,65.0,2400,0.0,0.0,15468,-590,60,discharging,None,None
20:29:29.611,staggered,8.3,400.0,168.9,10.9,1103.5,63.4,2400,0.0,0.0,15478,-668,60,discharging,None,None
20:29:30.120,staggered,8.3,400.0,168.9,79.2,1103.5,67.8,2400,0.0,0.0,15490,-564,60,discharging,None,None
20:29:30.624,staggered,7.9,630.6,440.5,60.0,1103.5,63.9,2400,0.0,0.0,15442,-659,60,discharging,None,None
20:29:31.127,staggered,7.9,630.6,440.5,2.0,1104.2,62.8,2400,0.0,0.0,15478,-689,60,discharging,None,None
20:29:31.638,staggered,7.9,630.6,440.5,84.7,1109.9,67.2,2400,0.0,0.0,15491,-565,60,discharging,None,None
20:29:32.142,staggered,8.3,692.4,426.8,55.7,1112.9,63.4,2400,0.0,0.0,15442,-703,60,discharging,None,None
20:29:32.645,staggered,8.3,692.4,426.8,1.5,1112.9,62.2,2400,0.0,0.0,15488,-591,60,discharging,None,None
20:29:33.158,staggered,8.3,692.4,426.8,90.6,1112.9,67.2,2400,0.0,0.0,15449,-576,60,discharging,None,None
20:29:33.662,staggered,8.3,603.2,387.0,47.5,1112.9,63.4,2400,0.0,0.0,15450,-701,60,discharging,None,None
20:29:34.172,staggered,8.3,603.2,387.0,15.1,1108.9,64.5,2400,0.0,0.0,15488,-578,60,discharging,None,None
20:29:34.678,staggered,8.4,394.6,387.0,86.8,1108.9,67.2,2400,0.0,0.0,15442,-604,60,discharging,None,None
20:29:35.181,staggered,8.4,394.6,167.7,18.0,1108.7,62.8,2400,0.0,0.0,15479,-667,60,discharging,None,None
20:29:35.688,staggered,8.3,397.7,167.7,77.8,1108.7,67.2,2400,0.0,0.0,15453,-609,60,discharging,None,None
20:29:36.191,staggered,8.3,397.7,158.2,40.0,1108.4,63.9,2400,0.0,0.0,15478,-643,60,discharging,None,None
20:29:36.699,staggered,8.3,397.7,158.2,40.7,1108.4,67.2,2400,0.0,0.0,15485,-591,60,discharging,None,None
20:29:37.202,staggered,8.3,413.8,158.2,45.6,1106.4,63.4,2400,0.0,0.0,15448,-630,60,discharging,None,None
20:29:37.706,staggered,8.3,413.8,171.9,37.5,1106.4,62.8,2400,0.0,0.0,15451,-650,60,discharging,None,None
20:29:38.210,staggered,8.3,399.1,171.9,82.1,1106.2,65.0,2400,0.0,0.0,15446,-651,60,discharging,None,None
20:29:38.719,staggered,8.3,399.1,171.9,9.0,1109.8,63.9,2400,0.0,0.0,15484,-606,60,discharging,None,None
20:29:39.223,staggered,8.3,399.1,163.2,88.7,1109.4,67.8,2400,0.0,0.0,15467,-586,60,discharging,None,None
20:29:39.727,staggered,8.3,400.6,163.2,21.4,1109.4,63.4,2400,0.0,0.0,15476,-667,60,discharging,None,None
20:29:40.239,staggered,8.3,400.6,163.2,39.8,1107.5,65.5,2400,0.0,0.0,15489,-560,60,discharging,None,None
20:29:40.742,staggered,8.3,575.1,379.8,92.6,1108.0,66.1,2400,0.0,0.0,15442,-649,60,discharging,None,None
20:29:41.246,staggered,8.3,575.1,379.8,2.0,1107.8,62.2,1600,0.0,0.0,15478,-685,60,discharging,None,None
20:29:41.759,staggered,8.4,575.1,379.8,37.7,1108.7,65.0,2400,0.0,0.0,15493,-488,60,discharging,None,None
20:29:42.263,staggered,8.4,575.1,406.5,100.0,1108.7,67.8,2400,0.0,0.0,15446,-601,60,discharging,None,None
20:29:42.767,staggered,8.0,679.7,406.5,11.5,1109.4,62.8,2400,0.0,0.0,15475,-698,60,discharging,None,None
20:29:43.279,staggered,8.0,679.7,406.5,36.5,1108.6,66.1,2400,0.0,0.0,15489,-536,60,discharging,None,None
20:29:43.783,staggered,8.0,687.9,459.0,100.0,1109.4,67.2,2400,0.0,0.0,15443,-619,60,discharging,None,None
20:29:44.286,staggered,8.3,687.9,459.0,6.4,1108.9,62.8,2400,0.0,0.0,15480,-681,60,discharging,None,None
20:29:44.795,staggered,8.3,687.9,459.0,41.0,1108.9,66.1,2400,0.0,0.0,15492,-508,60,discharging,None,None
20:29:45.298,staggered,8.2,583.1,368.5,95.1,1108.1,66.1,2400,0.0,0.0,15447,-622,60,discharging,None,None
20:29:45.802,staggered,8.2,583.1,368.5,2.5,1106.7,62.2,2400,0.0,0.0,15480,-674,60,discharging,None,None
20:29:46.307,staggered,8.4,583.1,368.5,67.3,1106.7,66.7,2400,0.0,0.0,15485,-535,60,discharging,None,None
20:29:46.810,staggered,8.4,394.7,160.2,51.5,1106.5,63.4,2400,0.0,0.0,15467,-641,60,discharging,None,None
20:29:47.319,staggered,8.4,394.7,160.2,30.8,1106.2,65.5,2400,0.0,0.0,15489,-599,60,discharging,None,None
20:29:47.825,staggered,8.3,395.5,160.2,53.7,1106.0,63.4,2400,0.0,0.0,15444,-591,60,discharging,None,None
20:29:48.329,staggered,8.3,395.5,172.9,37.6,1106.5,62.8,2400,0.0,0.0,15451,-650,60,discharging,None,None
20:29:48.833,staggered,8.3,394.1,172.9,82.2,1107.5,64.5,2400,0.0,0.0,15453,-594,60,discharging,None,None
20:29:49.340,staggered,8.3,394.1,172.9,31.5,1107.9,66.1,2400,0.0,0.0,15478,-586,60,discharging,None,None
20:29:49.845,staggered,8.3,394.1,161.4,63.5,1108.4,67.2,2400,0.0,0.0,15485,-574,60,discharging,None,None
20:29:50.348,staggered,8.3,398.3,161.4,26.9,1107.9,63.4,2400,0.0,0.0,15454,-649,60,discharging,None,None
20:29:50.856,staggered,8.3,398.3,158.7,55.0,1107.9,66.7,2400,0.0,0.0,15490,-591,60,discharging,None,None
20:29:51.360,staggered,8.3,401.7,158.7,64.4,1107.3,64.5,2400,0.0,0.0,15440,-637,60,discharging,None,None
20:29:51.864,staggered,8.3,401.7,158.7,2.5,1106.5,61.7,1600,0.0,0.0,15486,-616,60,discharging,None,None
20:29:52.375,staggered,8.3,401.7,457.8,90.2,1106.5,66.7,2400,0.0,0.0,15473,-489,60,discharging,None,None
20:29:52.878,staggered,8.3,647.3,457.8,50.7,1106.3,63.9,2400,0.0,0.0,15437,-661,60,discharging,None,None
20:29:53.382,staggered,8.3,647.3,457.8,3.0,1106.3,62.2,2400,0.0,0.0,15488,-612,60,discharging,None,None
20:29:53.942,staggered,8.3,647.3,457.8,95.1,1106.3,67.2,2400,0.0,0.0,15456,-516,60,discharging,None,None
20:29:54.445,staggered,8.3,616.1,231.4,50.2,1105.9,63.4,2400,0.0,0.0,15445,-689,60,discharging,None,None
20:29:54.952,staggered,8.3,616.1,231.4,27.0,1105.2,65.0,2400,0.0,0.0,15486,-615,60,discharging,None,None
20:29:55.456,staggered,6.7,397.8,231.4,74.0,1105.2,66.1,2400,0.0,0.0,15447,-568,60,discharging,None,None
20:29:55.961,staggered,6.7,397.8,159.7,20.9,1105.3,61.7,2400,0.0,0.0,15445,-647,60,discharging,None,None
20:29:56.464,staggered,8.3,394.1,159.7,82.1,1106.0,65.5,2400,0.0,0.0,15479,-570,60,discharging,None,None
20:29:56.968,staggered,8.3,394.1,158.2,36.3,1105.8,63.9,2400,0.0,0.0,15474,-591,60,discharging,None,None
20:29:57.476,staggered,8.3,394.1,158.2,51.7,1106.6,67.2,2400,0.0,0.0,15481,-613,60,discharging,None,None
20:29:57.980,staggered,8.3,399.4,158.2,33.3,1106.9,62.8,2400,0.0,0.0,15438,-666,60,discharging,None,None
20:29:58.489,staggered,8.3,399.4,169.1,51.2,1106.9,65.0,2400,0.0,0.0,15486,-635,60,discharging,None,None
20:29:58.992,staggered,8.3,396.6,169.1,69.2,1108.8,63.4,2400,0.0,0.0,15445,-613,60,discharging,None,None
20:29:59.501,staggered,8.3,396.6,169.1,9.4,1108.8,63.9,2400,0.0,0.0,15474,-637,60,discharging,None,None
20:30:00.006,staggered,8.3,396.6,173.7,100.0,1108.8,67.2,2400,0.0,0.0,15458,-584,60,discharging,None,None
20:30:00.510,staggered,8.3,424.4,173.7,12.4,1107.7,63.4,2400,0.0,0.0,15439,-667,60,discharging,None,None
20:30:01.023,staggered,8.3,424.4,173.7,36.9,1107.0,65.5,2400,0.0,0.0,15485,-585,60,discharging,None,None
20:30:01.528,staggered,8.3,424.4,495.2,100.0,1107.0,67.8,2400,0.0,0.0,15452,-561,60,discharging,None,None
20:30:02.032,staggered,8.3,712.1,495.2,11.3,1106.3,62.2,2400,0.0,0.0,15444,-695,60,discharging,None,None
20:30:02.543,staggered,8.4,712.1,495.2,38.6,1106.3,66.1,2400,0.0,0.0,15487,-489,60,discharging,None,None
20:30:03.051,staggered,8.4,712.1,495.0,100.0,1106.7,67.2,2400,0.0,0.0,15442,-628,60,discharging,None,None
20:30:03.554,staggered,8.4,735.2,495.0,13.7,1106.6,62.8,2400,0.0,0.0,15477,-666,60,discharging,None,None
20:30:04.063,staggered,8.4,735.2,495.0,33.8,1107.2,65.0,2400,0.0,0.0,15490,-505,59,discharging,None,None
20:30:04.566,staggered,8.4,470.2,244.0,86.3,1106.9,64.5,2400,0.0,0.0,15442,-643,59,discharging,None,None
20:30:05.070,staggered,8.3,470.2,244.0,2.5,1106.5,62.2,2400,0.0,0.0,15483,-630,59,discharging,None,None
20:30:05.576,staggered,8.3,395.6,244.0,81.7,1106.5,67.2,2400,0.0,0.0,15449,-556,59,discharging,None,None
20:30:06.080,staggered,8.2,395.6,345.8,49.3,1105.6,63.4,2400,0.0,0.0,15440,-661,59,discharging,None,None
20:30:06.586,staggered,8.2,395.6,345.8,44.8,1105.6,67.2,2400,0.0,0.0,15484,-590,59,discharging,None,None
20:30:07.090,staggered,8.0,409.4,345.8,41.3,1105.1,62.8,2400,0.0,0.0,15466,-591,59,discharging,None,None
20:30:07.599,staggered,8.0,409.4,164.4,41.6,1105.1,64.5,2400,0.0,0.0,15449,-611,59,discharging,None,None
20:30:08.102,staggered,8.0,395.1,164.4,76.4,1104.9,63.9,2400,0.0,0.0,15440,-648,59,discharging,None,None
20:30:08.610,staggered,8.3,395.1,164.4,5.5,1104.9,63.4,2400,0.0,0.0,15486,-586,59,discharging,None,None
20:30:09.114,staggered,8.3,395.1,163.3,100.0,1105.6,68.3,2400,0.0,0.0,15452,-580,59,discharging,None,None
20:30:09.618,staggered,8.3,399.8,163.3,15.8,1106.8,62.8,2400,0.0,0.0,15475,-650,59,discharging,None,None
20:30:10.138,staggered,8.3,399.8,163.3,34.7,1106.7,66.1,2400,0.0,0.0,15488,-515,59,discharging,None,None
20:30:10.642,staggered,8.3,399.8,683.6,100.0,1106.7,67.2,2400,0.0,0.0,15441,-620,59,discharging,None,None
20:30:11.145,staggered,8.3,790.5,683.6,28.4,1106.3,63.4,2400,0.0,0.0,15472,-709,59,discharging,None,None
20:30:11.652,staggered,8.3,790.5,683.6,21.1,1106.3,65.0,2400,0.0,0.0,15483,-545,59,discharging,None,None
20:30:12.160,staggered,8.3,562.4,683.6,100.0,1106.3,67.8,2400,0.0,0.0,15443,-617,59,discharging,None,None
20:30:12.663,staggered,8.3,562.4,388.5,18.9,1105.7,63.4,2400,0.0,0.0,15471,-696,59,discharging,None,None
20:30:13.172,staggered,8.3,562.4,388.5,50.0,1106.8,67.2,2400,0.0,0.0,15485,-563,59,discharging,None,None
20:30:13.675,staggered,8.3,390.4,168.8,68.5,1109.1,64.5,2400,0.0,0.0,15458,-635,59,discharging,None,None
20:30:14.184,staggered,8.3,390.4,168.8,15.4,1110.5,65.5,2400,0.0,0.0,15476,-635,59,discharging,None,None
20:30:14.688,staggered,8.3,401.9,168.8,69.8,1110.9,65.0,2400,0.0,0.0,15441,-636,59,discharging,None,None
20:30:15.191,staggered,8.3,401.9,164.2,36.6,1110.2,63.4,2400,0.0,0.0,15447,-667,59,discharging,None,None
20:30:15.703,staggered,8.4,401.9,164.2,75.6,1110.5,67.2,2400,0.0,0.0,15459,-592,59,discharging,None,None
20:30:16.208,staggered,8.4,398.8,164.2,17.1,1109.2,64.5,2400,0.0,0.0,15473,-603,59,discharging,None,None
20:30:16.712,staggered,8.3,398.8,167.6,66.5,1109.2,66.7,2400,0.0,0.0,15470,-593,59,discharging,None,None
20:30:17.216,staggered,8.3,394.9,167.6,43.8,1108.2,63.4,2400,0.0,0.0,15436,-666,59,discharging,None,None
20:30:17.728,staggered,8.3,394.9,183.0,39.7,1108.2,65.5,2400,0.0,0.0,15482,-596,59,discharging,None,None
20:30:18.232,staggered,8.3,394.9,183.0,98.5,1108.2,66.7,2400,0.0,0.0,15439,-610,59,discharging,None,None
20:30:18.736,staggered,8.3,582.2,183.0,17.4,1107.6,62.8,2400,0.0,0.0,15470,-698,59,discharging,None,None
20:30:19.244,staggered,8.3,582.2,159.1,63.5,1106.9,66.1,2400,0.0,0.0,15476,-588,59,discharging,None,None
20:30:19.748,staggered,7.2,401.4,159.1,54.7,1109.0,63.4,2400,0.0,0.0,15431,-665,59,discharging,None,None
20:30:20.252,staggered,7.2,401.4,159.1,2.5,1108.3,62.2,2400,0.0,0.0,15481,-617,59,discharging,None,None
20:30:20.759,staggered,8.3,401.4,463.5,95.6,1108.3,67.8,2400,0.0,0.0,15448,-551,59,discharging,None,None
20:30:21.263,staggered,8.3,660.6,463.5,43.0,1107.9,63.4,2400,0.0,0.0,15431,-703,59,discharging,None,None
20:30:21.772,staggered,8.4,660.6,463.5,3.5,1108.1,62.2,2400,0.0,0.0,15480,-604,59,discharging,None,None
20:30:22.280,staggered,8.4,660.6,463.5,100.0,1108.1,66.7,2400,0.0,0.0,15445,-560,59,discharging,None,None
20:30:22.783,staggered,8.4,695.2,412.5,39.6,1107.9,63.4,2400,0.0,0.0,15433,-705,59,discharging,None,None
20:30:23.291,staggered,8.3,695.2,412.5,8.5,1107.6,63.9,2400,0.0,0.0,15481,-596,59,discharging,None,None
20:30:23.799,staggered,8.3,695.2,412.5,100.0,1107.6,67.2,2400,0.0,0.0,15441,-571,59,discharging,None,None
20:30:24.302,staggered,8.3,555.7,336.6,24.1,1106.9,63.4,2400,0.0,0.0,15451,-688,59,discharging,None,None
20:30:24.811,staggered,8.3,555.7,336.6,40.3,1107.1,66.1,2400,0.0,0.0,15481,-567,59,discharging,None,None
20:30:25.314,staggered,8.3,395.8,165.8,78.7,1106.5,65.5,2400,0.0,0.0,15434,-603,59,discharging,None,None
20:30:25.824,staggered,8.3,395.8,165.8,4.5,1106.3,62.8,2400,0.0,0.0,15469,-665,59,discharging,None,None
20:30:26.328,staggered,8.3,394.0,165.8,78.8,1106.6,64.5,2400,0.0,0.0,15444,-620,59,discharging,None,None
20:30:26.831,staggered,8.2,394.0,169.3,38.4,1106.0,63.9,2400,0.0,0.0,15464,-654,59,discharging,None,None
20:30:27.339,staggered,8.2,394.0,169.3,67.2,1106.0,67.8,2400,0.0,0.0,15478,-593,59,discharging,None,None
20:30:27.843,staggered,8.4,392.6,169.3,23.2,1105.7,62.8,1600,0.0,0.0,15454,-618,59,discharging,None,None
20:30:28.348,staggered,8.4,392.6,166.1,65.2,1105.7,65.5,2400,0.0,0.0,15445,-620,59,discharging,None,None
20:30:28.851,staggered,8.4,396.2,166.1,53.0,1106.4,63.9,2400,0.0,0.0,15435,-651,59,discharging,None,None
20:30:29.357,staggered,8.3,396.2,164.1,32.5,1106.4,65.5,2400,0.0,0.0,15479,-604,59,discharging,None,None
20:30:29.861,staggered,8.3,396.1,164.1,84.6,1106.4,65.0,2400,0.0,0.0,15452,-593,59,discharging,None,None
20:30:30.364,staggered,8.3,396.1,164.1,10.0,1106.4,63.4,2400,0.0,0.0,15469,-667,59,discharging,None,None
20:30:30.891,staggered,8.3,396.1,164.1,62.6,1106.3,66.7,2400,0.0,0.0,15480,-554,59,discharging,None,None
20:30:31.395,staggered,7.9,598.9,393.6,64.2,1105.6,63.4,2400,0.0,0.0,15433,-663,59,discharging,None,None
20:30:31.898,staggered,7.9,598.9,393.6,2.0,1105.2,62.2,2400,0.0,0.0,15472,-665,59,discharging,None,None
20:30:32.411,staggered,7.9,598.9,393.6,82.4,1105.2,66.1,2400,0.0,0.0,15472,-527,59,discharging,None,None
20:30:32.915,staggered,8.2,644.4,419.5,48.3,1105.2,63.4,2400,0.0,0.0,15429,-686,59,discharging,None,None
20:30:33.418,staggered,8.2,644.4,419.5,1.5,1105.2,61.7,2400,0.0,0.0,15481,-546,59,discharging,None,None
20:30:33.931,staggered,8.3,644.4,419.5,96.6,1105.2,68.3,2400,0.0,0.0,15433,-620,59,discharging,None,None
20:30:34.434,staggered,8.3,511.4,286.8,31.5,1104.5,62.8,2400,0.0,0.0,15468,-685,59,discharging,None,None
20:30:34.946,staggered,8.3,511.4,286.8,39.5,1104.5,66.7,2400,0.0,0.0,15471,-566,59,discharging,None,None
20:30:35.450,staggered,8.3,396.1,157.6,78.0,1104.5,66.1,2400,0.0,0.0,15461,-652,59,discharging,None,None
20:30:35.960,staggered,8.3,396.1,157.6,1.5,1105.2,62.2,2400,0.0,0.0,15478,-609,59,discharging,None,None
20:30:36.463,staggered,8.3,366.3,157.6,72.2,1105.6,64.5,2400,0.0,0.0,15433,-599,59,discharging,None,None
20:30:36.967,staggered,8.3,366.3,148.8,32.5,1104.9,63.4,2400,0.0,0.0,15443,-645,59,discharging,None,None
20:30:37.471,staggered,8.3,361.8,148.8,71.1,1104.9,66.1,2400,0.0,0.0,15439,-617,59,discharging,None,None
20:30:37.980,staggered,8.3,361.8,148.8,4.0,1104.9,61.1,1900,0.0,0.0,15475,-585,59,discharging,None,None
20:30:38.484,staggered,8.3,361.8,167.8,76.5,1104.9,65.5,2400,0.0,0.0,15472,-561,59,discharging,None,None
20:30:38.988,staggered,8.3,363.0,167.8,33.3,1106.1,62.8,2400,0.0,0.0,15470,-629,59,discharging,None,None
20:30:39.505,staggered,8.3,363.0,167.8,31.0,1106.1,65.0,2400,0.0,0.0,15482,-564,59,discharging,None,None
20:30:40.008,staggered,8.3,463.0,259.7,82.3,1105.2,63.9,2400,0.0,0.0,15428,-660,59,discharging,None,None
20:30:40.512,staggered,8.3,463.0,259.7,0.5,1105.2,61.7,2400,0.0,0.0,15479,-631,59,discharging,None,None
20:30:41.020,staggered,8.3,463.0,259.7,63.1,1105.2,65.5,2400,0.0,0.0,15454,-514,59,discharging,None,None
20:30:41.524,staggered,8.3,620.3,382.9,63.2,1104.2,62.8,2400,0.0,0.0,15431,-660,59,discharging,None,None
20:30:42.027,staggered,8.3,620.3,382.9,0.0,1104.2,61.1,2400,0.0,0.0,15481,-577,59,discharging,None,None
20:30:42.539,staggered,8.3,620.3,382.9,81.4,1104.2,67.2,2400,0.0,0.0,15440,-541,59,discharging,None,None
20:30:43.042,staggered,8.3,531.9,341.2,40.6,1104.2,62.8,2400,0.0,0.0,15461,-652,59,discharging,None,None
20:30:43.551,staggered,8.3,531.9,341.2,18.0,1104.2,62.8,1500,0.0,0.0,15488,-518,59,discharging,None,None
20:30:44.059,staggered,8.3,378.9,341.2,84.7,1103.8,65.5,2400,0.0,0.0,15438,-544,59,discharging,None,None
20:30:44.562,staggered,8.3,378.9,148.0,7.4,1103.8,61.7,2400,0.0,0.0,15473,-610,59,discharging,None,None
20:30:45.066,staggered,8.3,362.1,148.0,75.1,1104.5,63.4,2400,0.0,0.0,15441,-600,59,discharging,None,None
20:30:45.569,staggered,8.3,362.1,147.5,32.3,1104.5,62.8,2400,0.0,0.0,15461,-625,59,discharging,None,None
20:30:46.076,staggered,8.3,362.1,147.5,55.2,1104.9,65.5,2400,0.0,0.0,15471,-557,59,discharging,None,None
20:30:46.579,staggered,8.3,370.3,147.5,21.4,1105.1,62.2,2400,0.0,0.0,15473,-570,59,discharging,None,None
20:30:47.087,staggered,8.3,370.3,147.0,55.5,1105.1,63.9,2400,0.0,0.0,15464,-570,59,discharging,None,None
20:30:47.590,staggered,8.3,362.3,147.0,52.0,1105.1,62.2,2400,0.0,0.0,15433,-626,59,discharging,None,None
20:30:48.099,staggered,8.3,362.3,147.0,24.5,1105.1,65.0,2400,0.0,0.0,15482,-569,59,discharging,None,None
20:30:48.602,staggered,8.3,363.4,147.9,81.3,1105.1,63.4,1900,0.0,0.0,15430,-615,59,discharging,None,None
20:30:49.106,staggered,8.3,363.4,147.9,0.0,1104.9,60.6,1500,0.0,0.0,15484,-605,59,discharging,None,None
20:30:49.623,staggered,8.3,363.4,147.9,62.7,1104.9,65.0,2400,0.0,0.0,15479,-438,59,discharging,None,None
20:30:50.126,staggered,8.3,673.0,454.8,72.1,1104.9,62.2,2400,0.0,0.0,15433,-636,59,discharging,None,None
20:30:50.630,staggered,8.3,673.0,454.8,0.0,1104.9,61.1,2400,0.0,0.0,15480,-612,59,discharging,None,None
20:30:51.142,staggered,8.3,673.0,454.8,72.4,1104.9,66.1,2400,0.0,0.0,15455,-506,59,discharging,None,None
20:30:51.645,staggered,8.3,603.8,376.4,51.5,1104.9,62.8,2400,0.0,0.0,15433,-655,59,discharging,None,None
20:30:52.149,staggered,8.3,603.8,376.4,0.0,1104.4,61.1,2400,0.0,0.0,15481,-571,59,discharging,None,None
20:30:52.657,staggered,8.3,361.0,376.4,92.6,1104.4,66.1,2400,0.0,0.0,15440,-551,59,discharging,None,None
20:30:53.160,staggered,8.3,361.0,150.7,13.9,1104.2,61.7,2400,0.0,0.0,15472,-626,59,discharging,None,None
20:30:53.668,staggered,8.3,361.0,150.7,65.7,1104.6,65.5,2400,0.0,0.0,15469,-560,59,discharging,None,None
20:30:54.171,staggered,8.3,360.7,151.6,41.5,1105.8,62.2,2400,0.0,0.0,15471,-603,59,discharging,None,None
20:30:54.679,staggered,8.3,360.7,151.6,35.8,1106.1,65.0,2400,0.0,0.0,15476,-575,59,discharging,None,None
20:30:55.182,staggered,8.3,374.8,151.6,41.6,1106.1,62.8,2400,0.0,0.0,15435,-597,59,discharging,None,None
20:30:55.695,staggered,8.3,374.8,151.4,35.0,1106.1,63.4,2400,0.0,0.0,15440,-628,59,discharging,None,None
20:30:56.199,staggered,8.3,363.9,151.4,71.4,1105.4,62.8,2400,0.0,0.0,15434,-634,59,discharging,None,None
20:30:56.707,staggered,8.3,363.9,151.4,17.5,1107.6,63.9,2400,0.0,0.0,15477,-584,59,discharging,None,None
20:30:57.211,staggered,8.3,359.4,148.4,88.1,1106.6,66.7,2400,0.0,0.0,15461,-569,59,discharging,None,None
20:30:57.714,staggered,8.3,359.4,148.4,1.5,1106.6,61.7,2400,0.0,0.0,15470,-626,59,discharging,None,None
20:30:58.227,staggered,8.3,359.4,148.4,51.0,1107.0,65.5,2400,0.0,0.0,15483,-516,59,discharging,None,None
20:30:58.731,staggered,8.3,642.2,470.8,85.1,1107.3,64.5,2400,0.0,0.0,15432,-631,59,discharging,None,None
20:30:59.234,staggered,8.3,642.2,470.8,0.0,1105.2,62.2,2400,0.0,0.0,15469,-657,59,discharging,None,None
20:30:59.746,staggered,8.3,642.2,470.8,59.8,1105.2,64.5,1900,0.0,0.0,15482,-504,59,discharging,None,None
20:31:00.250,staggered,8.3,708.6,511.2,86.1,1104.7,63.9,2400,0.0,0.0,15432,-634,59,discharging,None,None
20:31:00.754,staggered,8.3,708.6,511.2,0.0,1105.4,61.7,2400,0.0,0.0,15471,-647,59,discharging,None,None
20:31:01.260,staggered,8.3,708.6,511.2,61.6,1105.2,67.2,2400,0.0,0.0,15482,-503,59,discharging,None,None
20:31:01.763,staggered,8.3,362.6,149.4,45.2,1105.4,62.8,2400,0.0,0.0,15439,-627,59,discharging,None,None
20:31:02.271,staggered,8.3,362.6,149.4,30.8,1104.7,66.1,2400,0.0,0.0,15479,-593,59,discharging,None,None
20:31:02.775,staggered,8.3,365.1,149.4,58.9,1106.8,65.5,2400,0.0,0.0,15431,-568,59,discharging,None,None
20:31:03.285,staggered,8.3,365.1,148.8,17.9,1106.1,61.1,2400,0.0,0.0,15466,-628,59,discharging,None,None
20:31:03.789,staggered,8.3,362.2,148.8,74.1,1106.1,63.4,2400,0.0,0.0,15441,-593,59,discharging,None,None
20:31:04.293,staggered,8.3,362.2,148.6,32.5,1105.9,62.8,2400,0.0,0.0,15471,-575,59,discharging,None,None
20:31:04.800,staggered,8.3,362.2,148.6,70.9,1105.9,65.0,1900,0.0,0.0,15465,-561,59,discharging,None,None
20:31:05.303,staggered,8.3,369.0,148.6,6.0,1104.7,62.8,2400,0.0,0.0,15469,-613,59,discharging,None,None
20:31:05.811,staggered,8.3,369.0,147.6,70.8,1105.2,66.7,2400,0.0,0.0,15465,-573,59,discharging,None,None
20:31:06.314,staggered,8.3,367.8,147.6,36.8,1105.0,61.7,2400,0.0,0.0,15432,-627,59,discharging,None,None
20:31:06.827,staggered,8.3,367.8,147.6,15.3,1105.9,63.9,2400,0.0,0.0,15479,-570,59,discharging,None,None
20:31:07.332,staggered,8.3,555.5,359.4,100.0,1107.1,66.7,2400,0.0,0.0,15445,-543,59,discharging,None,None
20:31:07.836,staggered,8.3,555.5,359.4,4.5,1106.1,61.7,2400,0.0,0.0,15466,-648,59,discharging,None,None
20:31:08.344,staggered,8.3,555.5,359.4,40.9,1105.9,65.5,2400,0.0,0.0,15481,-528,59,discharging,None,None
20:31:08.847,staggered,8.3,629.3,439.6,88.5,1106.1,65.0,2400,0.0,0.0,15435,-592,59,discharging,None,None
20:31:09.351,staggered,8.3,629.3,439.6,0.0,1110.1,62.2,2400,0.0,0.0,15467,-666,59,discharging,None,None
20:31:09.859,staggered,8.3,629.3,439.6,56.7,1120.9,67.2,2400,0.0,0.0,15480,-507,59,discharging,None,None
20:31:10.362,staggered,8.3,370.7,157.9,53.0,1120.8,62.8,2400,0.0,0.0,15443,-612,59,discharging,None,None
20:31:10.875,staggered,8.3,370.7,157.9,24.9,1119.6,65.0,2400,0.0,0.0,15478,-608,59,discharging,None,None
20:31:11.379,staggered,8.3,363.8,157.9,62.9,1118.4,65.5,2400,0.0,0.0,15436,-572,59,discharging,None,None
20:31:11.882,staggered,8.3,363.8,149.0,18.9,1116.1,61.7,2400,0.0,0.0,15445,-628,59,discharging,None,None
20:31:12.386,staggered,8.3,360.9,149.0,75.0,1116.1,63.9,2400,0.0,0.0,15455,-566,59,discharging,None,None
20:31:12.890,staggered,8.3,360.9,151.4,32.7,1114.0,62.8,2400,0.0,0.0,15469,-569,59,discharging,None,None
20:31:13.396,staggered,8.3,360.9,151.4,65.3,1114.0,66.7,2400,0.0,0.0,15473,-564,59,discharging,None,None
20:31:13.899,staggered,8.3,361.6,151.4,9.5,1111.7,62.2,2400,0.0,0.0,15450,-628,59,discharging,None,None
20:31:14.407,staggered,8.3,361.6,151.1,67.0,1112.1,66.1,2400,0.0,0.0,15479,-595,59,discharging,None,None
20:31:14.910,staggered,8.3,366.3,151.1,40.7,1110.1,61.7,2400,0.0,0.0,15431,-627,59,discharging,None,None
20:31:15.418,staggered,8.3,366.3,151.1,10.0,1110.1,62.8,1500,0.0,0.0,15478,-581,59,discharging,None,None
20:31:15.927,staggered,8.3,366.3,488.1,100.0,1110.8,66.7,2400,0.0,0.0,15458,-488,59,discharging,None,None
20:31:16.430,staggered,8.3,653.1,488.1,28.9,1114.0,62.8,2400,0.0,0.0,15424,-657,59,discharging,None,None
20:31:16.939,staggered,8.3,653.1,488.1,16.0,1114.6,63.4,2400,0.0,0.0,15477,-589,59,discharging,None,None
20:31:17.447,staggered,8.3,653.1,488.1,100.0,1114.6,67.2,2400,0.0,0.0,15439,-531,59,discharging,None,None
20:31:17.950,staggered,8.3,698.2,520.6,29.1,1115.2,61.7,2400,0.0,0.0,15429,-692,59,discharging,None,None
20:31:18.459,staggered,8.3,698.2,520.6,19.0,1115.2,65.0,2400,0.0,0.0,15477,-584,59,discharging,None,None
20:31:18.963,staggered,8.3,367.7,153.4,86.8,1115.3,65.0,2400,0.0,0.0,15440,-540,59,discharging,None,None
20:31:19.466,staggered,8.3,367.7,153.4,0.0,1115.3,61.7,2400,0.0,0.0,15462,-628,59,discharging,None,None
20:31:19.970,staggered,8.3,361.5,153.4,75.1,1110.7,64.5,2400,0.0,0.0,15472,-561,59,discharging,None,None
20:31:20.474,staggered,8.3,361.5,147.4,32.8,1110.7,63.9,2400,0.0,0.0,15468,-580,59,discharging,None,None
20:31:20.983,staggered,8.3,361.5,147.4,59.9,1110.7,66.1,2400,0.0,0.0,15472,-573,59,discharging,None,None
20:31:21.487,staggered,17.0,404.4,147.4,28.6,1110.2,62.2,2400,0.0,0.0,15430,-617,59,discharging,None,None
20:31:21.999,staggered,17.0,404.4,171.4,56.7,1109.8,65.5,2400,0.0,0.0,15455,-642,59,discharging,None,None
20:31:22.503,staggered,8.3,393.8,171.4,60.8,1109.8,63.9,2400,0.0,0.0,15437,-603,59,discharging,None,None
20:31:23.006,staggered,8.3,393.8,159.7,33.7,1107.1,65.5,2400,0.0,0.0,15467,-586,59,discharging,None,None
20:31:23.510,staggered,8.3,393.6,159.7,85.1,1107.1,65.5,2400,0.0,0.0,15451,-574,59,discharging,None,None
20:31:24.013,staggered,8.3,393.6,159.7,2.5,1106.9,62.2,2400,0.0,0.0,15450,-648,59,discharging,None,None
20:31:24.530,staggered,8.3,393.6,159.7,62.9,1106.9,65.5,2400,0.0,0.0,15476,-530,59,discharging,None,None
20:31:25.033,staggered,8.3,574.1,359.2,68.8,1106.5,63.4,2400,0.0,0.0,15425,-674,59,discharging,None,None
20:31:25.537,staggered,8.3,574.1,359.2,2.5,1106.5,62.2,2400,0.0,0.0,15474,-596,59,discharging,None,None
20:31:26.047,staggered,8.3,574.1,359.2,77.8,1106.5,66.7,2400,0.0,0.0,15450,-520,59,discharging,None,None
20:31:26.550,staggered,8.3,735.5,502.4,72.1,1105.0,64.5,2400,0.0,0.0,15426,-689,59,discharging,None,None
20:31:27.054,staggered,8.3,735.5,502.4,3.0,1105.0,62.2,2400,0.0,0.0,15474,-602,59,discharging,None,None
20:31:27.567,staggered,8.4,735.5,502.4,54.2,1105.0,66.1,2400,0.0,0.0,15469,-484,59,discharging,None,None
20:31:28.073,staggered,8.4,735.5,492.1,100.0,1105.0,67.2,2400,0.0,0.0,15427,-667,59,discharging,None,None
20:31:28.577,staggered,7.9,759.3,492.1,8.9,1105.2,63.4,2400,0.0,0.0,15464,-668,59,discharging,None,None
20:31:29.084,staggered,7.9,759.3,492.1,38.9,1104.8,66.1,2400,0.0,0.0,15476,-507,59,discharging,None,None
20:31:29.588,staggered,7.9,627.3,387.8,96.0,1104.8,67.2,2400,0.0,0.0,15428,-640,59,discharging,None,None
20:31:30.092,staggered,8.3,627.3,387.8,3.0,1105.0,62.8,2400,0.0,0.0,15468,-652,59,discharging,None,None
20:31:30.601,staggered,8.3,627.3,387.8,56.4,1105.0,66.1,2400,0.0,0.0,15466,-518,59,discharging,None,None
20:31:31.104,staggered,8.3,407.6,162.0,63.4,1105.0,63.9,2400,0.0,0.0,15437,-649,59,discharging,None,None
20:31:31.613,staggered,8.3,407.6,162.0,18.7,1105.0,63.9,2400,0.0,0.0,15474,-597,59,discharging,None,None
20:31:32.124,staggered,8.3,398.4,162.0,66.2,1104.8,63.4,2400,0.0,0.0,15428,-584,59,discharging,None,None
20:31:32.627,staggered,8.3,398.4,171.3,37.6,1104.8,62.8,2400,0.0,0.0,15459,-648,59,discharging,None,None
20:31:33.134,staggered,8.3,404.1,171.3,80.0,1104.8,67.2,2400,0.0,0.0,15440,-591,59,discharging,None,None
20:31:33.639,staggered,8.3,404.1,171.3,34.3,1104.1,66.1,2400,0.0,0.0,15464,-588,59,discharging,None,None
20:31:34.143,staggered,8.3,404.1,157.9,47.2,1103.6,65.0,2400,0.0,0.0,15467,-571,59,discharging,None,None
20:31:34.646,staggered,8.3,400.1,157.9,42.1,1103.6,63.4,2400,0.0,0.0,15439,-644,59,discharging,None,None
20:31:35.159,staggered,8.3,400.1,160.6,40.1,1103.6,63.4,2400,0.0,0.0,15462,-620,59,discharging,None,None
20:31:35.662,staggered,8.3,398.6,160.6,78.0,1103.6,64.5,2400,0.0,0.0,15431,-633,59,discharging,None,None
20:31:36.166,staggered,8.3,398.6,160.6,3.0,1103.2,61.7,1600,0.0,0.0,15472,-587,59,discharging,None,None
20:31:36.671,staggered,8.3,398.6,255.7,91.5,1103.6,66.7,2400,0.0,0.0,15436,-525,59,discharging,None,None
20:31:37.175,staggered,8.3,468.3,255.7,31.5,1103.6,62.2,2400,0.0,0.0,15445,-641,59,discharging,None,None
20:31:37.684,staggered,8.3,468.3,255.7,16.6,1103.6,65.0,2400,0.0,0.0,15473,-567,59,discharging,None,None
20:31:38.191,staggered,8.3,468.3,255.7,100.0,1103.6,67.8,2400,0.0,0.0,15433,-593,59,discharging,None,None
20:31:38.695,staggered,8.3,823.9,656.6,51.2,1103.6,63.4,2400,0.0,0.0,15421,-745,59,discharging,None,None
20:31:39.199,staggered,8.3,823.9,656.6,3.0,1103.4,62.2,2400,0.0,0.0,15472,-600,59,discharging,None,None
20:31:39.711,staggered,8.4,823.9,656.6,69.4,1103.8,66.7,2400,0.0,0.0,15470,-490,59,discharging,None,None
20:31:40.214,staggered,8.4,917.4,480.1,89.6,1103.9,66.1,2400,0.0,0.0,15426,-663,59,discharging,None,None
20:31:40.718,staggered,7.9,917.4,480.1,2.5,1103.9,62.8,2400,0.0,0.0,15463,-661,59,discharging,None,None
20:31:41.227,staggered,7.9,917.4,480.1,55.5,1103.7,66.1,2400,0.0,0.0,15474,-509,59,discharging,None,None
20:31:41.731,staggered,8.3,627.4,448.6,91.1,1103.7,66.1,2400,0.0,0.0,15426,-643,59,discharging,None,None
20:31:42.234,staggered,8.3,627.4,448.6,2.0,1103.2,62.8,2400,0.0,0.0,15461,-667,59,discharging,None,None
20:31:42.743,staggered,8.3,627.4,448.6,72.5,1103.2,67.2,2400,0.0,0.0,15460,-542,59,discharging,None,None
20:31:43.247,staggered,8.3,403.3,171.2,48.0,1103.6,63.4,2400,0.0,0.0,15447,-650,59,discharging,None,None
20:31:43.756,staggered,8.3,403.3,171.2,36.3,1103.6,66.7,2400,0.0,0.0,15472,-594,59,discharging,None,None
20:31:44.261,staggered,8.4,408.2,171.2,53.7,1103.6,63.9,2400,0.0,0.0,15424,-594,59,discharging,None,None
20:31:44.765,staggered,8.4,408.2,162.8,31.5,1103.6,62.8,2400,0.0,0.0,15442,-663,59,discharging,None,None
20:31:45.269,staggered,8.4,405.3,162.8,84.1,1103.2,65.0,2400,0.0,0.0,15435,-614,59,discharging,None,None
20:31:45.775,staggered,8.3,405.3,157.3,35.1,1103.2,66.7,2400,0.0,0.0,15459,-608,59,discharging,None,None
20:31:46.283,staggered,8.3,405.3,157.3,58.2,1103.2,67.2,2400,0.0,0.0,15464,-592,59,discharging,None,None
20:31:46.787,staggered,8.3,406.2,157.3,27.9,1104.3,63.9,2400,0.0,0.0,15433,-669,59,discharging,None,None
20:31:47.295,staggered,8.3,406.2,169.5,55.4,1104.8,65.5,2400,0.0,0.0,15469,-624,59,discharging,None,None
20:31:47.798,staggered,8.3,408.8,169.5,65.8,1105.7,63.4,2400,0.0,0.0,15425,-657,59,discharging,None,None
20:31:48.302,staggered,8.3,408.8,169.5,2.0,1105.5,62.8,2400,0.0,0.0,15465,-634,59,discharging,None,None
20:31:48.808,staggered,8.3,408.8,368.1,94.1,1105.5,68.3,2400,0.0,0.0,15436,-554,59,discharging,None,None
20:31:49.312,staggered,8.3,556.8,368.1,38.0,1104.5,63.4,2400,0.0,0.0,15417,-692,59,discharging,None,None
20:31:49.822,staggered,8.3,556.8,368.1,10.0,1104.5,64.5,2400,0.0,0.0,15468,-605,59,discharging,None,None
20:31:50.326,staggered,8.3,556.8,364.2,100.0,1104.5,68.3,2400,0.0,0.0,15436,-561,59,discharging,None,None
20:31:50.829,staggered,8.3,631.0,364.2,21.4,1104.1,62.8,2400,0.0,0.0,15437,-683,59,discharging,None,None
20:31:51.743,staggered,8.3,631.0,364.2,59.6,1104.5,66.7,2400,0.0,0.0,15436,-570,59,discharging,None,None
20:31:52.247,staggered,8.3,643.5,237.2,51.0,1103.9,63.4,2400,0.0,0.0,15421,-706,59,discharging,None,None
20:31:52.755,staggered,8.3,643.5,237.2,20.2,1103.9,65.0,2400,0.0,0.0,15467,-588,59,discharging,None,None
20:31:53.259,staggered,6.7,403.2,237.2,78.4,1103.7,66.7,2400,0.0,0.0,15422,-604,59,discharging,None,None
20:31:53.764,staggered,6.7,403.2,160.6,21.0,1104.1,62.8,2400,0.0,0.0,15464,-666,59,discharging,None,None
20:31:54.271,staggered,8.3,405.1,160.6,81.3,1103.9,67.2,2400,0.0,0.0,15432,-608,59,discharging,None,None
20:31:54.775,staggered,8.3,405.1,158.5,37.0,1103.9,64.5,2400,0.0,0.0,15458,-631,59,discharging,None,None
20:31:55.283,staggered,8.3,405.1,158.5,44.0,1103.9,66.7,2400,0.0,0.0,15462,-590,59,discharging,None,None
20:31:55.787,staggered,8.3,407.1,158.5,41.6,1106.2,63.4,2400,0.0,0.0,15431,-645,59,discharging,None,None
20:31:56.295,staggered,8.3,407.1,170.0,42.0,1106.0,63.4,2400,0.0,0.0,15441,-654,59,discharging,None,None
20:31:56.798,staggered,8.3,409.2,170.0,79.3,1106.5,64.5,2400,0.0,0.0,15426,-651,59,discharging,None,None
20:31:57.308,staggered,8.3,409.2,170.0,7.5,1106.5,63.9,2400,0.0,0.0,15463,-609,59,discharging,None,None
20:31:57.812,staggered,8.3,409.2,159.5,92.6,1106.5,67.8,2400,0.0,0.0,15444,-583,59,discharging,None,None
20:31:58.316,staggered,8.3,408.4,159.5,19.5,1106.2,63.4,2400,0.0,0.0,15453,-669,59,discharging,None,None
20:31:58.827,staggered,8.2,408.4,159.5,39.1,1106.2,65.5,2400,0.0,0.0,15470,-560,59,discharging,None,None
20:31:59.339,staggered,8.2,620.9,429.4,97.6,1106.1,67.2,2400,0.0,0.0,15422,-632,59,discharging,None,None
20:31:59.843,staggered,8.2,620.9,429.4,2.0,1106.0,63.4,2400,0.0,0.0,15457,-701,59,discharging,None,None
20:32:00.355,staggered,8.5,620.9,429.4,47.8,1106.0,67.2,2400,0.0,0.0,15470,-532,59,discharging,None,None
20:32:00.859,staggered,8.5,696.0,435.5,93.6,1105.8,66.1,2400,0.0,0.0,15421,-643,59,discharging,None,None
20:32:01.362,staggered,8.3,696.0,435.5,2.0,1105.8,62.2,2400,0.0,0.0,15456,-697,59,discharging,None,None
20:32:01.872,staggered,8.3,696.0,435.5,52.0,1105.6,66.1,2400,0.0,0.0,15476,-507,59,discharging,None,None
20:32:02.376,staggered,8.3,586.3,358.8,81.0,1105.1,64.5,2400,0.0,0.0,15423,-612,59,discharging,None,None
20:32:02.879,staggered,8.3,586.3,358.8,2.0,1105.3,61.7,2400,0.0,0.0,15461,-652,59,discharging,None,None
20:32:03.387,staggered,8.3,586.3,358.8,77.5,1105.3,66.1,2400,0.0,0.0,15459,-531,59,discharging,None,None
20:32:03.891,staggered,8.2,404.2,350.1,52.0,1105.1,62.8,2400,0.0,0.0,15434,-654,59,discharging,None,None
20:32:04.399,staggered,8.2,404.2,350.1,39.7,1106.0,67.2,2400,0.0,0.0,15467,-607,59,discharging,None,None
20:32:04.902,staggered,8.0,392.8,350.1,44.1,1105.8,62.8,2400,0.0,0.0,15422,-596,59,discharging,None,None
20:32:05.415,staggered,8.0,392.8,164.3,38.3,1105.8,62.8,2400,0.0,0.0,15457,-644,59,discharging,None,None
20:32:05.918,staggered,8.0,396.7,164.3,78.3,1104.6,63.9,2400,0.0,0.0,15432,-600,59,discharging,None,None
20:32:06.427,staggered,8.3,396.7,164.3,11.0,1104.6,63.4,2400,0.0,0.0,15459,-591,59,discharging,None,None
20:32:06.932,staggered,8.3,396.7,158.9,92.7,1104.6,67.8,2400,0.0,0.0,15439,-573,59,discharging,None,None
20:32:07.435,staggered,8.3,396.3,158.9,16.0,1104.6,63.4,2400,0.0,0.0,15440,-649,59,discharging,None,None
20:32:07.947,staggered,8.3,396.3,158.9,42.4,1104.6,65.5,2400,0.0,0.0,15471,-556,59,discharging,None,None
20:32:08.450,staggered,8.3,577.7,359.8,86.0,1104.4,65.0,2400,0.0,0.0,15426,-597,59,discharging,None,None
20:32:08.954,staggered,8.3,577.7,359.8,2.5,1104.4,62.8,2400,0.0,0.0,15457,-666,59,discharging,None,None
20:32:09.467,staggered,8.3,577.7,359.8,59.2,1104.6,66.1,2400,0.0,0.0,15469,-514,59,discharging,None,None
20:32:09.970,staggered,8.3,701.5,447.5,83.6,1104.6,65.0,2400,0.0,0.0,15420,-625,59,discharging,None,None
20:32:10.474,staggered,8.3,701.5,447.5,2.0,1104.6,62.2,2400,0.0,0.0,15457,-679,59,discharging,None,None
20:32:10.987,staggered,8.3,701.5,447.5,62.1,1104.6,66.7,2400,0.0,0.0,15470,-510,59,discharging,None,None
20:32:11.490,staggered,8.3,633.3,399.0,76.5,1104.1,63.9,2400,0.0,0.0,15423,-629,59,discharging,None,None
20:32:11.994,staggered,8.3,633.3,399.0,3.0,1103.6,61.7,1600,0.0,0.0,15457,-671,59,discharging,None,None
20:32:12.502,staggered,8.3,403.8,399.0,78.6,1103.6,66.7,2400,0.0,0.0,15476,-499,59,discharging,None,None
20:32:13.006,staggered,8.3,403.8,175.7,42.4,1103.6,63.9,2400,0.0,0.0,15434,-621,59,discharging,None,None
20:32:13.512,staggered,8.3,403.8,175.7,41.8,1103.6,67.8,2400,0.0,0.0,15467,-615,59,discharging,None,None
20:32:14.021,staggered,8.3,394.1,175.7,60.1,1104.1,66.7,2400,0.0,0.0,15424,-593,59,discharging,None,None
20:32:14.525,staggered,8.3,394.1,158.6,23.2,1104.6,63.9,2400,0.0,0.0,15430,-659,59,discharging,None,None
20:32:15.029,staggered,8.3,404.2,158.6,78.6,1104.3,63.4,2400,0.0,0.0,15434,-597,59,discharging,None,None
20:32:15.532,staggered,8.3,404.2,164.7,36.6,1104.8,64.5,2400,0.0,0.0,15454,-607,59,discharging,None,None
20:32:16.040,staggered,8.3,404.2,164.7,43.3,1104.1,66.7,2400,0.0,0.0,15461,-563,59,discharging,None,None
20:32:16.544,staggered,8.3,408.9,164.7,51.0,1106.7,63.4,2400,0.0,0.0,15442,-619,59,discharging,None,None
20:32:17.048,staggered,7.9,408.9,163.5,36.5,1108.0,63.9,2400,0.0,0.0,15441,-629,59,discharging,None,None
20:32:17.552,staggered,7.9,396.3,163.5,82.6,1108.2,64.5,2400,0.0,0.0,15419,-665,59,discharging,None,None
20:32:18.062,staggered,7.9,396.3,163.5,10.8,1107.9,63.9,2400,0.0,0.0,15464,-604,59,discharging,None,None
20:32:18.571,staggered,8.3,396.3,167.0,84.7,1107.9,66.7,2400,0.0,0.0,15426,-599,59,discharging,None,None
20:32:19.074,staggered,8.3,387.8,167.0,24.1,1106.7,63.4,2400,0.0,0.0,15453,-665,59,discharging,None,None
20:32:19.585,staggered,8.4,387.8,167.0,40.6,1107.1,66.1,2400,0.0,0.0,15461,-558,59,discharging,None,None
20:32:20.089,staggered,8.4,535.7,299.2,86.2,1106.9,65.5,2400,0.0,0.0,15414,-676,59,discharging,None,None
20:32:20.592,staggered,8.3,535.7,299.2,2.5,1107.1,62.2,2400,0.0,0.0,15462,-637,59,discharging,None,None
20:32:21.103,staggered,8.3,535.7,299.2,60.1,1106.8,65.0,2400,0.0,0.0,15441,-521,59,discharging,None,None
20:32:21.607,staggered,8.3,666.8,442.9,76.4,1106.8,65.0,2400,0.0,0.0,15420,-681,59,discharging,None,None
20:32:22.110,staggered,8.3,666.8,442.9,2.5,1105.8,62.2,2400,0.0,0.0,15467,-604,59,discharging,None,None
20:32:22.631,staggered,8.3,666.8,442.9,69.8,1105.8,66.7,2400,0.0,0.0,15446,-506,59,discharging,None,None
20:32:23.135,staggered,8.3,697.4,480.1,79.2,1105.3,64.5,2400,0.0,0.0,15419,-681,59,discharging,None,None
20:32:23.638,staggered,8.3,697.4,480.1,2.5,1105.3,61.7,2400,0.0,0.0,15465,-608,59,discharging,None,None
20:32:24.148,staggered,8.3,697.4,480.1,75.1,1107.3,66.1,2400,0.0,0.0,15432,-531,59,discharging,None,None
20:32:24.652,staggered,8.3,402.4,161.4,44.3,1106.6,62.8,2400,0.0,0.0,15430,-649,59,discharging,None,None
20:32:25.160,staggered,8.3,402.4,161.4,38.4,1107.0,65.0,2400,0.0,0.0,15466,-573,59,discharging,None,None
20:32:25.665,staggered,8.3,402.3,161.4,64.0,1107.4,66.1,2400,0.0,0.0,15432,-586,59,discharging,None,None
20:32:26.168,staggered,8.3,402.3,166.4,18.9,1108.3,62.8,2400,0.0,0.0,15458,-626,59,discharging,None,None
20:32:26.672,staggered,8.3,405.5,166.4,82.9,1108.3,64.5,2400,0.0,0.0,15424,-638,59,discharging,None,None
20:32:27.176,staggered,8.3,405.5,158.9,37.4,1107.2,65.0,2400,0.0,0.0,15463,-628,59,discharging,None,None
20:32:27.683,staggered,8.3,405.5,158.9,60.2,1107.2,67.2,2400,0.0,0.0,15451,-566,59,discharging,None,None
20:32:28.187,staggered,8.3,584.0,158.9,34.7,1106.2,63.9,2400,0.0,0.0,15449,-622,59,discharging,None,None
20:32:28.690,staggered,8.3,584.0,166.4,37.8,1106.2,62.8,2400,0.0,0.0,15431,-604,59,discharging,None,None
20:32:29.194,staggered,7.9,403.9,166.4,82.6,1106.3,66.1,2400,0.0,0.0,15429,-605,59,discharging,None,None
20:32:29.703,staggered,7.9,403.9,166.4,8.9,1106.3,64.5,2400,0.0,0.0,15458,-587,59,discharging,None,None
20:32:30.207,staggered,7.9,403.9,160.6,74.9,1105.2,67.2,2400,0.0,0.0,15461,-571,59,discharging,None,None
20:32:30.711,staggered,8.3,406.7,160.6,38.6,1105.4,62.8,2400,0.0,0.0,15440,-648,59,discharging,None,None
20:32:31.219,staggered,8.3,406.7,180.4,39.1,1105.5,65.5,2400,0.0,0.0,15466,-570,59,discharging,None,None
20:32:31.722,staggered,8.3,430.4,180.4,80.8,1105.5,64.5,2400,0.0,0.0,15415,-637,59,discharging,None,None
20:32:32.226,staggered,8.3,430.4,180.4,2.5,1104.9,62.8,2400,0.0,0.0,15461,-635,59,discharging,None,None
20:32:32.738,staggered,8.3,430.4,180.4,64.4,1104.9,67.2,2400,0.0,0.0,15458,-492,59,discharging,None,None
20:32:33.241,staggered,8.3,755.6,571.1,88.7,1104.4,65.5,2400,0.0,0.0,15417,-660,59,discharging,None,None
20:32:33.745,staggered,8.3,755.6,571.1,2.5,1104.4,62.8,2400,0.0,0.0,15457,-649,59,discharging,None,None
20:32:34.255,staggered,8.4,755.6,571.1,58.0,1104.4,66.7,2400,0.0,0.0,15465,-510,59,discharging,None,None
20:32:34.759,staggered,8.4,648.7,449.0,80.1,1104.4,65.0,2400,0.0,0.0,15416,-663,59,discharging,None,None
20:32:35.262,staggered,8.3,648.7,449.0,2.5,1104.4,62.8,2400,0.0,0.0,15462,-639,59,discharging,None,None
20:32:35.771,staggered,8.3,648.7,449.0,70.6,1104.4,67.2,2400,0.0,0.0,15450,-519,59,discharging,None,None
20:32:36.275,staggered,8.3,393.3,164.8,47.8,1104.6,63.9,2400,0.0,0.0,15416,-647,59,discharging,None,None
20:32:36.783,staggered,8.3,393.3,164.8,35.6,1104.6,66.1,2400,0.0,0.0,15464,-581,59,discharging,None,None
20:32:37.288,staggered,8.3,396.7,164.8,65.7,1104.6,66.1,2400,0.0,0.0,15417,-588,59,discharging,None,None
20:32:37.791,staggered,8.3,396.7,167.7,20.3,1104.1,62.8,2400,0.0,0.0,15457,-649,59,discharging,None,None
20:32:38.295,staggered,8.3,399.3,167.7,83.1,1104.1,65.0,2400,0.0,0.0,15424,-612,59,discharging,None,None
20:32:38.798,staggered,8.3,399.3,158.3,36.6,1104.1,64.5,2400,0.0,0.0,15456,-605,59,discharging,None,None
20:32:39.307,staggered,8.3,399.3,158.3,59.7,1103.7,68.3,2400,0.0,0.0,15456,-572,59,discharging,None,None
20:32:39.810,staggered,8.3,395.1,158.3,25.0,1103.7,62.8,2400,0.0,0.0,15444,-631,59,discharging,None,None
20:32:40.316,staggered,8.4,395.1,171.1,66.8,1103.9,67.2,2400,0.0,0.0,15458,-597,59,discharging,None,None
20:32:40.819,staggered,8.4,400.3,171.1,61.9,1103.9,63.9,2400,0.0,0.0,15414,-663,59,discharging,None,None
20:32:41.323,staggered,7.9,400.3,171.1,2.0,1104.1,63.4,2400,0.0,0.0,15464,-615,59,discharging,None,None
20:32:41.834,staggered,7.9,400.3,171.1,87.3,1104.1,67.2,2400,0.0,0.0,15434,-515,59,discharging,None,None
20:32:42.338,staggered,8.3,680.2,467.9,54.5,1104.7,62.2,2400,0.0,0.0,15410,-687,59,discharging,None,None
20:32:42.842,staggered,8.3,680.2,467.9,2.5,1104.7,62.2,2400,0.0,0.0,15462,-606,59,discharging,None,None
20:32:43.353,staggered,8.3,680.2,467.9,90.7,1104.6,66.7,2400,0.0,0.0,15430,-524,59,discharging,None,None
20:32:43.857,staggered,8.2,750.4,486.2,59.5,1104.4,63.4,2400,0.0,0.0,15414,-705,59,discharging,None,None
20:32:44.361,staggered,8.2,750.4,486.2,3.0,1104.4,62.8,2400,0.0,0.0,15463,-615,59,discharging,None,None
20:32:44.874,staggered,8.4,750.4,486.2,84.7,1104.4,67.8,2400,0.0,0.0,15441,-513,59,discharging,None,None
20:32:45.377,staggered,8.4,602.8,365.4,52.2,1103.9,63.9,2400,0.0,0.0,15417,-681,59,discharging,None,None
20:32:45.887,staggered,8.4,602.8,365.4,10.8,1103.9,64.5,2400,0.0,0.0,15462,-603,59,discharging,None,None
20:32:46.395,staggered,8.3,403.5,365.4,90.1,1105.5,66.1,2400,0.0,0.0,15425,-553,59,discharging,None,None
20:32:46.899,staggered,8.3,403.5,159.1,21.7,1105.8,62.8,2400,0.0,0.0,15436,-651,59,discharging,None,None
20:32:47.407,staggered,8.3,403.5,159.1,71.1,1106.5,68.3,2400,0.0,0.0,15459,-575,59,discharging,None,None
20:32:47.911,staggered,8.3,398.7,168.5,48.5,1108.1,64.5,2400,0.0,0.0,15445,-591,59,discharging,None,None
20:32:48.419,staggered,8.3,398.7,168.5,35.1,1108.1,66.7,2400,0.0,0.0,15455,-610,59,discharging,None,None
20:32:48.922,staggered,8.3,393.1,168.5,49.3,1108.1,63.4,2400,0.0,0.0,15419,-649,59,discharging,None,None
20:32:49.426,staggered,8.3,393.1,160.3,36.3,1108.5,63.4,2400,0.0,0.0,15456,-639,59,discharging,None,None
20:32:49.929,staggered,8.3,391.3,160.3,81.5,1108.3,65.0,2400,0.0,0.0,15429,-587,59,discharging,None,None
20:32:50.438,staggered,8.3,391.3,160.3,9.4,1108.5,63.9,2400,0.0,0.0,15452,-598,59,discharging,None,None
20:32:50.943,staggered,8.3,391.3,159.1,89.2,1108.5,67.8,2400,0.0,0.0,15428,-575,59,discharging,None,None
20:32:51.446,staggered,8.3,394.7,159.1,24.6,1108.0,62.8,2400,0.0,0.0,15422,-649,59,discharging,None,None
20:32:52.466,staggered,8.3,394.7,159.1,70.2,1108.0,67.2,2400,0.0,0.0,15423,-582,59,discharging,None,None
20:32:52.970,staggered,8.3,737.0,723.2,25.4,1106.4,63.4,2400,0.0,0.0,15414,-722,59,discharging,None,None
20:32:53.476,staggered,8.3,737.0,723.2,22.5,1106.6,65.5,2400,0.0,0.0,15458,-584,59,discharging,None,None
20:32:53.980,staggered,6.2,562.1,723.2,100.0,1107.1,67.8,2400,0.0,0.0,15417,-578,59,discharging,None,None
20:32:54.483,staggered,6.2,562.1,344.9,15.1,1106.9,63.4,2400,0.0,0.0,15422,-697,59,discharging,None,None
20:32:54.993,staggered,8.2,562.1,344.9,51.7,1107.3,66.1,2400,0.0,0.0,15459,-572,59,discharging,None,None
20:32:55.496,staggered,8.2,403.1,162.6,66.8,1110.6,63.9,2400,0.0,0.0,15411,-610,59,discharging,None,None
20:32:56.004,staggered,8.4,403.1,162.6,15.3,1109.2,65.0,2400,0.0,0.0,15447,-682,59,discharging,None,None
20:32:56.507,staggered,8.4,398.5,162.6,69.2,1109.7,64.5,2400,0.0,0.0,15420,-637,59,discharging,None,None
20:32:57.011,staggered,8.4,398.5,162.8,35.7,1109.7,62.8,2400,0.0,0.0,15445,-668,59,discharging,None,None
20:32:57.519,staggered,8.3,398.5,162.8,75.6,1112.0,67.2,2400,0.0,0.0,15456,-609,59,discharging,None,None
20:32:58.024,staggered,8.3,419.4,162.8,23.4,1111.4,63.9,1900,0.0,0.0,15430,-626,59,discharging,None,None
20:32:58.528,staggered,8.3,419.4,199.3,66.0,1111.4,66.7,2400,0.0,0.0,15439,-605,59,discharging,None,None
20:32:59.032,staggered,8.3,396.0,199.3,48.5,1110.6,63.4,2400,0.0,0.0,15415,-630,59,discharging,None,None
20:32:59.539,staggered,8.3,396.0,163.1,35.0,1110.6,65.5,2400,0.0,0.0,15457,-607,59,discharging,None,None
20:33:00.042,staggered,8.3,394.2,163.1,82.2,1109.8,65.0,2400,0.0,0.0,15430,-592,59,discharging,None,None
20:33:00.546,staggered,8.3,394.2,163.1,1.5,1109.8,61.7,2400,0.0,0.0,15446,-665,59,discharging,None,None
20:33:01.059,staggered,8.3,394.2,163.1,65.0,1111.6,65.5,2400,0.0,0.0,15460,-542,59,discharging,None,None
20:33:01.562,staggered,8.3,673.1,484.2,76.4,1110.5,64.5,2400,0.0,0.0,15414,-627,59,discharging,None,None
20:33:02.066,staggered,8.4,673.1,484.2,1.5,1109.7,62.8,2400,0.0,0.0,15449,-682,59,discharging,None,None
20:33:02.579,staggered,8.4,673.1,484.2,69.6,1110.1,66.1,2400,0.0,0.0,15463,-516,59,discharging,None,None
20:33:03.082,staggered,8.4,634.3,391.7,59.7,1109.4,62.8,2400,0.0,0.0,15415,-628,59,discharging,None,None
20:33:03.586,staggered,8.3,634.3,391.7,1.5,1109.4,62.2,2400,0.0,0.0,15453,-654,59,discharging,None,None
20:33:04.099,staggered,8.3,634.3,391.7,85.8,1109.4,65.0,2400,0.0,0.0,15464,-506,59,discharging,None,None
20:33:04.606,staggered,8.3,475.3,250.7,45.1,1108.7,63.4,2400,0.0,0.0,15417,-652,59,discharging,None,None
20:33:05.112,staggered,8.3,475.3,250.7,36.6,1107.8,66.7,2400,0.0,0.0,15458,-631,59,discharging,None,None
20:33:05.617,staggered,7.9,395.1,250.7,77.6,1107.8,66.7,2400,0.0,0.0,15419,-575,59,discharging,None,None
20:33:06.123,staggered,7.9,395.1,170.4,7.0,1107.5,62.2,2400,0.0,0.0,15425,-648,59,discharging,None,None
20:33:06.627,staggered,7.9,392.1,170.4,81.6,1107.5,64.5,2400,0.0,0.0,15449,-573,59,discharging,None,None
20:33:07.130,staggered,8.4,392.1,160.4,36.3,1106.5,63.4,2400,0.0,0.0,15449,-648,59,discharging,None,None
20:33:07.639,staggered,8.4,392.1,160.4,62.3,1106.5,67.2,2400,0.0,0.0,15436,-577,59,discharging,None,None
20:33:08.142,staggered,8.3,396.6,160.4,21.9,1105.8,62.8,1900,0.0,0.0,15450,-588,59,discharging,None,None
20:33:08.651,staggered,8.3,396.6,179.5,65.2,1105.8,66.1,2400,0.0,0.0,15447,-556,59,discharging,None,None
20:33:09.154,staggered,8.3,397.3,179.5,57.6,1105.6,63.4,2400,0.0,0.0,15414,-627,59,discharging,None,None
20:33:09.663,staggered,8.3,397.3,179.5,18.0,1105.8,65.0,2400,0.0,0.0,15459,-579,59,discharging,None,None
20:33:10.166,staggered,8.3,439.0,223.6,99.5,1105.8,67.8,2400,0.0,0.0,15416,-609,59,discharging,None,None
20:33:10.670,staggered,8.3,439.0,223.6,5.0,1105.8,63.4,2400,0.0,0.0,15449,-658,59,discharging,None,None
20:33:11.187,staggered,8.3,439.0,223.6,43.6,1105.4,66.1,2400,0.0,0.0,15462,-512,59,discharging,None,None
20:33:11.690,staggered,8.3,696.3,454.4,96.6,1105.4,67.2,2400,0.0,0.0,15412,-647,59,discharging,None,None
20:33:12.194,staggered,8.3,696.3,454.4,1.5,1104.9,62.8,2400,0.0,0.0,15451,-658,59,discharging,None,None
20:33:12.705,staggered,8.3,696.3,454.4,48.5,1104.9,67.2,2400,0.0,0.0,15461,-511,59,discharging,None,None
20:33:13.209,staggered,8.3,727.3,488.0,98.5,1104.9,67.8,2400,0.0,0.0,15413,-657,59,discharging,None,None
20:33:13.712,staggered,8.3,727.3,488.0,2.0,1104.9,63.4,2400,0.0,0.0,15450,-664,59,discharging,None,None
20:33:14.220,staggered,8.4,727.3,488.0,46.8,1104.4,67.2,2400,0.0,0.0,15463,-505,59,discharging,None,None
20:33:14.723,staggered,8.4,479.5,258.7,79.0,1104.4,63.9,2400,0.0,0.0,15414,-653,59,discharging,None,None
20:33:15.227,staggered,8.4,479.5,258.7,2.0,1104.2,62.8,2400,0.0,0.0,15456,-636,59,discharging,None,None
20:33:15.730,staggered,8.4,399.0,258.7,82.1,1104.2,65.5,2400,0.0,0.0,15420,-564,59,discharging,None,None
20:33:16.234,staggered,8.4,399.0,170.0,38.3,1104.2,64.5,2400,0.0,0.0,15415,-651,59,discharging,None,None
20:33:16.744,staggered,8.3,399.0,170.0,36.0,1104.2,65.5,2400,0.0,0.0,15455,-544,59,discharging,None,None
20:33:17.248,staggered,8.3,405.5,170.0,71.8,1103.7,66.7,2400,0.0,0.0,15410,-602,59,discharging,None,None
20:33:17.752,staggered,7.9,405.5,168.9,22.5,1103.7,62.8,2400,0.0,0.0,15453,-654,59,discharging,None,None
20:33:18.255,staggered,7.9,399.8,168.9,82.1,1105.1,66.1,2400,0.0,0.0,15422,-605,59,discharging,None,None
20:33:18.759,staggered,7.9,399.8,166.2,38.0,1105.1,65.5,2400,0.0,0.0,15450,-607,59,discharging,None,None
20:33:19.267,staggered,8.3,399.8,166.2,49.8,1106.1,67.2,2400,0.0,0.0,15449,-579,59,discharging,None,None
20:33:19.770,staggered,8.3,409.6,166.2,36.3,1106.1,62.8,2400,0.0,0.0,15426,-649,59,discharging,None,None
20:33:20.281,staggered,8.3,409.6,164.2,46.7,1106.0,64.5,2400,0.0,0.0,15433,-641,59,discharging,None,None
20:33:20.784,staggered,8.3,391.0,164.2,70.1,1106.0,63.9,2400,0.0,0.0,15413,-662,59,discharging,None,None
20:33:21.308,staggered,8.3,391.0,164.2,6.9,1105.5,63.9,2400,0.0,0.0,15456,-605,59,discharging,None,None
20:33:21.812,staggered,8.3,391.0,240.4,100.0,1105.3,68.8,2400,0.0,0.0,15420,-576,59,discharging,None,None
20:33:22.316,staggered,8.3,461.4,240.4,17.9,1105.3,62.8,2400,0.0,0.0,15441,-678,59,discharging,None,None
20:33:22.828,staggered,8.4,461.4,240.4,30.7,1105.3,64.5,2400,0.0,0.0,15457,-559,59,discharging,None,None
20:33:23.333,staggered,8.4,461.4,491.6,100.0,1105.3,68.8,2400,0.0,0.0,15414,-614,59,discharging,None,None
20:33:23.836,staggered,8.3,706.0,491.6,14.4,1104.7,63.4,2400,0.0,0.0,15443,-712,59,discharging,None,None
20:33:24.344,staggered,8.3,706.0,491.6,33.8,1104.7,66.7,2400,0.0,0.0,15457,-550,59,discharging,None,None
20:33:24.852,staggered,8.3,706.0,491.6,100.0,1104.0,67.2,2400,0.0,0.0,15414,-617,59,discharging,None,None
20:33:25.356,staggered,8.3,711.5,502.5,16.9,1104.6,63.4,2400,0.0,0.0,15436,-720,59,discharging,None,None
20:33:25.868,staggered,8.3,711.5,502.5,35.3,1106.8,66.1,2400,0.0,0.0,15457,-556,59,discharging,None,None
20:33:26.371,staggered,8.3,401.5,160.8,83.2,1108.0,65.0,2400,0.0,0.0,15408,-615,59,discharging,None,None
20:33:26.875,staggered,8.3,401.5,160.8,2.0,1108.7,62.8,2400,0.0,0.0,15444,-667,59,discharging,None,None
20:33:27.378,staggered,8.3,400.9,160.8,81.8,1108.7,65.0,2400,0.0,0.0,15419,-598,59,discharging,None,None
20:33:27.882,staggered,8.3,400.9,162.2,36.3,1107.7,63.4,2400,0.0,0.0,15428,-667,59,discharging,None,None
20:33:28.390,staggered,8.3,400.9,162.2,58.4,1107.7,66.7,2400,0.0,0.0,15456,-591,59,discharging,None,None
20:33:28.895,staggered,8.3,403.3,162.2,46.8,1106.1,65.5,2400,0.0,0.0,15413,-618,59,discharging,None,None
20:33:29.403,staggered,8.3,403.3,163.3,43.6,1106.1,65.5,2400,0.0,0.0,15429,-663,59,discharging,None,None
20:33:29.906,staggered,7.9,395.3,163.3,63.1,1106.8,63.9,2400,0.0,0.0,15413,-654,59,discharging,None,None
20:33:30.410,staggered,7.9,395.3,159.1,36.0,1107.2,64.5,2400,0.0,0.0,15451,-605,59,discharging,None,None
20:33:30.914,staggered,7.9,395.2,159.1,81.6,1107.2,67.2,2400,0.0,0.0,15435,-589,59,discharging,None,None
20:33:31.417,staggered,8.3,395.2,159.1,3.0,1106.6,62.2,2400,0.0,0.0,15443,-666,59,discharging,None,None
20:33:31.924,staggered,8.3,395.2,211.6,72.3,1106.6,67.2,2400,0.0,0.0,15455,-585,59,discharging,None,None
20:33:32.427,staggered,8.3,445.3,211.6,48.3,1105.6,63.4,2400,0.0,0.0,15405,-671,59,discharging,None,None
20:33:32.931,staggered,8.3,445.3,211.6,2.5,1105.2,62.2,2400,0.0,0.0,15453,-630,59,discharging,None,None
20:33:33.448,staggered,8.2,445.3,478.4,97.5,1105.2,67.8,2400,0.0,0.0,15424,-534,59,discharging,None,None
20:33:33.951,staggered,8.2,693.7,478.4,42.2,1104.9,63.4,2400,0.0,0.0,15403,-704,59,discharging,None,None
20:33:34.467,staggered,8.2,693.7,478.4,6.9,1104.9,63.4,2400,0.0,0.0,15452,-623,59,discharging,None,None
20:33:34.978,staggered,8.3,693.7,478.4,100.0,1104.9,68.3,2400,0.0,0.0,15421,-544,59,discharging,None,None
20:33:35.482,staggered,8.3,704.3,483.0,41.5,1104.9,63.9,2400,0.0,0.0,15404,-714,59,discharging,None,None
20:33:35.991,staggered,8.4,704.3,483.0,10.0,1104.5,63.9,2400,0.0,0.0,15453,-623,59,discharging,None,None
20:33:36.499,staggered,8.4,398.5,483.0,100.0,1104.5,67.2,2400,0.0,0.0,15419,-548,59,discharging,None,None
20:33:37.002,staggered,8.3,398.5,181.0,9.9,1103.8,63.4,2400,0.0,0.0,15425,-664,59,discharging,None,None
20:33:37.512,staggered,8.3,398.5,181.0,72.6,1103.8,67.2,2400,0.0,0.0,15416,-596,59,discharging,None,None
20:33:38.015,staggered,8.3,394.6,161.0,45.6,1103.5,63.9,2400,0.0,0.0,15408,-665,59,discharging,None,None
20:33:38.522,staggered,8.3,394.6,161.0,37.9,1103.5,66.7,2400,0.0,0.0,15449,-591,59,discharging,None,None
20:33:39.026,staggered,8.3,395.9,161.0,47.5,1103.3,63.4,2400,0.0,0.0,15441,-597,59,discharging,None,None
20:33:39.530,staggered,8.3,395.9,157.7,36.3,1103.3,62.2,2400,0.0,0.0,15443,-614,59,discharging,None,None
20:33:40.033,staggered,8.3,399.0,157.7,82.6,1103.3,64.5,2400,0.0,0.0,15407,-667,59,discharging,None,None
20:33:40.540,staggered,8.3,399.0,157.7,22.2,1103.3,65.5,2400,0.0,0.0,15452,-619,59,discharging,None,None
20:33:41.045,staggered,8.2,399.0,349.3,77.1,1103.3,67.8,2400,0.0,0.0,15423,-597,59,discharging,None,None
20:33:41.549,staggered,8.2,409.6,349.3,34.2,1103.3,62.8,2400,0.0,0.0,15442,-672,59,discharging,None,None
20:33:42.059,staggered,8.0,409.6,349.3,15.8,1103.3,64.5,2400,0.0,0.0,15457,-534,59,discharging,None,None
20:33:42.571,staggered,8.0,409.6,349.3,100.0,1103.3,67.8,2400,0.0,0.0,15413,-608,59,discharging,None,None
20:33:43.074,staggered,8.3,858.2,758.9,61.5,1105.4,64.5,2400,0.0,0.0,15408,-744,59,discharging,None,None
20:33:43.578,staggered,8.3,858.2,758.9,3.0,1105.9,62.8,2400,0.0,0.0,15451,-582,59,discharging,None,None
20:33:44.090,staggered,8.3,858.2,758.9,85.3,1105.9,67.2,2400,0.0,0.0,15421,-563,59,discharging,None,None
20:33:44.595,staggered,8.2,608.1,433.8,61.6,1105.9,63.9,2400,0.0,0.0,15406,-700,59,discharging,None,None
20:33:45.103,staggered,8.2,608.1,433.8,8.5,1105.1,63.9,2400,0.0,0.0,15454,-585,59,discharging,None,None
20:33:45.609,staggered,8.4,404.4,433.8,81.5,1105.4,65.5,2400,0.0,0.0,15410,-593,59,discharging,None,None
20:33:46.112,staggered,8.4,404.4,164.2,31.3,1105.5,62.8,2400,0.0,0.0,15448,-650,59,discharging,None,None
20:33:46.620,staggered,8.4,404.4,164.2,69.0,1105.5,67.8,2400,0.0,0.0,15423,-586,59,discharging,None,None
20:33:47.124,staggered,8.3,409.1,163.4,50.5,1105.9,66.1,2400,0.0,0.0,15445,-613,59,discharging,None,None
20:33:47.628,staggered,8.3,409.1,163.4,31.0,1106.6,65.5,2400,0.0,0.0,15449,-573,59,discharging,None,None
20:33:48.132,staggered,8.3,402.3,163.4,55.0,1105.9,63.4,2400,0.0,0.0,15407,-631,59,discharging,None,None
20:33:48.635,staggered,8.3,402.3,176.2,38.3,1105.9,63.4,2400,0.0,0.0,15426,-653,59,discharging,None,None
20:33:49.139,staggered,8.3,403.7,176.2,82.6,1106.3,65.5,2400,0.0,0.0,15411,-648,59,discharging,None,None
20:33:49.643,staggered,8.3,403.7,176.2,2.5,1106.7,61.7,2400,0.0,0.0,15448,-608,59,discharging,None,None
20:33:50.151,staggered,8.3,403.7,159.0,86.1,1106.3,67.2,2400,0.0,0.0,15423,-586,59,discharging,None,None
20:33:50.655,staggered,8.3,394.9,159.0,32.2,1106.3,62.8,2400,0.0,0.0,15440,-666,59,discharging,None,None
20:33:51.167,staggered,8.3,394.9,159.0,24.6,1105.6,65.0,2400,0.0,0.0,15454,-552,59,discharging,None,None
20:33:51.671,staggered,8.3,587.0,367.2,100.0,1105.6,67.8,2400,0.0,0.0,15407,-619,59,discharging,None,None
20:33:52.175,staggered,8.3,587.0,367.2,7.4,1104.4,62.8,2400,0.0,0.0,15442,-671,59,discharging,None,None
20:33:53.216,staggered,8.3,587.0,367.2,71.6,1104.4,67.8,2400,0.0,0.0,15409,-629,59,discharging,None,None
20:33:53.720,staggered,8.3,864.6,619.6,29.4,1104.4,62.8,2400,0.0,0.0,15429,-713,59,discharging,None,None
20:33:54.228,staggered,8.3,864.6,619.6,18.7,1104.0,62.8,1600,0.0,0.0,15455,-533,59,discharging,None,None
20:33:54.735,staggered,6.2,864.6,619.6,100.0,1104.0,67.2,2400,0.0,0.0,15413,-559,59,discharging,None,None
20:33:55.239,staggered,6.2,649.0,412.2,27.9,1103.5,63.4,2400,0.0,0.0,15428,-673,59,discharging,None,None
20:33:55.747,staggered,8.4,649.0,412.2,27.7,1103.5,65.5,2400,0.0,0.0,15454,-541,59,discharging,None,None
20:33:56.250,staggered,8.4,430.0,171.6,94.1,1103.9,66.7,2400,0.0,0.0,15407,-598,59,discharging,None,None
20:33:56.754,staggered,8.3,430.0,171.6,2.5,1103.9,62.2,2400,0.0,0.0,15444,-658,59,discharging,None,None
20:33:57.257,staggered,8.3,395.2,171.6,81.7,1104.7,66.1,2400,0.0,0.0,15418,-587,59,discharging,None,None
20:33:57.761,staggered,8.3,395.2,161.3,36.8,1104.7,63.4,2400,0.0,0.0,15431,-653,59,discharging,None,None
20:33:58.269,staggered,8.3,395.2,161.3,50.2,1104.5,66.1,2400,0.0,0.0,15451,-593,59,discharging,None,None
20:33:58.773,staggered,8.3,395.3,161.3,33.8,1104.7,63.4,2400,0.0,0.0,15414,-610,59,discharging,None,None
20:33:59.280,staggered,8.3,395.3,163.3,49.0,1104.6,64.5,2400,0.0,0.0,15414,-647,59,discharging,None,None
20:33:59.783,staggered,8.3,394.6,163.3,69.3,1104.6,63.9,2400,0.0,0.0,15405,-655,59,discharging,None,None
20:34:00.291,staggered,8.2,394.6,163.3,29.7,1104.5,66.1,2400,0.0,0.0,15448,-605,59,discharging,None,None
20:34:00.795,staggered,8.2,390.3,163.8,84.2,1104.5,67.2,2400,0.0,0.0,15428,-591,59,discharging,None,None
20:34:01.299,staggered,8.2,390.3,163.8,6.5,1104.0,62.8,2400,0.0,0.0,15439,-664,59,discharging,None,None
20:34:01.810,staggered,8.4,390.3,267.4,58.9,1104.0,67.2,2400,0.0,0.0,15454,-558,59,discharging,None,None
20:34:02.314,staggered,8.4,510.1,267.4,64.2,1103.5,63.4,2400,0.0,0.0,15403,-650,59,discharging,None,None
20:34:02.818,staggered,8.3,510.1,267.4,3.5,1103.5,62.2,2400,0.0,0.0,15451,-625,59,discharging,None,None
20:34:03.331,staggered,8.3,510.1,267.4,82.1,1103.5,66.7,2400,0.0,0.0,15435,-504,59,discharging,None,None
20:34:03.834,staggered,8.3,761.7,543.4,71.5,1103.5,63.9,2400,0.0,0.0,15405,-684,59,discharging,None,None
20:34:04.338,staggered,8.3,761.7,543.4,1.5,1103.5,62.2,2400,0.0,0.0,15446,-646,59,discharging,None,None
20:34:04.851,staggered,8.3,761.7,543.4,72.5,1103.8,66.1,2400,0.0,0.0,15449,-506,59,discharging,None,None
20:34:05.355,staggered,8.3,863.1,611.5,85.1,1103.5,65.0,2400,0.0,0.0,15405,-664,59,discharging,None,None
20:34:05.858,staggered,8.3,863.1,611.5,2.0,1104.0,62.2,2400,0.0,0.0,15443,-664,59,discharging,None,None
20:34:06.363,staggered,8.3,863.1,611.5,44.0,1104.0,66.1,2400,0.0,0.0,15454,-479,59,discharging,None,None
20:34:06.867,staggered,7.6,412.2,177.7,75.2,1103.8,63.9,2400,0.0,0.0,15405,-612,59,discharging,None,None
20:34:07.379,staggered,7.6,412.2,177.7,6.9,1103.8,63.9,2400,0.0,0.0,15444,-652,59,discharging,None,None
20:34:07.882,staggered,8.3,408.3,177.7,79.2,1103.6,64.5,2400,0.0,0.0,15415,-575,59,discharging,None,None
20:34:08.386,staggered,8.3,408.3,157.9,36.0,1103.6,62.2,2400,0.0,0.0,15416,-649,59,discharging,None,None
20:34:08.895,staggered,8.3,408.3,157.9,66.0,1104.0,68.3,2400,0.0,0.0,15453,-573,59,discharging,None,None
20:34:09.399,staggered,8.3,405.9,157.9,41.6,1104.0,66.1,2400,0.0,0.0,15422,-588,59,discharging,None,None
20:34:09.903,staggered,8.3,405.9,173.5,42.3,1104.0,66.7,2400,0.0,0.0,15432,-616,59,discharging,None,None
20:34:10.406,staggered,8.3,403.1,173.5,56.7,1104.0,63.4,2400,0.0,0.0,15410,-631,59,discharging,None,None
20:34:10.910,staggered,8.3,403.1,159.0,35.5,1103.8,64.5,2400,0.0,0.0,15451,-587,59,discharging,None,None
20:34:11.413,staggered,8.3,392.5,159.0,81.6,1103.8,65.5,2400,0.0,0.0,15429,-570,59,discharging,None,None
20:34:11.917,staggered,8.3,392.5,159.0,1.5,1103.6,62.8,2400,0.0,0.0,15442,-646,59,discharging,None,None
20:34:12.424,staggered,8.3,392.5,181.1,81.4,1103.6,67.2,2400,0.0,0.0,15445,-572,59,discharging,None,None
20:34:12.928,staggered,8.3,426.1,181.1,37.5,1103.6,62.8,2400,0.0,0.0,15402,-650,59,discharging,None,None
20:34:13.435,staggered,8.3,426.1,181.1,10.0,1103.6,63.9,2400,0.0,0.0,15450,-597,59,discharging,None,None
20:34:13.940,staggered,8.3,426.1,181.1,100.0,1103.6,65.5,2400,0.0,0.0,15419,-524,59,discharging,None,None
20:34:14.443,staggered,8.3,902.7,831.7,73.5,1103.6,63.9,2400,0.0,0.0,15404,-701,59,discharging,None,None
20:34:14.947,staggered,8.3,902.7,831.7,2.0,1103.6,62.8,2400,0.0,0.0,15440,-657,59,discharging,None,None
20:34:15.454,staggered,8.3,902.7,831.7,70.1,1103.6,66.7,2400,0.0,0.0,15452,-508,59,discharging,None,None
20:34:15.958,staggered,8.3,515.6,330.7,63.7,1103.6,63.4,2400,0.0,0.0,15405,-646,59,discharging,None,None
20:34:16.468,staggered,8.3,515.6,330.7,11.1,1103.6,64.5,2400,0.0,0.0,15441,-662,59,discharging,None,None
20:34:16.976,staggered,8.3,395.4,330.7,73.4,1103.3,63.4,2400,0.0,0.0,15413,-589,59,discharging,None,None
20:34:17.479,staggered,8.3,395.4,167.7,43.5,1103.3,61.7,2400,0.0,0.0,15407,-669,59,discharging,None,None
20:34:17.987,staggered,8.3,395.4,167.7,75.1,1103.3,67.2,2400,0.0,0.0,15446,-606,59,discharging,None,None
20:34:18.492,staggered,7.9,410.5,167.7,40.6,1103.3,65.5,2400,0.0,0.0,15419,-619,59,discharging,None,None
20:34:18.999,staggered,7.9,410.5,170.6,41.5,1104.4,65.5,2400,0.0,0.0,15430,-644,59,discharging,None,None
20:34:19.502,staggered,7.9,407.2,170.6,48.8,1104.4,62.8,2400,0.0,0.0,15405,-662,59,discharging,None,None
20:34:20.006,staggered,8.4,407.2,158.8,36.5,1104.5,63.4,2400,0.0,0.0,15446,-611,59,discharging,None,None
20:34:20.509,staggered,8.4,403.8,158.8,82.6,1104.7,64.5,2400,0.0,0.0,15424,-590,59,discharging,None,None
20:34:21.013,staggered,8.4,403.8,158.8,1.0,1104.2,62.2,2400,0.0,0.0,15437,-667,59,discharging,None,None
20:34:21.520,staggered,8.4,403.8,148.2,88.7,1104.2,68.3,2400,0.0,0.0,15440,-593,59,discharging,None,None
20:34:22.023,staggered,8.4,363.0,148.2,17.9,1104.0,61.7,2400,0.0,0.0,15400,-648,59,discharging,None,None
20:34:22.543,staggered,8.4,363.0,148.2,27.5,1104.0,65.0,2400,0.0,0.0,15448,-593,59,discharging,None,None
20:34:23.048,staggered,8.4,363.0,554.7,100.0,1104.0,68.3,2400,0.0,0.0,15413,-562,59,discharging,None,None
20:34:23.551,staggered,8.4,729.3,554.7,18.4,1104.7,62.8,2400,0.0,0.0,15396,-719,59,discharging,None,None
20:34:24.059,staggered,8.4,729.3,554.7,25.9,1104.5,65.0,2400,0.0,0.0,15448,-601,59,discharging,None,None
20:34:24.562,staggered,8.4,561.7,357.1,98.0,1104.5,66.7,2400,0.0,0.0,15409,-559,59,discharging,None,None
20:34:25.066,staggered,8.4,561.7,357.1,0.0,1104.2,62.8,2400,0.0,0.0,15426,-663,59,discharging,None,None
20:34:25.575,staggered,8.4,561.7,357.1,55.7,1104.2,65.0,2400,0.0,0.0,15449,-547,59,discharging,None,None
20:34:26.078,staggered,8.4,362.8,148.0,51.7,1104.0,63.4,2400,0.0,0.0,15401,-593,59,discharging,None,None
20:34:26.587,staggered,8.4,362.8,148.0,26.4,1104.0,66.1,2400,0.0,0.0,15437,-648,59,discharging,None,None
20:34:27.092,staggered,8.4,367.6,148.0,51.2,1104.0,62.2,2400,0.0,0.0,15409,-613,59,discharging,None,None
20:34:27.595,staggered,8.4,367.6,152.2,30.3,1104.5,62.8,2400,0.0,0.0,15425,-647,59,discharging,None,None
20:34:28.099,staggered,8.4,363.1,152.2,75.0,1104.4,63.9,2400,0.0,0.0,15441,-647,59,discharging,None,None
20:34:28.602,staggered,8.4,363.1,150.7,32.7,1104.4,66.1,2400,0.0,0.0,15448,-617,59,discharging,None,None
20:34:29.111,staggered,8.4,363.1,150.7,64.0,1104.4,67.2,2400,0.0,0.0,15413,-589,59,discharging,None,None
20:34:29.614,staggered,8.4,367.1,150.7,11.3,1104.2,61.7,1900,0.0,0.0,15437,-620,59,discharging,None,None
20:34:30.123,staggered,8.4,367.1,174.2,66.5,1104.4,66.7,2400,0.0,0.0,15435,-549,59,discharging,None,None
20:34:30.626,staggered,8.4,379.8,174.2,45.1,1104.0,62.2,2400,0.0,0.0,15422,-610,59,discharging,None,None
20:34:31.131,staggered,8.4,379.8,174.2,0.5,1104.0,61.1,2400,0.0,0.0,15451,-553,59,discharging,None,None
20:34:31.641,staggered,8.4,379.8,428.8,99.5,1104.0,66.7,2400,0.0,0.0,15411,-565,59,discharging,None,None
20:34:32.144,staggered,8.4,643.0,428.8,29.4,1103.5,62.2,2400,0.0,0.0,15438,-665,59,discharging,None,None
20:34:32.655,staggered,8.4,643.0,428.8,15.3,1103.5,63.9,2400,0.0,0.0,15452,-523,59,discharging,None,None
20:34:33.165,staggered,8.4,560.8,332.0,99.0,1103.5,66.1,2400,0.0,0.0,15412,-598,59,discharging,None,None
20:34:33.669,staggered,8.4,560.8,332.0,2.0,1103.3,61.7,2400,0.0,0.0,15442,-643,59,discharging,None,None
20:34:34.176,staggered,8.4,560.8,332.0,47.3,1103.3,66.1,2400,0.0,0.0,15453,-502,59,discharging,None,None
20:34:34.679,staggered,8.4,365.8,149.8,59.8,1103.3,62.8,2400,0.0,0.0,15408,-628,59,discharging,None,None
20:34:35.188,staggered,8.4,365.8,149.8,15.4,1103.3,62.8,1600,0.0,0.0,15451,-587,59,discharging,None,None
20:34:35.696,staggered,8.4,379.6,149.8,65.7,1103.3,63.4,2400,0.0,0.0,15406,-545,59,discharging,None,None
20:34:36.199,staggered,8.4,379.6,152.7,29.2,1104.5,62.2,2400,0.0,0.0,15439,-610,59,discharging,None,None
20:34:36.703,staggered,8.4,361.6,152.7,74.5,1105.1,63.9,2400,0.0,0.0,15412,-587,59,discharging,None,None
20:34:37.206,staggered,8.4,361.6,151.3,33.2,1105.2,64.5,2400,0.0,0.0,15441,-579,59,discharging,None,None
20:34:37.715,staggered,8.4,361.6,151.3,52.3,1105.2,65.5,2400,0.0,0.0,15440,-563,59,discharging,None,None
20:34:38.219,staggered,8.4,362.6,151.3,22.7,1104.5,62.2,2400,0.0,0.0,15439,-618,59,discharging,None,None
20:34:38.727,staggered,8.4,362.6,148.3,55.0,1104.9,66.1,2400,0.0,0.0,15427,-588,59,discharging,None,None
20:34:39.231,staggered,8.4,364.2,148.3,52.9,1106.3,62.8,2400,0.0,0.0,15403,-629,59,discharging,None,None
20:34:39.740,staggered,8.4,364.2,148.3,1.0,1106.3,61.1,2400,0.0,0.0,15449,-571,59,discharging,None,None
20:34:40.247,staggered,8.4,364.2,432.7,100.0,1106.6,66.7,1900,0.0,0.0,15414,-548,59,discharging,None,None
20:34:40.750,staggered,8.4,616.0,432.7,33.2,1106.8,62.2,2400,0.0,0.0,15418,-666,59,discharging,None,None
20:34:41.259,staggered,8.4,616.0,432.7,11.5,1105.5,63.4,2400,0.0,0.0,15451,-541,59,discharging,None,None
20:34:41.762,staggered,8.4,616.0,432.7,100.0,1105.5,66.7,2400,0.0,0.0,15412,-568,59,discharging,None,None
20:34:42.266,staggered,8.4,733.2,496.1,36.1,1104.8,62.8,2400,0.0,0.0,15411,-701,59,discharging,None,None
20:34:42.775,staggered,8.4,733.2,496.1,8.0,1104.8,62.8,2400,0.0,0.0,15450,-556,59,discharging,None,None
20:34:43.283,staggered,8.4,441.4,496.1,100.0,1104.8,66.7,2400,0.0,0.0,15408,-566,59,discharging,None,None
20:34:43.787,staggered,8.4,441.4,233.9,5.9,1104.5,61.7,2400,0.0,0.0,15441,-643,59,discharging,None,None
20:34:44.295,staggered,8.4,441.4,233.9,63.5,1104.3,66.7,2400,0.0,0.0,15447,-544,59,discharging,None,None
20:34:44.798,staggered,8.4,360.8,152.5,43.1,1104.1,63.4,2400,0.0,0.0,15440,-610,59,discharging,None,None
20:34:45.307,staggered,8.4,360.8,152.5,33.8,1103.8,65.5,2400,0.0,0.0,15447,-584,59,discharging,None,None
20:34:45.811,staggered,8.4,373.6,152.5,42.9,1103.6,62.8,2400,0.0,0.0,15408,-578,59,discharging,None,None
20:34:46.320,staggered,8.4,373.6,151.8,34.8,1104.8,62.8,2400,0.0,0.0,15409,-620,59,discharging,None,None
20:34:46.824,staggered,8.4,361.4,151.8,72.5,1105.0,63.4,2400,0.0,0.0,15405,-605,59,discharging,None,None
20:34:47.332,staggered,8.4,361.4,151.8,26.6,1105.4,64.5,2400,0.0,0.0,15443,-570,59,discharging,None,None
20:34:47.836,staggered,8.4,368.0,151.2,78.7,1106.1,66.1,2400,0.0,0.0,15436,-561,59,discharging,None,None
20:34:48.339,staggered,8.4,368.0,151.2,3.0,1105.9,62.2,2400,0.0,0.0,15438,-630,59,discharging,None,None
20:34:48.851,staggered,8.4,368.0,272.3,59.0,1105.9,66.1,2400,0.0,0.0,15451,-544,59,discharging,None,None
20:34:49.354,staggered,8.4,472.7,272.3,55.0,1106.6,62.8,2400,0.0,0.0,15397,-641,59,discharging,None,None
20:34:49.858,staggered,8.4,472.7,272.3,0.0,1106.1,61.1,2400,0.0,0.0,15448,-615,58,discharging,None,None
20:34:50.370,staggered,8.4,472.7,272.3,89.1,1106.1,66.1,2400,0.0,0.0,15422,-500,58,discharging,None,None
20:34:50.874,staggered,8.4,642.5,390.1,39.9,1105.9,62.8,2400,0.0,0.0,15408,-650,58,discharging,None,None
20:34:51.383,staggered,8.4,642.5,390.1,4.0,1106.1,62.2,2400,0.0,0.0,15448,-574,58,discharging,None,None
20:34:51.891,staggered,8.4,642.5,390.1,100.0,1106.1,66.7,2400,0.0,0.0,15411,-532,58,discharging,None,None
20:34:52.394,staggered,8.4,591.2,398.9,28.4,1104.5,62.8,2400,0.0,0.0,15401,-675,58,discharging,None,None
20:34:52.903,staggered,8.4,591.2,398.9,30.0,1104.5,66.1,2400,0.0,0.0,15447,-567,58,discharging,None,None
20:34:53.406,staggered,8.4,363.3,147.4,77.1,1104.0,65.0,2400,0.0,0.0,15403,-570,58,discharging,None,None
20:34:53.911,staggered,8.4,363.3,147.4,0.0,1103.8,62.8,2400,0.0,0.0,15442,-629,58,discharging,None,None
20:34:54.415,staggered,8.4,361.9,147.4,74.0,1103.8,63.4,2400,0.0,0.0,15414,-577,58,discharging,None,None
20:34:54.918,staggered,8.4,361.9,154.9,32.7,1103.4,62.2,2400,0.0,0.0,15438,-605,58,discharging,None,None
20:34:55.428,staggered,8.4,361.9,154.9,69.2,1103.4,67.2,2400,0.0,0.0,15445,-564,58,discharging,None,None
20:34:55.933,staggered,8.4,364.2,154.9,7.9,1103.4,61.7,1500,0.0,0.0,15431,-590,58,discharging,None,None
20:34:56.439,staggered,8.4,364.2,171.8,73.3,1103.8,66.1,2400,0.0,0.0,15428,-572,58,discharging,None,None
20:34:56.943,staggered,8.4,371.4,171.8,36.3,1104.8,62.2,2400,0.0,0.0,15397,-616,58,discharging,None,None
20:34:57.458,staggered,8.4,371.4,171.8,31.5,1104.8,65.0,2400,0.0,0.0,15445,-590,58,discharging,None,None
20:34:57.962,staggered,8.4,427.1,220.7,80.0,1104.8,63.9,2400,0.0,0.0,15410,-586,58,discharging,None,None
20:34:58.465,staggered,8.4,427.1,220.7,1.0,1105.8,62.2,2400,0.0,0.0,15433,-607,58,discharging,None,None
20:34:58.978,staggered,8.4,427.1,220.7,65.3,1106.4,66.1,2400,0.0,0.0,15414,-535,58,discharging,None,None
20:34:59.482,staggered,8.4,616.0,387.2,58.6,1105.5,62.2,2400,0.0,0.0,15409,-657,58,discharging,None,None
20:34:59.985,staggered,8.4,616.0,387.2,0.0,1105.3,61.7,2400,0.0,0.0,15447,-554,58,discharging,None,None
20:35:00.498,staggered,8.4,616.0,387.2,85.3,1105.3,66.7,2400,0.0,0.0,15405,-568,58,discharging,None,None
20:35:01.002,staggered,8.4,531.1,325.1,29.7,1104.3,62.2,2400,0.0,0.0,15436,-642,58,discharging,None,None
20:35:01.509,staggered,8.4,531.1,325.1,23.2,1104.3,63.9,2400,0.0,0.0,15455,-488,58,discharging,None,None
20:35:02.013,staggered,8.4,383.3,147.5,86.6,1103.9,64.5,2400,0.0,0.0,15414,-585,58,discharging,None,None
20:35:02.516,staggered,8.4,383.3,147.5,0.0,1103.9,61.7,2400,0.0,0.0,15445,-606,58,discharging,None,None
20:35:03.020,staggered,8.4,361.3,147.5,74.6,1103.8,64.5,2400,0.0,0.0,15404,-580,58,discharging,None,None
20:35:03.523,staggered,8.4,361.3,147.9,32.8,1104.0,62.8,2400,0.0,0.0,15409,-628,58,discharging,None,None
20:35:04.031,staggered,8.4,361.3,147.9,57.7,1104.0,66.7,2400,0.0,0.0,15417,-571,58,discharging,None,None
20:35:04.536,staggered,8.4,365.5,147.9,19.3,1103.5,62.2,2400,0.0,0.0,15436,-570,58,discharging,None,None
20:35:05.040,staggered,8.4,365.5,148.6,57.6,1103.5,63.9,2400,0.0,0.0,15442,-564,58,discharging,None,None
20:35:05.544,staggered,8.4,367.2,148.6,48.3,1103.3,62.8,2400,0.0,0.0,15420,-630,58,discharging,None,None
20:35:06.051,staggered,81.1,367.2,169.5,35.5,1103.1,65.0,2400,0.0,0.0,15447,-586,58,discharging,None,None
20:35:06.555,staggered,81.1,393.2,169.5,82.9,1103.1,64.5,2400,0.0,0.0,15398,-645,58,discharging,None,None
20:35:07.058,staggered,81.1,393.2,169.5,2.5,1103.1,61.1,2400,0.0,0.0,15445,-613,58,discharging,None,None
20:35:07.577,staggered,8.4,393.2,169.5,64.7,1103.1,66.1,2400,0.0,0.0,15414,-517,58,discharging,None,None
20:35:08.080,staggered,8.4,690.2,491.3,79.4,1103.1,64.5,2400,0.0,0.0,15393,-695,58,discharging,None,None
20:35:08.584,staggered,8.3,690.2,491.3,2.5,1103.1,62.2,2400,0.0,0.0,15443,-614,58,discharging,None,None
20:35:09.092,staggered,8.3,690.2,491.3,66.3,1103.1,66.1,2400,0.0,0.0,15415,-514,58,discharging,None,None
20:35:09.596,staggered,8.3,749.6,428.6,85.6,1103.1,65.0,2400,0.0,0.0,15400,-697,58,discharging,None,None
20:35:10.099,staggered,8.3,749.6,428.6,3.0,1103.3,62.2,2400,0.0,0.0,15444,-625,58,discharging,None,None
20:35:10.612,staggered,8.3,749.6,428.6,59.8,1103.3,66.1,2400,0.0,0.0,15430,-511,58,discharging,None,None
20:35:11.115,staggered,8.3,579.8,362.6,67.5,1103.3,63.4,2400,0.0,0.0,15398,-664,58,discharging,None,None
20:35:11.619,staggered,8.3,579.8,362.6,2.5,1103.3,61.7,1600,0.0,0.0,15443,-595,58,discharging,None,None
20:35:12.123,staggered,8.3,410.9,362.6,84.7,1103.1,65.5,2400,0.0,0.0,15416,-530,58,discharging,None,None
20:35:12.626,staggered,8.3,410.9,163.4,36.6,1103.1,63.4,2400,0.0,0.0,15426,-629,58,discharging,None,None
20:35:13.135,staggered,8.3,410.9,163.4,46.7,1103.1,65.5,2400,0.0,0.0,15446,-573,58,discharging,None,None
20:35:13.639,staggered,8.3,394.2,163.4,64.6,1103.1,66.7,2400,0.0,0.0,15426,-595,58,discharging,None,None
20:35:14.144,staggered,8.3,394.2,163.2,19.2,1104.0,63.9,2400,0.0,0.0,15435,-609,58,discharging,None,None
20:35:14.651,staggered,8.3,560.2,163.2,99.0,1104.0,66.1,2400,0.0,0.0,15403,-643,58,discharging,None,None
20:35:15.155,staggered,8.3,560.2,159.2,41.1,1104.0,63.4,2400,0.0,0.0,15420,-692,58,discharging,None,None
20:35:15.663,staggered,8.3,560.2,159.2,42.0,1104.0,66.1,2400,0.0,0.0,15443,-564,58,discharging,None,None
20:35:16.167,staggered,7.2,395.5,159.2,42.1,1105.7,63.4,2400,0.0,0.0,15411,-591,58,discharging,None,None
20:35:16.676,staggered,7.2,395.5,159.4,39.5,1109.0,63.4,2400,0.0,0.0,15414,-625,58,discharging,None,None
20:35:17.180,staggered,8.3,396.2,159.4,77.8,1109.4,64.5,2400,0.0,0.0,15399,-643,58,discharging,None,None
20:35:17.687,staggered,8.3,396.2,159.4,22.4,1109.4,65.0,2400,0.0,0.0,15442,-588,58,discharging,None,None
20:35:18.191,staggered,8.3,396.2,168.6,83.6,1109.4,68.3,2400,0.0,0.0,15419,-577,58,discharging,None,None
20:35:18.695,staggered,8.3,398.2,168.6,15.4,1109.4,62.8,2400,0.0,0.0,15433,-652,58,discharging,None,None
20:35:19.207,staggered,8.3,398.2,168.6,51.2,1108.0,66.7,2400,0.0,0.0,15446,-551,58,discharging,None,None
20:35:19.710,staggered,8.4,527.6,333.9,77.1,1109.6,64.5,2400,0.0,0.0,15393,-660,58,discharging,None,None
20:35:20.214,staggered,8.4,527.6,333.9,1.5,1109.7,63.4,2400,0.0,0.0,15441,-637,58,discharging,None,None
20:35:20.727,staggered,8.3,527.6,333.9,69.1,1109.5,67.2,2400,0.0,0.0,15429,-507,58,discharging,None,None
20:35:21.230,staggered,8.3,704.8,446.8,73.3,1108.0,64.5,2400,0.0,0.0,15396,-684,58,discharging,None,None
20:35:21.734,staggered,8.4,704.8,446.8,1.5,1108.0,61.7,2400,0.0,0.0,15437,-644,58,discharging,None,None
20:35:22.247,staggered,8.4,704.8,446.8,71.3,1107.6,66.7,2400,0.0,0.0,15434,-507,58,discharging,None,None
20:35:22.750,staggered,8.4,699.6,464.9,75.4,1107.6,64.5,2400,0.0,0.0,15390,-684,58,discharging,None,None
20:35:23.254,staggered,8.3,699.6,464.9,2.0,1107.1,62.2,2400,0.0,0.0,15436,-657,58,discharging,None,None
20:35:23.763,staggered,8.3,699.6,464.9,74.6,1107.1,67.2,2400,0.0,0.0,15422,-540,58,discharging,None,None
20:35:24.267,staggered,8.3,399.0,166.0,43.6,1105.6,63.9,2400,0.0,0.0,15391,-668,58,discharging,None,None
20:35:24.775,staggered,8.3,399.0,166.0,38.2,1105.6,67.2,2400,0.0,0.0,15439,-598,58,discharging,None,None
20:35:25.279,staggered,8.3,394.7,166.0,66.8,1105.4,66.7,2400,0.0,0.0,15392,-604,58,discharging,None,None
20:35:25.787,staggered,8.3,394.7,163.9,15.0,1105.4,62.8,2400,0.0,0.0,15435,-665,58,discharging,None,None
20:35:26.290,staggered,8.3,399.9,163.9,81.3,1105.7,64.5,2400,0.0,0.0,15400,-631,58,discharging,None,None
20:35:26.803,staggered,8.4,399.9,163.9,36.8,1105.7,67.8,2400,0.0,0.0,15432,-615,58,discharging,None,None
20:35:27.307,staggered,8.4,399.9,170.0,74.3,1104.7,68.8,2400,0.0,0.0,15434,-602,58,discharging,None,None
20:35:27.811,staggered,7.9,398.8,170.0,18.5,1104.7,63.4,2400,0.0,0.0,15421,-670,58,discharging,None,None
20:35:28.319,staggered,7.9,398.8,171.5,56.0,1104.5,67.2,2400,0.0,0.0,15440,-590,58,discharging,None,None
20:35:28.823,staggered,7.9,433.5,171.5,63.2,1104.3,63.9,2400,0.0,0.0,15388,-663,58,discharging,None,None
20:35:29.327,staggered,8.3,433.5,171.5,2.5,1104.3,62.2,2400,0.0,0.0,15437,-647,58,discharging,None,None
20:35:29.839,staggered,8.3,433.5,171.5,83.7,1105.2,67.8,2400,0.0,0.0,15422,-520,58,discharging,None,None
20:35:30.343,staggered,8.3,706.9,499.5,61.4,1105.2,63.4,2400,0.0,0.0,15394,-693,58,discharging,None,None
20:35:30.846,staggered,8.3,706.9,499.5,1.5,1105.2,62.2,2400,0.0,0.0,15439,-631,58,discharging,None,None
20:35:31.359,staggered,8.3,706.9,499.5,85.3,1105.2,67.2,2400,0.0,0.0,15427,-511,58,discharging,None,None
20:35:31.863,staggered,8.3,757.3,521.7,68.3,1104.3,63.9,2400,0.0,0.0,15396,-688,58,discharging,None,None
20:35:32.366,staggered,8.3,757.3,521.7,2.0,1104.3,62.8,2400,0.0,0.0,15438,-643,58,discharging,None,None
20:35:32.879,staggered,8.4,757.3,521.7,77.2,1104.3,68.3,2400,0.0,0.0,15437,-509,58,discharging,None,None
20:35:33.383,staggered,8.4,479.7,259.3,47.0,1103.8,63.4,2400,0.0,0.0,15394,-662,58,discharging,None,None
20:35:33.892,staggered,8.4,479.7,259.3,26.4,1103.8,65.5,2400,0.0,0.0,15441,-613,58,discharging,None,None
20:35:34.396,staggered,8.4,397.1,259.3,77.6,1104.5,66.7,2400,0.0,0.0,15399,-578,58,discharging,None,None
20:35:34.900,staggered,8.4,397.1,161.1,15.5,1104.5,62.8,2400,0.0,0.0,15414,-650,58,discharging,None,None
20:35:35.404,staggered,8.3,396.8,161.1,82.1,1104.5,66.1,2400,0.0,0.0,15424,-575,58,discharging,None,None
20:35:35.908,staggered,8.3,396.8,171.2,37.7,1104.2,63.9,2400,0.0,0.0,15430,-589,58,discharging,None,None
20:35:36.416,staggered,8.3,396.8,171.2,52.0,1104.7,67.2,2400,0.0,0.0,15431,-587,58,discharging,None,None
20:35:36.919,staggered,8.3,399.1,171.2,32.0,1104.0,63.4,2400,0.0,0.0,15391,-655,58,discharging,None,None
20:35:37.427,staggered,8.3,399.1,172.3,50.0,1104.2,65.0,2400,0.0,0.0,15437,-622,58,discharging,None,None
20:35:37.930,staggered,8.3,399.3,172.3,69.5,1104.3,64.5,2400,0.0,0.0,15399,-599,58,discharging,None,None
20:35:38.439,staggered,8.3,399.3,172.3,8.1,1104.3,63.9,2400,0.0,0.0,15433,-610,58,discharging,None,None
20:35:38.944,staggered,8.3,399.3,171.0,99.0,1104.3,68.3,2400,0.0,0.0,15405,-568,58,discharging,None,None
20:35:39.447,staggered,8.3,540.1,171.0,36.0,1103.6,63.4,2400,0.0,0.0,15389,-689,58,discharging,None,None
20:35:39.956,staggered,7.6,540.1,171.0,37.3,1103.8,66.1,2400,0.0,0.0,15439,-599,58,discharging,None,None
20:35:40.460,staggered,7.6,448.3,226.8,83.1,1103.4,65.0,2400,0.0,0.0,15403,-583,58,discharging,None,None
20:35:40.963,staggered,7.6,448.3,226.8,2.0,1103.4,62.8,2400,0.0,0.0,15428,-659,58,discharging,None,None
20:35:41.474,staggered,8.4,448.3,226.8,62.5,1103.4,67.8,2400,0.0,0.0,15441,-520,58,discharging,None,None
20:35:41.978,staggered,8.4,714.8,506.5,82.3,1106.4,65.0,2400,0.0,0.0,15394,-627,58,discharging,None,None
20:35:42.481,staggered,8.3,714.8,506.5,2.5,1106.4,62.2,2400,0.0,0.0,15428,-694,58,discharging,None,None
20:35:42.992,staggered,8.3,714.8,506.5,64.2,1106.8,67.2,2400,0.0,0.0,15442,-515,58,discharging,None,None
20:35:43.496,staggered,8.3,706.0,480.9,83.7,1107.4,66.1,2400,0.0,0.0,15397,-624,58,discharging,None,None
20:35:43.999,staggered,8.3,706.0,480.9,2.0,1107.2,62.8,2400,0.0,0.0,15429,-697,58,discharging,None,None
20:35:44.507,staggered,8.3,706.0,480.9,65.2,1107.2,67.8,2400,0.0,0.0,15441,-519,58,discharging,None,None
20:35:45.010,staggered,8.2,408.6,164.4,54.2,1107.2,63.9,2400,0.0,0.0,15392,-630,58,discharging,None,None
20:35:45.519,staggered,8.2,408.6,164.4,26.9,1107.2,65.5,2400,0.0,0.0,15431,-660,58,discharging,None,None
20:35:46.023,staggered,8.4,404.4,164.4,71.1,1104.3,65.5,2400,0.0,0.0,15398,-600,58,discharging,None,None
20:35:46.527,staggered,8.4,404.4,162.2,24.3,1104.3,63.4,2400,0.0,0.0,15392,-671,58,discharging,None,None
20:35:47.030,staggered,8.4,406.4,162.2,83.4,1104.3,65.0,2400,0.0,0.0,15434,-593,58,discharging,None,None
20:35:47.535,staggered,8.3,406.4,191.2,40.2,1104.3,65.0,2400,0.0,0.0,15415,-609,58,discharging,None,None
20:35:48.043,staggered,8.3,406.4,191.2,47.5,1104.3,67.8,2400,0.0,0.0,15422,-612,58,discharging,None,None
20:35:48.546,staggered,8.3,408.1,191.2,38.4,1104.7,63.4,2400,0.0,0.0,15392,-652,58,discharging,None,None
20:35:49.056,staggered,8.3,408.1,159.4,43.6,1103.6,65.5,2400,0.0,0.0,15435,-615,58,discharging,None,None
20:35:49.560,staggered,8.3,402.9,159.4,74.0,1104.0,64.5,2400,0.0,0.0,15398,-670,58,discharging,None,None
20:35:50.063,staggered,8.3,402.9,159.4,2.5,1104.0,62.8,2400,0.0,0.0,15435,-610,58,discharging,None,None
20:35:50.571,staggered,8.3,402.9,196.7,98.0,1104.0,67.2,2400,0.0,0.0,15401,-601,58,discharging,None,None
20:35:51.074,staggered,8.3,452.2,196.7,33.3,1103.6,64.5,2400,0.0,0.0,15419,-688,58,discharging,None,None
20:35:51.584,staggered,8.3,452.2,196.7,23.8,1103.6,65.5,2400,0.0,0.0,15437,-547,58,discharging,None,None
20:35:52.088,staggered,7.9,452.2,434.9,100.0,1103.6,67.2,2400,0.0,0.0,15394,-633,58,discharging,None,None
20:35:52.592,staggered,7.9,712.3,434.9,23.1,1104.1,63.4,2400,0.0,0.0,15424,-705,58,discharging,None,None
20:35:53.108,staggered,7.9,712.3,434.9,25.5,1104.1,66.1,2400,0.0,0.0,15440,-532,58,discharging,None,None
20:35:53.612,staggered,8.3,712.3,464.4,100.0,1104.1,67.8,2400,0.0,0.0,15392,-625,58,discharging,None,None
20:35:54.116,staggered,8.3,726.7,464.4,23.5,1104.1,63.4,2400,0.0,0.0,15427,-695,58,discharging,None,None
20:35:54.624,staggered,8.4,726.7,464.4,25.0,1104.1,65.5,2400,0.0,0.0,15440,-515,58,discharging,None,None
20:35:55.135,staggered,8.4,726.7,464.4,100.0,1104.1,67.2,2400,0.0,0.0,15396,-617,58,discharging,None,None
20:35:55.638,staggered,8.3,643.5,389.9,13.8,1103.8,64.5,2400,0.0,0.0,15427,-680,58,discharging,None,None
20:35:56.146,staggered,8.3,643.5,389.9,39.8,1103.8,66.7,2400,0.0,0.0,15439,-518,58,discharging,None,None
20:35:56.650,staggered,8.3,395.9,172.3,80.2,1103.8,65.0,2400,0.0,0.0,15393,-643,58,discharging,None,None
20:35:57.157,staggered,8.3,395.9,172.3,4.0,1103.8,63.4,2400,0.0,0.0,15436,-633,58,discharging,None,None
20:35:57.661,staggered,8.3,398.4,172.3,81.2,1103.8,64.5,2400,0.0,0.0,15396,-588,58,discharging,None,None
20:35:58.164,staggered,8.3,398.4,158.5,36.1,1104.5,63.4,2400,0.0,0.0,15400,-651,58,discharging,None,None
20:35:58.669,staggered,8.3,398.4,158.5,64.9,1104.5,68.3,2400,0.0,0.0,15420,-575,58,discharging,None,None
20:35:59.178,staggered,8.3,399.0,158.5,35.1,1105.2,65.0,2400,0.0,0.0,15427,-590,58,discharging,None,None
20:35:59.683,staggered,8.3,399.0,160.7,47.8,1105.2,66.1,2400,0.0,0.0,15435,-586,58,discharging,None,None
20:36:00.186,staggered,8.3,399.4,160.7,56.2,1105.0,63.4,2400,0.0,0.0,15389,-654,58,discharging,None,None
20:36:00.690,staggered,8.4,399.4,170.1,38.3,1105.0,63.9,2400,0.0,0.0,15435,-631,58,discharging,None,None
20:36:01.193,staggered,8.4,398.8,170.1,82.5,1105.0,65.5,2400,0.0,0.0,15388,-630,58,discharging,None,None
20:36:01.697,staggered,8.3,398.8,170.1,3.0,1105.0,62.8,2400,0.0,0.0,15426,-644,58,discharging,None,None
20:36:02.204,staggered,8.3,398.8,221.3,74.5,1104.5,67.2,2400,0.0,0.0,15408,-573,58,discharging,None,None
20:36:02.708,staggered,8.3,476.8,221.3,47.8,1104.5,63.4,2400,0.0,0.0,15386,-676,58,discharging,None,None
20:36:03.211,staggered,8.3,476.8,221.3,10.9,1104.3,62.8,2400,0.0,0.0,15428,-611,58,discharging,None,None
20:36:03.718,staggered,8.3,476.8,438.3,97.5,1104.8,67.2,2400,0.0,0.0,15401,-581,58,discharging,None,None
20:36:04.222,staggered,7.9,656.3,438.3,37.9,1104.8,63.4,2400,0.0,0.0,15402,-697,58,discharging,None,None
20:36:04.731,staggered,7.9,656.3,438.3,10.9,1104.8,64.5,2400,0.0,0.0,15435,-581,58,discharging,None,None
20:36:05.245,staggered,8.2,656.3,438.3,100.0,1104.8,67.8,2400,0.0,0.0,15395,-593,58,discharging,None,None
20:36:05.749,staggered,8.2,716.6,475.7,36.9,1104.7,63.9,2400,0.0,0.0,15400,-719,58,discharging,None,None
20:36:06.257,staggered,8.2,716.6,475.7,13.8,1104.0,63.4,2400,0.0,0.0,15435,-580,58,discharging,None,None
20:36:06.764,staggered,8.3,443.6,475.7,100.0,1104.0,68.3,2400,0.0,0.0,15395,-588,58,discharging,None,None
20:36:07.268,staggered,8.3,443.6,208.8,8.5,1104.0,62.8,2400,0.0,0.0,15426,-656,58,discharging,None,None
20:36:07.776,staggered,8.3,443.6,208.8,66.7,1104.0,67.8,2400,0.0,0.0,15431,-552,58,discharging,None,None
20:36:08.279,staggered,8.3,407.6,171.1,55.5,1104.0,63.9,2400,0.0,0.0,15421,-617,58,discharging,None,None
20:36:08.787,staggered,8.3,407.6,171.1,27.1,1104.0,65.5,2400,0.0,0.0,15433,-605,58,discharging,None,None
20:36:09.290,staggered,8.3,405.4,171.1,57.1,1104.3,63.4,2400,0.0,0.0,15391,-617,58,discharging,None,None
20:36:09.794,staggered,8.3,405.4,157.4,36.8,1104.3,62.8,2400,0.0,0.0,15398,-652,58,discharging,None,None
20:36:10.298,staggered,8.3,395.9,157.4,82.3,1104.3,66.1,2400,0.0,0.0,15402,-586,58,discharging,None,None
20:36:10.804,staggered,8.3,395.9,157.4,20.7,1104.3,66.1,2400,0.0,0.0,15426,-589,58,discharging,None,None
20:36:11.308,staggered,8.4,395.9,165.2,67.3,1104.3,67.8,2400,0.0,0.0,15429,-579,58,discharging,None,None
20:36:11.812,staggered,8.4,396.8,165.2,33.3,1104.0,63.9,2400,0.0,0.0,15394,-652,58,discharging,None,None
20:36:12.324,staggered,8.4,396.8,167.7,49.3,1104.0,66.7,2400,0.0,0.0,15436,-584,58,discharging,None,None
20:36:12.827,staggered,8.3,404.6,167.7,70.3,1104.0,64.5,2400,0.0,0.0,15386,-633,58,discharging,None,None
20:36:13.331,staggered,8.3,404.6,167.7,2.0,1103.8,63.9,2400,0.0,0.0,15431,-643,58,discharging,None,None
20:36:13.842,staggered,8.3,404.6,167.7,78.5,1103.8,67.2,2400,0.0,0.0,15423,-515,58,discharging,None,None
20:36:14.346,staggered,8.3,678.1,463.9,61.9,1104.6,63.9,2400,0.0,0.0,15387,-685,58,discharging,None,None
20:36:15.018,staggered,8.4,678.1,463.9,9.0,1105.2,62.8,2400,0.0,0.0,15437,-544,58,discharging,None,None
20:36:15.531,staggered,8.4,678.1,463.9,98.0,1105.2,67.8,2400,0.0,0.0,15398,-570,58,discharging,None,None
20:36:16.035,staggered,8.4,746.3,489.5,49.8,1105.2,64.5,2400,0.0,0.0,15385,-714,58,discharging,None,None
20:36:16.538,staggered,7.9,746.3,489.5,3.0,1105.2,61.7,2400,0.0,0.0,15434,-582,58,discharging,None,None
20:36:17.050,staggered,7.9,746.3,489.5,94.1,1105.2,67.2,2400,0.0,0.0,15395,-551,58,discharging,None,None
20:36:17.554,staggered,8.3,728.5,495.4,56.2,1104.2,63.9,2400,0.0,0.0,15386,-706,58,discharging,None,None
20:36:18.057,staggered,8.3,728.5,495.4,2.5,1104.0,62.2,2400,0.0,0.0,15434,-591,58,discharging,None,None
20:36:18.564,staggered,8.2,393.2,495.4,92.0,1104.0,67.8,2400,0.0,0.0,15399,-549,58,discharging,None,None
20:36:19.067,staggered,8.2,393.2,172.6,25.4,1104.7,64.5,2400,0.0,0.0,15417,-652,58,discharging,None,None
20:36:19.576,staggered,8.2,393.2,172.6,57.4,1104.7,66.1,2400,0.0,0.0,15437,-577,58,discharging,None,None
20:36:20.079,staggered,8.4,397.2,161.7,61.6,1105.2,64.5,2400,0.0,0.0,15415,-601,58,discharging,None,None
20:36:20.587,staggered,8.4,397.2,161.7,19.6,1105.2,65.0,2400,0.0,0.0,15426,-614,58,discharging,None,None
20:36:21.091,staggered,8.3,398.6,161.7,64.0,1105.2,63.9,2400,0.0,0.0,15390,-641,58,discharging,None,None
20:36:21.594,staggered,8.3,398.6,171.2,36.8,1105.2,63.9,2400,0.0,0.0,15417,-653,58,discharging,None,None
20:36:22.098,staggered,8.3,395.2,171.2,81.1,1105.0,67.8,2400,0.0,0.0,15404,-584,58,discharging,None,None
20:36:22.603,staggered,8.3,395.2,171.2,4.0,1104.7,62.8,2400,0.0,0.0,15424,-590,58,discharging,None,None
20:36:23.111,staggered,8.3,395.2,170.9,81.9,1105.4,67.8,2400,0.0,0.0,15411,-570,58,discharging,None,None
20:36:23.615,staggered,8.3,399.7,170.9,38.9,1106.4,63.9,2400,0.0,0.0,15388,-643,58,discharging,None,None
20:36:24.126,staggered,8.3,399.7,170.9,31.4,1106.4,66.1,2400,0.0,0.0,15435,-578,58,discharging,None,None
20:36:24.631,staggered,8.3,477.0,220.2,89.6,1106.4,66.1,2400,0.0,0.0,15394,-603,58,discharging,None,None
20:36:25.134,staggered,8.3,477.0,220.2,3.4,1105.0,62.8,2400,0.0,0.0,15421,-668,58,discharging,None,None
20:36:25.647,staggered,8.3,477.0,220.2,55.9,1105.0,67.8,2400,0.0,0.0,15434,-535,58,discharging,None,None
20:36:26.150,staggered,8.3,694.5,463.8,85.2,1106.6,66.1,2400,0.0,0.0,15384,-661,58,discharging,None,None
20:36:26.654,staggered,8.3,694.5,463.8,6.2,1106.6,62.2,2400,0.0,0.0,15420,-688,58,discharging,None,None
20:36:27.356,staggered,8.4,694.5,463.8,71.3,1111.2,66.7,2400,0.0,0.0,15396,-571,58,discharging,None,None
20:36:27.860,staggered,8.4,715.5,309.2,66.3,1110.8,65.0,2400,0.0,0.0,15384,-738,58,discharging,None,None
20:36:28.364,staggered,8.4,715.5,309.2,1.5,1110.8,63.4,2400,0.0,0.0,15430,-623,58,discharging,None,None
20:36:28.868,staggered,6.7,392.2,309.2,82.0,1110.4,65.0,2400,0.0,0.0,15391,-579,58,discharging,None,None
20:36:29.372,staggered,6.7,392.2,169.0,36.8,1109.5,63.9,2400,0.0,0.0,15401,-670,58,discharging,None,None
20:36:29.880,staggered,8.3,392.2,169.0,62.4,1109.9,67.8,2400,0.0,0.0,15424,-595,58,discharging,None,None
20:36:30.386,staggered,8.3,396.1,169.0,50.2,1109.2,66.7,2400,0.0,0.0,15421,-609,58,discharging,None,None
20:36:30.895,staggered,8.3,396.1,161.1,31.2,1109.4,66.1,2400,0.0,0.0,15425,-621,58,discharging,None,None
20:36:31.399,staggered,8.3,397.6,161.1,57.8,1109.1,63.9,2400,0.0,0.0,15384,-671,58,discharging,None,None
20:36:31.902,staggered,8.3,397.6,157.5,35.9,1108.1,64.5,2400,0.0,0.0,15427,-654,58,discharging,None,None
20:36:32.406,staggered,8.3,394.9,157.5,81.6,1108.1,65.5,2400,0.0,0.0,15392,-614,58,discharging,None,None
20:36:32.909,staggered,8.3,394.9,157.5,1.5,1106.8,62.2,1500,0.0,0.0,15418,-623,58,discharging,None,None
20:36:33.416,staggered,8.3,394.9,188.9,89.7,1106.8,68.3,2400,0.0,0.0,15406,-574,58,discharging,None,None
20:36:33.919,staggered,8.3,397.0,188.9,31.8,1106.5,63.4,2400,0.0,0.0,15393,-651,58,discharging,None,None
20:36:34.431,staggered,8.3,397.0,188.9,17.8,1106.5,64.5,2400,0.0,0.0,15431,-586,58,discharging,None,None
20:36:34.935,staggered,8.3,397.0,451.6,100.0,1106.5,68.8,2400,0.0,0.0,15394,-592,58,discharging,None,None
20:36:35.439,staggered,8.3,646.7,451.6,18.5,1106.4,64.5,2400,0.0,0.0,15413,-698,58,discharging,None,None
20:36:35.947,staggered,8.4,646.7,451.6,28.5,1106.0,65.5,2400,0.0,0.0,15431,-561,58,discharging,None,None
20:36:36.456,staggered,8.4,646.7,443.0,100.0,1106.0,68.3,2400,0.0,0.0,15390,-613,58,discharging,None,None
20:36:36.959,staggered,8.3,720.9,443.0,18.1,1106.4,63.4,2400,0.0,0.0,15410,-716,58,discharging,None,None
20:36:37.471,staggered,8.3,720.9,443.0,28.9,1106.4,65.5,2400,0.0,0.0,15432,-558,58,discharging,None,None
20:36:37.975,staggered,8.3,527.7,318.7,99.5,1106.4,67.8,2400,0.0,0.0,15385,-614,58,discharging,None,None
20:36:38.478,staggered,8.3,527.7,318.7,4.5,1105.7,62.2,2400,0.0,0.0,15419,-694,58,discharging,None,None
20:36:38.987,staggered,8.3,527.7,318.7,65.3,1105.7,67.8,2400,0.0,0.0,15431,-570,58,discharging,None,None
20:36:39.504,staggered,8.3,398.7,337.4,67.9,1104.5,64.5,2400,0.0,0.0,15412,-640,58,discharging,None,None
20:36:40.012,staggered,8.3,398.7,337.4,32.7,1104.5,66.7,2400,0.0,0.0,15421,-656,58,discharging,None,None
20:36:40.515,staggered,8.3,399.1,337.4,51.5,1104.5,63.9,2400,0.0,0.0,15384,-658,58,discharging,None,None
20:36:41.019,staggered,7.6,399.1,162.4,35.7,1104.1,63.4,2400,0.0,0.0,15428,-631,58,discharging,None,None
20:36:41.523,staggered,7.6,392.4,162.4,82.0,1104.1,65.5,2400,0.0,0.0,15392,-598,58,discharging,None,None
20:36:42.026,staggered,8.3,392.4,162.4,1.5,1104.1,63.4,2400,0.0,0.0,15420,-643,58,discharging,None,None
20:36:42.536,staggered,8.3,392.4,158.2,90.1,1104.1,67.8,2400,0.0,0.0,15406,-595,58,discharging,None,None
20:36:43.039,staggered,8.3,400.8,158.2,27.7,1104.1,63.4,2400,0.0,0.0,15382,-668,58,discharging,None,None
20:36:43.551,staggered,8.3,400.8,158.2,25.6,1104.1,65.0,2400,0.0,0.0,15432,-587,58,discharging,None,None
20:36:44.055,staggered,8.3,400.8,468.2,100.0,1104.1,67.8,2400,0.0,0.0,15396,-547,58,discharging,None,None
20:36:44.558,staggered,8.3,672.1,468.2,18.9,1104.5,63.4,2400,0.0,0.0,15394,-685,58,discharging,None,None
20:36:45.067,staggered,8.3,672.1,468.2,29.0,1104.5,65.0,2400,0.0,0.0,15429,-582,58,discharging,None,None
20:36:45.577,staggered,8.2,672.1,468.2,100.0,1104.5,67.8,2400,0.0,0.0,15393,-588,58,discharging,None,None
20:36:46.081,staggered,8.2,750.4,516.1,25.5,1104.5,63.4,2400,0.0,0.0,15383,-725,58,discharging,None,None
20:36:46.588,staggered,8.3,750.4,516.1,24.4,1106.6,66.1,2400,0.0,0.0,15426,-592,58,discharging,None,None
20:36:47.092,staggered,8.3,495.6,275.4,99.5,1106.9,67.2,2400,0.0,0.0,15391,-580,58,discharging,None,None
20:36:47.595,staggered,8.3,495.6,275.4,4.5,1106.4,62.2,2400,0.0,0.0,15410,-680,58,discharging,None,None
20:36:48.103,staggered,8.4,495.6,275.4,65.7,1106.4,67.8,2400,0.0,0.0,15430,-570,58,discharging,None,None
20:36:48.606,staggered,8.4,403.4,162.5,54.2,1106.2,63.9,2400,0.0,0.0,15388,-617,58,discharging,None,None
20:36:49.115,staggered,8.3,403.4,162.5,28.5,1105.7,65.5,2400,0.0,0.0,15418,-654,58,discharging,None,None
20:36:49.619,staggered,8.3,395.8,162.5,55.4,1105.9,63.4,2400,0.0,0.0,15389,-639,58,discharging,None,None
20:36:50.122,staggered,8.3,395.8,167.8,37.5,1105.9,62.8,2400,0.0,0.0,15410,-665,58,discharging,None,None
20:36:50.626,staggered,8.3,390.4,167.8,81.3,1106.2,65.0,2400,0.0,0.0,15417,-592,58,discharging,None,None
20:36:51.135,staggered,8.3,390.4,167.8,22.2,1105.9,65.5,2400,0.0,0.0,15418,-607,58,discharging,None,None
20:36:51.816,staggered,8.3,390.4,162.8,76.6,1106.4,66.7,2400,0.0,0.0,15398,-585,58,discharging,None,None
20:36:52.319,staggered,8.3,580.0,162.8,29.7,1105.4,62.8,2400,0.0,0.0,15388,-690,58,discharging,None,None
20:36:52.831,staggered,8.3,580.0,159.8,52.0,1105.4,65.5,2400,0.0,0.0,15404,-641,58,discharging,None,None
20:36:53.334,staggered,6.6,399.2,159.8,65.2,1105.2,63.9,2400,0.0,0.0,15387,-649,58,discharging,None,None
20:36:53.843,staggered,6.6,399.2,159.8,19.6,1105.2,65.0,2400,0.0,0.0,15424,-607,58,discharging,None,None
20:36:54.347,staggered,8.4,400.1,157.6,95.1,1104.9,67.2,2400,0.0,0.0,15399,-586,58,discharging,None,None
20:36:54.850,staggered,8.4,400.1,157.6,5.0,1104.5,62.8,2400,0.0,0.0,15417,-667,58,discharging,None,None
20:36:55.363,staggered,8.2,400.1,157.6,51.0,1104.5,67.8,2400,0.0,0.0,15430,-553,58,discharging,None,None
20:36:55.867,staggered,8.2,624.2,432.4,84.7,1104.5,65.0,2400,0.0,0.0,15381,-634,58,discharging,None,None
20:36:56.371,staggered,8.2,624.2,432.4,3.0,1104.5,63.9,2400,0.0,0.0,15416,-698,58,discharging,None,None
20:36:56.883,staggered,8.5,624.2,432.4,61.1,1104.5,67.2,2400,0.0,0.0,15429,-532,58,discharging,None,None
20:36:57.386,staggered,8.5,706.6,437.3,81.7,1105.1,63.9,2400,0.0,0.0,15381,-649,58,discharging,None,None
20:36:57.890,staggered,8.3,706.6,437.3,2.5,1104.9,62.8,2400,0.0,0.0,15414,-706,58,discharging,None,None
20:36:58.403,staggered,8.3,706.6,437.3,63.7,1105.3,66.1,2400,0.0,0.0,15427,-548,58,discharging,None,None
20:36:58.907,staggered,8.3,523.7,307.6,60.8,1105.9,64.5,2400,0.0,0.0,15380,-672,58,discharging,None,None
20:36:59.416,staggered,8.3,523.7,307.6,3.5,1107.0,63.4,2400,0.0,0.0,15420,-681,58,discharging,None,None
20:36:59.924,staggered,8.3,394.9,307.6,86.0,1108.2,65.5,2400,0.0,0.0,15399,-571,58,discharging,None,None
20:37:00.428,staggered,8.3,394.9,160.6,29.2,1108.2,62.8,2400,0.0,0.0,15381,-655,58,discharging,None,None
20:37:00.936,staggered,8.3,394.9,160.6,67.5,1108.2,67.8,2400,0.0,0.0,15430,-576,58,discharging,None,None
20:37:01.439,staggered,8.3,395.0,170.1,52.0,1107.3,66.1,2400,0.0,0.0,15390,-587,58,discharging,None,None
20:37:01.947,staggered,8.3,395.0,170.1,30.8,1107.3,66.1,2400,0.0,0.0,15415,-642,58,discharging,None,None
20:37:02.450,staggered,8.3,399.4,170.1,53.2,1106.5,63.4,2400,0.0,0.0,15387,-649,58,discharging,None,None
20:37:02.955,staggered,8.4,399.4,155.5,36.1,1106.4,63.4,2400,0.0,0.0,15424,-619,58,discharging,None,None
20:37:03.458,staggered,8.4,394.0,155.5,82.1,1106.4,64.5,2400,0.0,0.0,15407,-588,58,discharging,None,None
20:37:03.962,staggered,8.3,394.0,155.5,10.0,1106.4,62.2,2400,0.0,0.0,15416,-652,58,discharging,None,None
20:37:04.471,staggered,8.3,394.0,168.6,90.6,1106.2,67.2,2400,0.0,0.0,15408,-621,58,discharging,None,None
20:37:04.975,staggered,7.9,405.0,168.6,29.6,1105.8,63.4,2400,0.0,0.0,15378,-680,58,discharging,None,None
20:37:05.487,staggered,7.9,405.0,168.6,29.4,1105.1,65.5,2400,0.0,0.0,15425,-607,58,discharging,None,None
20:37:05.990,staggered,7.9,585.6,371.4,100.0,1105.1,67.8,2400,0.0,0.0,15394,-567,58,discharging,None,None
20:37:06.494,staggered,8.3,585.6,371.4,5.0,1104.9,62.8,2400,0.0,0.0,15395,-691,58,discharging,None,None
20:37:07.007,staggered,8.3,585.6,371.4,44.6,1104.9,65.5,2400,0.0,0.0,15428,-578,58,discharging,None,None
20:37:07.511,staggered,8.2,656.3,404.4,90.0,1105.2,65.0,2400,0.0,0.0,15388,-592,58,discharging,None,None
20:37:08.014,staggered,8.2,656.3,404.4,2.5,1105.3,62.2,2400,0.0,0.0,15410,-692,58,discharging,None,None
20:37:08.523,staggered,8.2,656.3,404.4,55.9,1105.5,66.1,2400,0.0,0.0,15427,-553,58,discharging,None,None
20:37:09.026,staggered,8.3,620.2,411.8,85.8,1105.7,65.0,2400,0.0,0.0,15383,-616,58,discharging,None,None
20:37:09.530,staggered,8.3,620.2,411.8,2.5,1105.7,62.2,2400,0.0,0.0,15415,-638,58,discharging,None,None
20:37:10.040,staggered,8.4,620.2,411.8,74.1,1105.7,66.7,2400,0.0,0.0,15392,-554,58,discharging,None,None
20:37:10.543,staggered,8.4,399.1,159.2,44.1,1105.0,63.9,2400,0.0,0.0,15392,-649,58,discharging,None,None
20:37:11.051,staggered,8.3,399.1,159.2,37.8,1104.5,66.7,2400,0.0,0.0,15428,-573,58,discharging,None,None
20:37:11.556,staggered,8.3,399.3,159.2,57.8,1104.5,65.0,2400,0.0,0.0,15404,-587,58,discharging,None,None
20:37:12.059,staggered,8.3,399.3,157.7,24.9,1103.8,62.8,2400,0.0,0.0,15423,-618,58,discharging,None,None
20:37:12.563,staggered,8.3,398.9,157.7,82.2,1103.8,63.9,2400,0.0,0.0,15386,-645,58,discharging,None,None
20:37:13.066,staggered,8.3,398.9,179.0,38.6,1103.8,64.5,2400,0.0,0.0,15427,-626,58,discharging,None,None
20:37:13.576,staggered,8.3,398.9,179.0,62.3,1103.8,67.2,2400,0.0,0.0,15402,-576,58,discharging,None,None
20:37:14.079,staggered,8.3,400.6,179.0,22.9,1103.8,62.2,2400,0.0,0.0,15418,-616,58,discharging,None,None
20:37:14.587,staggered,8.3,400.6,159.8,58.9,1103.8,65.5,2400,0.0,0.0,15391,-580,58,discharging,None,None
20:37:15.091,staggered,8.3,399.2,159.8,59.4,1103.8,63.4,2400,0.0,0.0,15376,-649,58,discharging,None,None
20:37:15.595,staggered,8.3,399.2,159.8,2.0,1103.8,61.7,2400,0.0,0.0,15427,-584,58,discharging,None,None
20:37:16.221,staggered,8.3,399.2,159.8,99.6,1105.5,66.7,2400,0.0,0.0,15393,-567,58,discharging,None,None
20:37:16.725,staggered,8.3,711.4,632.5,35.8,1105.2,63.4,2400,0.0,0.0,15377,-713,58,discharging,None,None
20:37:17.234,staggered,8.3,711.4,632.5,12.7,1106.6,63.9,2400,0.0,0.0,15426,-580,58,discharging,None,None
20:37:17.747,staggered,6.4,711.4,632.5,100.0,1107.0,67.2,2400,0.0,0.0,15389,-547,58,discharging,None,None
20:37:18.250,staggered,6.4,639.8,399.0,21.9,1107.2,62.8,2400,0.0,0.0,15391,-676,58,discharging,None,None
20:37:18.759,staggered,8.4,639.8,399.0,28.4,1107.2,64.5,2400,0.0,0.0,15427,-563,58,discharging,None,None
20:37:19.263,staggered,8.4,424.1,226.6,97.5,1107.6,66.7,2400,0.0,0.0,15387,-567,58,discharging,None,None
20:37:19.766,staggered,8.3,424.1,226.6,4.5,1107.9,62.2,2400,0.0,0.0,15418,-656,58,discharging,None,None
20:37:20.270,staggered,8.3,398.7,226.6,82.2,1107.5,66.7,2400,0.0,0.0,15416,-581,58,discharging,None,None
20:37:20.773,staggered,8.3,398.7,162.4,36.8,1107.7,63.9,2400,0.0,0.0,15418,-607,58,discharging,None,None
20:37:21.280,staggered,8.3,398.7,162.4,47.0,1107.4,66.7,2400,0.0,0.0,15422,-593,58,discharging,None,None
20:37:21.784,staggered,8.3,403.6,162.4,38.6,1106.7,63.4,2400,0.0,0.0,15381,-632,58,discharging,None,None
20:37:22.294,staggered,8.3,403.6,160.2,44.8,1105.8,63.4,2400,0.0,0.0,15406,-651,58,discharging,None,None
20:37:22.798,staggered,8.3,393.8,160.2,72.3,1104.4,63.9,2400,0.0,0.0,15391,-598,58,discharging,None,None
20:37:23.304,staggered,8.3,393.8,160.2,26.6,1104.4,66.7,2400,0.0,0.0,15418,-588,58,discharging,None,None
20:37:23.817,staggered,8.3,393.8,167.0,83.8,1105.3,68.8,2400,0.0,0.0,15408,-575,58,discharging,None,None
20:37:24.320,staggered,8.3,397.8,167.0,10.9,1105.3,62.8,2400,0.0,0.0,15421,-620,58,discharging,None,None
20:37:24.827,staggered,8.3,397.8,274.7,56.7,1105.3,65.5,2400,0.0,0.0,15395,-543,58,discharging,None,None
20:37:25.331,staggered,8.3,523.7,274.7,72.6,1105.0,64.5,2400,0.0,0.0,15376,-668,58,discharging,None,None
20:37:25.834,staggered,8.3,523.7,274.7,3.0,1104.6,62.8,2400,0.0,0.0,15416,-669,58,discharging,None,None
20:37:26.350,staggered,8.3,523.7,274.7,73.8,1104.8,67.2,2400,0.0,0.0,15395,-545,58,discharging,None,None
20:37:26.854,staggered,8.3,691.7,467.2,67.3,1104.3,64.5,2400,0.0,0.0,15379,-689,58,discharging,None,None
20:37:27.357,staggered,8.3,691.7,467.2,2.5,1104.3,62.2,2400,0.0,0.0,15426,-580,58,discharging,None,None
20:37:27.872,staggered,8.3,691.7,467.2,78.7,1104.3,66.7,2400,0.0,0.0,15386,-556,58,discharging,None,None
20:37:28.376,staggered,8.2,856.5,443.1,69.0,1103.6,64.5,2400,0.0,0.0,15382,-707,58,discharging,None,None
20:37:28.880,staggered,8.2,856.5,443.1,3.0,1103.6,61.7,1900,0.0,0.0,15424,-597,58,discharging,None,None
20:37:29.395,staggered,8.2,856.5,443.1,52.9,1103.6,65.0,2400,0.0,0.0,15424,-482,58,discharging,None,None
20:37:29.898,staggered,7.9,718.1,526.0,98.0,1103.9,66.7,2400,0.0,0.0,15382,-651,58,discharging,None,None
20:37:30.402,staggered,7.9,718.1,526.0,3.0,1103.9,62.2,2400,0.0,0.0,15421,-635,58,discharging,None,None
20:37:30.907,staggered,8.4,718.1,526.0,53.0,1104.3,66.1,2400,0.0,0.0,15414,-521,58,discharging,None,None
20:37:31.411,staggered,8.4,394.4,163.9,64.0,1103.6,63.4,2400,0.0,0.0,15381,-649,58,discharging,None,None
20:37:31.920,staggered,8.3,394.4,163.9,17.4,1103.4,63.9,2400,0.0,0.0,15427,-585,58,discharging,None,None
20:37:32.424,staggered,8.3,395.1,163.9,66.7,1103.4,63.4,2400,0.0,0.0,15378,-588,58,discharging,None,None
20:37:32.927,staggered,8.3,395.1,164.3,36.0,1103.1,62.2,2400,0.0,0.0,15418,-648,58,discharging,None,None
20:37:33.434,staggered,8.3,395.5,164.3,79.1,1103.1,66.7,2400,0.0,0.0,15389,-609,58,discharging,None,None
20:37:33.939,staggered,8.3,395.5,164.3,33.0,1103.1,66.1,2400,0.0,0.0,15418,-603,58,discharging,None,None
20:37:34.444,staggered,8.3,395.5,168.0,50.2,1103.1,67.2,2400,0.0,0.0,15420,-575,58,discharging,None,None
20:37:34.947,staggered,8.3,399.4,168.0,41.3,1103.1,62.8,2400,0.0,0.0,15404,-636,58,discharging,None,None
20:37:35.455,staggered,8.3,399.4,174.9,41.6,1103.1,63.9,2400,0.0,0.0,15409,-614,58,discharging,None,None
20:37:35.959,staggered,8.3,397.7,174.9,78.1,1102.9,63.9,2400,0.0,0.0,15379,-653,58,discharging,None,None
20:37:36.462,staggered,8.3,397.7,174.9,3.4,1103.1,62.8,2400,0.0,0.0,15424,-592,58,discharging,None,None
20:37:36.971,staggered,8.3,397.7,302.9,85.1,1103.1,67.2,2400,0.0,0.0,15391,-546,58,discharging,None,None
20:37:37.474,staggered,8.3,532.1,302.9,44.8,1103.1,63.9,2400,0.0,0.0,15396,-669,58,discharging,None,None
20:37:37.987,staggered,8.4,532.1,302.9,5.9,1103.1,62.2,2400,0.0,0.0,15427,-559,58,discharging,None,None
20:37:38.495,staggered,8.4,532.1,302.9,100.0,1103.1,67.2,2400,0.0,0.0,15389,-572,58,discharging,None,None
20:37:38.999,staggered,8.3,871.4,757.2,70.9,1102.9,64.5,2400,0.0,0.0,15377,-742,58,discharging,None,None
20:37:39.502,staggered,8.3,871.4,757.2,2.0,1103.3,62.2,2400,0.0,0.0,15424,-606,58,discharging,None,None
20:37:40.011,staggered,8.3,871.4,757.2,74.3,1103.4,67.2,2400,0.0,0.0,15396,-525,58,discharging,None,None
20:37:40.515,staggered,8.3,428.4,398.8,57.1,1103.4,64.5,2400,0.0,0.0,15379,-670,58,discharging,None,None
20:37:41.023,staggered,8.3,428.4,398.8,31.0,1103.4,66.1,2400,0.0,0.0,15425,-588,58,discharging,None,None
20:37:41.526,staggered,7.9,401.3,398.8,53.4,1103.4,62.8,2400,0.0,0.0,15378,-592,58,discharging,None,None
20:37:42.030,staggered,7.9,401.3,167.2,36.2,1103.3,63.4,2400,0.0,0.0,15386,-648,58,discharging,None,None
20:37:42.533,staggered,7.9,402.6,167.2,82.6,1103.3,65.0,2400,0.0,0.0,15381,-619,58,discharging,None,None
20:37:43.043,staggered,8.3,402.6,167.2,15.4,1103.3,64.5,2400,0.0,0.0,15417,-590,58,discharging,None,None
20:37:43.547,staggered,8.3,402.6,158.1,75.5,1103.3,67.8,2400,0.0,0.0,15419,-572,58,discharging,None,None
20:37:44.051,staggered,8.3,392.7,158.1,28.0,1102.9,62.8,2400,0.0,0.0,15407,-649,58,discharging,None,None
20:37:44.563,staggered,8.3,392.7,158.1,46.6,1102.9,65.5,2400,0.0,0.0,15428,-551,58,discharging,None,None
20:37:45.067,staggered,8.3,508.1,317.0,84.7,1102.9,65.0,2400,0.0,0.0,15379,-622,58,discharging,None,None
20:37:45.571,staggered,8.3,508.1,317.0,2.0,1102.9,62.8,2400,0.0,0.0,15418,-646,58,discharging,None,None
20:37:46.083,staggered,8.3,508.1,317.0,60.5,1102.9,67.2,2400,0.0,0.0,15421,-507,58,discharging,None,None
20:37:46.586,staggered,8.2,655.9,384.4,72.1,1102.9,63.9,2400,0.0,0.0,15380,-664,58,discharging,None,None
20:37:47.090,staggered,8.2,655.9,384.4,1.5,1102.9,62.2,2400,0.0,0.0,15423,-630,58,discharging,None,None
20:37:47.603,staggered,8.3,655.9,384.4,72.3,1102.9,65.5,2400,0.0,0.0,15410,-510,58,discharging,None,None
20:37:48.106,staggered,8.3,736.6,482.9,75.9,1102.9,63.9,2400,0.0,0.0,15377,-684,58,discharging,None,None
20:37:48.610,staggered,8.3,736.6,482.9,1.5,1102.9,61.7,2400,0.0,0.0,15419,-635,58,discharging,None,None
20:37:49.123,staggered,8.5,736.6,482.9,69.2,1104.5,67.8,2400,0.0,0.0,15414,-508,58,discharging,None,None
20:37:49.627,staggered,8.5,486.3,260.5,55.9,1104.7,62.8,2400,0.0,0.0,15378,-665,58,discharging,None,None
20:37:50.135,staggered,8.3,486.3,260.5,16.6,1104.7,65.5,2400,0.0,0.0,15423,-610,58,discharging,None,None
20:37:50.640,staggered,8.3,395.3,260.5,78.6,1105.5,65.5,2400,0.0,0.0,15382,-580,58,discharging,None,None
20:37:51.144,staggered,8.3,395.3,173.1,26.0,1104.3,61.7,2400,0.0,0.0,15402,-654,58,discharging,None,None
20:37:51.647,staggered,8.3,395.0,173.1,79.0,1104.3,67.2,2400,0.0,0.0,15408,-578,58,discharging,None,None
20:37:52.151,staggered,8.3,395.0,159.2,39.8,1104.5,65.5,2400,0.0,0.0,15415,-590,58,discharging,None,None
20:37:52.659,staggered,8.3,395.0,159.2,47.0,1105.0,66.1,2400,0.0,0.0,15414,-594,58,discharging,None,None
20:37:53.163,staggered,8.3,414.4,159.2,47.1,1104.5,63.4,2400,0.0,0.0,15377,-665,58,discharging,None,None
20:37:53.666,staggered,7.9,414.4,157.9,36.2,1104.5,63.4,2400,0.0,0.0,15416,-644,58,discharging,None,None
20:37:54.170,staggered,7.9,395.3,157.9,82.0,1104.3,65.0,2400,0.0,0.0,15385,-602,58,discharging,None,None
20:37:54.674,staggered,7.9,395.3,157.9,2.0,1104.3,61.7,1600,0.0,0.0,15414,-598,58,discharging,None,None
20:37:55.183,staggered,8.2,395.3,177.2,98.5,1104.0,67.8,2400,0.0,0.0,15398,-554,58,discharging,None,None
20:37:55.686,staggered,8.2,402.6,177.2,22.8,1103.8,62.2,2400,0.0,0.0,15395,-631,58,discharging,None,None
20:37:56.199,staggered,8.4,402.6,177.2,30.0,1104.7,65.0,2400,0.0,0.0,15424,-560,58,discharging,None,None
20:37:56.703,staggered,8.4,402.6,455.5,100.0,1104.7,68.3,2400,0.0,0.0,15384,-584,58,discharging,None,None
20:37:57.207,staggered,8.3,664.0,455.5,13.4,1104.7,63.9,2400,0.0,0.0,15401,-699,58,discharging,None,None
20:37:57.715,staggered,8.3,664.0,455.5,34.7,1104.7,65.5,2400,0.0,0.0,15422,-560,58,discharging,None,None
20:37:58.218,staggered,8.3,664.0,491.3,100.0,1104.7,66.7,2400,0.0,0.0,15379,-613,58,discharging,None,None
20:37:58.722,staggered,8.3,715.4,491.3,13.4,1104.5,63.9,2400,0.0,0.0,15402,-718,58,discharging,None,None
20:37:59.231,staggered,8.3,715.4,491.3,32.7,1104.3,66.7,2400,0.0,0.0,15422,-560,58,discharging,None,None
20:37:59.735,staggered,8.3,480.3,256.1,88.2,1104.3,65.0,2400,0.0,0.0,15375,-612,58,discharging,None,None
20:38:00.238,staggered,8.3,480.3,256.1,2.0,1104.3,62.2,2400,0.0,0.0,15410,-675,58,discharging,None,None
20:38:00.743,staggered,8.3,394.8,256.1,80.0,1104.3,67.2,2400,0.0,0.0,15410,-573,58,discharging,None,None
20:38:01.247,staggered,8.4,394.8,173.4,40.9,1104.3,63.4,2400,0.0,0.0,15403,-659,58,discharging,None,None
20:38:01.755,staggered,8.4,394.8,173.4,43.5,1104.3,66.7,2400,0.0,0.0,15419,-617,58,discharging,None,None
20:38:02.259,staggered,8.3,396.7,173.4,45.8,1103.4,64.5,2400,0.0,0.0,15370,-621,58,discharging,None,None
20:38:02.764,staggered,8.3,396.7,163.9,37.0,1103.4,63.9,2400,0.0,0.0,15381,-669,58,discharging,None,None
20:38:03.269,staggered,8.3,398.0,163.9,76.2,1102.9,64.5,2400,0.0,0.0,15382,-619,58,discharging,None,None
20:38:03.775,staggered,8.3,398.0,169.3,36.1,1102.9,65.5,2400,0.0,0.0,15409,-609,58,discharging,None,None
20:38:04.279,staggered,8.3,398.0,169.3,70.5,1103.1,68.3,2400,0.0,0.0,15417,-595,58,discharging,None,None
20:38:04.783,staggered,8.3,397.3,169.3,24.3,1103.1,62.8,2400,0.0,0.0,15388,-682,58,discharging,None,None
20:38:05.295,staggered,8.3,397.3,181.4,64.7,1103.1,67.2,2400,0.0,0.0,15422,-596,58,discharging,None,None
20:38:05.798,staggered,7.9,412.7,181.4,55.1,1103.1,63.4,2400,0.0,0.0,15369,-647,58,discharging,None,None
20:38:06.302,staggered,7.9,412.7,181.4,0.5,1103.1,61.7,2400,0.0,0.0,15418,-654,58,discharging,None,None
20:38:06.811,staggered,7.9,412.7,430.3,91.0,1103.1,67.2,2400,0.0,0.0,15405,-523,58,discharging,None,None
20:38:07.314,staggered,7.9,647.1,430.3,40.4,1103.1,63.4,2400,0.0,0.0,15368,-691,58,discharging,None,None
20:38:07.823,staggered,7.9,647.1,430.3,4.5,1103.1,62.8,2400,0.0,0.0,15419,-629,58,discharging,None,None
20:38:08.327,staggered,7.9,647.1,430.3,100.0,1103.1,67.8,2400,0.0,0.0,15385,-537,58,discharging,None,None
20:38:08.830,staggered,7.9,682.9,447.8,33.3,1104.5,62.8,2400,0.0,0.0,15368,-705,58,discharging,None,None
20:38:09.339,staggered,7.9,682.9,447.8,11.0,1106.1,63.9,2400,0.0,0.0,15419,-612,58,discharging,None,None
20:38:09.843,staggered,7.9,384.7,188.7,98.0,1106.4,66.1,2400,0.0,0.0,15386,-629,58,discharging,None,None
20:38:10.346,staggered,7.9,384.7,188.7,0.0,1106.4,62.8,1500,0.0,0.0,15424,-620,58,discharging,None,None
20:38:10.854,staggered,7.9,382.5,188.7,76.0,1106.4,66.1,2400,0.0,0.0,15384,-533,58,discharging,None,None
20:38:11.358,staggered,7.9,382.5,146.8,34.2,1104.9,62.8,2400,0.0,0.0,15383,-607,58,discharging,None,None
20:38:11.867,staggered,7.9,382.5,146.8,43.1,1105.6,66.7,2400,0.0,0.0,15409,-563,58,discharging,None,None
20:38:12.373,staggered,7.9,367.6,146.8,33.5,1104.2,62.8,2400,0.0,0.0,15413,-573,58,discharging,None,None
20:38:12.879,staggered,7.9,367.6,148.7,43.8,1104.2,64.5,2400,0.0,0.0,15418,-572,58,discharging,None,None
20:38:13.382,staggered,7.9,367.4,148.7,63.0,1104.5,63.9,2400,0.0,0.0,15376,-632,58,discharging,None,None
20:38:13.886,staggered,7.9,367.4,148.7,32.3,1103.6,65.0,2400,0.0,0.0,15422,-612,58,discharging,None,None
20:38:14.389,staggered,7.9,363.2,148.7,74.8,1103.6,64.5,2400,0.0,0.0,15378,-621,58,discharging,None,None
20:38:14.893,staggered,7.9,363.2,148.7,0.0,1103.3,62.2,2400,0.0,0.0,15419,-588,58,discharging,None,None
20:38:15.406,staggered,7.9,363.2,331.6,66.7,1103.3,65.5,2400,0.0,0.0,15386,-533,58,discharging,None,None
20:38:15.910,staggered,7.9,513.8,331.6,55.7,1103.3,62.8,2400,0.0,0.0,15394,-648,58,discharging,None,None
20:38:16.413,staggered,7.9,513.8,331.6,0.0,1103.6,62.2,2400,0.0,0.0,15422,-549,58,discharging,None,None
20:38:16.927,staggered,7.9,513.8,331.6,89.7,1103.6,67.8,2400,0.0,0.0,15385,-565,58,discharging,None,None
20:38:17.430,staggered,7.9,637.3,413.0,38.7,1103.6,62.2,2400,0.0,0.0,15406,-669,58,discharging,None,None
20:38:17.939,staggered,7.9,637.3,413.0,6.0,1103.4,63.4,2400,0.0,0.0,15424,-529,58,discharging,None,None
20:38:18.444,staggered,7.9,463.5,413.0,100.0,1103.4,67.8,2400,0.0,0.0,15376,-598,58,discharging,None,None
20:38:18.947,staggered,7.9,463.5,265.1,10.0,1103.1,62.2,2400,0.0,0.0,15412,-648,58,discharging,None,None
20:38:19.455,staggered,7.9,463.5,265.1,56.0,1103.1,67.2,2400,0.0,0.0,15404,-550,58,discharging,None,None
20:38:19.958,staggered,7.9,363.1,147.7,50.5,1103.3,63.4,2400,0.0,0.0,15388,-631,58,discharging,None,None
20:38:20.467,staggered,7.9,363.1,147.7,26.4,1103.3,64.5,2400,0.0,0.0,15422,-569,58,discharging,None,None
20:38:20.971,staggered,7.9,364.3,147.7,50.0,1104.0,62.8,1800,0.0,0.0,15393,-565,58,discharging,None,None
20:38:21.474,staggered,7.9,364.3,165.5,35.6,1104.0,62.2,2400,0.0,0.0,15399,-595,58,discharging,None,None
20:38:21.978,staggered,7.9,370.3,165.5,74.5,1104.0,64.5,2400,0.0,0.0,15378,-612,58,discharging,None,None
20:38:22.487,staggered,7.9,370.3,165.5,18.0,1104.0,63.9,2400,0.0,0.0,15422,-572,58,discharging,None,None
20:38:22.991,staggered,7.9,370.3,151.5,77.7,1104.0,66.7,2400,0.0,0.0,15388,-567,58,discharging,None,None
20:38:23.495,staggered,7.9,367.6,151.5,11.8,1103.4,61.7,2400,0.0,0.0,15412,-632,58,discharging,None,None
20:38:24.011,staggered,7.9,367.6,151.5,51.0,1103.6,66.7,2400,0.0,0.0,15417,-541,58,discharging,None,None
20:38:24.514,staggered,7.9,485.2,303.4,66.2,1103.3,63.4,2400,0.0,0.0,15369,-652,58,discharging,None,None
20:38:25.018,staggered,7.9,485.2,303.4,0.0,1104.0,60.6,2400,0.0,0.0,15422,-602,58,discharging,None,None
20:38:25.534,staggered,7.9,485.2,303.4,79.4,1104.0,66.7,2400,0.0,0.0,15389,-521,58,discharging,None,None
20:38:26.038,staggered,7.9,701.7,471.0,61.1,1104.0,63.9,2400,0.0,0.0,15370,-690,58,discharging,None,None
20:38:26.542,staggered,7.9,701.7,471.0,0.0,1104.0,61.1,1500,0.0,0.0,15424,-584,58,discharging,None,None
20:38:27.055,staggered,7.9,701.7,471.0,83.3,1104.0,66.1,2400,0.0,0.0,15399,-489,58,discharging,None,None
20:38:27.558,staggered,7.9,507.6,297.5,35.6,1103.3,62.8,2400,0.0,0.0,15389,-619,58,discharging,None,None
20:38:28.071,staggered,7.9,507.6,297.5,25.0,1103.4,64.5,2400,0.0,0.0,15422,-544,58,discharging,None,None
20:38:28.574,staggered,7.9,362.6,151.9,79.1,1103.4,66.1,2400,0.0,0.0,15373,-571,58,discharging,None,None
20:38:29.078,staggered,7.9,362.6,151.9,2.0,1103.4,61.7,2400,0.0,0.0,15410,-631,58,discharging,None,None
20:38:29.582,staggered,7.9,363.8,151.9,74.8,1103.4,63.9,2400,0.0,0.0,15379,-613,58,discharging,None,None
20:38:30.085,staggered,7.9,363.8,151.8,32.8,1103.3,62.8,2400,0.0,0.0,15407,-627,58,discharging,None,None
20:38:30.592,staggered,7.9,363.8,151.8,65.2,1103.3,66.7,2400,0.0,0.0,15411,-563,58,discharging,None,None
20:38:31.095,staggered,7.9,360.9,151.8,9.0,1103.3,62.8,2400,0.0,0.0,15411,-576,58,discharging,None,None
20:38:31.603,staggered,7.9,360.9,151.4,67.2,1103.3,66.1,2400,0.0,0.0,15394,-574,58,discharging,None,None
20:38:32.106,staggered,7.9,377.8,151.4,42.6,1103.3,62.8,2400,0.0,0.0,15383,-621,58,discharging,None,None
20:38:32.620,staggered,7.9,377.8,151.4,26.9,1103.3,65.0,2400,0.0,0.0,15421,-560,58,discharging,None,None
20:38:33.124,staggered,7.9,401.1,191.7,80.5,1103.3,63.9,2400,0.0,0.0,15376,-604,58,discharging,None,None
20:38:33.627,staggered,7.9,401.1,191.7,0.5,1103.3,61.1,2400,0.0,0.0,15414,-636,58,discharging,None,None
20:38:34.136,staggered,7.9,401.1,191.7,64.5,1103.3,66.1,2400,0.0,0.0,15416,-502,58,discharging,None,None
20:38:34.640,staggered,7.9,713.1,515.0,79.5,1103.1,64.5,2400,0.0,0.0,15372,-660,58,discharging,None,None
20:38:35.143,staggered,7.9,713.1,515.0,0.0,1103.1,62.2,2400,0.0,0.0,15413,-648,58,discharging,None,None
20:38:35.655,staggered,7.9,713.1,515.0,65.2,1103.1,66.1,2400,0.0,0.0,15417,-506,58,discharging,None,None
20:38:36.159,staggered,7.9,541.0,344.4,57.4,1103.1,62.8,2400,0.0,0.0,15373,-658,58,discharging,None,None
20:38:36.663,staggered,7.9,541.0,344.4,0.0,1103.1,62.8,2400,0.0,0.0,15420,-612,58,discharging,None,None
20:38:37.171,staggered,7.9,377.0,344.4,85.1,1103.8,65.0,2400,0.0,0.0,15380,-536,58,discharging,None,None
20:38:37.675,staggered,7.9,377.0,148.9,24.4,1103.8,62.2,2400,0.0,0.0,15391,-621,58,discharging,None,None
20:38:38.180,staggered,7.9,377.0,148.9,67.3,1103.8,66.7,2400,0.0,0.0,15416,-557,58,discharging,None,None
20:38:38.684,staggered,7.9,365.3,151.3,39.8,1103.8,63.9,2400,0.0,0.0,15410,-572,58,discharging,None,None
20:38:39.192,staggered,7.9,365.3,151.3,36.8,1103.3,66.1,2400,0.0,0.0,15412,-586,58,discharging,None,None
20:38:39.695,staggered,7.9,363.4,151.3,38.0,1103.3,62.2,2400,0.0,0.0,15372,-631,58,discharging,None,None
20:38:40.203,staggered,7.9,363.4,151.6,37.2,1103.6,62.2,2400,0.0,0.0,15409,-628,58,discharging,None,None
20:38:40.707,staggered,7.9,362.8,151.6,69.6,1103.6,63.9,2400,0.0,0.0,15377,-609,58,discharging,None,None
20:38:41.216,staggered,7.9,362.8,151.6,6.4,1103.6,62.8,2400,0.0,0.0,15416,-576,58,discharging,None,None
20:38:41.720,staggered,7.9,369.1,151.4,99.0,1103.6,67.2,2400,0.0,0.0,15384,-561,58,discharging,None,None
20:38:42.224,staggered,7.9,369.1,151.4,0.5,1103.8,62.2,1900,0.0,0.0,15405,-638,58,discharging,None,None
20:38:42.731,staggered,7.9,369.1,151.4,44.8,1103.8,64.5,2400,0.0,0.0,15423,-523,58,discharging,None,None
20:38:43.235,staggered,7.9,675.3,469.3,92.1,1103.8,65.5,2400,0.0,0.0,15374,-594,58,discharging,None,None
20:38:43.739,staggered,7.9,675.3,469.3,0.0,1103.8,62.8,2400,0.0,0.0,15406,-681,58,discharging,None,None
20:38:44.251,staggered,7.9,675.3,469.3,52.0,1103.5,66.1,2400,0.0,0.0,15423,-524,58,discharging,None,None
20:38:44.754,staggered,7.9,517.8,307.8,58.3,1103.5,63.4,2400,0.0,0.0,15373,-631,58,discharging,None,None
20:38:45.258,staggered,7.9,517.8,307.8,0.0,1103.8,62.2,2400,0.0,0.0,15418,-628,58,discharging,None,None
20:38:45.767,staggered,7.9,363.2,307.8,83.0,1104.0,66.1,2400,0.0,0.0,15397,-518,58,discharging,None,None
20:38:46.271,staggered,7.9,363.2,153.2,24.5,1104.7,61.7,2400,0.0,0.0,15379,-631,58,discharging,None,None
20:38:46.779,staggered,7.9,363.2,153.2,62.2,1104.7,66.7,2400,0.0,0.0,15419,-568,58,discharging,None,None
20:38:47.282,staggered,7.9,363.4,150.9,45.9,1104.2,63.9,2400,0.0,0.0,15395,-573,58,discharging,None,None
20:38:47.791,staggered,7.9,363.4,150.9,31.8,1104.6,65.0,2400,0.0,0.0,15413,-613,58,discharging,None,None
20:38:48.294,staggered,7.9,375.2,150.9,45.9,1105.2,62.8,2400,0.0,0.0,15376,-622,58,discharging,None,None
20:38:48.798,staggered,7.9,375.2,151.4,34.0,1105.2,62.8,2400,0.0,0.0,15418,-604,58,discharging,None,None
20:38:49.302,staggered,7.9,362.6,151.4,75.4,1105.9,63.9,2400,0.0,0.0,15384,-575,58,discharging,None,None
20:38:49.811,staggered,7.9,362.6,151.4,6.0,1105.9,62.8,2400,0.0,0.0,15409,-590,58,discharging,None,None
20:38:50.316,staggered,7.9,362.6,149.4,92.6,1105.2,67.2,2400,0.0,0.0,15383,-565,58,discharging,None,None
20:38:50.820,staggered,7.9,376.2,149.4,7.5,1105.0,62.2,2400,0.0,0.0,15391,-634,58,discharging,None,None
20:38:51.332,staggered,7.9,376.2,149.4,41.1,1110.3,65.0,2400,0.0,0.0,15420,-554,58,discharging,None,None
20:38:51.836,staggered,12.5,643.0,377.9,94.1,1112.4,66.1,2400,0.0,0.0,15380,-578,58,discharging,None,None
20:38:52.339,staggered,12.5,643.0,377.9,1.5,1112.4,61.7,2400,0.0,0.0,15406,-680,58,discharging,None,None
20:38:52.851,staggered,12.5,643.0,377.9,50.5,1112.0,64.5,1900,0.0,0.0,15420,-534,58,discharging,None,None
20:38:53.354,staggered,8.3,714.6,472.3,94.1,1112.2,65.0,2400,0.0,0.0,15380,-588,58,discharging,None,None
20:38:53.858,staggered,8.3,714.6,472.3,1.5,1109.9,62.8,2400,0.0,0.0,15406,-685,58,discharging,None,None
20:38:54.367,staggered,8.3,714.6,472.3,51.7,1109.9,66.1,2400,0.0,0.0,15419,-532,58,discharging,None,None
20:38:54.871,staggered,8.3,640.7,426.3,90.7,1108.5,64.5,2400,0.0,0.0,15374,-604,58,discharging,None,None
20:38:55.374,staggered,8.4,640.7,426.3,2.0,1108.5,63.9,2400,0.0,0.0,15407,-694,58,discharging,None,None
20:38:55.883,staggered,8.4,640.7,426.3,66.0,1109.2,67.2,2400,0.0,0.0,15419,-535,58,discharging,None,None
20:38:56.386,staggered,8.4,396.8,160.2,51.5,1109.0,62.8,2400,0.0,0.0,15372,-613,58,discharging,None,None
20:38:56.891,staggered,8.3,396.8,160.2,30.0,1109.7,65.5,2400,0.0,0.0,15410,-642,58,discharging,None,None
20:38:57.399,staggered,8.3,401.4,160.2,59.9,1107.6,64.5,2400,0.0,0.0,15376,-602,58,discharging,None,None
20:38:57.903,staggered,8.3,401.4,167.8,31.5,1106.7,61.7,1900,0.0,0.0,15386,-653,58,discharging,None,None
20:38:58.406,staggered,8.3,410.9,167.8,84.2,1108.4,65.0,2400,0.0,0.0,15415,-556,58,discharging,None,None
20:38:58.914,staggered,8.3,410.9,161.8,34.7,1108.6,65.5,2400,0.0,0.0,15397,-585,58,discharging,None,None
20:38:59.418,staggered,8.3,410.9,161.8,53.2,1108.9,66.7,2400,0.0,0.0,15399,-626,58,discharging,None,None
20:38:59.922,staggered,8.3,393.8,161.8,32.0,1108.2,62.8,2400,0.0,0.0,15368,-668,58,discharging,None,None
20:39:00.432,staggered,8.3,393.8,158.9,49.0,1109.4,65.5,2400,0.0,0.0,15414,-607,58,discharging,None,None
20:39:00.935,staggered,8.3,401.1,158.9,68.6,1109.0,62.8,2400,0.0,0.0,15372,-603,58,discharging,None,None
20:39:01.543,staggered,8.4,401.1,158.9,8.7,1109.0,62.2,2400,0.0,0.0,15414,-591,58,discharging,None,None
20:39:02.052,staggered,8.4,401.1,158.9,99.5,1109.0,66.1,2400,0.0,0.0,15380,-557,58,discharging,None,None
20:39:02.556,staggered,8.4,730.7,526.2,51.0,1109.4,64.5,2400,0.0,0.0,15365,-719,58,discharging,None,None
20:39:03.059,staggered,7.9,730.7,526.2,2.0,1108.2,61.7,2400,0.0,0.0,15414,-600,58,discharging,None,None
20:39:03.571,staggered,7.9,730.7,526.2,94.1,1109.0,67.8,2400,0.0,0.0,15382,-534,58,discharging,None,None
20:39:04.074,staggered,8.3,676.7,388.1,43.0,1109.6,64.5,2400,0.0,0.0,15367,-681,58,discharging,None,None
20:39:04.584,staggered,8.3,676.7,388.1,3.5,1109.8,63.4,2400,0.0,0.0,15415,-584,58,discharging,None,None
20:39:05.091,staggered,8.2,676.7,388.1,100.0,1109.8,67.2,2400,0.0,0.0,15376,-552,58,discharging,None,None
20:39:05.595,staggered,8.2,555.6,343.8,26.3,1109.1,62.8,2400,0.0,0.0,15380,-672,58,discharging,None,None
20:39:06.103,staggered,8.2,555.6,343.8,36.3,1107.9,66.7,2400,0.0,0.0,15417,-557,58,discharging,None,None
20:39:06.606,staggered,8.4,395.5,159.2,81.8,1107.9,65.0,2400,0.0,0.0,15368,-589,58,discharging,None,None
20:39:07.110,staggered,8.4,395.5,159.2,2.0,1107.7,62.8,2400,0.0,0.0,15406,-650,58,discharging,None,None
20:39:07.613,staggered,8.4,398.7,159.2,81.1,1107.7,65.0,2400,0.0,0.0,15381,-600,58,discharging,None,None
20:39:08.117,staggered,8.4,398.7,166.5,36.7,1107.5,63.4,2400,0.0,0.0,15399,-637,58,discharging,None,None
20:39:08.626,staggered,8.4,398.7,166.5,61.4,1107.5,67.2,2400,0.0,0.0,15414,-575,58,discharging,None,None
20:39:09.131,staggered,8.3,395.7,166.5,22.9,1107.9,63.4,2400,0.0,0.0,15385,-604,58,discharging,None,None
20:39:09.644,staggered,8.3,395.7,158.9,59.8,1108.6,65.5,2400,0.0,0.0,15378,-625,58,discharging,None,None
20:39:10.147,staggered,8.3,394.3,158.9,57.0,1107.2,63.9,2400,0.0,0.0,15371,-645,58,discharging,None,None
20:39:10.654,staggered,8.3,394.3,157.6,32.3,1107.4,65.5,2400,0.0,0.0,15413,-589,58,discharging,None,None
20:39:11.158,staggered,8.3,391.6,157.6,83.8,1107.4,65.5,2400,0.0,0.0,15390,-578,58,discharging,None,None
20:39:11.662,staggered,8.3,391.6,157.6,1.5,1107.7,62.8,2400,0.0,0.0,15404,-650,58,discharging,None,None
20:39:12.174,staggered,8.3,391.6,157.6,63.5,1107.4,66.1,2400,0.0,0.0,15417,-536,58,discharging,None,None
20:39:12.678,staggered,8.3,591.1,366.6,67.8,1106.7,64.5,2400,0.0,0.0,15368,-643,58,discharging,None,None
20:39:13.181,staggered,8.3,591.1,366.6,2.0,1105.5,62.8,1900,0.0,0.0,15405,-660,58,discharging,None,None
20:39:14.124,staggered,8.3,591.1,366.6,88.0,1106.0,67.2,2400,0.0,0.0,15369,-642,58,discharging,None,None
20:39:14.628,staggered,8.3,864.3,712.7,12.4,1106.2,62.8,2400,0.0,0.0,15402,-708,58,discharging,None,None
20:39:15.136,staggered,8.3,864.3,712.7,35.3,1105.6,66.1,2400,0.0,0.0,15414,-536,58,discharging,None,None
20:39:15.639,staggered,5.8,463.0,229.7,87.6,1106.5,65.5,2400,0.0,0.0,15366,-631,58,discharging,None,None
20:39:16.143,staggered,5.8,463.0,229.7,3.5,1106.5,62.2,2400,0.0,0.0,15403,-679,58,discharging,None,None
20:39:16.647,staggered,8.3,399.5,229.7,81.6,1106.3,66.1,2400,0.0,0.0,15388,-586,58,discharging,None,None
20:39:17.150,staggered,8.3,399.5,164.6,36.6,1105.8,63.4,2400,0.0,0.0,15383,-669,58,discharging,None,None
20:39:17.659,staggered,8.3,399.5,164.6,46.3,1105.8,66.7,2400,0.0,0.0,15412,-597,58,discharging,None,None
20:39:18.164,staggered,8.3,402.9,164.6,44.3,1104.2,64.5,2400,0.0,0.0,15364,-610,58,discharging,None,None
20:39:18.671,staggered,8.3,402.9,160.5,37.3,1104.2,64.5,2400,0.0,0.0,15385,-662,58,discharging,None,None
20:39:19.174,staggered,8.3,403.9,160.5,74.8,1105.1,64.5,2400,0.0,0.0,15369,-643,58,discharging,None,None
20:39:19.678,staggered,8.3,403.9,170.2,37.8,1105.1,65.5,2400,0.0,0.0,15406,-608,58,discharging,None,None
20:39:20.187,staggered,8.3,403.9,170.2,69.5,1105.5,68.3,2400,0.0,0.0,15397,-592,58,discharging,None,None
20:39:20.690,staggered,8.3,407.3,170.2,16.3,1105.5,62.8,2400,0.0,0.0,15393,-676,58,discharging,None,None
20:39:21.199,staggered,8.4,407.3,163.1,65.7,1105.2,66.1,2400,0.0,0.0,15412,-607,58,discharging,None,None
20:39:21.702,staggered,8.4,406.2,163.1,54.9,1105.2,63.9,2400,0.0,0.0,15362,-672,58,discharging,None,None
20:39:22.206,staggered,8.4,406.2,163.1,2.0,1104.7,62.2,2400,0.0,0.0,15410,-632,58,discharging,None,None
20:39:22.712,staggered,8.3,406.2,491.1,96.6,1104.7,67.8,2400,0.0,0.0,15380,-545,58,discharging,None,None
20:39:23.215,staggered,8.3,681.4,491.1,48.8,1105.2,63.9,2400,0.0,0.0,15359,-719,58,discharging,None,None
20:39:23.719,staggered,8.4,681.4,491.1,3.0,1105.2,61.1,1600,0.0,0.0,15410,-628,58,discharging,None,None
20:39:24.231,staggered,8.4,681.4,491.1,96.6,1105.2,67.2,2400,0.0,0.0,15386,-520,58,discharging,None,None
20:39:24.734,staggered,8.4,753.8,491.7,55.9,1105.2,63.9,2400,0.0,0.0,15364,-695,58,discharging,None,None
20:39:25.238,staggered,8.3,753.8,491.7,2.5,1104.3,62.2,2400,0.0,0.0,15413,-622,58,discharging,None,None
20:39:25.756,staggered,8.3,753.8,491.7,89.7,1104.3,67.2,2400,0.0,0.0,15390,-518,58,discharging,None,None
20:39:26.260,staggered,8.3,535.5,318.1,48.3,1104.3,62.8,2400,0.0,0.0,15364,-680,58,discharging,None,None
20:39:26.766,staggered,8.3,535.5,318.1,28.9,1104.3,66.1,2400,0.0,0.0,15407,-621,58,discharging,None,None
20:39:27.274,staggered,7.9,410.8,318.1,84.6,1104.3,67.2,2400,0.0,0.0,15370,-611,58,discharging,None,None
20:39:27.778,staggered,7.9,410.8,169.6,10.8,1104.0,63.4,2400,0.0,0.0,15394,-674,58,discharging,None,None
20:39:28.282,staggered,7.9,403.4,169.6,83.2,1104.3,66.1,2400,0.0,0.0,15398,-592,58,discharging,None,None
20:39:28.785,staggered,8.4,403.4,158.0,36.0,1104.8,63.4,2400,0.0,0.0,15401,-617,58,discharging,None,None
20:39:29.291,staggered,8.4,403.4,158.0,50.5,1105.5,67.2,2400,0.0,0.0,15403,-608,58,discharging,None,None
20:39:29.795,staggered,8.3,405.7,158.0,36.0,1105.7,62.8,2400,0.0,0.0,15363,-664,58,discharging,None,None
20:39:30.304,staggered,8.3,405.7,171.4,45.7,1105.5,65.0,2400,0.0,0.0,15396,-671,58,discharging,None,None
20:39:30.807,staggered,8.3,405.1,171.4,73.7,1105.2,64.5,2400,0.0,0.0,15376,-621,58,discharging,None,None
20:39:31.315,staggered,8.3,405.1,171.4,18.4,1104.8,65.0,2400,0.0,0.0,15400,-614,58,discharging,None,None
20:39:31.819,staggered,8.3,405.1,163.9,89.6,1104.8,68.3,2400,0.0,0.0,15380,-594,58,discharging,None,None
20:39:32.322,staggered,8.3,411.3,163.9,14.9,1104.5,60.6,2400,0.0,0.0,15375,-672,58,discharging,None,None
20:39:32.835,staggered,8.3,411.3,163.9,47.3,1104.5,66.1,2400,0.0,0.0,15409,-586,58,discharging,None,None
20:39:33.338,staggered,8.3,571.1,351.8,84.7,1104.5,65.0,2400,0.0,0.0,15369,-697,58,discharging,None,None
20:39:33.842,staggered,8.3,571.1,351.8,2.5,1105.0,62.2,1900,0.0,0.0,15409,-627,58,discharging,None,None
20:39:34.355,staggered,8.3,571.1,351.8,62.3,1105.0,65.5,2400,0.0,0.0,15390,-515,57,discharging,None,None
20:39:34.858,staggered,8.3,708.4,460.2,81.8,1105.0,63.9,2400,0.0,0.0,15360,-684,57,discharging,None,None
20:39:35.362,staggered,8.3,708.4,460.2,2.0,1105.0,62.2,2400,0.0,0.0,15409,-624,57,discharging,None,None
20:39:35.875,staggered,8.3,708.4,460.2,64.2,1105.0,66.7,2400,0.0,0.0,15376,-551,57,discharging,None,None
20:39:36.378,staggered,8.3,635.5,422.7,75.4,1104.9,63.9,2400,0.0,0.0,15362,-705,57,discharging,None,None
20:39:36.882,staggered,8.4,635.5,422.7,3.0,1104.7,61.7,2400,0.0,0.0,15408,-609,57,discharging,None,None
20:39:37.388,staggered,8.4,402.8,422.7,78.7,1104.7,67.2,2400,0.0,0.0,15370,-580,57,discharging,None,None
20:39:37.891,staggered,8.4,402.8,171.2,41.1,1104.5,62.8,2400,0.0,0.0,15389,-673,57,discharging,None,None
20:39:38.403,staggered,8.3,402.8,171.2,39.3,1104.5,66.7,2400,0.0,0.0,15403,-583,57,discharging,None,None
20:39:38.907,staggered,8.3,407.6,171.2,73.4,1104.5,66.7,2400,0.0,0.0,15375,-629,57,discharging,None,None
20:39:39.411,staggered,7.9,407.6,167.3,18.3,1105.0,62.2,2400,0.0,0.0,15399,-649,57,discharging,None,None
20:39:39.914,staggered,7.9,399.5,167.3,82.0,1105.0,65.0,2400,0.0,0.0,15366,-654,57,discharging,None,None
20:39:40.418,staggered,7.9,399.5,166.6,37.3,1105.0,63.9,2400,0.0,0.0,15393,-665,57,discharging,None,None
20:39:40.925,staggered,8.3,399.5,166.6,53.0,1105.0,66.1,2400,0.0,0.0,15392,-590,57,discharging,None,None
20:39:41.428,staggered,8.3,415.2,166.6,33.2,1104.5,63.4,2400,0.0,0.0,15398,-614,57,discharging,None,None
20:39:41.936,staggered,8.3,415.2,158.7,49.3,1106.1,64.5,2400,0.0,0.0,15375,-607,57,discharging,None,None
20:39:42.439,staggered,8.3,399.3,158.7,69.7,1106.1,63.9,2400,0.0,0.0,15360,-669,57,discharging,None,None
20:39:42.947,staggered,8.2,399.3,158.7,10.4,1106.4,63.9,2400,0.0,0.0,15407,-607,57,discharging,None,None
20:39:43.452,staggered,8.2,399.3,176.7,100.0,1106.4,67.2,2400,0.0,0.0,15367,-620,57,discharging,None,None
20:39:43.955,staggered,8.2,404.4,176.7,10.0,1106.4,62.2,2400,0.0,0.0,15398,-671,57,discharging,None,None
20:39:44.478,staggered,8.4,404.4,176.7,38.9,1106.4,65.0,2400,0.0,0.0,15413,-511,57,discharging,None,None
20:39:44.982,staggered,8.4,404.4,176.7,100.0,1106.1,65.0,2400,0.0,0.0,15370,-618,57,discharging,None,None
20:39:45.486,staggered,8.3,857.8,747.8,34.7,1113.4,62.8,2400,0.0,0.0,15396,-700,57,discharging,None,None
20:39:45.996,staggered,8.3,857.8,747.8,12.5,1114.8,62.8,2400,0.0,0.0,15414,-533,57,discharging,None,None
20:39:46.500,staggered,8.3,857.8,747.8,100.0,1114.8,66.7,2400,0.0,0.0,15371,-595,57,discharging,None,None
20:39:47.004,staggered,8.2,571.3,369.1,24.3,1114.3,62.2,2400,0.0,0.0,15401,-678,57,discharging,None,None
20:39:47.511,staggered,8.2,571.3,369.1,41.8,1114.5,65.5,2400,0.0,0.0,15414,-541,57,discharging,None,None
20:39:48.014,staggered,8.4,395.2,159.1,76.4,1114.7,64.5,2400,0.0,0.0,15380,-618,57,discharging,None,None
20:39:48.523,staggered,8.4,395.2,159.1,5.0,1115.1,62.8,2400,0.0,0.0,15407,-626,57,discharging,None,None
20:39:49.026,staggered,8.3,395.1,159.1,78.3,1112.6,63.9,2400,0.0,0.0,15369,-613,57,discharging,None,None
20:39:49.530,staggered,8.3,395.1,169.7,38.1,1113.6,62.8,2400,0.0,0.0,15372,-652,57,discharging,None,None
20:39:50.040,staggered,8.3,395.1,169.7,68.0,1113.7,67.8,2400,0.0,0.0,15389,-578,57,discharging,None,None
20:39:50.545,staggered,8.3,399.1,169.7,27.7,1113.3,63.4,2400,0.0,0.0,15393,-601,57,discharging,None,None
20:39:51.052,staggered,8.3,399.1,177.3,64.2,1112.8,65.5,2400,0.0,0.0,15395,-594,57,discharging,None,None
20:39:51.555,staggered,7.9,411.1,177.3,55.0,1112.6,62.2,2400,0.0,0.0,15361,-657,57,discharging,None,None
20:39:52.063,staggered,7.9,411.1,177.3,32.5,1110.0,66.7,2400,0.0,0.0,15410,-593,57,discharging,None,None
20:39:52.566,staggered,7.9,404.2,162.7,86.6,1110.9,65.5,2400,0.0,0.0,15364,-607,57,discharging,None,None
20:39:53.070,staggered,8.3,404.2,162.7,2.5,1110.6,61.7,2400,0.0,0.0,15401,-650,57,discharging,None,None
20:39:53.586,staggered,8.3,404.2,162.7,61.8,1110.2,65.5,2400,0.0,0.0,15403,-530,57,discharging,None,None
20:39:54.090,staggered,8.3,590.7,380.6,68.8,1110.9,63.4,2400,0.0,0.0,15360,-671,57,discharging,None,None
20:39:54.593,staggered,8.3,590.7,380.6,2.5,1110.9,61.7,2400,0.0,0.0,15409,-624,57,discharging,None,None
20:39:55.106,staggered,8.3,590.7,380.6,77.8,1111.1,66.1,2400,0.0,0.0,15389,-511,57,discharging,None,None
20:39:55.610,staggered,8.3,639.7,412.2,54.1,1112.1,62.2,2400,0.0,0.0,15361,-671,57,discharging,None,None
20:39:56.113,staggered,8.3,639.7,412.2,2.5,1113.9,61.7,2400,0.0,0.0,15410,-598,57,discharging,None,None
20:39:56.626,staggered,8.3,639.7,412.2,92.6,1113.9,66.7,2400,0.0,0.0,15375,-540,57,discharging,None,None
20:39:57.130,staggered,8.3,524.4,297.5,33.0,1111.6,63.9,2400,0.0,0.0,15374,-663,57,discharging,None,None
20:39:57.639,staggered,8.4,524.4,297.5,32.8,1112.1,65.5,2400,0.0,0.0,15410,-558,57,discharging,None,None
20:39:58.143,staggered,8.4,399.2,157.3,84.7,1109.9,67.2,2400,0.0,0.0,15363,-589,57,discharging,None,None
20:39:58.646,staggered,8.3,399.2,157.3,3.0,1110.3,61.7,2400,0.0,0.0,15400,-651,57,discharging,None,None
20:39:59.150,staggered,8.3,399.3,157.3,82.7,1109.4,65.5,2400,0.0,0.0,15374,-599,57,discharging,None,None
20:39:59.653,staggered,8.3,399.3,184.2,42.0,1109.4,63.4,2400,0.0,0.0,15395,-629,57,discharging,None,None
20:40:00.160,staggered,8.3,399.3,184.2,57.4,1107.4,66.7,2400,0.0,0.0,15409,-569,57,discharging,None,None
20:40:00.663,staggered,8.3,399.4,184.2,26.6,1107.4,61.7,2400,0.0,0.0,15382,-604,57,discharging,None,None
20:40:01.171,staggered,8.3,399.4,159.3,54.2,1105.3,64.5,2400,0.0,0.0,15373,-624,57,discharging,None,None
20:40:01.674,staggered,8.3,395.3,159.3,63.3,1105.5,63.4,2400,0.0,0.0,15366,-645,57,discharging,None,None
20:40:02.183,staggered,8.3,395.3,159.3,23.1,1104.6,65.0,2400,0.0,0.0,15407,-589,57,discharging,None,None
20:40:02.687,staggered,8.3,395.3,348.2,77.9,1104.6,66.7,2400,0.0,0.0,15396,-536,57,discharging,None,None
20:40:03.191,staggered,8.3,399.8,348.2,29.7,1105.1,62.2,2400,0.0,0.0,15370,-674,57,discharging,None,None
20:40:03.703,staggered,7.9,399.8,348.2,18.9,1105.8,65.5,2400,0.0,0.0,15407,-589,57,discharging,None,None
20:40:04.214,staggered,7.9,399.8,390.9,100.0,1105.8,67.8,2400,0.0,0.0,15372,-580,57,discharging,None,None
20:40:04.717,staggered,8.3,669.3,390.9,19.6,1104.7,62.8,2400,0.0,0.0,15383,-698,57,discharging,None,None
20:40:05.225,staggered,8.3,669.3,390.9,29.5,1105.2,65.0,2400,0.0,0.0,15408,-573,57,discharging,None,None
20:40:05.729,staggered,8.3,669.3,445.3,100.0,1105.2,67.8,2400,0.0,0.0,15367,-597,57,discharging,None,None
20:40:06.233,staggered,8.3,700.5,445.3,14.5,1104.5,62.8,2400,0.0,0.0,15382,-710,57,discharging,None,None
20:40:06.740,staggered,8.3,700.5,445.3,32.2,1104.5,64.5,2400,0.0,0.0,15408,-567,57,discharging,None,None
20:40:07.251,staggered,8.3,647.4,445.3,100.0,1104.5,66.7,2400,0.0,0.0,15367,-603,57,discharging,None,None
20:40:07.754,staggered,8.3,647.4,427.9,12.4,1104.2,62.8,2400,0.0,0.0,15386,-711,57,discharging,None,None
20:40:08.263,staggered,8.3,647.4,427.9,46.0,1103.4,66.7,2400,0.0,0.0,15410,-556,57,discharging,None,None
20:40:08.766,staggered,8.3,407.3,172.6,74.1,1103.4,63.9,2400,0.0,0.0,15365,-601,57,discharging,None,None
20:40:09.271,staggered,8.3,407.3,172.6,7.0,1104.8,63.4,2400,0.0,0.0,15397,-655,57,discharging,None,None
20:40:09.775,staggered,8.3,447.0,172.6,83.5,1104.8,63.9,2400,0.0,0.0,15378,-586,57,discharging,None,None
20:40:10.278,staggered,8.3,447.0,173.1,37.8,1104.8,62.8,2400,0.0,0.0,15389,-641,57,discharging,None,None
20:40:10.787,staggered,8.3,447.0,173.1,59.5,1104.8,66.1,2400,0.0,0.0,15408,-566,57,discharging,None,None
20:40:11.295,staggered,8.3,399.3,173.1,36.0,1104.3,64.5,2400,0.0,0.0,15362,-596,57,discharging,None,None
20:40:11.799,staggered,8.3,399.3,163.1,46.3,1104.3,65.5,2400,0.0,0.0,15372,-641,57,discharging,None,None
20:40:12.303,staggered,8.4,399.2,163.1,60.7,1103.3,62.8,2400,0.0,0.0,15366,-627,57,discharging,None,None
20:40:12.806,staggered,8.4,399.2,168.3,37.8,1103.3,64.5,2400,0.0,0.0,15403,-589,57,discharging,None,None
20:40:13.310,staggered,8.3,403.2,168.3,82.5,1103.3,66.1,2400,0.0,0.0,15397,-572,57,discharging,None,None
20:40:13.814,staggered,8.3,403.2,168.3,2.0,1103.5,62.2,2400,0.0,0.0,15398,-653,57,discharging,None,None
20:40:14.725,staggered,8.3,403.2,238.6,83.5,1103.5,67.8,2400,0.0,0.0,15363,-640,57,discharging,None,None
20:40:15.229,staggered,8.3,639.9,238.6,3.5,1103.3,61.7,2400,0.0,0.0,15398,-676,57,discharging,None,None
20:40:15.736,staggered,8.3,639.9,215.2,66.3,1103.3,66.1,2400,0.0,0.0,15402,-551,57,discharging,None,None
20:40:16.239,staggered,6.7,463.6,215.2,56.2,1103.5,63.9,2400,0.0,0.0,15358,-662,57,discharging,None,None
20:40:16.743,staggered,6.7,463.6,215.2,1.5,1103.5,62.8,2400,0.0,0.0,15405,-621,57,discharging,None,None
20:40:17.255,staggered,8.2,463.6,215.2,89.6,1124.2,67.2,2400,0.0,0.0,15373,-541,57,discharging,None,None
20:40:17.758,staggered,8.2,705.1,473.2,53.7,1124.2,62.8,2400,0.0,0.0,15352,-710,57,discharging,None,None
20:40:18.262,staggered,8.5,705.1,473.2,2.0,1124.0,61.1,2400,0.0,0.0,15403,-624,57,discharging,None,None
20:40:18.775,staggered,8.5,705.1,473.2,91.0,1124.0,66.7,2400,0.0,0.0,15374,-535,57,discharging,None,None
20:40:19.279,staggered,8.5,736.7,480.4,56.7,1120.4,63.4,2400,0.0,0.0,15357,-702,57,discharging,None,None
20:40:19.782,staggered,8.3,736.7,480.4,2.0,1118.0,61.7,1600,0.0,0.0,15406,-611,57,discharging,None,None
20:40:20.295,staggered,8.3,736.7,480.4,87.8,1118.2,66.7,2400,0.0,0.0,15395,-493,57,discharging,None,None
20:40:20.798,staggered,8.3,579.2,333.0,48.3,1118.2,62.8,2400,0.0,0.0,15360,-658,57,discharging,None,None
20:40:21.304,staggered,8.3,579.2,333.0,17.6,1116.8,64.5,2400,0.0,0.0,15406,-602,57,discharging,None,None
20:40:21.815,staggered,8.3,395.4,333.0,83.4,1116.8,66.1,2400,0.0,0.0,15367,-574,57,discharging,None,None
20:40:22.318,staggered,8.3,395.4,160.9,17.8,1115.0,61.7,2400,0.0,0.0,15387,-650,57,discharging,None,None
20:40:22.822,staggered,8.3,398.8,160.9,80.0,1114.7,66.7,2400,0.0,0.0,15394,-573,57,discharging,None,None
20:40:23.325,staggered,8.4,398.8,157.7,38.0,1113.3,63.9,2400,0.0,0.0,15397,-593,57,discharging,None,None
20:40:23.832,staggered,8.4,398.8,157.7,43.6,1113.3,66.7,2400,0.0,0.0,15400,-589,57,discharging,None,None
20:40:24.335,staggered,8.3,400.2,157.7,41.2,1112.4,62.8,2400,0.0,0.0,15359,-646,57,discharging,None,None
20:40:24.843,staggered,8.3,400.2,169.2,41.3,1112.0,62.8,2400,0.0,0.0,15391,-648,57,discharging,None,None
20:40:25.346,staggered,8.3,398.8,169.2,77.7,1112.5,64.5,2400,0.0,0.0,15368,-604,57,discharging,None,None
20:40:25.855,staggered,8.3,398.8,169.2,9.5,1111.5,63.9,2400,0.0,0.0,15394,-602,57,discharging,None,None
20:40:26.359,staggered,8.3,398.8,163.2,93.1,1111.9,68.3,2400,0.0,0.0,15373,-593,57,discharging,None,None
20:40:26.863,staggered,8.3,390.9,163.2,23.8,1110.2,62.8,2400,0.0,0.0,15378,-669,57,discharging,None,None
20:40:27.375,staggered,8.3,390.9,163.2,41.7,1110.2,65.0,2400,0.0,0.0,15405,-587,57,discharging,None,None
20:40:27.878,staggered,7.9,631.7,435.7,97.0,1109.8,66.1,2400,0.0,0.0,15364,-623,57,discharging,None,None
20:40:28.382,staggered,7.9,631.7,435.7,2.0,1109.8,61.7,2400,0.0,0.0,15393,-706,57,discharging,None,None
20:40:28.895,staggered,7.9,631.7,435.7,49.0,1109.8,66.1,2400,0.0,0.0,15407,-547,57,discharging,None,None
20:40:29.399,staggered,8.3,631.7,534.9,100.0,1109.8,67.2,2400,0.0,0.0,15360,-626,57,discharging,None,None
20:40:29.903,staggered,8.3,775.6,534.9,10.8,1109.7,62.8,2400,0.0,0.0,15379,-739,57,discharging,None,None
20:40:30.412,staggered,8.3,775.6,534.9,38.7,1108.8,66.1,2400,0.0,0.0,15403,-567,57,discharging,None,None
20:40:30.916,staggered,8.3,587.1,363.4,99.5,1109.0,66.7,2400,0.0,0.0,15362,-608,57,discharging,None,None
20:40:31.419,staggered,8.3,587.1,363.4,4.5,1108.1,62.2,2400,0.0,0.0,15384,-707,57,discharging,None,None
20:40:31.927,staggered,8.4,587.1,363.4,62.5,1108.1,67.2,2400,0.0,0.0,15405,-566,57,discharging,None,None
20:40:32.431,staggered,8.4,395.1,157.8,55.2,1107.6,63.4,2400,0.0,0.0,15359,-618,57,discharging,None,None
20:40:32.939,staggered,8.3,395.1,157.8,28.1,1106.2,65.5,2400,0.0,0.0,15392,-656,57,discharging,None,None
20:40:33.442,staggered,8.3,397.5,157.8,56.9,1106.2,62.8,2400,0.0,0.0,15363,-634,57,discharging,None,None
20:40:33.946,staggered,8.3,397.5,160.3,36.0,1105.3,61.7,2400,0.0,0.0,15376,-668,57,discharging,None,None
20:40:34.449,staggered,8.3,390.5,160.3,81.3,1105.3,65.0,2400,0.0,0.0,15393,-590,57,discharging,None,None
20:40:34.956,staggered,8.3,390.5,160.3,26.7,1105.3,65.5,2400,0.0,0.0,15393,-606,57,discharging,None,None
20:40:35.461,staggered,8.3,390.5,171.2,62.5,1104.4,66.1,2400,0.0,0.0,15378,-615,57,discharging,None,None
20:40:35.964,staggered,8.3,409.3,171.2,33.3,1105.1,62.8,2400,0.0,0.0,15354,-673,57,discharging,None,None
20:40:36.472,staggered,8.3,409.3,162.6,48.0,1105.3,65.0,2400,0.0,0.0,15402,-611,57,discharging,None,None
20:40:36.975,staggered,8.3,394.8,162.6,69.5,1105.3,64.5,2400,0.0,0.0,15363,-614,57,discharging,None,None
20:40:37.480,staggered,8.3,394.8,162.6,2.5,1105.3,61.1,2400,0.0,0.0,15392,-668,57,discharging,None,None
20:40:37.990,staggered,8.3,394.8,162.6,83.9,1105.3,66.1,2400,0.0,0.0,15406,-542,57,discharging,None,None
20:40:38.494,staggered,8.3,635.8,443.9,54.7,1105.1,63.4,2400,0.0,0.0,15357,-666,57,discharging,None,None
20:40:38.997,staggered,8.3,635.8,443.9,10.9,1103.7,62.2,2400,0.0,0.0,15399,-649,57,discharging,None,None
20:40:39.510,staggered,8.3,635.8,443.9,91.1,1103.7,66.1,2400,0.0,0.0,15398,-521,57,discharging,None,None
20:40:40.014,staggered,7.9,759.2,534.9,62.7,1104.4,63.4,2400,0.0,0.0,15358,-682,57,discharging,None,None
20:40:40.517,staggered,7.9,759.2,534.9,2.5,1106.2,61.7,2400,0.0,0.0,15395,-667,57,discharging,None,None
20:40:41.030,staggered,7.9,759.2,534.9,83.7,1106.2,66.1,2400,0.0,0.0,15407,-509,57,discharging,None,None
20:40:41.537,staggered,8.2,506.8,280.1,43.7,1106.7,63.4,2400,0.0,0.0,15360,-652,57,discharging,None,None
20:40:42.044,staggered,8.2,506.8,280.1,27.4,1106.3,65.0,2400,0.0,0.0,15401,-636,57,discharging,None,None
20:40:42.548,staggered,8.4,395.5,280.1,80.7,1106.3,67.8,2400,0.0,0.0,15367,-557,57,discharging,None,None
20:40:43.052,staggered,8.4,395.5,162.6,12.4,1106.0,62.2,2400,0.0,0.0,15360,-650,57,discharging,None,None
20:40:43.555,staggered,8.3,398.4,162.6,82.5,1106.0,64.5,2400,0.0,0.0,15405,-575,57,discharging,None,None
20:40:44.059,staggered,8.3,398.4,167.5,37.3,1105.1,63.9,2400,0.0,0.0,15386,-589,57,discharging,None,None
20:40:44.567,staggered,8.3,398.4,167.5,51.7,1105.1,66.1,2400,0.0,0.0,15401,-618,57,discharging,None,None
20:40:45.070,staggered,8.3,395.4,167.5,32.4,1104.9,62.2,1900,0.0,0.0,15362,-649,57,discharging,None,None
20:40:45.582,staggered,8.3,395.4,173.7,54.0,1104.9,64.5,2400,0.0,0.0,15408,-571,57,discharging,None,None
20:40:46.085,staggered,8.3,399.5,173.7,67.5,1104.7,63.4,2400,0.0,0.0,15354,-630,57,discharging,None,None
20:40:46.592,staggered,8.3,399.5,173.7,14.4,1104.7,63.9,2400,0.0,0.0,15404,-590,57,discharging,None,None
20:40:47.097,staggered,8.3,399.5,171.2,100.0,1105.2,67.2,2400,0.0,0.0,15362,-602,57,discharging,None,None
20:40:47.601,staggered,8.3,405.3,171.2,7.5,1104.6,61.7,2400,0.0,0.0,15393,-654,57,discharging,None,None
20:40:48.114,staggered,8.3,405.3,171.2,42.1,1104.5,65.0,2400,0.0,0.0,15405,-518,57,discharging,None,None
20:40:48.618,staggered,8.2,658.7,435.7,95.6,1105.0,65.0,2400,0.0,0.0,15358,-648,57,discharging,None,None
20:40:49.121,staggered,8.2,658.7,435.7,2.0,1104.7,62.2,2400,0.0,0.0,15395,-658,57,discharging,None,None
20:40:49.632,staggered,8.3,658.7,435.7,51.2,1104.7,65.5,2400,0.0,0.0,15405,-515,57,discharging,None,None
20:40:50.135,staggered,8.3,733.4,490.9,97.5,1106.4,66.7,2400,0.0,0.0,15358,-661,57,discharging,None,None
20:40:50.639,staggered,8.3,733.4,490.9,3.0,1106.8,62.2,2400,0.0,0.0,15394,-661,57,discharging,None,None
20:40:51.144,staggered,8.5,733.4,490.9,50.5,1106.4,66.1,2400,0.0,0.0,15400,-510,57,discharging,None,None
20:40:51.652,staggered,8.5,651.9,413.7,100.0,1106.4,67.2,2400,0.0,0.0,15356,-656,57,discharging,None,None
20:40:52.156,staggered,7.9,651.9,413.7,5.9,1106.6,62.8,2400,0.0,0.0,15394,-676,57,discharging,None,None
20:40:52.664,staggered,7.9,651.9,413.7,55.9,1106.6,66.7,2400,0.0,0.0,15402,-533,57,discharging,None,None
20:40:53.167,staggered,7.9,394.9,172.9,63.2,1105.2,63.9,2400,0.0,0.0,15373,-648,57,discharging,None,None
20:40:53.675,staggered,8.3,394.9,172.9,19.5,1105.6,65.0,2400,0.0,0.0,15403,-609,57,discharging,None,None
20:40:54.179,staggered,8.3,397.0,172.9,65.0,1105.2,63.4,2400,0.0,0.0,15357,-593,57,discharging,None,None
20:40:54.682,staggered,8.3,397.0,167.4,36.8,1105.9,63.4,2400,0.0,0.0,15369,-651,57,discharging,None,None
20:40:55.190,staggered,8.3,401.6,167.4,79.2,1105.9,67.8,2400,0.0,0.0,15365,-591,57,discharging,None,None
20:40:55.695,staggered,8.2,401.6,167.4,24.6,1106.1,65.0,2400,0.0,0.0,15392,-591,57,discharging,None,None
20:40:56.199,staggered,8.2,401.6,171.7,58.4,1105.3,67.2,2400,0.0,0.0,15399,-577,57,discharging,None,None
20:40:56.703,staggered,8.2,406.2,171.7,42.1,1105.3,62.2,2400,0.0,0.0,15363,-654,57,discharging,None,None
20:40:57.215,staggered,8.4,406.2,163.0,40.1,1104.2,63.9,2400,0.0,0.0,15403,-604,57,discharging,None,None
20:40:57.719,staggered,8.4,397.9,163.0,78.4,1104.9,64.5,2400,0.0,0.0,15359,-633,57,discharging,None,None
20:40:58.222,staggered,8.3,397.9,163.0,2.5,1105.2,62.2,2400,0.0,0.0,15401,-623,57,discharging,None,None
20:40:58.734,staggered,8.3,397.9,368.4,80.3,1105.2,66.1,2400,0.0,0.0,15379,-530,57,discharging,None,None
20:40:59.238,staggered,8.3,575.0,368.4,51.7,1105.4,63.4,2400,0.0,0.0,15353,-680,57,discharging,None,None
20:40:59.741,staggered,8.3,575.0,368.4,2.5,1105.4,61.1,2400,0.0,0.0,15398,-625,57,discharging,None,None
20:41:00.251,staggered,8.3,575.0,368.4,94.6,1105.4,67.2,2400,0.0,0.0,15363,-577,57,discharging,None,None
20:41:00.755,staggered,8.3,732.6,484.8,53.2,1104.2,63.4,2400,0.0,0.0,15348,-740,57,discharging,None,None
20:41:01.259,staggered,8.3,732.6,484.8,2.0,1103.8,61.7,2400,0.0,0.0,15396,-638,57,discharging,None,None
20:41:01.778,staggered,8.3,732.6,484.8,91.7,1104.2,66.7,2400,0.0,0.0,15365,-567,57,discharging,None,None
20:41:02.282,staggered,8.3,643.8,422.4,49.8,1104.7,62.8,2400,0.0,0.0,15352,-713,57,discharging,None,None
20:41:02.792,staggered,8.3,643.8,422.4,9.5,1104.7,63.4,2400,0.0,0.0,15397,-611,57,discharging,None,None
20:41:03.296,staggered,8.3,643.8,422.4,99.5,1105.0,66.7,2400,0.0,0.0,15365,-569,57,discharging,None,None
20:41:03.800,staggered,8.3,782.7,377.4,62.0,1103.9,63.9,2400,0.0,0.0,15352,-746,57,discharging,None,None
20:41:04.303,staggered,7.3,782.7,377.4,3.0,1103.9,61.7,2400,0.0,0.0,15397,-639,57,discharging,None,None
20:41:04.812,staggered,7.3,399.0,377.4,84.9,1103.9,65.5,2400,0.0,0.0,15368,-546,57,discharging,None,None
20:41:05.315,staggered,7.3,399.0,176.5,36.1,1103.7,62.2,2400,0.0,0.0,15355,-655,57,discharging,None,None
20:41:05.824,staggered,8.3,399.0,176.5,58.0,1103.7,65.5,2400,0.0,0.0,15405,-563,57,discharging,None,None
20:41:06.327,staggered,8.3,418.9,160.9,61.0,1103.2,66.1,2400,0.0,0.0,15360,-575,57,discharging,None,None
20:41:06.835,staggered,8.3,418.9,160.9,21.7,1103.2,63.9,2400,0.0,0.0,15395,-634,57,discharging,None,None
20:41:07.338,staggered,8.3,399.2,160.9,66.7,1103.0,64.5,2400,0.0,0.0,15362,-631,57,discharging,None,None
20:41:07.842,staggered,8.3,399.2,162.7,36.0,1103.0,63.4,2400,0.0,0.0,15397,-616,57,discharging,None,None
20:41:08.350,staggered,8.3,391.9,162.7,78.7,1103.8,66.7,2400,0.0,0.0,15386,-572,57,discharging,None,None
20:41:08.854,staggered,8.3,391.9,162.7,4.9,1104.4,62.2,2400,0.0,0.0,15391,-622,57,discharging,None,None
20:41:09.363,staggered,8.2,391.9,170.4,79.5,1106.3,67.8,2400,0.0,0.0,15377,-593,57,discharging,None,None
20:41:09.867,staggered,8.2,391.8,170.4,40.6,1106.5,62.2,2400,0.0,0.0,15353,-651,57,discharging,None,None
20:41:10.379,staggered,8.4,391.8,170.4,26.3,1106.5,63.9,2400,0.0,0.0,15402,-589,57,discharging,None,None
20:41:10.884,staggered,8.4,391.8,334.0,100.0,1106.5,66.1,2400,0.0,0.0,15367,-560,57,discharging,None,None
20:41:11.388,staggered,8.4,562.7,334.0,8.5,1106.0,62.8,2400,0.0,0.0,15380,-674,57,discharging,None,None
20:41:11.900,staggered,8.3,562.7,334.0,40.1,1106.8,66.7,2400,0.0,0.0,15403,-549,57,discharging,None,None
20:41:12.408,staggered,8.3,562.7,466.2,100.0,1108.4,67.2,2400,0.0,0.0,15363,-585,57,discharging,None,None
20:41:12.912,staggered,8.3,732.2,466.2,9.0,1107.9,63.4,2400,0.0,0.0,15374,-702,57,discharging,None,None
20:41:13.420,staggered,8.3,732.2,466.2,38.9,1107.9,66.7,2400,0.0,0.0,15402,-552,57,discharging,None,None
20:41:13.928,staggered,8.3,693.9,466.2,100.0,1107.9,66.7,2400,0.0,0.0,15360,-583,57,discharging,None,None
20:41:14.439,staggered,8.3,693.9,484.5,10.9,1107.7,62.2,2400,0.0,0.0,15368,-704,57,discharging,None,None
20:41:14.948,staggered,8.3,693.9,484.5,43.5,1107.9,67.2,2400,0.0,0.0,15400,-557,57,discharging,None,None
20:41:15.452,staggered,8.4,588.5,484.5,85.8,1106.9,67.2,2400,0.0,0.0,15357,-591,57,discharging,None,None
20:41:15.955,staggered,8.4,588.5,178.5,11.6,1106.9,62.8,2400,0.0,0.0,15369,-681,57,discharging,None,None
20:41:16.463,staggered,7.6,588.5,178.5,68.5,1106.9,66.1,2400,0.0,0.0,15402,-582,57,discharging,None,None
20:41:16.967,staggered,7.6,395.8,175.3,50.7,1106.3,63.9,2400,0.0,0.0,15365,-653,57,discharging,None,None
20:41:17.475,staggered,7.6,395.8,175.3,32.5,1106.3,66.1,2400,0.0,0.0,15401,-580,57,discharging,None,None
20:41:17.978,staggered,8.3,395.1,175.3,51.0,1105.3,62.8,2400,0.0,0.0,15378,-591,57,discharging,None,None
20:41:18.482,staggered,8.3,395.1,163.1,36.5,1105.3,62.2,2400,0.0,0.0,15379,-618,57,discharging,None,None
20:41:18.986,staggered,8.3,401.0,163.1,82.3,1104.9,65.0,2400,0.0,0.0,15355,-650,57,discharging,None,None
20:41:19.495,staggered,8.3,401.0,163.1,13.1,1104.9,65.0,2400,0.0,0.0,15400,-591,57,discharging,None,None
20:41:20.000,staggered,8.4,401.0,171.5,80.2,1105.4,67.8,2400,0.0,0.0,15364,-580,57,discharging,None,None
20:41:20.503,staggered,8.4,402.0,171.5,27.7,1104.6,62.8,2400,0.0,0.0,15389,-655,57,discharging,None,None
20:41:21.014,staggered,8.4,402.0,171.5,42.0,1105.0,65.5,2400,0.0,0.0,15402,-544,57,discharging,None,None
20:41:21.518,staggered,8.3,495.8,275.7,83.3,1105.5,65.5,2400,0.0,0.0,15350,-653,57,discharging,None,None
20:41:22.021,staggered,8.3,495.8,275.7,1.5,1105.1,63.4,2400,0.0,0.0,15400,-622,57,discharging,None,None
20:41:22.534,staggered,8.3,495.8,275.7,62.6,1105.5,66.1,2400,0.0,0.0,15375,-512,57,discharging,None,None
20:41:23.037,staggered,8.3,679.8,439.2,74.9,1105.0,63.9,2400,0.0,0.0,15349,-685,57,discharging,None,None
20:41:23.541,staggered,8.3,679.8,439.2,1.5,1105.0,62.2,2400,0.0,0.0,15400,-611,57,discharging,None,None
20:41:24.055,staggered,8.4,679.8,439.2,70.9,1105.0,65.5,2400,0.0,0.0,15368,-531,57,discharging,None,None
20:41:24.558,staggered,8.4,707.3,482.6,74.9,1105.5,63.9,2400,0.0,0.0,15351,-700,57,discharging,None,None
20:41:25.062,staggered,8.3,707.3,482.6,1.5,1106.2,62.2,2400,0.0,0.0,15400,-606,57,discharging,None,None
20:41:25.571,staggered,8.3,707.3,482.6,72.5,1106.2,67.2,2400,0.0,0.0,15366,-532,57,discharging,None,None
20:41:26.075,staggered,8.3,402.9,176.7,46.3,1106.0,62.8,2400,0.0,0.0,15366,-662,57,discharging,None,None
20:41:26.583,staggered,8.3,402.9,176.7,36.0,1106.0,65.5,2400,0.0,0.0,15398,-595,57,discharging,None,None
20:41:27.087,staggered,8.3,405.6,176.7,69.8,1104.8,65.5,2400,0.0,0.0,15362,-610,57,discharging,None,None
20:41:27.591,staggered,8.3,405.6,159.4,24.4,1104.8,62.8,2400,0.0,0.0,15382,-664,57,discharging,None,None
20:41:28.094,staggered,8.3,405.2,159.4,82.7,1104.6,65.0,2400,0.0,0.0,15358,-659,57,discharging,None,None
20:41:28.598,staggered,7.9,405.2,159.0,36.0,1104.6,63.9,2400,0.0,0.0,15390,-643,57,discharging,None,None
20:41:29.108,staggered,7.9,405.2,159.0,56.3,1104.6,66.7,2400,0.0,0.0,15386,-572,57,discharging,None,None
20:41:29.611,staggered,7.9,407.2,159.0,28.4,1106.2,63.4,2400,0.0,0.0,15391,-603,57,discharging,None,None
20:41:30.121,staggered,8.4,407.2,157.8,53.2,1106.0,65.0,2400,0.0,0.0,15366,-596,57,discharging,None,None
20:41:30.625,staggered,8.4,409.8,157.8,66.2,1107.3,63.4,2400,0.0,0.0,15353,-655,57,discharging,None,None
20:41:31.132,staggered,8.3,409.8,157.8,16.3,1107.6,62.8,1600,0.0,0.0,15401,-591,57,discharging,None,None
20:41:31.636,staggered,8.3,403.0,178.1,100.0,1107.6,66.7,2400,0.0,0.0,15365,-576,57,discharging,None,None
20:41:32.140,staggered,8.3,403.0,178.1,6.0,1106.4,62.2,2400,0.0,0.0,15389,-639,57,discharging,None,None
20:41:32.648,staggered,8.3,403.0,178.1,42.9,1106.4,65.0,2400,0.0,0.0,15400,-517,57,discharging,None,None
20:41:33.152,staggered,8.3,687.6,391.8,98.5,1105.7,66.7,2400,0.0,0.0,15356,-637,57,discharging,None,None
20:41:33.655,staggered,8.3,687.6,391.8,2.0,1105.5,61.7,2400,0.0,0.0,15387,-669,57,discharging,None,None
20:41:34.163,staggered,8.3,687.6,391.8,46.3,1105.0,65.0,2400,0.0,0.0,15401,-513,57,discharging,None,None
20:41:34.666,staggered,8.3,722.8,560.4,99.5,1105.4,66.7,2400,0.0,0.0,15354,-639,57,discharging,None,None
20:41:35.170,staggered,8.3,722.8,560.4,4.0,1105.8,62.8,2400,0.0,0.0,15388,-671,57,discharging,None,None
20:41:35.679,staggered,8.3,722.8,560.4,44.5,1105.8,65.5,2400,0.0,0.0,15402,-512,57,discharging,None,None
20:41:36.183,staggered,8.3,516.0,281.4,81.8,1109.0,63.9,2400,0.0,0.0,15353,-642,57,discharging,None,None
20:41:36.686,staggered,8.3,516.0,281.4,2.0,1109.2,62.8,2400,0.0,0.0,15395,-646,57,discharging,None,None
20:41:37.194,staggered,8.3,403.1,281.4,82.5,1109.2,66.1,2400,0.0,0.0,15366,-555,57,discharging,None,None
20:41:37.698,staggered,8.3,403.1,173.0,38.4,1115.8,62.8,2400,0.0,0.0,15350,-654,57,discharging,None,None
20:41:38.207,staggered,8.4,403.1,173.0,45.8,1115.3,66.1,2400,0.0,0.0,15398,-580,57,discharging,None,None
20:41:38.711,staggered,8.4,397.5,173.0,50.7,1115.3,65.0,2400,0.0,0.0,15361,-591,57,discharging,None,None
20:41:39.221,staggered,8.4,397.5,162.7,32.7,1113.7,63.9,2400,0.0,0.0,15391,-633,57,discharging,None,None
20:41:39.726,staggered,8.3,397.5,162.7,100.0,1113.7,67.2,2400,0.0,0.0,15366,-621,57,discharging,None,None
20:41:40.230,staggered,8.3,581.0,163.8,44.6,1111.7,63.9,2400,0.0,0.0,15390,-647,57,discharging,None,None
20:41:40.736,staggered,8.3,581.0,163.8,37.6,1111.7,65.5,2400,0.0,0.0,15392,-575,57,discharging,None,None
20:41:41.240,staggered,6.6,399.0,163.8,48.0,1110.9,62.8,1900,0.0,0.0,15350,-641,57,discharging,None,None
20:41:41.743,staggered,6.6,399.0,173.9,39.3,1111.3,62.2,2400,0.0,0.0,15391,-626,57,discharging,None,None
20:41:42.247,staggered,8.3,399.2,173.9,82.8,1110.0,63.9,2400,0.0,0.0,15362,-588,57,discharging,None,None
20:41:42.752,staggered,8.3,399.2,173.9,2.5,1110.0,61.7,2400,0.0,0.0,15391,-594,57,discharging,None,None
20:41:43.260,staggered,8.3,399.2,171.0,94.6,1110.5,67.2,2400,0.0,0.0,15366,-576,57,discharging,None,None
20:41:43.764,staggered,8.3,403.4,171.0,25.0,1112.5,62.8,2400,0.0,0.0,15371,-654,57,discharging,None,None
20:41:44.275,staggered,8.3,403.4,171.0,31.4,1111.2,65.5,2400,0.0,0.0,15399,-557,57,discharging,None,None
20:41:44.780,staggered,8.3,403.4,437.0,100.0,1111.2,67.2,2400,0.0,0.0,15356,-595,57,discharging,None,None
20:41:45.283,staggered,8.3,633.9,437.0,9.4,1110.6,62.8,2400,0.0,0.0,15388,-689,57,discharging,None,None
20:41:45.795,staggered,8.5,633.9,437.0,39.9,1110.6,65.5,2400,0.0,0.0,15399,-530,57,discharging,None,None
20:41:46.300,staggered,8.5,633.9,464.1,100.0,1110.6,67.2,2400,0.0,0.0,15353,-609,57,discharging,None,None
20:41:46.803,staggered,8.3,727.9,464.1,10.9,1109.4,63.4,2400,0.0,0.0,15387,-702,57,discharging,None,None
20:41:47.311,staggered,8.3,727.9,464.1,38.1,1109.0,66.1,2400,0.0,0.0,15399,-530,57,discharging,None,None
20:41:47.815,staggered,8.3,548.3,345.0,95.0,1108.4,65.0,2400,0.0,0.0,15354,-610,57,discharging,None,None
20:41:48.318,staggered,8.3,548.3,345.0,3.0,1108.4,61.7,2400,0.0,0.0,15387,-680,57,discharging,None,None
20:41:48.827,staggered,8.3,548.3,345.0,69.2,1108.4,68.3,2400,0.0,0.0,15399,-549,57,discharging,None,None
20:41:49.330,staggered,8.3,393.3,160.8,48.3,1107.4,63.4,2400,0.0,0.0,15376,-636,57,discharging,None,None
20:41:49.839,staggered,8.3,393.3,160.8,34.3,1107.4,66.1,2400,0.0,0.0,15397,-610,57,discharging,None,None
20:41:50.343,staggered,8.3,395.2,160.8,51.0,1107.5,62.8,2400,0.0,0.0,15355,-606,57,discharging,None,None
20:41:50.846,staggered,8.2,395.2,171.2,37.1,1107.7,62.2,2400,0.0,0.0,15357,-655,57,discharging,None,None
20:41:51.350,staggered,8.2,373.3,171.2,77.0,1108.2,63.9,2400,0.0,0.0,15362,-593,57,discharging,None,None
20:41:51.860,staggered,8.2,373.3,171.2,28.9,1108.2,65.5,2400,0.0,0.0,15389,-578,57,discharging,None,None
20:41:52.364,staggered,8.2,373.3,163.4,69.8,1106.8,67.8,2400,0.0,0.0,15400,-551,57,discharging,None,None
20:41:52.868,staggered,8.2,361.8,163.4,10.0,1106.6,62.8,2400,0.0,0.0,15377,-619,57,discharging,None,None
20:41:53.376,staggered,8.2,361.8,187.5,60.3,1106.6,66.7,2400,0.0,0.0,15400,-566,57,discharging,None,None
20:41:53.880,staggered,8.2,406.0,187.5,49.0,1106.1,62.8,2400,0.0,0.0,15347,-636,57,discharging,None,None
20:41:54.383,staggered,8.2,406.0,187.5,0.0,1106.1,61.1,2400,0.0,0.0,15398,-619,57,discharging,None,None
20:41:54.895,staggered,8.2,406.0,187.5,95.0,1106.1,66.7,2400,0.0,0.0,15373,-505,57,discharging,None,None
20:41:55.398,staggered,8.2,662.3,454.0,38.4,1106.2,62.8,2400,0.0,0.0,15346,-678,57,discharging,None,None
20:41:55.907,staggered,8.2,662.3,454.0,5.5,1106.1,63.4,2400,0.0,0.0,15398,-600,57,discharging,None,None
20:41:56.413,staggered,8.2,662.3,454.0,100.0,1106.1,66.1,2400,0.0,0.0,15362,-529,57,discharging,None,None
20:41:56.917,staggered,8.2,571.1,349.9,14.8,1106.8,62.2,1500,0.0,0.0,15364,-655,57,discharging,None,None
20:41:57.424,staggered,8.2,571.1,349.9,35.6,1106.8,65.0,2400,0.0,0.0,15405,-537,57,discharging,None,None
20:41:57.927,staggered,8.2,379.7,153.2,74.1,1106.3,63.9,2400,0.0,0.0,15358,-536,57,discharging,None,None
20:41:58.437,staggered,8.2,379.7,153.2,2.0,1106.3,61.1,2400,0.0,0.0,15389,-612,57,discharging,None,None
20:41:58.941,staggered,8.2,360.9,153.2,72.3,1105.5,63.4,2400,0.0,0.0,15368,-576,57,discharging,None,None
20:41:59.444,staggered,8.2,360.9,154.8,32.3,1105.5,61.7,2400,0.0,0.0,15380,-625,57,discharging,None,None
20:41:59.951,staggered,8.2,361.7,154.8,71.9,1105.5,66.1,2400,0.0,0.0,15398,-567,57,discharging,None,None
20:42:00.456,staggered,8.2,361.7,154.8,18.1,1105.8,64.5,2400,0.0,0.0,15379,-579,57,discharging,None,None
20:42:00.960,staggered,8.2,361.7,152.0,59.1,1105.8,65.0,2400,0.0,0.0,15364,-606,57,discharging,None,None
20:42:01.464,staggered,8.2,367.2,152.0,32.8,1105.5,61.7,2400,0.0,0.0,15349,-632,57,discharging,None,None
20:42:01.972,staggered,8.2,367.2,151.1,43.1,1105.0,66.1,2400,0.0,0.0,15398,-574,57,discharging,None,None
20:42:02.476,staggered,8.2,361.8,151.1,63.9,1105.0,62.2,1900,0.0,0.0,15356,-587,57,discharging,None,None
20:42:02.980,staggered,8.2,361.8,151.1,0.0,1104.8,61.1,1500,0.0,0.0,15393,-619,57,discharging,None,None
20:42:03.488,staggered,8.2,361.8,151.1,80.4,1104.8,66.1,2400,0.0,0.0,15408,-460,57,discharging,None,None
20:42:03.992,staggered,8.2,688.1,543.1,58.7,1129.8,62.2,2400,0.0,0.0,15352,-614,57,discharging,None,None
20:42:04.495,staggered,8.2,688.1,543.1,0.0,1129.8,61.7,2400,0.0,0.0,15390,-650,57,discharging,None,None
20:42:05.007,staggered,8.2,688.1,543.1,86.3,1129.0,65.5,2400,0.0,0.0,15398,-507,57,discharging,None,None
20:42:05.511,staggered,8.2,583.9,388.4,43.8,1128.8,61.7,2400,0.0,0.0,15348,-662,57,discharging,None,None
20:42:06.019,staggered,8.2,583.9,388.4,12.9,1126.8,63.9,2400,0.0,0.0,15395,-629,57,discharging,None,None
20:42:06.524,staggered,8.2,361.7,388.4,83.3,1126.8,66.1,2400,0.0,0.0,15362,-532,57,discharging,None,None
20:42:07.027,staggered,8.2,361.7,150.2,10.1,1125.6,62.2,2400,0.0,0.0,15351,-632,57,discharging,None,None
20:42:07.531,staggered,8.2,359.6,150.2,74.6,1125.6,64.5,2400,0.0,0.0,15398,-609,57,discharging,None,None
20:42:08.034,staggered,8.2,359.6,151.6,33.0,1121.0,62.2,2400,0.0,0.0,15372,-631,57,discharging,None,None
20:42:08.543,staggered,8.2,359.6,151.6,52.5,1121.0,65.5,2400,0.0,0.0,15392,-542,57,discharging,None,None
20:42:09.046,staggered,8.2,376.2,151.6,25.9,1118.5,61.7,2400,0.0,0.0,15388,-555,57,discharging,None,None
20:42:09.555,staggered,8.2,376.2,151.5,52.0,1119.0,65.5,2400,0.0,0.0,15381,-572,57,discharging,None,None
20:42:10.059,staggered,8.2,361.9,151.5,54.7,1116.3,63.4,2400,0.0,0.0,15357,-632,57,discharging,None,None
20:42:10.567,staggered,8.2,361.9,151.5,19.0,1116.3,64.5,2400,0.0,0.0,15397,-570,57,discharging,None,None
20:42:11.071,staggered,8.2,380.9,159.3,88.2,1114.0,63.9,2400,0.0,0.0,15345,-624,57,discharging,None,None
20:42:11.574,staggered,8.2,380.9,159.3,0.0,1114.0,61.1,2400,0.0,0.0,15394,-631,57,discharging,None,None
20:42:12.087,staggered,8.2,380.9,159.3,57.1,1113.4,64.5,2400,0.0,0.0,15382,-499,57,discharging,None,None
20:42:12.590,staggered,8.2,658.7,472.2,76.2,1113.3,64.5,2400,0.0,0.0,15348,-675,57,discharging,None,None
20:42:13.094,staggered,8.2,658.7,472.2,0.0,1112.1,62.2,2400,0.0,0.0,15396,-612,57,discharging,None,None
20:42:13.606,staggered,8.2,658.7,472.2,68.3,1112.1,65.5,2400,0.0,0.0,15365,-504,57,discharging,None,None
20:42:14.110,staggered,8.2,607.6,384.8,57.6,1109.5,63.4,2400,0.0,0.0,15349,-650,57,discharging,None,None
20:42:14.613,staggered,8.2,607.6,384.8,0.0,1109.5,61.1,2400,0.0,0.0,15397,-573,57,discharging,None,None
20:42:15.120,staggered,8.2,362.5,384.8,81.2,1108.3,65.0,2400,0.0,0.0,15355,-561,57,discharging,None,None
20:42:15.623,staggered,8.2,362.5,153.2,26.9,1108.3,62.2,2400,0.0,0.0,15389,-633,57,discharging,None,None
20:42:16.131,staggered,8.2,362.5,153.2,59.8,1107.7,67.8,2400,0.0,0.0,15382,-567,57,discharging,None,None
20:42:16.634,staggered,8.2,364.5,150.2,47.3,1107.7,64.5,2400,0.0,0.0,15386,-599,57,discharging,None,None
20:42:17.143,staggered,8.2,364.5,150.2,29.7,1106.6,65.5,2400,0.0,0.0,15391,-571,57,discharging,None,None
20:42:17.647,staggered,8.2,362.0,150.2,45.0,1106.6,62.8,2400,0.0,0.0,15358,-606,57,discharging,None,None
20:42:18.151,staggered,8.2,362.0,148.8,32.8,1106.0,62.2,2400,0.0,0.0,15357,-623,57,discharging,None,None
20:42:18.654,staggered,8.2,364.9,148.8,76.8,1106.0,62.2,2400,0.0,0.0,15351,-624,57,discharging,None,None
20:42:19.163,staggered,8.2,364.9,148.8,3.0,1105.5,62.2,2400,0.0,0.0,15396,-566,57,discharging,None,None
20:42:19.668,staggered,8.2,364.9,149.5,96.6,1105.9,66.7,2400,0.0,0.0,15368,-567,57,discharging,None,None
20:42:20.172,staggered,8.2,364.1,149.5,6.9,1106.0,61.7,2400,0.0,0.0,15387,-632,57,discharging,None,None
20:42:20.683,staggered,8.2,364.1,149.5,38.6,1105.6,65.5,2400,0.0,0.0,15400,-510,57,discharging,None,None
20:42:21.186,staggered,8.2,695.6,523.1,99.5,1108.0,66.1,2400,0.0,0.0,15350,-633,57,discharging,None,None
20:42:21.690,staggered,8.2,695.6,523.1,4.4,1107.8,61.7,2400,0.0,0.0,15386,-676,57,discharging,None,None
20:42:22.199,staggered,8.2,695.6,523.1,42.3,1107.0,65.5,2400,0.0,0.0,15399,-508,57,discharging,None,None
20:42:22.702,staggered,8.2,542.0,345.8,76.5,1107.3,63.4,2400,0.0,0.0,15345,-641,57,discharging,None,None
20:42:23.206,staggered,8.2,542.0,345.8,0.0,1107.0,62.2,2400,0.0,0.0,15393,-631,57,discharging,None,None
20:42:23.709,staggered,8.2,374.5,345.8,76.2,1108.2,64.5,2400,0.0,0.0,15367,-526,57,discharging,None,None
20:42:24.213,staggered,8.2,374.5,152.4,34.0,1108.0,62.2,2400,0.0,0.0,15351,-622,57,discharging,None,None
20:42:24.720,staggered,8.2,374.5,152.4,44.1,1108.0,66.1,2400,0.0,0.0,15395,-553,57,discharging,None,None
20:42:25.224,staggered,8.2,364.0,152.4,51.7,1106.5,66.1,2400,0.0,0.0,15368,-573,57,discharging,None,None
20:42:25.731,staggered,8.2,364.0,151.9,24.9,1110.7,64.5,2400,0.0,0.0,15390,-612,57,discharging,None,None
20:42:26.235,staggered,8.2,367.3,151.9,61.9,1109.8,62.8,2400,0.0,0.0,15349,-632,57,discharging,None,None
20:42:26.739,staggered,8.2,367.3,147.8,32.3,1109.8,62.8,2400,0.0,0.0,15396,-609,57,discharging,None,None
20:42:27.242,staggered,8.2,363.0,147.8,75.6,1109.2,65.0,2400,0.0,0.0,15359,-580,57,discharging,None,None
20:42:27.746,staggered,8.2,363.0,147.8,0.0,1110.2,61.7,2400,0.0,0.0,15386,-596,57,discharging,None,None
20:42:28.252,staggered,8.2,363.0,150.5,82.7,1109.2,66.1,2400,0.0,0.0,15358,-566,57,discharging,None,None
20:42:28.756,staggered,8.2,364.0,150.5,24.4,1109.6,61.7,1900,0.0,0.0,15373,-632,57,discharging,None,None
20:42:29.267,staggered,8.2,364.0,150.5,20.3,1108.3,61.7,2400,0.0,0.0,15402,-529,57,discharging,None,None
20:42:29.772,staggered,8.2,364.0,552.0,100.0,1108.7,67.2,2400,0.0,0.0,15357,-543,57,discharging,None,None
20:42:30.275,staggered,8.2,731.4,552.0,27.2,1107.7,62.2,2400,0.0,0.0,15367,-682,57,discharging,None,None
20:42:30.783,staggered,8.2,731.4,552.0,17.0,1108.2,64.5,2400,0.0,0.0,15395,-549,57,discharging,None,None
20:42:31.294,staggered,8.2,731.4,552.0,100.0,1109.1,66.1,2400,0.0,0.0,15351,-580,57,discharging,None,None
20:42:31.798,staggered,8.2,667.3,465.1,24.5,1108.1,61.7,2400,0.0,0.0,15367,-695,57,discharging,None,None
20:42:32.307,staggered,8.2,667.3,465.1,28.0,1107.6,64.5,2400,0.0,0.0,15396,-541,57,discharging,None,None
20:42:32.811,staggered,8.2,361.5,147.1,78.3,1107.6,64.5,2400,0.0,0.0,15347,-576,57,discharging,None,None
20:42:33.314,staggered,8.2,361.5,147.1,0.0,1106.6,62.2,2400,0.0,0.0,15384,-632,57,discharging,None,None
20:42:33.818,staggered,8.2,368.7,147.1,75.1,1106.6,62.8,2400,0.0,0.0,15357,-596,57,discharging,None,None
20:42:34.321,staggered,8.2,368.7,150.7,32.0,1107.1,62.2,1900,0.0,0.0,15373,-631,57,discharging,None,None
20:42:34.828,staggered,8.2,368.7,150.7,66.8,1107.1,67.8,2400,0.0,0.0,15399,-533,57,discharging,None,None
20:42:35.332,staggered,8.2,377.6,150.7,18.0,1106.7,63.4,2400,0.0,0.0,15384,-549,57,discharging,None,None
20:42:35.840,staggered,8.2,377.6,151.4,58.6,1106.7,66.1,2400,0.0,0.0,15371,-592,57,discharging,None,None
20:42:36.343,staggered,8.2,363.9,151.4,42.7,1106.2,62.8,2400,0.0,0.0,15348,-633,57,discharging,None,None
20:42:36.860,staggered,21.4,363.9,151.4,34.3,1108.9,64.5,2400,0.0,0.0,15393,-586,57,discharging,None,None
20:42:37.364,staggered,21.4,520.8,311.7,99.5,1108.9,67.2,2400,0.0,0.0,15354,-590,57,discharging,None,None
20:42:37.867,staggered,7.9,520.8,311.7,3.5,1108.2,62.8,2400,0.0,0.0,15381,-676,57,discharging,None,None
20:42:38.378,staggered,7.9,520.8,311.7,44.3,1108.2,65.0,2400,0.0,0.0,15394,-528,57,discharging,None,None
20:42:38.882,staggered,7.9,520.8,543.4,100.0,1108.5,67.2,2400,0.0,0.0,15348,-605,57,discharging,None,None
20:42:39.386,staggered,8.3,770.2,543.4,13.1,1108.3,62.2,2400,0.0,0.0,15373,-716,57,discharging,None,None
20:42:39.891,staggered,8.3,770.2,543.4,33.2,1108.6,64.5,2400,0.0,0.0,15395,-545,57,discharging,None,None
20:42:40.403,staggered,8.3,770.2,543.4,100.0,1108.6,68.3,2400,0.0,0.0,15355,-564,57,discharging,None,None
20:42:40.906,staggered,8.3,696.6,459.3,15.0,1107.8,62.8,2400,0.0,0.0,15368,-678,57,discharging,None,None
20:42:41.414,staggered,8.3,696.6,459.3,38.0,1107.8,66.1,2400,0.0,0.0,15394,-548,57,discharging,None,None
20:42:41.918,staggered,8.3,398.3,173.2,81.2,1106.5,63.9,2400,0.0,0.0,15350,-594,57,discharging,None,None
20:42:42.423,staggered,8.3,398.3,173.2,1.5,1106.5,62.8,2400,0.0,0.0,15382,-653,57,discharging,None,None
20:42:42.927,staggered,8.3,391.9,173.2,81.4,1106.1,63.4,2400,0.0,0.0,15361,-586,57,discharging,None,None
20:42:43.430,staggered,8.3,391.9,157.8,35.8,1106.3,62.2,2400,0.0,0.0,15373,-643,57,discharging,None,None
20:42:43.943,staggered,8.3,391.9,157.8,63.8,1106.3,67.2,2400,0.0,0.0,15392,-576,57,discharging,None,None
20:42:44.447,staggered,8.3,397.3,157.8,34.0,1106.2,64.5,2400,0.0,0.0,15356,-594,57,discharging,None,None
20:42:44.952,staggered,8.3,397.3,164.1,49.3,1106.4,65.0,2400,0.0,0.0,15357,-631,57,discharging,None,None
20:42:45.456,staggered,8.3,394.7,164.1,55.2,1105.7,62.2,2400,0.0,0.0,15350,-634,57,discharging,None,None
20:42:45.960,staggered,8.3,394.7,169.9,37.0,1105.5,63.4,2400,0.0,0.0,15390,-587,57,discharging,None,None
20:42:46.463,staggered,8.3,405.4,169.9,84.6,1106.2,65.5,2400,0.0,0.0,15372,-574,57,discharging,None,None
20:42:46.967,staggered,8.3,405.4,169.9,2.0,1106.6,62.2,2400,0.0,0.0,15382,-654,57,discharging,None,None
20:42:47.475,staggered,8.3,405.4,273.5,72.0,1106.6,67.2,2400,0.0,0.0,15395,-557,57,discharging,None,None
20:42:47.979,staggered,8.3,491.4,273.5,51.5,1110.3,62.2,2400,0.0,0.0,15343,-655,57,discharging,None,None
20:42:48.482,staggered,8.3,491.4,273.5,2.0,1110.8,61.7,2400,0.0,0.0,15390,-636,57,discharging,None,None
20:42:49.275,staggered,8.3,491.4,273.5,96.8,1111.0,66.7,2400,0.0,0.0,15346,-676,57,discharging,None,None
20:42:49.779,staggered,8.3,839.7,698.1,19.9,1111.0,62.2,2400,0.0,0.0,15381,-668,57,discharging,None,None
20:42:50.287,staggered,8.3,839.7,698.1,27.0,1109.9,64.5,2400,0.0,0.0,15394,-510,57,discharging,None,None
20:42:50.791,staggered,5.8,487.5,271.3,96.1,1109.6,63.9,2400,0.0,0.0,15346,-641,57,discharging,None,None
20:42:51.294,staggered,5.8,487.5,271.3,3.0,1109.2,61.7,2400,0.0,0.0,15387,-639,57,discharging,None,None
20:42:51.803,staggered,8.4,487.5,271.3,72.0,1109.2,66.1,2400,0.0,0.0,15355,-557,57,discharging,None,None
20:42:52.306,staggered,8.4,398.3,162.4,46.8,1108.4,62.8,2400,0.0,0.0,15343,-650,57,discharging,None,None
20:42:52.815,staggered,8.3,398.3,162.4,35.6,1108.4,66.1,2400,0.0,0.0,15391,-576,57,discharging,None,None
20:42:53.319,staggered,8.3,404.0,162.4,49.8,1107.4,62.8,2400,0.0,0.0,15365,-591,57,discharging,None,None
20:42:53.827,staggered,8.3,404.0,159.3,35.5,1107.0,61.7,2400,0.0,0.0,15386,-624,57,discharging,None,None
20:42:54.331,staggered,8.3,407.1,159.3,84.0,1107.0,64.5,2400,0.0,0.0,15348,-645,57,discharging,None,None
20:42:54.839,staggered,8.3,407.1,159.3,31.5,1107.0,65.0,2400,0.0,0.0,15391,-611,57,discharging,None,None
20:42:55.343,staggered,8.3,407.1,166.3,64.0,1106.3,67.2,2400,0.0,0.0,15367,-577,57,discharging,None,None
20:42:55.847,staggered,8.3,390.9,166.3,25.1,1106.2,62.2,2400,0.0,0.0,15380,-631,57,discharging,None,None
20:42:56.355,staggered,8.3,390.9,160.4,56.0,1106.2,67.2,2400,0.0,0.0,15369,-581,57,discharging,None,None
20:42:56.859,staggered,8.3,403.6,160.4,62.1,1106.2,63.4,2400,0.0,0.0,15341,-651,57,discharging,None,None
20:42:57.362,staggered,8.3,403.6,160.4,2.5,1106.2,62.2,2400,0.0,0.0,15390,-588,57,discharging,None,None
20:42:57.875,staggered,8.3,403.6,160.4,91.1,1106.2,66.7,2400,0.0,0.0,15355,-559,57,discharging,None,None
20:42:58.378,staggered,8.3,669.0,487.3,53.4,1105.5,63.4,2400,0.0,0.0,15344,-700,57,discharging,None,None
20:42:58.882,staggered,8.4,669.0,487.3,2.5,1104.6,62.2,2400,0.0,0.0,15390,-578,57,discharging,None,None
20:42:59.401,staggered,8.4,669.0,487.3,93.1,1105.4,67.2,2400,0.0,0.0,15353,-561,57,discharging,None,None
20:42:59.905,staggered,8.4,758.1,499.5,59.5,1105.6,63.4,2400,0.0,0.0,15342,-715,57,discharging,None,None
20:43:00.408,staggered,8.3,758.1,499.5,2.5,1115.4,62.2,2400,0.0,0.0,15388,-596,57,discharging,None,None
20:43:00.918,staggered,8.3,758.1,499.5,86.7,1126.9,65.5,2400,0.0,0.0,15353,-563,57,discharging,None,None
20:43:01.421,staggered,8.3,543.1,314.4,51.7,1126.7,63.9,2400,0.0,0.0,15350,-707,57,discharging,None,None
20:43:01.928,staggered,8.3,543.1,314.4,21.8,1124.0,65.0,2400,0.0,0.0,15386,-607,57,discharging,None,None
20:43:02.436,staggered,8.3,400.0,314.4,84.7,1135.3,66.1,2400,0.0,0.0,15341,-619,57,discharging,None,None
20:43:02.939,staggered,7.9,400.0,170.9,15.3,1133.2,62.8,2400,0.0,0.0,15381,-663,57,discharging,None,None
20:43:03.446,staggered,7.9,401.7,170.9,82.5,1133.2,66.7,2400,0.0,0.0,15357,-599,57,discharging,None,None
20:43:03.950,staggered,8.4,401.7,161.9,36.8,1129.8,63.4,2400,0.0,0.0,15381,-629,57,discharging,None,None
20:43:04.459,staggered,8.4,401.7,161.9,46.8,1129.8,66.1,2400,0.0,0.0,15388,-576,57,discharging,None,None
20:43:04.962,staggered,8.3,408.3,161.9,39.3,1126.5,62.8,2400,0.0,0.0,15353,-613,57,discharging,None,None
20:43:05.471,staggered,8.3,408.3,161.4,41.3,1126.5,63.9,2400,0.0,0.0,15353,-629,57,discharging,None,None
20:43:05.974,staggered,8.3,402.8,161.4,77.1,1123.8,64.5,2400,0.0,0.0,15348,-638,57,discharging,None,None
20:43:06.483,staggered,8.3,402.8,161.4,15.9,1123.8,65.0,2400,0.0,0.0,15386,-593,57,discharging,None,None
20:43:06.987,staggered,8.3,402.8,164.8,89.6,1123.0,67.2,2400,0.0,0.0,15369,-574,57,discharging,None,None
20:43:07.491,staggered,8.3,399.7,164.8,15.3,1120.7,62.2,2400,0.0,0.0,15379,-651,57,discharging,None,None
20:43:08.006,staggered,8.3,399.7,164.8,45.9,1119.9,65.5,2400,0.0,0.0,15391,-543,57,discharging,None,None
20:43:08.510,staggered,8.3,623.9,439.9,94.6,1118.6,65.0,2400,0.0,0.0,15345,-634,57,discharging,None,None
20:43:09.014,staggered,8.3,623.9,439.9,2.5,1116.7,62.2,2400,0.0,0.0,15380,-679,57,discharging,None,None
20:43:09.526,staggered,8.3,623.9,439.9,51.0,1117.3,66.7,2400,0.0,0.0,15392,-516,57,discharging,None,None
20:43:10.030,staggered,8.2,741.2,485.1,98.5,1117.2,67.2,2400,0.0,0.0,15344,-638,57,discharging,None,None
20:43:10.533,staggered,8.2,741.2,485.1,2.5,1115.6,62.8,2400,0.0,0.0,15379,-685,57,discharging,None,None
20:43:11.040,staggered,8.4,741.2,485.1,47.0,1115.6,67.2,2400,0.0,0.0,15390,-513,57,discharging,None,None
20:43:11.544,staggered,8.4,621.7,394.1,94.0,1114.3,65.5,2400,0.0,0.0,15345,-631,57,discharging,None,None
20:43:12.047,staggered,8.4,621.7,394.1,3.4,1114.0,61.7,2400,0.0,0.0,15378,-681,57,discharging,None,None
20:43:12.555,staggered,8.4,621.7,394.1,64.2,1112.9,67.2,2400,0.0,0.0,15391,-535,57,discharging,None,None
20:43:13.058,staggered,8.4,396.3,159.7,54.2,1112.9,62.8,2400,0.0,0.0,15361,-646,57,discharging,None,None
20:43:13.568,staggered,8.3,396.3,159.7,35.5,1112.9,65.0,2400,0.0,0.0,15387,-622,57,discharging,None,None
20:43:14.072,staggered,8.3,407.1,159.7,61.1,1112.1,63.4,2400,0.0,0.0,15345,-610,57,discharging,None,None
20:43:14.576,staggered,7.9,407.1,158.9,33.7,1112.1,61.7,2400,0.0,0.0,15353,-658,57,discharging,None,None
20:43:15.080,staggered,7.9,396.2,158.9,82.3,1111.3,65.5,2400,0.0,0.0,15359,-584,57,discharging,None,None
20:43:15.587,staggered,7.9,396.2,159.5,35.0,1111.6,66.1,2400,0.0,0.0,15380,-592,57,discharging,None,None
20:43:16.093,staggered,8.3,396.2,159.5,52.0,1110.9,66.7,2400,0.0,0.0,15384,-579,57,discharging,None,None
20:43:16.596,staggered,8.3,403.0,159.5,33.3,1110.9,62.8,2400,0.0,0.0,15341,-653,57,discharging,None,None
20:43:17.105,staggered,8.2,403.0,171.5,49.8,1109.3,65.0,2400,0.0,0.0,15389,-614,57,discharging,None,None
20:43:17.609,staggered,8.2,402.9,171.5,70.6,1109.3,63.9,2400,0.0,0.0,15342,-629,57,discharging,None,None
20:43:18.114,staggered,8.4,402.9,171.5,2.5,1108.2,61.7,2400,0.0,0.0,15383,-624,57,discharging,None,None
20:43:18.620,staggered,8.4,402.9,303.0,92.6,1108.2,66.1,2400,0.0,0.0,15357,-545,57,discharging,None,None
20:43:19.123,staggered,8.4,515.4,303.0,33.0,1107.6,62.8,2400,0.0,0.0,15338,-667,57,discharging,None,None
20:43:19.631,staggered,8.3,515.4,303.0,13.6,1107.8,65.5,2400,0.0,0.0,15388,-586,57,discharging,None,None
20:43:20.135,staggered,8.3,515.4,458.8,100.0,1108.5,67.2,2400,0.0,0.0,15354,-552,57,discharging,None,None
20:43:20.639,staggered,8.3,699.2,458.8,30.5,1108.8,61.7,2400,0.0,0.0,15342,-680,57,discharging,None,None
20:43:21.149,staggered,8.3,699.2,458.8,17.5,1107.8,63.9,2400,0.0,0.0,15388,-565,57,discharging,None,None
20:43:21.655,staggered,8.3,699.2,458.8,100.0,1108.6,66.7,2400,0.0,0.0,15348,-559,57,discharging,None,None
20:43:22.159,staggered,8.2,687.5,456.2,28.0,1108.2,62.8,2400,0.0,0.0,15344,-699,57,discharging,None,None
20:43:22.667,staggered,8.2,687.5,456.2,24.6,1108.5,65.0,2400,0.0,0.0,15389,-576,57,discharging,None,None
20:43:23.171,staggered,8.3,403.3,159.0,94.1,1107.5,65.0,2400,0.0,0.0,15349,-573,57,discharging,None,None
20:43:23.675,staggered,8.3,403.3,159.0,2.0,1107.5,62.2,2400,0.0,0.0,15380,-652,57,discharging,None,None
20:43:24.178,staggered,8.4,400.1,159.0,82.6,1107.0,66.1,2400,0.0,0.0,15379,-569,57,discharging,None,None
20:43:24.682,staggered,8.4,400.1,166.5,36.6,1106.3,62.8,2400,0.0,0.0,15380,-620,57,discharging,None,None
20:43:25.186,staggered,8.4,400.1,166.5,47.0,1106.1,66.1,1900,0.0,0.0,15384,-597,57,discharging,None,None
20:43:25.690,staggered,8.3,607.3,166.5,57.4,1106.1,63.4,2400,0.0,0.0,15347,-608,57,discharging,None,None
20:43:26.194,staggered,8.3,607.3,158.2,36.3,1105.4,62.8,2400,0.0,0.0,15353,-651,57,discharging,None,None
20:43:26.700,staggered,7.5,607.3,158.2,66.3,1105.4,67.2,2400,0.0,0.0,15388,-531,57,discharging,None,None
20:43:27.209,staggered,7.5,402.8,158.2,46.3,1103.7,65.5,2400,0.0,0.0,15351,-591,57,discharging,None,None
20:43:27.713,staggered,7.5,402.8,159.4,35.1,1103.7,65.0,2400,0.0,0.0,15375,-631,57,discharging,None,None
20:43:28.217,staggered,8.3,403.0,159.4,54.2,1103.5,62.2,2400,0.0,0.0,15345,-640,57,discharging,None,None
20:43:28.720,staggered,8.3,403.0,169.4,38.3,1103.5,63.9,2400,0.0,0.0,15384,-598,57,discharging,None,None
20:43:29.224,staggered,8.3,405.9,169.4,82.8,1103.5,65.0,2400,0.0,0.0,15366,-574,57,discharging,None,None
20:43:29.727,staggered,8.3,405.9,169.4,2.5,1103.5,61.7,2400,0.0,0.0,15377,-648,57,discharging,None,None
20:43:30.236,staggered,8.3,405.9,160.5,85.6,1104.4,66.7,2400,0.0,0.0,15377,-588,57,discharging,None,None
20:43:30.739,staggered,8.3,405.1,160.5,33.3,1106.2,62.8,2400,0.0,0.0,15338,-653,57,discharging,None,None
20:43:31.251,staggered,8.3,405.1,160.5,21.7,1106.6,64.5,2400,0.0,0.0,15385,-596,57,discharging,None,None
20:43:31.755,staggered,8.3,405.1,477.9,100.0,1107.0,67.8,2400,0.0,0.0,15352,-545,57,discharging,None,None
20:43:32.258,staggered,8.3,657.1,477.9,24.9,1107.1,62.2,2400,0.0,0.0,15336,-693,57,discharging,None,None
20:43:32.767,staggered,8.4,657.1,477.9,27.9,1107.1,65.0,2400,0.0,0.0,15387,-586,57,discharging,None,None
20:43:33.280,staggered,8.4,657.1,477.9,100.0,1107.1,66.7,2400,0.0,0.0,15350,-550,57,discharging,None,None
20:43:33.784,staggered,8.4,777.4,579.5,35.1,1105.4,62.8,2400,0.0,0.0,15337,-716,57,discharging,None,None
20:43:34.294,staggered,8.3,777.4,579.5,15.5,1105.2,65.5,2400,0.0,0.0,15385,-604,57,discharging,None,None
20:43:34.802,staggered,8.3,399.9,181.6,99.5,1105.2,67.2,2400,0.0,0.0,15353,-532,57,discharging,None,None
20:43:35.306,staggered,8.3,399.9,181.6,5.0,1105.2,62.2,1600,0.0,0.0,15354,-652,57,discharging,None,None
20:43:35.816,staggered,8.3,399.9,181.6,77.6,1105.2,66.7,2400,0.0,0.0,15393,-557,57,discharging,None,None
20:43:36.320,staggered,8.3,413.8,163.3,43.3,1103.6,62.8,2400,0.0,0.0,15351,-563,57,discharging,None,None
20:43:36.827,staggered,8.3,413.8,163.3,39.4,1103.6,66.1,2400,0.0,0.0,15376,-626,57,discharging,None,None
20:43:37.331,staggered,8.3,395.4,163.3,44.5,1103.6,63.4,2400,0.0,0.0,15348,-636,57,discharging,None,None
20:43:37.841,staggered,8.2,395.4,338.9,48.7,1103.6,62.2,2400,0.0,0.0,15376,-640,57,discharging,None,None
20:43:38.345,staggered,8.2,394.9,338.9,80.5,1104.0,63.9,2400,0.0,0.0,15371,-590,57,discharging,None,None
20:43:38.849,staggered,7.6,394.9,338.9,1.5,1103.8,62.2,2400,0.0,0.0,15376,-617,57,discharging,None,None
20:43:39.356,staggered,7.6,394.9,240.6,90.6,1103.8,65.5,2400,0.0,0.0,15387,-568,57,discharging,None,None
20:43:39.860,staggered,7.6,461.7,240.6,32.0,1103.6,62.8,2400,0.0,0.0,15338,-662,57,discharging,None,None
20:43:40.371,staggered,8.3,461.7,240.6,16.3,1103.6,64.5,2400,0.0,0.0,15385,-626,57,discharging,None,None
20:43:40.875,staggered,8.3,461.7,464.2,100.0,1103.6,67.2,2400,0.0,0.0,15359,-513,57,discharging,None,None
20:43:41.379,staggered,8.3,685.9,464.2,24.9,1103.1,63.4,2400,0.0,0.0,15335,-691,57,discharging,None,None
20:43:41.883,staggered,8.3,685.9,464.2,21.7,1103.1,65.0,2400,0.0,0.0,15388,-520,57,discharging,None,None
20:43:42.395,staggered,8.2,685.9,464.2,100.0,1103.1,67.2,2400,0.0,0.0,15343,-617,57,discharging,None,None
20:43:42.899,staggered,8.2,707.3,478.4,25.0,1102.9,62.8,2400,0.0,0.0,15375,-703,57,discharging,None,None
20:43:43.408,staggered,8.2,707.3,478.4,23.6,1102.9,65.0,2400,0.0,0.0,15388,-523,57,discharging,None,None
20:43:43.911,staggered,8.3,411.1,186.0,94.1,1103.1,65.5,2400,0.0,0.0,15339,-622,57,discharging,None,None
20:43:44.415,staggered,8.3,411.1,186.0,1.5,1103.1,62.2,2400,0.0,0.0,15378,-656,57,discharging,None,None
20:43:44.918,staggered,8.3,399.4,186.0,83.1,1103.1,66.1,2400,0.0,0.0,15350,-579,57,discharging,None,None
20:43:45.422,staggered,8.3,399.4,159.1,35.7,1103.1,63.4,2400,0.0,0.0,15346,-652,57,discharging,None,None
20:43:45.931,staggered,8.3,399.4,159.1,45.8,1103.1,66.1,2400,0.0,0.0,15386,-560,57,discharging,None,None
20:43:46.436,staggered,8.4,423.2,159.1,43.1,1102.8,63.4,2400,0.0,0.0,15354,-578,57,discharging,None,None
20:43:46.947,staggered,8.4,423.2,162.0,38.3,1102.8,62.8,2400,0.0,0.0,15374,-625,57,discharging,None,None
20:43:47.450,staggered,8.3,403.3,162.0,78.8,1102.8,63.9,2400,0.0,0.0,15344,-642,57,discharging,None,None
20:43:47.954,staggered,8.3,403.3,164.1,33.5,1103.3,65.0,2400,0.0,0.0,15384,-597,57,discharging,None,None
20:43:48.463,staggered,8.3,403.3,164.1,69.7,1103.3,68.8,2400,0.0,0.0,15363,-573,57,discharging,None,None
20:43:48.966,staggered,8.3,400.9,164.1,17.4,1103.8,61.7,2400,0.0,0.0,15375,-646,57,discharging,None,None
20:43:49.475,staggered,8.3,400.9,160.1,62.7,1103.8,65.5,2400,0.0,0.0,15375,-583,57,discharging,None,None
20:43:49.978,staggered,8.3,587.5,160.1,75.2,1103.8,63.4,2400,0.0,0.0,15342,-669,57,discharging,None,None
20:43:50.482,staggered,8.3,587.5,160.1,2.0,1103.8,62.2,2400,0.0,0.0,15383,-621,57,discharging,None,None
20:43:50.995,staggered,7.2,587.5,159.0,88.1,1103.8,66.7,2400,0.0,0.0,15360,-542,57,discharging,None,None
20:43:51.499,staggered,7.2,409.4,159.0,30.7,1103.3,62.8,2400,0.0,0.0,15356,-662,57,discharging,None,None
20:43:52.010,staggered,7.2,409.4,159.0,28.1,1103.1,64.5,2400,0.0,0.0,15384,-575,57,discharging,None,None
20:43:52.515,staggered,8.3,409.4,543.2,100.0,1103.1,67.8,2400,0.0,0.0,15341,-616,57,discharging,None,None
20:43:53.018,staggered,8.3,676.1,543.2,22.5,1102.9,62.8,2400,0.0,0.0,15367,-719,57,discharging,None,None
20:43:53.527,staggered,8.5,676.1,543.2,25.0,1102.9,65.0,2400,0.0,0.0,15384,-559,57,discharging,None,None
20:43:54.038,staggered,8.5,676.1,543.2,100.0,1103.1,67.2,2400,0.0,0.0,15344,-609,57,discharging,None,None
20:43:54.542,staggered,8.5,682.7,548.6,31.7,1103.1,62.8,2400,0.0,0.0,15348,-726,57,discharging,None,None
20:43:55.051,staggered,8.3,682.7,548.6,32.2,1103.1,65.5,2400,0.0,0.0,15382,-572,57,discharging,None,None
20:43:55.555,staggered,8.3,402.8,160.3,85.2,1103.1,66.1,2400,0.0,0.0,15336,-608,57,discharging,None,None
20:43:56.058,staggered,8.3,402.8,160.3,2.5,1102.9,62.8,2400,0.0,0.0,15374,-670,57,discharging,None,None
20:43:56.562,staggered,8.3,399.1,160.3,82.6,1103.1,65.0,2400,0.0,0.0,15348,-615,57,discharging,None,None
20:43:57.066,staggered,8.3,399.1,166.6,37.3,1103.1,62.8,2400,0.0,0.0,15368,-655,57,discharging,None,None
20:43:57.572,staggered,8.3,399.1,166.6,56.7,1103.1,66.7,2400,0.0,0.0,15380,-596,57,discharging,None,None
20:43:58.076,staggered,8.3,395.8,166.6,27.1,1103.1,62.2,2400,0.0,0.0,15352,-625,57,discharging,None,None
20:43:58.584,staggered,8.3,395.8,158.9,54.7,1103.3,64.5,2400,0.0,0.0,15345,-646,57,discharging,None,None
20:43:59.088,staggered,8.3,399.3,158.9,64.2,1103.3,63.4,2400,0.0,0.0,15337,-662,57,discharging,None,None
20:43:59.595,staggered,8.4,399.3,158.9,28.2,1103.3,65.5,2400,0.0,0.0,15378,-610,57,discharging,None,None
20:44:00.099,staggered,8.4,396.1,167.4,89.1,1103.6,66.1,2400,0.0,0.0,15358,-595,57,discharging,None,None
20:44:00.602,staggered,8.3,396.1,167.4,4.5,1103.6,62.2,2400,0.0,0.0,15370,-671,57,discharging,None,None
20:44:01.115,staggered,8.3,396.1,167.4,56.4,1103.1,66.1,2400,0.0,0.0,15382,-551,57,discharging,None,None
20:44:01.619,staggered,8.3,587.0,391.2,74.9,1103.1,63.9,2400,0.0,0.0,15335,-648,57,discharging,None,None
20:44:02.122,staggered,8.3,587.0,391.2,10.6,1103.6,62.2,2400,0.0,0.0,15373,-682,57,discharging,None,None
20:44:02.634,staggered,8.3,587.0,391.2,70.7,1103.6,65.5,2400,0.0,0.0,15384,-541,57,discharging,None,None
20:44:03.138,staggered,7.9,761.2,534.2,83.7,1103.6,65.0,2400,0.0,0.0,15338,-670,57,discharging,None,None
20:44:03.642,staggered,7.9,761.2,534.2,2.5,1104.0,62.8,2400,0.0,0.0,15372,-675,57,discharging,None,None
20:44:04.148,staggered,7.9,761.2,534.2,62.2,1103.6,66.1,2400,0.0,0.0,15387,-512,57,discharging,None,None
20:44:04.652,staggered,8.3,558.1,321.6,69.5,1103.6,63.4,2400,0.0,0.0,15337,-646,57,discharging,None,None
20:44:05.155,staggered,8.3,558.1,321.6,2.5,1103.5,62.8,2400,0.0,0.0,15377,-654,57,discharging,None,None
20:44:05.659,staggered,8.3,407.4,321.6,83.2,1103.5,63.9,2400,0.0,0.0,15359,-547,57,discharging,None,None
20:44:06.162,staggered,8.3,407.4,172.9,38.3,1103.3,62.2,2400,0.0,0.0,15334,-656,57,discharging,None,None
20:44:06.672,staggered,8.3,407.4,172.9,52.9,1103.3,66.7,2400,0.0,0.0,15382,-581,57,discharging,None,None
20:44:07.176,staggered,8.3,407.8,172.9,56.2,1103.1,66.7,2400,0.0,0.0,15336,-592,57,discharging,None,None
20:44:07.680,staggered,8.3,407.8,163.4,25.4,1103.1,63.9,2400,0.0,0.0,15368,-649,57,discharging,None,None
20:44:08.183,staggered,8.3,403.3,163.4,69.5,1103.1,64.5,2400,0.0,0.0,15341,-616,57,discharging,None,None
20:44:08.687,staggered,8.3,403.3,163.2,35.8,1103.1,63.4,2400,0.0,0.0,15375,-596,57,discharging,None,None
20:44:09.196,staggered,8.3,403.3,163.2,75.6,1103.1,67.2,2400,0.0,0.0,15375,-572,57,discharging,None,None
20:44:09.699,staggered,8.3,403.3,163.2,10.3,1103.1,61.7,2400,0.0,0.0,15364,-648,57,discharging,None,None
20:44:10.207,staggered,8.3,403.3,165.5,71.5,1102.9,67.2,2400,0.0,0.0,15372,-608,57,discharging,None,None
20:44:10.711,staggered,8.3,410.3,165.5,48.3,1102.9,63.4,2400,0.0,0.0,15338,-653,57,discharging,None,None
20:44:11.220,staggered,8.3,410.3,165.5,17.6,1103.3,62.8,1600,0.0,0.0,15383,-597,57,discharging,None,None
20:44:11.724,staggered,8.3,410.3,344.2,99.5,1103.3,67.2,2400,0.0,0.0,15357,-514,57,discharging,None,None
20:44:12.228,staggered,8.3,566.7,344.2,20.5,1103.3,62.8,2400,0.0,0.0,15344,-654,57,discharging,None,None
20:44:12.739,staggered,8.3,566.7,344.2,28.4,1103.3,65.0,2400,0.0,0.0,15383,-514,57,discharging,None,None
20:44:13.244,staggered,8.3,566.7,392.8,99.0,1103.3,66.7,2400,0.0,0.0,15339,-644,57,discharging,None,None
20:44:13.747,staggered,8.3,729.0,392.8,21.3,1102.9,61.7,2400,0.0,0.0,15373,-658,57,discharging,None,None
20:44:14.256,staggered,8.4,729.0,392.8,33.5,1102.9,65.0,2400,0.0,0.0,15382,-523,57,discharging,None,None
20:44:14.766,staggered,8.4,729.0,392.8,100.0,1103.7,66.7,2400,0.0,0.0,15336,-658,57,discharging,None,None
20:44:15.270,staggered,7.9,767.5,524.7,31.0,1104.0,62.8,2400,0.0,0.0,15371,-688,57,discharging,None,None
20:44:15.776,staggered,7.9,767.5,524.7,16.4,1104.2,63.9,2400,0.0,0.0,15383,-513,57,discharging,None,None
20:44:16.286,staggered,7.9,587.3,524.7,100.0,1104.2,66.1,2400,0.0,0.0,15337,-628,57,discharging,None,None
20:44:16.789,staggered,8.3,587.3,367.3,25.6,1104.2,62.2,2400,0.0,0.0,15372,-682,57,discharging,None,None
20:44:17.296,staggered,8.3,587.3,367.3,43.1,1103.8,66.1,2400,0.0,0.0,15376,-548,57,discharging,None,None
20:44:17.799,staggered,8.4,399.2,162.2,76.1,1103.8,64.5,2400,0.0,0.0,15363,-642,57,discharging,None,None
20:44:18.308,staggered,8.4,399.2,162.2,6.4,1103.5,62.8,2400,0.0,0.0,15382,-599,57,discharging,None,None
20:44:18.812,staggered,8.3,399.1,162.2,78.5,1103.5,63.9,2400,0.0,0.0,15338,-599,56,discharging,None,None
20:44:19.315,staggered,8.3,399.1,171.4,37.8,1103.5,62.8,2400,0.0,0.0,15345,-656,56,discharging,None,None
20:44:19.823,staggered,8.3,399.1,171.4,66.7,1104.0,67.8,2400,0.0,0.0,15346,-598,56,discharging,None,None
20:44:20.332,staggered,8.3,394.1,171.4,17.9,1103.8,62.2,2400,0.0,0.0,15372,-590,56,discharging,None,None
20:44:20.836,staggered,8.3,394.1,163.3,65.5,1104.2,65.5,2400,0.0,0.0,15378,-578,56,discharging,None,None
20:44:21.340,staggered,8.3,398.3,163.3,52.5,1104.2,63.4,1900,0.0,0.0,15346,-653,56,discharging,None,None
20:44:21.846,staggered,8.3,398.3,163.3,33.7,1104.2,64.5,2400,0.0,0.0,15389,-560,56,discharging,None,None
20:44:22.350,staggered,8.3,400.3,187.2,89.6,1104.0,63.9,2400,0.0,0.0,15333,-611,56,discharging,None,None
20:44:22.853,staggered,8.3,400.3,187.2,2.0,1103.3,61.7,2400,0.0,0.0,15379,-629,56,discharging,None,None
20:44:23.368,staggered,8.3,400.3,187.2,57.8,1103.3,65.0,2400,0.0,0.0,15360,-512,56,discharging,None,None
20:44:23.872,staggered,8.3,668.4,471.6,81.4,1104.0,65.0,2400,0.0,0.0,15333,-691,56,discharging,None,None
20:44:24.376,staggered,8.3,668.4,471.6,3.0,1104.2,61.7,2400,0.0,0.0,15383,-627,56,discharging,None,None
20:44:24.887,staggered,8.3,668.4,471.6,64.7,1104.2,65.5,2400,0.0,0.0,15359,-516,56,discharging,None,None
20:44:25.390,staggered,8.3,732.0,492.9,83.7,1104.0,64.5,2400,0.0,0.0,15334,-698,56,discharging,None,None
20:44:25.894,staggered,8.3,732.0,492.9,2.5,1103.3,61.7,2400,0.0,0.0,15380,-627,56,discharging,None,None
20:44:26.399,staggered,8.4,732.0,492.9,64.0,1103.3,65.5,2400,0.0,0.0,15368,-510,56,discharging,None,None
20:44:26.902,staggered,8.4,583.2,342.0,80.2,1104.2,63.9,2400,0.0,0.0,15336,-688,56,discharging,None,None
20:44:27.406,staggered,7.9,583.2,342.0,2.5,1104.2,61.7,2400,0.0,0.0,15382,-624,56,discharging,None,None
20:44:27.915,staggered,7.9,396.3,342.0,80.5,1104.2,66.1,2400,0.0,0.0,15346,-549,56,discharging,None,None
20:44:28.418,staggered,8.3,396.3,159.3,38.2,1105.0,62.2,2400,0.0,0.0,15342,-653,56,discharging,None,None
20:44:28.927,staggered,8.3,396.3,159.3,45.3,1106.8,66.7,2400,0.0,0.0,15381,-577,56,discharging,None,None
20:44:29.431,staggered,8.3,403.4,159.3,56.4,1106.1,65.5,2400,0.0,0.0,15356,-591,56,discharging,None,None
20:44:29.936,staggered,8.3,403.4,173.7,27.4,1106.3,63.9,2400,0.0,0.0,15376,-621,56,discharging,None,None
20:44:30.441,staggered,8.3,397.6,173.7,76.4,1106.3,64.5,2400,0.0,0.0,15337,-652,56,discharging,None,None
20:44:30.945,staggered,8.3,397.6,159.8,36.6,1105.6,63.4,2400,0.0,0.0,15381,-625,56,discharging,None,None
20:44:31.452,staggered,8.3,397.6,159.8,70.0,1105.6,67.2,2400,0.0,0.0,15354,-581,56,discharging,None,None
20:44:31.956,staggered,8.3,395.4,159.8,14.4,1105.4,61.7,1600,0.0,0.0,15371,-618,56,discharging,None,None
20:44:32.463,staggered,8.4,395.4,187.1,73.1,1105.4,66.1,2400,0.0,0.0,15364,-556,56,discharging,None,None
20:44:32.967,staggered,8.4,396.6,187.1,50.5,1104.9,62.2,2400,0.0,0.0,15335,-627,56,discharging,None,None
20:44:33.478,staggered,8.3,396.6,187.1,4.9,1104.9,61.7,2400,0.0,0.0,15381,-581,56,discharging,None,None
20:44:33.983,staggered,8.3,396.6,448.2,100.0,1104.9,68.3,2400,0.0,0.0,15346,-566,56,discharging,None,None
20:44:34.486,staggered,8.3,639.9,448.2,36.1,1104.5,63.4,2400,0.0,0.0,15353,-689,56,discharging,None,None
20:44:34.996,staggered,8.3,639.9,448.2,12.4,1104.5,63.4,2400,0.0,0.0,15382,-559,56,discharging,None,None
20:44:35.503,staggered,8.3,639.9,448.2,100.0,1104.5,66.7,2400,0.0,0.0,15341,-582,56,discharging,None,None
20:44:36.007,staggered,8.2,723.5,452.2,35.5,1103.5,62.2,2400,0.0,0.0,15348,-704,56,discharging,None,None
20:44:36.515,staggered,8.2,723.5,452.2,11.9,1103.8,63.9,2400,0.0,0.0,15381,-558,56,discharging,None,None
20:44:37.026,staggered,8.3,543.0,452.2,100.0,1104.5,66.7,2400,0.0,0.0,15339,-580,56,discharging,None,None
20:44:37.530,staggered,8.3,543.0,341.7,24.4,1104.9,63.4,2400,0.0,0.0,15363,-678,56,discharging,None,None
20:44:38.372,staggered,8.4,543.0,341.7,65.3,1104.7,65.5,2400,0.0,0.0,15345,-551,56,discharging,None,None
20:44:38.876,staggered,8.4,572.9,171.1,37.3,1103.5,62.8,2400,0.0,0.0,15337,-686,56,discharging,None,None
20:44:39.383,staggered,8.4,572.9,171.1,41.1,1103.5,66.1,2400,0.0,0.0,15382,-579,56,discharging,None,None
20:44:39.887,staggered,6.9,398.0,171.1,70.8,1103.8,66.1,2400,0.0,0.0,15335,-589,56,discharging,None,None
20:44:40.392,staggered,6.9,398.0,159.0,11.4,1103.5,62.8,2400,0.0,0.0,15369,-651,56,discharging,None,None
20:44:40.896,staggered,8.3,400.1,159.0,80.8,1103.5,63.9,2400,0.0,0.0,15347,-589,56,discharging,None,None
20:44:41.400,staggered,8.3,400.1,167.7,37.1,1103.5,63.4,2400,0.0,0.0,15370,-598,56,discharging,None,None
20:44:41.908,staggered,8.4,400.1,167.7,65.0,1104.1,67.2,2400,0.0,0.0,15372,-577,56,discharging,None,None
20:44:42.411,staggered,8.4,402.7,167.7,19.1,1103.8,61.7,2400,0.0,0.0,15342,-645,56,discharging,None,None
20:44:42.920,staggered,8.4,402.7,159.0,62.1,1103.8,65.0,2400,0.0,0.0,15368,-633,56,discharging,None,None
20:44:43.424,staggered,8.3,399.2,159.0,57.8,1103.8,62.8,2400,0.0,0.0,15339,-632,56,discharging,None,None
20:44:43.932,staggered,8.3,399.2,159.0,21.7,1103.8,64.5,2400,0.0,0.0,15376,-592,56,discharging,None,None
20:44:44.436,staggered,8.4,421.1,180.5,97.5,1103.8,66.7,2400,0.0,0.0,15344,-564,56,discharging,None,None
20:44:44.939,staggered,8.4,421.1,180.5,1.5,1103.5,62.2,2400,0.0,0.0,15362,-654,56,discharging,None,None
20:44:45.455,staggered,8.4,421.1,180.5,47.8,1103.5,66.1,2400,0.0,0.0,15382,-544,56,discharging,None,None
20:44:45.959,staggered,8.3,421.1,718.6,100.0,1103.5,67.2,2400,0.0,0.0,15341,-586,56,discharging,None,None
20:44:46.463,staggered,8.3,841.2,718.6,23.8,1103.5,63.4,2400,0.0,0.0,15331,-734,56,discharging,None,None
20:44:46.971,staggered,8.4,841.2,718.6,24.1,1104.0,65.0,2400,0.0,0.0,15377,-586,56,discharging,None,None
20:44:47.478,staggered,8.4,604.2,718.6,100.0,1104.0,67.8,2400,0.0,0.0,15342,-553,56,discharging,None,None
20:44:47.983,staggered,8.3,604.2,394.6,14.9,1104.2,62.2,2400,0.0,0.0,15335,-686,56,discharging,None,None
20:44:48.491,staggered,8.3,604.2,394.6,47.3,1104.2,66.7,2400,0.0,0.0,15379,-572,56,discharging,None,None
20:44:48.994,staggered,8.3,398.6,158.9,70.8,1104.0,63.9,2400,0.0,0.0,15336,-590,56,discharging,None,None
20:44:49.502,staggered,8.3,398.6,158.9,10.1,1104.0,63.4,2400,0.0,0.0,15372,-652,56,discharging,None,None
20:44:50.005,staggered,8.3,393.9,158.9,72.9,1103.8,63.9,2400,0.0,0.0,15354,-582,56,discharging,None,None
20:44:50.509,staggered,8.3,393.9,159.3,44.5,1103.8,62.8,2400,0.0,0.0,15368,-624,56,discharging,None,None
20:44:51.017,staggered,8.3,393.9,159.3,72.9,1103.8,67.2,2400,0.0,0.0,15373,-594,56,discharging,None,None
20:44:51.522,staggered,8.3,397.1,159.3,25.0,1103.6,65.0,2400,0.0,0.0,15336,-632,56,discharging,None,None
20:44:52.027,staggered,7.9,397.1,162.9,56.4,1103.3,66.7,2400,0.0,0.0,15341,-641,56,discharging,None,None
20:44:52.530,staggered,7.9,392.9,162.9,47.3,1103.3,62.2,2400,0.0,0.0,15337,-631,56,discharging,None,None
20:44:53.034,staggered,8.4,392.9,167.9,36.5,1103.5,63.9,2400,0.0,0.0,15374,-591,56,discharging,None,None
20:44:53.537,staggered,8.4,396.3,167.9,82.1,1103.5,64.5,2400,0.0,0.0,15359,-575,56,discharging,None,None
20:44:54.041,staggered,8.3,396.3,167.9,1.5,1103.3,61.7,2400,0.0,0.0,15369,-654,56,discharging,None,None
20:44:54.554,staggered,8.3,396.3,167.9,73.8,1103.3,66.1,2400,0.0,0.0,15381,-544,56,discharging,None,None
20:44:55.057,staggered,8.3,620.0,411.6,65.0,1103.1,63.4,2400,0.0,0.0,15331,-702,56,discharging,None,None
20:44:55.561,staggered,8.3,620.0,411.6,1.5,1103.1,62.2,2400,0.0,0.0,15375,-615,56,discharging,None,None
20:44:56.072,staggered,8.3,620.0,411.6,81.1,1103.1,66.7,2400,0.0,0.0,15344,-554,56,discharging,None,None
20:44:56.576,staggered,8.3,697.4,463.9,61.1,1102.9,63.4,2400,0.0,0.0,15330,-694,56,discharging,None,None
20:44:57.079,staggered,8.3,697.4,463.9,1.5,1102.9,61.7,2400,0.0,0.0,15377,-587,56,discharging,None,None
20:44:57.591,staggered,8.3,697.4,463.9,84.8,1102.9,66.7,2400,0.0,0.0,15346,-537,56,discharging,None,None
20:44:58.094,staggered,8.3,677.3,425.4,62.5,1103.9,63.4,2400,0.0,0.0,15332,-688,56,discharging,None,None
20:44:58.598,staggered,8.3,677.3,425.4,1.5,1103.9,63.4,2400,0.0,0.0,15377,-588,56,discharging,None,None
20:44:59.107,staggered,8.4,402.0,425.4,84.5,1104.0,64.5,2400,0.0,0.0,15338,-570,56,discharging,None,None
20:44:59.611,staggered,8.4,402.0,212.5,38.4,1104.0,62.8,2400,0.0,0.0,15349,-660,56,discharging,None,None
20:45:00.120,staggered,8.3,402.0,212.5,55.7,1104.3,66.7,2400,0.0,0.0,15370,-580,56,discharging,None,None
20:45:00.624,staggered,8.3,399.2,212.5,52.7,1104.3,66.1,2400,0.0,0.0,15369,-590,56,discharging,None,None
20:45:01.131,staggered,8.3,399.2,171.6,29.6,1104.8,65.0,2400,0.0,0.0,15371,-600,56,discharging,None,None
20:45:01.634,staggered,8.3,395.4,171.6,64.2,1104.8,63.4,2400,0.0,0.0,15327,-663,56,discharging,None,None
20:45:02.138,staggered,8.3,395.4,163.5,36.5,1105.0,63.4,2400,0.0,0.0,15371,-657,56,discharging,None,None
20:45:02.647,staggered,8.3,395.4,163.5,80.6,1105.0,66.7,2400,0.0,0.0,15341,-607,56,discharging,None,None
20:45:03.151,staggered,8.3,539.2,163.5,29.6,1105.2,62.2,2400,0.0,0.0,15356,-667,56,discharging,None,None
20:45:03.662,staggered,8.3,539.2,163.3,52.7,1111.0,64.5,2400,0.0,0.0,15335,-633,56,discharging,None,None
20:45:04.166,staggered,7.6,398.5,163.3,66.3,1110.4,62.2,2400,0.0,0.0,15328,-679,56,discharging,None,None
20:45:04.675,staggered,7.6,398.5,163.3,15.5,1110.4,63.4,2400,0.0,0.0,15374,-610,56,discharging,None,None
20:45:05.178,staggered,8.3,403.0,166.2,99.5,1110.4,66.7,2400,0.0,0.0,15339,-607,56,discharging,None,None
20:45:05.682,staggered,8.3,403.0,166.2,5.5,1110.4,62.2,2400,0.0,0.0,15364,-672,56,discharging,None,None
20:45:06.199,staggered,8.3,403.0,166.2,46.1,1107.8,66.7,2400,0.0,0.0,15379,-533,56,discharging,None,None
20:45:06.702,staggered,8.3,626.1,400.8,84.8,1107.8,64.5,2400,0.0,0.0,15332,-642,56,discharging,None,None
20:45:07.206,staggered,8.3,626.1,400.8,2.0,1107.0,61.7,2400,0.0,0.0,15370,-655,56,discharging,None,None
20:45:07.719,staggered,8.4,626.1,400.8,61.8,1107.4,66.1,2400,0.0,0.0,15378,-501,56,discharging,None,None
20:45:08.223,staggered,8.4,699.4,434.7,80.6,1107.7,64.5,2400,0.0,0.0,15335,-648,56,discharging,None,None
20:45:08.726,staggered,8.3,699.4,434.7,2.0,1107.7,62.2,2400,0.0,0.0,15373,-648,56,discharging,None,None
20:45:09.239,staggered,8.3,699.4,434.7,65.7,1107.0,66.1,2400,0.0,0.0,15375,-514,56,discharging,None,None
20:45:09.742,staggered,8.3,591.1,372.7,71.3,1107.2,64.5,2400,0.0,0.0,15329,-672,56,discharging,None,None
20:45:10.246,staggered,8.3,591.1,372.7,2.5,1106.5,61.7,2400,0.0,0.0,15374,-641,56,discharging,None,None
20:45:10.750,staggered,8.3,395.2,372.7,82.6,1106.5,65.0,2400,0.0,0.0,15343,-545,56,discharging,None,None
20:45:11.254,staggered,8.3,395.2,163.4,36.9,1105.8,62.8,2400,0.0,0.0,15328,-652,56,discharging,None,None
20:45:11.760,staggered,8.3,395.2,163.4,53.7,1105.8,66.7,2400,0.0,0.0,15377,-579,56,discharging,None,None
20:45:12.264,staggered,8.4,395.3,163.4,53.5,1105.0,65.5,2400,0.0,0.0,15340,-594,56,discharging,None,None
20:45:12.772,staggered,8.4,395.3,163.9,29.4,1105.0,63.4,2400,0.0,0.0,15369,-647,56,discharging,None,None
20:45:13.276,staggered,8.3,395.1,163.9,66.2,1104.8,63.4,2400,0.0,0.0,15332,-662,56,discharging,None,None
20:45:13.780,staggered,8.3,395.1,183.1,37.7,1104.8,63.9,2400,0.0,0.0,15373,-627,56,discharging,None,None
20:45:14.287,staggered,8.3,391.6,183.1,78.9,1103.8,66.1,2400,0.0,0.0,15350,-598,56,discharging,None,None
20:45:14.791,staggered,8.3,391.6,183.1,12.4,1103.3,62.8,2400,0.0,0.0,15363,-661,56,discharging,None,None
20:45:15.299,staggered,8.3,391.6,167.4,78.3,1103.3,66.7,2400,0.0,0.0,15358,-613,56,discharging,None,None
20:45:15.802,staggered,7.9,399.4,167.4,41.2,1103.3,62.2,2400,0.0,0.0,15325,-674,56,discharging,None,None
20:45:16.323,staggered,7.9,399.4,167.4,12.8,1104.1,63.9,2400,0.0,0.0,15372,-605,56,discharging,None,None
20:45:16.828,staggered,7.9,399.4,411.8,99.5,1105.9,67.2,2400,0.0,0.0,15346,-557,56,discharging,None,None
20:45:17.332,staggered,8.3,646.8,411.8,25.7,1107.1,62.2,2400,0.0,0.0,15336,-684,56,discharging,None,None
20:45:17.840,staggered,8.3,646.8,411.8,24.0,1108.2,63.9,2400,0.0,0.0,15377,-568,56,discharging,None,None
20:45:18.351,staggered,8.3,646.8,411.8,100.0,1108.2,67.2,2400,0.0,0.0,15344,-540,56,discharging,None,None
20:45:18.855,staggered,8.3,748.8,502.2,30.2,1106.3,62.2,2400,0.0,0.0,15330,-685,56,discharging,None,None
20:45:19.364,staggered,8.4,748.8,502.2,17.9,1106.8,63.9,2400,0.0,0.0,15374,-581,56,discharging,None,None
20:45:19.875,staggered,8.4,564.3,502.2,100.0,1107.0,66.1,2400,0.0,0.0,15336,-558,56,discharging,None,None
20:45:20.379,staggered,8.4,564.3,376.2,21.4,1105.4,62.2,2400,0.0,0.0,15336,-684,56,discharging,None,None
20:45:20.887,staggered,8.4,564.3,376.2,48.3,1105.8,66.7,2400,0.0,0.0,15377,-564,56,discharging,None,None
20:45:21.390,staggered,8.4,405.0,159.0,71.6,1106.1,64.5,2400,0.0,0.0,15329,-592,56,discharging,None,None
20:45:21.900,staggered,8.3,405.0,159.0,10.9,1104.7,63.9,2400,0.0,0.0,15368,-654,56,discharging,None,None
20:45:22.404,staggered,8.3,408.5,159.0,74.5,1104.7,63.4,2400,0.0,0.0,15343,-598,56,discharging,None,None
20:45:22.907,staggered,8.3,408.5,159.7,36.3,1102.8,61.7,2400,0.0,0.0,15366,-629,56,discharging,None,None
20:45:23.414,staggered,8.3,408.5,159.7,70.8,1102.8,67.2,2400,0.0,0.0,15373,-576,56,discharging,None,None
20:45:23.919,staggered,8.3,395.5,159.7,20.4,1102.6,63.9,2400,0.0,0.0,15340,-613,56,discharging,None,None
20:45:24.428,staggered,8.3,395.5,169.9,63.2,1102.6,65.5,2400,0.0,0.0,15338,-629,56,discharging,None,None
20:45:24.931,staggered,8.3,407.0,169.9,50.2,1102.6,62.8,2400,0.0,0.0,15333,-643,56,discharging,None,None
20:45:25.435,staggered,8.3,407.0,155.6,35.8,1102.6,64.5,2400,0.0,0.0,15373,-591,56,discharging,None,None
20:45:25.939,staggered,8.3,395.1,155.6,81.1,1103.0,65.0,2400,0.0,0.0,15353,-570,56,discharging,None,None
20:45:26.442,staggered,8.3,395.1,155.6,3.0,1103.5,61.7,2400,0.0,0.0,15364,-648,56,discharging,None,None
20:45:26.959,staggered,8.4,395.1,155.6,53.7,1103.5,65.0,2400,0.0,0.0,15376,-533,56,discharging,None,None
20:45:27.464,staggered,8.4,395.1,665.4,100.0,1103.5,66.7,2400,0.0,0.0,15336,-678,56,discharging,None,None
20:45:27.967,staggered,7.9,794.6,665.4,17.4,1103.0,62.8,2400,0.0,0.0,15366,-663,56,discharging,None,None
20:45:28.475,staggered,7.9,794.6,665.4,30.5,1103.0,64.5,2400,0.0,0.0,15378,-514,56,discharging,None,None
20:45:28.979,staggered,7.9,601.9,665.4,99.5,1103.0,66.7,2400,0.0,0.0,15330,-646,56,discharging,None,None
20:45:29.482,staggered,8.3,601.9,428.4,13.9,1103.7,62.8,2400,0.0,0.0,15367,-662,56,discharging,None,None
20:45:29.991,staggered,8.3,601.9,428.4,52.7,1104.2,65.5,2400,0.0,0.0,15359,-547,56,discharging,None,None
20:45:30.494,staggered,8.4,398.4,161.1,66.0,1104.2,63.4,2400,0.0,0.0,15341,-651,56,discharging,None,None
20:45:31.003,staggered,8.4,398.4,161.1,15.5,1104.0,63.9,2400,0.0,0.0,15373,-584,56,discharging,None,None
20:45:31.506,staggered,8.3,397.8,161.1,68.0,1104.2,62.8,2400,0.0,0.0,15327,-591,56,discharging,None,None
20:45:32.010,staggered,8.3,397.8,155.9,36.5,1102.8,62.2,2400,0.0,0.0,15350,-651,56,discharging,None,None
20:45:32.520,staggered,8.3,397.8,155.9,77.6,1102.8,66.7,2400,0.0,0.0,15336,-610,56,discharging,None,None
20:45:33.024,staggered,8.3,404.7,155.9,23.4,1102.8,63.4,1800,0.0,0.0,15367,-588,56,discharging,None,None
20:45:33.528,staggered,8.3,404.7,182.8,62.3,1102.8,66.7,2400,0.0,0.0,15370,-561,56,discharging,None,None
20:45:34.032,staggered,8.3,399.4,182.8,44.0,1102.6,62.8,2400,0.0,0.0,15351,-639,56,discharging,None,None
20:45:34.536,staggered,8.3,399.4,159.2,37.4,1102.9,63.4,2400,0.0,0.0,15375,-595,56,discharging,None,None
20:45:35.040,staggered,8.3,402.3,159.2,81.1,1102.6,64.5,2400,0.0,0.0,15328,-649,56,discharging,None,None
20:45:35.544,staggered,8.3,402.3,159.2,2.5,1102.6,61.7,2400,0.0,0.0,15373,-609,56,discharging,None,None
20:45:36.055,staggered,8.3,402.3,159.2,72.5,1102.6,65.5,2400,0.0,0.0,15341,-530,56,discharging,None,None
20:45:36.558,staggered,8.3,588.3,408.0,57.4,1102.6,63.4,2400,0.0,0.0,15326,-672,56,discharging,None,None
20:45:37.062,staggered,8.3,588.3,408.0,0.0,1102.9,61.1,2400,0.0,0.0,15375,-577,56,discharging,None,None
20:45:37.571,staggered,8.3,588.3,408.0,87.3,1102.9,67.2,2400,0.0,0.0,15338,-552,56,discharging,None,None
20:45:38.075,staggered,8.3,740.4,520.1,61.7,1102.9,63.9,2400,0.0,0.0,15327,-707,56,discharging,None,None
20:45:38.578,staggered,8.3,740.4,520.1,0.0,1102.9,62.2,2400,0.0,0.0,15375,-583,56,discharging,None,None
20:45:39.089,staggered,8.3,386.7,520.1,82.2,1102.9,66.1,2400,0.0,0.0,15336,-548,56,discharging,None,None
20:45:39.593,staggered,8.3,386.7,182.2,26.7,1103.0,62.2,2400,0.0,0.0,15365,-637,56,discharging,None,None
20:45:40.100,staggered,8.3,386.7,182.2,48.3,1103.1,66.7,2400,0.0,0.0,15376,-560,56,discharging,None,None
20:45:40.604,staggered,8.3,361.7,148.5,58.7,1103.1,63.9,2400,0.0,0.0,15367,-601,56,discharging,None,None
20:45:41.112,staggered,8.3,361.7,148.5,18.7,1103.1,65.0,2400,0.0,0.0,15373,-589,56,discharging,None,None
20:45:41.615,staggered,8.3,362.0,148.5,56.5,1103.1,62.8,2400,0.0,0.0,15329,-604,56,discharging,None,None
20:45:42.119,staggered,8.3,362.0,147.8,33.0,1102.6,62.8,2400,0.0,0.0,15338,-632,56,discharging,None,None
20:45:42.623,staggered,8.3,361.8,147.8,74.5,1102.8,63.9,2400,0.0,0.0,15332,-611,56,discharging,None,None
20:45:43.132,staggered,8.3,361.8,147.8,3.5,1102.8,62.2,1900,0.0,0.0,15371,-574,56,discharging,None,None
20:45:43.636,staggered,8.3,361.8,159.2,86.8,1102.8,66.1,2400,0.0,0.0,15359,-556,56,discharging,None,None
20:45:44.139,staggered,8.3,361.4,159.2,16.5,1102.8,61.7,2400,0.0,0.0,15364,-624,56,discharging,None,None
20:45:44.658,staggered,8.3,361.4,159.2,36.8,1102.8,65.0,2400,0.0,0.0,15377,-530,56,discharging,None,None
20:45:45.162,staggered,8.3,548.9,347.6,82.4,1102.9,63.4,2400,0.0,0.0,15325,-635,56,discharging,None,None
20:45:45.665,staggered,8.3,548.9,347.6,0.0,1102.9,61.1,2400,0.0,0.0,15369,-642,56,discharging,None,None
20:45:46.176,staggered,8.3,548.9,347.6,62.6,1109.9,66.1,2400,0.0,0.0,15365,-505,56,discharging,None,None
20:45:46.679,staggered,8.3,746.5,503.0,87.1,1109.9,63.4,2400,0.0,0.0,15327,-674,56,discharging,None,None
20:45:47.183,staggered,8.3,746.5,503.0,0.0,1109.9,61.1,2400,0.0,0.0,15367,-651,56,discharging,None,None
20:45:47.691,staggered,8.3,746.5,503.0,56.2,1109.9,65.5,2400,0.0,0.0,15374,-503,56,discharging,None,None
20:45:48.194,staggered,8.3,433.2,248.5,57.8,1108.3,62.8,2400,0.0,0.0,15329,-644,56,discharging,None,None
20:45:48.704,staggered,8.3,433.2,248.5,12.0,1108.3,61.1,1800,0.0,0.0,15378,-589,56,discharging,None,None
20:45:49.208,staggered,8.3,381.7,248.5,73.9,1107.9,63.4,2400,0.0,0.0,15334,-540,56,discharging,None,None
20:45:49.712,staggered,8.3,381.7,153.2,23.9,1109.3,61.1,2400,0.0,0.0,15365,-612,56,discharging,None,None
20:45:50.215,staggered,8.3,363.2,153.2,75.1,1107.5,64.5,2400,0.0,0.0,15348,-572,56,discharging,None,None
20:45:50.719,staggered,8.3,363.2,147.5,32.7,1107.5,63.9,2400,0.0,0.0,15365,-581,56,discharging,None,None
20:45:51.227,staggered,8.3,363.2,147.5,47.8,1106.7,66.1,2400,0.0,0.0,15366,-567,56,discharging,None,None
20:45:51.731,staggered,8.3,361.6,147.5,27.1,1106.7,61.7,2400,0.0,0.0,15350,-624,56,discharging,None,None
20:45:52.239,staggered,8.3,361.6,151.9,50.2,1105.7,65.0,2400,0.0,0.0,15357,-610,56,discharging,None,None
20:45:52.742,staggered,8.3,365.1,151.9,57.4,1105.7,62.2,2400,0.0,0.0,15327,-632,56,discharging,None,None
20:45:53.252,staggered,8.3,365.1,151.9,5.5,1104.9,62.2,2400,0.0,0.0,15374,-574,56,discharging,None,None
20:45:53.758,staggered,8.3,365.1,327.7,100.0,1105.2,67.2,2400,0.0,0.0,15338,-549,56,discharging,None,None
20:45:54.261,staggered,8.3,509.8,327.7,19.4,1104.8,61.7,2400,0.0,0.0,15359,-652,56,discharging,None,None
20:45:54.775,staggered,8.3,509.8,327.7,30.1,1104.8,63.9,2400,0.0,0.0,15376,-530,56,discharging,None,None
20:45:55.282,staggered,8.3,509.8,506.8,100.0,1104.8,66.7,2400,0.0,0.0,15333,-590,56,discharging,None,None
20:45:55.786,staggered,8.3,732.2,506.8,18.7,1104.4,61.7,2400,0.0,0.0,15352,-705,56,discharging,None,None
20:45:56.295,staggered,8.3,732.2,506.8,26.4,1103.9,63.9,2400,0.0,0.0,15374,-540,56,discharging,None,None
20:45:56.798,staggered,8.3,468.9,275.6,89.7,1104.8,64.5,2400,0.0,0.0,15330,-587,56,discharging,None,None
20:45:57.302,staggered,8.3,468.9,275.6,0.0,1104.5,61.1,2400,0.0,0.0,15363,-648,56,discharging,None,None
20:45:57.806,staggered,8.3,363.1,275.6,74.1,1104.5,65.5,2400,0.0,0.0,15363,-545,56,discharging,None,None
20:45:58.310,staggered,8.3,363.1,150.8,33.2,1104.1,61.7,2400,0.0,0.0,15352,-629,56,discharging,None,None
20:45:58.815,staggered,8.3,363.1,150.8,44.3,1104.5,66.7,2400,0.0,0.0,15375,-574,56,discharging,None,None
20:45:59.323,staggered,8.3,376.3,150.8,41.1,1103.7,62.2,2400,0.0,0.0,15336,-565,56,discharging,None,None
20:45:59.828,staggered,8.3,376.3,149.4,36.5,1104.4,62.8,2400,0.0,0.0,15348,-620,56,discharging,None,None
20:46:00.331,staggered,8.3,366.6,149.4,63.5,1104.4,62.2,2400,0.0,0.0,15330,-618,56,discharging,None,None
20:46:00.835,staggered,8.3,366.6,152.9,33.2,1105.3,63.4,2400,0.0,0.0,15370,-574,56,discharging,None,None
20:46:01.339,staggered,8.3,363.2,152.9,74.6,1106.3,65.0,2400,0.0,0.0,15356,-565,56,discharging,None,None
20:46:01.842,staggered,8.3,363.2,152.9,0.0,1106.1,61.7,2400,0.0,0.0,15363,-632,56,discharging,None,None
20:46:02.351,staggered,8.3,363.2,244.0,71.3,1106.1,66.1,2400,0.0,0.0,15374,-556,56,discharging,None,None
20:46:02.854,staggered,8.3,444.0,244.0,42.9,1105.6,62.2,2400,0.0,0.0,15322,-644,56,discharging,None,None
20:46:03.364,staggered,8.3,444.0,244.0,2.5,1105.6,61.1,2400,0.0,0.0,15373,-598,56,discharging,None,None
20:46:03.871,staggered,8.3,444.0,244.0,100.0,1105.6,66.1,2400,0.0,0.0,15341,-525,56,discharging,None,None
20:46:04.374,staggered,8.3,751.4,522.3,47.8,1104.9,62.2,2400,0.0,0.0,15327,-695,56,discharging,None,None
20:46:04.878,staggered,8.3,751.4,522.3,0.0,1104.9,61.7,2400,0.0,0.0,15374,-598,56,discharging,None,None
20:46:05.390,staggered,8.3,751.4,522.3,95.6,1104.9,66.7,2400,0.0,0.0,15345,-516,56,discharging,None,None
20:46:05.894,staggered,8.3,595.3,411.5,39.2,1104.4,62.2,2400,0.0,0.0,15326,-681,56,discharging,None,None
20:46:06.404,staggered,8.3,595.3,411.5,20.0,1104.4,64.5,2400,0.0,0.0,15372,-594,56,discharging,None,None
20:46:06.909,staggered,8.3,362.9,411.5,82.0,1104.4,66.1,2400,0.0,0.0,15332,-563,56,discharging,None,None
20:46:07.413,staggered,8.3,362.9,150.9,4.0,1104.0,60.6,2400,0.0,0.0,15360,-633,56,discharging,None,None
20:46:07.917,staggered,8.3,363.7,150.9,75.1,1104.0,63.4,2400,0.0,0.0,15354,-568,56,discharging,None,None
20:46:08.420,staggered,8.3,363.7,155.2,32.7,1104.0,61.7,2400,0.0,0.0,15361,-582,56,discharging,None,None
20:46:08.928,staggered,8.3,363.7,155.2,60.1,1104.0,66.1,2400,0.0,0.0,15365,-571,56,discharging,None,None
20:46:09.431,staggered,8.3,367.2,155.2,14.9,1105.5,60.6,1500,0.0,0.0,15335,-623,56,discharging,None,None
20:46:09.939,staggered,8.3,367.2,159.7,62.3,1106.5,65.0,2400,0.0,0.0,15367,-600,56,discharging,None,None
20:46:10.442,staggered,8.3,363.3,159.7,46.8,1106.1,62.2,2400,0.0,0.0,15329,-607,56,discharging,None,None
20:46:10.951,staggered,8.3,363.3,159.7,22.0,1106.1,63.9,2400,0.0,0.0,15373,-573,56,discharging,None,None
20:46:11.455,staggered,8.3,420.5,199.4,88.2,1106.1,64.5,2400,0.0,0.0,15338,-550,56,discharging,None,None
20:46:11.958,staggered,8.3,420.5,199.4,0.0,1104.6,61.1,2400,0.0,0.0,15362,-640,56,discharging,None,None
20:46:12.475,staggered,8.3,420.5,199.4,56.4,1104.9,65.0,2400,0.0,0.0,15374,-519,56,discharging,None,None
20:46:12.978,staggered,8.3,750.7,538.7,93.1,1104.5,65.5,2400,0.0,0.0,15327,-603,56,discharging,None,None
20:46:13.482,staggered,8.3,750.7,538.7,0.0,1104.5,61.1,2400,0.0,0.0,15359,-705,56,discharging,None,None
20:46:13.988,staggered,8.3,750.7,538.7,51.0,1104.5,65.0,2400,0.0,0.0,15373,-528,56,discharging,None,None
20:46:14.492,staggered,8.3,591.5,403.1,80.7,1104.5,63.9,2400,0.0,0.0,15331,-598,56,discharging,None,None
20:46:14.996,staggered,8.3,591.5,403.1,0.0,1103.1,60.6,1500,0.0,0.0,15361,-671,56,discharging,None,None
20:46:15.502,staggered,8.3,375.3,403.1,74.3,1104.6,65.0,2400,0.0,0.0,15381,-487,56,discharging,None,None
20:46:16.006,staggered,8.3,375.3,151.2,34.2,1104.9,61.7,2400,0.0,0.0,15348,-582,56,discharging,None,None
20:46:16.515,staggered,8.3,375.3,151.2,41.8,1104.9,66.1,2400,0.0,0.0,15370,-611,56,discharging,None,None
20:46:17.020,staggered,8.3,367.1,151.2,50.2,1105.4,63.9,2400,0.0,0.0,15327,-590,56,discharging,None,None
20:46:17.526,staggered,8.3,367.1,151.3,27.1,1105.4,63.4,2400,0.0,0.0,15332,-632,56,discharging,None,None
20:46:18.030,staggered,8.3,363.3,151.3,63.4,1104.9,62.8,2400,0.0,0.0,15337,-577,56,discharging,None,None
20:46:18.533,staggered,8.3,363.3,151.2,32.7,1104.9,62.8,2400,0.0,0.0,15361,-573,56,discharging,None,None
20:46:19.037,staggered,8.3,366.9,151.2,75.1,1104.6,64.5,2400,0.0,0.0,15370,-567,56,discharging,None,None
20:46:19.540,staggered,8.3,366.9,151.2,0.0,1104.6,61.1,2400,0.0,0.0,15352,-632,56,discharging,None,None
20:46:20.048,staggered,8.3,366.9,147.1,80.4,1104.9,66.1,2400,0.0,0.0,15374,-562,56,discharging,None,None
20:46:20.551,staggered,8.3,367.6,147.1,26.0,1104.5,61.1,2400,0.0,0.0,15361,-632,56,discharging,None,None
20:46:21.070,staggered,8.3,367.6,147.1,18.7,1106.1,63.9,2400,0.0,0.0,15374,-515,56,discharging,None,None
20:46:21.574,staggered,663.9,367.6,437.8,100.0,1106.1,66.7,2400,0.0,0.0,15326,-611,56,discharging,None,None
20:46:22.078,staggered,663.9,682.1,437.8,18.4,1105.5,61.7,2400,0.0,0.0,15358,-679,56,discharging,None,None
20:46:22.584,staggered,8.2,682.1,437.8,28.6,1105.5,63.9,2400,0.0,0.0,15372,-514,56,discharging,None,None
20:46:23.092,staggered,8.2,682.1,423.6,100.0,1106.2,66.1,2400,0.0,0.0,15323,-628,56,discharging,None,None
20:46:23.595,staggered,8.2,695.6,423.6,15.9,1105.9,61.7,2400,0.0,0.0,15359,-679,56,discharging,None,None
20:46:24.103,staggered,8.4,695.6,423.6,40.3,1105.8,65.0,2400,0.0,0.0,15367,-526,56,discharging,None,None
20:46:24.607,staggered,8.4,576.4,360.4,100.0,1105.8,67.2,2400,0.0,0.0,15323,-650,56,discharging,None,None
20:46:25.111,staggered,7.9,576.4,360.4,6.0,1105.0,61.1,2400,0.0,0.0,15362,-669,56,discharging,None,None
20:46:25.619,staggered,7.9,576.4,360.4,59.2,1105.0,67.8,2400,0.0,0.0,15362,-537,56,discharging,None,None
20:46:26.122,staggered,7.9,398.1,161.7,59.6,1104.8,62.8,2400,0.0,0.0,15339,-644,56,discharging,None,None
20:46:26.631,staggered,8.3,398.1,161.7,22.9,1104.8,64.5,2400,0.0,0.0,15370,-590,56,discharging,None,None
20:46:27.135,staggered,8.3,400.1,161.7,62.0,1104.4,62.8,2400,0.0,0.0,15321,-591,56,discharging,None,None
20:46:27.638,staggered,8.3,400.1,163.2,36.6,1104.4,62.8,2400,0.0,0.0,15344,-652,56,discharging,None,None
20:46:28.142,staggered,8.3,394.8,163.2,82.2,1104.4,66.7,2400,0.0,0.0,15332,-609,56,discharging,None,None
20:46:28.649,staggered,8.3,394.8,163.2,23.4,1104.3,64.5,2400,0.0,0.0,15361,-590,56,discharging,None,None
20:46:29.154,staggered,8.3,394.8,167.7,62.1,1104.0,66.1,2400,0.0,0.0,15361,-578,56,discharging,None,None
20:46:29.657,staggered,8.3,392.6,167.7,36.3,1104.4,62.2,2400,0.0,0.0,15348,-652,56,discharging,None,None
20:46:30.164,staggered,8.3,392.6,163.3,45.6,1104.9,65.0,2400,0.0,0.0,15367,-596,56,discharging,None,None
20:46:30.667,staggered,8.3,398.2,163.3,72.6,1104.9,63.4,2400,0.0,0.0,15321,-650,56,discharging,None,None
20:46:31.171,staggered,8.3,398.2,163.3,2.0,1104.7,61.1,2400,0.0,0.0,15368,-607,56,discharging,None,None
20:46:31.677,staggered,8.3,398.2,371.8,80.4,1105.6,65.5,2400,0.0,0.0,15336,-529,56,discharging,None,None
20:46:32.181,staggered,8.3,585.0,371.8,49.5,1104.7,62.8,2400,0.0,0.0,15322,-671,56,discharging,None,None
20:46:32.685,staggered,8.3,585.0,371.8,2.0,1104.7,61.1,2400,0.0,0.0,15369,-578,56,discharging,None,None
20:46:33.195,staggered,8.3,585.0,371.8,96.6,1104.7,66.1,2400,0.0,0.0,15335,-555,56,discharging,None,None
20:46:33.699,staggered,8.2,733.5,491.5,52.0,1104.7,62.2,2400,0.0,0.0,15322,-701,56,discharging,None,None
20:46:34.202,staggered,8.2,733.5,491.5,3.4,1104.0,61.7,2400,0.0,0.0,15369,-582,56,discharging,None,None
20:46:34.715,staggered,8.3,733.5,491.5,93.6,1104.0,66.1,2400,0.0,0.0,15332,-555,56,discharging,None,None
20:46:35.218,staggered,8.3,537.0,315.6,33.2,1104.0,62.8,2400,0.0,0.0,15342,-667,56,discharging,None,None
20:46:35.728,staggered,8.3,537.0,315.6,31.3,1104.0,62.8,1800,0.0,0.0,15371,-541,56,discharging,None,None
20:46:36.233,staggered,8.3,616.7,315.6,99.5,1104.0,65.0,2400,0.0,0.0,15330,-563,56,discharging,None,None
20:46:36.737,staggered,8.3,616.7,181.4,29.7,1103.5,61.1,2400,0.0,0.0,15345,-673,56,discharging,None,None
20:46:37.246,staggered,8.3,616.7,181.4,50.7,1103.7,65.5,2400,0.0,0.0,15370,-565,56,discharging,None,None
20:46:37.750,staggered,6.7,407.3,162.7,69.0,1103.7,64.5,2400,0.0,0.0,15336,-599,56,discharging,None,None
20:46:38.257,staggered,6.7,407.3,162.7,12.9,1103.7,63.4,2400,0.0,0.0,15358,-629,56,discharging,None,None
20:46:38.760,staggered,8.3,411.3,162.7,73.6,1103.7,63.4,2400,0.0,0.0,15327,-637,56,discharging,None,None
20:46:39.264,staggered,8.3,411.3,174.8,37.5,1103.0,62.2,2400,0.0,0.0,15354,-653,56,discharging,None,None
20:46:39.770,staggered,8.3,411.3,174.8,71.6,1103.0,67.8,2400,0.0,0.0,15355,-575,56,discharging,None,None
20:46:40.274,staggered,8.3,403.5,174.8,14.4,1103.2,61.7,2400,0.0,0.0,15358,-596,56,discharging,None,None
20:46:40.783,staggered,8.3,403.5,158.8,67.7,1103.2,65.5,2400,0.0,0.0,15335,-590,56,discharging,None,None
20:46:41.286,staggered,8.3,404.7,158.8,51.7,1103.2,62.8,2400,0.0,0.0,15318,-652,56,discharging,None,None
20:46:41.795,staggered,8.3,404.7,158.8,28.9,1102.8,65.5,2400,0.0,0.0,15368,-592,56,discharging,None,None
20:46:42.299,staggered,8.3,409.3,159.0,89.3,1102.6,64.5,2400,0.0,0.0,15329,-597,56,discharging,None,None
20:46:42.802,staggered,8.3,409.3,159.0,3.0,1102.6,61.1,2400,0.0,0.0,15358,-652,56,discharging,None,None
20:46:43.318,staggered,8.3,409.3,159.0,58.4,1102.8,65.0,2400,0.0,0.0,15370,-522,56,discharging,None,None
20:46:43.822,staggered,8.3,660.2,473.8,78.6,1102.8,63.4,2400,0.0,0.0,15321,-651,56,discharging,None,None
20:46:44.325,staggered,8.3,660.2,473.8,2.5,1102.8,61.7,2400,0.0,0.0,15359,-658,56,discharging,None,None
20:46:44.843,staggered,8.4,660.2,473.8,68.1,1102.8,66.1,2400,0.0,0.0,15367,-513,56,discharging,None,None
20:46:45.346,staggered,8.4,691.9,450.1,72.1,1102.6,63.4,2400,0.0,0.0,15321,-662,56,discharging,None,None
20:46:45.850,staggered,8.3,691.9,450.1,2.5,1102.6,62.2,2400,0.0,0.0,15362,-647,56,discharging,None,None
20:46:46.360,staggered,8.3,691.9,450.1,73.9,1102.6,66.7,2400,0.0,0.0,15363,-508,56,discharging,None,None
20:46:46.863,staggered,8.3,483.4,261.7,52.2,1104.4,62.8,2400,0.0,0.0,15323,-667,56,discharging,None,None
20:46:47.371,staggered,8.3,483.4,261.7,20.5,1104.4,63.9,2400,0.0,0.0,15368,-621,56,discharging,None,None
20:46:47.875,staggered,8.3,394.9,261.7,76.7,1104.4,63.9,2400,0.0,0.0,15329,-574,56,discharging,None,None
20:46:48.378,staggered,8.3,394.9,168.6,31.3,1104.4,62.2,2400,0.0,0.0,15340,-655,56,discharging,None,None
20:46:48.882,staggered,8.3,407.4,168.6,81.9,1108.2,65.5,2400,0.0,0.0,15354,-585,56,discharging,None,None
20:46:49.386,staggered,7.9,407.4,155.6,37.1,1108.1,63.9,2400,0.0,0.0,15358,-597,56,discharging,None,None
20:46:49.892,staggered,7.9,407.4,155.6,44.3,1109.1,66.7,2400,0.0,0.0,15362,-590,56,discharging,None,None
20:46:50.395,staggered,7.9,408.0,155.6,42.3,1109.0,63.4,2400,0.0,0.0,15318,-653,56,discharging,None,None
20:46:50.908,staggered,8.3,408.0,165.6,40.3,1108.1,63.4,2400,0.0,0.0,15363,-638,56,discharging,None,None
20:46:51.411,staggered,8.3,397.5,165.6,77.9,1108.1,63.4,2400,0.0,0.0,15330,-599,56,discharging,None,None
20:46:51.919,staggered,8.4,397.5,165.6,7.0,1106.8,62.8,2400,0.0,0.0,15357,-607,56,discharging,None,None
20:46:52.427,staggered,8.4,397.5,161.0,96.6,1106.8,67.2,2400,0.0,0.0,15331,-575,56,discharging,None,None
20:46:52.931,staggered,8.3,402.8,161.0,16.9,1106.5,62.2,2400,0.0,0.0,15336,-651,56,discharging,None,None
20:46:53.443,staggered,8.3,402.8,161.0,37.7,1106.5,65.0,2400,0.0,0.0,15357,-521,56,discharging,None,None
20:46:53.948,staggered,8.3,668.1,451.5,100.0,1107.6,67.2,2400,0.0,0.0,15320,-676,56,discharging,None,None
20:46:54.452,staggered,8.3,668.1,451.5,6.5,1107.2,62.2,2400,0.0,0.0,15363,-637,56,discharging,None,None
20:46:54.962,staggered,8.3,668.1,451.5,42.1,1107.2,65.0,2400,0.0,0.0,15353,-513,56,discharging,None,None
20:46:55.467,staggered,8.3,668.1,506.7,100.0,1107.2,67.2,2400,0.0,0.0,15321,-680,56,discharging,None,None
20:46:55.971,staggered,8.3,764.3,506.7,16.3,1106.3,61.7,2400,0.0,0.0,15359,-655,56,discharging,None,None
20:46:56.479,staggered,8.3,764.3,506.7,32.0,1106.3,65.5,2400,0.0,0.0,15368,-513,56,discharging,None,None
20:46:56.983,staggered,8.4,558.9,356.9,99.5,1105.7,66.7,2400,0.0,0.0,15319,-665,56,discharging,None,None
20:46:57.486,staggered,8.4,558.9,356.9,5.0,1104.8,62.8,2400,0.0,0.0,15363,-642,56,discharging,None,None
20:46:57.995,staggered,8.3,558.9,356.9,62.3,1104.8,66.1,2400,0.0,0.0,15331,-552,56,discharging,None,None
20:46:58.498,staggered,8.3,398.9,156.5,55.6,1104.3,63.4,2400,0.0,0.0,15318,-649,56,discharging,None,None
20:46:59.007,staggered,8.3,398.9,156.5,26.4,1104.0,65.0,2400,0.0,0.0,15366,-576,56,discharging,None,None
20:46:59.511,staggered,8.3,399.4,156.5,57.8,1104.0,62.8,2400,0.0,0.0,15330,-592,56,discharging,None,None
20:47:00.015,staggered,8.3,399.4,172.9,37.5,1104.7,61.7,2400,0.0,0.0,15363,-631,56,discharging,None,None
20:47:00.523,staggered,8.4,399.4,172.9,87.0,1104.7,66.7,2400,0.0,0.0,15332,-629,56,discharging,None,None
20:47:01.027,staggered,8.4,547.1,172.9,47.8,1104.7,66.7,2400,0.0,0.0,15355,-649,56,discharging,None,None
20:47:01.531,staggered,7.5,547.1,162.9,34.0,1104.7,65.0,2400,0.0,0.0,15359,-577,56,discharging,None,None
20:47:02.035,staggered,7.5,399.0,162.9,62.4,1105.7,62.8,2400,0.0,0.0,15327,-633,56,discharging,None,None
20:47:02.539,staggered,7.5,399.0,171.3,37.3,1106.2,64.5,2400,0.0,0.0,15337,-650,56,discharging,None,None
20:47:03.042,staggered,8.3,399.5,171.3,82.5,1107.7,66.7,2400,0.0,0.0,15322,-654,56,discharging,None,None
20:47:03.546,staggered,8.3,399.5,171.3,3.0,1107.7,62.2,2400,0.0,0.0,15338,-610,56,discharging,None,None
20:47:04.055,staggered,8.3,399.5,159.2,79.3,1107.7,66.1,2400,0.0,0.0,15107,-591,56,discharging,None,None
20:47:04.559,staggered,8.3,403.4,159.2,40.3,1112.1,62.8,2400,0.0,0.0,15353,-669,56,discharging,None,None
20:47:05.075,staggered,8.3,403.4,159.2,18.5,1109.8,63.4,2400,0.0,0.0,15368,-544,56,discharging,None,None
20:47:05.579,staggered,8.3,403.4,407.9,100.0,1109.8,67.8,2400,0.0,0.0,15321,-613,56,discharging,None,None
20:47:06.082,staggered,8.3,610.2,407.9,17.9,1110.8,62.2,2400,0.0,0.0,15356,-676,56,discharging,None,None
20:47:06.591,staggered,8.4,610.2,407.9,29.6,1110.8,66.1,2400,0.0,0.0,15369,-518,56,discharging,None,None
20:47:07.096,staggered,8.4,610.2,435.1,100.0,1110.8,67.2,2400,0.0,0.0,15322,-640,56,discharging,None,None
20:47:07.599,staggered,8.3,711.5,435.1,15.0,1109.1,62.2,2400,0.0,0.0,15356,-677,56,discharging,None,None
20:47:08.107,staggered,8.3,711.5,435.1,29.6,1106.5,65.0,2400,0.0,0.0,15369,-509,56,discharging,None,None
20:47:08.610,staggered,8.3,560.0,339.7,98.5,1106.8,66.1,2400,0.0,0.0,15318,-640,56,discharging,None,None
20:47:09.114,staggered,8.3,560.0,339.7,1.5,1106.6,61.7,2400,0.0,0.0,15358,-654,56,discharging,None,None
20:47:09.619,staggered,8.3,560.0,339.7,61.0,1106.6,65.5,2400,0.0,0.0,15346,-542,56,discharging,None,None
20:47:10.123,staggered,8.3,395.0,162.1,57.0,1106.2,63.4,2400,0.0,0.0,15319,-652,56,discharging,None,None
20:47:10.632,staggered,8.3,395.0,162.1,24.0,1107.5,64.5,2400,0.0,0.0,15365,-583,56,discharging,None,None
20:47:11.135,staggered,8.4,410.4,162.1,62.4,1106.5,62.2,2400,0.0,0.0,15327,-581,56,discharging,None,None
20:47:11.639,staggered,8.4,410.4,166.8,36.0,1106.5,62.8,2400,0.0,0.0,15352,-639,56,discharging,None,None
20:47:12.142,staggered,8.4,396.2,166.8,82.0,1106.1,66.1,2400,0.0,0.0,15325,-617,56,discharging,None,None
20:47:12.651,staggered,8.3,396.2,166.8,35.8,1106.1,66.1,2400,0.0,0.0,15350,-609,56,discharging,None,None
20:47:13.155,staggered,8.3,396.2,163.8,56.9,1105.4,67.2,2400,0.0,0.0,15352,-588,56,discharging,None,None
20:47:13.659,staggered,7.9,407.5,163.8,38.1,1105.4,62.2,2400,0.0,0.0,15343,-650,56,discharging,None,None
20:47:14.167,staggered,7.9,407.5,171.4,44.6,1105.2,64.5,2400,0.0,0.0,15353,-611,56,discharging,None,None
20:47:14.671,staggered,7.9,407.4,171.4,76.1,1105.2,63.9,2400,0.0,0.0,15319,-657,56,discharging,None,None
20:47:15.175,staggered,8.3,407.4,171.4,2.0,1104.9,62.2,2400,0.0,0.0,15365,-600,56,discharging,None,None
20:47:15.683,staggered,8.3,407.4,323.4,84.5,1104.9,67.2,2400,0.0,0.0,15329,-544,56,discharging,None,None
20:47:16.187,staggered,8.3,535.5,323.4,43.3,1105.1,61.7,2400,0.0,0.0,15335,-671,56,discharging,None,None
20:47:16.699,staggered,8.3,535.5,323.4,5.0,1105.1,61.7,2400,0.0,0.0,15365,-566,56,discharging,None,None
20:47:17.207,staggered,8.3,535.5,404.0,100.0,1105.1,66.7,2400,0.0,0.0,15330,-571,56,discharging,None,None
20:47:17.710,staggered,8.3,720.1,404.0,41.9,1105.1,62.2,2400,0.0,0.0,15328,-696,56,discharging,None,None
20:47:18.216,staggered,8.3,720.1,404.0,5.0,1104.9,62.2,2400,0.0,0.0,15365,-563,56,discharging,None,None
20:47:18.727,staggered,8.3,720.1,404.0,100.0,1104.9,66.1,2400,0.0,0.0,15327,-574,56,discharging,None,None
20:47:19.230,staggered,8.3,779.0,517.8,52.7,1104.2,63.4,2400,0.0,0.0,15315,-721,56,discharging,None,None
20:47:19.734,staggered,8.4,779.0,517.8,1.5,1104.2,61.7,2400,0.0,0.0,15364,-586,56,discharging,None,None
20:47:20.248,staggered,8.4,779.0,517.8,91.7,1104.2,65.5,2400,0.0,0.0,15327,-552,56,discharging,None,None
20:47:20.751,staggered,8.3,534.9,298.9,35.3,1104.2,63.4,2400,0.0,0.0,15330,-669,56,discharging,None,None
20:47:21.259,staggered,8.3,534.9,298.9,29.1,1103.9,64.5,2400,0.0,0.0,15365,-551,56,discharging,None,None
20:47:21.767,staggered,8.3,419.5,159.0,88.3,1104.4,66.1,2400,0.0,0.0,15318,-577,56,discharging,None,None
20:47:22.271,staggered,8.3,419.5,159.0,3.5,1103.9,61.7,2400,0.0,0.0,15354,-644,56,discharging,None,None
20:47:22.774,staggered,8.3,395.1,159.0,82.1,1103.9,63.9,2400,0.0,0.0,15329,-599,56,discharging,None,None
20:47:23.278,staggered,8.3,395.1,159.4,36.8,1103.9,62.8,2400,0.0,0.0,15346,-640,56,discharging,None,None
20:47:23.783,staggered,8.3,395.1,159.4,51.5,1103.9,66.1,2400,0.0,0.0,15363,-577,56,discharging,None,None
20:47:24.286,staggered,8.3,395.8,159.4,32.8,1105.1,62.2,2400,0.0,0.0,15338,-602,56,discharging,None,None
20:47:24.795,staggered,8.3,395.8,340.9,73.0,1105.8,65.0,2400,0.0,0.0,15329,-660,56,discharging,None,None
20:47:25.298,staggered,8.3,398.7,340.9,68.6,1106.0,63.9,2400,0.0,0.0,15319,-681,56,discharging,None,None
20:47:25.802,staggered,7.3,398.7,340.9,2.0,1106.0,62.2,2400,0.0,0.0,15361,-595,56,discharging,None,None
20:47:26.314,staggered,7.3,398.7,426.2,87.7,1106.0,66.1,2400,0.0,0.0,15330,-532,56,discharging,None,None
20:47:26.823,staggered,7.3,610.5,426.2,48.8,1105.7,62.8,2400,0.0,0.0,15311,-689,56,discharging,None,None
20:47:27.327,staggered,8.3,610.5,426.2,3.0,1105.7,61.7,2400,0.0,0.0,15362,-602,56,discharging,None,None
20:47:27.839,staggered,8.3,610.5,426.2,97.5,1106.0,66.7,2400,0.0,0.0,15330,-542,56,discharging,None,None
20:47:28.342,staggered,8.3,728.7,470.9,48.8,1105.8,62.8,2400,0.0,0.0,15316,-703,56,discharging,None,None
20:47:28.846,staggered,8.3,728.7,470.9,2.0,1105.3,61.7,2400,0.0,0.0,15365,-600,56,discharging,None,None
20:47:29.370,staggered,8.3,728.7,470.9,96.5,1105.3,67.2,2400,0.0,0.0,15326,-540,56,discharging,None,None
20:47:29.873,staggered,8.3,655.3,383.3,42.5,1104.8,62.8,2400,0.0,0.0,15319,-687,56,discharging,None,None
20:47:30.381,staggered,8.3,655.3,383.3,13.4,1104.8,63.9,2400,0.0,0.0,15365,-585,56,discharging,None,None
20:47:30.888,staggered,8.3,398.8,383.3,96.1,1105.7,67.2,2400,0.0,0.0,15324,-563,56,discharging,None,None
20:47:31.391,staggered,8.3,398.8,175.2,12.1,1105.7,61.7,1600,0.0,0.0,15350,-656,56,discharging,None,None
20:47:31.899,staggered,8.3,398.8,175.2,74.6,1109.5,65.5,2400,0.0,0.0,15366,-555,56,discharging,None,None
20:47:32.403,staggered,8.3,403.4,158.5,44.8,1110.0,63.4,2400,0.0,0.0,15350,-584,56,discharging,None,None
20:47:32.911,staggered,8.3,403.4,158.5,37.5,1109.4,66.7,2400,0.0,0.0,15355,-608,56,discharging,None,None
20:47:33.414,staggered,8.3,395.8,158.5,46.8,1108.5,62.2,2400,0.0,0.0,15317,-639,56,discharging,None,None
20:47:33.918,staggered,8.3,395.8,159.5,36.5,1107.5,62.2,2400,0.0,0.0,15345,-652,56,discharging,None,None
20:47:34.422,staggered,8.3,399.4,159.5,82.3,1107.5,64.5,2400,0.0,0.0,15326,-592,56,discharging,None,None
20:47:34.931,staggered,8.3,399.4,159.5,18.0,1106.3,63.9,2400,0.0,0.0,15353,-591,56,discharging,None,None
20:47:35.435,staggered,8.3,399.4,175.2,82.4,1107.2,68.3,2400,0.0,0.0,15338,-581,56,discharging,None,None
20:47:35.939,staggered,8.3,399.3,175.2,21.8,1106.3,62.2,2400,0.0,0.0,15323,-655,56,discharging,None,None
20:47:36.458,staggered,8.3,399.3,175.2,46.8,1106.3,65.0,2400,0.0,0.0,15363,-573,56,discharging,None,None
20:47:36.962,staggered,8.3,635.1,247.7,99.5,1107.9,66.1,2400,0.0,0.0,15320,-603,56,discharging,None,None
20:47:37.465,staggered,8.3,635.1,247.7,5.9,1107.7,61.7,2400,0.0,0.0,15345,-703,56,discharging,None,None
20:47:37.977,staggered,7.2,635.1,247.7,60.9,1107.7,65.5,2400,0.0,0.0,15364,-545,56,discharging,None,None
20:47:38.481,staggered,7.2,523.8,331.5,66.0,1106.1,63.4,2400,0.0,0.0,15314,-630,56,discharging,None,None
20:47:38.984,staggered,7.2,523.8,331.5,2.5,1105.8,62.2,2400,0.0,0.0,15354,-662,56,discharging,None,None
20:47:39.508,staggered,8.4,523.8,331.5,81.0,1105.8,65.5,2400,0.0,0.0,15363,-517,56,discharging,None,None
20:47:40.011,staggered,8.4,687.6,433.4,57.3,1105.7,63.4,2400,0.0,0.0,15316,-660,56,discharging,None,None
20:47:40.515,staggered,8.4,687.6,433.4,2.5,1105.7,61.1,2400,0.0,0.0,15357,-648,56,discharging,None,None
20:47:41.026,staggered,8.4,687.6,433.4,88.2,1105.7,66.1,2400,0.0,0.0,15359,-510,56,discharging,None,None
20:47:41.530,staggered,8.3,691.1,457.9,57.1,1105.3,62.8,2400,0.0,0.0,15313,-670,56,discharging,None,None
20:47:42.034,staggered,8.3,691.1,457.9,2.5,1104.9,61.7,2400,0.0,0.0,15356,-654,56,discharging,None,None
20:47:42.543,staggered,8.3,395.6,457.9,89.6,1104.9,65.5,2400,0.0,0.0,15351,-522,56,discharging,None,None
20:47:43.046,staggered,8.3,395.6,167.7,29.4,1105.2,62.2,2400,0.0,0.0,15322,-652,56,discharging,None,None
20:47:43.553,staggered,8.3,395.6,167.7,58.0,1105.2,67.2,2400,0.0,0.0,15362,-599,56,discharging,None,None
20:47:44.057,staggered,8.3,395.9,159.2,60.8,1104.9,65.0,2400,0.0,0.0,15315,-591,56,discharging,None,None
20:47:44.564,staggered,8.3,395.9,159.2,21.9,1104.9,65.0,2400,0.0,0.0,15348,-651,56,discharging,None,None
20:47:45.067,staggered,8.3,390.4,159.2,61.2,1104.5,63.4,2400,0.0,0.0,15325,-600,56,discharging,None,None
20:47:45.571,staggered,8.4,390.4,160.4,36.3,1104.5,63.4,2400,0.0,0.0,15351,-593,56,discharging,None,None
20:47:46.074,staggered,8.4,399.9,160.4,82.7,1104.5,65.5,2400,0.0,0.0,15354,-578,56,discharging,None,None
20:47:46.578,staggered,8.3,399.9,160.4,2.5,1104.5,62.2,2400,0.0,0.0,15337,-647,56,discharging,None,None
20:47:47.087,staggered,8.3,399.9,177.1,83.6,1104.0,67.2,2400,0.0,0.0,15349,-605,56,discharging,None,None
20:47:47.591,staggered,8.3,403.1,177.1,38.4,1105.5,61.7,2400,0.0,0.0,15316,-644,56,discharging,None,None
20:47:48.100,staggered,8.3,403.1,177.1,28.9,1109.5,63.9,2400,0.0,0.0,15362,-555,56,discharging,None,None
20:47:48.604,staggered,8.3,550.9,335.2,100.0,1109.5,67.2,2400,0.0,0.0,15317,-634,56,discharging,None,None
20:47:49.108,staggered,8.3,550.9,335.2,14.9,1109.8,62.2,2400,0.0,0.0,15344,-676,56,discharging,None,None
20:47:49.619,staggered,8.3,550.9,335.2,42.4,1109.8,65.5,2400,0.0,0.0,15362,-530,56,discharging,None,None
20:47:50.123,staggered,7.9,695.6,472.9,99.0,1110.1,66.7,2400,0.0,0.0,15314,-657,56,discharging,None,None
20:47:50.626,staggered,7.9,695.6,472.9,3.5,1108.9,61.7,2400,0.0,0.0,15352,-661,56,discharging,None,None
20:47:51.135,staggered,7.9,695.6,472.9,45.0,1108.6,66.7,2400,0.0,0.0,15363,-516,56,discharging,None,None
20:47:51.638,staggered,8.3,653.9,442.5,99.0,1108.6,67.2,2400,0.0,0.0,15311,-663,56,discharging,None,None
20:47:52.142,staggered,8.3,653.9,442.5,3.0,1108.3,61.7,2400,0.0,0.0,15352,-661,56,discharging,None,None
20:47:52.655,staggered,8.3,653.9,442.5,58.0,1108.3,66.7,2400,0.0,0.0,15351,-535,56,discharging,None,None
20:47:53.158,staggered,8.3,400.5,165.4,60.7,1106.9,63.4,2400,0.0,0.0,15326,-654,56,discharging,None,None
20:47:53.667,staggered,8.3,400.5,165.4,21.3,1106.8,65.0,2400,0.0,0.0,15362,-594,56,discharging,None,None
20:47:54.170,staggered,8.3,397.6,165.4,63.1,1106.6,63.9,2400,0.0,0.0,15314,-592,56,discharging,None,None
20:47:54.674,staggered,8.3,397.6,169.8,38.3,1106.6,62.2,2400,0.0,0.0,15339,-656,56,discharging,None,None
20:47:55.177,staggered,8.3,400.8,169.8,82.6,1106.6,66.7,2400,0.0,0.0,15324,-607,56,discharging,None,None
20:47:55.684,staggered,8.3,400.8,169.8,27.5,1106.1,66.7,2400,0.0,0.0,15352,-593,56,discharging,None,None
20:47:56.188,staggered,8.3,400.8,161.0,55.7,1106.6,66.7,2400,0.0,0.0,15352,-578,56,discharging,None,None
20:47:56.692,staggered,8.3,399.4,161.0,38.8,1106.8,62.2,2400,0.0,0.0,15334,-654,56,discharging,None,None
20:47:57.200,staggered,8.3,399.4,187.1,47.8,1106.8,64.5,2400,0.0,0.0,15360,-587,56,discharging,None,None
20:47:57.703,staggered,8.3,399.4,187.1,76.0,1107.0,63.9,2400,0.0,0.0,15315,-630,56,discharging,None,None
20:47:58.207,staggered,8.3,399.4,187.1,2.5,1106.3,61.1,2400,0.0,0.0,15359,-610,56,discharging,None,None
20:47:58.718,staggered,8.3,399.4,187.1,81.0,1106.3,66.1,2400,0.0,0.0,15326,-532,56,discharging,None,None
20:47:59.222,staggered,8.3,615.6,423.8,57.1,1105.9,62.8,2400,0.0,0.0,15309,-689,56,discharging,None,None
20:47:59.725,staggered,8.4,615.6,423.8,2.0,1105.9,61.7,2400,0.0,0.0,15360,-599,56,discharging,None,None
20:48:00.241,staggered,8.4,615.6,423.8,89.3,1105.9,66.7,2400,0.0,0.0,15326,-542,56,discharging,None,None
20:48:00.745,staggered,8.4,707.7,447.0,53.7,1105.6,62.8,2400,0.0,0.0,15313,-697,56,discharging,None,None
20:48:01.248,staggered,8.3,707.7,447.0,10.9,1104.9,61.7,2400,0.0,0.0,15353,-603,56,discharging,None,None
20:48:01.755,staggered,8.3,707.7,447.0,91.6,1104.9,66.7,2400,0.0,0.0,15324,-559,56,discharging,None,None
20:48:02.259,staggered,7.9,536.2,336.4,36.8,1104.5,61.7,2400,0.0,0.0,15325,-671,56,discharging,None,None
20:48:02.768,staggered,7.9,536.2,336.4,28.4,1104.5,65.5,2400,0.0,0.0,15360,-560,56,discharging,None,None
20:48:03.277,staggered,7.9,398.2,336.4,85.3,1104.7,67.2,2400,0.0,0.0,15313,-591,56,discharging,None,None
20:48:03.780,staggered,8.3,398.2,166.2,6.9,1105.4,61.7,2400,0.0,0.0,15350,-653,56,discharging,None,None
20:48:04.284,staggered,8.3,393.9,166.2,81.7,1109.1,64.5,2400,0.0,0.0,15324,-602,56,discharging,None,None
20:48:04.787,staggered,8.3,393.9,166.1,36.8,1108.6,63.4,2400,0.0,0.0,15348,-635,56,discharging,None,None
20:48:05.295,staggered,8.3,393.9,166.1,55.0,1107.8,65.5,2400,0.0,0.0,15356,-578,56,discharging,None,None
20:48:05.799,staggered,8.3,396.5,166.1,29.7,1107.1,62.2,2400,0.0,0.0,15332,-610,56,discharging,None,None
20:48:06.311,staggered,8.3,396.5,163.3,53.2,1106.4,64.5,2400,0.0,0.0,15322,-626,56,discharging,None,None
20:48:06.815,staggered,8.3,395.2,163.3,65.2,1106.9,62.8,2400,0.0,0.0,15314,-649,56,discharging,None,None
20:48:07.323,staggered,8.3,395.2,163.3,21.5,1106.5,63.4,1600,0.0,0.0,15357,-591,56,discharging,None,None
20:48:07.827,staggered,8.3,398.4,195.2,99.0,1106.5,66.7,2400,0.0,0.0,15329,-563,56,discharging,None,None
20:48:08.331,staggered,8.3,398.4,195.2,3.5,1105.7,62.2,2400,0.0,0.0,15348,-640,56,discharging,None,None
20:48:08.850,staggered,8.3,398.4,195.2,46.3,1106.4,64.5,2400,0.0,0.0,15362,-523,56,discharging,None,None
20:48:09.354,staggered,8.3,666.4,431.2,89.2,1106.1,64.5,2400,0.0,0.0,15315,-622,56,discharging,None,None
20:48:09.858,staggered,8.3,666.4,431.2,2.5,1106.7,61.7,2400,0.0,0.0,15347,-678,56,discharging,None,None
20:48:10.371,staggered,8.3,666.4,431.2,56.4,1106.7,65.0,2400,0.0,0.0,15361,-518,56,discharging,None,None
20:48:10.874,staggered,8.2,741.1,514.7,93.7,1106.5,65.0,2400,0.0,0.0,15311,-640,56,discharging,None,None
20:48:11.378,staggered,8.2,741.1,514.7,2.5,1106.5,62.8,2400,0.0,0.0,15348,-692,56,discharging,None,None
20:48:11.884,staggered,8.4,741.1,514.7,52.5,1106.5,66.7,2400,0.0,0.0,15361,-517,56,discharging,None,None
20:48:12.387,staggered,8.4,499.0,282.1,74.4,1105.4,63.4,2400,0.0,0.0,15312,-631,56,discharging,None,None
20:48:12.891,staggered,8.4,499.0,282.1,3.0,1104.8,61.7,2400,0.0,0.0,15351,-660,56,discharging,None,None
20:48:13.399,staggered,8.4,499.0,282.1,72.6,1104.8,66.7,2400,0.0,0.0,15353,-511,56,discharging,None,None
20:48:13.902,staggered,8.4,463.3,238.3,61.3,1104.6,62.8,2400,0.0,0.0,15314,-666,56,discharging,None,None
20:48:14.411,staggered,7.9,463.3,238.3,15.4,1104.6,63.4,2400,0.0,0.0,15356,-643,56,discharging,None,None
20:48:14.915,staggered,7.9,399.4,238.3,74.9,1104.2,64.5,2400,0.0,0.0,15321,-571,56,discharging,None,None
20:48:15.418,staggered,8.3,399.4,165.2,31.7,1105.2,62.2,2400,0.0,0.0,15313,-653,56,discharging,None,None
20:48:15.928,staggered,8.3,399.4,165.2,76.7,1105.2,66.7,2400,0.0,0.0,15354,-578,56,discharging,None,None
20:48:16.431,staggered,8.3,395.8,159.8,42.0,1104.9,65.5,2400,0.0,0.0,15342,-591,56,discharging,None,None
20:48:16.939,staggered,8.3,395.8,159.8,40.4,1104.9,65.5,2400,0.0,0.0,15355,-608,56,discharging,None,None
20:48:17.442,staggered,8.3,396.0,159.8,43.8,1104.9,62.8,1900,0.0,0.0,15313,-653,56,discharging,None,None
20:48:17.955,staggered,8.3,396.0,189.4,43.7,1104.4,62.8,2400,0.0,0.0,15362,-592,56,discharging,None,None
20:48:18.459,staggered,8.3,396.5,189.4,78.6,1104.4,63.4,2400,0.0,0.0,15317,-573,56,discharging,None,None
20:48:18.962,staggered,8.4,396.5,189.4,2.0,1104.2,61.7,2400,0.0,0.0,15347,-631,56,discharging,None,None
20:48:19.471,staggered,8.4,396.5,230.3,92.0,1104.2,66.1,2400,0.0,0.0,15337,-566,56,discharging,None,None
20:48:19.974,staggered,8.4,463.8,230.3,30.2,1103.7,62.2,2400,0.0,0.0,15308,-664,56,discharging,None,None
20:48:20.487,staggered,8.3,463.8,230.3,17.3,1103.7,63.9,2400,0.0,0.0,15361,-515,56,discharging,None,None
20:48:20.991,staggered,8.3,463.8,399.6,99.5,1103.5,67.2,2400,0.0,0.0,15315,-629,56,discharging,None,None
20:48:21.495,staggered,8.3,703.2,399.6,27.4,1103.5,62.2,2400,0.0,0.0,15347,-676,56,discharging,None,None
20:48:22.003,staggered,8.3,703.2,399.6,20.5,1103.3,64.5,2400,0.0,0.0,15359,-518,56,discharging,None,None
20:48:22.507,staggered,8.3,703.2,465.8,100.0,1103.3,67.2,2400,0.0,0.0,15312,-638,56,discharging,None,None
20:48:23.010,staggered,8.3,719.6,465.8,27.0,1103.3,62.8,2400,0.0,0.0,15346,-682,56,discharging,None,None
20:48:23.519,staggered,8.3,719.6,465.8,20.0,1103.3,64.5,2400,0.0,0.0,15360,-515,56,discharging,None,None
20:48:24.023,staggered,8.3,719.6,465.8,100.0,1103.3,65.5,2400,0.0,0.0,15310,-639,56,discharging,None,None
20:48:24.526,staggered,8.3,606.1,382.5,17.4,1103.0,61.7,2400,0.0,0.0,15347,-667,56,discharging,None,None
20:48:25.399,staggered,8.4,574.5,382.5,65.8,1103.0,65.5,2400,0.0,0.0,15320,-576,56,discharging,None,None
20:48:25.902,staggered,8.4,574.5,177.8,40.3,1103.0,62.2,2400,0.0,0.0,15317,-699,56,discharging,None,None
20:48:26.411,staggered,8.4,574.5,177.8,40.2,1102.8,65.5,2400,0.0,0.0,15357,-573,56,discharging,None,None
20:48:26.916,staggered,6.7,408.4,177.8,70.4,1114.0,66.1,2400,0.0,0.0,15310,-594,56,discharging,None,None
20:48:27.426,staggered,6.7,408.4,161.9,11.4,1113.7,62.8,2400,0.0,0.0,15350,-645,56,discharging,None,None
20:48:27.929,staggered,8.3,406.8,161.9,82.3,1112.6,63.9,2400,0.0,0.0,15317,-623,56,discharging,None,None
20:48:28.433,staggered,8.3,406.8,171.2,36.7,1112.6,63.4,2400,0.0,0.0,15350,-629,56,discharging,None,None
20:48:28.940,staggered,8.3,406.8,171.2,63.4,1110.6,67.2,2400,0.0,0.0,15351,-576,56,discharging,None,None
20:48:29.443,staggered,8.3,403.5,171.2,21.5,1110.3,62.2,2400,0.0,0.0,15341,-620,56,discharging,None,None
20:48:29.951,staggered,8.3,403.5,159.6,59.8,1110.2,65.5,2400,0.0,0.0,15322,-610,56,discharging,None,None
20:48:30.455,staggered,8.3,396.0,159.6,58.6,1109.8,63.4,2400,0.0,0.0,15310,-651,56,discharging,None,None
20:48:30.963,staggered,8.3,396.0,159.6,17.5,1109.0,64.5,2400,0.0,0.0,15358,-591,56,discharging,None,None
20:48:31.467,staggered,8.4,433.3,188.9,99.5,1109.0,66.1,2400,0.0,0.0,15321,-579,56,discharging,None,None
20:48:31.970,staggered,8.4,433.3,188.9,4.0,1108.0,62.2,2400,0.0,0.0,15346,-657,56,discharging,None,None
20:48:32.487,staggered,8.4,433.3,188.9,44.8,1111.8,65.0,2400,0.0,0.0,15359,-520,56,discharging,None,None
20:48:32.991,staggered,8.3,433.3,597.0,100.0,1111.8,67.8,2400,0.0,0.0,15311,-618,56,discharging,None,None
20:48:33.495,staggered,8.3,790.5,597.0,17.4,1111.3,61.1,2400,0.0,0.0,15337,-720,56,discharging,None,None
20:48:34.003,staggered,8.4,790.5,597.0,30.2,1111.6,66.1,2400,0.0,0.0,15356,-543,56,discharging,None,None
20:48:34.508,staggered,8.4,790.5,597.0,100.0,1111.6,67.2,2400,0.0,0.0,15317,-594,56,discharging,None,None
20:48:35.011,staggered,8.3,735.6,477.4,19.9,1110.0,62.8,2400,0.0,0.0,15330,-709,56,discharging,None,None
20:48:35.519,staggered,8.3,735.6,477.4,26.3,1110.0,65.0,2400,0.0,0.0,15358,-552,56,discharging,None,None
20:48:36.022,staggered,8.3,475.3,245.8,97.1,1108.9,66.7,2400,0.0,0.0,15315,-590,56,discharging,None,None
20:48:36.526,staggered,8.3,475.3,245.8,1.5,1108.9,62.2,2400,0.0,0.0,15346,-665,56,discharging,None,None
20:48:37.032,staggered,8.3,475.3,245.8,73.6,1110.1,66.7,2400,0.0,0.0,15353,-559,56,discharging,None,None
20:48:37.536,staggered,8.2,407.2,337.1,62.4,1109.4,62.8,2400,0.0,0.0,15341,-633,56,discharging,None,None
20:48:38.044,staggered,8.2,407.2,337.1,34.3,1108.8,65.0,2400,0.0,0.0,15350,-632,56,discharging,None,None
20:48:38.547,staggered,8.2,419.5,337.1,53.2,1108.8,62.8,2400,0.0,0.0,15314,-623,56,discharging,None,None
20:48:39.051,staggered,7.6,419.5,160.9,36.5,1107.2,61.7,2400,0.0,0.0,15356,-607,56,discharging,None,None
20:48:39.555,staggered,7.6,393.6,160.9,81.6,1107.2,64.5,2400,0.0,0.0,15321,-584,56,discharging,None,None
20:48:40.058,staggered,8.3,393.6,160.9,2.0,1107.0,61.7,2400,0.0,0.0,15346,-624,56,discharging,None,None
20:48:40.567,staggered,8.3,393.6,158.9,89.1,1107.2,66.7,2400,0.0,0.0,15325,-578,56,discharging,None,None
20:48:41.071,staggered,8.3,395.9,158.9,28.1,1106.9,61.7,2400,0.0,0.0,15311,-650,56,discharging,None,None
20:48:41.583,staggered,8.3,395.9,158.9,26.0,1106.9,63.9,2400,0.0,0.0,15356,-578,56,discharging,None,None
20:48:42.088,staggered,8.3,395.9,438.5,100.0,1106.9,67.8,2400,0.0,0.0,15319,-570,56,discharging,None,None
20:48:42.591,staggered,8.3,643.0,438.5,13.9,1106.0,62.8,2400,0.0,0.0,15330,-686,56,discharging,None,None
20:48:43.099,staggered,8.3,643.0,438.5,33.7,1105.5,63.9,1900,0.0,0.0,15358,-554,56,discharging,None,None
20:48:43.603,staggered,8.2,643.0,430.7,100.0,1105.5,67.2,2400,0.0,0.0,15319,-571,56,discharging,None,None
20:48:44.107,staggered,8.2,705.8,430.7,11.9,1105.2,62.2,2400,0.0,0.0,15331,-683,56,discharging,None,None
20:48:44.615,staggered,8.4,705.8,430.7,36.3,1105.2,65.0,2400,0.0,0.0,15359,-549,56,discharging,None,None
20:48:45.119,staggered,8.4,589.5,379.1,99.0,1105.2,66.1,2400,0.0,0.0,15317,-588,56,discharging,None,None
20:48:45.622,staggered,8.4,589.5,379.1,3.5,1104.7,61.1,2400,0.0,0.0,15343,-684,56,discharging,None,None
20:48:46.131,staggered,8.4,589.5,379.1,60.2,1104.7,66.1,2400,0.0,0.0,15359,-542,56,discharging,None,None
20:48:46.634,staggered,8.4,395.4,159.2,57.1,1107.4,63.9,2400,0.0,0.0,15311,-608,56,discharging,None,None
20:48:47.143,staggered,8.3,395.4,159.2,24.9,1107.7,65.0,2400,0.0,0.0,15349,-641,56,discharging,None,None
20:48:47.647,staggered,8.3,395.2,159.2,59.3,1107.7,63.4,2400,0.0,0.0,15315,-611,56,discharging,None,None
20:48:48.151,staggered,8.3,395.2,158.9,36.3,1107.3,62.2,2400,0.0,0.0,15327,-652,56,discharging,None,None
20:48:48.654,staggered,8.3,402.9,158.9,82.2,1107.7,66.1,2400,0.0,0.0,15346,-572,56,discharging,None,None
20:48:49.163,staggered,8.3,402.9,158.9,28.9,1107.3,66.7,2400,0.0,0.0,15344,-591,56,discharging,None,None
20:48:49.668,staggered,8.3,402.9,171.9,32.4,1108.2,63.9,2400,0.0,0.0,15335,-602,56,discharging,None,None
20:48:50.172,staggered,8.3,409.5,171.9,71.4,1108.4,63.4,2400,0.0,0.0,15318,-614,56,discharging,None,None
20:48:50.676,staggered,7.9,409.5,167.4,36.8,1108.4,64.5,2400,0.0,0.0,15345,-605,56,discharging,None,None
20:48:51.185,staggered,7.9,409.5,167.4,75.0,1107.7,67.2,2400,0.0,0.0,15349,-577,56,discharging,None,None
20:48:51.689,staggered,7.9,402.6,167.4,9.0,1107.5,61.7,2400,0.0,0.0,15326,-653,56,discharging,None,None
20:48:52.196,staggered,8.3,402.6,165.4,71.9,1105.9,66.7,2400,0.0,0.0,15353,-612,56,discharging,None,None
20:48:52.699,staggered,8.3,395.5,165.4,46.0,1106.1,62.8,2400,0.0,0.0,15309,-646,56,discharging,None,None
20:48:53.215,staggered,8.4,395.5,165.4,17.7,1106.1,62.8,1900,0.0,0.0,15355,-609,56,discharging,None,None
20:48:53.719,staggered,8.4,395.5,368.9,100.0,1106.1,66.7,2400,0.0,0.0,15328,-527,56,discharging,None,None
20:48:54.222,staggered,8.4,568.7,368.9,17.7,1107.3,62.2,2400,0.0,0.0,15306,-668,56,discharging,None,None
20:48:54.735,staggered,8.3,568.7,368.9,31.5,1107.3,65.5,2400,0.0,0.0,15354,-516,56,discharging,None,None
20:48:55.239,staggered,8.3,568.7,528.2,100.0,1107.3,66.7,2400,0.0,0.0,15309,-647,56,discharging,None,None
20:48:55.742,staggered,8.3,750.1,528.2,24.3,1106.5,62.2,2400,0.0,0.0,15303,-714,56,discharging,None,None
20:48:56.247,staggered,8.3,750.1,528.2,24.8,1106.3,65.0,2400,0.0,0.0,15353,-598,56,discharging,None,None
20:48:56.755,staggered,8.3,588.1,528.2,100.0,1106.3,67.2,2400,0.0,0.0,15318,-637,56,discharging,None,None
20:48:57.258,staggered,8.3,588.1,359.8,12.9,1106.3,62.8,2400,0.0,0.0,15309,-685,56,discharging,None,None
20:48:57.771,staggered,8.3,588.1,359.8,50.0,1106.3,66.7,2400,0.0,0.0,15346,-538,56,discharging,None,None
20:48:58.275,staggered,8.3,403.4,167.9,69.5,1105.6,63.9,2400,0.0,0.0,15328,-652,56,discharging,None,None
20:48:58.783,staggered,8.3,403.4,167.9,12.9,1105.6,63.4,2400,0.0,0.0,15357,-599,56,discharging,None,None
20:48:59.286,staggered,8.3,399.0,167.9,71.6,1105.0,63.9,2400,0.0,0.0,15307,-591,56,discharging,None,None
20:48:59.790,staggered,8.3,399.0,158.1,35.5,1105.3,62.8,2400,0.0,0.0,15328,-652,56,discharging,None,None
20:49:00.303,staggered,8.3,399.0,158.1,75.0,1105.0,67.2,2400,0.0,0.0,15319,-596,56,discharging,None,None
20:49:00.808,staggered,8.3,403.2,158.1,26.6,1105.0,63.9,2400,0.0,0.0,15344,-590,56,discharging,None,None
20:49:01.312,staggered,8.3,403.2,159.8,55.0,1104.7,66.1,2400,0.0,0.0,15349,-577,56,discharging,None,None
20:49:01.816,staggered,8.2,576.2,159.8,55.7,1104.0,62.8,2400,0.0,0.0,15319,-664,56,discharging,None,None
20:49:02.319,staggered,8.2,576.2,162.7,36.0,1104.2,62.8,2400,0.0,0.0,15351,-625,56,discharging,None,None
20:49:02.827,staggered,8.0,576.2,162.7,63.4,1104.2,67.2,2400,0.0,0.0,15331,-573,56,discharging,None,None
20:49:03.330,staggered,8.0,402.1,162.7,20.9,1105.9,61.7,1900,0.0,0.0,15340,-613,56,discharging,None,None
20:49:03.839,staggered,8.0,402.1,186.7,66.0,1106.6,65.0,2400,0.0,0.0,15328,-578,56,discharging,None,None
20:49:04.342,staggered,8.3,395.1,186.7,57.1,1109.2,62.2,2400,0.0,0.0,15302,-651,56,discharging,None,None
20:49:04.852,staggered,8.3,395.1,186.7,5.5,1109.1,62.2,2400,0.0,0.0,15351,-605,55,discharging,None,None
20:49:05.356,staggered,8.3,395.1,332.6,100.0,1109.9,66.1,2400,0.0,0.0,15314,-591,55,discharging,None,None
20:49:05.859,staggered,8.3,565.3,332.6,27.9,1109.3,62.8,2400,0.0,0.0,15340,-694,55,discharging,None,None
20:49:06.372,staggered,8.3,565.3,332.6,21.8,1109.1,63.9,2400,0.0,0.0,15352,-558,55,discharging,None,None
20:49:06.877,staggered,8.3,565.3,436.2,100.0,1108.4,66.7,2400,0.0,0.0,15308,-618,55,discharging,None,None
20:49:07.380,staggered,8.3,714.0,436.2,26.0,1108.4,62.2,2400,0.0,0.0,15338,-713,55,discharging,None,None
20:49:07.888,staggered,8.5,714.0,436.2,21.1,1108.4,65.0,2400,0.0,0.0,15352,-551,55,discharging,None,None
20:49:08.395,staggered,8.5,714.0,436.2,100.0,1108.4,67.8,2400,0.0,0.0,15310,-619,55,discharging,None,None
20:49:08.898,staggered,8.3,719.7,481.3,29.6,1108.4,62.8,2400,0.0,0.0,15332,-723,55,discharging,None,None
20:49:09.407,staggered,8.3,719.7,481.3,20.0,1108.4,64.5,2400,0.0,0.0,15352,-561,55,discharging,None,None
20:49:09.911,staggered,8.3,451.0,225.6,100.0,1108.6,67.2,2400,0.0,0.0,15306,-621,55,discharging,None,None
20:49:10.414,staggered,8.3,451.0,225.6,5.9,1108.8,61.7,2400,0.0,0.0,15341,-682,55,discharging,None,None
20:49:10.923,staggered,8.3,451.0,225.6,71.6,1109.3,66.1,2400,0.0,0.0,15334,-583,55,discharging,None,None
20:49:11.426,staggered,8.3,402.9,160.8,47.3,1107.3,63.4,2400,0.0,0.0,15334,-649,55,discharging,None,None
20:49:11.935,staggered,8.3,402.9,160.8,34.0,1107.3,65.5,2400,0.0,0.0,15353,-583,55,discharging,None,None
20:49:12.439,staggered,8.4,415.3,160.8,52.0,1107.0,62.8,2400,0.0,0.0,15304,-600,55,discharging,None,None
20:49:12.942,staggered,8.4,415.3,174.8,38.1,1106.4,62.2,2400,0.0,0.0,15316,-656,55,discharging,None,None
20:49:13.446,staggered,8.4,395.2,174.8,82.6,1106.4,64.5,2400,0.0,0.0,15315,-611,55,discharging,None,None
20:49:13.955,staggered,8.3,395.2,174.8,30.8,1105.1,65.5,2400,0.0,0.0,15341,-599,55,discharging,None,None
20:49:14.459,staggered,8.3,395.2,175.8,72.9,1105.1,66.1,2400,0.0,0.0,15350,-588,55,discharging,None,None
20:49:14.963,staggered,7.9,394.0,175.8,27.7,1104.9,62.2,2400,0.0,0.0,15336,-655,55,discharging,None,None
20:49:15.475,staggered,7.9,394.0,175.8,48.0,1104.9,65.0,2400,0.0,0.0,15353,-578,55,discharging,None,None
20:49:15.978,staggered,7.9,496.4,326.9,81.7,1104.3,63.9,2400,0.0,0.0,15305,-637,55,discharging,None,None
20:49:16.482,staggered,8.3,496.4,326.9,2.5,1104.3,61.7,2400,0.0,0.0,15345,-650,55,discharging,None,None
20:49:16.994,staggered,8.3,496.4,326.9,64.4,1104.8,66.1,2400,0.0,0.0,15348,-515,55,discharging,None,None
20:49:17.498,staggered,8.3,730.7,496.0,83.3,1104.6,64.5,2400,0.0,0.0,15307,-662,55,discharging,None,None
20:49:18.002,staggered,8.3,730.7,496.0,2.0,1104.6,62.2,2400,0.0,0.0,15345,-662,55,discharging,None,None
20:49:18.516,staggered,8.3,730.7,496.0,62.8,1104.6,65.5,2400,0.0,0.0,15355,-516,55,discharging,None,None
20:49:19.019,staggered,8.3,603.5,371.6,66.8,1104.3,62.8,2400,0.0,0.0,15306,-660,55,discharging,None,None
20:49:19.523,staggered,8.3,603.5,371.6,3.0,1104.3,62.2,2400,0.0,0.0,15350,-635,55,discharging,None,None
20:49:20.027,staggered,8.3,407.7,371.6,83.1,1104.6,65.5,2400,0.0,0.0,15331,-525,55,discharging,None,None
20:49:20.530,staggered,8.3,407.7,160.0,36.6,1104.3,62.2,2400,0.0,0.0,15305,-651,55,discharging,None,None
20:49:21.039,staggered,8.3,407.7,160.0,45.0,1103.9,66.1,2400,0.0,0.0,15353,-579,55,discharging,None,None
20:49:21.543,staggered,8.3,406.7,150.7,69.1,1103.9,65.0,2400,0.0,0.0,15305,-592,55,discharging,None,None
20:49:22.048,staggered,8.3,406.7,150.7,6.5,1103.6,62.8,2400,0.0,0.0,15348,-643,55,discharging,None,None
20:49:22.551,staggered,8.3,370.9,150.7,70.0,1103.6,62.2,2400,0.0,0.0,15312,-611,55,discharging,None,None
20:49:23.055,staggered,8.3,370.9,151.3,32.3,1103.6,62.2,2400,0.0,0.0,15348,-609,55,discharging,None,None
20:49:23.562,staggered,8.3,363.6,151.3,72.8,1103.6,66.7,2400,0.0,0.0,15342,-563,55,discharging,None,None
20:49:24.066,staggered,8.3,363.6,151.3,2.0,1103.6,60.6,1500,0.0,0.0,15346,-591,55,discharging,None,None
20:49:24.575,staggered,8.3,363.6,171.5,78.6,1103.6,66.1,2400,0.0,0.0,15336,-542,55,discharging,None,None
20:49:25.078,staggered,8.3,362.5,171.5,32.8,1102.9,61.1,2400,0.0,0.0,15305,-603,55,discharging,None,None
20:49:25.591,staggered,8.3,362.5,171.5,24.1,1102.9,64.5,2400,0.0,0.0,15353,-575,55,discharging,None,None
20:49:26.094,staggered,8.3,499.6,283.6,89.2,1102.9,64.5,2400,0.0,0.0,15315,-570,55,discharging,None,None
20:49:26.598,staggered,8.3,499.6,283.6,0.5,1102.9,60.6,2400,0.0,0.0,15341,-643,55,discharging,None,None
20:49:27.110,staggered,8.3,499.6,283.6,56.1,1102.9,65.0,2400,0.0,0.0,15357,-512,55,discharging,None,None
20:49:27.614,staggered,8.3,744.5,618.8,96.6,1103.1,66.1,2400,0.0,0.0,15306,-618,55,discharging,None,None
20:49:28.118,staggered,8.3,744.5,618.8,0.0,1103.1,61.1,2400,0.0,0.0,15343,-692,55,discharging,None,None
20:49:28.628,staggered,8.3,744.5,618.8,50.2,1103.1,65.0,2400,0.0,0.0,15355,-513,55,discharging,None,None
20:49:29.131,staggered,8.3,366.2,150.8,56.7,1103.1,62.8,2400,0.0,0.0,15309,-610,55,discharging,None,None
20:49:29.639,staggered,8.3,366.2,150.8,19.9,1103.8,63.4,2400,0.0,0.0,15348,-629,55,discharging,None,None
20:49:30.144,staggered,8.3,373.4,150.8,61.4,1103.3,62.8,2400,0.0,0.0,15313,-560,55,discharging,None,None
20:49:30.647,staggered,8.3,373.4,148.1,28.2,1103.3,61.7,2400,0.0,0.0,15311,-615,55,discharging,None,None
20:49:31.151,staggered,8.3,365.1,148.1,75.1,1103.3,63.4,2400,0.0,0.0,15337,-566,55,discharging,None,None
20:49:31.654,staggered,8.3,365.1,150.9,32.0,1103.3,63.9,2400,0.0,0.0,15343,-573,55,discharging,None,None
20:49:32.164,staggered,8.3,365.1,150.9,57.3,1102.9,66.1,2400,0.0,0.0,15351,-572,55,discharging,None,None
20:49:32.668,staggered,8.3,366.8,150.9,18.0,1102.9,61.7,2400,0.0,0.0,15312,-632,55,discharging,None,None
20:49:33.176,staggered,8.3,366.8,154.8,58.6,1103.9,64.5,2400,0.0,0.0,15353,-597,55,discharging,None,None
20:49:33.679,staggered,8.3,367.8,154.8,49.3,1104.6,62.8,2400,0.0,0.0,15307,-626,55,discharging,None,None
20:49:34.191,staggered,8.3,367.8,154.8,2.5,1104.7,61.1,2400,0.0,0.0,15351,-605,55,discharging,None,None
20:49:34.696,staggered,8.3,367.8,391.9,100.0,1104.7,64.5,1900,0.0,0.0,15323,-514,55,discharging,None,None
20:49:35.200,staggered,8.3,586.6,391.9,24.3,1104.7,61.1,2400,0.0,0.0,15305,-651,55,discharging,None,None
20:49:35.708,staggered,8.3,586.6,391.9,21.2,1104.7,63.9,2400,0.0,0.0,15352,-572,55,discharging,None,None
20:49:36.223,staggered,8.3,586.6,459.6,100.0,1104.7,66.1,2400,0.0,0.0,15314,-542,55,discharging,None,None
20:49:36.726,staggered,8.3,666.2,459.6,13.7,1104.0,61.1,2400,0.0,0.0,15311,-681,55,discharging,None,None
20:49:37.235,staggered,8.3,666.2,459.6,31.8,1104.0,64.5,2400,0.0,0.0,15353,-504,55,discharging,None,None
20:49:37.739,staggered,8.3,369.9,165.9,75.2,1104.0,62.8,2400,0.0,0.0,15306,-633,55,discharging,None,None
20:49:38.245,staggered,8.3,369.9,165.9,0.5,1104.0,60.6,2400,0.0,0.0,15352,-599,55,discharging,None,None
20:49:38.748,staggered,8.3,362.3,165.9,74.4,1104.5,62.8,2400,0.0,0.0,15305,-573,55,discharging,None,None
20:49:39.252,staggered,8.3,362.3,161.2,33.0,1103.8,62.2,2400,0.0,0.0,15340,-634,55,discharging,None,None
20:49:39.761,staggered,8.3,362.3,161.2,70.2,1103.8,65.0,1900,0.0,0.0,15314,-598,55,discharging,None,None
20:49:40.265,staggered,8.3,371.6,161.2,27.4,1103.8,65.0,2400,0.0,0.0,15348,-575,55,discharging,None,None
20:49:40.771,staggered,8.3,371.6,151.9,50.0,1103.8,66.7,2400,0.0,0.0,15343,-555,55,discharging,None,None
20:49:41.274,staggered,8.3,367.0,151.9,36.8,1103.6,62.2,2400,0.0,0.0,15341,-623,55,discharging,None,None
20:49:41.783,staggered,8.3,367.0,147.4,39.3,1103.6,63.9,2400,0.0,0.0,15335,-592,55,discharging,None,None
20:49:42.287,staggered,8.3,362.9,147.4,67.6,1105.0,62.8,2400,0.0,0.0,15305,-633,55,discharging,None,None
20:49:42.791,staggered,8.3,362.9,147.4,0.0,1106.6,61.1,2400,0.0,0.0,15352,-574,55,discharging,None,None
20:49:43.299,staggered,8.3,362.9,295.3,86.6,1106.6,65.5,2400,0.0,0.0,15317,-553,55,discharging,None,None
20:49:43.802,staggered,8.3,512.6,295.3,28.6,1106.6,61.7,2400,0.0,0.0,15340,-647,55,discharging,None,None
20:49:44.311,staggered,8.3,512.6,295.3,15.9,1106.4,61.7,2400,0.0,0.0,15355,-521,55,discharging,None,None
20:49:44.815,staggered,8.3,512.6,402.9,100.0,1106.4,66.1,2400,0.0,0.0,15303,-610,55,discharging,None,None
20:49:45.319,staggered,8.3,625.1,402.9,11.4,1106.0,61.7,2400,0.0,0.0,15342,-657,55,discharging,None,None
20:49:45.827,staggered,8.3,625.1,402.9,34.3,1106.9,65.0,2400,0.0,0.0,15354,-498,55,discharging,None,None
20:49:46.330,staggered,8.3,480.5,273.6,83.7,1106.7,62.8,2400,0.0,0.0,15304,-646,55,discharging,None,None
20:49:46.834,staggered,8.3,480.5,273.6,0.5,1108.5,61.7,2400,0.0,0.0,15349,-629,55,discharging,None,None
20:49:47.337,staggered,8.3,363.7,273.6,74.8,1108.8,64.5,2400,0.0,0.0,15310,-552,55,discharging,None,None
20:49:47.841,staggered,8.3,363.7,149.0,32.0,1107.1,61.7,2400,0.0,0.0,15317,-632,55,discharging,None,None
20:49:48.348,staggered,8.3,363.7,149.0,50.2,1107.1,65.5,2400,0.0,0.0,15343,-565,55,discharging,None,None
20:49:48.853,staggered,8.3,367.1,149.0,38.8,1107.8,65.0,2400,0.0,0.0,15342,-573,55,discharging,None,None
20:49:49.360,staggered,8.3,367.1,151.4,37.9,1107.2,64.5,2400,0.0,0.0,15347,-580,55,discharging,None,None
20:49:49.864,staggered,8.3,367.4,151.4,56.0,1111.3,61.7,2400,0.0,0.0,15304,-633,55,discharging,None,None
20:49:50.367,staggered,8.3,367.4,167.2,35.5,1111.3,61.7,2400,0.0,0.0,15357,-592,55,discharging,None,None
20:49:50.871,staggered,8.3,363.1,167.2,74.8,1109.8,63.4,2400,0.0,0.0,15308,-593,55,discharging,None,None
20:49:51.375,staggered,8.3,363.1,167.2,0.0,1109.8,60.0,2400,0.0,0.0,15349,-592,55,discharging,None,None
20:49:51.883,staggered,8.3,363.1,315.9,74.6,1109.4,65.5,2400,0.0,0.0,15318,-537,55,discharging,None,None
20:49:52.387,staggered,8.3,496.3,315.9,46.1,1108.3,62.2,2400,0.0,0.0,15312,-657,55,discharging,None,None
20:49:52.890,staggered,8.3,496.3,315.9,0.0,1108.1,60.0,2400,0.0,0.0,15351,-564,55,discharging,None,None
20:49:53.402,staggered,8.3,496.3,374.2,99.0,1108.1,65.5,2400,0.0,0.0,15313,-565,55,discharging,None,None
20:49:53.906,staggered,8.3,594.6,374.2,20.4,1107.1,61.1,2400,0.0,0.0,15340,-653,55,discharging,None,None
20:49:54.415,staggered,8.3,594.6,374.2,23.8,1107.1,63.9,2400,0.0,0.0,15352,-515,55,discharging,None,None
20:49:54.919,staggered,8.3,475.2,281.3,94.6,1105.7,65.0,2400,0.0,0.0,15303,-610,55,discharging,None,None
20:49:55.422,staggered,8.3,475.2,281.3,0.5,1106.6,61.1,1900,0.0,0.0,15342,-652,55,discharging,None,None
20:49:55.932,staggered,8.3,475.2,281.3,71.1,1107.3,65.5,2400,0.0,0.0,15341,-522,55,discharging,None,None
20:49:56.436,staggered,8.3,378.2,148.7,39.2,1107.6,61.7,2400,0.0,0.0,15317,-608,55,discharging,None,None
20:49:56.944,staggered,8.3,378.2,148.7,39.1,1107.6,65.5,2400,0.0,0.0,15352,-570,55,discharging,None,None
20:49:57.450,staggered,8.3,362.8,148.7,40.1,1107.2,62.8,2400,0.0,0.0,15319,-574,55,discharging,None,None
20:49:57.959,staggered,8.3,362.8,151.7,36.8,1106.0,62.8,2400,0.0,0.0,15340,-617,55,discharging,None,None
20:49:58.463,staggered,8.3,364.8,151.7,66.2,1106.7,62.2,2400,0.0,0.0,15307,-632,55,discharging,None,None
20:49:58.966,staggered,8.3,364.8,151.1,32.3,1106.2,63.4,2400,0.0,0.0,15351,-582,55,discharging,None,None
20:49:59.470,staggered,8.3,360.3,151.1,74.6,1106.2,65.0,2400,0.0,0.0,15313,-575,55,discharging,None,None
20:49:59.973,staggered,8.3,360.3,151.1,0.0,1106.4,60.6,2400,0.0,0.0,15339,-623,55,discharging,None,None
20:50:00.480,staggered,8.3,360.3,213.1,69.1,1106.5,66.7,2400,0.0,0.0,15336,-551,55,discharging,None,None
20:50:00.984,staggered,8.3,439.9,213.1,42.0,1106.6,62.2,1500,0.0,0.0,15302,-638,55,discharging,None,None
20:50:01.495,staggered,8.3,439.9,213.1,3.4,1106.6,60.6,1500,0.0,0.0,15356,-547,55,discharging,None,None
20:50:02.007,staggered,8.3,439.9,213.1,100.0,1106.6,65.5,2400,0.0,0.0,15321,-499,55,discharging,None,None
20:50:02.510,staggered,8.3,709.6,496.8,38.9,1106.4,61.7,2400,0.0,0.0,15301,-667,55,discharging,None,None
20:50:03.020,staggered,8.3,709.6,496.8,5.0,1105.9,62.2,2400,0.0,0.0,15349,-571,55,discharging,None,None
20:50:03.524,staggered,8.3,709.6,496.8,100.0,1105.9,66.1,2400,0.0,0.0,15309,-556,55,discharging,None,None
20:50:04.028,staggered,8.3,554.9,339.4,15.1,1112.1,61.1,2400,0.0,0.0,15335,-656,55,discharging,None,None
20:50:04.536,staggered,8.3,554.9,339.4,38.5,1112.1,65.0,2400,0.0,0.0,15353,-527,55,discharging,None,None
20:50:05.039,staggered,8.3,363.8,153.6,68.8,1109.5,63.4,2400,0.0,0.0,15303,-590,55,discharging,None,None
20:50:05.547,staggered,8.3,363.8,153.6,7.4,1109.5,62.8,2400,0.0,0.0,15342,-633,55,discharging,None,None
20:50:06.051,staggered,8.3,363.1,153.6,67.3,1108.8,61.1,2400,0.0,0.0,15307,-605,55,discharging,None,None
20:50:06.555,staggered,8.3,363.1,149.7,33.5,1108.8,62.2,2400,0.0,0.0,15322,-632,55,discharging,None,None
20:50:07.064,staggered,16.2,363.1,149.7,77.2,1108.4,65.0,2400,0.0,0.0,15342,-547,55,discharging,None,None
20:50:07.568,staggered,16.2,404.5,149.7,23.5,1108.1,64.5,2400,0.0,0.0,15340,-573,55,discharging,None,None
20:50:08.072,staggered,16.2,404.5,167.3,60.2,1107.2,65.5,2400,0.0,0.0,15334,-589,55,discharging,None,None
20:50:08.575,staggered,8.3,397.1,167.3,44.0,1107.2,60.6,2400,0.0,0.0,15300,-652,55,discharging,None,None
20:50:09.085,staggered,8.3,397.1,163.2,37.6,1106.5,63.4,2400,0.0,0.0,15347,-593,55,discharging,None,None
20:50:09.589,staggered,8.3,398.7,163.2,80.3,1106.5,63.4,2400,0.0,0.0,15302,-605,55,discharging,None,None
20:50:10.093,staggered,8.3,398.7,163.2,3.0,1106.5,61.7,2400,0.0,0.0,15339,-648,55,discharging,None,None
20:50:10.603,staggered,8.3,398.7,163.2,74.9,1106.5,66.7,2400,0.0,0.0,15341,-533,55,discharging,None,None
20:50:11.106,staggered,8.3,791.0,435.5,92.0,1105.9,64.5,2400,0.0,0.0,15303,-664,55,discharging,None,None
20:50:11.610,staggered,8.3,791.0,435.5,2.5,1105.9,61.1,2400,0.0,0.0,15337,-674,55,discharging,None,None
20:50:12.122,staggered,8.3,791.0,435.5,52.0,1105.1,64.5,2400,0.0,0.0,15350,-502,55,discharging,None,None
20:50:12.625,staggered,6.7,689.2,486.8,91.1,1104.9,63.9,2400,0.0,0.0,15305,-617,55,discharging,None,None
20:50:13.129,staggered,6.7,689.2,486.8,2.0,1104.6,60.6,2400,0.0,0.0,15338,-685,55,discharging,None,None
20:50:13.641,staggered,8.4,689.2,486.8,55.6,1104.6,65.0,2400,0.0,0.0,15352,-519,55,discharging,None,None
20:50:14.144,staggered,8.4,717.4,456.0,88.6,1104.4,63.4,2400,0.0,0.0,15303,-630,55,discharging,None,None
20:50:14.648,staggered,8.3,717.4,456.0,2.5,1104.4,61.1,2400,0.0,0.0,15338,-685,55,discharging,None,None
20:50:15.156,staggered,8.3,717.4,456.0,55.7,1104.0,65.5,2400,0.0,0.0,15349,-510,55,discharging,None,None
20:50:15.659,staggered,8.3,527.0,297.5,73.1,1104.0,63.4,2400,0.0,0.0,15300,-630,55,discharging,None,None
20:50:16.163,staggered,8.3,527.0,297.5,2.5,1104.0,61.1,2400,0.0,0.0,15338,-662,55,discharging,None,None
20:50:16.666,staggered,8.3,407.6,297.5,83.6,1103.8,63.9,2400,0.0,0.0,15328,-551,55,discharging,None,None
20:50:17.170,staggered,8.3,407.6,160.9,36.1,1104.7,62.2,2400,0.0,0.0,15312,-654,55,discharging,None,None
20:50:17.680,staggered,8.3,407.6,160.9,52.2,1104.7,65.0,2400,0.0,0.0,15346,-582,55,discharging,None,None
20:50:18.184,staggered,8.3,403.2,160.9,55.9,1104.5,64.5,2400,0.0,0.0,15298,-593,55,discharging,None,None
20:50:18.688,staggered,8.3,403.2,162.6,27.2,1104.5,63.4,2400,0.0,0.0,15326,-653,55,discharging,None,None
20:50:19.191,staggered,8.3,399.8,162.6,69.7,1104.2,62.2,2400,0.0,0.0,15310,-612,55,discharging,None,None
20:50:19.695,staggered,8.4,399.8,158.4,35.8,1104.2,62.8,2400,0.0,0.0,15339,-590,55,discharging,None,None
20:50:20.201,staggered,8.4,399.8,158.4,76.1,1104.2,66.1,2400,0.0,0.0,15339,-576,55,discharging,None,None
20:50:20.705,staggered,8.3,398.2,158.4,9.4,1104.2,62.2,2400,0.0,0.0,15325,-651,55,discharging,None,None
20:50:21.212,staggered,8.3,398.2,164.3,73.8,1104.0,65.5,2400,0.0,0.0,15340,-605,55,discharging,None,None
20:50:21.716,staggered,8.3,404.5,164.3,46.3,1104.0,62.8,2400,0.0,0.0,15301,-651,55,discharging,None,None
20:50:22.233,staggered,8.3,404.5,164.3,15.3,1104.0,62.2,1900,0.0,0.0,15346,-598,55,discharging,None,None
20:50:22.738,staggered,8.3,404.5,450.7,100.0,1108.3,65.5,2400,0.0,0.0,15321,-513,55,discharging,None,None
20:50:23.241,staggered,8.3,627.0,450.7,35.8,1109.4,62.2,2400,0.0,0.0,15296,-670,55,discharging,None,None
20:50:23.748,staggered,8.3,627.0,450.7,21.2,1109.4,63.9,2400,0.0,0.0,15344,-605,55,discharging,None,None
20:50:24.259,staggered,7.9,627.0,450.7,100.0,1109.4,66.7,2400,0.0,0.0,15312,-553,55,discharging,None,None
20:50:24.762,staggered,7.9,737.0,488.1,31.9,1109.0,62.2,2400,0.0,0.0,15299,-701,55,discharging,None,None
20:50:25.271,staggered,7.9,737.0,488.1,16.9,1107.2,63.4,2400,0.0,0.0,15346,-597,55,discharging,None,None
20:50:25.779,staggered,8.4,567.4,488.1,100.0,1107.2,66.1,2400,0.0,0.0,15311,-539,55,discharging,None,None
20:50:26.282,staggered,8.4,567.4,358.6,21.7,1107.0,61.7,2400,0.0,0.0,15300,-682,55,discharging,None,None
20:50:26.791,staggered,8.3,567.4,358.6,46.3,1107.2,66.1,2400,0.0,0.0,15346,-581,55,discharging,None,None
20:50:27.294,staggered,8.3,399.0,170.6,72.4,1106.4,63.4,2400,0.0,0.0,15306,-590,55,discharging,None,None
20:50:27.804,staggered,8.3,399.0,170.6,10.0,1106.4,63.4,2400,0.0,0.0,15342,-653,55,discharging,None,None
20:50:28.311,staggered,8.3,399.4,170.6,73.8,1105.2,62.8,2400,0.0,0.0,15320,-582,55,discharging,None,None
20:50:28.815,staggered,8.3,399.4,158.4,36.3,1105.7,61.1,2400,0.0,0.0,15336,-612,55,discharging,None,None
20:50:29.323,staggered,8.3,399.4,158.4,72.1,1105.2,66.7,2400,0.0,0.0,15340,-581,55,discharging,None,None
20:50:29.827,staggered,8.3,397.2,158.4,20.7,1105.4,62.8,2400,0.0,0.0,15300,-632,55,discharging,None,None
20:50:30.331,staggered,8.3,397.2,159.6,62.6,1105.2,66.1,2400,0.0,0.0,15319,-642,55,discharging,None,None
20:50:30.835,staggered,8.3,397.4,159.6,49.0,1106.4,61.7,2400,0.0,0.0,15303,-628,55,discharging,None,None
20:50:31.339,staggered,8.3,397.4,171.9,37.3,1106.4,64.5,2400,0.0,0.0,15340,-599,55,discharging,None,None
20:50:31.842,staggered,8.3,396.2,171.9,81.0,1106.0,63.9,2400,0.0,0.0,15298,-649,55,discharging,None,None
20:50:32.346,staggered,8.3,396.2,171.9,2.5,1106.0,61.7,2400,0.0,0.0,15345,-617,55,discharging,None,None
20:50:32.858,staggered,8.2,396.2,171.9,67.2,1106.0,65.0,2400,0.0,0.0,15333,-488,55,discharging,None,None
20:50:33.362,staggered,8.2,675.9,487.5,77.5,1105.3,62.8,2400,0.0,0.0,15296,-663,55,discharging,None,None
20:50:33.866,staggered,8.5,675.9,487.5,2.0,1105.2,61.1,2400,0.0,0.0,15345,-617,55,discharging,None,None
20:50:34.376,staggered,8.5,675.9,487.5,68.1,1105.2,66.7,2400,0.0,0.0,15313,-521,55,discharging,None,None
20:50:34.880,staggered,8.5,716.8,477.8,77.6,1112.6,62.8,2400,0.0,0.0,15296,-699,55,discharging,None,None
20:50:35.383,staggered,8.3,716.8,477.8,10.9,1113.1,61.7,2400,0.0,0.0,15337,-628,55,discharging,None,None
20:50:35.891,staggered,8.3,716.8,477.8,67.7,1125.1,66.7,2400,0.0,0.0,15315,-535,55,discharging,None,None
20:50:36.394,staggered,7.9,521.2,288.3,60.5,1126.0,62.2,2400,0.0,0.0,15298,-670,55,discharging,None,None
20:50:36.903,staggered,7.9,521.2,288.3,9.3,1121.0,62.8,2400,0.0,0.0,15345,-584,55,discharging,None,None
20:50:37.408,staggered,7.9,407.7,288.3,84.5,1121.0,63.9,2400,0.0,0.0,15302,-591,55,discharging,None,None
20:50:37.912,staggered,8.3,407.7,163.4,32.4,1118.5,61.7,2400,0.0,0.0,15340,-654,55,discharging,None,None
20:50:38.420,staggered,8.3,407.7,163.4,67.5,1118.5,66.1,2400,0.0,0.0,15318,-580,55,discharging,None,None
20:50:38.923,staggered,8.4,406.6,158.6,52.0,1118.9,65.5,2400,0.0,0.0,15334,-615,55,discharging,None,None
20:50:39.431,staggered,8.4,406.6,158.6,28.5,1118.9,63.9,2400,0.0,0.0,15338,-580,55,discharging,None,None
20:50:39.935,staggered,8.3,407.6,158.6,56.2,1117.8,62.8,2400,0.0,0.0,15296,-633,55,discharging,None,None
20:50:40.438,staggered,8.3,407.6,171.9,38.1,1117.8,62.2,2400,0.0,0.0,15319,-652,55,discharging,None,None
20:50:40.942,staggered,8.3,402.5,171.9,82.0,1116.2,65.0,2400,0.0,0.0,15303,-620,55,discharging,None,None
20:50:41.445,staggered,8.3,402.5,171.9,2.0,1116.2,61.7,2400,0.0,0.0,15338,-593,55,discharging,None,None
20:50:41.958,staggered,8.3,402.5,162.8,85.1,1115.8,65.5,2400,0.0,0.0,15323,-576,55,discharging,None,None
20:50:42.461,staggered,8.3,396.8,162.8,32.3,1114.2,62.2,2400,0.0,0.0,15327,-653,55,discharging,None,None
20:50:42.975,staggered,8.3,396.8,162.8,27.9,1113.7,64.5,2400,0.0,0.0,15350,-541,55,discharging,None,None
20:50:43.479,staggered,8.3,396.8,476.0,100.0,1113.7,67.2,2400,0.0,0.0,15301,-585,55,discharging,None,None
20:50:43.982,staggered,8.3,657.5,476.0,20.0,1112.2,61.7,2400,0.0,0.0,15334,-688,55,discharging,None,None
20:50:44.491,staggered,8.3,657.5,476.0,27.1,1114.1,64.5,2400,0.0,0.0,15347,-531,55,discharging,None,None
20:50:44.999,staggered,8.3,657.5,476.0,100.0,1114.3,66.1,2400,0.0,0.0,15303,-609,55,discharging,None,None
20:50:45.502,staggered,8.3,759.0,494.8,27.7,1112.3,61.7,2400,0.0,0.0,15327,-714,55,discharging,None,None
20:50:46.011,staggered,8.4,759.0,494.8,19.6,1111.2,64.5,2400,0.0,0.0,15347,-542,55,discharging,None,None
20:50:46.519,staggered,8.4,567.7,494.8,100.0,1111.2,66.1,2400,0.0,0.0,15306,-594,55,discharging,None,None
20:50:47.023,staggered,8.4,567.7,348.7,13.4,1110.7,61.1,2400,0.0,0.0,15333,-676,55,discharging,None,None
20:50:47.531,staggered,8.3,567.7,348.7,57.5,1110.7,65.0,2400,0.0,0.0,15338,-551,55,discharging,None,None
20:50:48.034,staggered,8.3,396.9,165.3,69.3,1109.7,63.4,2400,0.0,0.0,15308,-636,55,discharging,None,None
20:50:48.541,staggered,7.9,396.9,165.3,12.1,1109.7,63.4,2400,0.0,0.0,15339,-631,55,discharging,None,None
20:50:49.044,staggered,7.9,408.2,165.3,72.4,1109.9,62.8,2400,0.0,0.0,15303,-607,55,discharging,None,None
20:50:49.548,staggered,7.9,408.2,158.2,36.0,1109.9,61.1,2400,0.0,0.0,15302,-653,55,discharging,None,None
20:50:50.061,staggered,8.3,408.2,158.2,73.2,1117.0,66.7,2400,0.0,0.0,15328,-575,55,discharging,None,None
20:50:50.565,staggered,8.3,391.3,158.2,24.6,1116.4,65.5,2400,0.0,0.0,15334,-590,55,discharging,None,None
20:50:51.071,staggered,8.3,391.3,158.7,55.5,1114.2,65.0,2400,0.0,0.0,15335,-586,55,discharging,None,None
20:50:51.574,staggered,8.3,403.1,158.7,47.0,1114.9,62.2,2400,0.0,0.0,15295,-654,55,discharging,None,None
20:50:52.078,staggered,8.3,403.1,167.6,37.2,1113.1,62.8,2400,0.0,0.0,15343,-605,55,discharging,None,None
20:50:52.582,staggered,8.3,395.2,167.6,82.2,1113.8,62.8,2400,0.0,0.0,15299,-609,55,discharging,None,None
20:50:53.085,staggered,8.3,395.2,167.6,2.0,1112.5,61.1,1900,0.0,0.0,15336,-640,55,discharging,None,None
20:50:53.592,staggered,8.3,395.2,338.0,76.0,1112.5,65.5,2400,0.0,0.0,15338,-511,55,discharging,None,None
20:50:54.096,staggered,8.3,552.5,338.0,53.0,1111.5,62.2,2400,0.0,0.0,15295,-641,55,discharging,None,None
20:50:54.599,staggered,8.3,552.5,338.0,1.5,1111.5,61.1,2400,0.0,0.0,15344,-611,55,discharging,None,None
20:50:55.120,staggered,8.3,552.5,338.0,92.6,1111.1,66.1,2400,0.0,0.0,15311,-525,55,discharging,None,None
20:50:55.624,staggered,8.3,673.7,437.1,44.1,1110.4,62.2,2400,0.0,0.0,15294,-683,55,discharging,None,None
20:50:56.133,staggered,8.3,673.7,437.1,5.9,1109.3,61.7,2400,0.0,0.0,15343,-596,55,discharging,None,None
20:50:56.644,staggered,8.3,673.7,437.1,100.0,1109.3,66.1,2400,0.0,0.0,15308,-544,55,discharging,None,None
20:50:57.147,staggered,8.3,628.7,429.3,39.6,1108.9,61.7,2400,0.0,0.0,15296,-695,55,discharging,None,None
20:50:57.655,staggered,8.3,628.7,429.3,23.0,1108.9,65.0,2400,0.0,0.0,15343,-588,55,discharging,None,None
20:50:58.160,staggered,8.4,394.4,429.3,87.3,1107.3,65.5,2400,0.0,0.0,15302,-578,55,discharging,None,None
20:50:58.663,staggered,8.4,394.4,158.3,7.6,1107.3,61.1,2400,0.0,0.0,15335,-649,55,discharging,None,None
20:50:59.167,staggered,8.4,392.1,158.3,80.7,1106.3,64.5,2400,0.0,0.0,15328,-575,55,discharging,None,None
20:50:59.670,staggered,8.3,392.1,163.2,45.0,1106.3,62.2,2400,0.0,0.0,15326,-616,55,discharging,None,None
20:51:00.179,staggered,8.3,392.1,163.2,49.3,1106.5,66.1,2400,0.0,0.0,15336,-594,55,discharging,None,None
20:51:00.683,staggered,7.9,407.3,163.2,36.9,1107.7,62.8,2400,0.0,0.0,15295,-637,55,discharging,None,None
20:51:01.192,staggered,7.9,407.3,159.4,45.3,1109.3,63.4,2400,0.0,0.0,15323,-653,55,discharging,None,None
20:51:01.696,staggered,8.3,407.4,159.4,74.0,1109.3,63.4,2400,0.0,0.0,15306,-609,55,discharging,None,None
20:51:02.204,staggered,8.3,407.4,159.4,21.7,1108.4,63.9,2400,0.0,0.0,15333,-593,55,discharging,None,None
20:51:02.708,staggered,8.3,407.4,171.6,88.1,1108.4,66.7,2400,0.0,0.0,15320,-578,55,discharging,None,None
20:51:03.212,staggered,8.3,403.2,171.6,12.6,1107.1,61.1,2400,0.0,0.0,15316,-656,55,discharging,None,None
20:51:03.727,staggered,8.3,403.2,171.6,49.0,1107.3,65.5,2400,0.0,0.0,15345,-529,55,discharging,None,None
20:51:04.231,staggered,8.3,538.0,315.3,76.4,1107.0,63.4,2400,0.0,0.0,15291,-665,55,discharging,None,None
20:51:04.734,staggered,8.3,538.0,315.3,2.0,1107.0,61.1,2400,0.0,0.0,15339,-604,55,discharging,None,None
20:51:05.260,staggered,8.3,538.0,315.3,70.0,1106.6,65.5,2400,0.0,0.0,15304,-568,55,discharging,None,None
20:51:05.763,staggered,8.3,689.1,458.2,69.1,1106.7,62.8,2400,0.0,0.0,15292,-708,55,discharging,None,None
20:51:06.267,staggered,8.3,689.1,458.2,2.5,1106.1,61.1,2400,0.0,0.0,15339,-597,55,discharging,None,None
20:51:06.779,staggered,8.3,689.1,458.2,78.5,1116.2,65.5,2400,0.0,0.0,15301,-571,55,discharging,None,None
20:51:07.283,staggered,8.3,643.8,410.4,59.9,1115.2,62.8,2400,0.0,0.0,15306,-688,55,discharging,None,None
20:51:07.787,staggered,8.4,643.8,410.4,3.0,1115.9,61.1,2400,0.0,0.0,15343,-565,55,discharging,None,None
20:51:08.295,staggered,8.4,399.0,410.4,87.0,1117.1,65.0,2400,0.0,0.0,15301,-587,55,discharging,None,None
20:51:08.799,staggered,8.4,399.0,162.5,31.0,1120.5,61.7,2400,0.0,0.0,15335,-653,55,discharging,None,None
20:51:09.305,staggered,8.3,399.0,162.5,56.0,1120.0,66.7,2400,0.0,0.0,15323,-578,55,discharging,None,None
20:51:09.809,staggered,8.3,399.4,159.5,63.4,1119.5,64.5,2400,0.0,0.0,15332,-631,55,discharging,None,None
20:51:10.323,staggered,8.3,399.4,159.5,19.7,1119.5,63.4,2400,0.0,0.0,15340,-582,55,discharging,None,None
20:51:10.826,staggered,8.3,399.1,159.5,64.7,1117.1,61.1,2400,0.0,0.0,15294,-612,55,discharging,None,None
20:51:11.428,staggered,8.3,399.1,168.8,39.3,1117.1,62.2,2400,0.0,0.0,15304,-651,55,discharging,None,None
20:51:11.932,staggered,8.3,400.9,168.8,82.6,1114.6,63.4,2400,0.0,0.0,15298,-631,55,discharging,None,None
20:51:12.440,staggered,8.3,400.9,168.8,18.6,1114.6,64.5,2400,0.0,0.0,15333,-602,55,discharging,None,None
20:51:12.944,staggered,7.9,400.9,158.5,80.0,1112.8,66.7,2400,0.0,0.0,15332,-575,55,discharging,None,None
20:51:13.448,staggered,7.9,402.7,158.5,22.4,1112.0,62.2,2400,0.0,0.0,15324,-654,55,discharging,None,None
20:51:13.966,staggered,8.3,402.7,158.5,48.3,1120.4,65.0,2400,0.0,0.0,15345,-553,55,discharging,None,None
20:51:14.469,staggered,8.3,504.9,304.8,79.0,1119.2,62.8,2400,0.0,0.0,15293,-623,55,discharging,None,None
20:51:14.973,staggered,8.4,504.9,304.8,2.5,1117.9,60.6,2400,0.0,0.0,15334,-653,55,discharging,None,None
20:51:15.487,staggered,8.4,504.9,304.8,66.0,1116.4,65.0,2400,0.0,0.0,15341,-511,55,discharging,None,None
20:51:15.990,staggered,8.4,798.4,658.4,93.1,1114.5,65.0,2400,0.0,0.0,15298,-655,55,discharging,None,None
20:51:16.494,staggered,8.3,798.4,658.4,3.0,1114.7,61.1,2400,0.0,0.0,15332,-676,55,discharging,None,None
20:51:17.003,staggered,8.3,798.4,658.4,51.7,1113.7,65.5,2400,0.0,0.0,15345,-512,55,discharging,None,None
20:51:17.506,staggered,8.3,491.5,283.3,75.4,1117.5,62.8,2400,0.0,0.0,15294,-635,55,discharging,None,None
20:51:18.010,staggered,8.3,491.5,283.3,2.5,1116.6,61.1,2400,0.0,0.0,15334,-655,55,discharging,None,None
20:51:18.514,staggered,8.4,402.9,283.3,82.6,1116.8,62.8,2400,0.0,0.0,15307,-563,55,discharging,None,None
20:51:19.018,staggered,8.4,402.9,158.7,36.0,1116.3,61.7,2400,0.0,0.0,15301,-653,55,discharging,None,None
20:51:19.524,staggered,8.4,402.9,158.7,56.7,1115.3,66.7,2400,0.0,0.0,15341,-578,55,discharging,None,None
20:51:20.031,staggered,8.3,403.1,158.7,48.5,1113.8,64.5,2400,0.0,0.0,15302,-592,55,discharging,None,None
20:51:20.535,staggered,8.3,403.1,171.3,33.7,1113.8,64.5,2400,0.0,0.0,15326,-637,55,discharging,None,None
20:51:21.040,staggered,8.3,405.4,171.3,66.8,1111.0,63.4,2400,0.0,0.0,15301,-638,55,discharging,None,None
20:51:21.543,staggered,8.3,405.4,159.0,36.9,1111.0,62.8,2400,0.0,0.0,15335,-598,55,discharging,None,None
20:51:22.050,staggered,8.3,396.1,159.0,79.1,1111.0,66.1,2400,0.0,0.0,15320,-575,55,discharging,None,None
20:51:22.554,staggered,8.3,396.1,159.0,5.4,1110.3,61.1,2400,0.0,0.0,15330,-648,55,discharging,None,None
20:51:23.061,staggered,8.3,396.1,158.5,75.7,1108.6,66.7,2400,0.0,0.0,15331,-591,55,discharging,None,None
20:51:23.565,staggered,8.3,396.5,158.5,50.5,1109.3,61.7,2400,0.0,0.0,15292,-650,55,discharging,None,None
20:51:24.072,staggered,8.3,396.5,158.5,14.3,1109.0,61.7,1700,0.0,0.0,15338,-605,55,discharging,None,None
20:51:24.576,staggered,8.3,396.5,501.0,100.0,1109.0,65.5,2400,0.0,0.0,15314,-531,55,discharging,None,None
20:51:25.080,staggered,7.9,686.8,501.0,36.8,1108.3,62.8,2400,0.0,0.0,15291,-679,55,discharging,None,None
20:51:25.590,staggered,7.9,686.8,501.0,12.3,1108.3,63.4,2400,0.0,0.0,15340,-598,55,discharging,None,None
20:51:26.102,staggered,8.3,686.8,501.0,100.0,1108.3,67.2,2400,0.0,0.0,15305,-541,55,discharging,None,None
20:51:26.606,staggered,8.3,728.4,461.8,38.5,1107.5,61.7,2400,0.0,0.0,15290,-701,55,discharging,None,None
20:51:27.115,staggered,8.4,728.4,461.8,10.9,1107.1,62.8,2400,0.0,0.0,15339,-598,55,discharging,None,None
20:51:27.626,staggered,8.4,728.4,461.8,100.0,1107.1,66.7,2400,0.0,0.0,15305,-541,55,discharging,None,None
20:51:28.130,staggered,8.4,595.4,369.0,30.5,1107.3,61.7,2400,0.0,0.0,15294,-688,55,discharging,None,None
20:51:28.639,staggered,8.3,595.4,369.0,35.8,1107.3,66.1,2400,0.0,0.0,15339,-585,55,discharging,None,None
20:51:29.142,staggered,8.3,402.9,162.1,82.4,1106.1,65.0,2400,0.0,0.0,15299,-584,55,discharging,None,None
20:51:29.646,staggered,8.3,402.9,162.1,3.0,1106.3,61.7,2400,0.0,0.0,15330,-652,55,discharging,None,None
20:51:30.150,staggered,8.3,398.3,162.1,82.6,1106.5,64.5,2400,0.0,0.0,15321,-577,55,discharging,None,None
20:51:30.653,staggered,8.3,398.3,171.4,37.5,1107.5,62.8,2400,0.0,0.0,15331,-607,55,discharging,None,None
20:51:31.160,staggered,8.3,398.3,171.4,59.3,1106.9,66.7,2400,0.0,0.0,15333,-584,55,discharging,None,None
20:51:31.664,staggered,8.3,399.1,171.4,25.5,1107.6,61.1,2400,0.0,0.0,15291,-640,55,discharging,None,None
20:51:32.171,staggered,8.3,399.1,157.7,56.9,1107.0,65.0,2400,0.0,0.0,15322,-652,55,discharging,None,None
20:51:32.675,staggered,8.3,396.9,157.7,61.2,1107.0,62.8,2400,0.0,0.0,15299,-615,55,discharging,None,None
20:51:33.182,staggered,8.4,396.9,157.7,28.4,1105.8,65.5,2400,0.0,0.0,15331,-592,55,discharging,None,None
20:51:33.686,staggered,8.4,399.2,160.6,89.6,1106.8,66.7,2400,0.0,0.0,15316,-575,55,discharging,None,None
20:51:34.190,staggered,8.4,399.2,160.6,2.5,1105.7,61.1,1900,0.0,0.0,15319,-653,55,discharging,None,None
20:51:34.702,staggered,8.3,399.2,160.6,58.2,1105.7,65.5,2400,0.0,0.0,15344,-544,55,discharging,None,None
20:51:35.206,staggered,8.3,638.4,455.7,83.3,1105.5,63.4,2400,0.0,0.0,15297,-579,55,discharging,None,None
20:51:35.710,staggered,8.3,638.4,455.7,11.0,1105.5,60.0,2400,0.0,0.0,15327,-629,55,discharging,None,None
20:51:36.223,staggered,8.3,638.4,455.7,62.3,1104.6,66.1,2400,0.0,0.0,15308,-533,55,discharging,None,None
20:51:36.726,staggered,7.9,678.2,421.3,75.4,1105.7,63.4,2400,0.0,0.0,15291,-681,55,discharging,None,None
20:51:37.230,staggered,7.9,678.2,421.3,2.5,1105.5,61.7,2400,0.0,0.0,15339,-600,55,discharging,None,None
20:51:37.743,staggered,7.9,678.2,421.3,70.7,1105.5,66.7,2400,0.0,0.0,15305,-538,55,discharging,None,None
20:51:38.246,staggered,8.2,534.4,321.8,57.9,1105.3,62.2,2400,0.0,0.0,15299,-668,55,discharging,None,None
20:51:38.755,staggered,8.2,534.4,321.8,8.0,1105.3,63.4,2400,0.0,0.0,15339,-568,55,discharging,None,None
20:51:39.260,staggered,8.4,398.7,321.8,84.7,1104.1,66.1,2400,0.0,0.0,15294,-589,55,discharging,None,None
20:51:39.763,staggered,8.4,398.7,159.0,26.9,1104.5,61.7,2400,0.0,0.0,15333,-652,55,discharging,None,None
20:51:40.275,staggered,8.3,398.7,159.0,70.6,1104.5,66.1,2400,0.0,0.0,15304,-593,55,discharging,None,None
20:51:40.778,staggered,8.3,391.4,159.3,46.5,1104.5,63.9,2400,0.0,0.0,15329,-624,55,discharging,None,None
20:51:41.287,staggered,8.3,391.4,159.3,35.0,1105.2,65.0,2400,0.0,0.0,15336,-578,55,discharging,None,None
20:51:41.790,staggered,8.3,393.4,159.3,48.0,1104.8,61.7,2400,0.0,0.0,15308,-615,55,discharging,None,None
20:51:42.294,staggered,8.3,393.4,164.8,37.3,1104.3,61.7,2400,0.0,0.0,15302,-630,55,discharging,None,None
20:51:42.797,staggered,8.4,396.6,164.8,82.1,1104.3,63.9,2400,0.0,0.0,15295,-644,55,discharging,None,None
20:51:43.305,staggered,8.4,396.6,164.8,3.9,1103.6,61.1,2400,0.0,0.0,15336,-589,55,discharging,None,None
20:51:43.812,staggered,8.4,396.6,162.3,93.6,1103.6,67.8,2400,0.0,0.0,15314,-575,55,discharging,None,None
20:51:44.315,staggered,8.3,398.9,162.3,22.1,1103.6,62.2,2400,0.0,0.0,15329,-651,55,discharging,None,None
20:51:44.841,staggered,8.3,398.9,162.3,34.3,1104.5,63.9,2400,0.0,0.0,15342,-525,55,discharging,None,None
20:51:45.344,staggered,8.3,636.6,370.5,99.5,1108.3,66.1,2400,0.0,0.0,15299,-605,55,discharging,None,None
20:51:45.848,staggered,8.3,636.6,370.5,5.5,1108.3,61.7,2400,0.0,0.0,15328,-661,55,discharging,None,None
20:51:46.367,staggered,8.3,636.6,370.5,43.3,1109.8,63.9,2400,0.0,0.0,15340,-517,55,discharging,None,None
20:51:46.871,staggered,8.3,670.9,423.3,91.7,1110.9,64.5,2400,0.0,0.0,15292,-637,55,discharging,None,None
20:51:47.374,staggered,8.3,670.9,423.3,3.5,1110.9,61.7,2400,0.0,0.0,15329,-659,55,discharging,None,None
20:51:47.887,staggered,8.4,670.9,423.3,54.9,1110.9,63.9,2400,0.0,0.0,15333,-512,55,discharging,None,None
20:51:48.390,staggered,8.4,650.8,390.7,86.2,1110.9,63.9,2400,0.0,0.0,15292,-655,55,discharging,None,None
20:51:48.894,staggered,7.9,650.8,390.7,3.4,1106.9,61.1,2400,0.0,0.0,15332,-654,55,discharging,None,None
20:51:49.403,staggered,7.9,650.8,390.7,58.5,1107.4,65.5,2400,0.0,0.0,15341,-509,55,discharging,None,None
20:51:49.906,staggered,7.9,439.2,223.8,59.3,1106.8,62.2,2400,0.0,0.0,15296,-652,55,discharging,None,None
20:51:50.415,staggered,8.3,439.2,223.8,14.1,1106.8,63.4,2400,0.0,0.0,15339,-612,55,discharging,None,None
20:51:50.919,staggered,8.3,395.3,223.8,76.0,1106.4,63.9,2400,0.0,0.0,15298,-585,55,discharging,None,None
20:51:51.422,staggered,8.3,395.3,172.0,30.2,1106.4,62.2,2400,0.0,0.0,15316,-654,55,discharging,None,None
20:51:51.928,staggered,8.3,395.3,172.0,76.6,1106.4,66.7,2400,0.0,0.0,15320,-579,55,discharging,None,None
20:51:52.432,staggered,8.3,399.3,162.7,41.3,1104.8,65.0,2400,0.0,0.0,15328,-592,55,discharging,None,None
20:51:52.940,staggered,8.3,399.3,162.7,40.7,1104.8,65.5,2400,0.0,0.0,15331,-583,55,discharging,None,None
20:51:53.443,staggered,8.3,394.5,162.7,44.0,1104.7,61.7,2400,0.0,0.0,15289,-652,55,discharging,None,None
20:51:53.953,staggered,8.4,394.5,159.9,37.8,1104.1,62.8,2400,0.0,0.0,15328,-639,55,discharging,None,None
20:51:54.457,staggered,8.4,394.8,159.9,79.3,1104.1,63.4,2400,0.0,0.0,15295,-620,55,discharging,None,None
20:51:54.960,staggered,8.3,394.8,159.9,1.5,1103.6,60.6,1600,0.0,0.0,15330,-601,55,discharging,None,None
20:51:55.469,staggered,8.3,394.8,235.1,96.0,1103.6,66.7,2400,0.0,0.0,15313,-540,55,discharging,None,None
20:51:55.972,staggered,8.3,452.0,235.1,27.9,1104.1,62.2,2400,0.0,0.0,15307,-637,55,discharging,None,None
20:51:56.487,staggered,8.3,452.0,235.1,19.4,1105.3,63.4,2400,0.0,0.0,15339,-566,55,discharging,None,None
20:51:56.992,staggered,8.3,452.0,466.9,100.0,1105.2,65.5,2400,0.0,0.0,15299,-573,55,discharging,None,None
20:51:57.495,staggered,8.3,706.9,466.9,24.8,1105.1,61.7,2400,0.0,0.0,15303,-697,55,discharging,None,None
20:51:58.003,staggered,8.3,706.9,466.9,22.1,1104.8,63.9,2400,0.0,0.0,15339,-562,55,discharging,None,None
20:51:58.507,staggered,8.3,706.9,466.9,100.0,1104.8,66.7,2400,0.0,0.0,15298,-577,55,discharging,None,None
20:51:59.011,staggered,8.3,711.5,478.8,24.4,1104.6,61.7,2400,0.0,0.0,15307,-699,55,discharging,None,None
20:51:59.520,staggered,8.3,711.5,478.8,22.5,1104.6,64.5,2400,0.0,0.0,15337,-560,55,discharging,None,None
20:52:00.024,staggered,8.4,711.5,478.8,100.0,1104.8,66.1,2400,0.0,0.0,15300,-570,55,discharging,None,None
20:52:00.527,staggered,8.4,798.8,367.0,47.0,1104.8,62.2,2400,0.0,0.0,15291,-728,55,discharging,None,None
20:52:01.035,staggered,7.2,798.8,367.0,6.5,1104.0,61.7,2400,0.0,0.0,15335,-595,55,discharging,None,None
20:52:01.544,staggered,7.2,396.5,367.0,95.6,1104.0,65.5,2400,0.0,0.0,15302,-546,55,discharging,None,None
20:52:02.048,staggered,7.2,396.5,160.8,15.7,1103.8,61.7,2400,0.0,0.0,15311,-654,55,discharging,None,None
20:52:02.556,staggered,8.3,396.5,160.8,69.6,1103.8,67.2,2400,0.0,0.0,15339,-580,55,discharging,None,None
20:52:03.059,staggered,8.3,398.3,161.2,47.7,1103.8,62.8,2400,0.0,0.0,15316,-594,55,discharging,None,None
20:52:03.568,staggered,8.3,398.3,161.2,33.7,1103.8,65.5,2400,0.0,0.0,15328,-618,55,discharging,None,None
20:52:04.071,staggered,8.3,395.4,161.2,50.2,1103.1,62.8,2400,0.0,0.0,15294,-649,55,discharging,None,None
20:52:04.575,staggered,8.3,395.4,170.6,37.5,1103.1,62.2,2400,0.0,0.0,15326,-647,55,discharging,None,None
20:52:05.078,staggered,8.3,392.5,170.6,81.6,1103.1,63.9,2400,0.0,0.0,15305,-584,55,discharging,None,None
20:52:05.587,staggered,8.3,392.5,170.6,11.1,1103.1,63.4,2400,0.0,0.0,15328,-590,55,discharging,None,None
20:52:06.091,staggered,8.3,392.5,167.7,85.1,1103.1,67.2,2400,0.0,0.0,15305,-558,55,discharging,None,None
20:52:06.596,staggered,8.3,398.1,167.7,24.4,1103.1,61.7,2400,0.0,0.0,15291,-638,55,discharging,None,None
20:52:07.113,staggered,8.3,398.1,167.7,40.6,1102.6,65.0,2400,0.0,0.0,15322,-548,55,discharging,None,None
20:52:07.617,staggered,8.3,532.8,327.1,86.3,1103.0,63.9,2400,0.0,0.0,15284,-673,55,discharging,None,None
20:52:08.120,staggered,8.3,532.8,327.1,1.5,1103.3,61.7,2400,0.0,0.0,15334,-610,55,discharging,None,None
20:52:08.633,staggered,8.4,532.8,327.1,60.6,1103.3,65.0,2400,0.0,0.0,15304,-528,55,discharging,None,None
20:52:09.136,staggered,8.4,747.2,503.3,91.6,1103.8,65.5,2400,0.0,0.0,15290,-711,55,discharging,None,None
20:52:09.640,staggered,8.3,747.2,503.3,1.5,1104.7,61.7,2400,0.0,0.0,15336,-621,55,discharging,None,None
20:52:10.148,staggered,8.3,747.2,503.3,54.2,1104.3,65.0,2400,0.0,0.0,15307,-522,55,discharging,None,None
20:52:10.652,staggered,8.3,627.0,415.1,82.7,1104.3,62.2,2400,0.0,0.0,15288,-688,55,discharging,None,None
20:52:11.156,staggered,8.3,627.0,415.1,2.0,1103.8,61.7,2400,0.0,0.0,15336,-604,55,discharging,None,None
20:52:11.664,staggered,8.3,627.0,415.1,71.2,1104.2,66.1,2400,0.0,0.0,15297,-554,55,discharging,None,None
20:52:12.167,staggered,8.4,395.0,166.3,56.2,1104.0,63.4,2400,0.0,0.0,15308,-663,55,discharging,None,None
20:52:12.675,staggered,8.4,395.0,166.3,34.7,1104.9,64.5,2400,0.0,0.0,15336,-587,55,discharging,None,None
20:52:13.178,staggered,7.9,407.3,166.3,50.7,1104.7,61.7,2400,0.0,0.0,15314,-594,55,discharging,None,None
20:52:13.682,staggered,7.9,407.3,156.7,35.4,1104.7,62.2,2400,0.0,0.0,15312,-614,55,discharging,None,None
20:52:14.185,staggered,7.9,411.1,156.7,83.6,1104.7,63.4,2400,0.0,0.0,15291,-652,55,discharging,None,None
20:52:14.692,staggered,8.3,411.1,156.7,10.9,1104.7,63.9,2400,0.0,0.0,15336,-592,55,discharging,None,None
20:52:15.196,staggered,8.3,411.1,159.5,81.1,1104.2,65.5,2400,0.0,0.0,15304,-578,55,discharging,None,None
20:52:15.700,staggered,8.3,403.6,159.5,29.5,1104.2,61.7,2400,0.0,0.0,15324,-652,55,discharging,None,None
20:52:16.208,staggered,8.3,403.6,159.5,40.4,1104.0,65.0,2400,0.0,0.0,15332,-560,55,discharging,None,None
20:52:16.711,staggered,8.3,464.7,228.5,79.6,1104.0,63.9,2400,0.0,0.0,15285,-660,55,discharging,None,None
20:52:17.215,staggered,8.3,464.7,228.5,3.5,1104.2,61.1,2400,0.0,0.0,15335,-613,55,discharging,None,None
20:52:17.727,staggered,8.3,464.7,228.5,65.8,1104.2,66.1,2400,0.0,0.0,15304,-524,55,discharging,None,None
20:52:18.230,staggered,8.3,706.7,490.3,77.1,1103.6,63.9,2400,0.0,0.0,15285,-697,55,discharging,None,None
20:52:18.734,staggered,8.3,706.7,490.3,2.5,1104.1,61.1,2400,0.0,0.0,15334,-611,55,discharging,None,None
20:52:19.247,staggered,8.3,706.7,490.3,68.8,1104.1,65.5,2400,0.0,0.0,15302,-535,55,discharging,None,None
20:52:19.750,staggered,8.3,675.4,457.2,74.0,1103.9,64.5,2400,0.0,0.0,15286,-696,55,discharging,None,None
20:52:20.254,staggered,8.4,675.4,457.2,2.5,1104.1,61.1,2400,0.0,0.0,15336,-599,55,discharging,None,None
20:52:20.764,staggered,8.4,675.4,457.2,76.2,1104.1,63.9,2400,0.0,0.0,15300,-543,55,discharging,None,None
20:52:21.267,staggered,8.4,411.3,175.8,45.3,1103.2,62.2,2400,0.0,0.0,15309,-651,55,discharging,None,None
20:52:21.775,staggered,8.3,411.3,175.8,37.8,1103.2,65.5,2400,0.0,0.0,15333,-582,55,discharging,None,None
20:52:22.279,staggered,8.3,395.1,175.8,67.2,1103.0,65.5,2400,0.0,0.0,15306,-613,55,discharging,None,None
20:52:22.784,staggered,8.3,395.1,162.1,15.4,1103.2,61.7,2400,0.0,0.0,15323,-643,55,discharging,None,None
20:52:23.287,staggered,8.3,393.9,162.1,81.6,1103.2,63.4,2400,0.0,0.0,15288,-662,55,discharging,None,None
20:52:23.791,staggered,8.3,393.9,158.4,36.1,1103.2,62.8,2400,0.0,0.0,15319,-664,55,discharging,None,None
20:52:24.299,staggered,8.3,393.9,158.4,68.0,1103.0,66.1,2400,0.0,0.0,15312,-597,55,discharging,None,None
20:52:24.802,staggered,8.3,404.2,158.4,26.8,1103.0,62.2,2400,0.0,0.0,15324,-616,55,discharging,None,None
20:52:25.311,staggered,7.9,404.2,158.7,55.3,1102.8,65.0,2400,0.0,0.0,15301,-586,55,discharging,None,None
20:52:25.814,staggered,7.9,403.4,158.7,62.7,1102.8,62.2,1900,0.0,0.0,15284,-654,55,discharging,None,None
20:52:26.324,staggered,8.2,403.4,158.7,15.9,1102.8,61.7,1600,0.0,0.0,15339,-575,55,discharging,None,None
20:52:26.828,staggered,8.2,403.4,220.8,100.0,1102.8,67.2,2400,0.0,0.0,15299,-562,55,discharging,None,None
20:52:27.332,staggered,8.2,454.0,220.8,13.4,1102.5,62.2,2400,0.0,0.0,15324,-647,55,discharging,None,None
20:52:27.843,staggered,8.4,454.0,220.8,35.1,1102.5,65.0,2400,0.0,0.0,15336,-518,55,discharging,None,None
20:52:28.354,staggered,8.4,454.0,682.9,100.0,1103.3,66.1,2400,0.0,0.0,15291,-623,55,discharging,None,None
20:52:28.857,staggered,8.3,809.8,682.9,30.2,1103.7,62.2,2400,0.0,0.0,15317,-710,55,discharging,None,None
20:52:29.365,staggered,8.3,809.8,682.9,18.4,1103.7,62.8,2400,0.0,0.0,15336,-537,55,discharging,None,None
20:52:29.874,staggered,8.3,809.8,682.9,100.0,1104.1,66.7,2400,0.0,0.0,15292,-598,55,discharging,None,None
20:52:30.378,staggered,8.3,619.4,404.6,23.6,1104.1,61.7,2400,0.0,0.0,15322,-688,55,discharging,None,None
20:52:30.887,staggered,8.3,619.4,404.6,37.2,1104.1,65.5,2400,0.0,0.0,15335,-537,55,discharging,None,None
20:52:31.390,staggered,8.3,408.0,174.4,82.9,1103.4,64.5,2400,0.0,0.0,15287,-613,55,discharging,None,None
20:52:31.894,staggered,8.3,408.0,174.4,2.0,1103.4,61.1,2400,0.0,0.0,15326,-646,55,discharging,None,None
20:52:32.398,staggered,8.3,405.0,174.4,83.5,1103.4,63.9,2400,0.0,0.0,15294,-602,55,discharging,None,None
20:52:32.901,staggered,8.3,405.0,159.5,36.8,1103.1,61.7,2400,0.0,0.0,15302,-651,55,discharging,None,None
20:52:33.408,staggered,8.3,405.0,159.5,58.6,1103.5,66.1,2400,0.0,0.0,15330,-572,55,discharging,None,None
20:52:33.912,staggered,8.3,401.3,159.5,28.7,1103.8,63.4,2400,0.0,0.0,15318,-591,55,discharging,None,None
20:52:34.420,staggered,8.3,401.3,162.7,53.7,1103.8,65.0,2400,0.0,0.0,15313,-608,55,discharging,None,None
20:52:34.924,staggered,8.3,398.6,162.7,62.4,1103.6,62.8,2400,0.0,0.0,15287,-651,55,discharging,None,None
20:52:35.431,staggered,8.3,398.6,158.9,34.8,1103.6,65.5,2400,0.0,0.0,15334,-590,55,discharging,None,None
20:52:36.090,staggered,8.3,578.7,158.9,71.9,1103.2,63.4,2400,0.0,0.0,15293,-587,55,discharging,None,None
20:52:36.594,staggered,8.3,578.7,158.9,3.5,1103.2,60.6,1600,0.0,0.0,15319,-664,55,discharging,None,None
20:52:37.103,staggered,8.3,578.7,188.2,79.2,1104.6,66.1,2400,0.0,0.0,15334,-536,55,discharging,None,None
20:52:37.606,staggered,8.0,412.8,188.2,45.1,1104.6,61.7,2400,0.0,0.0,15290,-640,55,discharging,None,None
20:52:38.117,staggered,8.0,412.8,188.2,21.9,1104.8,63.9,2400,0.0,0.0,15335,-559,55,discharging,None,None
20:52:38.620,staggered,8.3,489.5,252.1,99.0,1104.8,65.5,2400,0.0,0.0,15286,-624,55,discharging,None,None
20:52:39.124,staggered,8.3,489.5,252.1,2.5,1103.9,61.7,2400,0.0,0.0,15326,-653,55,discharging,None,None
20:52:39.631,staggered,8.2,489.5,252.1,46.3,1104.3,64.5,2400,0.0,0.0,15331,-510,55,discharging,None,None
20:52:40.135,staggered,8.2,678.5,455.4,91.1,1104.1,64.5,2400,0.0,0.0,15286,-666,55,discharging,None,None
20:52:40.639,staggered,8.2,678.5,455.4,2.5,1104.1,61.1,2400,0.0,0.0,15328,-644,55,discharging,None,None
20:52:41.151,staggered,8.5,678.5,455.4,52.9,1104.1,65.5,2400,0.0,0.0,15323,-509,55,discharging,None,None
20:52:41.655,staggered,8.5,702.8,476.5,94.1,1104.1,64.5,2400,0.0,0.0,15284,-678,55,discharging,None,None
20:52:42.158,staggered,8.3,702.8,476.5,2.5,1103.6,61.7,2400,0.0,0.0,15327,-650,55,discharging,None,None
20:52:42.667,staggered,8.3,702.8,476.5,56.0,1103.6,65.5,2400,0.0,0.0,15322,-521,55,discharging,None,None
20:52:43.171,staggered,8.3,398.3,167.1,62.6,1102.9,62.8,2400,0.0,0.0,15286,-653,55,discharging,None,None
20:52:43.679,staggered,8.3,398.3,167.1,20.3,1102.9,63.4,2400,0.0,0.0,15333,-595,55,discharging,None,None
20:52:44.184,staggered,8.3,399.1,167.1,67.2,1102.9,63.4,2400,0.0,0.0,15285,-592,55,discharging,None,None
20:52:44.688,staggered,8.3,399.1,159.9,33.7,1102.9,62.8,2400,0.0,0.0,15321,-653,55,discharging,None,None
20:52:45.191,staggered,8.3,394.1,159.9,80.8,1102.7,66.1,2400,0.0,0.0,15297,-603,55,discharging,None,None
20:52:45.698,staggered,8.2,394.1,166.2,35.5,1102.5,65.0,2400,0.0,0.0,15322,-603,55,discharging,None,None
20:52:46.203,staggered,8.2,394.1,166.2,48.8,1102.5,66.1,2400,0.0,0.0,15325,-578,55,discharging,None,None
20:52:46.707,staggered,8.2,392.8,166.2,38.4,1102.5,61.7,2400,0.0,0.0,15305,-641,55,discharging,None,None
20:52:47.216,staggered,8.4,392.8,175.4,46.7,1103.9,63.4,2400,0.0,0.0,15324,-604,55,discharging,None,None
20:52:47.719,staggered,8.4,395.4,175.4,73.5,1103.9,63.4,2400,0.0,0.0,15289,-634,55,discharging,None,None
20:52:48.223,staggered,8.3,395.4,175.4,10.9,1103.9,62.2,2400,0.0,0.0,15331,-602,55,discharging,None,None
20:52:48.731,staggered,8.3,395.4,267.3,91.0,1103.9,66.7,2400,0.0,0.0,15297,-561,55,discharging,None,None
20:52:49.234,staggered,7.9,514.5,267.3,36.0,1103.9,63.4,2400,0.0,0.0,15308,-671,55,discharging,None,None
20:52:49.743,staggered,7.9,514.5,267.3,11.9,1103.9,63.4,2400,0.0,0.0,15334,-558,55,discharging,None,None
20:52:50.251,staggered,7.9,514.5,472.0,100.0,1104.7,66.7,2400,0.0,0.0,15294,-579,55,discharging,None,None
20:52:50.754,staggered,8.3,712.4,472.0,34.7,1106.6,62.8,2400,0.0,0.0,15305,-698,55,discharging,None,None
20:52:51.263,staggered,8.3,712.4,472.0,13.9,1107.2,62.8,2400,0.0,0.0,15334,-556,55,discharging,None,None
20:52:51.767,staggered,8.2,712.4,472.0,100.0,1107.2,66.1,2400,0.0,0.0,15292,-583,55,discharging,None,None
20:52:52.270,staggered,8.2,631.8,426.1,23.2,1106.6,61.7,2400,0.0,0.0,15319,-681,55,discharging,None,None
20:52:52.779,staggered,8.2,631.8,426.1,30.0,1106.6,65.0,2400,0.0,0.0,15334,-535,55,discharging,None,None
20:52:53.282,staggered,8.4,399.2,170.2,88.7,1105.0,64.5,2400,0.0,0.0,15286,-612,55,discharging,None,None
20:52:53.786,staggered,8.4,399.2,170.2,2.5,1105.0,62.2,2400,0.0,0.0,15322,-654,55,discharging,None,None
20:52:54.289,staggered,8.3,398.8,170.2,82.7,1105.0,64.5,2400,0.0,0.0,15295,-586,55,discharging,None,None
20:52:54.793,staggered,8.3,398.8,163.2,36.6,1105.0,62.8,2400,0.0,0.0,15295,-652,55,discharging,None,None
20:52:55.300,staggered,8.3,398.8,163.2,54.4,1104.5,65.5,2400,0.0,0.0,15332,-577,55,discharging,None,None
20:52:55.805,staggered,8.3,403.3,163.2,34.8,1104.5,62.8,2400,0.0,0.0,15305,-592,55,discharging,None,None
20:52:56.314,staggered,8.3,403.3,163.9,47.1,1103.4,63.9,2400,0.0,0.0,15313,-623,55,discharging,None,None
20:52:56.817,staggered,8.3,394.1,163.9,66.8,1103.6,62.8,2400,0.0,0.0,15289,-648,55,discharging,None,None
20:52:57.323,staggered,8.3,394.1,175.4,36.3,1103.6,65.5,2400,0.0,0.0,15330,-589,55,discharging,None,None
20:52:57.827,staggered,8.3,396.8,175.4,81.0,1103.6,66.7,2400,0.0,0.0,15303,-575,55,discharging,None,None
20:52:58.330,staggered,8.3,396.8,175.4,5.5,1104.3,61.7,2400,0.0,0.0,15321,-650,55,discharging,None,None
20:52:58.839,staggered,8.3,396.8,230.8,63.4,1104.3,66.1,2400,0.0,0.0,15332,-559,55,discharging,None,None
20:52:59.343,staggered,8.3,492.9,230.8,62.0,1104.5,63.4,2400,0.0,0.0,15282,-663,55,discharging,None,None
20:52:59.846,staggered,8.3,492.9,230.8,2.5,1105.0,61.7,2400,0.0,0.0,15331,-621,55,discharging,None,None
20:53:00.578,staggered,8.2,492.9,230.8,89.1,1105.0,67.2,2400,0.0,0.0,15289,-604,55,discharging,None,None
20:53:01.081,staggered,8.2,844.4,667.4,42.5,1104.8,62.2,2400,0.0,0.0,15284,-738,55,discharging,None,None
20:53:01.589,staggered,8.2,844.4,667.4,5.9,1104.8,62.2,2400,0.0,0.0,15331,-571,55,discharging,None,None
20:53:02.102,staggered,6.2,844.4,667.4,99.0,1105.2,66.7,2400,0.0,0.0,15296,-560,55,discharging,None,None
20:53:02.606,staggered,6.2,657.1,505.1,49.3,1104.8,62.8,2400,0.0,0.0,15286,-710,55,discharging,None,None
20:53:03.115,staggered,8.4,657.1,505.1,18.0,1104.8,63.4,2400,0.0,0.0,15332,-588,55,discharging,None,None
20:53:03.619,staggered,8.4,394.6,505.1,82.3,1104.8,66.1,2400,0.0,0.0,15289,-586,55,discharging,None,None
20:53:04.123,staggered,8.3,394.6,164.9,19.0,1103.1,62.2,2400,0.0,0.0,15320,-652,55,discharging,None,None
20:53:04.630,staggered,8.3,394.0,164.9,79.6,1103.1,66.7,2400,0.0,0.0,15311,-579,55,discharging,None,None
20:53:05.134,staggered,8.3,394.0,171.6,39.3,1104.2,63.4,2400,0.0,0.0,15320,-602,55,discharging,None,None
20:53:05.639,staggered,8.3,394.0,171.6,45.0,1104.2,66.1,2400,0.0,0.0,15321,-595,55,discharging,None,None
20:53:06.142,staggered,8.3,400.4,171.6,39.8,1104.5,61.7,2400,0.0,0.0,15280,-663,55,discharging,None,None
20:53:06.651,staggered,8.3,400.4,158.0,40.5,1104.5,62.2,2400,0.0,0.0,15313,-664,55,discharging,None,None
20:53:07.155,staggered,8.3,367.1,158.0,69.5,1103.8,62.8,2400,0.0,0.0,15286,-642,55,discharging,None,None
20:53:07.664,staggered,8.3,367.1,158.0,7.9,1106.6,61.1,1700,0.0,0.0,15330,-586,55,discharging,None,None
20:53:08.170,staggered,8.3,382.4,187.9,100.0,1107.2,66.7,2400,0.0,0.0,15304,-531,55,discharging,None,None
20:53:08.674,staggered,8.3,382.4,187.9,4.0,1107.0,61.1,2400,0.0,0.0,15321,-611,55,discharging,None,None
20:53:09.187,staggered,8.3,382.4,187.9,41.1,1107.3,63.9,2400,0.0,0.0,15334,-526,55,discharging,None,None
20:53:09.690,staggered,8.3,553.0,315.2,70.4,1107.3,62.2,2400,0.0,0.0,15284,-609,55,discharging,None,None
20:53:10.194,staggered,8.3,553.0,315.2,0.0,1105.4,61.1,2400,0.0,0.0,15325,-640,55,discharging,None,None
20:53:10.707,staggered,8.3,553.0,315.2,74.1,1105.4,66.1,2400,0.0,0.0,15327,-507,55,discharging,None,None
20:53:11.210,staggered,8.3,643.5,446.3,59.7,1104.9,62.8,2400,0.0,0.0,15282,-667,55,discharging,None,None
20:53:11.714,staggered,8.3,643.5,446.3,0.0,1104.9,60.6,2400,0.0,0.0,15328,-632,55,discharging,None,None
20:53:12.223,staggered,8.3,362.8,446.3,81.7,1104.9,63.9,2400,0.0,0.0,15313,-516,55,discharging,None,None
20:53:12.726,staggered,8.3,362.8,151.7,25.6,1104.9,61.7,2400,0.0,0.0,15285,-634,55,discharging,None,None
20:53:13.235,staggered,8.3,362.8,151.7,58.5,1103.7,65.0,2400,0.0,0.0,15333,-558,55,discharging,None,None
20:53:13.738,staggered,8.3,370.3,148.8,50.0,1103.7,62.8,2400,0.0,0.0,15296,-560,55,discharging,None,None
20:53:14.247,staggered,8.3,370.3,148.8,27.2,1103.5,64.5,2400,0.0,0.0,15326,-618,55,discharging,None,None
20:53:14.750,staggered,8.3,364.3,148.8,47.8,1103.5,62.2,2400,0.0,0.0,15288,-632,55,discharging,None,None
20:53:15.254,staggered,8.3,364.3,151.7,32.8,1103.5,61.7,2400,0.0,0.0,15331,-615,55,discharging,None,None
20:53:15.758,staggered,8.3,363.5,151.7,74.8,1103.5,63.4,2400,0.0,0.0,15301,-575,55,discharging,None,None
20:53:16.264,staggered,8.3,363.5,151.7,5.5,1103.2,62.2,2400,0.0,0.0,15320,-594,55,discharging,None,None
20:53:16.768,staggered,8.3,363.5,151.4,92.1,1103.2,67.2,2400,0.0,0.0,15293,-567,55,discharging,None,None
20:53:17.271,staggered,8.3,363.7,151.4,9.5,1103.0,62.8,2400,0.0,0.0,15303,-633,55,discharging,None,None
20:53:17.787,staggered,8.3,363.7,151.4,37.3,1103.0,65.0,2400,0.0,0.0,15331,-554,55,discharging,None,None
20:53:18.291,staggered,8.3,631.1,419.6,92.2,1103.2,63.9,2400,0.0,0.0,15290,-579,55,discharging,None,None
20:53:18.794,staggered,8.3,631.1,419.6,0.0,1105.0,61.1,2400,0.0,0.0,15322,-603,55,discharging,None,None
20:53:19.311,staggered,8.3,631.1,419.6,52.9,1105.4,65.0,2400,0.0,0.0,15301,-513,55,discharging,None,None
20:53:19.814,staggered,8.3,692.3,482.6,85.9,1105.8,63.4,2400,0.0,0.0,15279,-691,55,discharging,None,None
20:53:20.318,staggered,8.3,692.3,482.6,0.0,1106.5,61.1,2400,0.0,0.0,15330,-607,55,discharging,None,None
20:53:20.827,staggered,8.3,692.3,482.6,57.8,1106.5,66.1,2400,0.0,0.0,15296,-524,55,discharging,None,None
20:53:21.330,staggered,8.3,362.1,161.4,48.5,1105.6,62.2,2400,0.0,0.0,15312,-634,55,discharging,None,None
20:53:21.839,staggered,8.3,362.1,161.4,28.4,1105.6,64.5,2400,0.0,0.0,15332,-570,55,discharging,None,None
20:53:22.343,staggered,8.3,363.5,161.4,64.2,1104.9,63.4,2400,0.0,0.0,15314,-585,55,discharging,None,None
20:53:22.847,staggered,8.3,363.5,149.2,15.3,1104.9,61.1,2400,0.0,0.0,15323,-604,55,discharging,None,None
20:53:23.350,staggered,8.3,379.6,149.2,77.8,1104.2,62.2,2400,0.0,0.0,15292,-613,55,discharging,None,None
20:53:23.854,staggered,8.3,379.6,155.1,32.3,1103.3,63.4,2400,0.0,0.0,15309,-622,55,discharging,None,None
20:53:24.363,staggered,8.3,379.6,155.1,64.2,1103.3,67.2,2400,0.0,0.0,15293,-587,55,discharging,None,None
20:53:24.867,staggered,8.3,363.2,155.1,10.8,1103.3,61.1,2400,0.0,0.0,15322,-575,55,discharging,None,None
20:53:25.375,staggered,8.3,363.2,151.3,66.3,1103.1,64.5,2400,0.0,0.0,15314,-569,55,discharging,None,None
20:53:25.879,staggered,8.3,363.1,151.3,41.4,1102.9,61.7,2400,0.0,0.0,15314,-633,55,discharging,None,None
20:53:26.388,staggered,8.3,363.1,151.3,15.3,1102.9,62.8,2400,0.0,0.0,15332,-539,55,discharging,None,None
20:53:26.892,staggered,8.3,363.1,416.0,100.0,1102.9,67.2,2400,0.0,0.0,15282,-616,55,discharging,None,None
20:53:27.396,staggered,8.3,577.4,416.0,13.0,1102.6,61.7,2400,0.0,0.0,15319,-674,55,discharging,None,None
20:53:27.904,staggered,8.3,577.4,416.0,31.5,1102.6,62.8,2400,0.0,0.0,15331,-510,55,discharging,None,None
20:53:28.408,staggered,8.3,577.4,416.0,100.0,1102.6,66.1,2400,0.0,0.0,15284,-628,55,discharging,None,None
20:53:28.912,staggered,8.3,737.9,511.0,17.0,1102.6,61.7,2400,0.0,0.0,15319,-667,55,discharging,None,None
20:53:29.419,staggered,8.3,737.9,511.0,26.7,1103.4,63.9,2400,0.0,0.0,15332,-504,55,discharging,None,None
20:53:29.922,staggered,8.3,383.8,182.3,83.3,1103.6,62.8,2400,0.0,0.0,15283,-635,55,discharging,None,None
20:53:30.426,staggered,8.3,383.8,182.3,0.0,1103.6,60.0,2400,0.0,0.0,15329,-625,55,discharging,None,None
20:53:30.929,staggered,8.3,360.9,182.3,74.5,1103.6,63.4,2400,0.0,0.0,15286,-574,55,discharging,None,None
20:53:31.433,staggered,8.3,360.9,155.5,32.5,1103.6,61.1,2400,0.0,0.0,15304,-633,55,discharging,None,None
20:53:31.940,staggered,8.3,360.9,155.5,61.3,1103.6,66.1,2400,0.0,0.0,15307,-572,55,discharging,None,None
20:53:32.444,staggered,8.3,363.5,155.5,26.9,1103.3,63.9,2400,0.0,0.0,15320,-576,55,discharging,None,None
20:53:32.952,staggered,8.3,363.5,151.4,50.5,1103.3,65.0,2400,0.0,0.0,15324,-570,55,discharging,None,None
20:53:33.455,staggered,8.3,364.8,151.4,43.7,1103.1,61.1,1900,0.0,0.0,15304,-633,55,discharging,None,None
20:53:33.964,staggered,8.3,364.8,167.7,35.5,1103.1,62.2,2400,0.0,0.0,15336,-566,55,discharging,None,None
20:53:34.468,staggered,8.3,363.4,167.7,74.0,1103.1,61.7,2400,0.0,0.0,15282,-602,55,discharging,None,None
20:53:34.972,staggered,8.3,363.4,167.7,0.0,1103.1,60.6,2400,0.0,0.0,15329,-594,55,discharging,None,None
20:53:35.483,staggered,8.3,363.4,167.7,75.5,1103.1,65.0,2400,0.0,0.0,15295,-522,55,discharging,None,None
20:53:35.987,staggered,8.3,603.0,419.3,52.0,1103.3,61.1,2400,0.0,0.0,15278,-671,55,discharging,None,None
20:53:36.490,staggered,8.3,603.0,419.3,0.0,1103.3,61.1,2400,0.0,0.0,15329,-577,55,discharging,None,None
20:53:37.003,staggered,8.3,603.0,419.3,92.2,1103.1,66.1,2400,0.0,0.0,15291,-556,55,discharging,None,None
20:53:37.506,staggered,8.3,703.9,487.3,49.0,1102.8,62.8,2400,0.0,0.0,15289,-694,55,discharging,None,None
20:53:38.010,staggered,8.3,703.9,487.3,0.0,1102.6,60.6,2400,0.0,0.0,15329,-567,55,discharging,None,None
20:53:38.516,staggered,8.3,368.4,487.3,94.6,1103.4,66.1,2400,0.0,0.0,15289,-565,55,discharging,None,None
20:53:39.020,staggered,8.3,368.4,158.3,13.4,1103.6,60.6,1500,0.0,0.0,15319,-633,55,discharging,None,None
20:53:39.528,staggered,8.3,368.4,158.3,63.7,1103.6,65.5,2400,0.0,0.0,15328,-529,55,discharging,None,None
20:53:40.031,staggered,8.3,377.7,151.9,46.0,1103.6,61.7,2400,0.0,0.0,15318,-591,55,discharging,None,None
20:53:40.539,staggered,8.3,377.7,151.9,30.8,1104.5,65.0,2400,0.0,0.0,15328,-575,55,discharging,None,None
20:53:41.042,staggered,8.3,364.6,151.9,44.1,1104.2,60.6,2400,0.0,0.0,15288,-586,55,discharging,None,None
20:53:41.547,staggered,8.3,364.6,147.4,32.3,1104.2,61.1,2400,0.0,0.0,15293,-628,55,discharging,None,None
20:53:42.051,staggered,8.3,363.4,147.4,74.8,1104.2,62.2,2400,0.0,0.0,15286,-627,55,discharging,None,None
20:53:42.559,staggered,8.3,363.4,147.4,17.4,1104.2,64.5,2400,0.0,0.0,15327,-574,55,discharging,None,None
20:53:43.064,staggered,8.3,363.4,151.6,84.2,1104.2,66.1,2400,0.0,0.0,15304,-569,55,discharging,None,None
20:53:43.568,staggered,8.3,362.5,151.6,5.4,1104.0,60.6,2400,0.0,0.0,15319,-634,55,discharging,None,None
20:53:44.080,staggered,8.3,362.5,151.6,51.5,1104.0,65.0,2400,0.0,0.0,15331,-532,55,discharging,None,None
20:53:44.583,staggered,8.3,525.3,303.4,68.0,1103.8,62.2,2400,0.0,0.0,15276,-639,55,discharging,None,None
20:53:45.087,staggered,8.3,525.3,303.4,0.0,1103.8,61.1,2400,0.0,0.0,15328,-608,55,discharging,None,None
20:53:45.600,staggered,8.3,525.3,303.4,76.7,1103.8,65.5,2400,0.0,0.0,15300,-507,55,discharging,None,None
20:53:46.103,staggered,8.3,569.6,331.4,38.0,1103.3,61.1,2400,0.0,0.0,15287,-644,55,discharging,None,None
20:53:46.611,staggered,8.3,569.6,331.4,6.0,1103.3,61.7,2400,0.0,0.0,15328,-566,55,discharging,None,None
20:53:47.119,staggered,8.3,569.6,331.4,100.0,1103.3,66.1,2400,0.0,0.0,15288,-564,55,discharging,None,None
20:53:47.622,staggered,8.3,623.6,390.5,29.6,1103.1,62.2,2400,0.0,0.0,15301,-677,55,discharging,None,None
20:53:48.131,staggered,8.3,623.6,390.5,24.9,1103.1,63.9,2400,0.0,0.0,15329,-541,55,discharging,None,None
20:53:48.634,staggered,8.3,366.6,155.4,81.8,1103.1,64.5,2400,0.0,0.0,15283,-574,55,discharging,None,None
20:53:49.138,staggered,8.3,366.6,155.4,0.0,1102.8,61.1,2400,0.0,0.0,15317,-633,55,discharging,None,None
20:53:49.641,staggered,8.3,380.0,155.4,79.2,1102.8,62.2,2400,0.0,0.0,15290,-591,55,discharging,None,None
20:53:50.145,staggered,8.3,380.0,152.0,32.8,1103.1,62.2,2400,0.0,0.0,15313,-614,55,discharging,None,None
20:53:50.652,staggered,8.3,380.0,152.0,60.4,1103.5,66.1,2400,0.0,0.0,15329,-552,55,discharging,None,None
20:53:51.161,staggered,8.3,363.0,152.0,14.9,1103.3,60.6,2400,0.0,0.0,15318,-579,55,discharging,None,None
20:53:51.666,staggered,8.3,363.0,155.1,62.3,1103.3,65.5,2400,0.0,0.0,15305,-596,55,discharging,None,None
20:53:52.169,staggered,8.3,395.0,155.1,52.2,1103.1,61.7,2400,0.0,0.0,15280,-643,55,discharging,None,None
20:53:52.675,staggered,9.3,395.0,167.4,34.2,1103.1,64.5,2400,0.0,0.0,15327,-589,54,discharging,None,None
20:53:53.179,staggered,9.3,399.5,167.4,84.7,1102.6,63.9,2400,0.0,0.0,15287,-596,54,discharging,None,None
20:53:53.682,staggered,9.3,399.5,167.4,3.0,1102.6,61.1,2400,0.0,0.0,15318,-652,54,discharging,None,None
20:53:54.195,staggered,8.4,399.5,167.4,62.1,1102.6,65.5,2400,0.0,0.0,15330,-525,54,discharging,None,None
20:53:54.699,staggered,8.4,611.1,403.6,69.0,1102.6,62.2,1600,0.0,0.0,15282,-656,54,discharging,None,None
20:53:55.203,staggered,8.3,611.1,403.6,4.0,1102.6,59.5,1600,0.0,0.0,15328,-627,54,discharging,None,None
20:53:55.715,staggered,8.3,611.1,403.6,77.2,1102.6,65.0,2400,0.0,0.0,15329,-471,54,discharging,None,None
20:53:56.218,staggered,8.3,751.9,487.2,75.1,1102.6,62.8,2400,0.0,0.0,15281,-649,54,discharging,None,None
20:53:56.722,staggered,8.4,751.9,487.2,2.5,1102.6,61.7,2400,0.0,0.0,15320,-653,54,discharging,None,None
20:53:57.248,staggered,8.4,751.9,487.2,70.2,1102.6,65.0,2400,0.0,0.0,15326,-512,54,discharging,None,None
20:53:57.751,staggered,8.3,563.2,528.5,72.8,1102.6,62.8,2400,0.0,0.0,15279,-664,54,discharging,None,None
20:53:58.270,staggered,8.3,563.2,528.5,6.9,1102.4,61.7,2400,0.0,0.0,15318,-656,54,discharging,None,None
20:53:58.773,staggered,8.0,407.2,528.5,78.4,1102.4,63.4,2400,0.0,0.0,15292,-568,54,discharging,None,None
20:53:59.277,staggered,8.0,407.2,169.2,36.8,1102.4,61.7,2400,0.0,0.0,15315,-630,54,discharging,None,None
20:53:59.783,staggered,8.0,407.2,169.2,67.5,1102.4,66.7,2400,0.0,0.0,15322,-579,54,discharging,None,None
20:54:00.287,staggered,8.3,398.8,169.2,20.4,1103.1,62.8,2400,0.0,0.0,15290,-617,54,discharging,None,None
20:54:00.796,staggered,8.3,398.8,167.3,61.4,1103.1,65.0,2400,0.0,0.0,15288,-631,54,discharging,None,None
20:54:01.300,staggered,8.3,403.8,167.3,54.5,1103.1,61.7,2400,0.0,0.0,15285,-640,54,discharging,None,None
20:54:01.806,staggered,8.3,403.8,159.4,33.8,1103.5,64.5,2400,0.0,0.0,15323,-592,54,discharging,None,None
20:54:02.310,staggered,8.3,397.5,159.4,83.6,1103.3,63.9,2400,0.0,0.0,15304,-572,54,discharging,None,None
20:54:02.814,staggered,8.3,397.5,159.4,2.5,1103.3,60.6,2400,0.0,0.0,15316,-650,54,discharging,None,None
20:54:03.327,staggered,8.3,397.5,159.4,64.7,1103.0,65.0,2400,0.0,0.0,15326,-540,54,discharging,None,None
20:54:03.831,staggered,8.3,588.3,379.4,66.3,1102.8,62.8,2400,0.0,0.0,15283,-632,54,discharging,None,None
20:54:04.334,staggered,8.3,588.3,379.4,2.5,1102.8,61.1,2400,0.0,0.0,15317,-664,54,discharging,None,None
20:54:04.847,staggered,8.3,588.3,379.4,80.1,1102.8,65.5,2400,0.0,0.0,15328,-517,54,discharging,None,None
20:54:05.350,staggered,8.3,699.8,446.2,61.6,1102.8,62.8,2400,0.0,0.0,15279,-655,54,discharging,None,None
20:54:05.854,staggered,8.3,699.8,446.2,2.0,1102.6,60.6,2400,0.0,0.0,15318,-654,54,discharging,None,None
20:54:06.367,staggered,8.3,699.8,446.2,83.7,1102.6,65.5,2400,0.0,0.0,15325,-511,54,discharging,None,None
20:54:06.870,staggered,8.3,567.4,355.2,49.3,1102.6,62.2,2400,0.0,0.0,15277,-661,54,discharging,None,None
20:54:07.379,staggered,8.4,567.4,355.2,19.4,1102.6,63.4,2400,0.0,0.0,15322,-634,54,discharging,None,None
20:54:07.884,staggered,8.4,394.0,355.2,86.8,1102.6,66.1,2400,0.0,0.0,15292,-545,54,discharging,None,None
20:54:08.388,staggered,8.3,394.0,162.2,17.5,1102.6,61.1,2400,0.0,0.0,15276,-651,54,discharging,None,None
20:54:08.894,staggered,8.3,396.0,162.2,77.7,1102.4,66.1,2400,0.0,0.0,15324,-578,54,discharging,None,None
20:54:09.398,staggered,8.3,396.0,163.4,41.3,1102.4,62.8,2400,0.0,0.0,15289,-591,54,discharging,None,None
20:54:09.904,staggered,8.3,396.0,163.4,44.6,1102.6,65.0,2400,0.0,0.0,15321,-631,54,discharging,None,None
20:54:10.407,staggered,8.3,401.1,163.4,48.7,1102.6,62.2,2400,0.0,0.0,15282,-645,54,discharging,None,None
20:54:10.911,staggered,7.9,401.1,156.1,35.5,1102.8,61.7,2400,0.0,0.0,15321,-627,54,discharging,None,None
20:54:11.414,staggered,7.9,400.4,156.1,82.6,1102.8,63.9,2400,0.0,0.0,15309,-574,54,discharging,None,None
20:54:11.923,staggered,7.9,400.4,156.1,10.6,1102.6,62.8,2400,0.0,0.0,15315,-627,54,discharging,None,None
20:54:12.427,staggered,8.3,400.4,174.9,84.2,1104.2,65.5,2400,0.0,0.0,15295,-600,54,discharging,None,None
20:54:12.931,staggered,8.3,406.6,174.9,26.4,1104.2,61.7,2400,0.0,0.0,15276,-657,54,discharging,None,None
20:54:13.443,staggered,8.4,406.6,174.9,39.8,1104.2,64.5,2400,0.0,0.0,15324,-595,54,discharging,None,None
20:54:13.946,staggered,8.4,527.3,343.5,88.7,1104.2,65.0,2400,0.0,0.0,15290,-666,54,discharging,None,None
20:54:14.450,staggered,8.3,527.3,343.5,1.5,1104.2,61.1,2400,0.0,0.0,15322,-638,54,discharging,None,None
20:54:14.962,staggered,8.3,527.3,343.5,57.4,1104.2,65.0,2400,0.0,0.0,15308,-513,54,discharging,None,None
20:54:15.466,staggered,8.3,732.3,504.4,90.2,1104.0,64.5,2400,0.0,0.0,15276,-691,54,discharging,None,None
20:54:15.970,staggered,8.3,732.3,504.4,2.0,1104.0,61.7,2400,0.0,0.0,15321,-641,54,discharging,None,None
20:54:16.479,staggered,8.3,732.3,504.4,54.7,1104.0,65.5,2400,0.0,0.0,15313,-512,54,discharging,None,None
20:54:16.983,staggered,8.3,591.1,358.0,78.3,1103.7,63.9,2400,0.0,0.0,15274,-678,54,discharging,None,None
20:54:17.486,staggered,8.3,591.1,358.0,1.5,1103.7,62.2,2400,0.0,0.0,15323,-621,54,discharging,None,None
20:54:17.990,staggered,8.3,399.9,358.0,78.7,1103.5,66.1,2400,0.0,0.0,15289,-544,54,discharging,None,None
20:54:18.495,staggered,8.4,399.9,157.7,39.0,1103.8,62.2,2400,0.0,0.0,15288,-654,54,discharging,None,None
20:54:19.003,staggered,8.4,399.9,157.7,41.2,1103.8,65.0,2400,0.0,0.0,15325,-577,54,discharging,None,None
20:54:19.507,staggered,8.3,395.8,157.7,60.6,1103.8,65.0,2400,0.0,0.0,15298,-591,54,discharging,None,None
20:54:20.012,staggered,8.3,395.8,165.3,21.1,1103.8,62.2,2400,0.0,0.0,15316,-623,54,discharging,None,None
20:54:20.515,staggered,8.3,395.0,165.3,78.6,1103.8,62.8,1900,0.0,0.0,15281,-650,54,discharging,None,None
20:54:21.020,staggered,8.3,395.0,179.7,39.5,1103.5,63.4,2400,0.0,0.0,15329,-606,54,discharging,None,None
20:54:21.528,staggered,8.3,395.0,179.7,67.5,1103.5,66.7,2400,0.0,0.0,15296,-558,54,discharging,None,None
20:54:22.031,staggered,8.3,394.0,179.7,24.0,1103.3,61.7,2400,0.0,0.0,15308,-627,54,discharging,None,None
20:54:22.543,staggered,8.3,394.0,167.3,66.5,1103.3,65.5,2400,0.0,0.0,15288,-594,54,discharging,None,None
20:54:23.047,staggered,7.9,405.0,167.3,53.7,1103.8,62.8,2400,0.0,0.0,15273,-655,54,discharging,None,None
20:54:23.555,staggered,7.9,405.0,167.3,6.0,1103.8,62.2,2400,0.0,0.0,15323,-584,54,discharging,None,None
20:54:24.059,staggered,7.9,405.0,299.9,100.0,1104.2,66.7,2400,0.0,0.0,15287,-573,54,discharging,None,None
20:54:24.564,staggered,8.3,546.4,299.9,20.4,1104.0,61.7,2400,0.0,0.0,15311,-661,54,discharging,None,None
20:54:25.080,staggered,8.3,546.4,299.9,28.2,1103.8,63.9,2400,0.0,0.0,15325,-526,54,discharging,None,None
20:54:25.584,staggered,8.3,641.2,391.1,99.5,1103.8,66.1,2400,0.0,0.0,15276,-614,54,discharging,None,None
20:54:26.087,staggered,8.3,641.2,391.1,3.5,1104.5,61.7,2400,0.0,0.0,15312,-672,54,discharging,None,None
20:54:26.595,staggered,8.3,641.2,391.1,43.2,1104.5,66.7,2400,0.0,0.0,15324,-516,54,discharging,None,None
20:54:27.098,staggered,8.3,659.3,438.4,98.0,1104.5,65.5,2400,0.0,0.0,15278,-641,54,discharging,None,None
20:54:27.602,staggered,8.3,659.3,438.4,2.0,1104.5,61.7,2400,0.0,0.0,15313,-671,54,discharging,None,None
20:54:28.111,staggered,8.4,659.3,438.4,53.5,1103.5,65.0,2400,0.0,0.0,15327,-522,54,discharging,None,None
20:54:28.614,staggered,8.4,399.1,172.1,65.5,1103.3,63.4,2400,0.0,0.0,15285,-654,54,discharging,None,None
20:54:29.123,staggered,8.3,399.1,172.1,17.1,1103.5,62.8,2400,0.0,0.0,15325,-620,54,discharging,None,None
20:54:29.626,staggered,8.3,399.2,172.1,66.7,1103.5,62.2,2400,0.0,0.0,15279,-592,54,discharging,None,None
20:54:30.130,staggered,8.3,399.2,159.1,36.5,1104.0,61.1,2400,0.0,0.0,15297,-653,54,discharging,None,None
20:54:30.633,staggered,8.3,395.1,159.1,78.6,1104.0,65.5,2400,0.0,0.0,15295,-583,54,discharging,None,None
20:54:31.140,staggered,8.3,395.1,159.1,33.3,1103.8,64.5,2400,0.0,0.0,15312,-589,54,discharging,None,None
20:54:31.647,staggered,8.3,395.1,183.4,53.2,1103.8,66.1,2400,0.0,0.0,15321,-567,54,discharging,None,None
20:54:32.150,staggered,8.3,395.6,183.4,40.6,1103.3,62.2,2400,0.0,0.0,15279,-639,54,discharging,None,None
20:54:32.659,staggered,8.3,395.6,157.5,40.5,1103.3,63.4,2400,0.0,0.0,15321,-614,54,discharging,None,None
20:54:33.162,staggered,8.3,399.3,157.5,77.3,1102.9,64.5,2400,0.0,0.0,15278,-633,54,discharging,None,None
20:54:33.666,staggered,8.3,399.3,157.5,2.0,1102.9,60.6,2400,0.0,0.0,15318,-618,54,discharging,None,None
20:54:34.178,staggered,8.4,399.3,157.5,68.1,1102.9,65.5,2400,0.0,0.0,15318,-504,54,discharging,None,None
20:54:34.682,staggered,8.4,696.5,435.1,81.6,1103.3,63.4,2400,0.0,0.0,15277,-664,54,discharging,None,None
20:54:35.186,staggered,7.9,696.5,435.1,3.0,1104.6,61.1,2400,0.0,0.0,15314,-656,54,discharging,None,None
20:54:35.696,staggered,7.9,696.5,435.1,63.9,1105.4,65.0,2400,0.0,0.0,15324,-516,54,discharging,None,None
20:54:36.199,staggered,8.3,694.6,452.4,78.1,1106.8,63.4,2400,0.0,0.0,15275,-665,54,discharging,None,None
20:54:36.703,staggered,8.3,694.6,452.4,2.5,1106.8,61.1,2400,0.0,0.0,15315,-654,54,discharging,None,None
20:54:37.215,staggered,8.3,694.6,452.4,67.6,1107.1,65.5,2400,0.0,0.0,15320,-512,54,discharging,None,None
20:54:37.720,staggered,8.2,588.3,377.8,69.7,1107.1,63.9,2400,0.0,0.0,15274,-669,54,discharging,None,None
20:54:38.223,staggered,8.2,588.3,377.8,3.0,1106.2,61.7,2400,0.0,0.0,15320,-641,54,discharging,None,None
20:54:38.727,staggered,8.4,394.7,377.8,82.2,1106.2,63.4,2400,0.0,0.0,15288,-549,54,discharging,None,None
20:54:39.230,staggered,8.4,394.7,161.3,36.9,1106.6,62.2,2400,0.0,0.0,15273,-652,54,discharging,None,None
20:54:39.739,staggered,8.4,394.7,161.3,56.7,1106.6,66.1,2400,0.0,0.0,15321,-580,54,discharging,None,None
20:54:40.245,staggered,8.3,395.8,161.3,53.2,1106.4,64.5,2400,0.0,0.0,15285,-592,54,discharging,None,None
20:54:40.749,staggered,8.3,395.8,166.7,29.4,1106.4,63.9,2400,0.0,0.0,15317,-631,54,discharging,None,None
20:54:41.253,staggered,8.3,394.8,166.7,63.0,1106.1,62.2,1900,0.0,0.0,15279,-644,54,discharging,None,None
20:54:41.757,staggered,8.3,394.8,167.4,38.3,1106.1,62.2,2400,0.0,0.0,15323,-588,54,discharging,None,None
20:54:42.260,staggered,8.3,391.6,167.4,81.2,1105.4,65.5,2400,0.0,0.0,15297,-555,54,discharging,None,None
20:54:42.764,staggered,8.3,391.6,167.4,3.0,1105.4,61.7,2400,0.0,0.0,15312,-632,54,discharging,None,None
20:54:43.272,staggered,8.3,391.6,159.6,79.3,1104.5,66.1,2400,0.0,0.0,15300,-583,54,discharging,None,None
20:54:43.775,staggered,8.3,403.2,159.6,38.6,1104.5,62.8,2400,0.0,0.0,15271,-654,54,discharging,None,None
20:54:44.294,staggered,8.3,403.2,159.6,17.4,1104.2,62.8,2400,0.0,0.0,15321,-591,54,discharging,None,None
20:54:44.799,staggered,8.3,403.2,403.4,100.0,1104.2,66.7,2400,0.0,0.0,15290,-557,54,discharging,None,None
20:54:45.303,staggered,8.3,623.7,403.4,20.1,1103.8,61.1,2400,0.0,0.0,15289,-682,54,discharging,None,None
20:54:46.196,staggered,8.4,623.7,403.4,59.8,1103.1,65.5,2400,0.0,0.0,15283,-569,54,discharging,None,None
20:54:46.700,staggered,8.4,627.6,226.8,50.5,1102.9,62.2,2400,0.0,0.0,15276,-701,54,discharging,None,None
20:54:47.208,staggered,8.4,627.6,226.8,23.6,1105.0,65.0,2400,0.0,0.0,15320,-569,54,discharging,None,None
20:54:47.712,staggered,6.6,399.6,226.8,77.6,1105.0,65.0,2400,0.0,0.0,15273,-592,54,discharging,None,None
20:54:48.216,staggered,6.6,399.6,177.0,21.9,1104.6,61.7,2400,0.0,0.0,15314,-656,54,discharging,None,None
20:54:48.720,staggered,8.3,393.6,177.0,82.5,1104.6,66.1,2400,0.0,0.0,15284,-605,54,discharging,None,None
20:54:49.223,staggered,8.3,393.6,158.7,36.6,1103.9,63.4,2400,0.0,0.0,15310,-619,54,discharging,None,None
20:54:49.731,staggered,8.3,393.6,158.7,47.8,1103.9,66.1,2400,0.0,0.0,15316,-579,54,discharging,None,None
20:54:50.235,staggered,8.3,401.2,158.7,37.4,1104.3,61.7,2400,0.0,0.0,15294,-627,54,discharging,None,None
20:54:50.743,staggered,8.3,401.2,171.9,46.3,1105.2,63.4,2400,0.0,0.0,15293,-627,54,discharging,None,None
20:54:51.246,staggered,8.4,399.4,171.9,73.3,1105.3,63.9,2400,0.0,0.0,15278,-650,54,discharging,None,None
20:54:51.755,staggered,8.4,399.4,171.9,5.0,1105.3,61.1,1600,0.0,0.0,15320,-592,54,discharging,None,None
20:54:52.260,staggered,8.3,399.4,188.1,100.0,1105.3,67.2,2400,0.0,0.0,15288,-557,54,discharging,None,None
20:54:52.763,staggered,8.3,420.2,188.1,16.8,1104.6,60.6,2400,0.0,0.0,15308,-642,54,discharging,None,None
20:54:53.274,staggered,8.3,420.2,188.1,31.2,1103.9,63.9,2400,0.0,0.0,15324,-527,54,discharging,None,None
20:54:53.795,staggered,8.3,420.2,188.1,100.0,1103.9,66.1,2400,0.0,0.0,15276,-606,54,discharging,None,None
20:54:54.298,staggered,8.3,818.6,692.6,35.0,1103.9,61.7,2400,0.0,0.0,15283,-731,54,discharging,None,None
20:54:54.807,staggered,8.4,818.6,692.6,14.9,1103.9,63.4,2400,0.0,0.0,15320,-563,54,discharging,None,None
20:54:55.312,staggered,8.4,818.6,692.6,100.0,1103.9,66.7,2400,0.0,0.0,15278,-577,54,discharging,None,None
20:54:55.815,staggered,8.3,611.2,400.9,27.2,1103.9,62.2,2400,0.0,0.0,15290,-690,54,discharging,None,None
20:54:56.323,staggered,8.3,611.2,400.9,34.8,1103.7,65.5,2400,0.0,0.0,15321,-552,54,discharging,None,None
20:54:56.827,staggered,8.3,401.7,168.9,84.7,1103.7,65.0,2400,0.0,0.0,15273,-593,54,discharging,None,None
20:54:57.330,staggered,8.3,401.7,168.9,3.0,1103.7,61.1,2400,0.0,0.0,15309,-655,54,discharging,None,None
20:54:57.834,staggered,8.3,400.5,168.9,82.7,1103.7,63.4,2400,0.0,0.0,15285,-601,54,discharging,None,None
20:54:58.338,staggered,8.3,400.5,330.4,48.8,1103.2,62.8,2400,0.0,0.0,15302,-643,54,discharging,None,None
20:54:58.844,staggered,8.3,400.5,330.4,58.1,1103.2,66.1,2400,0.0,0.0,15317,-594,54,discharging,None,None
20:54:59.348,staggered,8.3,411.5,330.4,28.2,1103.0,61.7,2400,0.0,0.0,15289,-619,54,discharging,None,None
20:54:59.857,staggered,7.6,411.5,172.0,54.0,1103.0,64.5,2400,0.0,0.0,15319,-610,54,discharging,None,None
20:55:00.360,staggered,7.6,407.0,172.0,66.2,1103.4,62.8,2400,0.0,0.0,15273,-646,54,discharging,None,None
20:55:00.864,staggered,8.3,407.0,172.0,3.0,1103.4,62.2,2400,0.0,0.0,15317,-615,54,discharging,None,None
20:55:01.372,staggered,8.3,407.0,375.6,94.1,1107.0,66.1,2400,0.0,0.0,15286,-542,54,discharging,None,None
20:55:01.875,staggered,8.3,565.6,375.6,40.0,1106.7,62.2,1900,0.0,0.0,15268,-685,54,discharging,None,None
20:55:02.383,staggered,8.3,565.6,375.6,8.5,1106.7,61.7,1800,0.0,0.0,15320,-580,54,discharging,None,None
20:55:02.887,staggered,8.3,565.6,375.6,100.0,1106.7,66.1,2400,0.0,0.0,15293,-510,54,discharging,None,None
20:55:03.390,staggered,8.3,740.3,483.3,45.3,1106.4,61.7,2400,0.0,0.0,15269,-683,54,discharging,None,None
20:55:03.902,staggered,8.3,740.3,483.3,4.4,1105.9,61.7,2400,0.0,0.0,15319,-599,54,discharging,None,None
20:55:04.414,staggered,8.3,740.3,483.3,100.0,1105.9,66.1,2400,0.0,0.0,15283,-543,54,discharging,None,None
20:55:04.918,staggered,8.3,652.6,435.1,40.0,1105.5,61.7,2400,0.0,0.0,15272,-696,54,discharging,None,None
20:55:05.427,staggered,8.3,652.6,435.1,17.5,1105.5,63.4,2400,0.0,0.0,15319,-593,54,discharging,None,None
20:55:05.934,staggered,8.3,390.8,435.1,92.2,1105.2,65.5,2400,0.0,0.0,15278,-570,54,discharging,None,None
20:55:06.438,staggered,8.3,390.8,163.3,9.4,1107.3,61.7,2400,0.0,0.0,15304,-656,54,discharging,None,None
20:55:06.942,staggered,8.4,396.8,163.3,80.7,1107.5,65.5,2400,0.0,0.0,15307,-590,54,discharging,None,None
20:55:07.445,staggered,8.4,396.8,157.7,37.5,1107.4,62.8,2400,0.0,0.0,15307,-623,54,discharging,None,None
20:55:07.952,staggered,8.3,396.8,157.7,45.3,1108.1,65.5,2400,0.0,0.0,15308,-617,54,discharging,None,None
20:55:08.455,staggered,8.3,396.8,157.7,40.5,1115.9,61.1,2400,0.0,0.0,15268,-658,54,discharging,None,None
20:55:08.964,staggered,8.3,396.8,172.8,43.3,1114.5,62.2,2400,0.0,0.0,15298,-667,54,discharging,None,None
20:55:09.467,staggered,8.4,401.3,172.8,76.6,1115.4,63.4,2400,0.0,0.0,15282,-608,54,discharging,None,None
20:55:09.977,staggered,8.4,401.3,172.8,20.1,1113.7,64.5,2400,0.0,0.0,15308,-593,54,discharging,None,None
20:55:10.484,staggered,8.3,401.3,163.5,86.7,1113.4,66.1,2400,0.0,0.0,15293,-610,54,discharging,None,None
20:55:10.987,staggered,8.3,530.6,163.5,39.5,1111.9,62.2,2400,0.0,0.0,15307,-664,54,discharging,None,None
20:55:11.495,staggered,8.3,530.6,159.1,41.6,1113.0,63.9,2400,0.0,0.0,15294,-582,54,discharging,None,None
20:55:11.998,staggered,7.5,399.2,159.1,76.7,1111.8,63.4,2400,0.0,0.0,15270,-653,54,discharging,None,None
20:55:12.503,staggered,7.5,399.2,159.1,3.0,1112.3,61.1,1900,0.0,0.0,15318,-590,54,discharging,None,None
20:55:13.015,staggered,8.4,399.2,159.1,78.0,1111.9,65.0,2400,0.0,0.0,15286,-546,54,discharging,None,None
20:55:13.518,staggered,8.4,639.6,443.9,63.6,1111.2,62.2,2400,0.0,0.0,15280,-677,54,discharging,None,None
20:55:14.022,staggered,8.4,639.6,443.9,2.0,1109.5,61.1,2400,0.0,0.0,15319,-568,54,discharging,None,None
20:55:14.538,staggered,8.4,639.6,443.9,83.7,1109.5,66.1,2400,0.0,0.0,15280,-572,54,discharging,None,None
20:55:15.042,staggered,8.4,703.3,443.2,58.8,1108.3,62.2,2400,0.0,0.0,15288,-695,54,discharging,None,None
20:55:15.545,staggered,8.3,703.3,443.2,2.0,1108.3,61.1,2400,0.0,0.0,15318,-560,54,discharging,None,None
20:55:16.056,staggered,8.3,703.3,443.2,87.3,1107.9,66.7,2400,0.0,0.0,15276,-579,54,discharging,None,None
20:55:16.560,staggered,8.3,607.7,383.1,49.3,1107.8,62.8,2400,0.0,0.0,15293,-687,54,discharging,None,None
20:55:17.069,staggered,8.3,607.7,383.1,11.4,1107.2,63.9,2400,0.0,0.0,15319,-546,54,discharging,None,None
20:55:17.574,staggered,8.2,395.0,383.1,89.0,1107.2,65.5,2400,0.0,0.0,15271,-599,54,discharging,None,None
20:55:18.077,staggered,8.2,395.0,162.7,20.0,1106.9,61.1,2400,0.0,0.0,15306,-653,54,discharging,None,None
20:55:18.584,staggered,8.2,395.0,162.7,73.4,1106.9,66.7,2400,0.0,0.0,15281,-604,54,discharging,None,None
20:55:19.088,staggered,8.4,394.5,170.2,46.0,1106.5,62.8,2400,0.0,0.0,15295,-651,54,discharging,None,None
20:55:19.596,staggered,8.4,394.5,170.2,37.8,1106.5,65.0,2400,0.0,0.0,15317,-582,54,discharging,None,None
20:55:20.100,staggered,8.3,396.2,170.2,46.0,1106.8,62.2,2400,0.0,0.0,15299,-597,54,discharging,None,None
20:55:20.604,staggered,8.3,396.2,160.1,36.0,1106.8,62.2,2400,0.0,0.0,15289,-615,54,discharging,None,None
20:55:21.107,staggered,8.3,394.7,160.1,82.2,1106.3,63.4,2400,0.0,0.0,15272,-653,54,discharging,None,None
20:55:21.615,staggered,8.3,394.7,160.1,8.5,1106.3,62.8,2400,0.0,0.0,15317,-593,54,discharging,None,None
20:55:22.123,staggered,8.3,394.7,159.5,90.6,1105.7,66.1,2400,0.0,0.0,15278,-587,54,discharging,None,None
20:55:22.626,staggered,8.3,396.0,159.5,28.7,1105.7,61.7,2400,0.0,0.0,15303,-665,54,discharging,None,None
20:55:23.139,staggered,8.3,396.0,159.5,40.4,1105.0,65.0,2400,0.0,0.0,15322,-538,54,discharging,None,None
20:55:23.643,staggered,7.9,596.4,404.1,95.0,1105.0,66.7,2400,0.0,0.0,15271,-647,54,discharging,None,None
20:55:24.147,staggered,7.9,596.4,404.1,1.5,1105.1,61.1,2400,0.0,0.0,15313,-651,54,discharging,None,None
20:55:24.659,staggered,7.9,596.4,404.1,51.0,1105.1,66.1,2400,0.0,0.0,15311,-515,54,discharging,None,None
20:55:25.162,staggered,8.2,706.7,462.9,91.6,1104.3,64.5,2400,0.0,0.0,15271,-676,54,discharging,None,None
20:55:25.666,staggered,8.2,706.7,462.9,2.0,1104.3,61.7,2400,0.0,0.0,15312,-645,54,discharging,None,None
20:55:26.175,staggered,8.4,706.7,462.9,53.0,1103.9,65.5,2400,0.0,0.0,15310,-512,54,discharging,None,None
20:55:26.679,staggered,8.4,555.4,342.4,78.8,1103.9,63.4,2400,0.0,0.0,15268,-675,54,discharging,None,None
20:55:27.182,staggered,8.4,555.4,342.4,1.5,1103.7,62.2,2400,0.0,0.0,15317,-624,54,discharging,None,None
20:55:27.686,staggered,8.4,390.1,342.4,81.1,1103.7,64.5,2400,0.0,0.0,15279,-556,54,discharging,None,None
20:55:28.189,staggered,8.4,390.1,155.7,35.7,1103.4,62.2,2400,0.0,0.0,15283,-650,54,discharging,None,None
20:55:28.696,staggered,8.3,390.1,155.7,49.0,1103.4,66.7,2400,0.0,0.0,15314,-575,54,discharging,None,None
20:55:29.201,staggered,8.3,396.0,155.7,52.0,1103.2,65.0,2400,0.0,0.0,15300,-590,54,discharging,None,None
20:55:29.710,staggered,8.3,396.0,170.0,29.9,1103.2,63.9,2400,0.0,0.0,15310,-612,54,discharging,None,None
20:55:30.213,staggered,8.3,399.3,170.0,71.1,1104.9,63.4,2400,0.0,0.0,15272,-652,54,discharging,None,None
20:55:30.717,staggered,8.3,399.3,155.5,35.8,1104.9,63.4,2400,0.0,0.0,15316,-631,54,discharging,None,None
20:55:31.225,staggered,8.3,399.3,155.5,74.3,1104.6,66.1,2400,0.0,0.0,15280,-589,54,discharging,None,None
20:55:31.728,staggered,8.3,394.4,155.5,9.0,1104.6,61.7,2400,0.0,0.0,15305,-612,54,discharging,None,None
20:55:32.236,staggered,8.3,394.4,158.3,72.3,1104.9,66.1,2400,0.0,0.0,15281,-579,54,discharging,None,None
20:55:32.739,staggered,8.3,400.1,158.3,45.8,1106.0,62.2,2400,0.0,0.0,15274,-653,54,discharging,None,None
20:55:33.248,staggered,8.2,400.1,158.3,11.9,1105.8,61.1,1800,0.0,0.0,15317,-573,54,discharging,None,None
20:55:33.755,staggered,8.2,400.1,428.5,100.0,1105.8,65.5,2400,0.0,0.0,15281,-554,54,discharging,None,None
20:55:34.258,staggered,8.2,618.8,428.5,27.9,1105.8,61.7,2400,0.0,0.0,15301,-662,54,discharging,None,None
20:55:34.767,staggered,8.4,618.8,428.5,28.4,1106.0,63.9,2400,0.0,0.0,15314,-556,54,discharging,None,None
20:55:35.271,staggered,8.4,618.8,428.5,100.0,1106.4,66.1,2400,0.0,0.0,15274,-607,54,discharging,None,None
20:55:35.774,staggered,7.9,755.5,502.6,35.3,1105.3,62.2,2400,0.0,0.0,15286,-713,54,discharging,None,None
20:55:36.280,staggered,7.9,755.5,502.6,12.0,1104.9,62.8,2400,0.0,0.0,15316,-556,54,discharging,None,None
20:55:36.791,staggered,7.9,555.4,502.6,100.0,1104.9,66.7,2400,0.0,0.0,15274,-585,54,discharging,None,None
20:55:37.294,staggered,8.3,555.4,352.2,22.9,1103.9,62.2,2400,0.0,0.0,15302,-682,54,discharging,None,None
20:55:37.803,staggered,8.3,555.4,352.2,43.5,1103.9,65.5,2400,0.0,0.0,15319,-550,54,discharging,None,None
20:55:38.307,staggered,8.3,407.6,164.3,75.4,1104.0,64.5,2400,0.0,0.0,15277,-610,54,discharging,None,None
20:55:38.815,staggered,8.3,407.6,164.3,4.5,1104.2,61.7,2400,0.0,0.0,15307,-640,54,discharging,None,None
20:55:39.319,staggered,8.4,403.4,164.3,79.3,1104.1,62.8,2400,0.0,0.0,15276,-616,54,discharging,None,None
20:55:39.822,staggered,8.4,403.4,157.5,36.3,1105.3,63.4,2400,0.0,0.0,15286,-653,54,discharging,None,None
20:55:40.331,staggered,8.4,403.4,157.5,66.3,1106.9,66.7,2400,0.0,0.0,15306,-573,54,discharging,None,None
20:55:40.836,staggered,8.3,407.0,157.5,25.1,1106.9,63.4,2400,0.0,0.0,15304,-594,54,discharging,None,None
20:55:41.340,staggered,8.3,407.0,162.5,56.9,1107.2,64.5,2400,0.0,0.0,15298,-603,54,discharging,None,None
20:55:41.844,staggered,8.3,407.1,162.5,57.2,1106.7,62.8,2400,0.0,0.0,15267,-655,54,discharging,None,None
20:55:42.351,staggered,8.3,407.1,168.1,36.9,1108.8,65.0,2400,0.0,0.0,15314,-593,54,discharging,None,None
20:55:42.855,staggered,8.3,411.0,168.1,83.9,1108.3,65.0,2400,0.0,0.0,15272,-595,54,discharging,None,None
20:55:43.358,staggered,8.3,411.0,168.1,2.5,1108.3,61.1,2400,0.0,0.0,15304,-659,54,discharging,None,None
20:55:43.875,staggered,8.3,411.0,168.1,66.5,1108.3,65.5,2400,0.0,0.0,15318,-533,54,discharging,None,None
20:55:44.378,staggered,8.3,596.8,431.1,72.8,1108.1,62.8,2400,0.0,0.0,15267,-653,54,discharging,None,None
20:55:44.882,staggered,8.3,596.8,431.1,2.5,1106.3,61.1,2400,0.0,0.0,15310,-644,54,discharging,None,None
20:55:45.395,staggered,8.3,596.8,431.1,72.9,1106.3,66.1,2400,0.0,0.0,15307,-513,54,discharging,None,None
20:55:45.898,staggered,8.3,748.1,634.1,85.6,1108.8,63.9,2400,0.0,0.0,15271,-667,54,discharging,None,None
20:55:46.402,staggered,8.3,748.1,634.1,3.0,1108.8,61.1,2400,0.0,0.0,15307,-662,54,discharging,None,None
20:55:46.909,staggered,8.4,748.1,634.1,52.2,1108.8,66.1,2400,0.0,0.0,15314,-498,54,discharging,None,None
20:55:47.412,staggered,8.4,564.7,337.6,90.6,1110.0,63.9,2400,0.0,0.0,15270,-633,54,discharging,None,None
20:55:47.916,staggered,7.9,564.7,337.6,2.0,1107.6,61.1,2400,0.0,0.0,15305,-680,54,discharging,None,None
20:55:48.425,staggered,7.9,564.7,337.6,74.5,1107.6,66.1,2400,0.0,0.0,15308,-547,54,discharging,None,None
20:55:48.928,staggered,7.9,394.6,161.9,43.6,1107.3,61.7,2400,0.0,0.0,15293,-647,54,discharging,None,None
20:55:49.433,staggered,8.3,394.6,161.9,38.8,1107.3,66.1,2400,0.0,0.0,15314,-603,54,discharging,None,None
20:55:49.940,staggered,8.3,394.5,161.9,51.7,1106.0,62.8,2400,0.0,0.0,15266,-597,54,discharging,None,None
20:55:50.446,staggered,8.3,394.5,175.1,33.2,1106.7,61.7,2400,0.0,0.0,15277,-655,54,discharging,None,None
20:55:50.950,staggered,8.3,397.5,175.1,81.7,1105.4,63.9,2400,0.0,0.0,15279,-602,54,discharging,None,None
20:55:51.454,staggered,8.3,397.5,159.5,34.8,1105.4,65.5,2400,0.0,0.0,15304,-591,54,discharging,None,None
20:55:51.958,staggered,8.3,397.5,159.5,65.8,1105.4,66.7,2400,0.0,0.0,15310,-579,54,discharging,None,None
20:55:52.461,staggered,8.3,398.2,159.5,21.3,1105.4,61.7,2400,0.0,0.0,15288,-654,54,discharging,None,None
20:55:52.968,staggered,8.4,398.2,163.0,59.4,1104.2,65.0,2400,0.0,0.0,15316,-595,54,discharging,None,None
20:55:53.472,staggered,8.4,405.3,163.0,59.0,1104.2,62.8,2400,0.0,0.0,15265,-645,54,discharging,None,None
20:55:53.976,staggered,8.3,405.3,163.0,3.0,1103.8,61.1,1600,0.0,0.0,15312,-621,54,discharging,None,None
20:55:54.490,staggered,8.3,405.3,482.2,94.1,1103.8,65.5,2400,0.0,0.0,15297,-495,54,discharging,None,None
20:55:54.994,staggered,8.4,684.2,482.2,52.7,1103.8,62.2,2400,0.0,0.0,15266,-677,54,discharging,None,None
20:55:55.497,staggered,8.4,684.2,482.2,2.5,1103.8,60.6,2400,0.0,0.0,15314,-627,54,discharging,None,None
20:55:56.010,staggered,8.4,684.2,482.2,93.6,1103.7,65.5,2400,0.0,0.0,15293,-515,54,discharging,None,None
20:55:56.514,staggered,8.2,760.5,532.6,60.6,1103.1,62.2,2400,0.0,0.0,15265,-695,54,discharging,None,None
20:55:57.018,staggered,8.2,760.5,532.6,2.5,1103.1,61.7,2400,0.0,0.0,15309,-641,54,discharging,None,None
20:55:57.531,staggered,8.3,760.5,532.6,85.7,1103.1,66.1,2400,0.0,0.0,15303,-515,54,discharging,None,None
20:55:58.034,staggered,8.3,500.4,295.1,42.9,1103.1,62.8,2400,0.0,0.0,15268,-672,54,discharging,None,None
20:55:58.543,staggered,8.3,500.4,295.1,30.3,1103.5,64.5,2400,0.0,0.0,15314,-616,54,discharging,None,None
20:55:59.048,staggered,8.3,597.6,295.1,99.0,1103.5,65.5,2400,0.0,0.0,15277,-569,54,discharging,None,None
20:55:59.551,staggered,8.3,597.6,234.2,26.7,1103.5,61.7,2400,0.0,0.0,15266,-707,54,discharging,None,None
20:56:00.059,staggered,7.2,597.6,234.2,53.5,1103.9,65.5,2400,0.0,0.0,15313,-577,54,discharging,None,None
20:56:00.563,staggered,7.2,399.6,161.1,65.5,1103.8,64.5,2400,0.0,0.0,15267,-592,54,discharging,None,None
20:56:01.071,staggered,7.2,399.6,161.1,16.4,1103.8,63.9,2400,0.0,0.0,15308,-654,54,discharging,None,None
20:56:01.575,staggered,8.3,393.7,161.1,67.2,1104.0,62.2,2400,0.0,0.0,15278,-607,54,discharging,None,None
20:56:02.079,staggered,8.3,393.7,167.4,36.3,1104.0,61.7,2400,0.0,0.0,15304,-613,54,discharging,None,None
20:56:02.586,staggered,8.3,395.1,167.4,78.8,1104.0,66.1,2400,0.0,0.0,15308,-580,54,discharging,None,None
20:56:03.091,staggered,8.3,395.1,167.4,6.0,1103.7,61.7,2400,0.0,0.0,15289,-592,54,discharging,None,None
20:56:03.599,staggered,8.3,395.1,162.3,77.1,1103.7,66.1,2400,0.0,0.0,15297,-577,54,discharging,None,None
20:56:04.102,staggered,8.3,404.7,162.3,41.5,1103.3,61.7,2400,0.0,0.0,15303,-655,54,discharging,None,None
20:56:04.615,staggered,8.3,404.7,162.3,33.5,1103.3,63.4,2400,0.0,0.0,15320,-542,54,discharging,None,None
20:56:05.119,staggered,8.3,476.7,267.1,93.1,1103.3,65.0,2400,0.0,0.0,15263,-629,54,discharging,None,None
20:56:05.623,staggered,8.3,476.7,267.1,3.0,1103.3,61.1,2400,0.0,0.0,15310,-633,54,discharging,None,None
20:56:06.135,staggered,8.2,476.7,267.1,52.7,1103.0,64.5,2400,0.0,0.0,15297,-511,54,discharging,None,None
20:56:06.639,staggered,8.2,734.5,519.0,95.5,1103.0,65.0,2400,0.0,0.0,15264,-688,54,discharging,None,None
20:56:07.142,staggered,8.2,734.5,519.0,2.5,1103.5,61.7,2400,0.0,0.0,15308,-643,54,discharging,None,None
20:56:07.651,staggered,8.5,734.5,519.0,49.5,1103.5,65.0,2400,0.0,0.0,15303,-511,54,discharging,None,None
20:56:08.155,staggered,8.5,643.1,386.4,82.8,1103.5,62.8,2400,0.0,0.0,15264,-673,54,discharging,None,None
20:56:08.658,staggered,8.3,643.1,386.4,2.5,1103.5,61.7,2400,0.0,0.0,15313,-618,54,discharging,None,None
20:56:09.167,staggered,8.3,643.1,386.4,62.7,1103.0,67.2,2400,0.0,0.0,15284,-522,54,discharging,None,None
20:56:09.670,staggered,8.3,455.6,210.7,60.1,1103.0,63.4,2400,0.0,0.0,15265,-663,54,discharging,None,None
20:56:10.179,staggered,8.3,455.6,210.7,16.0,1103.0,64.5,2400,0.0,0.0,15312,-580,54,discharging,None,None
20:56:10.684,staggered,8.3,395.7,210.7,72.9,1103.0,64.5,2400,0.0,0.0,15264,-591,54,discharging,None,None
20:56:11.187,staggered,8.3,395.7,355.0,45.5,1103.5,62.2,2400,0.0,0.0,15292,-676,54,discharging,None,None
20:56:11.695,staggered,8.3,395.7,355.0,78.2,1103.5,66.1,2400,0.0,0.0,15274,-630,54,discharging,None,None
20:56:12.200,staggered,8.0,406.9,355.0,7.5,1103.3,61.1,2400,0.0,0.0,15302,-594,54,discharging,None,None
20:56:12.707,staggered,8.0,406.9,161.1,74.1,1104.2,65.5,2400,0.0,0.0,15305,-578,54,discharging,None,None
20:56:13.211,staggered,8.0,403.4,161.1,44.3,1103.8,62.2,2400,0.0,0.0,15286,-655,54,discharging,None,None
20:56:13.723,staggered,8.3,403.4,161.1,32.5,1103.8,63.9,2400,0.0,0.0,15313,-576,54,discharging,None,None
20:56:14.226,staggered,8.3,431.8,187.0,87.6,1103.8,63.9,2400,0.0,0.0,15262,-638,54,discharging,None,None
20:56:14.730,staggered,8.3,431.8,187.0,3.0,1103.8,60.6,1900,0.0,0.0,15309,-643,54,discharging,None,None
20:56:15.242,staggered,8.3,431.8,187.0,58.5,1103.5,65.0,2400,0.0,0.0,15312,-479,54,discharging,None,None
20:56:15.746,staggered,8.3,767.4,579.4,96.6,1103.5,65.5,2400,0.0,0.0,15266,-645,54,discharging,None,None
20:56:16.250,staggered,8.3,767.4,579.4,3.0,1103.8,61.1,2400,0.0,0.0,15305,-665,54,discharging,None,None
20:56:16.766,staggered,8.3,767.4,579.4,48.5,1103.8,65.5,2400,0.0,0.0,15316,-516,54,discharging,None,None
20:56:17.270,staggered,8.3,735.7,527.7,99.5,1103.8,66.7,2400,0.0,0.0,15267,-659,54,discharging,None,None
20:56:17.774,staggered,8.3,735.7,527.7,6.4,1103.5,61.7,2400,0.0,0.0,15303,-678,54,discharging,None,None
20:56:18.280,staggered,8.4,735.7,527.7,46.5,1103.8,66.1,2400,0.0,0.0,15315,-519,54,discharging,None,None
20:56:18.783,staggered,8.4,391.5,160.9,71.1,1103.8,63.9,2400,0.0,0.0,15270,-650,54,discharging,None,None
20:56:19.295,staggered,8.3,391.5,160.9,11.8,1103.8,63.4,2400,0.0,0.0,15311,-626,54,discharging,None,None
20:56:19.798,staggered,8.3,396.4,160.9,73.2,1103.8,63.9,2400,0.0,0.0,15268,-590,54,discharging,None,None
20:56:20.302,staggered,8.3,396.4,173.2,39.2,1104.1,62.2,2400,0.0,0.0,15281,-656,54,discharging,None,None
20:56:20.811,staggered,8.3,396.4,173.2,72.6,1104.2,66.7,2400,0.0,0.0,15290,-581,54,discharging,None,None
20:56:21.315,staggered,8.3,398.5,173.2,35.0,1104.2,66.1,2400,0.0,0.0,15300,-591,54,discharging,None,None
20:56:21.820,staggered,8.3,398.5,166.7,47.5,1104.5,66.1,2400,0.0,0.0,15307,-582,54,discharging,None,None
20:56:22.324,staggered,8.3,401.3,166.7,48.0,1104.5,61.7,2400,0.0,0.0,15263,-653,54,discharging,None,None
20:56:22.827,staggered,8.3,401.3,159.8,35.8,1104.5,62.8,2400,0.0,0.0,15312,-622,54,discharging,None,None
20:56:23.335,staggered,8.3,401.3,159.8,97.0,1104.2,67.2,2400,0.0,0.0,15275,-603,54,discharging,None,None
20:56:23.838,staggered,8.3,527.5,159.8,12.4,1103.5,61.1,2400,0.0,0.0,15299,-653,54,discharging,None,None
20:56:24.347,staggered,7.6,527.5,172.6,69.5,1103.5,65.5,2400,0.0,0.0,15276,-586,54,discharging,None,None
20:56:24.851,staggered,7.6,402.5,172.6,49.3,1103.5,62.2,2400,0.0,0.0,15259,-657,54,discharging,None,None
20:56:25.359,staggered,7.6,402.5,172.6,13.1,1103.5,62.2,1600,0.0,0.0,15310,-592,54,discharging,None,None
20:56:25.863,staggered,8.2,402.5,354.0,100.0,1103.3,66.7,2400,0.0,0.0,15275,-537,54,discharging,None,None
20:56:26.367,staggered,8.2,552.8,354.0,19.5,1103.3,61.7,2400,0.0,0.0,15295,-645,54,discharging,None,None
20:56:26.879,staggered,8.5,552.8,354.0,29.1,1103.3,63.4,2400,0.0,0.0,15311,-544,54,discharging,None,None
20:56:27.384,staggered,8.5,552.8,454.4,100.0,1103.3,66.1,2400,0.0,0.0,15270,-600,54,discharging,None,None
20:56:27.888,staggered,8.3,678.7,454.4,10.0,1103.1,61.7,2400,0.0,0.0,15300,-687,54,discharging,None,None
20:56:28.397,staggered,8.3,678.7,454.4,37.1,1103.1,65.0,2400,0.0,0.0,15313,-525,54,discharging,None,None
20:56:28.900,staggered,8.3,555.7,371.5,98.5,1104.0,66.1,2400,0.0,0.0,15269,-612,54,discharging,None,None
20:56:29.404,staggered,8.3,555.7,371.5,1.5,1104.8,61.7,2400,0.0,0.0,15300,-680,54,discharging,None,None
20:56:29.909,staggered,8.3,555.7,371.5,66.8,1105.2,67.2,2400,0.0,0.0,15309,-549,54,discharging,None,None
20:56:30.413,staggered,8.3,410.9,166.0,52.8,1105.4,63.4,2400,0.0,0.0,15290,-641,54,discharging,None,None
20:56:30.920,staggered,8.3,410.9,166.0,27.7,1104.9,65.0,2400,0.0,0.0,15310,-613,54,discharging,None,None
20:56:31.424,staggered,8.4,398.5,166.0,55.7,1104.9,62.2,2400,0.0,0.0,15265,-607,54,discharging,None,None
20:56:31.927,staggered,8.4,398.5,159.7,35.7,1104.4,61.7,2400,0.0,0.0,15271,-652,54,discharging,None,None
20:56:32.431,staggered,8.4,393.2,159.7,80.6,1104.4,64.5,2400,0.0,0.0,15278,-589,54,discharging,None,None
20:56:32.939,staggered,8.3,393.2,159.7,26.6,1104.4,66.1,2400,0.0,0.0,15299,-592,54,discharging,None,None
20:56:33.443,staggered,8.3,393.2,171.1,64.0,1104.4,67.2,2400,0.0,0.0,15306,-582,54,discharging,None,None
20:56:33.947,staggered,8.3,400.7,171.1,31.5,1104.2,62.2,2400,0.0,0.0,15271,-656,54,discharging,None,None
20:56:34.455,staggered,8.3,400.7,159.4,48.0,1104.2,64.5,2400,0.0,0.0,15309,-595,54,discharging,None,None
20:56:34.958,staggered,8.3,404.3,159.4,69.5,1104.2,62.8,2400,0.0,0.0,15261,-634,54,discharging,None,None
20:56:35.462,staggered,8.3,404.3,159.4,10.6,1104.2,60.6,2400,0.0,0.0,15298,-649,54,discharging,None,None
20:56:35.968,staggered,8.3,404.3,339.7,85.2,1104.2,65.0,2400,0.0,0.0,15300,-518,54,discharging,None,None
20:56:36.471,staggered,7.9,564.7,339.7,41.0,1104.2,62.2,2400,0.0,0.0,15262,-649,54,discharging,None,None
20:56:36.984,staggered,7.9,564.7,339.7,5.1,1103.7,62.2,2400,0.0,0.0,15311,-601,54,discharging,None,None
20:56:37.491,staggered,8.3,564.7,339.7,100.0,1103.7,65.5,2400,0.0,0.0,15277,-538,54,discharging,None,None
20:56:37.995,staggered,8.3,722.6,482.7,40.7,1103.5,62.2,2400,0.0,0.0,15258,-701,54,discharging,None,None
20:56:38.503,staggered,8.3,722.6,482.7,5.5,1103.5,61.7,2400,0.0,0.0,15310,-601,54,discharging,None,None
20:56:39.007,staggered,8.3,722.6,482.7,100.0,1103.5,66.1,2400,0.0,0.0,15275,-542,54,discharging,None,None
20:56:39.510,staggered,8.3,603.1,405.9,36.8,1103.5,61.1,2400,0.0,0.0,15263,-692,54,discharging,None,None
20:56:40.019,staggered,8.4,603.1,405.9,27.5,1103.1,63.9,2400,0.0,0.0,15309,-589,54,discharging,None,None
20:56:40.525,staggered,8.4,397.6,405.9,85.8,1103.5,65.5,2400,0.0,0.0,15266,-583,54,discharging,None,None
20:56:41.028,staggered,8.4,397.6,164.1,6.0,1105.4,61.7,2400,0.0,0.0,15298,-653,54,discharging,None,None
20:56:41.532,staggered,8.3,394.9,164.1,82.5,1105.4,63.9,2400,0.0,0.0,15290,-580,54,discharging,None,None
20:56:42.036,staggered,8.3,394.9,159.3,36.9,1105.4,61.7,2400,0.0,0.0,15298,-606,54,discharging,None,None
20:56:42.544,staggered,8.3,394.9,159.3,53.7,1105.4,65.5,2400,0.0,0.0,15302,-584,54,discharging,None,None
20:56:43.048,staggered,8.3,396.3,159.3,30.2,1104.0,61.7,2400,0.0,0.0,15261,-638,54,discharging,None,None
20:56:43.559,staggered,8.3,396.3,159.8,51.5,1104.0,64.5,2400,0.0,0.0,15288,-649,54,discharging,None,None
20:56:44.062,staggered,8.3,394.2,159.8,66.0,1104.0,62.8,2400,0.0,0.0,15267,-619,54,discharging,None,None
20:56:44.571,staggered,8.3,394.2,159.8,22.6,1104.0,64.5,2400,0.0,0.0,15302,-591,54,discharging,None,None
20:56:45.074,staggered,8.3,393.5,162.9,92.2,1104.0,66.1,2400,0.0,0.0,15284,-575,54,discharging,None,None
20:56:45.578,staggered,8.3,393.5,162.9,3.0,1104.0,62.2,2400,0.0,0.0,15290,-651,54,discharging,None,None
20:56:46.091,staggered,8.2,393.5,162.9,53.7,1103.5,65.0,2400,0.0,0.0,15311,-543,54,discharging,None,None
20:56:46.595,staggered,8.2,623.1,452.4,83.1,1103.5,63.4,2400,0.0,0.0,15265,-595,54,discharging,None,None
20:56:47.238,staggered,8.4,623.1,452.4,8.9,1103.8,61.7,2400,0.0,0.0,15308,-607,54,discharging,None,None
20:56:47.751,staggered,8.4,623.1,452.4,90.2,1103.8,65.0,2400,0.0,0.0,15272,-547,54,discharging,None,None
20:56:48.254,staggered,8.4,693.6,436.8,51.0,1103.8,62.8,2400,0.0,0.0,15261,-703,54,discharging,None,None
20:56:48.758,staggered,7.9,693.6,436.8,2.0,1103.8,61.1,2400,0.0,0.0,15310,-596,54,discharging,None,None
20:56:49.271,staggered,7.9,693.6,436.8,94.6,1103.8,66.7,2400,0.0,0.0,15275,-542,54,discharging,None,None
20:56:49.775,staggered,8.3,529.8,312.5,36.1,1105.2,61.7,2400,0.0,0.0,15271,-673,54,discharging,None,None
20:56:50.283,staggered,8.3,529.8,312.5,33.5,1106.8,65.0,2400,0.0,0.0,15309,-570,54,discharging,None,None
20:56:50.787,staggered,8.2,397.9,163.0,81.0,1106.8,65.5,2400,0.0,0.0,15264,-590,54,discharging,None,None
20:56:51.290,staggered,8.2,397.9,163.0,5.5,1108.0,60.6,2400,0.0,0.0,15300,-653,54,discharging,None,None
20:56:51.794,staggered,8.2,404.0,163.0,82.7,1107.3,63.4,2400,0.0,0.0,15274,-599,54,discharging,None,None
20:56:52.298,staggered,8.2,404.0,146.9,32.3,1107.3,62.2,2400,0.0,0.0,15299,-624,54,discharging,None,None
20:56:52.804,staggered,8.2,404.0,146.9,56.4,1107.3,65.5,2400,0.0,0.0,15307,-568,54,discharging,None,None
20:56:53.307,staggered,8.2,363.2,146.9,18.0,1107.0,61.7,2400,0.0,0.0,15286,-598,54,discharging,None,None
20:56:53.819,staggered,8.2,363.2,147.7,58.1,1106.8,65.0,2400,0.0,0.0,15272,-609,54,discharging,None,None
20:56:54.322,staggered,8.2,364.2,147.7,49.3,1106.5,62.2,2400,0.0,0.0,15262,-634,54,discharging,None,None
20:56:54.831,staggered,8.2,364.2,147.7,27.4,1106.5,63.9,2400,0.0,0.0,15309,-576,54,discharging,None,None
20:56:55.334,staggered,8.2,366.8,151.6,79.4,1105.9,63.4,2400,0.0,0.0,15269,-587,54,discharging,None,None
20:56:55.838,staggered,8.2,366.8,151.6,0.0,1105.5,60.6,2400,0.0,0.0,15300,-634,54,discharging,None,None
20:56:56.348,staggered,8.2,366.8,151.6,65.0,1105.5,64.5,2400,0.0,0.0,15313,-486,54,discharging,None,None
20:56:56.852,staggered,8.2,742.6,560.0,84.6,1106.3,63.9,2400,0.0,0.0,15264,-623,54,discharging,None,None
20:56:57.356,staggered,8.2,742.6,560.0,0.0,1106.3,61.1,2400,0.0,0.0,15298,-674,54,discharging,None,None
20:56:57.868,staggered,8.2,742.6,560.0,60.6,1105.8,65.0,2400,0.0,0.0,15312,-511,54,discharging,None,None
20:56:58.371,staggered,8.2,539.9,342.5,58.6,1105.5,61.7,2400,0.0,0.0,15258,-644,54,discharging,None,None
20:56:58.875,staggered,8.2,539.9,342.5,0.0,1105.3,60.6,2400,0.0,0.0,15307,-633,54,discharging,None,None
20:56:59.383,staggered,8.2,361.5,342.5,80.9,1105.3,64.5,2400,0.0,0.0,15278,-530,54,discharging,None,None
20:56:59.887,staggered,8.2,361.5,152.1,27.3,1104.8,60.6,2400,0.0,0.0,15264,-634,54,discharging,None,None
20:57:00.395,staggered,8.2,361.5,152.1,65.8,1104.8,65.5,2400,0.0,0.0,15308,-570,54,discharging,None,None
20:57:00.899,staggered,8.2,361.6,150.8,41.1,1104.6,62.8,2400,0.0,0.0,15290,-574,54,discharging,None,None
20:57:01.406,staggered,8.2,361.6,150.8,35.0,1104.6,62.2,1500,0.0,0.0,15304,-607,54,discharging,None,None
20:57:01.909,staggered,8.2,401.9,150.8,47.8,1104.6,60.0,2400,0.0,0.0,15270,-600,54,discharging,None,None
20:57:02.413,staggered,8.2,401.9,147.6,32.8,1104.6,61.1,2400,0.0,0.0,15308,-578,54,discharging,None,None
20:57:02.917,staggered,8.2,363.7,147.6,74.8,1104.2,62.2,2400,0.0,0.0,15276,-575,54,discharging,None,None
20:57:03.425,staggered,8.2,363.7,147.6,5.4,1104.2,62.2,2400,0.0,0.0,15299,-596,54,discharging,None,None
20:57:03.929,staggered,8.2,363.7,151.4,92.6,1104.2,65.5,2400,0.0,0.0,15273,-567,54,discharging,None,None
20:57:04.433,staggered,8.2,366.9,151.4,9.0,1103.9,60.6,2400,0.0,0.0,15281,-633,54,discharging,None,None
20:57:04.944,staggered,8.2,366.9,151.4,37.4,1103.9,63.9,2400,0.0,0.0,15310,-552,54,discharging,None,None
20:57:05.447,staggered,8.2,654.2,462.0,98.0,1103.7,65.0,2400,0.0,0.0,15269,-581,54,discharging,None,None
20:57:05.951,staggered,8.2,654.2,462.0,0.0,1103.5,60.6,2400,0.0,0.0,15298,-625,54,discharging,None,None
20:57:06.463,staggered,8.2,654.2,462.0,46.8,1103.5,63.9,2400,0.0,0.0,15288,-495,54,discharging,None,None
20:57:06.966,staggered,8.2,566.3,312.6,67.5,1103.4,62.2,2400,0.0,0.0,15267,-630,54,discharging,None,None
20:57:07.470,staggered,8.2,566.3,312.6,0.0,1105.5,60.6,2400,0.0,0.0,15307,-575,54,discharging,None,None
20:57:07.982,staggered,8.2,566.3,312.6,76.7,1108.5,65.0,2400,0.0,0.0,15264,-585,54,discharging,None,None
20:57:08.486,staggered,8.2,428.3,210.3,34.3,1108.1,61.7,2400,0.0,0.0,15294,-662,54,discharging,None,None
20:57:08.995,staggered,8.2,428.3,210.3,34.0,1108.1,64.5,2400,0.0,0.0,15302,-568,54,discharging,None,None
20:57:09.498,staggered,8.2,363.6,148.0,71.6,1109.5,64.5,2400,0.0,0.0,15295,-631,54,discharging,None,None
20:57:10.003,staggered,8.2,363.6,148.0,5.5,1107.6,62.2,2400,0.0,0.0,15307,-596,54,discharging,None,None
20:57:10.507,staggered,8.2,366.0,148.0,70.8,1108.0,62.2,2400,0.0,0.0,15260,-592,54,discharging,None,None
20:57:11.010,staggered,8.2,366.0,155.1,33.2,1108.3,61.1,2400,0.0,0.0,15268,-633,54,discharging,None,None
20:57:11.518,staggered,8.2,375.5,155.1,72.6,1108.3,65.5,1900,0.0,0.0,15265,-607,54,discharging,None,None
20:57:12.022,staggered,8.2,375.5,155.1,5.0,1107.6,60.6,2400,0.0,0.0,15305,-565,54,discharging,None,None
20:57:12.531,staggered,8.2,375.5,151.8,72.1,1107.6,65.5,2400,0.0,0.0,15298,-556,54,discharging,None,None
20:57:13.035,staggered,8.2,362.7,151.8,35.0,1107.2,61.7,2400,0.0,0.0,15298,-633,54,discharging,None,None
20:57:13.544,staggered,8.2,362.7,151.8,29.8,1107.2,63.9,2400,0.0,0.0,15310,-551,54,discharging,None,None
20:57:14.047,staggered,8.2,498.6,315.2,91.5,1106.9,63.4,2400,0.0,0.0,15258,-651,54,discharging,None,None
20:57:14.551,staggered,8.2,498.6,315.2,0.0,1106.9,60.6,2400,0.0,0.0,15305,-631,54,discharging,None,None
20:57:15.063,staggered,8.2,498.6,315.2,53.4,1106.6,65.0,2400,0.0,0.0,15290,-504,54,discharging,None,None
20:57:15.566,staggered,8.2,648.8,424.6,77.7,1106.3,62.8,2400,0.0,0.0,15257,-673,54,discharging,None,None
20:57:16.070,staggered,8.2,648.8,424.6,0.0,1106.0,61.1,2400,0.0,0.0,15307,-605,54,discharging,None,None
20:57:16.583,staggered,8.2,648.8,424.6,66.5,1106.0,65.0,1900,0.0,0.0,15271,-524,54,discharging,None,None
20:57:17.086,staggered,8.2,495.1,293.3,53.7,1105.7,62.2,2400,0.0,0.0,15272,-642,54,discharging,None,None
20:57:17.596,staggered,8.2,495.1,293.3,10.5,1105.7,62.2,2400,0.0,0.0,15309,-545,54,discharging,None,None
20:57:18.100,staggered,8.2,362.9,293.3,76.1,1105.2,63.9,2400,0.0,0.0,15261,-572,54,discharging,None,None
20:57:18.603,staggered,8.2,362.9,147.9,19.9,1105.2,61.1,2400,0.0,0.0,15301,-632,54,discharging,None,None
20:57:19.107,staggered,8.2,361.7,147.9,74.6,1104.5,64.5,2400,0.0,0.0,15269,-608,54,discharging,None,None
20:57:19.610,staggered,8.2,361.7,147.0,33.0,1104.5,62.8,2400,0.0,0.0,15301,-621,54,discharging,None,None
20:57:20.120,staggered,8.2,361.7,147.0,50.0,1104.3,65.0,2400,0.0,0.0,15299,-565,54,discharging,None,None
20:57:20.623,staggered,8.2,365.1,147.0,24.8,1104.3,61.1,2400,0.0,0.0,15298,-584,54,discharging,None,None
20:57:21.131,staggered,8.2,365.1,147.7,51.7,1103.8,64.5,2400,0.0,0.0,15274,-576,54,discharging,None,None
20:57:21.635,staggered,8.2,363.1,147.7,55.2,1103.8,61.1,2400,0.0,0.0,15258,-632,54,discharging,None,None
20:57:22.143,staggered,8.2,363.1,147.7,10.6,1103.4,60.6,1800,0.0,0.0,15312,-557,54,discharging,None,None
20:57:22.648,staggered,8.2,363.1,289.3,100.0,1103.4,65.0,2400,0.0,0.0,15269,-556,54,discharging,None,None
20:57:23.151,staggered,8.2,471.5,289.3,6.5,1103.4,60.0,2400,0.0,0.0,15296,-631,54,discharging,None,None
20:57:23.669,staggered,8.2,471.5,289.3,38.2,1103.4,65.0,2400,0.0,0.0,15309,-509,54,discharging,None,None
20:57:24.172,staggered,8.2,652.1,429.4,92.7,1103.4,63.9,2400,0.0,0.0,15258,-637,54,discharging,None,None
20:57:24.676,staggered,8.2,652.1,429.4,0.0,1103.4,61.1,2400,0.0,0.0,15299,-652,54,discharging,None,None
20:57:25.184,staggered,8.2,652.1,429.4,52.0,1103.4,64.5,2400,0.0,0.0,15307,-507,54,discharging,None,None
20:57:25.688,staggered,8.2,570.9,362.6,78.2,1103.4,62.2,2400,0.0,0.0,15257,-664,54,discharging,None,None
20:57:26.191,staggered,8.2,570.9,362.6,0.0,1103.2,60.6,2400,0.0,0.0,15305,-630,54,discharging,None,None
20:57:26.695,staggered,8.2,362.9,362.6,75.1,1103.2,64.5,2400,0.0,0.0,15271,-537,54,discharging,None,None
20:57:27.198,staggered,8.2,362.9,151.7,33.8,1104.5,60.6,2400,0.0,0.0,15262,-632,54,discharging,None,None
20:57:27.703,staggered,8.2,362.9,151.7,49.5,1104.9,64.5,2400,0.0,0.0,15312,-541,54,discharging,None,None
20:57:28.211,staggered,8.2,380.5,151.7,48.0,1105.3,63.9,2400,0.0,0.0,15290,-552,54,discharging,None,None
20:57:28.717,staggered,8.2,380.5,151.1,30.9,1105.3,62.2,2400,0.0,0.0,15301,-602,54,discharging,None,None
20:57:29.220,staggered,8.2,366.2,151.1,59.7,1105.3,62.8,2400,0.0,0.0,15258,-632,54,discharging,None,None
20:57:29.724,staggered,8.2,366.2,147.0,32.3,1105.7,61.7,2400,0.0,0.0,15306,-612,54,discharging,None,None
20:57:30.227,staggered,8.2,363.0,147.0,75.0,1105.5,63.4,2400,0.0,0.0,15267,-592,54,discharging,None,None
20:57:30.731,staggered,8.2,363.0,147.0,0.0,1105.5,60.6,2400,0.0,0.0,15298,-594,54,discharging,None,None
20:57:31.239,staggered,8.2,363.0,151.9,83.2,1105.5,65.5,2400,0.0,0.0,15268,-565,54,discharging,None,None
20:57:31.742,staggered,8.2,370.6,151.9,24.0,1105.5,60.6,2400,0.0,0.0,15291,-633,54,discharging,None,None
20:57:32.254,staggered,8.2,370.6,151.9,22.7,1104.8,63.4,2400,0.0,0.0,15308,-538,54,discharging,None,None
20:57:32.759,staggered,8.2,370.6,532.7,100.0,1104.8,65.5,2400,0.0,0.0,15262,-590,54,discharging,None,None
20:57:33.262,staggered,8.2,715.1,532.7,22.3,1104.4,61.1,2400,0.0,0.0,15291,-686,54,discharging,None,None
20:57:33.771,staggered,8.2,715.1,532.7,22.4,1104.4,63.4,2400,0.0,0.0,15308,-524,54,discharging,None,None
20:57:34.275,staggered,8.2,715.1,532.7,100.0,1104.4,65.5,2400,0.0,0.0,15264,-597,54,discharging,None,None
20:57:34.779,staggered,8.2,627.7,441.0,17.3,1103.9,60.6,2400,0.0,0.0,15294,-692,54,discharging,None,None
20:57:35.287,staggered,8.2,627.7,441.0,40.0,1103.9,65.0,2400,0.0,0.0,15308,-531,54,discharging,None,None
20:57:35.790,staggered,8.2,367.7,148.0,67.6,1103.9,62.2,2400,0.0,0.0,15269,-598,54,discharging,None,None
20:57:36.299,staggered,8.2,367.7,148.0,9.0,1103.9,62.2,2400,0.0,0.0,15300,-626,54,discharging,None,None
20:57:36.802,staggered,8.2,362.2,148.0,66.0,1103.9,61.7,2400,0.0,0.0,15262,-606,54,discharging,None,None
20:57:37.306,staggered,90.4,362.2,171.5,37.8,1103.9,61.7,2400,0.0,0.0,15275,-640,54,discharging,None,None
20:57:37.815,staggered,90.4,362.2,171.5,79.2,1103.9,65.0,2400,0.0,0.0,15278,-582,54,discharging,None,None
20:57:38.321,staggered,8.4,412.5,171.5,17.8,1103.9,62.8,2400,0.0,0.0,15296,-581,54,discharging,None,None
20:57:38.828,staggered,8.4,412.5,163.1,64.9,1103.9,65.5,2400,0.0,0.0,15290,-565,54,discharging,None,None
20:57:39.332,staggered,8.3,397.4,163.1,43.5,1103.6,62.2,2400,0.0,0.0,15255,-651,54,discharging,None,None
20:57:39.841,staggered,8.3,397.4,159.3,37.4,1103.6,63.4,2400,0.0,0.0,15303,-591,54,discharging,None,None
20:57:40.345,staggered,8.3,400.0,159.3,80.0,1104.0,62.8,2400,0.0,0.0,15255,-617,54,discharging,None,None
20:57:40.849,staggered,8.3,400.0,159.3,1.5,1104.3,60.0,2400,0.0,0.0,15296,-651,54,discharging,None,None
20:57:41.356,staggered,8.3,400.0,159.3,72.9,1104.3,65.5,2400,0.0,0.0,15299,-525,54,discharging,None,None
20:57:41.859,staggered,8.3,631.2,428.0,64.0,1105.7,62.2,2400,0.0,0.0,15260,-677,54,discharging,None,None
20:57:42.363,staggered,8.3,631.2,428.0,2.0,1105.7,60.6,2400,0.0,0.0,15304,-633,54,discharging,None,None
20:57:42.875,staggered,8.3,631.2,428.0,81.9,1105.7,63.9,1900,0.0,0.0,15289,-515,54,discharging,None,None
20:57:43.378,staggered,8.2,767.8,530.6,72.9,1105.2,62.8,2400,0.0,0.0,15260,-677,54,discharging,None,None
20:57:43.882,staggered,8.2,767.8,530.6,1.5,1105.2,61.1,2400,0.0,0.0,15299,-632,54,discharging,None,None
20:57:44.558,staggered,8.4,767.8,530.6,79.2,1105.2,65.5,2400,0.0,0.0,15264,-571,54,discharging,None,None
20:57:45.061,staggered,8.4,643.6,256.6,55.5,1105.2,62.2,2400,0.0,0.0,15254,-715,54,discharging,None,None
20:57:45.568,staggered,8.4,643.6,256.6,20.4,1105.2,63.9,2400,0.0,0.0,15304,-581,54,discharging,None,None
20:57:46.072,staggered,6.7,395.4,256.6,74.3,1105.0,63.9,2400,0.0,0.0,15257,-590,54,discharging,None,None
20:57:46.576,staggered,6.7,395.4,161.9,24.7,1105.9,62.2,2400,0.0,0.0,15297,-653,54,discharging,None,None
20:57:47.083,staggered,8.3,399.2,161.9,81.9,1105.9,65.5,2400,0.0,0.0,15269,-599,54,discharging,None,None
20:57:47.587,staggered,8.3,399.2,159.6,36.0,1105.9,63.9,2400,0.0,0.0,15292,-612,54,discharging,None,None
20:57:48.095,staggered,8.3,399.2,159.6,45.0,1105.2,65.5,2400,0.0,0.0,15297,-570,54,discharging,None,None
20:57:48.598,staggered,8.3,415.3,159.6,40.9,1105.2,62.2,2400,0.0,0.0,15266,-625,54,discharging,None,None
20:57:49.107,staggered,8.3,415.3,172.0,41.0,1105.0,62.2,2400,0.0,0.0,15277,-631,54,discharging,None,None
20:57:49.610,staggered,8.3,407.2,172.0,78.8,1105.0,63.4,2400,0.0,0.0,15260,-641,54,discharging,None,None
20:57:50.120,staggered,8.3,407.2,172.0,2.0,1105.2,60.6,2400,0.0,0.0,15300,-594,54,discharging,None,None
20:57:50.624,staggered,8.3,407.2,159.3,98.5,1105.2,67.2,2400,0.0,0.0,15270,-570,54,discharging,None,None
20:57:51.128,staggered,8.3,411.1,159.3,19.1,1104.5,61.1,2400,0.0,0.0,15291,-662,54,discharging,None,None
20:57:51.639,staggered,8.3,411.1,159.3,33.7,1104.5,64.5,2400,0.0,0.0,15302,-555,54,discharging,None,None
20:57:52.143,staggered,8.3,411.1,494.5,100.0,1104.9,66.7,2400,0.0,0.0,15257,-630,54,discharging,None,None
20:57:52.647,staggered,8.3,680.6,494.5,14.4,1104.7,61.1,2400,0.0,0.0,15289,-721,54,discharging,None,None
20:57:53.155,staggered,8.4,680.6,494.5,33.5,1104.7,65.5,2400,0.0,0.0,15305,-543,54,discharging,None,None
20:57:53.663,staggered,8.4,680.6,494.5,100.0,1104.7,66.1,2400,0.0,0.0,15262,-601,54,discharging,None,None
20:57:54.167,staggered,8.3,758.3,598.7,25.0,1104.1,62.2,2400,0.0,0.0,15283,-703,54,discharging,None,None
20:57:54.675,staggered,8.3,758.3,598.7,25.9,1104.1,63.9,2400,0.0,0.0,15305,-544,54,discharging,None,None
20:57:55.179,staggered,8.3,399.5,168.7,92.6,1103.8,64.5,2400,0.0,0.0,15259,-596,54,discharging,None,None
20:57:55.682,staggered,8.3,399.5,168.7,2.5,1103.8,61.1,2400,0.0,0.0,15293,-655,54,discharging,None,None
20:57:56.186,staggered,8.3,396.8,168.7,82.2,1103.8,65.0,2400,0.0,0.0,15269,-586,54,discharging,None,None
20:57:56.689,staggered,8.3,396.8,337.0,47.5,1103.8,62.8,2400,0.0,0.0,15281,-646,54,discharging,None,None
20:57:57.197,staggered,8.3,396.8,337.0,51.0,1103.4,65.0,2400,0.0,0.0,15301,-594,54,discharging,None,None
20:57:57.701,staggered,8.0,401.6,337.0,33.7,1103.4,61.7,2400,0.0,0.0,15263,-613,54,discharging,None,None
20:57:58.208,staggered,8.0,401.6,163.7,47.5,1103.1,63.4,2400,0.0,0.0,15296,-622,54,discharging,None,None
20:57:58.711,staggered,8.0,408.0,163.7,72.0,1103.1,63.4,2400,0.0,0.0,15258,-636,54,discharging,None,None
20:57:59.215,staggered,8.3,408.0,163.7,2.5,1103.1,61.1,2400,0.0,0.0,15296,-608,54,discharging,None,None
20:57:59.723,staggered,8.3,408.0,226.3,95.0,1103.1,66.1,2400,0.0,0.0,15265,-551,54,discharging,None,None
20:58:00.228,staggered,8.3,485.4,226.3,30.0,1103.4,61.1,2400,0.0,0.0,15264,-666,54,discharging,None,None
20:58:00.746,staggered,8.3,485.4,226.3,20.1,1103.4,63.4,2400,0.0,0.0,15302,-572,54,discharging,None,None
20:58:01.251,staggered,8.3,485.4,539.9,100.0,1103.4,66.7,2400,0.0,0.0,15266,-569,54,discharging,None,None
20:58:01.755,staggered,8.3,749.4,539.9,34.0,1103.4,61.7,2400,0.0,0.0,15252,-712,54,discharging,None,None
20:58:02.262,staggered,8.3,749.4,539.9,14.9,1103.4,62.8,2400,0.0,0.0,15300,-583,54,discharging,None,None
20:58:02.767,staggered,8.3,749.4,539.9,100.0,1103.4,66.7,2400,0.0,0.0,15262,-560,54,discharging,None,None
20:58:03.271,staggered,8.3,723.9,452.5,34.0,1104.3,62.2,2400,0.0,0.0,15255,-701,54,discharging,None,None
20:58:03.779,staggered,8.4,723.9,452.5,13.8,1104.3,63.4,2400,0.0,0.0,15301,-581,54,discharging,None,None
20:58:04.283,staggered,8.4,471.5,452.5,100.0,1104.3,66.7,2400,0.0,0.0,15264,-560,54,discharging,None,None
20:58:04.787,staggered,8.4,471.5,260.0,13.8,1104.3,61.1,2400,0.0,0.0,15279,-663,54,discharging,None,None
20:58:05.295,staggered,8.3,471.5,260.0,60.5,1104.3,65.5,2400,0.0,0.0,15303,-560,54,discharging,None,None
20:58:05.799,staggered,8.3,399.3,162.0,58.6,1104.1,62.8,2400,0.0,0.0,15263,-600,54,discharging,None,None
20:58:06.307,staggered,8.3,399.3,162.0,23.8,1104.1,64.5,2400,0.0,0.0,15291,-634,54,discharging,None,None
20:58:06.811,staggered,8.3,399.0,162.0,60.6,1104.1,62.2,2400,0.0,0.0,15260,-629,54,discharging,None,None
20:58:07.315,staggered,8.3,399.0,159.7,37.1,1104.0,61.7,2400,0.0,0.0,15280,-652,54,discharging,None,None
20:58:07.819,staggered,8.3,394.3,159.7,82.2,1103.9,65.5,2400,0.0,0.0,15289,-576,54,discharging,None,None
20:58:08.327,staggered,8.3,394.3,159.7,16.0,1103.9,63.4,1900,0.0,0.0,15291,-594,54,discharging,None,None
20:58:08.836,staggered,8.3,394.3,183.0,58.9,1104.5,64.5,2400,0.0,0.0,15271,-590,54,discharging,None,None
20:58:09.340,staggered,8.3,412.3,183.0,58.7,1104.5,61.7,2400,0.0,0.0,15255,-645,54,discharging,None,None
20:58:09.844,staggered,7.9,412.3,169.7,37.7,1104.5,63.9,2400,0.0,0.0,15297,-602,54,discharging,None,None
20:58:10.347,staggered,7.9,395.3,169.7,81.7,1104.5,65.0,2400,0.0,0.0,15283,-577,54,discharging,None,None
20:58:10.851,staggered,7.9,395.3,169.7,2.5,1104.0,61.1,2400,0.0,0.0,15290,-654,54,discharging,None,None
20:58:11.360,staggered,8.4,395.3,214.9,71.6,1104.0,65.0,2400,0.0,0.0,15303,-561,54,discharging,None,None
20:58:11.864,staggered,8.4,488.3,214.9,51.7,1104.3,61.7,2400,0.0,0.0,15251,-656,54,discharging,None,None
20:58:12.367,staggered,8.3,488.3,214.9,3.0,1104.3,60.6,2400,0.0,0.0,15298,-633,54,discharging,None,None
20:58:12.879,staggered,8.3,488.3,214.9,93.6,1104.3,65.0,2400,0.0,0.0,15281,-511,54,discharging,None,None
20:58:13.383,staggered,8.3,726.1,523.6,53.5,1103.8,62.2,2400,0.0,0.0,15254,-702,54,discharging,None,None
20:58:13.886,staggered,8.3,726.1,523.6,2.5,1103.4,60.6,2400,0.0,0.0,15301,-544,54,discharging,None,None
20:58:14.399,staggered,8.3,726.1,523.6,92.2,1103.4,66.7,2400,0.0,0.0,15260,-592,54,discharging,None,None
20:58:14.902,staggered,8.3,723.2,480.3,55.4,1103.4,62.2,2400,0.0,0.0,15272,-706,54,discharging,None,None
20:58:15.406,staggered,8.3,723.2,480.3,2.5,1103.4,61.7,2400,0.0,0.0,15301,-552,54,discharging,None,None
20:58:15.918,staggered,8.3,459.4,480.3,90.7,1103.4,66.1,2400,0.0,0.0,15258,-593,54,discharging,None,None
20:58:16.422,staggered,8.3,459.4,231.9,32.3,1103.2,61.7,2400,0.0,0.0,15287,-664,54,discharging,None,None
20:58:16.931,staggered,8.3,459.4,231.9,43.8,1103.4,65.0,2400,0.0,0.0,15289,-566,54,discharging,None,None
20:58:17.434,staggered,8.3,403.0,158.1,74.4,1103.4,65.0,2400,0.0,0.0,15290,-636,54,discharging,None,None
20:58:17.939,staggered,8.3,403.0,158.1,7.4,1103.4,62.2,2400,0.0,0.0,15298,-598,54,discharging,None,None
20:58:18.443,staggered,8.3,407.2,158.1,79.1,1103.4,62.2,1900,0.0,0.0,15252,-611,54,discharging,None,None
20:58:18.946,staggered,8.3,407.2,186.0,40.6,1102.9,61.7,2400,0.0,0.0,15273,-633,54,discharging,None,None
20:58:19.455,staggered,8.4,407.2,186.0,65.5,1103.1,66.1,2400,0.0,0.0,15262,-577,54,discharging,None,None
20:58:19.958,staggered,8.4,411.1,186.0,20.2,1103.1,61.1,2400,0.0,0.0,15290,-594,54,discharging,None,None
20:58:20.467,staggered,8.4,411.1,159.2,60.9,1103.6,64.5,2400,0.0,0.0,15292,-576,54,discharging,None,None
20:58:20.970,staggered,8.3,545.5,159.2,84.7,1103.6,62.8,2400,0.0,0.0,15252,-692,54,discharging,None,None
20:58:21.479,staggered,8.3,545.5,159.2,23.9,1104.0,64.5,2400,0.0,0.0,15299,-625,54,discharging,None,None
20:58:21.983,staggered,7.6,545.5,163.6,71.9,1104.1,66.7,2400,0.0,0.0,15262,-582,54,discharging,None,None
20:58:22.487,staggered,7.6,409.1,163.6,25.9,1104.0,62.2,2400,0.0,0.0,15288,-645,54,discharging,None,None
20:58:22.997,staggered,7.6,409.1,176.4,53.2,1104.0,65.5,2400,0.0,0.0,15284,-577,54,discharging,None,None
20:58:23.503,staggered,8.4,421.3,176.4,67.2,1103.8,62.8,2400,0.0,0.0,15250,-657,54,discharging,None,None
20:58:24.007,staggered,8.4,421.3,176.4,3.0,1103.6,60.6,1600,0.0,0.0,15299,-590,54,discharging,None,None
20:58:24.515,staggered,8.2,421.3,397.9,81.6,1104.5,64.5,2400,0.0,0.0,15272,-519,54,discharging,None,None
20:58:25.018,staggered,8.2,625.6,397.9,49.5,1104.5,61.7,2400,0.0,0.0,15268,-649,54,discharging,None,None
20:58:25.522,staggered,8.5,625.6,397.9,3.0,1104.5,60.6,2400,0.0,0.0,15301,-565,54,discharging,None,None
20:58:26.034,staggered,8.5,625.6,397.9,96.1,1104.5,66.7,2400,0.0,0.0,15262,-577,54,discharging,None,None
20:58:26.538,staggered,8.5,745.2,478.9,53.7,1104.2,62.2,2400,0.0,0.0,15260,-709,54,discharging,None,None
20:58:27.042,staggered,8.3,745.2,478.9,2.5,1104.7,60.6,2400,0.0,0.0,15300,-569,54,discharging,None,None
20:58:27.552,staggered,8.3,745.2,478.9,91.7,1104.7,65.0,2400,0.0,0.0,15260,-569,54,discharging,None,None
20:58:28.055,staggered,8.3,559.5,352.1,41.3,1104.7,62.2,2400,0.0,0.0,15273,-681,54,discharging,None,None
20:58:28.563,staggered,8.3,559.5,352.1,23.5,1104.7,64.5,2400,0.0,0.0,15301,-550,54,discharging,None,None
20:58:29.067,staggered,8.3,395.1,352.1,85.1,1104.5,65.5,2400,0.0,0.0,15251,-597,54,discharging,None,None
20:58:29.570,staggered,8.3,395.1,162.5,11.4,1104.5,61.7,2400,0.0,0.0,15289,-653,54,discharging,None,None
20:58:30.074,staggered,8.3,395.4,162.5,81.7,1104.0,65.0,2400,0.0,0.0,15260,-613,54,discharging,None,None
20:58:30.577,staggered,8.3,395.4,171.1,38.3,1105.9,63.4,2400,0.0,0.0,15281,-649,54,discharging,None,None
20:58:31.084,staggered,8.3,395.4,171.1,48.8,1105.9,65.5,2400,0.0,0.0,15296,-578,54,discharging,None,None
20:58:31.587,staggered,8.4,407.4,171.1,36.5,1105.9,61.7,2400,0.0,0.0,15279,-601,54,discharging,None,None
20:58:32.096,staggered,8.4,407.4,158.7,45.3,1105.8,63.4,2400,0.0,0.0,15264,-615,54,discharging,None,None
20:58:32.599,staggered,8.4,395.1,158.7,72.3,1105.8,63.4,2400,0.0,0.0,15251,-652,54,discharging,None,None
20:58:33.107,staggered,8.3,395.1,158.7,23.6,1105.5,63.9,2400,0.0,0.0,15291,-604,54,discharging,None,None
20:58:33.611,staggered,8.3,395.1,167.0,93.1,1105.3,66.1,2400,0.0,0.0,15262,-600,54,discharging,None,None
20:58:34.115,staggered,7.9,412.2,167.0,18.0,1105.3,61.1,2400,0.0,0.0,15287,-658,54,discharging,None,None
20:58:34.628,staggered,7.9,412.2,167.0,47.1,1105.3,65.0,2400,0.0,0.0,15304,-524,54,discharging,None,None
20:58:35.132,staggered,7.9,612.2,427.9,91.0,1105.0,63.9,2400,0.0,0.0,15252,-639,54,discharging,None,None
20:58:35.635,staggered,8.3,612.2,427.9,1.5,1105.7,61.7,2400,0.0,0.0,15292,-663,54,discharging,None,None
20:58:36.146,staggered,8.3,612.2,427.9,54.2,1106.8,65.0,2400,0.0,0.0,15300,-518,54,discharging,None,None
20:58:36.650,staggered,8.2,739.2,490.5,95.6,1107.2,65.0,2400,0.0,0.0,15251,-665,54,discharging,None,None
20:58:37.153,staggered,8.2,739.2,490.5,1.5,1107.0,60.6,2400,0.0,0.0,15288,-670,54,discharging,None,None
20:58:37.660,staggered,8.4,739.2,490.5,50.2,1107.0,65.0,2400,0.0,0.0,15299,-513,54,discharging,None,None
20:58:38.164,staggered,8.4,710.7,397.5,96.5,1105.7,65.5,2400,0.0,0.0,15252,-651,53,discharging,None,None
20:58:38.668,staggered,8.4,710.7,397.5,1.5,1105.7,61.1,2400,0.0,0.0,15288,-669,53,discharging,None,None
20:58:39.179,staggered,8.4,710.7,397.5,50.7,1105.1,65.5,2400,0.0,0.0,15299,-515,53,discharging,None,None
20:58:39.682,staggered,8.4,399.2,175.0,66.8,1105.5,62.8,2400,0.0,0.0,15253,-655,53,discharging,None,None
20:58:40.191,staggered,8.3,399.2,175.0,14.5,1105.2,63.4,2400,0.0,0.0,15297,-625,53,discharging,None,None
20:58:40.704,staggered,8.3,400.1,175.0,69.8,1105.0,61.7,2400,0.0,0.0,15254,-589,53,discharging,None,None
20:58:41.207,staggered,8.3,400.1,169.5,36.9,1106.7,61.7,2400,0.0,0.0,15271,-657,53,discharging,None,None
20:58:41.715,staggered,8.3,400.1,169.5,74.5,1106.7,66.1,2400,0.0,0.0,15279,-577,53,discharging,None,None
20:58:42.219,staggered,8.3,422.3,159.1,41.3,1106.4,64.5,2400,0.0,0.0,15286,-597,53,discharging,None,None
20:58:42.727,staggered,8.3,422.3,159.1,40.0,1106.4,65.5,2400,0.0,0.0,15292,-588,53,discharging,None,None
20:58:43.230,staggered,8.3,399.7,159.1,47.5,1105.9,62.8,2400,0.0,0.0,15250,-655,53,discharging,None,None
20:58:43.734,staggered,8.3,399.7,157.7,36.3,1105.9,62.2,2400,0.0,0.0,15297,-635,53,discharging,None,None
20:58:44.238,staggered,8.3,402.9,157.7,83.1,1105.7,62.8,2400,0.0,0.0,15258,-608,53,discharging,None,None
20:58:44.741,staggered,8.3,402.9,157.7,2.0,1105.7,61.1,1600,0.0,0.0,15288,-609,53,discharging,None,None
20:58:45.248,staggered,8.2,402.9,357.7,81.3,1105.3,64.5,2400,0.0,0.0,15276,-541,53,discharging,None,None
20:58:45.751,staggered,8.2,399.8,357.7,61.3,1105.3,62.2,2400,0.0,0.0,15250,-659,53,discharging,None,None
20:58:46.255,staggered,7.3,399.8,357.7,1.5,1104.9,61.1,2400,0.0,0.0,15295,-600,53,discharging,None,None
20:58:46.766,staggered,7.3,399.8,357.7,85.1,1105.4,66.7,2400,0.0,0.0,15269,-513,53,discharging,None,None
20:58:47.270,staggered,7.3,794.3,661.3,75.9,1105.2,62.8,2400,0.0,0.0,15248,-692,53,discharging,None,None
20:58:47.774,staggered,8.3,794.3,661.3,1.5,1105.2,60.6,2400,0.0,0.0,15291,-647,53,discharging,None,None
20:58:48.284,staggered,8.3,794.3,661.3,69.8,1105.3,65.0,2400,0.0,0.0,15293,-514,53,discharging,None,None
20:58:48.787,staggered,8.3,558.9,398.3,65.7,1105.3,62.2,2400,0.0,0.0,15251,-668,53,discharging,None,None
20:58:49.294,staggered,8.3,558.9,398.3,1.5,1104.8,60.6,2400,0.0,0.0,15294,-633,53,discharging,None,None
20:58:49.798,staggered,8.4,406.2,398.3,83.8,1104.8,62.8,2400,0.0,0.0,15262,-556,53,discharging,None,None
20:58:50.302,staggered,8.4,406.2,159.3,36.0,1105.0,61.7,2400,0.0,0.0,15249,-656,53,discharging,None,None
20:58:50.811,staggered,8.4,406.2,159.3,61.5,1105.0,65.5,2400,0.0,0.0,15297,-578,53,discharging,None,None
20:58:51.315,staggered,8.3,403.1,159.3,52.5,1105.4,65.0,2400,0.0,0.0,15270,-593,53,discharging,None,None
20:58:51.820,staggered,8.3,403.1,159.2,28.6,1105.5,65.0,2400,0.0,0.0,15293,-628,53,discharging,None,None
20:58:52.324,staggered,8.3,413.1,159.2,62.0,1105.3,62.8,2400,0.0,0.0,15255,-647,53,discharging,None,None
20:58:52.828,staggered,8.3,413.1,171.9,38.0,1105.0,62.2,2400,0.0,0.0,15294,-621,53,discharging,None,None
20:58:53.332,staggered,8.3,399.2,171.9,81.1,1105.0,66.1,2400,0.0,0.0,15274,-580,53,discharging,None,None
20:58:53.836,staggered,8.3,399.2,171.9,1.5,1104.8,61.1,2400,0.0,0.0,15285,-630,53,discharging,None,None
20:58:54.341,staggered,8.3,399.2,163.3,79.2,1104.8,66.1,2400,0.0,0.0,15273,-586,53,discharging,None,None
20:58:54.845,staggered,8.3,399.2,163.3,38.5,1104.1,62.2,2400,0.0,0.0,15244,-655,53,discharging,None,None
20:58:55.357,staggered,8.3,399.2,163.3,20.7,1104.1,62.8,1700,0.0,0.0,15296,-587,53,discharging,None,None
20:58:55.862,staggered,8.3,399.2,459.8,100.0,1104.1,65.0,2400,0.0,0.0,15263,-534,53,discharging,None,None
20:58:56.365,staggered,8.3,636.3,459.8,22.9,1103.9,62.2,2400,0.0,0.0,15257,-671,53,discharging,None,None
20:58:56.872,staggered,8.3,636.3,459.8,24.4,1103.9,63.9,2400,0.0,0.0,15295,-569,53,discharging,None,None
20:58:57.521,staggered,8.3,636.3,603.6,100.0,1103.9,65.5,2400,0.0,0.0,15251,-657,53,discharging,None,None
20:58:58.024,staggered,8.3,869.5,603.6,24.1,1103.2,61.7,2400,0.0,0.0,15286,-705,53,discharging,None,None
20:58:58.532,staggered,8.3,869.5,603.6,22.8,1103.2,64.5,2400,0.0,0.0,15299,-526,53,discharging,None,None
20:58:59.036,staggered,6.4,597.2,603.6,100.0,1103.2,66.1,2400,0.0,0.0,15252,-608,53,discharging,None,None
20:58:59.540,staggered,6.4,597.2,374.1,17.5,1106.4,60.6,2400,0.0,0.0,15286,-687,53,discharging,None,None
20:59:00.048,staggered,8.4,597.2,374.1,45.3,1107.2,65.5,2400,0.0,0.0,15298,-540,53,discharging,None,None
20:59:00.551,staggered,8.4,399.3,158.2,72.6,1112.0,63.4,2400,0.0,0.0,15267,-628,53,discharging,None,None
20:59:01.059,staggered,8.3,399.3,158.2,8.9,1113.3,63.4,2400,0.0,0.0,15292,-631,53,discharging,None,None
20:59:01.563,staggered,8.3,395.2,158.2,75.9,1113.8,62.8,2400,0.0,0.0,15254,-610,53,discharging,None,None
20:59:02.067,staggered,8.3,395.2,169.3,38.1,1114.2,62.2,2400,0.0,0.0,15256,-656,53,discharging,None,None
20:59:02.575,staggered,8.3,395.2,169.3,70.6,1114.2,67.2,2400,0.0,0.0,15278,-581,53,discharging,None,None
20:59:03.079,staggered,8.3,392.2,169.3,23.2,1110.0,64.5,2400,0.0,0.0,15286,-592,53,discharging,None,None
20:59:03.584,staggered,8.3,392.2,159.9,59.9,1110.0,65.5,2400,0.0,0.0,15289,-586,53,discharging,None,None
20:59:04.088,staggered,8.3,392.8,159.9,48.5,1109.7,62.2,2400,0.0,0.0,15248,-652,53,discharging,None,None
20:59:04.591,staggered,8.3,392.8,160.5,36.3,1109.7,63.4,2400,0.0,0.0,15296,-599,53,discharging,None,None
20:59:05.095,staggered,8.3,397.0,160.5,82.1,1109.4,63.4,2400,0.0,0.0,15246,-621,53,discharging,None,None
20:59:05.598,staggered,8.3,397.0,160.5,2.5,1109.4,62.2,1600,0.0,0.0,15288,-641,53,discharging,None,None
20:59:06.111,staggered,8.3,397.0,160.5,70.0,1108.9,65.0,2400,0.0,0.0,15294,-498,53,discharging,None,None
20:59:06.615,staggered,8.3,727.3,619.7,88.6,1107.0,63.9,2400,0.0,0.0,15250,-642,53,discharging,None,None
20:59:07.118,staggered,8.4,727.3,619.7,2.5,1106.8,61.1,2400,0.0,0.0,15286,-656,53,discharging,None,None
20:59:07.631,staggered,8.4,727.3,619.7,58.3,1106.8,65.0,2400,0.0,0.0,15296,-517,53,discharging,None,None
20:59:08.134,staggered,8.4,665.2,515.5,94.1,1109.7,64.5,2400,0.0,0.0,15249,-656,53,discharging,None,None
20:59:08.638,staggered,8.3,665.2,515.5,2.0,1110.2,60.6,2400,0.0,0.0,15282,-682,53,discharging,None,None
20:59:09.144,staggered,8.3,665.2,515.5,67.2,1109.9,66.7,2400,0.0,0.0,15286,-560,53,discharging,None,None
20:59:09.648,staggered,8.2,399.7,338.3,67.0,1109.9,62.8,2400,0.0,0.0,15266,-668,53,discharging,None,None
20:59:10.155,staggered,8.2,399.7,338.3,31.2,1110.2,65.0,2400,0.0,0.0,15286,-643,53,discharging,None,None
20:59:10.658,staggered,8.2,403.4,338.3,54.0,1110.6,61.7,2400,0.0,0.0,15245,-635,53,discharging,None,None
20:59:11.162,staggered,7.6,403.4,167.7,37.1,1109.8,61.7,2400,0.0,0.0,15288,-650,53,discharging,None,None
20:59:11.665,staggered,7.6,399.2,167.7,83.1,1109.8,63.9,2400,0.0,0.0,15259,-598,53,discharging,None,None
20:59:12.169,staggered,8.3,399.2,167.7,3.0,1109.5,61.1,2400,0.0,0.0,15284,-605,53,discharging,None,None
20:59:12.676,staggered,8.3,399.2,160.1,86.6,1109.9,66.1,2400,0.0,0.0,15260,-577,53,discharging,None,None
20:59:13.179,staggered,8.3,407.3,160.1,31.3,1108.5,61.7,2400,0.0,0.0,15254,-656,53,discharging,None,None
20:59:13.690,staggered,8.3,407.3,160.1,27.4,1108.5,64.5,2400,0.0,0.0,15295,-574,53,discharging,None,None
20:59:14.194,staggered,8.3,407.3,446.8,100.0,1108.5,67.2,2400,0.0,0.0,15254,-590,53,discharging,None,None
20:59:14.698,staggered,8.3,623.1,446.8,15.3,1107.7,61.7,2400,0.0,0.0,15281,-694,53,discharging,None,None
20:59:15.209,staggered,8.3,623.1,446.8,34.3,1107.1,64.5,2400,0.0,0.0,15296,-541,53,discharging,None,None
20:59:15.712,staggered,8.2,650.1,419.0,99.0,1107.1,66.1,2400,0.0,0.0,15253,-598,53,discharging,None,None
20:59:16.216,staggered,8.2,650.1,419.0,2.5,1106.0,61.7,2400,0.0,0.0,15283,-677,53,discharging,None,None
20:59:16.725,staggered,8.3,650.1,419.0,47.1,1106.0,65.0,2400,0.0,0.0,15296,-518,53,discharging,None,None
20:59:17.228,staggered,8.3,489.8,282.9,79.7,1105.3,62.2,2400,0.0,0.0,15247,-624,53,discharging,None,None
20:59:17.732,staggered,8.3,489.8,282.9,2.0,1105.0,62.2,2400,0.0,0.0,15286,-663,53,discharging,None,None
20:59:18.235,staggered,8.3,394.0,282.9,81.3,1105.0,64.5,2400,0.0,0.0,15264,-563,53,discharging,None,None
20:59:18.740,staggered,8.3,394.0,158.7,36.6,1105.0,61.1,2400,0.0,0.0,15260,-650,53,discharging,None,None
20:59:19.248,staggered,8.3,394.0,158.7,54.2,1104.6,65.5,2400,0.0,0.0,15294,-578,53,discharging,None,None
20:59:19.752,staggered,8.3,403.0,158.7,47.3,1104.6,65.0,2400,0.0,0.0,15253,-591,53,discharging,None,None
20:59:20.256,staggered,8.3,403.0,159.8,33.5,1103.8,63.4,2400,0.0,0.0,15273,-640,53,discharging,None,None
20:59:20.760,staggered,8.3,403.2,159.8,68.8,1103.8,62.2,2400,0.0,0.0,15252,-630,53,discharging,None,None
20:59:21.265,staggered,8.3,403.2,191.1,41.8,1103.8,62.2,2400,0.0,0.0,15290,-588,53,discharging,None,None
20:59:21.830,staggered,8.3,403.2,191.1,78.2,1103.6,66.1,2400,0.0,0.0,15252,-611,53,discharging,None,None
20:59:22.333,staggered,8.3,570.8,191.1,28.9,1103.3,61.7,2400,0.0,0.0,15282,-639,53,discharging,None,None
20:59:22.843,staggered,8.3,570.8,163.2,51.2,1103.3,64.5,2400,0.0,0.0,15276,-573,53,discharging,None,None
20:59:23.347,staggered,7.2,407.4,163.2,67.3,1103.3,62.8,2400,0.0,0.0,15245,-655,53,discharging,None,None
20:59:23.855,staggered,7.2,407.4,163.2,15.5,1103.3,63.4,2400,0.0,0.0,15292,-590,53,discharging,None,None
20:59:24.359,staggered,8.3,397.2,163.4,98.0,1103.3,66.1,2400,0.0,0.0,15242,-625,53,discharging,None,None
20:59:24.863,staggered,8.3,397.2,163.4,6.9,1103.3,61.1,2400,0.0,0.0,15285,-649,53,discharging,None,None
20:59:25.374,staggered,8.3,397.2,163.4,44.8,1103.5,65.0,2400,0.0,0.0,15284,-517,53,discharging,None,None
20:59:25.878,staggered,8.3,642.2,419.5,89.2,1103.5,63.9,2400,0.0,0.0,15244,-676,53,discharging,None,None
20:59:26.382,staggered,8.3,642.2,419.5,3.0,1103.5,61.1,2400,0.0,0.0,15292,-630,53,discharging,None,None
20:59:26.895,staggered,8.4,642.2,419.5,56.2,1103.5,64.5,2400,0.0,0.0,15275,-513,53,discharging,None,None
20:59:27.398,staggered,8.4,793.4,537.0,100.0,1103.5,66.1,2400,0.0,0.0,15244,-693,53,discharging,None,None
20:59:27.902,staggered,8.3,793.4,537.0,5.4,1103.3,61.7,2400,0.0,0.0,15286,-654,53,discharging,None,None
20:59:28.411,staggered,8.3,793.4,537.0,42.1,1103.3,65.0,2400,0.0,0.0,15295,-509,53,discharging,None,None
20:59:28.914,staggered,8.3,537.0,342.2,90.6,1103.3,64.5,2400,0.0,0.0,15244,-668,53,discharging,None,None
20:59:29.418,staggered,8.3,537.0,342.2,2.5,1103.3,61.1,2400,0.0,0.0,15289,-639,53,discharging,None,None
20:59:29.923,staggered,8.3,537.0,342.2,76.1,1103.3,66.7,2400,0.0,0.0,15255,-559,53,discharging,None,None
20:59:30.426,staggered,8.2,393.9,161.8,41.9,1103.3,62.2,2400,0.0,0.0,15247,-653,53,discharging,None,None
20:59:30.938,staggered,8.2,393.9,161.8,40.5,1103.5,65.5,2400,0.0,0.0,15292,-579,53,discharging,None,None
20:59:31.443,staggered,8.4,395.1,161.8,49.5,1103.3,63.9,2400,0.0,0.0,15271,-591,53,discharging,None,None
20:59:31.955,staggered,8.4,395.1,171.4,35.8,1103.3,62.2,2400,0.0,0.0,15287,-619,53,discharging,None,None
20:59:32.458,staggered,8.4,395.3,171.4,77.9,1103.3,63.4,2400,0.0,0.0,15247,-653,53,discharging,None,None
20:59:32.962,staggered,8.3,395.3,158.9,35.8,1103.1,64.5,2400,0.0,0.0,15290,-616,53,discharging,None,None
20:59:33.471,staggered,8.3,395.3,158.9,68.8,1103.1,67.2,2400,0.0,0.0,15258,-586,53,discharging,None,None
20:59:33.974,staggered,8.3,391.1,158.9,24.0,1103.3,61.7,2400,0.0,0.0,15279,-638,53,discharging,None,None
20:59:34.483,staggered,8.3,391.1,155.3,66.3,1103.3,65.5,2400,0.0,0.0,15268,-590,53,discharging,None,None
20:59:34.986,staggered,7.9,395.7,155.3,51.2,1103.3,61.7,2400,0.0,0.0,15248,-653,53,discharging,None,None
20:59:35.490,staggered,7.9,395.7,155.3,2.5,1103.3,60.6,2400,0.0,0.0,15292,-578,53,discharging,None,None
20:59:35.997,staggered,7.9,395.7,479.2,98.0,1103.3,66.7,2400,0.0,0.0,15257,-572,53,discharging,None,None
20:59:36.500,staggered,8.3,680.6,479.2,45.0,1103.1,62.2,2400,0.0,0.0,15255,-700,53,discharging,None,None
20:59:37.007,staggered,8.3,680.6,479.2,3.5,1103.1,60.6,2400,0.0,0.0,15291,-566,53,discharging,None,None
20:59:37.515,staggered,8.2,680.6,479.2,99.5,1103.1,66.1,2400,0.0,0.0,15255,-571,53,discharging,None,None
20:59:38.019,staggered,8.2,736.0,511.6,48.0,1103.1,62.8,2400,0.0,0.0,15252,-705,53,discharging,None,None
20:59:38.523,staggered,8.2,736.0,511.6,2.5,1103.1,60.6,2400,0.0,0.0,15291,-574,53,discharging,None,None
20:59:39.030,staggered,8.4,472.7,511.6,97.0,1103.1,65.0,2400,0.0,0.0,15252,-574,53,discharging,None,None
20:59:39.534,staggered,8.4,472.7,243.5,27.5,1103.1,62.2,2400,0.0,0.0,15279,-665,53,discharging,None,None
20:59:40.043,staggered,8.4,472.7,243.5,46.0,1103.3,65.0,2400,0.0,0.0,15292,-558,53,discharging,None,None
20:59:40.546,staggered,8.4,395.0,168.6,72.5,1104.1,63.4,2400,0.0,0.0,15264,-613,53,discharging,None,None
20:59:41.055,staggered,8.3,395.0,168.6,11.8,1104.2,62.8,2400,0.0,0.0,15285,-627,53,discharging,None,None
20:59:41.558,staggered,8.3,410.4,168.6,75.9,1104.2,62.8,2400,0.0,0.0,15253,-617,53,discharging,None,None
20:59:42.062,staggered,8.3,410.4,161.5,39.1,1104.7,61.7,2400,0.0,0.0,15265,-644,53,discharging,None,None
20:59:42.571,staggered,8.3,410.4,161.5,69.7,1104.7,66.7,2400,0.0,0.0,15273,-579,53,discharging,None,None
20:59:43.076,staggered,8.3,397.4,161.5,14.9,1104.9,61.7,2400,0.0,0.0,15281,-593,53,discharging,None,None
20:59:43.581,staggered,8.3,397.4,163.2,66.2,1104.9,64.5,2400,0.0,0.0,15271,-584,53,discharging,None,None
20:59:44.085,staggered,8.3,402.7,163.2,50.5,1104.5,62.2,2400,0.0,0.0,15242,-653,53,discharging,None,None
20:59:44.593,staggered,8.3,402.7,163.2,33.7,1104.5,64.5,2400,0.0,0.0,15291,-590,53,discharging,None,None
20:59:45.096,staggered,8.3,395.3,171.6,86.0,1104.2,64.5,2400,0.0,0.0,15244,-619,53,discharging,None,None
20:59:45.600,staggered,8.3,395.3,171.6,2.0,1104.2,61.1,2400,0.0,0.0,15283,-656,53,discharging,None,None
20:59:46.115,staggered,8.4,395.3,171.6,39.7,1104.0,63.9,2400,0.0,0.0,15290,-485,53,discharging,None,None
20:59:46.620,staggered,8.4,395.3,414.8,99.5,1104.0,66.1,2400,0.0,0.0,15249,-614,53,discharging,None,None
20:59:47.123,staggered,7.9,686.4,414.8,9.0,1103.8,61.7,2400,0.0,0.0,15279,-690,53,discharging,None,None
20:59:47.634,staggered,7.9,686.4,414.8,37.8,1104.0,65.0,2400,0.0,0.0,15292,-524,53,discharging,None,None
20:59:48.139,staggered,7.9,686.4,476.7,100.0,1104.8,66.7,2400,0.0,0.0,15244,-618,53,discharging,None,None
20:59:48.642,staggered,8.3,722.9,476.7,10.9,1105.7,61.7,2400,0.0,0.0,15279,-702,53,discharging,None,None
20:59:49.151,staggered,8.3,722.9,476.7,37.0,1105.9,65.5,2400,0.0,0.0,15292,-523,53,discharging,None,None
20:59:49.654,staggered,8.3,557.4,363.7,95.1,1105.9,65.5,2400,0.0,0.0,15247,-620,53,discharging,None,None
20:59:50.158,staggered,8.3,557.4,363.7,2.0,1105.7,61.1,2400,0.0,0.0,15280,-680,53,discharging,None,None
20:59:50.667,staggered,8.3,557.4,363.7,67.8,1105.9,66.1,2400,0.0,0.0,15286,-546,53,discharging,None,None
20:59:51.170,staggered,8.3,397.6,166.1,50.0,1105.0,62.8,2400,0.0,0.0,15268,-646,53,discharging,None,None
20:59:51.679,staggered,8.3,397.6,166.1,31.2,1105.0,62.8,1500,0.0,0.0,15289,-604,53,discharging,None,None
20:59:52.183,staggered,8.3,424.2,166.1,58.1,1104.7,61.1,2400,0.0,0.0,15248,-572,53,discharging,None,None
20:59:52.687,staggered,8.3,424.2,169.9,38.3,1104.7,62.2,2400,0.0,0.0,15252,-632,53,discharging,None,None
20:59:53.191,staggered,8.4,398.3,169.9,82.5,1104.5,63.9,2400,0.0,0.0,15257,-588,53,discharging,None,None
20:59:53.699,staggered,8.4,398.3,169.9,29.0,1104.5,64.5,2400,0.0,0.0,15279,-593,53,discharging,None,None
20:59:54.203,staggered,8.4,398.3,159.7,57.7,1103.6,66.1,2400,0.0,0.0,15285,-582,53,discharging,None,None
20:59:54.707,staggered,8.3,399.3,159.7,32.5,1109.2,61.7,2400,0.0,0.0,15247,-655,53,discharging,None,None
20:59:55.215,staggered,8.3,399.3,160.9,48.0,1109.2,64.5,2400,0.0,0.0,15289,-607,53,discharging,None,None
20:59:55.719,staggered,8.4,397.1,160.9,70.0,1109.2,62.2,2400,0.0,0.0,15242,-632,53,discharging,None,None
20:59:56.222,staggered,8.4,397.1,160.9,1.5,1109.1,61.1,2400,0.0,0.0,15285,-627,53,discharging,None,None
20:59:56.731,staggered,8.3,397.1,361.7,89.6,1109.1,66.1,2400,0.0,0.0,15265,-537,53,discharging,None,None
20:59:57.234,staggered,8.3,574.1,361.7,42.4,1107.6,62.2,2400,0.0,0.0,15240,-681,53,discharging,None,None
20:59:57.748,staggered,8.3,574.1,361.7,6.0,1107.6,61.7,2400,0.0,0.0,15290,-605,53,discharging,None,None
20:59:58.493,staggered,8.2,574.1,659.0,100.0,1107.6,66.1,2400,0.0,0.0,15243,-626,53,discharging,None,None
20:59:58.997,staggered,8.2,863.2,659.0,21.5,1107.9,62.2,2400,0.0,0.0,15261,-728,53,discharging,None,None
20:59:59.504,staggered,8.2,863.2,659.0,24.8,1107.9,64.5,2400,0.0,0.0,15290,-552,53,discharging,None,None
21:00:00.008,staggered,6.0,585.6,659.0,100.0,1107.9,66.1,2400,0.0,0.0,15250,-580,53,discharging,None,None
21:00:00.511,staggered,6.0,585.6,365.7,16.1,1107.0,61.7,2400,0.0,0.0,15264,-690,53,discharging,None,None
21:00:01.019,staggered,8.4,585.6,365.7,49.3,1106.6,66.1,2400,0.0,0.0,15291,-551,53,discharging,None,None
21:00:01.522,staggered,8.4,403.1,161.5,69.0,1106.6,63.4,2400,0.0,0.0,15241,-597,53,discharging,None,None
21:00:02.032,staggered,8.3,403.1,161.5,12.0,1106.6,63.4,2400,0.0,0.0,15279,-649,53,discharging,None,None
21:00:02.536,staggered,8.3,395.7,161.5,71.4,1106.6,62.2,2400,0.0,0.0,15249,-612,53,discharging,None,None
21:00:03.040,staggered,8.3,395.7,162.8,36.5,1105.5,62.2,2400,0.0,0.0,15268,-649,53,discharging,None,None
21:00:03.549,staggered,8.3,395.7,162.8,74.5,1105.5,66.7,2400,0.0,0.0,15288,-576,53,discharging,None,None
21:00:04.053,staggered,8.3,399.1,162.8,21.4,1104.8,64.5,2400,0.0,0.0,15273,-596,53,discharging,None,None
21:00:04.559,staggered,8.3,399.1,160.2,60.5,1104.8,65.5,2400,0.0,0.0,15260,-611,53,discharging,None,None
21:00:05.063,staggered,8.3,402.7,160.2,46.5,1104.8,62.2,2400,0.0,0.0,15245,-652,53,discharging,None,None
21:00:05.566,staggered,8.3,402.7,158.6,35.7,1104.8,62.2,2400,0.0,0.0,15288,-593,53,discharging,None,None
21:00:06.070,staggered,8.3,399.9,158.6,82.2,1103.6,64.5,2400,0.0,0.0,15248,-587,53,discharging,None,None
21:00:06.573,staggered,8.3,399.9,158.6,1.5,1103.6,61.7,2400,0.0,0.0,15278,-652,53,discharging,None,None
21:00:07.088,staggered,8.2,399.9,158.6,73.3,1103.6,65.0,2400,0.0,0.0,15294,-539,53,discharging,None,None
21:00:07.592,staggered,8.2,616.5,435.7,65.9,1103.6,62.2,2400,0.0,0.0,15243,-635,53,discharging,None,None
21:00:08.095,staggered,8.4,616.5,435.7,2.5,1103.6,61.1,2400,0.0,0.0,15282,-655,53,discharging,None,None
21:00:08.607,staggered,8.4,616.5,435.7,80.8,1103.6,65.5,2400,0.0,0.0,15288,-576,53,discharging,None,None
21:00:09.111,staggered,8.4,711.0,456.5,63.4,1103.4,62.2,2400,0.0,0.0,15252,-699,53,discharging,None,None
21:00:09.614,staggered,8.3,711.0,456.5,2.0,1103.4,61.1,2400,0.0,0.0,15282,-655,53,discharging,None,None
21:00:10.138,staggered,8.3,711.0,456.5,82.0,1103.8,65.5,2400,0.0,0.0,15246,-577,53,discharging,None,None
21:00:10.643,staggered,8.3,615.2,566.2,68.9,1104.1,62.2,2400,0.0,0.0,15248,-711,53,discharging,None,None
21:00:11.151,staggered,8.3,615.2,566.2,6.0,1104.1,62.2,2400,0.0,0.0,15289,-571,53,discharging,None,None
21:00:11.655,staggered,8.0,397.7,566.2,77.5,1104.1,63.4,2400,0.0,0.0,15242,-590,53,discharging,None,None
21:00:12.158,staggered,8.0,397.7,165.5,36.8,1103.8,62.2,2400,0.0,0.0,15259,-655,53,discharging,None,None
21:00:12.667,staggered,8.0,397.7,165.5,68.2,1103.8,66.1,2400,0.0,0.0,15251,-605,53,discharging,None,None
21:00:13.171,staggered,8.3,401.4,165.5,22.7,1103.8,62.8,2400,0.0,0.0,15280,-592,53,discharging,None,None
21:00:13.675,staggered,8.3,401.4,167.7,60.5,1103.8,65.0,2400,0.0,0.0,15284,-578,53,discharging,None,None
21:00:14.179,staggered,8.3,402.8,167.7,53.7,1103.6,61.1,2400,0.0,0.0,15260,-654,53,discharging,None,None
21:00:14.686,staggered,8.3,402.8,158.1,35.5,1103.6,65.0,2400,0.0,0.0,15288,-604,53,discharging,None,None
21:00:15.190,staggered,8.3,398.6,158.1,82.4,1104.1,64.5,2400,0.0,0.0,15240,-646,53,discharging,None,None
21:00:15.693,staggered,8.3,398.6,158.1,2.5,1104.1,61.7,2400,0.0,0.0,15285,-614,53,discharging,None,None
21:00:16.208,staggered,8.3,398.6,158.1,67.3,1104.1,66.7,2400,0.0,0.0,15255,-535,53,discharging,None,None
21:00:16.711,staggered,8.3,562.7,357.4,61.0,1104.1,62.2,2400,0.0,0.0,15241,-673,53,discharging,None,None
21:00:17.215,staggered,8.3,562.7,357.4,2.5,1103.8,61.1,2400,0.0,0.0,15286,-583,53,discharging,None,None
21:00:17.727,staggered,8.2,562.7,357.4,85.2,1103.8,66.1,2400,0.0,0.0,15254,-557,53,discharging,None,None
21:00:18.231,staggered,8.2,735.2,474.7,64.4,1103.8,62.8,2400,0.0,0.0,15240,-704,53,discharging,None,None
21:00:18.734,staggered,8.2,735.2,474.7,2.5,1103.8,60.6,2400,0.0,0.0,15287,-587,53,discharging,None,None
21:00:19.247,staggered,8.4,735.2,474.7,81.9,1103.6,66.1,2400,0.0,0.0,15248,-553,53,discharging,None,None
21:00:19.751,staggered,8.4,628.5,415.1,58.4,1103.6,62.8,2400,0.0,0.0,15241,-694,53,discharging,None,None
21:00:20.255,staggered,8.3,628.5,415.1,2.5,1103.8,61.1,2400,0.0,0.0,15288,-579,53,discharging,None,None
21:00:20.764,staggered,8.3,395.0,415.1,88.6,1103.8,63.9,2400,0.0,0.0,15247,-586,53,discharging,None,None
21:00:21.268,staggered,8.3,395.0,172.1,30.4,1104.8,62.2,2400,0.0,0.0,15282,-653,53,discharging,None,None
21:00:21.776,staggered,8.3,395.0,172.1,63.9,1104.8,65.5,2400,0.0,0.0,15269,-580,53,discharging,None,None
21:00:22.279,staggered,8.3,403.2,158.6,54.5,1104.8,64.5,2400,0.0,0.0,15275,-618,53,discharging,None,None
21:00:22.787,staggered,8.3,403.2,158.6,35.0,1104.8,63.9,2400,0.0,0.0,15276,-593,53,discharging,None,None
21:00:23.291,staggered,8.3,398.8,158.6,58.3,1104.3,62.2,2400,0.0,0.0,15237,-638,53,discharging,None,None
21:00:23.794,staggered,7.9,398.8,159.7,36.9,1104.3,62.2,2400,0.0,0.0,15256,-651,53,discharging,None,None
21:00:24.298,staggered,7.9,395.9,159.7,83.1,1103.6,64.5,2400,0.0,0.0,15247,-618,53,discharging,None,None
21:00:24.802,staggered,7.9,395.9,159.7,2.5,1103.3,62.2,2400,0.0,0.0,15278,-592,53,discharging,None,None
21:00:25.308,staggered,8.2,395.9,163.8,85.2,1103.6,65.5,2400,0.0,0.0,15270,-579,53,discharging,None,None
21:00:25.811,staggered,8.2,395.4,163.8,32.5,1104.7,61.7,2400,0.0,0.0,15269,-652,53,discharging,None,None
21:00:26.323,staggered,8.4,395.4,163.8,30.4,1104.7,64.5,2400,0.0,0.0,15287,-553,53,discharging,None,None
21:00:26.827,staggered,8.4,542.2,343.7,97.5,1104.7,65.5,2400,0.0,0.0,15242,-625,53,discharging,None,None
21:00:27.331,staggered,8.3,542.2,343.7,2.5,1104.7,61.1,2400,0.0,0.0,15278,-667,53,discharging,None,None
21:00:27.847,staggered,8.3,542.2,343.7,49.5,1104.7,65.0,2400,0.0,0.0,15290,-519,53,discharging,None,None
21:00:28.350,staggered,8.3,745.2,522.0,99.5,1104.7,65.5,2400,0.0,0.0,15241,-650,53,discharging,None,None
21:00:28.854,staggered,8.3,745.2,522.0,5.4,1103.4,61.1,2400,0.0,0.0,15276,-672,53,discharging,None,None
21:00:29.360,staggered,8.3,745.2,522.0,44.3,1103.4,66.1,2400,0.0,0.0,15288,-515,53,discharging,None,None
21:00:29.863,staggered,8.3,600.0,379.4,95.0,1103.4,65.0,2400,0.0,0.0,15239,-646,53,discharging,None,None
21:00:30.367,staggered,8.3,600.0,379.4,2.5,1103.4,61.1,2400,0.0,0.0,15278,-668,53,discharging,None,None
21:00:30.875,staggered,8.3,600.0,379.4,65.3,1103.6,66.7,2400,0.0,0.0,15273,-544,53,discharging,None,None
21:00:31.378,staggered,8.4,394.7,158.3,52.2,1103.8,62.8,2400,0.0,0.0,15253,-651,53,discharging,None,None
21:00:31.887,staggered,8.4,394.7,158.3,29.9,1103.8,62.8,1900,0.0,0.0,15284,-589,53,discharging,None,None
21:00:32.393,staggered,8.3,417.0,158.3,60.2,1103.8,62.2,2400,0.0,0.0,15244,-571,53,discharging,None,None
21:00:32.897,staggered,8.3,417.0,160.5,34.3,1104.0,61.7,2400,0.0,0.0,15262,-632,53,discharging,None,None
21:00:33.401,staggered,8.3,392.4,160.5,81.6,1104.3,63.9,2400,0.0,0.0,15250,-602,53,discharging,None,None
21:00:33.907,staggered,8.3,392.4,164.3,34.0,1104.3,65.0,2400,0.0,0.0,15277,-590,53,discharging,None,None
21:00:34.411,staggered,8.3,392.4,164.3,55.5,1104.0,65.5,2400,0.0,0.0,15278,-580,53,discharging,None,None
21:00:34.915,staggered,8.4,572.1,164.3,45.8,1105.0,61.7,2400,0.0,0.0,15250,-674,53,discharging,None,None
21:00:35.419,staggered,8.4,572.1,162.4,36.8,1105.0,62.2,2400,0.0,0.0,15280,-632,53,discharging,None,None
21:00:35.922,staggered,7.9,399.0,162.4,78.5,1105.0,66.1,2400,0.0,0.0,15254,-585,53,discharging,None,None
21:00:36.426,staggered,7.9,399.0,162.4,5.4,1104.3,61.1,2400,0.0,0.0,15276,-605,53,discharging,None,None
21:00:36.932,staggered,7.9,399.0,171.4,78.6,1104.5,66.1,2400,0.0,0.0,15250,-582,53,discharging,None,None
21:00:37.436,staggered,7.9,378.9,171.4,36.0,1104.3,61.7,2400,0.0,0.0,15246,-647,53,discharging,None,None
21:00:37.943,staggered,7.9,378.9,171.4,19.8,1104.0,64.5,2400,0.0,0.0,15286,-569,53,discharging,None,None
21:00:38.447,staggered,7.9,539.4,335.5,99.5,1104.0,65.5,2400,0.0,0.0,15247,-582,53,discharging,None,None
21:00:38.951,staggered,7.9,539.4,335.5,3.5,1103.8,61.1,2400,0.0,0.0,15274,-661,53,discharging,None,None
21:00:39.463,staggered,7.9,539.4,335.5,41.9,1103.8,64.5,2400,0.0,0.0,15288,-516,53,discharging,None,None
21:00:39.967,staggered,7.9,683.6,462.6,96.0,1103.8,65.0,2400,0.0,0.0,15239,-624,53,discharging,None,None
21:00:40.470,staggered,7.9,683.6,462.6,0.5,1103.8,61.1,2400,0.0,0.0,15276,-680,53,discharging,None,None
21:00:40.979,staggered,7.9,683.6,462.6,48.3,1104.0,66.1,2400,0.0,0.0,15290,-510,53,discharging,None,None
21:00:41.482,staggered,7.9,472.2,266.7,69.6,1103.8,62.8,2400,0.0,0.0,15241,-640,53,discharging,None,None
21:00:41.986,staggered,7.9,472.2,266.7,0.0,1103.6,60.6,1900,0.0,0.0,15284,-636,53,discharging,None,None
21:00:42.490,staggered,7.9,366.7,266.7,75.1,1103.6,62.8,2400,0.0,0.0,15253,-546,53,discharging,None,None
21:00:42.993,staggered,7.9,366.7,146.8,32.7,1103.6,61.1,2400,0.0,0.0,15243,-627,53,discharging,None,None
21:00:43.500,staggered,7.9,366.7,146.8,65.3,1103.6,66.1,2400,0.0,0.0,15284,-567,53,discharging,None,None
21:00:44.004,staggered,7.9,362.1,151.2,38.6,1104.0,64.5,2400,0.0,0.0,15277,-575,53,discharging,None,None
21:00:44.512,staggered,7.9,362.1,151.2,38.9,1104.0,64.5,2400,0.0,0.0,15281,-590,53,discharging,None,None
21:00:45.015,staggered,7.9,365.0,151.2,39.7,1103.6,61.7,2400,0.0,0.0,15237,-635,53,discharging,None,None
21:00:45.523,staggered,7.9,365.0,151.8,36.1,1103.6,62.2,2400,0.0,0.0,15285,-611,53,discharging,None,None
21:00:46.027,staggered,7.9,362.8,151.8,70.8,1103.6,61.7,2400,0.0,0.0,15240,-612,53,discharging,None,None
21:00:46.530,staggered,7.9,362.8,151.8,0.0,1103.6,60.0,2400,0.0,0.0,15280,-599,53,discharging,None,None
21:00:47.039,staggered,7.9,362.8,257.3,93.6,1103.6,66.7,2400,0.0,0.0,15250,-544,53,discharging,None,None
21:00:47.543,staggered,7.9,476.8,257.3,25.2,1103.6,62.2,2400,0.0,0.0,15258,-641,53,discharging,None,None
21:00:48.054,staggered,7.9,476.8,257.3,20.4,1103.8,63.4,2400,0.0,0.0,15286,-549,53,discharging,None,None
21:00:48.558,staggered,7.9,476.8,524.3,100.0,1103.8,65.0,2400,0.0,0.0,15247,-570,53,discharging,None,None
21:00:49.062,staggered,7.9,721.7,524.3,24.8,1103.8,61.1,2400,0.0,0.0,15245,-703,53,discharging,None,None
21:00:49.568,staggered,7.9,721.7,524.3,21.1,1103.8,63.4,2400,0.0,0.0,15286,-562,53,discharging,None,None
21:00:50.072,staggered,7.9,568.8,524.3,100.0,1104.1,65.5,2400,0.0,0.0,15243,-570,53,discharging,None,None
21:00:50.576,staggered,7.9,568.8,364.8,11.4,1103.6,60.6,2400,0.0,0.0,15264,-678,53,discharging,None,None
21:00:51.084,staggered,7.9,568.8,364.8,49.3,1103.6,65.0,2400,0.0,0.0,15287,-539,53,discharging,None,None
21:00:51.587,staggered,7.9,362.8,156.3,58.5,1103.6,62.8,2400,0.0,0.0,15240,-585,53,discharging,None,None
21:00:52.095,staggered,7.9,362.8,156.3,19.2,1103.6,63.4,2400,0.0,0.0,15275,-633,53,discharging,None,None
21:00:52.599,staggered,7.9,374.7,156.3,58.9,1103.6,61.7,2400,0.0,0.0,15251,-604,53,discharging,None,None
21:00:53.103,staggered,7.9,374.7,150.8,32.7,1103.8,60.6,2400,0.0,0.0,15264,-623,53,discharging,None,None
21:00:53.607,staggered,7.9,361.0,150.8,74.6,1103.8,63.4,2400,0.0,0.0,15269,-569,53,discharging,None,None
21:00:54.115,staggered,7.9,361.0,150.8,17.9,1103.8,63.4,2400,0.0,0.0,15275,-575,53,discharging,None,None
21:00:54.619,staggered,7.9,361.0,152.1,70.4,1103.8,65.5,2400,0.0,0.0,15266,-574,53,discharging,None,None
21:00:55.123,staggered,7.9,362.2,152.1,19.3,1103.6,60.6,2400,0.0,0.0,15247,-634,53,discharging,None,None
21:00:55.635,staggered,7.9,362.2,187.6,50.2,1103.6,63.9,2400,0.0,0.0,15286,-565,53,discharging,None,None
21:00:56.138,staggered,7.9,412.3,187.6,59.3,1103.6,61.7,2400,0.0,0.0,15233,-622,53,discharging,None,None
21:00:56.642,staggered,7.9,412.3,187.6,0.0,1103.6,60.0,2400,0.0,0.0,15281,-639,53,discharging,None,None
21:00:57.155,staggered,7.9,412.3,187.6,85.2,1103.6,66.1,2400,0.0,0.0,15275,-502,53,discharging,None,None
21:00:57.658,staggered,7.9,886.8,774.7,91.7,1103.6,63.4,2400,0.0,0.0,15240,-649,53,discharging,None,None
21:00:58.162,staggered,7.9,886.8,774.7,0.0,1103.4,60.6,2400,0.0,0.0,15277,-659,53,discharging,None,None
21:00:58.671,staggered,7.9,886.8,774.7,52.5,1103.8,64.5,2400,0.0,0.0,15287,-495,53,discharging,None,None
21:00:59.174,staggered,7.9,424.0,235.1,62.6,1105.2,62.2,2400,0.0,0.0,15237,-613,53,discharging,None,None
21:00:59.684,staggered,7.9,424.0,235.1,9.5,1105.2,62.8,2400,0.0,0.0,15277,-648,53,discharging,None,None
21:01:00.189,staggered,7.9,362.8,235.1,67.0,1105.2,62.2,2400,0.0,0.0,15248,-568,53,discharging,None,None
21:01:00.692,staggered,7.9,362.8,151.6,29.9,1106.0,61.1,2400,0.0,0.0,15239,-626,53,discharging,None,None
21:01:01.196,staggered,7.9,362.4,151.6,75.2,1105.0,63.9,2400,0.0,0.0,15241,-630,53,discharging,None,None
21:01:01.699,staggered,7.9,362.4,151.3,32.5,1105.0,63.9,2400,0.0,0.0,15278,-625,53,discharging,None,None
21:01:02.207,staggered,7.9,362.4,151.3,49.5,1105.0,65.0,2400,0.0,0.0,15259,-572,53,discharging,None,None
21:01:02.711,staggered,7.9,363.5,151.3,25.7,1105.2,60.6,1500,0.0,0.0,15278,-574,53,discharging,None,None
21:01:03.219,staggered,7.9,363.5,171.4,55.2,1105.4,63.4,2400,0.0,0.0,15260,-534,53,discharging,None,None
21:01:03.723,staggered,7.9,364.1,171.4,55.9,1105.4,61.1,2400,0.0,0.0,15255,-608,53,discharging,None,None
21:01:04.227,staggered,7.9,364.1,171.4,0.0,1105.0,60.0,2400,0.0,0.0,15285,-557,53,discharging,None,None
21:01:04.735,staggered,7.9,364.1,428.0,95.0,1105.0,65.5,2400,0.0,0.0,15242,-585,53,discharging,None,None
21:01:05.238,staggered,7.9,619.9,428.0,37.4,1109.1,60.6,2400,0.0,0.0,15273,-679,53,discharging,None,None
21:01:05.748,staggered,7.9,619.9,428.0,7.0,1109.9,62.2,2400,0.0,0.0,15287,-521,53,discharging,None,None
21:01:06.256,staggered,7.9,619.9,376.7,100.0,1110.6,65.0,2400,0.0,0.0,15239,-609,53,discharging,None,None
21:01:06.759,staggered,7.9,591.7,376.7,12.0,1110.7,60.6,2400,0.0,0.0,15274,-655,53,discharging,None,None
21:01:07.267,staggered,7.9,591.7,376.7,32.3,1110.5,63.9,2400,0.0,0.0,15286,-506,53,discharging,None,None
21:01:07.771,staggered,7.9,367.5,166.2,75.0,1110.5,61.7,2400,0.0,0.0,15238,-634,53,discharging,None,None
21:01:08.279,staggered,7.9,367.5,166.2,1.5,1106.6,60.0,1500,0.0,0.0,15287,-594,53,discharging,None,None
21:01:08.788,staggered,7.9,375.0,166.2,74.6,1106.6,62.2,2400,0.0,0.0,15241,-551,53,discharging,None,None
21:01:09.291,staggered,7.9,375.0,151.7,32.8,1107.3,61.1,2400,0.0,0.0,15274,-622,53,discharging,None,None
21:01:09.800,staggered,7.9,375.0,151.7,70.1,1107.5,65.0,2400,0.0,0.0,15245,-605,53,discharging,None,None
21:01:10.307,staggered,7.9,367.1,151.7,30.2,1107.3,64.5,2400,0.0,0.0,15273,-604,53,discharging,None,None
21:01:10.811,staggered,7.9,367.1,151.4,47.0,1107.3,64.5,2400,0.0,0.0,15274,-584,53,discharging,None,None
21:01:11.315,staggered,7.9,363.5,151.4,35.3,1106.5,60.6,2400,0.0,0.0,15272,-639,53,discharging,None,None
21:01:11.827,staggered,7.9,363.5,147.2,40.7,1108.4,63.4,2400,0.0,0.0,15260,-608,53,discharging,None,None
21:01:12.331,staggered,7.9,365.1,147.2,65.9,1107.1,60.6,2400,0.0,0.0,15236,-637,53,discharging,None,None
21:01:12.834,staggered,7.9,365.1,147.2,0.0,1107.0,60.0,2400,0.0,0.0,15283,-575,53,discharging,None,None
21:01:13.343,staggered,7.9,365.1,347.9,91.1,1107.0,66.1,2400,0.0,0.0,15248,-556,53,discharging,None,None
21:01:13.846,staggered,7.9,555.4,347.9,34.5,1105.7,60.6,2400,0.0,0.0,15266,-653,53,discharging,None,None
21:01:14.356,staggered,7.9,555.4,347.9,10.4,1107.0,62.2,2400,0.0,0.0,15286,-525,53,discharging,None,None
21:01:14.866,staggered,7.9,555.4,347.9,100.0,1107.0,66.1,2400,0.0,0.0,15241,-592,53,discharging,None,None
21:01:15.370,staggered,7.9,745.4,512.0,38.6,1107.5,61.1,2400,0.0,0.0,15257,-709,53,discharging,None,None
21:01:15.879,staggered,7.9,745.4,512.0,6.0,1107.5,62.8,2400,0.0,0.0,15285,-545,53,discharging,None,None
21:01:16.384,staggered,7.9,487.3,512.0,100.0,1107.5,65.0,2400,0.0,0.0,15240,-585,53,discharging,None,None
21:01:16.887,staggered,7.9,487.3,299.3,14.4,1107.1,60.6,2400,0.0,0.0,15273,-659,53,discharging,None,None
21:01:17.395,staggered,7.9,487.3,299.3,52.0,1105.9,65.0,2400,0.0,0.0,15281,-546,53,discharging,None,None
21:01:17.898,staggered,7.9,363.1,150.4,55.0,1105.2,62.8,2400,0.0,0.0,15272,-620,53,discharging,None,None
21:01:18.407,staggered,7.9,363.1,150.4,21.4,1105.2,63.9,2400,0.0,0.0,15283,-589,53,discharging,None,None
21:01:18.910,staggered,7.9,374.2,150.4,55.9,1105.2,61.1,2400,0.0,0.0,15239,-578,53,discharging,None,None
21:01:19.414,staggered,7.9,374.2,150.8,32.3,1105.7,60.0,2400,0.0,0.0,15246,-623,53,discharging,None,None
21:01:19.918,staggered,7.9,360.1,150.8,74.6,1105.4,62.2,2400,0.0,0.0,15240,-608,53,discharging,None,None
21:01:20.424,staggered,7.9,360.1,150.8,16.3,1105.9,63.9,2400,0.0,0.0,15277,-575,53,discharging,None,None
21:01:20.931,staggered,7.9,360.1,152.0,75.7,1105.2,65.5,2400,0.0,0.0,15271,-566,53,discharging,None,None
21:01:21.434,staggered,7.9,363.2,152.0,16.3,1104.5,60.6,2400,0.0,0.0,15272,-634,53,discharging,None,None
21:01:21.943,staggered,7.9,363.2,247.3,48.3,1104.5,64.5,2400,0.0,0.0,15286,-553,53,discharging,None,None
21:01:22.446,staggered,630.6,488.9,247.3,72.9,1104.5,62.8,2400,0.0,0.0,15233,-653,53,discharging,None,None
21:01:22.950,staggered,630.6,488.9,247.3,2.5,1103.2,60.6,2400,0.0,0.0,15280,-631,53,discharging,None,None
21:01:23.460,staggered,8.5,488.9,247.3,73.5,1103.2,65.0,2400,0.0,0.0,15261,-511,53,discharging,None,None
21:01:23.963,staggered,8.5,746.3,523.0,78.1,1103.2,62.8,2400,0.0,0.0,15245,-679,53,discharging,None,None
21:01:24.467,staggered,8.4,746.3,523.0,2.5,1103.2,60.6,2400,0.0,0.0,15278,-627,53,discharging,None,None
21:01:24.979,staggered,8.4,746.3,523.0,68.6,1102.9,63.9,2400,0.0,0.0,15270,-514,53,discharging,None,None
21:01:25.482,staggered,8.4,664.0,467.5,74.3,1102.7,61.7,2400,0.0,0.0,15233,-681,53,discharging,None,None
21:01:25.986,staggered,8.3,664.0,467.5,2.5,1102.7,61.1,2400,0.0,0.0,15277,-634,53,discharging,None,None
21:01:26.491,staggered,8.3,394.7,467.5,78.1,1102.7,65.0,2400,0.0,0.0,15255,-529,53,discharging,None,None
21:01:26.994,staggered,8.3,394.7,160.2,40.1,1102.7,62.2,2400,0.0,0.0,15232,-652,53,discharging,None,None
21:01:27.499,staggered,8.3,394.7,160.2,42.3,1102.7,64.5,2400,0.0,0.0,15280,-583,53,discharging,None,None
21:01:28.007,staggered,8.3,395.7,160.2,62.2,1103.1,65.5,2400,0.0,0.0,15235,-591,53,discharging,None,None
21:01:28.511,staggered,8.3,395.7,163.0,20.2,1104.3,61.1,2400,0.0,0.0,15275,-645,53,discharging,None,None
21:01:29.015,staggered,8.3,407.1,163.0,80.8,1105.1,62.2,2400,0.0,0.0,15245,-612,53,discharging,None,None
21:01:29.519,staggered,8.4,407.1,171.2,38.3,1105.1,61.7,2400,0.0,0.0,15274,-604,53,discharging,None,None
21:01:30.027,staggered,8.4,407.1,171.2,65.2,1105.1,66.1,2400,0.0,0.0,15269,-579,53,discharging,None,None
21:01:30.530,staggered,8.3,403.6,171.2,20.7,1105.1,60.0,2400,0.0,0.0,15265,-633,53,discharging,None,None
21:01:31.039,staggered,8.3,403.6,158.9,62.1,1104.1,64.5,2400,0.0,0.0,15256,-608,53,discharging,None,None
21:01:31.543,staggered,8.3,398.1,158.9,56.9,1104.1,61.1,2400,0.0,0.0,15233,-654,53,discharging,None,None
21:01:32.051,staggered,8.3,398.1,158.9,21.0,1104.3,62.8,2400,0.0,0.0,15271,-604,53,discharging,None,None
21:01:32.555,staggered,8.3,398.1,222.4,100.0,1104.3,66.7,2400,0.0,0.0,15246,-574,53,discharging,None,None
21:01:33.058,staggered,7.9,491.9,222.4,13.9,1104.1,60.6,2400,0.0,0.0,15268,-664,53,discharging,None,None
21:01:33.576,staggered,7.9,491.9,222.4,34.0,1104.1,63.4,2400,0.0,0.0,15282,-540,53,discharging,None,None
21:01:34.084,staggered,8.2,683.5,457.1,100.0,1104.1,65.5,2400,0.0,0.0,15237,-600,53,discharging,None,None
21:01:34.588,staggered,8.2,683.5,457.1,5.9,1102.9,60.6,2400,0.0,0.0,15268,-689,53,discharging,None,None
21:01:35.099,staggered,8.2,683.5,457.1,42.6,1102.7,65.0,2400,0.0,0.0,15280,-527,53,discharging,None,None
21:01:35.603,staggered,8.3,680.6,474.8,98.5,1102.7,65.5,2400,0.0,0.0,15237,-612,53,discharging,None,None
21:01:36.106,staggered,8.3,680.6,474.8,3.9,1103.6,61.1,2400,0.0,0.0,15267,-694,53,discharging,None,None
21:01:36.615,staggered,8.3,680.6,474.8,49.0,1103.9,65.0,2400,0.0,0.0,15281,-523,53,discharging,None,None
21:01:37.118,staggered,8.3,411.3,187.2,71.1,1104.1,62.8,2400,0.0,0.0,15232,-626,53,discharging,None,None
21:01:37.626,staggered,8.3,411.3,187.2,10.0,1104.1,62.2,2400,0.0,0.0,15273,-654,53,discharging,None,None
21:01:38.129,staggered,8.3,396.7,187.2,74.0,1103.6,61.7,2400,0.0,0.0,15244,-581,53,discharging,None,None
21:01:38.633,staggered,8.3,396.7,162.4,36.3,1103.6,61.1,2400,0.0,0.0,15235,-653,53,discharging,None,None
21:01:39.140,staggered,8.3,396.7,162.4,72.5,1103.6,66.1,2400,0.0,0.0,15280,-568,53,discharging,None,None
21:01:39.644,staggered,8.3,402.8,162.4,38.0,1103.4,65.0,2400,0.0,0.0,15261,-584,53,discharging,None,None
21:01:40.155,staggered,8.4,402.8,175.2,45.6,1102.7,65.0,2400,0.0,0.0,15266,-619,53,discharging,None,None
21:01:40.658,staggered,8.4,396.8,175.2,49.0,1102.7,61.1,2400,0.0,0.0,15235,-655,53,discharging,None,None
21:01:41.162,staggered,8.4,396.8,163.6,37.0,1102.7,61.1,2400,0.0,0.0,15278,-597,53,discharging,None,None
21:01:41.665,staggered,8.3,395.3,163.6,81.7,1102.7,63.4,2400,0.0,0.0,15238,-585,53,discharging,None,None
21:01:42.169,staggered,8.3,395.3,163.6,2.5,1103.0,60.6,2400,0.0,0.0,15267,-649,53,discharging,None,None
21:01:42.680,staggered,8.3,395.3,255.5,83.4,1103.0,66.1,2400,0.0,0.0,15266,-563,53,discharging,None,None
21:01:43.183,staggered,8.3,475.1,255.5,39.3,1102.9,61.7,2400,0.0,0.0,15227,-666,53,discharging,None,None
21:01:43.817,staggered,8.4,475.1,255.5,9.1,1102.7,60.6,2400,0.0,0.0,15280,-517,53,discharging,None,None
21:01:44.324,staggered,8.4,475.1,407.9,99.5,1103.5,65.5,2400,0.0,0.0,15249,-555,53,discharging,None,None
21:01:44.827,staggered,8.4,683.1,407.9,40.3,1111.9,61.1,2400,0.0,0.0,15241,-684,53,discharging,None,None
21:01:45.336,staggered,7.9,683.1,407.9,8.4,1112.6,61.1,2400,0.0,0.0,15279,-568,53,discharging,None,None
21:01:45.844,staggered,7.9,683.1,407.9,100.0,1112.6,65.0,2400,0.0,0.0,15244,-570,53,discharging,None,None
21:01:46.347,staggered,8.3,695.5,426.2,35.0,1112.8,61.1,2400,0.0,0.0,15249,-690,53,discharging,None,None
21:01:46.859,staggered,8.3,695.5,426.2,12.4,1109.5,62.8,2400,0.0,0.0,15279,-557,53,discharging,None,None
21:01:47.363,staggered,8.2,695.5,426.2,100.0,1109.5,65.5,2400,0.0,0.0,15237,-579,53,discharging,None,None
21:01:47.867,staggered,8.2,687.2,448.0,35.8,1108.8,61.1,2400,0.0,0.0,15245,-701,53,discharging,None,None
21:01:48.375,staggered,8.2,687.2,448.0,18.8,1108.8,62.8,2400,0.0,0.0,15280,-559,53,discharging,None,None
21:01:48.879,staggered,8.3,399.2,448.0,97.0,1108.8,65.5,2400,0.0,0.0,15236,-589,53,discharging,None,None
21:01:49.383,staggered,8.3,399.2,174.1,6.9,1115.4,60.6,2400,0.0,0.0,15268,-655,53,discharging,None,None
21:01:49.886,staggered,8.4,394.6,174.1,79.6,1112.3,65.0,2400,0.0,0.0,15252,-586,53,discharging,None,None
21:01:50.390,staggered,8.4,394.6,160.6,39.1,1113.0,61.7,2400,0.0,0.0,15266,-637,53,discharging,None,None
21:01:50.899,staggered,8.4,394.6,160.6,43.0,1112.5,65.5,2400,0.0,0.0,15277,-582,53,discharging,None,None
21:01:51.402,staggered,8.3,400.3,160.6,41.4,1114.0,61.1,2400,0.0,0.0,15231,-607,53,discharging,None,None
21:01:51.911,staggered,8.3,400.3,158.8,40.8,1113.5,61.1,2400,0.0,0.0,15237,-641,53,discharging,None,None
21:01:52.416,staggered,8.3,399.1,158.8,76.6,1113.7,62.8,2400,0.0,0.0,15234,-630,53,discharging,None,None
21:01:52.924,staggered,8.3,399.1,158.8,25.1,1112.3,64.5,2400,0.0,0.0,15273,-593,53,discharging,None,None
21:01:53.432,staggered,8.4,399.1,172.1,82.7,1112.0,65.5,2400,0.0,0.0,15264,-577,53,discharging,None,None
21:01:53.936,staggered,8.4,394.7,172.1,13.4,1111.5,60.6,2400,0.0,0.0,15267,-654,53,discharging,None,None
21:01:54.450,staggered,8.4,394.7,251.3,53.7,1111.5,63.9,2400,0.0,0.0,15284,-542,53,discharging,None,None
21:01:54.954,staggered,8.3,505.7,251.3,71.1,1111.0,62.2,2400,0.0,0.0,15230,-620,53,discharging,None,None
21:01:55.458,staggered,8.3,505.7,251.3,2.0,1111.0,60.6,2400,0.0,0.0,15273,-638,53,discharging,None,None
21:01:56.390,staggered,8.1,505.7,762.7,86.4,1110.6,65.5,2400,0.0,0.0,15231,-659,53,discharging,None,None
21:01:56.893,staggered,8.1,885.6,762.7,22.9,1108.6,61.1,2400,0.0,0.0,15268,-693,53,discharging,None,None
21:01:57.400,staggered,8.1,885.6,762.7,30.4,1108.6,63.9,2400,0.0,0.0,15279,-519,53,discharging,None,None
21:01:57.904,staggered,5.8,535.6,307.6,100.0,1108.9,65.5,2400,0.0,0.0,15231,-615,53,discharging,None,None
21:01:58.408,staggered,5.8,535.6,307.6,4.5,1108.2,60.0,2400,0.0,0.0,15267,-671,53,discharging,None,None
21:01:58.915,staggered,8.3,535.6,307.6,60.9,1108.2,65.5,2400,0.0,0.0,15267,-546,53,discharging,None,None
21:01:59.419,staggered,8.3,394.9,171.5,59.0,1107.8,62.2,2400,0.0,0.0,15254,-649,53,discharging,None,None
21:01:59.925,staggered,8.3,394.9,171.5,23.6,1107.8,64.5,2400,0.0,0.0,15277,-602,53,discharging,None,None
21:02:00.429,staggered,8.3,399.2,171.5,59.9,1107.5,61.1,2400,0.0,0.0,15229,-597,53,discharging,None,None
21:02:00.933,staggered,8.3,399.2,158.7,36.3,1107.4,61.1,2400,0.0,0.0,15241,-654,53,discharging,None,None
21:02:01.436,staggered,8.3,394.8,158.7,82.5,1107.4,65.0,2400,0.0,0.0,15240,-601,53,discharging,None,None
21:02:01.944,staggered,8.3,394.8,158.7,23.2,1107.2,63.9,2400,0.0,0.0,15267,-593,53,discharging,None,None
21:02:02.449,staggered,8.3,394.8,159.8,62.9,1107.2,65.0,2400,0.0,0.0,15273,-579,53,discharging,None,None
21:02:02.952,staggered,8.3,399.9,159.8,34.5,1105.9,61.7,2400,0.0,0.0,15247,-653,53,discharging,None,None
21:02:03.460,staggered,8.3,399.9,171.3,47.8,1105.9,63.9,2400,0.0,0.0,15278,-599,53,discharging,None,None
21:02:03.963,staggered,8.3,396.5,171.3,71.6,1105.7,62.8,2400,0.0,0.0,15228,-649,53,discharging,None,None
21:02:04.467,staggered,8.3,396.5,171.3,2.0,1105.7,60.0,1900,0.0,0.0,15273,-623,53,discharging,None,None
21:02:04.978,staggered,8.2,396.5,171.3,81.2,1105.7,65.0,2400,0.0,0.0,15260,-501,53,discharging,None,None
21:02:05.482,staggered,8.2,639.3,459.0,55.9,1105.6,61.7,2400,0.0,0.0,15223,-666,53,discharging,None,None
21:02:05.986,staggered,8.5,639.3,459.0,1.5,1104.6,60.6,2400,0.0,0.0,15275,-611,53,discharging,None,None
21:02:06.499,staggered,8.5,639.3,459.0,89.8,1104.6,65.0,2400,0.0,0.0,15241,-536,53,discharging,None,None
21:02:07.003,staggered,8.5,722.6,464.7,56.7,1104.6,61.7,2400,0.0,0.0,15226,-704,53,discharging,None,None
21:02:07.506,staggered,8.3,722.6,464.7,2.0,1104.6,60.6,2400,0.0,0.0,15275,-609,53,discharging,None,None
21:02:08.022,staggered,8.3,722.6,464.7,89.1,1104.6,63.9,2400,0.0,0.0,15242,-535,53,discharging,None,None
21:02:08.526,staggered,8.3,499.5,286.3,45.3,1104.6,61.1,2400,0.0,0.0,15230,-675,53,discharging,None,None
21:02:09.035,staggered,8.3,499.5,286.3,34.5,1104.3,65.5,2400,0.0,0.0,15275,-588,53,discharging,None,None
21:02:09.539,staggered,7.9,394.4,286.3,78.8,1104.3,65.5,2400,0.0,0.0,15230,-598,53,discharging,None,None
21:02:10.043,staggered,7.9,394.4,172.2,7.0,1104.3,61.7,2400,0.0,0.0,15271,-654,53,discharging,None,None
21:02:10.546,staggered,7.9,390.1,172.2,81.6,1105.3,62.2,2400,0.0,0.0,15242,-604,53,discharging,None,None
21:02:11.050,staggered,8.4,390.1,163.4,36.3,1105.3,62.2,2400,0.0,0.0,15267,-620,53,discharging,None,None
21:02:11.559,staggered,8.4,390.1,163.4,61.2,1105.3,65.5,2400,0.0,0.0,15272,-579,53,discharging,None,None
21:02:12.062,staggered,8.3,395.6,163.4,23.6,1104.6,61.1,2400,0.0,0.0,15250,-623,53,discharging,None,None
21:02:12.571,staggered,8.3,395.6,159.4,58.8,1104.6,63.9,2400,0.0,0.0,15246,-621,53,discharging,None,None
21:02:13.074,staggered,8.3,404.3,159.4,59.8,1104.3,61.7,2400,0.0,0.0,15231,-649,53,discharging,None,None
21:02:13.583,staggered,8.3,404.3,159.4,20.6,1104.3,65.0,2400,0.0,0.0,15274,-592,53,discharging,None,None
21:02:14.090,staggered,8.3,400.5,171.0,96.1,1104.3,64.5,2400,0.0,0.0,15242,-576,53,discharging,None,None
21:02:14.593,staggered,8.3,400.5,171.0,2.0,1104.8,61.7,2400,0.0,0.0,15265,-654,53,discharging,None,None
21:02:15.110,staggered,8.3,400.5,171.0,50.2,1104.5,63.9,2400,0.0,0.0,15279,-515,53,discharging,None,None
21:02:15.614,staggered,8.3,689.6,418.0,87.8,1104.5,63.4,2400,0.0,0.0,15235,-599,53,discharging,None,None
21:02:16.117,staggered,8.3,689.6,418.0,1.5,1104.3,60.6,2400,0.0,0.0,15265,-673,53,discharging,None,None
21:02:16.628,staggered,8.3,689.6,418.0,56.9,1104.3,65.0,2400,0.0,0.0,15277,-518,53,discharging,None,None
21:02:17.132,staggered,8.3,723.5,475.9,90.0,1104.6,63.4,2400,0.0,0.0,15231,-629,53,discharging,None,None
21:02:17.635,staggered,8.3,723.5,475.9,1.5,1104.6,61.1,2400,0.0,0.0,15264,-692,53,discharging,None,None
21:02:18.144,staggered,8.3,723.5,475.9,54.5,1104.8,65.5,2400,0.0,0.0,15278,-516,53,discharging,None,None
21:02:18.647,staggered,8.3,607.3,367.0,78.5,1104.8,62.8,2400,0.0,0.0,15229,-629,53,discharging,None,None
21:02:19.151,staggered,8.4,607.3,367.0,2.0,1104.5,61.1,2400,0.0,0.0,15265,-675,53,discharging,None,None
21:02:19.659,staggered,8.4,607.3,367.0,76.0,1104.5,65.0,2400,0.0,0.0,15276,-528,53,discharging,None,None
21:02:20.163,staggered,8.4,395.8,171.5,43.3,1103.7,61.7,2400,0.0,0.0,15240,-654,53,discharging,None,None
21:02:20.671,staggered,8.3,395.8,171.5,38.3,1104.6,63.9,2400,0.0,0.0,15275,-621,53,discharging,None,None
21:02:21.176,staggered,8.3,401.9,171.5,71.4,1104.6,64.5,2400,0.0,0.0,15232,-594,53,discharging,None,None
21:02:21.679,staggered,7.9,401.9,159.7,19.8,1104.6,60.6,2400,0.0,0.0,15242,-660,53,discharging,None,None
21:02:22.183,staggered,7.9,394.4,159.7,81.6,1105.8,63.4,2400,0.0,0.0,15259,-575,53,discharging,None,None
21:02:22.688,staggered,7.9,394.4,163.0,36.2,1105.8,62.8,2400,0.0,0.0,15265,-590,53,discharging,None,None
21:02:23.196,staggered,8.3,394.4,163.0,54.7,1105.5,65.0,2400,0.0,0.0,15268,-586,53,discharging,None,None
21:02:23.700,staggered,8.3,398.0,163.0,29.9,1105.5,60.6,2400,0.0,0.0,15227,-652,53,discharging,None,None
21:02:24.209,staggered,8.3,398.0,159.7,53.2,1105.5,63.4,2400,0.0,0.0,15275,-629,53,discharging,None,None
21:02:24.713,staggered,8.3,397.3,159.7,65.2,1105.5,61.7,2400,0.0,0.0,15234,-611,53,discharging,None,None
21:02:25.223,staggered,8.2,397.3,159.7,11.9,1104.8,61.1,1600,0.0,0.0,15267,-615,53,discharging,None,None
21:02:25.727,staggered,8.2,397.3,247.4,100.0,1104.8,66.1,2400,0.0,0.0,15256,-538,53,discharging,None,None
21:02:26.230,staggered,8.2,461.7,247.4,16.8,1104.6,62.2,2400,0.0,0.0,15230,-637,53,discharging,None,None
21:02:26.743,staggered,8.4,461.7,247.4,33.0,1104.6,62.8,2400,0.0,0.0,15274,-578,53,discharging,None,None
21:02:27.255,staggered,8.4,461.7,500.1,100.0,1104.6,65.0,2400,0.0,0.0,15240,-560,53,discharging,None,None
21:02:27.758,staggered,8.3,738.1,500.1,18.8,1103.9,61.7,2400,0.0,0.0,15224,-708,53,discharging,None,None
21:02:28.267,staggered,8.3,738.1,500.1,29.5,1103.7,63.4,2400,0.0,0.0,15273,-585,53,discharging,None,None
21:02:28.771,staggered,8.3,738.1,500.1,100.0,1103.7,65.5,2400,0.0,0.0,15236,-557,53,discharging,None,None
21:02:29.274,staggered,8.3,717.1,473.9,17.9,1103.7,61.7,2400,0.0,0.0,15227,-678,53,discharging,None,None
21:02:29.784,staggered,8.3,717.1,473.9,29.0,1103.7,62.2,2400,0.0,0.0,15278,-512,53,discharging,None,None
21:02:30.287,staggered,8.3,463.4,238.1,94.6,1103.4,63.9,2400,0.0,0.0,15226,-649,53,discharging,None,None
21:02:30.791,staggered,8.3,463.4,238.1,2.5,1104.1,60.0,2400,0.0,0.0,15270,-643,53,discharging,None,None
21:02:31.298,staggered,8.4,395.2,238.1,78.2,1104.1,65.0,2400,0.0,0.0,15235,-571,53,discharging,None,None
21:02:31.802,staggered,8.4,395.2,172.8,41.4,1104.1,61.7,2400,0.0,0.0,15227,-656,53,discharging,None,None
21:02:32.311,staggered,8.4,395.2,172.8,42.3,1104.1,65.0,2400,0.0,0.0,15270,-580,53,discharging,None,None
21:02:32.816,staggered,8.3,578.0,172.8,57.6,1103.4,62.2,2400,0.0,0.0,15241,-616,53,discharging,None,None
21:02:33.320,staggered,8.3,578.0,167.1,36.0,1103.4,62.2,2400,0.0,0.0,15266,-636,53,discharging,None,None
21:02:33.828,staggered,7.6,578.0,167.1,68.8,1103.4,66.1,2400,0.0,0.0,15239,-594,53,discharging,None,None
21:02:34.332,staggered,7.6,416.1,167.1,46.3,1103.4,64.5,2400,0.0,0.0,15263,-612,53,discharging,None,None
21:02:34.836,staggered,7.6,416.1,170.3,35.5,1103.4,63.9,2400,0.0,0.0,15266,-579,53,discharging,None,None
21:02:35.340,staggered,8.3,406.8,170.3,56.4,1103.4,61.1,1900,0.0,0.0,15227,-640,53,discharging,None,None
21:02:35.844,staggered,8.3,406.8,200.1,44.0,1102.7,61.1,2400,0.0,0.0,15267,-598,53,discharging,None,None
21:02:36.347,staggered,8.3,407.8,200.1,83.1,1103.2,62.8,2400,0.0,0.0,15233,-595,53,discharging,None,None
21:02:36.851,staggered,8.3,407.8,200.1,2.5,1103.2,60.6,2400,0.0,0.0,15269,-601,53,discharging,None,None
21:02:37.359,staggered,8.4,407.8,184.5,79.6,1103.2,65.0,2400,0.0,0.0,15237,-566,53,discharging,None,None
21:02:37.862,staggered,8.4,421.6,184.5,40.7,1103.2,61.1,2400,0.0,0.0,15255,-657,53,discharging,None,None
21:02:38.375,staggered,8.4,421.6,184.5,8.5,1103.2,61.1,2400,0.0,0.0,15274,-554,53,discharging,None,None
21:02:38.881,staggered,8.3,421.6,184.5,100.0,1103.2,65.0,2400,0.0,0.0,15235,-584,53,discharging,None,None
21:02:39.385,staggered,8.3,837.3,710.0,61.1,1103.0,62.2,2400,0.0,0.0,15223,-737,53,discharging,None,None
21:02:39.889,staggered,8.4,837.3,710.0,2.5,1103.0,60.0,2400,0.0,0.0,15272,-592,53,discharging,None,None
21:02:40.399,staggered,8.4,837.3,710.0,82.9,1103.7,65.0,2400,0.0,0.0,15236,-547,53,discharging,None,None
21:02:40.902,staggered,8.4,623.7,397.4,54.0,1103.9,61.7,2400,0.0,0.0,15228,-688,53,discharging,None,None
21:02:41.411,staggered,8.3,623.7,397.4,4.4,1103.9,61.7,2400,0.0,0.0,15273,-580,53,discharging,None,None
21:02:41.919,staggered,8.3,407.1,397.4,93.5,1103.7,64.5,2400,0.0,0.0,15232,-583,53,discharging,None,None
21:02:42.422,staggered,8.3,407.1,165.4,25.0,1103.7,60.6,2400,0.0,0.0,15267,-656,53,discharging,None,None
21:02:42.931,staggered,8.3,407.1,165.4,63.7,1103.7,65.5,2400,0.0,0.0,15260,-574,53,discharging,None,None
21:02:43.434,staggered,8.3,408.2,171.4,57.8,1103.4,64.5,2400,0.0,0.0,15264,-620,53,discharging,None,None
21:02:43.940,staggered,8.3,408.2,171.4,26.2,1103.4,63.4,2400,0.0,0.0,15269,-596,53,discharging,None,None
21:02:44.444,staggered,8.3,410.3,171.4,60.5,1103.4,61.7,2400,0.0,0.0,15224,-633,53,discharging,None,None
21:02:44.947,staggered,8.4,410.3,176.5,46.5,1103.4,62.8,2400,0.0,0.0,15266,-627,53,discharging,None,None
21:02:45.451,staggered,8.4,393.7,176.5,82.1,1103.4,64.5,2400,0.0,0.0,15227,-617,53,discharging,None,None
21:02:45.955,staggered,7.9,393.7,176.5,3.5,1107.1,60.0,1600,0.0,0.0,15262,-631,53,discharging,None,None
21:02:46.461,staggered,7.9,393.7,326.9,69.8,1107.1,64.5,2400,0.0,0.0,15264,-523,53,discharging,None,None
21:02:46.965,staggered,7.9,518.6,326.9,59.9,1107.9,61.1,2400,0.0,0.0,15221,-646,53,discharging,None,None
21:02:47.468,staggered,8.3,518.6,326.9,2.5,1108.5,60.6,2400,0.0,0.0,15271,-608,53,discharging,None,None
21:02:47.980,staggered,8.3,518.6,326.9,86.3,1108.8,65.0,2400,0.0,0.0,15239,-530,53,discharging,None,None
21:02:48.484,staggered,8.3,825.1,642.7,79.6,1110.2,62.8,2400,0.0,0.0,15224,-709,53,discharging,None,None
21:02:48.987,staggered,8.3,825.1,642.7,2.5,1109.7,59.5,2400,0.0,0.0,15268,-637,53,discharging,None,None
21:02:49.500,staggered,8.4,825.1,642.7,65.0,1110.1,66.1,2400,0.0,0.0,15263,-511,53,discharging,None,None
21:02:50.004,staggered,8.4,571.6,349.5,69.8,1110.0,62.8,2400,0.0,0.0,15224,-680,53,discharging,None,None
21:02:50.507,staggered,8.4,571.6,349.5,3.0,1110.9,61.1,2400,0.0,0.0,15270,-630,53,discharging,None,None
21:02:51.011,staggered,8.2,394.5,349.5,82.3,1109.2,62.8,2400,0.0,0.0,15233,-555,53,discharging,None,None
21:02:51.515,staggered,8.2,394.5,161.6,36.3,1109.2,61.1,2400,0.0,0.0,15229,-653,53,discharging,None,None
21:02:52.023,staggered,8.4,394.5,161.6,57.4,1109.2,65.0,2400,0.0,0.0,15272,-578,53,discharging,None,None
21:02:52.527,staggered,8.4,399.9,161.6,52.0,1109.7,65.0,2400,0.0,0.0,15249,-592,53,discharging,None,None
21:02:53.032,staggered,8.3,399.9,174.8,32.0,1108.8,63.4,2400,0.0,0.0,15266,-620,53,discharging,None,None
21:02:53.536,staggered,8.3,395.4,174.8,63.2,1109.0,61.1,2400,0.0,0.0,15225,-655,53,discharging,None,None
21:02:54.040,staggered,8.3,395.4,163.9,36.9,1108.3,62.2,2400,0.0,0.0,15270,-622,53,discharging,None,None
21:02:54.546,staggered,8.3,399.2,163.9,81.6,1108.3,65.5,2400,0.0,0.0,15237,-586,53,discharging,None,None
21:02:55.050,staggered,8.3,399.2,163.9,3.0,1106.2,60.6,2400,0.0,0.0,15260,-624,53,discharging,None,None
21:02:55.561,staggered,8.3,399.2,162.9,79.6,1106.2,65.0,2400,0.0,0.0,15241,-579,53,discharging,None,None
21:02:56.064,staggered,8.3,398.8,162.9,38.6,1105.7,61.1,2400,0.0,0.0,15225,-653,53,discharging,None,None
21:02:56.572,staggered,8.3,398.8,162.9,16.3,1106.0,60.6,1600,0.0,0.0,15269,-577,53,discharging,None,None
21:02:57.076,staggered,8.3,398.8,538.6,99.5,1106.0,65.5,2400,0.0,0.0,15239,-537,53,discharging,None,None
21:02:57.580,staggered,8.3,740.6,538.6,44.5,1105.6,61.1,2400,0.0,0.0,15220,-691,53,discharging,None,None
21:02:58.089,staggered,7.0,740.6,538.6,4.4,1104.9,60.6,2400,0.0,0.0,15271,-589,53,discharging,None,None
21:02:58.603,staggered,7.0,740.6,538.6,100.0,1104.9,66.1,2400,0.0,0.0,15236,-547,53,discharging,None,None
21:02:59.106,staggered,7.0,757.8,516.1,51.5,1103.5,62.2,2400,0.0,0.0,15221,-717,53,discharging,None,None
21:02:59.610,staggered,8.3,757.8,516.1,2.5,1103.5,60.6,2400,0.0,0.0,15269,-610,53,discharging,None,None
21:03:00.123,staggered,8.3,480.9,516.1,94.6,1103.5,65.0,2400,0.0,0.0,15238,-534,53,discharging,None,None
21:03:00.626,staggered,8.3,480.9,269.2,26.2,1103.2,61.1,2400,0.0,0.0,15234,-659,53,discharging,None,None
21:03:01.135,staggered,8.3,480.9,269.2,42.5,1103.2,65.0,2400,0.0,0.0,15271,-563,53,discharging,None,None
21:03:01.638,staggered,8.3,406.7,165.2,76.0,1103.2,63.4,2400,0.0,0.0,15223,-591,53,discharging,None,None
21:03:02.151,staggered,8.3,406.7,165.2,5.0,1102.8,60.6,2400,0.0,0.0,15261,-655,53,discharging,None,None
21:03:02.654,staggered,8.3,407.5,165.2,79.6,1102.8,62.8,2400,0.0,0.0,15235,-606,53,discharging,None,None
21:03:03.158,staggered,8.3,407.5,163.2,36.3,1102.8,60.6,2400,0.0,0.0,15254,-638,53,discharging,None,None
21:03:03.667,staggered,8.3,407.5,163.2,65.3,1103.1,65.0,2400,0.0,0.0,15270,-577,53,discharging,None,None
21:03:04.172,staggered,8.3,414.9,163.2,23.3,1103.2,61.1,2400,0.0,0.0,15242,-611,53,discharging,None,None
21:03:04.676,staggered,8.3,414.9,162.7,56.9,1103.2,64.5,2400,0.0,0.0,15233,-630,53,discharging,None,None
21:03:05.180,staggered,8.3,406.9,162.7,59.6,1103.2,62.2,2400,0.0,0.0,15228,-641,53,discharging,None,None
21:03:05.683,staggered,8.3,406.9,165.8,35.4,1103.2,63.4,2400,0.0,0.0,15268,-593,53,discharging,None,None
21:03:06.187,staggered,8.3,409.7,165.8,86.1,1103.2,65.0,2400,0.0,0.0,15255,-572,53,discharging,None,None
21:03:06.690,staggered,8.3,409.7,165.8,2.5,1103.2,61.1,1900,0.0,0.0,15260,-656,53,discharging,None,None
21:03:07.206,staggered,8.3,409.7,165.8,63.5,1104.1,64.5,2400,0.0,0.0,15278,-533,53,discharging,None,None
21:03:07.710,staggered,8.3,562.0,361.8,70.0,1104.1,61.7,2400,0.0,0.0,15226,-609,53,discharging,None,None
21:03:08.213,staggered,8.3,562.0,361.8,2.0,1104.1,60.0,2400,0.0,0.0,15261,-653,53,discharging,None,None
21:03:08.724,staggered,8.3,562.0,361.8,76.1,1104.1,65.0,2400,0.0,0.0,15272,-517,53,discharging,None,None
21:03:09.227,staggered,8.2,875.6,765.3,88.4,1103.4,62.2,2400,0.0,0.0,15223,-655,53,discharging,None,None
21:03:09.731,staggered,8.2,875.6,765.3,2.0,1103.4,60.6,2400,0.0,0.0,15258,-691,53,discharging,None,None
21:03:10.239,staggered,8.2,875.6,765.3,43.7,1104.3,64.5,2400,0.0,0.0,15271,-510,53,discharging,None,None
21:03:10.743,staggered,7.3,440.5,202.9,78.8,1105.2,61.7,2400,0.0,0.0,15221,-609,53,discharging,None,None
21:03:11.246,staggered,7.3,440.5,202.9,2.0,1105.5,60.6,2400,0.0,0.0,15256,-679,53,discharging,None,None
21:03:11.750,staggered,8.3,396.0,202.9,82.0,1105.5,61.7,2400,0.0,0.0,15244,-594,53,discharging,None,None
21:03:12.253,staggered,8.3,396.0,172.6,37.8,1105.5,61.1,2400,0.0,0.0,15246,-662,53,discharging,None,None
21:03:12.760,staggered,8.3,396.0,172.6,63.1,1108.1,65.5,2400,0.0,0.0,15266,-600,53,discharging,None,None
21:03:13.268,staggered,8.3,395.4,172.6,35.8,1107.0,63.4,2400,0.0,0.0,15225,-607,53,discharging,None,None
21:03:13.772,staggered,8.3,395.4,162.9,45.5,1107.2,62.8,2400,0.0,0.0,15231,-643,53,discharging,None,None
21:03:14.276,staggered,8.3,395.9,162.9,58.2,1107.2,61.1,2400,0.0,0.0,15227,-628,53,discharging,None,None
21:03:14.779,staggered,8.3,395.9,159.7,35.8,1108.1,61.7,2400,0.0,0.0,15264,-592,53,discharging,None,None
21:03:15.283,staggered,8.4,390.8,159.7,80.5,1107.4,63.4,2400,0.0,0.0,15257,-574,53,discharging,None,None
21:03:15.787,staggered,8.4,390.8,159.7,2.5,1107.1,60.6,2400,0.0,0.0,15259,-650,53,discharging,None,None
21:03:16.295,staggered,8.3,390.8,230.3,75.4,1107.7,64.5,2400,0.0,0.0,15271,-567,53,discharging,None,None
21:03:16.798,staggered,8.3,473.9,230.3,48.3,1107.0,62.2,2400,0.0,0.0,15220,-654,53,discharging,None,None
21:03:17.302,staggered,8.3,473.9,230.3,2.0,1107.0,59.5,1600,0.0,0.0,15266,-634,53,discharging,None,None
21:03:17.815,staggered,8.2,473.9,230.3,97.5,1108.2,64.5,2400,0.0,0.0,15265,-486,53,discharging,None,None
21:03:18.319,staggered,8.2,713.2,503.7,46.5,1108.2,60.6,2400,0.0,0.0,15223,-667,53,discharging,None,None
21:03:18.822,staggered,8.5,713.2,503.7,1.5,1107.7,60.0,2400,0.0,0.0,15267,-637,53,discharging,None,None
21:03:19.335,staggered,8.5,713.2,503.7,99.0,1107.7,65.5,2400,0.0,0.0,15251,-515,53,discharging,None,None
21:03:19.838,staggered,8.5,639.0,406.6,32.8,1109.5,60.0,2400,0.0,0.0,15220,-678,53,discharging,None,None
21:03:20.354,staggered,8.3,639.0,406.6,16.5,1109.5,62.2,2400,0.0,0.0,15268,-610,53,discharging,None,None
21:03:20.858,staggered,8.3,423.5,192.0,99.5,1109.4,64.5,2400,0.0,0.0,15234,-532,53,discharging,None,None
21:03:21.361,staggered,8.3,423.5,192.0,13.0,1109.2,60.0,2400,0.0,0.0,15234,-655,53,discharging,None,None
21:03:21.873,staggered,8.3,423.5,192.0,73.5,1109.2,64.5,2400,0.0,0.0,15267,-584,53,discharging,None,None
21:03:22.376,staggered,7.9,407.4,158.3,43.2,1106.8,61.1,2400,0.0,0.0,15231,-602,53,discharging,None,None
21:03:22.884,staggered,7.9,407.4,158.3,37.6,1106.8,65.5,2400,0.0,0.0,15259,-575,53,discharging,None,None
21:03:23.388,staggered,7.9,397.9,158.3,46.0,1106.9,60.6,2400,0.0,0.0,15242,-590,53,discharging,None,None
21:03:23.891,staggered,8.3,397.9,175.3,37.5,1106.7,60.6,2400,0.0,0.0,15252,-625,53,discharging,None,None
21:03:24.395,staggered,8.3,400.9,175.3,82.7,1106.5,62.2,2400,0.0,0.0,15224,-652,52,discharging,None,None
21:03:24.903,staggered,8.4,400.9,175.3,23.1,1106.9,62.8,2400,0.0,0.0,15267,-597,52,discharging,None,None
21:03:25.407,staggered,8.4,400.9,163.4,73.3,1106.7,64.5,2400,0.0,0.0,15238,-576,52,discharging,None,None
21:03:25.911,staggered,8.4,410.7,163.4,25.4,1107.4,60.6,2400,0.0,0.0,15256,-651,52,discharging,None,None
21:03:26.419,staggered,8.3,410.7,172.3,53.0,1107.4,63.4,2400,0.0,0.0,15258,-579,52,discharging,None,None
21:03:26.922,staggered,8.3,414.0,172.3,65.8,1107.1,61.1,2400,0.0,0.0,15218,-656,52,discharging,None,None
21:03:27.426,staggered,8.3,414.0,172.3,2.0,1107.1,60.0,1900,0.0,0.0,15268,-598,52,discharging,None,None
21:03:27.941,staggered,8.3,414.0,414.7,81.4,1107.1,63.9,2400,0.0,0.0,15237,-518,52,discharging,None,None
21:03:28.445,staggered,8.3,681.6,414.7,57.7,1105.2,61.1,2400,0.0,0.0,15217,-669,52,discharging,None,None
21:03:28.949,staggered,8.3,681.6,414.7,2.0,1105.2,59.5,2400,0.0,0.0,15267,-589,52,discharging,None,None
21:03:29.460,staggered,8.3,681.6,414.7,88.3,1105.2,65.0,2400,0.0,0.0,15233,-550,52,discharging,None,None
21:03:29.964,staggered,8.2,738.8,506.8,61.9,1105.5,61.7,2400,0.0,0.0,15217,-710,52,discharging,None,None
21:03:30.467,staggered,8.2,738.8,506.8,2.0,1106.6,59.5,2400,0.0,0.0,15266,-598,52,discharging,None,None
21:03:30.979,staggered,8.4,738.8,506.8,84.3,1106.6,64.5,2400,0.0,0.0,15231,-545,52,discharging,None,None
21:03:31.482,staggered,8.4,592.3,362.6,51.2,1105.4,60.6,2400,0.0,0.0,15223,-681,52,discharging,None,None
21:03:31.991,staggered,8.3,592.3,362.6,8.1,1104.7,62.2,2400,0.0,0.0,15267,-574,52,discharging,None,None
21:03:32.495,staggered,8.3,411.0,362.6,90.5,1104.7,65.0,2400,0.0,0.0,15224,-588,52,discharging,None,None
21:03:32.999,staggered,8.3,411.0,179.3,23.6,1103.8,60.6,2400,0.0,0.0,15261,-658,52,discharging,None,None
21:03:33.507,staggered,8.4,411.0,179.3,43.0,1103.8,64.5,2400,0.0,0.0,15264,-525,52,discharging,None,None
21:03:34.010,staggered,8.4,576.9,165.9,84.2,1104.0,62.8,2400,0.0,0.0,15220,-624,52,discharging,None,None
21:03:34.514,staggered,7.9,576.9,165.9,2.5,1104.0,59.5,2400,0.0,0.0,15260,-648,52,discharging,None,None
21:03:35.018,staggered,7.9,398.2,165.9,83.1,1103.8,62.8,2400,0.0,0.0,15227,-603,52,discharging,None,None
21:03:35.521,staggered,7.9,398.2,160.8,36.6,1104.2,61.1,2400,0.0,0.0,15236,-651,52,discharging,None,None
21:03:36.028,staggered,8.3,398.2,160.8,59.4,1104.2,63.9,2400,0.0,0.0,15263,-573,52,discharging,None,None
21:03:36.532,staggered,8.3,398.0,160.8,28.1,1105.9,61.1,2400,0.0,0.0,15253,-591,52,discharging,None,None
21:03:37.039,staggered,8.3,398.0,163.5,54.7,1105.9,63.9,2400,0.0,0.0,15248,-605,52,discharging,None,None
21:03:37.543,staggered,8.3,402.9,163.5,63.1,1105.9,61.1,2400,0.0,0.0,15220,-653,52,discharging,None,None
21:03:38.051,staggered,8.2,402.9,163.5,33.8,1105.9,63.4,2400,0.0,0.0,15270,-583,52,discharging,None,None
21:03:38.555,staggered,8.2,400.1,190.7,89.7,1105.9,64.5,2400,0.0,0.0,15228,-573,52,discharging,None,None
21:03:39.058,staggered,8.2,400.1,190.7,2.5,1104.2,59.5,2400,0.0,0.0,15256,-642,52,discharging,None,None
21:03:39.571,staggered,8.4,400.1,190.7,58.8,1104.2,64.5,2400,0.0,0.0,15268,-537,52,discharging,None,None
21:03:40.074,staggered,8.4,559.2,344.4,69.5,1104.2,61.7,2400,0.0,0.0,15218,-663,52,discharging,None,None
21:03:40.578,staggered,8.3,559.2,344.4,2.5,1104.7,59.0,2400,0.0,0.0,15265,-628,52,discharging,None,None
21:03:41.090,staggered,8.3,559.2,344.4,77.1,1104.7,64.5,2400,0.0,0.0,15246,-510,52,discharging,None,None
21:03:41.594,staggered,8.3,786.8,578.3,82.0,1104.7,62.2,2400,0.0,0.0,15219,-688,52,discharging,None,None
21:03:42.098,staggered,8.3,786.8,578.3,2.5,1104.3,60.0,2400,0.0,0.0,15258,-653,52,discharging,None,None
21:03:42.609,staggered,8.3,786.8,578.3,64.2,1104.3,64.5,2400,0.0,0.0,15264,-514,52,discharging,None,None
21:03:43.113,staggered,8.2,577.0,339.4,70.3,1104.0,61.7,2400,0.0,0.0,15217,-668,52,discharging,None,None
21:03:43.616,staggered,8.2,577.0,339.4,2.5,1104.0,60.6,2400,0.0,0.0,15262,-637,52,discharging,None,None
21:03:44.120,staggered,8.4,415.3,339.4,84.5,1103.8,62.8,2400,0.0,0.0,15232,-543,52,discharging,None,None
21:03:44.624,staggered,8.4,415.3,167.1,37.8,1103.8,60.0,2400,0.0,0.0,15219,-657,52,discharging,None,None
21:03:45.133,staggered,8.4,415.3,167.1,51.0,1103.8,63.9,2400,0.0,0.0,15266,-579,52,discharging,None,None
21:03:45.637,staggered,8.3,575.1,167.1,69.0,1103.8,64.5,2400,0.0,0.0,15219,-603,52,discharging,None,None
21:03:46.140,staggered,8.3,575.1,170.8,13.9,1104.5,60.0,2400,0.0,0.0,15260,-653,52,discharging,None,None
21:03:46.648,staggered,7.9,575.1,170.8,76.8,1104.5,63.9,2400,0.0,0.0,15251,-569,52,discharging,None,None
21:03:47.152,staggered,7.9,402.5,159.4,41.3,1104.5,61.1,2400,0.0,0.0,15256,-615,52,discharging,None,None
21:03:47.660,staggered,7.9,402.5,159.4,40.9,1104.7,63.9,2400,0.0,0.0,15259,-589,52,discharging,None,None
21:03:48.163,staggered,8.3,406.7,159.4,45.0,1104.6,60.0,1600,0.0,0.0,15217,-634,52,discharging,None,None
21:03:48.674,staggered,8.3,406.7,184.1,41.4,1104.6,59.5,2400,0.0,0.0,15253,-635,52,discharging,None,None
21:03:49.178,staggered,8.3,395.3,184.1,80.8,1104.4,62.2,2400,0.0,0.0,15228,-586,52,discharging,None,None
21:03:49.687,staggered,8.3,395.3,184.1,13.5,1104.4,62.2,2400,0.0,0.0,15258,-591,52,discharging,None,None
21:03:50.191,staggered,8.3,395.3,166.7,88.2,1103.7,65.5,2400,0.0,0.0,15243,-579,52,discharging,None,None
21:03:50.695,staggered,8.3,400.7,166.7,19.3,1103.7,60.6,2400,0.0,0.0,15238,-654,52,discharging,None,None
21:03:51.209,staggered,8.3,400.7,166.7,43.1,1103.9,63.9,2400,0.0,0.0,15267,-557,52,discharging,None,None
21:03:51.713,staggered,8.3,537.6,320.3,82.4,1103.9,61.7,2400,0.0,0.0,15222,-611,52,discharging,None,None
21:03:52.216,staggered,8.3,537.6,320.3,2.5,1103.7,59.5,2400,0.0,0.0,15255,-668,52,discharging,None,None
21:03:52.723,staggered,8.3,537.6,320.3,63.7,1103.9,63.9,2400,0.0,0.0,15267,-517,52,discharging,None,None
21:03:53.227,staggered,8.3,665.6,339.1,72.8,1103.0,61.1,2400,0.0,0.0,15220,-641,52,discharging,None,None
21:03:53.731,staggered,8.4,665.6,339.1,3.0,1103.0,59.0,1600,0.0,0.0,15257,-655,52,discharging,None,None
21:03:54.243,staggered,8.4,665.6,339.1,72.9,1103.0,62.8,2400,0.0,0.0,15272,-479,52,discharging,None,None
21:03:54.746,staggered,8.4,766.7,480.9,82.2,1103.0,62.8,2400,0.0,0.0,15219,-626,52,discharging,None,None
21:03:55.250,staggered,8.3,766.7,480.9,2.5,1103.0,60.0,2400,0.0,0.0,15254,-678,52,discharging,None,None
21:03:55.762,staggered,8.3,766.7,480.9,64.0,1103.0,63.9,2400,0.0,0.0,15266,-513,52,discharging,None,None
21:03:56.266,staggered,8.3,584.6,384.3,77.0,1104.4,61.1,2400,0.0,0.0,15218,-643,52,discharging,None,None
21:03:56.769,staggered,8.3,584.6,384.3,2.5,1104.4,60.0,2400,0.0,0.0,15255,-674,52,discharging,None,None
21:03:57.273,staggered,8.3,402.5,384.3,81.6,1104.2,62.8,2400,0.0,0.0,15253,-551,52,discharging,None,None
21:03:57.776,staggered,8.4,402.5,176.4,47.0,1104.2,61.1,2400,0.0,0.0,15251,-611,52,discharging,None,None
21:03:58.284,staggered,8.4,402.5,176.4,51.7,1104.2,63.9,2400,0.0,0.0,15258,-604,52,discharging,None,None
21:03:58.787,staggered,7.9,396.6,176.4,32.8,1104.2,60.0,2400,0.0,0.0,15218,-648,52,discharging,None,None
21:03:59.299,staggered,7.9,396.6,163.1,50.2,1103.2,61.7,2400,0.0,0.0,15255,-648,52,discharging,None,None
21:03:59.802,staggered,8.3,397.5,163.1,68.3,1103.2,61.1,2400,0.0,0.0,15227,-610,52,discharging,None,None
21:04:00.311,staggered,8.3,397.5,163.1,18.0,1103.0,63.4,2400,0.0,0.0,15255,-597,52,discharging,None,None
21:04:00.815,staggered,8.3,397.0,174.9,96.6,1103.2,64.5,2400,0.0,0.0,15230,-579,52,discharging,None,None
21:04:01.319,staggered,8.3,397.0,174.9,6.9,1103.2,60.0,2400,0.0,0.0,15239,-653,52,discharging,None,None
21:04:01.831,staggered,8.3,397.0,174.9,46.3,1103.2,63.9,2400,0.0,0.0,15266,-518,52,discharging,None,None
21:04:02.334,staggered,8.2,671.3,456.2,95.6,1102.8,63.4,2400,0.0,0.0,15219,-688,52,discharging,None,None
21:04:02.838,staggered,8.2,671.3,456.2,2.5,1102.5,59.5,2400,0.0,0.0,15249,-694,52,discharging,None,None
21:04:03.351,staggered,8.2,671.3,456.2,51.5,1102.8,63.4,2400,0.0,0.0,15246,-512,52,discharging,None,None
21:04:03.854,staggered,8.3,669.1,408.3,84.7,1102.8,62.2,2400,0.0,0.0,15214,-678,52,discharging,None,None
21:04:04.358,staggered,8.3,669.1,408.3,2.5,1102.8,59.5,2400,0.0,0.0,15264,-609,52,discharging,None,None
21:04:04.864,staggered,8.3,669.1,408.3,60.2,1102.8,64.5,2400,0.0,0.0,15233,-527,52,discharging,None,None
21:04:05.367,staggered,8.3,587.6,380.2,80.0,1102.5,61.7,2400,0.0,0.0,15218,-688,52,discharging,None,None
21:04:05.871,staggered,8.4,587.6,380.2,2.5,1102.5,59.5,2400,0.0,0.0,15255,-689,52,discharging,None,None
21:04:06.375,staggered,8.4,399.2,380.2,82.7,1103.7,63.9,2400,0.0,0.0,15267,-546,52,discharging,None,None
21:04:06.879,staggered,8.4,399.2,161.0,36.1,1104.2,60.0,2400,0.0,0.0,15243,-632,52,discharging,None,None
21:04:07.387,staggered,8.3,399.2,161.0,47.5,1104.2,65.0,2400,0.0,0.0,15262,-612,52,discharging,None,None
21:04:07.891,staggered,8.3,399.4,161.0,52.7,1104.2,63.4,2400,0.0,0.0,15222,-608,52,discharging,None,None
21:04:08.399,staggered,8.3,399.4,166.0,30.7,1104.2,61.1,2400,0.0,0.0,15224,-591,52,discharging,None,None
21:04:08.902,staggered,8.3,396.1,166.0,73.8,1103.5,61.1,2400,0.0,0.0,15233,-583,52,discharging,None,None
21:04:09.558,staggered,8.3,396.1,155.2,34.4,1103.5,60.6,2400,0.0,0.0,15250,-646,52,discharging,None,None
21:04:10.062,staggered,8.3,403.3,155.2,83.1,1103.5,62.2,2400,0.0,0.0,15229,-611,52,discharging,None,None
21:04:10.571,staggered,8.3,403.3,155.2,8.9,1103.5,61.1,2400,0.0,0.0,15254,-606,52,discharging,None,None
21:04:11.079,staggered,7.9,403.3,160.5,89.2,1103.7,65.5,2400,0.0,0.0,15237,-575,52,discharging,None,None
21:04:11.582,staggered,7.9,392.9,160.5,21.2,1103.5,60.0,2400,0.0,0.0,15238,-649,52,discharging,None,None
21:04:12.096,staggered,8.4,392.9,160.5,40.4,1102.8,63.4,2400,0.0,0.0,15266,-562,52,discharging,None,None
21:04:12.599,staggered,8.4,562.4,355.6,87.7,1102.8,62.8,2400,0.0,0.0,15223,-602,52,discharging,None,None
21:04:13.103,staggered,8.3,562.4,355.6,2.5,1102.5,60.0,2400,0.0,0.0,15253,-671,52,discharging,None,None
21:04:13.615,staggered,8.3,562.4,355.6,58.3,1102.5,63.4,2400,0.0,0.0,15267,-519,52,discharging,None,None
21:04:14.118,staggered,8.3,778.7,551.2,99.0,1102.5,64.5,2400,0.0,0.0,15217,-625,52,discharging,None,None
21:04:14.622,staggered,8.3,778.7,551.2,4.9,1102.9,61.1,2400,0.0,0.0,15252,-703,52,discharging,None,None
21:04:15.131,staggered,8.3,778.7,551.2,45.5,1103.0,63.4,2400,0.0,0.0,15265,-528,52,discharging,None,None
21:04:15.635,staggered,8.3,570.0,338.5,85.8,1103.0,62.2,2400,0.0,0.0,15219,-612,52,discharging,None,None
21:04:16.138,staggered,8.3,570.0,338.5,1.5,1105.3,59.0,2400,0.0,0.0,15253,-677,52,discharging,None,None
21:04:16.648,staggered,8.3,570.0,338.5,74.1,1105.8,64.5,2400,0.0,0.0,15263,-538,52,discharging,None,None
21:04:17.152,staggered,8.3,407.5,173.2,47.1,1105.8,61.1,2400,0.0,0.0,15231,-642,52,discharging,None,None
21:04:17.660,staggered,8.3,407.5,173.2,36.1,1105.8,63.9,2400,0.0,0.0,15261,-620,52,discharging,None,None
21:04:18.164,staggered,8.3,407.2,173.2,57.5,1105.8,61.7,2400,0.0,0.0,15220,-604,52,discharging,None,None
21:04:18.668,staggered,8.3,407.2,163.5,27.0,1105.8,59.5,2400,0.0,0.0,15225,-655,52,discharging,None,None
21:04:19.171,staggered,8.3,414.8,163.5,85.6,1104.6,61.1,2400,0.0,0.0,15241,-579,52,discharging,None,None
21:04:19.675,staggered,8.3,414.8,166.9,36.0,1104.6,62.8,2400,0.0,0.0,15254,-581,52,discharging,None,None
21:04:20.185,staggered,8.3,414.8,166.9,56.2,1105.5,63.9,2400,0.0,0.0,15260,-567,52,discharging,None,None
21:04:20.688,staggered,8.3,398.8,166.9,27.5,1106.0,59.5,2400,0.0,0.0,15214,-653,52,discharging,None,None
21:04:21.196,staggered,8.3,398.8,165.9,54.7,1106.4,62.8,2400,0.0,0.0,15262,-609,52,discharging,None,None
21:04:21.700,staggered,8.3,570.6,165.9,75.6,1106.4,61.1,2400,0.0,0.0,15212,-616,52,discharging,None,None
21:04:22.203,staggered,8.3,570.6,165.9,1.5,1105.5,60.0,2400,0.0,0.0,15251,-652,52,discharging,None,None
21:04:22.711,staggered,8.3,570.6,149.2,77.6,1105.5,65.0,2400,0.0,0.0,15240,-546,52,discharging,None,None
21:04:23.214,staggered,8.3,364.6,149.2,29.6,1104.9,59.0,2400,0.0,0.0,15214,-634,52,discharging,None,None
21:04:23.727,staggered,8.3,364.6,149.2,30.7,1104.9,62.2,2400,0.0,0.0,15263,-575,52,discharging,None,None
21:04:24.231,staggered,8.3,544.6,368.0,95.1,1104.9,62.2,2400,0.0,0.0,15227,-561,52,discharging,None,None
21:04:24.734,staggered,8.3,544.6,368.0,0.0,1104.9,59.0,2400,0.0,0.0,15250,-656,52,discharging,None,None
21:04:25.247,staggered,8.3,544.6,368.0,50.5,1104.4,64.5,2400,0.0,0.0,15266,-523,52,discharging,None,None
21:04:25.750,staggered,8.3,627.1,388.7,75.6,1106.2,61.7,2400,0.0,0.0,15218,-594,52,discharging,None,None
21:04:26.254,staggered,8.3,627.1,388.7,0.0,1107.3,59.5,2400,0.0,0.0,15251,-664,52,discharging,None,None
21:04:26.766,staggered,8.3,627.1,388.7,68.8,1107.3,63.4,2400,0.0,0.0,15266,-507,52,discharging,None,None
21:04:27.270,staggered,8.3,455.5,255.3,46.3,1107.3,61.1,2400,0.0,0.0,15214,-632,52,discharging,None,None
21:04:27.780,staggered,8.3,455.5,255.3,20.4,1107.3,62.8,2400,0.0,0.0,15260,-638,52,discharging,None,None
21:04:28.284,staggered,8.3,366.9,255.3,73.7,1106.8,62.8,2400,0.0,0.0,15225,-554,52,discharging,None,None
21:04:28.788,staggered,8.3,366.9,150.2,12.1,1106.8,59.5,2400,0.0,0.0,15219,-632,52,discharging,None,None
21:04:29.291,staggered,8.3,363.4,150.2,75.1,1105.4,61.1,1900,0.0,0.0,15259,-623,52,discharging,None,None
21:04:29.795,staggered,8.3,363.4,171.4,36.3,1105.4,60.0,2400,0.0,0.0,15258,-601,52,discharging,None,None
21:04:30.303,staggered,8.3,363.4,171.4,58.7,1105.2,64.5,2400,0.0,0.0,15238,-542,52,discharging,None,None
21:04:30.806,staggered,8.3,361.5,171.4,16.3,1105.4,59.5,2400,0.0,0.0,15252,-574,52,discharging,None,None
21:04:31.315,staggered,8.3,361.5,151.4,61.0,1105.5,63.4,2400,0.0,0.0,15239,-567,52,discharging,None,None
21:04:31.819,staggered,8.3,364.9,151.4,46.1,1105.5,59.0,2400,0.0,0.0,15235,-632,52,discharging,None,None
21:04:32.327,staggered,8.3,364.9,151.4,12.5,1104.6,60.6,2400,0.0,0.0,15263,-553,52,discharging,None,None
21:04:32.831,staggered,8.3,364.9,350.9,100.0,1104.6,64.5,2400,0.0,0.0,15217,-606,52,discharging,None,None
21:04:33.334,staggered,8.3,531.8,350.9,10.8,1103.8,59.5,2400,0.0,0.0,15252,-664,52,discharging,None,None
21:04:33.847,staggered,8.3,531.8,350.9,35.3,1103.8,61.7,2400,0.0,0.0,15265,-508,52,discharging,None,None
21:04:34.350,staggered,8.3,531.8,525.0,100.0,1103.8,63.9,2400,0.0,0.0,15214,-639,52,discharging,None,None
21:04:34.854,staggered,8.3,747.9,525.0,15.4,1103.5,59.0,1500,0.0,0.0,15251,-680,52,discharging,None,None
21:04:35.367,staggered,8.3,747.9,525.0,27.9,1103.5,60.6,2400,0.0,0.0,15270,-475,52,discharging,None,None
21:04:35.870,staggered,8.3,459.1,253.9,88.4,1104.0,60.6,2400,0.0,0.0,15218,-589,52,discharging,None,None
21:04:36.374,staggered,8.3,459.1,253.9,0.0,1104.9,58.4,2400,0.0,0.0,15258,-623,52,discharging,None,None
21:04:36.878,staggered,8.3,363.4,253.9,74.6,1104.9,61.7,2400,0.0,0.0,15224,-557,52,discharging,None,None
21:04:37.381,staggered,8.3,363.4,147.4,32.8,1104.9,60.0,2400,0.0,0.0,15216,-632,52,discharging,None,None
21:04:37.888,staggered,8.3,363.4,147.4,49.3,1104.9,63.4,2400,0.0,0.0,15258,-565,52,discharging,None,None
21:04:38.393,staggered,8.3,367.0,147.4,35.6,1104.9,61.7,2400,0.0,0.0,15252,-573,52,discharging,None,None
21:04:38.900,staggered,8.3,367.0,151.5,40.6,1104.9,61.1,2400,0.0,0.0,15258,-586,52,discharging,None,None
21:04:39.404,staggered,8.3,362.1,151.5,56.7,1103.9,59.5,2400,0.0,0.0,15213,-631,52,discharging,None,None
21:04:39.907,staggered,8.3,362.1,151.3,32.5,1103.9,61.1,2400,0.0,0.0,15262,-604,52,discharging,None,None
21:04:40.411,staggered,8.3,364.1,151.3,74.8,1103.9,61.7,2400,0.0,0.0,15213,-611,52,discharging,None,None
21:04:40.914,staggered,8.3,364.1,151.3,0.5,1104.2,59.5,2400,0.0,0.0,15257,-602,52,discharging,None,None
21:04:41.423,staggered,8.3,364.1,247.7,73.6,1104.2,63.9,2400,0.0,0.0,15230,-534,52,discharging,None,None
21:04:41.926,staggered,8.3,459.7,247.7,38.7,1103.9,60.6,2400,0.0,0.0,15233,-641,52,discharging,None,None
21:04:42.435,staggered,8.3,459.7,247.7,6.5,1103.9,60.0,2400,0.0,0.0,15264,-555,52,discharging,None,None
21:04:42.939,staggered,8.3,459.7,247.7,100.0,1103.9,63.4,2400,0.0,0.0,15223,-572,52,discharging,None,None
21:04:43.442,staggered,8.3,706.4,472.1,36.3,1103.7,60.0,2400,0.0,0.0,15234,-694,52,discharging,None,None
21:04:43.952,staggered,8.3,706.4,472.1,8.0,1103.5,59.5,2400,0.0,0.0,15264,-548,52,discharging,None,None
21:04:44.463,staggered,8.3,706.4,472.1,100.0,1103.5,64.5,2400,0.0,0.0,15219,-579,52,discharging,None,None
21:04:44.967,staggered,8.3,600.9,407.7,26.9,1103.0,60.0,2400,0.0,0.0,15242,-684,52,discharging,None,None
21:04:45.475,staggered,8.3,600.9,407.7,32.3,1103.0,61.7,2400,0.0,0.0,15263,-535,52,discharging,None,None
21:04:45.978,staggered,8.3,375.2,150.7,76.5,1103.0,62.2,2400,0.0,0.0,15216,-576,52,discharging,None,None
21:04:46.483,staggered,8.3,375.2,150.7,0.0,1104.9,59.5,2400,0.0,0.0,15251,-620,52,discharging,None,None
21:04:46.987,staggered,8.3,363.1,150.7,74.6,1104.6,59.5,2400,0.0,0.0,15218,-609,52,discharging,None,None
21:04:47.490,staggered,8.3,363.1,159.2,34.2,1105.2,60.0,2400,0.0,0.0,15234,-633,52,discharging,None,None
21:04:47.999,staggered,8.3,363.1,159.2,68.8,1105.6,63.9,2400,0.0,0.0,15245,-569,52,discharging,None,None
21:04:48.504,staggered,8.3,367.4,159.2,8.4,1105.6,59.0,2400,0.0,0.0,15250,-574,52,discharging,None,None
21:04:49.008,staggered,8.3,367.4,151.4,67.3,1105.6,63.4,2400,0.0,0.0,15242,-569,52,discharging,None,None
21:04:49.512,staggered,8.3,371.2,151.4,38.0,1104.4,59.5,2400,0.0,0.0,15220,-633,52,discharging,None,None
21:04:50.027,staggered,8.3,371.2,155.2,35.3,1104.2,62.2,2400,0.0,0.0,15261,-569,52,discharging,None,None
21:04:50.531,staggered,8.3,380.4,155.2,71.7,1104.9,60.6,1900,0.0,0.0,15209,-622,52,discharging,None,None
21:04:51.035,staggered,8.3,380.4,155.2,0.0,1104.9,59.5,1500,0.0,0.0,15264,-615,52,discharging,None,None
21:04:51.547,staggered,8.3,380.4,155.2,73.0,1104.9,63.4,2400,0.0,0.0,15261,-445,52,discharging,None,None
21:04:52.051,staggered,8.3,637.5,411.9,55.2,1104.6,59.0,2400,0.0,0.0,15210,-631,52,discharging,None,None
21:04:52.554,staggered,8.3,637.5,411.9,0.0,1104.6,58.4,2400,0.0,0.0,15260,-607,52,discharging,None,None
21:04:53.067,staggered,8.3,637.5,411.9,89.2,1104.6,63.9,2400,0.0,0.0,15223,-523,52,discharging,None,None
21:04:53.570,staggered,8.3,625.1,411.5,39.1,1104.4,60.6,2400,0.0,0.0,15213,-669,52,discharging,None,None
21:04:54.080,staggered,8.3,625.1,411.5,7.5,1103.7,60.6,2400,0.0,0.0,15260,-573,52,discharging,None,None
21:04:54.584,staggered,8.3,363.2,148.7,95.6,1103.7,62.8,2400,0.0,0.0,15218,-559,52,discharging,None,None
21:04:55.087,staggered,8.3,363.2,148.7,2.0,1103.5,58.4,2400,0.0,0.0,15251,-631,52,discharging,None,None
21:04:55.591,staggered,8.3,363.4,148.7,74.8,1103.7,62.2,2400,0.0,0.0,15248,-565,52,discharging,None,None
21:04:56.094,staggered,8.3,363.4,150.0,32.3,1104.0,60.0,2400,0.0,0.0,15251,-612,52,discharging,None,None
21:04:56.604,staggered,8.3,363.4,150.0,46.5,1104.0,63.4,2400,0.0,0.0,15258,-566,52,discharging,None,None
21:04:57.108,staggered,8.3,375.1,150.0,30.9,1104.0,59.0,2400,0.0,0.0,15219,-575,52,discharging,None,None
21:04:57.618,staggered,8.3,375.1,147.3,47.3,1104.0,61.1,2400,0.0,0.0,15221,-612,52,discharging,None,None
21:04:58.122,staggered,8.3,363.2,147.3,59.2,1103.5,59.5,2400,0.0,0.0,15216,-625,52,discharging,None,None
21:04:58.630,staggered,8.3,363.2,147.0,29.7,1103.5,62.8,2400,0.0,0.0,15258,-573,52,discharging,None,None
21:04:59.134,staggered,8.3,363.6,147.0,77.3,1103.0,61.1,2400,0.0,0.0,15238,-567,52,discharging,None,None
21:04:59.637,staggered,8.3,363.6,147.0,0.0,1103.0,59.0,2400,0.0,0.0,15249,-631,52,discharging,None,None
21:05:00.148,staggered,8.3,363.6,147.0,63.9,1102.8,62.8,2400,0.0,0.0,15262,-525,52,discharging,None,None
21:05:00.651,staggered,8.3,607.3,444.2,68.8,1103.2,60.0,2400,0.0,0.0,15211,-648,52,discharging,None,None
21:05:01.155,staggered,8.3,607.3,444.2,0.0,1103.2,57.9,2400,0.0,0.0,15253,-652,52,discharging,None,None
21:05:01.667,staggered,8.3,607.3,444.2,75.6,1103.2,62.2,2400,0.0,0.0,15253,-506,52,discharging,None,None
21:05:02.171,staggered,8.3,632.6,406.0,51.7,1103.0,60.6,2400,0.0,0.0,15210,-652,52,discharging,None,None
21:05:02.674,staggered,8.3,632.6,406.0,0.0,1103.0,58.4,2400,0.0,0.0,15259,-607,52,discharging,None,None
21:05:03.183,staggered,8.3,361.5,406.0,92.5,1103.5,63.4,2400,0.0,0.0,15237,-511,52,discharging,None,None
21:05:03.686,staggered,8.3,361.5,164.0,15.3,1103.2,59.0,2400,0.0,0.0,15227,-633,52,discharging,None,None
21:05:04.195,staggered,8.3,361.5,164.0,62.7,1103.2,64.5,2400,0.0,0.0,15262,-570,52,discharging,None,None
21:05:04.698,staggered,8.3,364.2,147.7,44.8,1103.2,60.6,2400,0.0,0.0,15234,-572,52,discharging,None,None
21:05:05.207,staggered,8.3,364.2,147.7,32.0,1103.0,62.2,2400,0.0,0.0,15251,-613,52,discharging,None,None
21:05:05.710,staggered,8.3,362.6,147.7,42.9,1103.0,59.0,2400,0.0,0.0,15215,-631,52,discharging,None,None
21:05:06.223,staggered,8.3,362.6,151.6,34.8,1103.2,59.0,2400,0.0,0.0,15249,-629,52,discharging,None,None
21:05:06.727,staggered,8.3,364.2,151.6,71.6,1103.2,60.0,1900,0.0,0.0,15225,-581,52,discharging,None,None
21:05:07.235,staggered,8.3,364.2,151.6,18.5,1103.9,59.5,1700,0.0,0.0,15252,-563,52,discharging,None,None
21:05:07.740,staggered,16.5,364.2,178.9,93.1,1103.9,63.9,2400,0.0,0.0,15234,-537,52,discharging,None,None
21:05:08.244,staggered,16.5,394.8,178.9,10.8,1103.7,59.5,2400,0.0,0.0,15229,-628,52,discharging,None,None
21:05:08.762,staggered,16.5,394.8,178.9,47.3,1103.9,62.2,2400,0.0,0.0,15258,-525,52,discharging,None,None
21:05:09.266,staggered,8.3,640.5,443.6,92.2,1103.0,62.2,2400,0.0,0.0,15208,-687,52,discharging,None,None
21:05:09.770,staggered,8.3,640.5,443.6,3.0,1103.0,59.0,2400,0.0,0.0,15245,-625,52,discharging,None,None
21:05:10.280,staggered,8.4,640.5,443.6,54.1,1103.0,62.2,2400,0.0,0.0,15235,-513,52,discharging,None,None
21:05:10.783,staggered,8.4,663.8,396.3,81.5,1103.2,60.6,2400,0.0,0.0,15210,-681,52,discharging,None,None
21:05:11.287,staggered,8.4,663.8,396.3,3.0,1104.1,59.5,2400,0.0,0.0,15248,-612,52,discharging,None,None
21:05:11.799,staggered,8.4,663.8,396.3,64.4,1104.1,63.9,2400,0.0,0.0,15222,-545,52,discharging,None,None
21:05:12.302,staggered,8.4,587.9,366.3,70.3,1104.6,60.6,2400,0.0,0.0,15207,-697,52,discharging,None,None
21:05:12.806,staggered,8.3,587.9,366.3,2.5,1104.6,59.5,2400,0.0,0.0,15255,-602,52,discharging,None,None
21:05:13.309,staggered,8.3,406.7,366.3,83.1,1104.4,62.2,2400,0.0,0.0,15216,-597,52,discharging,None,None
21:05:13.813,staggered,8.3,406.7,173.3,37.5,1106.0,59.5,2400,0.0,0.0,15227,-663,52,discharging,None,None
21:05:14.320,staggered,8.3,406.7,173.3,50.5,1105.3,63.4,2400,0.0,0.0,15256,-621,52,discharging,None,None
21:05:14.824,staggered,8.3,399.2,173.3,57.0,1105.3,63.4,2400,0.0,0.0,15212,-597,52,discharging,None,None
21:05:15.331,staggered,8.3,399.2,161.7,24.0,1104.9,60.6,2400,0.0,0.0,15219,-650,52,discharging,None,None
21:05:15.835,staggered,8.3,403.1,161.7,71.4,1103.9,60.0,2400,0.0,0.0,15224,-583,52,discharging,None,None
21:05:16.339,staggered,8.3,403.1,159.4,35.8,1104.4,60.6,2400,0.0,0.0,15246,-590,52,discharging,None,None
21:05:16.847,staggered,8.3,403.1,159.4,73.8,1104.9,63.9,2400,0.0,0.0,15253,-575,52,discharging,None,None
21:05:17.350,staggered,8.4,399.4,159.4,11.9,1104.9,59.5,1900,0.0,0.0,15210,-651,52,discharging,None,None
21:05:17.859,staggered,8.4,399.4,190.7,74.1,1104.9,63.9,2400,0.0,0.0,15260,-556,52,discharging,None,None
21:05:18.363,staggered,8.4,403.1,190.7,48.8,1104.6,60.0,2400,0.0,0.0,15212,-610,52,discharging,None,None
21:05:18.875,staggered,8.3,403.1,190.7,18.6,1103.5,61.1,2400,0.0,0.0,15251,-574,52,discharging,None,None
21:05:19.379,staggered,8.3,403.1,400.8,100.0,1103.5,63.9,2400,0.0,0.0,15214,-609,52,discharging,None,None
21:05:19.883,staggered,7.9,584.8,400.8,22.3,1103.7,59.0,2400,0.0,0.0,15244,-676,52,discharging,None,None
21:05:20.392,staggered,7.9,584.8,400.8,24.4,1103.7,62.2,2400,0.0,0.0,15255,-520,52,discharging,None,None
21:05:20.900,staggered,7.9,584.8,400.8,100.0,1103.9,64.5,2400,0.0,0.0,15209,-621,52,discharging,None,None
21:05:21.403,staggered,8.3,760.3,491.6,30.0,1104.1,60.0,2400,0.0,0.0,15245,-709,52,discharging,None,None
21:05:21.915,staggered,8.3,760.3,491.6,17.7,1103.9,60.6,2400,0.0,0.0,15259,-528,52,discharging,None,None
21:05:22.426,staggered,8.3,760.3,491.6,100.0,1103.9,64.5,2400,0.0,0.0,15213,-609,52,discharging,None,None
21:05:22.930,staggered,8.3,605.4,384.7,24.1,1103.7,60.0,2400,0.0,0.0,15246,-686,52,discharging,None,None
21:05:23.436,staggered,8.4,605.4,384.7,41.7,1103.7,63.4,2400,0.0,0.0,15258,-534,52,discharging,None,None
21:05:23.939,staggered,8.4,403.1,171.7,77.4,1102.8,62.2,2400,0.0,0.0,15223,-626,52,discharging,None,None
21:05:24.447,staggered,8.4,403.1,171.7,2.5,1102.8,59.0,2400,0.0,0.0,15250,-631,52,discharging,None,None
21:05:24.951,staggered,8.3,411.1,171.7,82.7,1103.0,60.6,2400,0.0,0.0,15216,-604,52,discharging,None,None
21:05:25.455,staggered,8.3,411.1,173.9,37.0,1103.2,60.6,2400,0.0,0.0,15216,-655,52,discharging,None,None
21:05:25.963,staggered,8.3,411.1,173.9,61.5,1103.4,63.9,2400,0.0,0.0,15242,-571,52,discharging,None,None
21:05:26.469,staggered,8.3,407.3,173.9,27.6,1104.1,60.6,2400,0.0,0.0,15246,-592,52,discharging,None,None
21:05:26.977,staggered,8.3,407.3,163.8,54.7,1104.6,63.4,2400,0.0,0.0,15247,-595,52,discharging,None,None
21:05:27.481,staggered,8.3,414.6,163.8,62.2,1104.6,61.1,2400,0.0,0.0,15207,-655,52,discharging,None,None
21:05:27.988,staggered,8.3,414.6,163.8,35.6,1104.6,62.2,2400,0.0,0.0,15255,-593,52,discharging,None,None
21:05:28.492,staggered,8.3,401.4,191.6,86.5,1104.2,64.5,2400,0.0,0.0,15215,-581,52,discharging,None,None
21:05:28.995,staggered,8.3,401.4,191.6,2.0,1103.0,59.5,2400,0.0,0.0,15245,-641,52,discharging,None,None
21:05:29.503,staggered,8.3,401.4,191.6,60.4,1103.0,63.9,2400,0.0,0.0,15250,-543,52,discharging,None,None
21:05:30.007,staggered,8.3,562.3,363.1,71.0,1102.8,61.1,2400,0.0,0.0,15204,-672,52,discharging,None,None
21:05:30.510,staggered,8.3,562.3,363.1,2.0,1103.5,59.0,2400,0.0,0.0,15253,-629,52,discharging,None,None
21:05:31.040,staggered,8.4,562.3,363.1,56.8,1103.7,63.4,2400,0.0,0.0,15251,-474,52,discharging,None,None
21:05:31.545,staggered,8.4,562.3,614.2,100.0,1103.7,63.9,2400,0.0,0.0,15209,-648,52,discharging,None,None
21:05:32.048,staggered,7.9,789.3,614.2,9.0,1103.7,59.5,2400,0.0,0.0,15244,-698,52,discharging,None,None
21:05:32.556,staggered,7.9,789.3,614.2,38.4,1103.7,63.4,2400,0.0,0.0,15257,-519,52,discharging,None,None
21:05:33.060,staggered,8.3,675.8,415.3,99.0,1103.5,63.9,2400,0.0,0.0,15210,-613,52,discharging,None,None
21:05:33.563,staggered,8.3,675.8,415.3,2.0,1103.2,59.0,2400,0.0,0.0,15242,-685,52,discharging,None,None
21:05:34.071,staggered,8.3,675.8,415.3,44.8,1103.2,63.9,2400,0.0,0.0,15256,-514,52,discharging,None,None
21:05:34.575,staggered,8.3,471.8,248.0,80.7,1103.2,61.1,2400,0.0,0.0,15206,-631,52,discharging,None,None
21:05:35.078,staggered,8.3,471.8,248.0,1.5,1103.2,59.0,2400,0.0,0.0,15247,-661,52,discharging,None,None
21:05:35.583,staggered,8.3,394.7,248.0,82.0,1103.6,61.7,2400,0.0,0.0,15221,-569,52,discharging,None,None
21:05:36.086,staggered,8.3,394.7,157.1,35.7,1103.8,60.0,2400,0.0,0.0,15214,-649,52,discharging,None,None
21:05:36.595,staggered,8.3,394.7,157.1,55.7,1103.8,63.4,2400,0.0,0.0,15255,-576,52,discharging,None,None
21:05:37.100,staggered,8.3,399.6,157.1,44.3,1104.6,63.4,2400,0.0,0.0,15225,-590,52,discharging,None,None
21:05:37.604,staggered,8.3,399.6,172.7,39.3,1104.6,62.2,2400,0.0,0.0,15237,-630,52,discharging,None,None
21:05:38.108,staggered,8.3,389.2,172.7,64.5,1104.4,59.5,1700,0.0,0.0,15214,-644,52,discharging,None,None
21:05:38.612,staggered,8.3,389.2,175.3,39.0,1104.4,61.1,2400,0.0,0.0,15259,-570,52,discharging,None,None
21:05:39.119,staggered,8.3,409.0,175.3,80.7,1104.1,63.4,2400,0.0,0.0,15231,-540,52,discharging,None,None
21:05:39.623,staggered,8.3,409.0,175.3,3.5,1103.2,59.0,2400,0.0,0.0,15244,-637,52,discharging,None,None
21:05:40.128,staggered,8.3,409.0,207.5,72.0,1103.2,64.5,2400,0.0,0.0,15249,-574,52,discharging,None,None
21:05:40.631,staggered,8.3,446.0,207.5,51.7,1103.4,60.0,2400,0.0,0.0,15204,-660,52,discharging,None,None
21:05:41.135,staggered,8.3,446.0,207.5,2.0,1103.7,59.0,2400,0.0,0.0,15253,-610,52,discharging,None,None
21:05:41.647,staggered,8.3,446.0,207.5,94.1,1103.7,64.5,2400,0.0,0.0,15221,-524,52,discharging,None,None
21:05:42.151,staggered,8.3,709.6,484.0,49.0,1103.2,60.6,2400,0.0,0.0,15201,-698,52,discharging,None,None
21:05:42.654,staggered,8.3,709.6,484.0,1.5,1103.2,59.0,2400,0.0,0.0,15252,-611,52,discharging,None,None
21:05:43.171,staggered,8.4,709.6,484.0,71.4,1103.2,63.4,2400,0.0,0.0,15249,-472,52,discharging,None,None
21:05:43.674,staggered,8.4,862.9,399.8,76.1,1102.8,60.6,2400,0.0,0.0,15209,-650,52,discharging,None,None
21:05:44.178,staggered,7.9,862.9,399.8,2.0,1102.8,59.5,2400,0.0,0.0,15244,-662,52,discharging,None,None
21:05:44.691,staggered,7.9,862.9,399.8,68.5,1102.8,62.8,2400,0.0,0.0,15257,-514,52,discharging,None,None
21:05:45.194,staggered,8.3,667.2,432.5,66.8,1102.8,61.1,2400,0.0,0.0,15207,-652,52,discharging,None,None
21:05:45.698,staggered,8.3,667.2,432.5,1.5,1102.8,59.0,2400,0.0,0.0,15247,-651,52,discharging,None,None
21:05:46.214,staggered,8.3,667.2,432.5,78.8,1103.3,63.9,2400,0.0,0.0,15248,-512,52,discharging,None,None
21:05:46.718,staggered,8.2,607.3,387.4,59.5,1103.5,60.6,2400,0.0,0.0,15204,-671,52,discharging,None,None
21:05:47.228,staggered,8.2,607.3,387.4,3.0,1104.4,60.0,2400,0.0,0.0,15249,-642,52,discharging,None,None
21:05:47.736,staggered,8.4,395.3,387.4,88.3,1104.4,63.4,2400,0.0,0.0,15222,-542,52,discharging,None,None
21:05:48.240,staggered,8.4,395.3,158.7,26.4,1104.4,59.0,2400,0.0,0.0,15205,-650,52,discharging,None,None
21:05:48.748,staggered,8.3,395.3,158.7,67.5,1104.4,63.9,2400,0.0,0.0,15253,-578,52,discharging,None,None
21:05:49.251,staggered,8.3,407.9,157.8,53.3,1103.4,61.7,2400,0.0,0.0,15215,-579,52,discharging,None,None
21:05:49.759,staggered,8.3,407.9,157.8,28.0,1103.9,62.8,2400,0.0,0.0,15248,-625,52,discharging,None,None
21:05:50.263,staggered,8.3,398.4,157.8,55.7,1103.7,60.6,2400,0.0,0.0,15214,-631,52,discharging,None,None
21:05:50.767,staggered,8.3,398.4,169.2,37.8,1103.7,59.5,2400,0.0,0.0,15249,-612,52,discharging,None,None
21:05:51.270,staggered,8.3,395.9,169.2,82.2,1104.2,61.7,2400,0.0,0.0,15235,-576,52,discharging,None,None
21:05:51.775,staggered,8.3,395.9,169.2,2.5,1104.2,59.0,2400,0.0,0.0,15242,-630,52,discharging,None,None
21:05:52.283,staggered,8.3,395.9,167.3,87.1,1104.6,62.8,2400,0.0,0.0,15231,-596,52,discharging,None,None
21:05:52.787,staggered,8.3,398.8,167.3,31.5,1104.6,59.5,2400,0.0,0.0,15203,-651,52,discharging,None,None
21:05:53.296,staggered,8.3,398.8,167.3,31.9,1104.6,62.2,2400,0.0,0.0,15252,-590,52,discharging,None,None
21:05:53.799,staggered,8.3,558.7,375.2,99.0,1103.6,63.9,2400,0.0,0.0,15218,-559,52,discharging,None,None
21:05:54.303,staggered,8.3,558.7,375.2,2.0,1103.6,59.5,2400,0.0,0.0,15233,-676,52,discharging,None,None
21:05:55.173,staggered,8.3,558.7,454.3,69.3,1103.6,63.4,2400,0.0,0.0,15217,-580,52,discharging,None,None
21:05:55.676,staggered,8.3,769.1,454.3,38.0,1103.4,60.0,2400,0.0,0.0,15215,-704,52,discharging,None,None
21:05:56.184,staggered,8.3,769.1,454.3,9.9,1105.5,60.6,2400,0.0,0.0,15252,-562,52,discharging,None,None
21:05:56.695,staggered,6.7,769.1,454.3,100.0,1105.5,63.9,2400,0.0,0.0,15213,-568,52,discharging,None,None
21:05:57.198,staggered,6.7,690.9,452.9,35.3,1105.5,59.5,2400,0.0,0.0,15218,-693,52,discharging,None,None
21:05:57.707,staggered,8.4,690.9,452.9,14.9,1105.5,61.1,2400,0.0,0.0,15253,-562,52,discharging,None,None
21:05:58.211,staggered,8.4,396.8,179.9,100.0,1105.7,63.9,2400,0.0,0.0,15211,-579,52,discharging,None,None
21:05:58.715,staggered,8.3,396.8,179.9,6.0,1105.7,59.0,1900,0.0,0.0,15243,-652,52,discharging,None,None
21:05:59.224,staggered,8.3,396.8,179.9,76.6,1104.3,62.2,2400,0.0,0.0,15247,-549,52,discharging,None,None
21:05:59.728,staggered,8.3,410.2,161.7,44.4,1104.3,59.5,2400,0.0,0.0,15242,-608,52,discharging,None,None
21:06:00.236,staggered,8.3,410.2,161.7,38.9,1103.9,62.8,2400,0.0,0.0,15250,-588,52,discharging,None,None
21:06:00.739,staggered,8.3,395.1,161.7,45.8,1103.9,59.5,2400,0.0,0.0,15204,-611,52,discharging,None,None
21:06:01.248,staggered,8.3,395.1,175.4,38.6,1103.9,60.6,2400,0.0,0.0,15214,-654,52,discharging,None,None
21:06:01.752,staggered,8.3,392.9,175.4,81.0,1103.9,60.0,2400,0.0,0.0,15213,-612,52,discharging,None,None
21:06:02.260,staggered,8.3,392.9,175.4,22.7,1103.4,62.2,2400,0.0,0.0,15243,-590,52,discharging,None,None
21:06:02.765,staggered,8.3,392.9,163.5,79.7,1103.4,64.5,2400,0.0,0.0,15244,-577,52,discharging,None,None
21:06:03.268,staggered,8.3,398.0,163.5,18.5,1103.4,59.5,2400,0.0,0.0,15233,-652,52,discharging,None,None
21:06:03.780,staggered,8.4,398.0,163.5,52.2,1103.4,62.2,2400,0.0,0.0,15253,-565,52,discharging,None,None
21:06:04.283,staggered,8.4,491.8,275.4,73.3,1103.4,61.1,2400,0.0,0.0,15202,-637,52,discharging,None,None
21:06:04.787,staggered,8.3,491.8,275.4,3.0,1103.4,59.5,2400,0.0,0.0,15244,-657,52,discharging,None,None
21:06:05.299,staggered,8.3,491.8,275.4,72.3,1103.0,63.9,2400,0.0,0.0,15246,-512,52,discharging,None,None
21:06:05.802,staggered,8.3,743.8,507.0,77.9,1103.0,61.1,2400,0.0,0.0,15205,-661,52,discharging,None,None
21:06:06.306,staggered,8.3,743.8,507.0,2.5,1103.9,60.0,2400,0.0,0.0,15242,-662,52,discharging,None,None
21:06:06.822,staggered,8.3,743.8,507.0,67.8,1103.9,62.2,2400,0.0,0.0,15253,-515,52,discharging,None,None
21:06:07.326,staggered,8.2,841.6,613.2,80.5,1103.9,61.1,2400,0.0,0.0,15201,-658,52,discharging,None,None
21:06:07.829,staggered,8.2,841.6,613.2,2.5,1103.7,59.0,2400,0.0,0.0,15243,-668,52,discharging,None,None
21:06:08.336,staggered,8.2,841.6,613.2,44.3,1103.7,62.8,2400,0.0,0.0,15254,-480,52,discharging,None,None
21:06:08.840,staggered,7.6,418.8,198.6,77.0,1102.8,60.6,2400,0.0,0.0,15202,-605,52,discharging,None,None
21:06:09.352,staggered,7.6,418.8,198.6,5.4,1102.8,57.9,1600,0.0,0.0,15241,-653,52,discharging,None,None
21:06:09.855,staggered,8.3,416.6,198.6,82.2,1102.8,60.0,2400,0.0,0.0,15230,-554,52,discharging,None,None
21:06:10.359,staggered,8.3,416.6,169.2,38.1,1102.8,60.0,2400,0.0,0.0,15224,-632,52,discharging,None,None
21:06:10.867,staggered,8.3,416.6,169.2,62.2,1103.0,63.9,2400,0.0,0.0,15252,-580,52,discharging,None,None
21:06:11.372,staggered,8.3,395.0,169.2,38.7,1102.8,62.8,2400,0.0,0.0,15213,-592,52,discharging,None,None
21:06:11.883,staggered,8.3,395.0,163.0,44.9,1102.8,62.2,2400,0.0,0.0,15222,-636,52,discharging,None,None
21:06:12.386,staggered,8.3,406.7,163.0,58.9,1102.8,60.6,2400,0.0,0.0,15210,-634,52,discharging,None,None
21:06:12.890,staggered,8.3,406.7,163.2,36.8,1102.5,61.1,2400,0.0,0.0,15246,-593,52,discharging,None,None
21:06:13.393,staggered,8.3,396.2,163.2,81.6,1102.5,62.8,2400,0.0,0.0,15234,-574,52,discharging,None,None
21:06:13.897,staggered,8.3,396.2,163.2,2.5,1102.9,59.0,2400,0.0,0.0,15240,-651,52,discharging,None,None
21:06:14.408,staggered,8.3,396.2,195.3,77.2,1104.9,62.8,2400,0.0,0.0,15251,-571,52,discharging,None,None
21:06:14.911,staggered,8.3,442.5,195.3,44.1,1106.0,60.0,2400,0.0,0.0,15202,-657,52,discharging,None,None
21:06:15.418,staggered,8.3,442.5,195.3,4.5,1106.0,60.0,2400,0.0,0.0,15250,-621,52,discharging,None,None
21:06:15.931,staggered,8.3,442.5,522.9,100.0,1106.8,63.9,2400,0.0,0.0,15221,-511,52,discharging,None,None
21:06:16.434,staggered,8.3,714.5,522.9,42.8,1107.2,60.0,2400,0.0,0.0,15201,-699,52,discharging,None,None
21:06:16.943,staggered,8.4,714.5,522.9,5.9,1106.0,58.4,2400,0.0,0.0,15252,-530,52,discharging,None,None
21:06:17.455,staggered,8.4,714.5,522.9,100.0,1106.0,65.5,2400,0.0,0.0,15207,-607,52,discharging,None,None
21:06:17.958,staggered,8.4,673.6,441.1,35.0,1105.5,60.0,2400,0.0,0.0,15239,-689,52,discharging,None,None
21:06:18.468,staggered,8.3,673.6,441.1,15.5,1105.5,61.7,2400,0.0,0.0,15251,-520,52,discharging,None,None
21:06:18.973,staggered,8.3,418.9,441.1,100.0,1105.5,63.9,2400,0.0,0.0,15202,-623,52,discharging,None,None
21:06:19.476,staggered,8.3,418.9,200.2,14.9,1105.1,60.0,1900,0.0,0.0,15237,-664,52,discharging,None,None
21:06:19.983,staggered,8.3,418.9,200.2,73.5,1106.0,64.5,2400,0.0,0.0,15221,-562,52,discharging,None,None
21:06:20.487,staggered,7.9,411.6,168.0,49.3,1105.5,59.5,2400,0.0,0.0,15209,-632,52,discharging,None,None
21:06:20.995,staggered,7.9,411.6,168.0,33.3,1104.9,63.4,2400,0.0,0.0,15249,-578,52,discharging,None,None
21:06:21.498,staggered,7.9,405.8,168.0,52.0,1106.5,60.6,2400,0.0,0.0,15219,-593,52,discharging,None,None
21:06:22.002,staggered,8.3,405.8,161.8,36.3,1106.0,60.6,2400,0.0,0.0,15236,-625,52,discharging,None,None
21:06:22.505,staggered,8.3,397.0,161.8,82.3,1106.0,61.1,2400,0.0,0.0,15207,-645,52,discharging,None,None
21:06:23.012,staggered,8.4,397.0,161.8,21.8,1105.8,62.2,2400,0.0,0.0,15248,-596,52,discharging,None,None
21:06:23.516,staggered,8.4,397.0,164.0,72.6,1105.8,63.9,2400,0.0,0.0,15222,-577,52,discharging,None,None
21:06:24.020,staggered,8.4,392.7,164.0,26.2,1104.6,60.0,2400,0.0,0.0,15237,-645,52,discharging,None,None
21:06:24.528,staggered,8.3,392.7,194.6,51.0,1104.6,62.8,2400,0.0,0.0,15241,-573,52,discharging,None,None
21:06:25.032,staggered,8.3,436.4,194.6,70.1,1104.6,61.1,2400,0.0,0.0,15199,-655,52,discharging,None,None
21:06:25.535,staggered,8.3,436.4,194.6,2.5,1104.6,59.0,2400,0.0,0.0,15249,-598,52,discharging,None,None
21:06:26.047,staggered,8.3,436.4,194.6,75.5,1104.6,64.5,2400,0.0,0.0,15218,-531,52,discharging,None,None
21:06:26.550,staggered,8.3,660.5,430.9,59.4,1105.5,59.5,2400,0.0,0.0,15200,-676,52,discharging,None,None
21:06:27.054,staggered,8.3,660.5,430.9,2.5,1104.6,59.0,2400,0.0,0.0,15248,-583,52,discharging,None,None
21:06:27.567,staggered,8.3,660.5,430.9,86.8,1104.6,64.5,2400,0.0,0.0,15210,-554,52,discharging,None,None
21:06:28.070,staggered,8.2,713.7,457.3,58.1,1104.6,60.0,2400,0.0,0.0,15203,-696,52,discharging,None,None
21:06:28.574,staggered,8.2,713.7,457.3,2.5,1104.6,59.0,2400,0.0,0.0,15248,-580,52,discharging,None,None
21:06:29.087,staggered,8.4,713.7,457.3,88.1,1104.6,63.9,2400,0.0,0.0,15210,-561,52,discharging,None,None
21:06:29.591,staggered,8.4,486.1,282.7,37.7,1103.7,60.0,2400,0.0,0.0,15228,-666,52,discharging,None,None
21:06:30.099,staggered,8.3,486.1,282.7,34.7,1102.8,62.2,2400,0.0,0.0,15253,-543,52,discharging,None,None
21:06:30.604,staggered,8.3,419.0,282.7,82.0,1103.5,63.4,2400,0.0,0.0,15204,-583,52,discharging,None,None
21:06:31.107,staggered,8.3,419.0,161.3,5.5,1103.5,59.5,2400,0.0,0.0,15239,-634,52,discharging,None,None
21:06:31.705,staggered,8.3,419.0,161.3,94.1,1103.5,63.4,2400,0.0,0.0,15214,-605,52,discharging,None,None
21:06:32.208,staggered,8.3,575.8,174.1,43.5,1103.5,61.1,2400,0.0,0.0,15224,-693,52,discharging,None,None
21:06:32.716,staggered,8.3,575.8,174.1,40.7,1103.5,64.5,2400,0.0,0.0,15248,-581,52,discharging,None,None
21:06:33.227,staggered,6.7,407.0,174.1,52.0,1102.8,62.2,2400,0.0,0.0,15200,-596,52,discharging,None,None
21:06:33.740,staggered,6.7,407.0,163.6,30.2,1102.8,59.0,2400,0.0,0.0,15212,-655,52,discharging,None,None
21:06:34.243,staggered,8.3,407.3,163.6,81.0,1102.8,61.1,2400,0.0,0.0,15211,-597,52,discharging,None,None
21:06:34.747,staggered,8.3,407.3,171.1,37.4,1102.8,61.7,2400,0.0,0.0,15237,-592,52,discharging,None,None
21:06:35.255,staggered,8.3,407.3,171.1,62.7,1102.8,63.9,2400,0.0,0.0,15244,-580,52,discharging,None,None
21:06:35.758,staggered,8.3,402.2,171.1,21.3,1104.7,59.5,2400,0.0,0.0,15210,-654,52,discharging,None,None
21:06:36.268,staggered,8.3,402.2,159.6,59.3,1104.4,64.5,2400,0.0,0.0,15247,-601,52,discharging,None,None
21:06:36.772,staggered,8.3,398.7,159.6,58.3,1104.4,60.6,2400,0.0,0.0,15201,-641,52,discharging,None,None
21:06:37.275,staggered,8.3,398.7,159.6,2.0,1105.4,59.5,2400,0.0,0.0,15245,-623,52,discharging,None,None
21:06:37.783,staggered,8.3,398.7,419.7,98.5,1105.4,65.5,2400,0.0,0.0,15217,-529,52,discharging,None,None
21:06:38.286,staggered,8.3,601.0,419.7,36.9,1105.1,60.0,2400,0.0,0.0,15194,-680,52,discharging,None,None
21:06:38.796,staggered,8.4,601.0,419.7,10.6,1105.1,60.6,2400,0.0,0.0,15245,-602,52,discharging,None,None
21:06:39.304,staggered,8.4,601.0,419.7,100.0,1105.1,65.0,2400,0.0,0.0,15212,-536,52,discharging,None,None
21:06:39.807,staggered,8.4,733.7,490.4,38.0,1104.0,60.0,2400,0.0,0.0,15196,-707,52,discharging,None,None
21:06:40.316,staggered,8.4,733.7,490.4,7.6,1104.0,60.0,1600,0.0,0.0,15246,-608,52,discharging,None,None
21:06:40.827,staggered,8.4,733.7,490.4,100.0,1104.4,64.5,2400,0.0,0.0,15227,-505,52,discharging,None,None
21:06:41.330,staggered,8.3,555.2,316.6,22.5,1104.7,59.5,2400,0.0,0.0,15201,-646,52,discharging,None,None
21:06:41.839,staggered,8.3,555.2,316.6,40.5,1104.7,63.4,2400,0.0,0.0,15246,-579,52,discharging,None,None
21:06:42.342,staggered,8.3,407.3,170.9,79.8,1104.6,62.2,2400,0.0,0.0,15204,-589,52,discharging,None,None
21:06:42.848,staggered,8.3,407.3,170.9,1.5,1104.2,60.0,2400,0.0,0.0,15242,-656,52,discharging,None,None
21:06:43.352,staggered,8.3,407.3,170.9,82.8,1104.2,60.6,2400,0.0,0.0,15228,-580,52,discharging,None,None
21:06:43.856,staggered,8.3,407.3,317.2,53.5,1103.9,61.7,2400,0.0,0.0,15237,-617,52,discharging,None,None
21:06:44.361,staggered,8.3,407.3,317.2,62.4,1103.9,65.0,2400,0.0,0.0,15240,-606,52,discharging,None,None
21:06:44.864,staggered,8.0,395.2,317.2,21.6,1103.9,59.5,2400,0.0,0.0,15198,-652,52,discharging,None,None
21:06:45.372,staggered,8.0,395.2,165.5,59.9,1103.9,63.4,2400,0.0,0.0,15245,-607,52,discharging,None,None
21:06:45.876,staggered,8.0,394.9,165.5,57.9,1103.6,60.6,2400,0.0,0.0,15199,-621,52,discharging,None,None
21:06:46.384,staggered,8.3,394.9,165.5,4.0,1106.4,59.5,2400,0.0,0.0,15238,-635,52,discharging,None,None
21:06:46.895,staggered,8.3,394.9,364.0,100.0,1106.4,63.9,2400,0.0,0.0,15224,-539,52,discharging,None,None
21:06:47.398,staggered,8.3,563.9,364.0,27.7,1106.9,60.0,2400,0.0,0.0,15194,-677,52,discharging,None,None
21:06:47.907,staggered,8.3,563.9,364.0,19.8,1106.9,61.1,2400,0.0,0.0,15247,-517,52,discharging,None,None
21:06:48.415,staggered,8.3,563.9,468.0,100.0,1106.9,64.5,2400,0.0,0.0,15200,-625,52,discharging,None,None
21:06:48.919,staggered,8.3,719.5,468.0,27.7,1105.8,59.5,2400,0.0,0.0,15236,-695,52,discharging,None,None
21:06:49.427,staggered,8.3,719.5,468.0,19.6,1105.8,61.1,2400,0.0,0.0,15250,-516,52,discharging,None,None
21:06:49.931,staggered,8.2,719.5,468.0,100.0,1105.8,64.5,2400,0.0,0.0,15202,-625,52,discharging,None,None
21:06:50.435,staggered,8.2,615.3,412.7,22.5,1105.3,59.5,1900,0.0,0.0,15235,-687,52,discharging,None,None
21:06:50.943,staggered,8.5,615.3,412.7,40.0,1106.2,62.2,2400,0.0,0.0,15253,-513,52,discharging,None,None
21:06:51.446,staggered,8.5,402.7,161.6,80.4,1105.3,61.7,2400,0.0,0.0,15214,-617,52,discharging,None,None
21:06:51.951,staggered,8.5,402.7,161.6,2.0,1105.3,59.5,2400,0.0,0.0,15243,-619,52,discharging,None,None
21:06:52.455,staggered,8.3,399.6,161.6,82.2,1105.5,61.7,2400,0.0,0.0,15204,-601,52,discharging,None,None
21:06:52.958,staggered,8.3,399.6,157.3,35.2,1104.8,60.0,2400,0.0,0.0,15207,-649,52,discharging,None,None
21:06:53.467,staggered,8.3,399.6,157.3,62.5,1104.8,64.5,2400,0.0,0.0,15217,-580,52,discharging,None,None
21:06:53.971,staggered,8.3,399.2,157.3,27.2,1104.1,60.6,2400,0.0,0.0,15235,-591,52,discharging,None,None
21:06:54.475,staggered,8.3,399.2,169.0,55.2,1104.1,62.8,2400,0.0,0.0,15242,-578,52,discharging,None,None
21:06:54.979,staggered,8.3,399.4,169.0,58.2,1103.4,60.0,2400,0.0,0.0,15198,-652,52,discharging,None,None
21:06:55.486,staggered,8.3,399.4,157.5,34.5,1103.4,62.8,2400,0.0,0.0,15246,-608,52,discharging,None,None
21:06:56.090,staggered,8.3,399.4,157.5,90.1,1103.4,63.9,2400,0.0,0.0,15203,-615,52,discharging,None,None
21:06:56.594,staggered,8.3,570.8,157.5,11.5,1103.6,59.5,2400,0.0,0.0,15235,-676,52,discharging,None,None
21:06:57.103,staggered,8.3,570.8,167.8,71.1,1103.9,65.0,2400,0.0,0.0,15219,-584,52,discharging,None,None
21:06:57.607,staggered,6.7,395.2,167.8,47.5,1103.9,60.0,2400,0.0,0.0,15197,-652,52,discharging,None,None
21:06:58.115,staggered,6.7,395.2,167.8,16.4,1104.1,62.8,2400,0.0,0.0,15244,-592,52,discharging,None,None
21:06:58.619,staggered,8.2,395.2,344.3,100.0,1104.1,65.0,2400,0.0,0.0,15208,-564,52,discharging,None,None
21:06:59.122,staggered,8.2,553.3,344.3,17.3,1103.2,60.0,2400,0.0,0.0,15225,-677,52,discharging,None,None
21:06:59.635,staggered,8.4,553.3,344.3,32.4,1103.2,63.4,2400,0.0,0.0,15246,-551,52,discharging,None,None
21:07:00.139,staggered,8.4,553.3,464.3,100.0,1103.2,65.5,2400,0.0,0.0,15205,-590,52,discharging,None,None
21:07:00.644,staggered,8.4,718.2,464.3,16.3,1103.0,59.5,2400,0.0,0.0,15225,-701,52,discharging,None,None
21:07:01.152,staggered,8.4,718.2,464.3,31.7,1103.2,62.2,1800,0.0,0.0,15248,-544,52,discharging,None,None
21:07:01.660,staggered,8.4,718.2,400.5,100.0,1103.2,64.5,2400,0.0,0.0,15216,-541,52,discharging,None,None
21:07:02.164,staggered,8.3,676.4,400.5,10.0,1103.0,59.5,2400,0.0,0.0,15227,-647,52,discharging,None,None
21:07:02.672,staggered,8.3,676.4,400.5,40.6,1103.0,64.5,2400,0.0,0.0,15247,-539,52,discharging,None,None
21:07:03.175,staggered,8.3,418.3,199.1,79.7,1102.5,61.7,2400,0.0,0.0,15199,-604,52,discharging,None,None
21:07:03.679,staggered,8.3,418.3,199.1,2.0,1102.5,60.0,2400,0.0,0.0,15235,-657,52,discharging,None,None
21:07:04.182,staggered,8.3,395.2,199.1,82.2,1102.5,61.7,2400,0.0,0.0,15213,-578,52,discharging,None,None
21:07:04.686,staggered,8.3,395.2,160.1,36.8,1102.5,59.5,2400,0.0,0.0,15214,-650,52,discharging,None,None
21:07:05.193,staggered,8.3,395.2,160.1,61.2,1102.5,64.5,2400,0.0,0.0,15245,-578,52,discharging,None,None
21:07:05.703,staggered,8.4,397.0,160.1,39.7,1102.5,63.4,2400,0.0,0.0,15209,-589,52,discharging,None,None
21:07:06.208,staggered,8.4,397.0,159.4,43.6,1102.9,63.4,2400,0.0,0.0,15218,-634,52,discharging,None,None
21:07:06.711,staggered,8.4,396.8,159.4,58.9,1102.9,60.6,2400,0.0,0.0,15203,-636,52,discharging,None,None
21:07:07.215,staggered,8.3,396.8,168.2,36.8,1103.7,61.1,2400,0.0,0.0,15242,-590,52,discharging,None,None
21:07:07.719,staggered,8.3,395.4,168.2,82.2,1103.7,63.4,2400,0.0,0.0,15223,-576,52,discharging,None,None
21:07:08.222,staggered,8.3,395.4,168.2,11.0,1103.9,60.6,2400,0.0,0.0,15233,-653,52,discharging,None,None
21:07:08.731,staggered,8.3,395.4,213.4,76.1,1103.9,63.9,2400,0.0,0.0,15243,-584,52,discharging,None,None
21:07:09.236,staggered,7.9,467.4,213.4,48.8,1103.4,60.6,2400,0.0,0.0,15195,-674,52,discharging,None,None
21:07:09.739,staggered,7.9,467.4,213.4,3.4,1103.4,59.0,2400,0.0,0.0,15243,-623,52,discharging,None,None
21:07:10.251,staggered,7.9,467.4,491.9,97.5,1103.4,64.5,2400,0.0,0.0,15221,-514,52,discharging,None,None
21:07:10.754,staggered,8.3,710.0,491.9,46.0,1103.4,60.6,2400,0.0,0.0,15195,-697,52,discharging,None,None
21:07:11.258,staggered,8.3,710.0,491.9,2.5,1103.2,60.0,2400,0.0,0.0,15243,-625,52,discharging,None,None
21:07:11.774,staggered,8.4,710.0,491.9,99.0,1103.2,64.5,2400,0.0,0.0,15218,-516,52,discharging,None,None
21:07:12.277,staggered,8.4,698.3,390.5,43.5,1103.7,60.6,2400,0.0,0.0,15195,-690,52,discharging,None,None
21:07:12.788,staggered,8.4,698.3,390.5,6.4,1103.7,61.1,2400,0.0,0.0,15240,-624,52,discharging,None,None
21:07:13.292,staggered,8.3,698.3,390.5,100.0,1103.9,64.5,2400,0.0,0.0,15214,-540,52,discharging,None,None
21:07:13.796,staggered,8.3,538.9,329.1,22.3,1104.4,60.0,2400,0.0,0.0,15196,-684,52,discharging,None,None
21:07:14.304,staggered,8.4,538.9,329.1,41.9,1104.4,63.4,2400,0.0,0.0,15241,-601,52,discharging,None,None
21:07:14.807,staggered,8.4,408.2,162.4,79.4,1108.0,63.4,2400,0.0,0.0,15200,-601,52,discharging,None,None
21:07:15.313,staggered,8.3,408.2,162.4,3.4,1107.9,60.0,2400,0.0,0.0,15235,-663,52,discharging,None,None
21:07:15.817,staggered,8.3,397.8,162.4,81.2,1107.9,61.7,2400,0.0,0.0,15225,-577,52,discharging,None,None
21:07:16.321,staggered,8.3,397.8,174.8,38.8,1108.1,60.6,2400,0.0,0.0,15232,-611,52,discharging,None,None
21:07:16.828,staggered,8.3,397.8,174.8,64.0,1108.1,65.0,2400,0.0,0.0,15236,-588,52,discharging,None,None
21:07:17.332,staggered,8.3,398.6,174.8,23.8,1105.8,60.6,2400,0.0,0.0,15193,-636,52,discharging,None,None
21:07:17.840,staggered,8.3,398.6,158.8,59.3,1105.8,63.4,2400,0.0,0.0,15218,-652,52,discharging,None,None
21:07:18.343,staggered,8.3,398.2,158.8,57.0,1105.5,61.1,2400,0.0,0.0,15203,-655,52,discharging,None,None
21:07:18.851,staggered,8.3,398.2,160.3,34.8,1105.5,63.4,2400,0.0,0.0,15242,-606,52,discharging,None,None
21:07:19.355,staggered,8.3,400.9,160.3,83.7,1104.8,62.8,2400,0.0,0.0,15195,-640,52,discharging,None,None
21:07:19.858,staggered,8.3,400.9,160.3,2.5,1103.4,59.5,2400,0.0,0.0,15239,-620,52,discharging,None,None
21:07:20.372,staggered,8.3,400.9,319.5,65.4,1103.9,63.9,2400,0.0,0.0,15211,-530,52,discharging,None,None
21:07:20.876,staggered,8.3,405.7,319.5,79.3,1104.3,61.7,2400,0.0,0.0,15190,-694,52,discharging,None,None
21:07:21.379,staggered,8.3,405.7,319.5,2.5,1104.3,59.5,1600,0.0,0.0,15241,-610,52,discharging,None,None
21:07:21.887,staggered,7.3,405.7,319.5,66.3,1104.3,63.9,2400,0.0,0.0,15229,-481,52,discharging,None,None
21:07:22.391,staggered,7.3,691.8,411.2,74.3,1105.5,60.6,2400,0.0,0.0,15191,-658,52,discharging,None,None
21:07:22.894,staggered,8.3,691.8,411.2,3.0,1104.8,59.5,2400,0.0,0.0,15241,-611,52,discharging,None,None
21:07:23.407,staggered,8.3,691.8,411.2,70.6,1104.8,63.9,2400,0.0,0.0,15209,-524,52,discharging,None,None
21:07:23.911,staggered,8.3,706.6,463.7,72.4,1104.8,61.7,2400,0.0,0.0,15193,-694,52,discharging,None,None
21:07:24.415,staggered,8.3,706.6,463.7,2.5,1104.8,59.5,2400,0.0,0.0,15241,-609,52,discharging,None,None
21:07:24.930,staggered,8.3,706.6,463.7,73.4,1104.8,64.5,2400,0.0,0.0,15207,-533,52,discharging,None,None
21:07:25.434,staggered,8.3,555.3,345.7,55.2,1104.8,60.6,2400,0.0,0.0,15199,-670,52,discharging,None,None
21:07:25.943,staggered,8.3,555.3,345.7,6.5,1104.5,60.6,2400,0.0,0.0,15243,-575,52,discharging,None,None
21:07:26.448,staggered,8.3,398.2,345.7,88.8,1104.5,63.9,2400,0.0,0.0,15198,-588,52,discharging,None,None
21:07:26.951,staggered,8.3,398.2,160.7,24.4,1105.4,60.0,2400,0.0,0.0,15233,-653,52,discharging,None,None
21:07:27.459,staggered,8.3,398.2,160.7,69.2,1105.4,65.0,2400,0.0,0.0,15216,-582,52,discharging,None,None
21:07:27.962,staggered,8.3,396.0,159.4,49.0,1104.6,62.2,2400,0.0,0.0,15231,-620,52,discharging,None,None
21:07:28.471,staggered,8.3,396.0,159.4,33.3,1104.6,62.8,2400,0.0,0.0,15237,-582,52,discharging,None,None
21:07:28.974,staggered,8.3,407.5,159.4,52.7,1103.9,60.6,2400,0.0,0.0,15194,-626,52,discharging,None,None
21:07:29.478,staggered,8.3,407.5,179.0,39.7,1103.9,60.6,2400,0.0,0.0,15204,-649,52,discharging,None,None
21:07:29.982,staggered,8.3,399.7,179.0,83.6,1103.9,62.2,2400,0.0,0.0,15200,-627,52,discharging,None,None
21:07:30.491,staggered,8.3,399.7,179.0,3.0,1104.3,59.5,2400,0.0,0.0,15235,-594,52,discharging,None,None
21:07:30.999,staggered,8.3,399.7,163.7,89.6,1104.3,64.5,2400,0.0,0.0,15221,-576,52,discharging,None,None
21:07:31.502,staggered,8.3,398.6,163.7,28.1,1105.8,60.6,2400,0.0,0.0,15225,-653,52,discharging,None,None
21:07:32.015,staggered,8.3,398.6,163.7,33.2,1105.8,62.2,2400,0.0,0.0,15244,-545,52,discharging,None,None
21:07:32.690,staggered,8.3,398.6,163.7,100.0,1105.8,65.0,2400,0.0,0.0,15194,-683,52,discharging,None,None
21:07:33.194,staggered,8.3,796.3,847.0,10.8,1105.1,60.0,2400,0.0,0.0,15233,-658,52,discharging,None,None
21:07:33.703,staggered,8.3,796.3,847.0,37.5,1105.1,63.4,2400,0.0,0.0,15243,-511,52,discharging,None,None
21:07:34.206,staggered,6.7,414.9,195.7,81.3,1104.8,61.7,2400,0.0,0.0,15199,-655,52,discharging,None,None
21:07:34.710,staggered,6.7,414.9,195.7,3.0,1104.8,59.5,2400,0.0,0.0,15240,-620,52,discharging,None,None
21:07:35.213,staggered,8.3,395.6,195.7,82.3,1104.8,61.7,2400,0.0,0.0,15199,-586,52,discharging,None,None
21:07:35.717,staggered,8.3,395.6,166.2,37.5,1105.3,60.6,2400,0.0,0.0,15214,-654,52,discharging,None,None
21:07:36.224,staggered,8.3,395.6,166.2,59.6,1104.7,64.5,2400,0.0,0.0,15218,-581,52,discharging,None,None
21:07:36.728,staggered,8.3,395.5,166.2,36.6,1104.7,61.1,2400,0.0,0.0,15231,-591,52,discharging,None,None
21:07:37.236,staggered,8.3,395.5,163.5,45.3,1105.7,62.8,2400,0.0,0.0,15235,-580,52,discharging,None,None
21:07:37.740,staggered,8.3,395.1,163.5,60.0,1105.7,60.6,2400,0.0,0.0,15194,-652,52,discharging,None,None
21:07:38.243,staggered,8.3,395.1,164.0,36.1,1105.0,61.1,2400,0.0,0.0,15238,-628,52,discharging,None,None
21:07:38.747,staggered,8.3,394.7,164.0,82.0,1105.0,63.4,2400,0.0,0.0,15197,-625,52,discharging,None,None
21:07:39.250,staggered,8.3,394.7,164.0,2.5,1103.9,60.0,2400,0.0,0.0,15234,-612,52,discharging,None,None
21:07:39.759,staggered,8.3,394.7,264.2,72.1,1103.9,64.5,2400,0.0,0.0,15204,-555,52,discharging,None,None
21:07:40.263,staggered,8.3,484.2,264.2,52.9,1103.7,60.6,2400,0.0,0.0,15198,-666,52,discharging,None,None
21:07:40.766,staggered,8.3,484.2,264.2,3.9,1103.9,59.5,2400,0.0,0.0,15240,-577,52,discharging,None,None
21:07:41.276,staggered,8.3,484.2,264.2,93.1,1103.7,66.1,2400,0.0,0.0,15205,-564,52,discharging,None,None
21:07:41.779,staggered,8.3,734.7,519.6,56.0,1103.7,61.1,2400,0.0,0.0,15192,-708,52,discharging,None,None
21:07:42.283,staggered,8.4,734.7,519.6,3.0,1103.7,59.0,1600,0.0,0.0,15242,-575,52,discharging,None,None
21:07:42.795,staggered,8.4,734.7,519.6,88.8,1103.7,64.5,2400,0.0,0.0,15203,-525,52,discharging,None,None
21:07:43.298,staggered,8.4,751.9,506.5,64.9,1103.4,61.1,2400,0.0,0.0,15191,-690,52,discharging,None,None
21:07:43.802,staggered,8.3,751.9,506.5,1.5,1103.4,60.0,2400,0.0,0.0,15241,-596,52,discharging,None,None
21:07:44.311,staggered,8.3,399.1,506.5,82.8,1104.4,64.5,2400,0.0,0.0,15205,-547,52,discharging,None,None
21:07:44.814,staggered,8.3,399.1,180.5,44.3,1104.6,60.6,2400,0.0,0.0,15221,-664,52,discharging,None,None
21:07:45.323,staggered,8.3,399.1,180.5,45.0,1104.6,63.9,2400,0.0,0.0,15241,-587,52,discharging,None,None
21:07:45.828,staggered,7.9,411.3,180.5,70.3,1104.6,64.5,2400,0.0,0.0,15214,-604,52,discharging,None,None
21:07:46.335,staggered,7.9,411.3,170.6,11.5,1104.6,60.6,2400,0.0,0.0,15230,-628,52,discharging,None,None
21:07:46.838,staggered,7.9,403.1,170.6,76.7,1104.4,60.6,2400,0.0,0.0,15196,-643,52,discharging,None,None
21:07:47.342,staggered,8.3,403.1,162.5,36.0,1103.9,60.6,2400,0.0,0.0,15225,-649,52,discharging,None,None
21:07:47.851,staggered,8.3,403.1,162.5,67.3,1103.9,65.5,2400,0.0,0.0,15219,-578,52,discharging,None,None
21:07:48.355,staggered,8.3,394.5,162.5,16.3,1104.3,60.0,2400,0.0,0.0,15228,-596,52,discharging,None,None
21:07:48.863,staggered,8.3,394.5,160.0,65.5,1104.6,64.5,2400,0.0,0.0,15209,-582,52,discharging,None,None
21:07:49.366,staggered,8.3,403.1,160.0,52.7,1104.1,60.6,2400,0.0,0.0,15188,-654,52,discharging,None,None
21:07:49.875,staggered,8.3,403.1,160.0,22.1,1103.9,63.4,2400,0.0,0.0,15238,-591,52,discharging,None,None
21:07:50.379,staggered,8.3,455.0,212.0,98.5,1103.9,65.5,2400,0.0,0.0,15201,-601,52,discharging,None,None
21:07:50.882,staggered,8.3,455.0,212.0,3.5,1103.6,60.0,2400,0.0,0.0,15228,-662,52,discharging,None,None
21:07:51.395,staggered,8.3,455.0,212.0,45.6,1103.6,64.5,2400,0.0,0.0,15240,-518,52,discharging,None,None
21:07:51.899,staggered,8.3,704.4,497.3,97.0,1106.0,63.9,2400,0.0,0.0,15192,-639,52,discharging,None,None
21:07:52.402,staggered,8.3,704.4,497.3,1.5,1106.0,60.0,2400,0.0,0.0,15227,-679,52,discharging,None,None
21:07:52.915,staggered,8.3,704.4,497.3,47.8,1106.0,63.4,2400,0.0,0.0,15244,-500,52,discharging,None,None
21:07:53.418,staggered,8.3,710.4,457.6,96.6,1105.5,64.5,2400,0.0,0.0,15193,-618,52,discharging,None,None
21:07:53.922,staggered,8.3,710.4,457.6,1.5,1105.5,60.0,2400,0.0,0.0,15228,-671,52,discharging,None,None
21:07:54.432,staggered,8.3,710.4,457.6,49.0,1105.5,64.5,2400,0.0,0.0,15240,-513,52,discharging,None,None
21:07:54.936,staggered,8.3,487.3,263.9,76.0,1105.3,61.7,2400,0.0,0.0,15191,-642,52,discharging,None,None
21:07:55.439,staggered,8.4,487.3,263.9,2.0,1105.3,59.5,2400,0.0,0.0,15234,-646,52,discharging,None,None
21:07:55.943,staggered,8.4,391.5,263.9,81.7,1104.2,62.2,2400,0.0,0.0,15202,-567,52,discharging,None,None
21:07:56.446,staggered,8.4,391.5,171.3,37.8,1104.2,60.0,2400,0.0,0.0,15191,-654,52,discharging,None,None
21:07:56.956,staggered,8.3,391.5,171.3,36.0,1105.2,62.8,2400,0.0,0.0,15236,-558,52,discharging,None,None
21:07:57.465,staggered,8.3,410.1,171.3,74.5,1105.2,63.4,2400,0.0,0.0,15190,-605,52,discharging,None,None
21:07:57.968,staggered,7.9,410.1,167.3,18.4,1105.1,59.5,2400,0.0,0.0,15227,-658,52,discharging,None,None
21:07:58.472,staggered,7.9,395.4,167.3,81.5,1105.1,62.2,2400,0.0,0.0,15204,-592,52,discharging,None,None
21:07:58.976,staggered,7.9,395.4,175.9,37.5,1103.9,62.2,2400,0.0,0.0,15228,-602,52,discharging,None,None
21:07:59.484,staggered,8.3,395.4,175.9,51.5,1103.9,64.5,2400,0.0,0.0,15231,-581,52,discharging,None,None
21:07:59.987,staggered,8.3,402.7,175.9,31.3,1103.6,60.6,2400,0.0,0.0,15203,-647,52,discharging,None,None
21:08:00.496,staggered,8.3,402.7,158.4,48.5,1103.6,62.2,2400,0.0,0.0,15222,-634,52,discharging,None,None
21:08:01.000,staggered,8.3,400.8,158.4,68.3,1104.1,61.1,2400,0.0,0.0,15196,-637,52,discharging,None,None
21:08:01.508,staggered,8.3,400.8,158.4,8.4,1104.1,61.1,2400,0.0,0.0,15233,-596,52,discharging,None,None
21:08:02.012,staggered,8.3,400.8,215.2,100.0,1104.1,65.5,2400,0.0,0.0,15202,-566,52,discharging,None,None
21:08:02.517,staggered,8.3,438.7,215.2,16.0,1103.6,60.6,2400,0.0,0.0,15217,-662,52,discharging,None,None
21:08:03.036,staggered,8.4,438.7,215.2,32.0,1103.4,62.8,2400,0.0,0.0,15238,-551,52,discharging,None,None
21:08:03.541,staggered,8.4,438.7,482.1,100.0,1103.4,65.5,2400,0.0,0.0,15199,-583,52,discharging,None,None
21:08:04.045,staggered,8.3,715.8,482.1,14.0,1103.4,59.5,2400,0.0,0.0,15219,-695,52,discharging,None,None
21:08:04.552,staggered,8.3,715.8,482.1,31.8,1103.4,63.4,2400,0.0,0.0,15240,-549,52,discharging,None,None
21:08:05.060,staggered,8.3,715.8,487.9,100.0,1103.4,65.5,2400,0.0,0.0,15200,-587,52,discharging,None,None
21:08:05.563,staggered,8.3,748.2,487.9,18.1,1103.2,60.0,2400,0.0,0.0,15205,-708,52,discharging,None,None
21:08:06.072,staggered,8.3,748.2,487.9,27.2,1103.3,62.2,2400,0.0,0.0,15238,-558,52,discharging,None,None
21:08:06.576,staggered,8.3,563.5,487.9,99.5,1103.3,65.5,2400,0.0,0.0,15199,-577,52,discharging,None,None
21:08:07.080,staggered,8.3,563.5,341.9,11.0,1104.4,60.6,2400,0.0,0.0,15215,-684,52,discharging,None,None
21:08:07.588,staggered,8.3,563.5,341.9,57.6,1104.8,65.0,2400,0.0,0.0,15238,-553,52,discharging,None,None
21:08:08.091,staggered,8.3,363.1,151.3,49.7,1104.6,62.2,2400,0.0,0.0,15201,-585,52,discharging,None,None
21:08:08.599,staggered,8.3,363.1,151.3,26.0,1104.6,62.8,2400,0.0,0.0,15227,-625,52,discharging,None,None
21:08:09.103,staggered,8.3,363.4,151.3,48.8,1103.6,60.6,2400,0.0,0.0,15195,-625,52,discharging,None,None
21:08:09.606,staggered,8.3,363.4,151.0,32.5,1103.6,60.0,2400,0.0,0.0,15220,-634,52,discharging,None,None
21:08:10.110,staggered,8.3,360.2,151.0,74.8,1103.6,61.1,2400,0.0,0.0,15210,-574,52,discharging,None,None
21:08:10.619,staggered,8.3,360.2,151.0,20.4,1103.6,62.8,2400,0.0,0.0,15228,-575,52,discharging,None,None
21:08:11.124,staggered,8.3,360.2,151.4,77.7,1103.6,63.9,2400,0.0,0.0,15218,-570,51,discharging,None,None
21:08:11.627,staggered,8.3,361.4,151.4,8.5,1103.6,59.5,2400,0.0,0.0,15210,-634,51,discharging,None,None
21:08:12.145,staggered,8.3,361.4,283.5,53.7,1103.2,63.9,2400,0.0,0.0,15239,-555,51,discharging,None,None
21:08:12.649,staggered,8.3,485.1,283.5,61.5,1103.4,60.6,2400,0.0,0.0,15192,-614,51,discharging,None,None
21:08:13.152,staggered,8.3,485.1,283.5,0.0,1102.9,59.0,1500,0.0,0.0,15230,-651,51,discharging,None,None
21:08:13.672,staggered,8.3,485.1,323.9,83.7,1102.9,63.4,2400,0.0,0.0,15243,-483,51,discharging,None,None
21:08:14.176,staggered,8.3,578.5,323.9,32.5,1102.9,60.0,2400,0.0,0.0,15190,-623,51,discharging,None,None
21:08:14.684,staggered,8.3,578.5,323.9,13.8,1102.9,62.2,2400,0.0,0.0,15237,-604,51,discharging,None,None
21:08:15.192,staggered,8.3,563.6,323.9,100.0,1102.9,63.9,2400,0.0,0.0,15202,-527,51,discharging,None,None
21:08:15.695,staggered,8.3,563.6,375.4,15.0,1102.7,59.5,2400,0.0,0.0,15190,-673,51,discharging,None,None
21:08:16.203,staggered,8.3,563.6,375.4,43.8,1102.9,63.9,2400,0.0,0.0,15236,-573,51,discharging,None,None
21:08:16.706,staggered,8.3,367.2,149.6,63.5,1103.2,61.1,2400,0.0,0.0,15193,-574,51,discharging,None,None
21:08:17.215,staggered,8.3,367.2,149.6,12.5,1103.2,61.7,2400,0.0,0.0,15233,-634,51,discharging,None,None
21:08:17.719,staggered,8.3,361.7,149.6,61.8,1103.2,60.6,2400,0.0,0.0,15205,-580,51,discharging,None,None
21:08:18.222,staggered,8.3,361.7,147.8,33.2,1104.1,59.5,2400,0.0,0.0,15228,-607,51,discharging,None,None
21:08:18.726,staggered,8.3,368.8,147.8,76.1,1104.1,62.8,2400,0.0,0.0,15234,-560,51,discharging,None,None
21:08:19.235,staggered,8.3,368.8,147.8,14.6,1103.7,62.2,2400,0.0,0.0,15219,-592,51,discharging,None,None
21:08:19.740,staggered,8.3,368.8,150.7,67.6,1103.7,63.9,2400,0.0,0.0,15200,-606,51,discharging,None,None
21:08:20.243,staggered,8.3,363.0,150.7,24.3,1103.4,59.5,2400,0.0,0.0,15188,-634,51,discharging,None,None
21:08:20.751,staggered,8.3,363.0,159.1,48.5,1103.8,62.2,2400,0.0,0.0,15236,-575,51,discharging,None,None
21:08:21.255,staggered,8.3,389.3,159.1,59.2,1103.9,60.0,2400,0.0,0.0,15199,-582,51,discharging,None,None
21:08:21.758,staggered,8.3,389.3,159.1,0.0,1103.9,59.0,2400,0.0,0.0,15227,-635,51,discharging,None,None
21:08:22.270,staggered,8.3,389.3,159.1,85.8,1103.7,65.0,2400,0.0,0.0,15240,-551,51,discharging,None,None
21:08:22.774,staggered,8.3,705.6,518.9,56.4,1103.7,60.6,2400,0.0,0.0,15185,-699,51,discharging,None,None
21:08:23.278,staggered,8.3,705.6,518.9,0.0,1103.2,59.0,2400,0.0,0.0,15236,-576,51,discharging,None,None
21:08:23.788,staggered,8.3,705.6,518.9,87.8,1103.2,63.4,2400,0.0,0.0,15204,-543,51,discharging,None,None
21:08:24.291,staggered,8.3,624.5,429.0,48.3,1104.1,60.6,2400,0.0,0.0,15199,-672,51,discharging,None,None
21:08:24.800,staggered,8.3,624.5,429.0,5.5,1104.1,60.6,2400,0.0,0.0,15237,-558,51,discharging,None,None
21:08:25.305,staggered,8.3,366.5,429.0,86.3,1103.8,63.4,2400,0.0,0.0,15189,-574,51,discharging,None,None
21:08:25.809,staggered,8.3,366.5,152.2,14.9,1103.6,60.0,2400,0.0,0.0,15228,-634,51,discharging,None,None
21:08:26.315,staggered,8.3,361.7,152.2,74.8,1104.0,63.4,2400,0.0,0.0,15200,-589,51,discharging,None,None
21:08:26.818,staggered,8.3,361.7,150.9,32.3,1104.8,60.6,2400,0.0,0.0,15223,-622,51,discharging,None,None
21:08:27.327,staggered,8.3,361.7,150.9,45.3,1104.3,63.4,2400,0.0,0.0,15236,-569,51,discharging,None,None
21:08:27.830,staggered,8.3,365.1,150.9,29.6,1104.1,60.0,2400,0.0,0.0,15224,-585,51,discharging,None,None
21:08:28.343,staggered,8.3,365.1,150.9,47.3,1104.1,62.2,2400,0.0,0.0,15201,-596,51,discharging,None,None
21:08:28.846,staggered,8.3,379.3,150.9,61.8,1105.9,59.5,2400,0.0,0.0,15195,-623,51,discharging,None,None
21:08:29.355,staggered,8.3,379.3,150.9,15.9,1105.2,62.8,2400,0.0,0.0,15237,-564,51,discharging,None,None
21:08:29.859,staggered,8.3,364.2,151.8,91.1,1104.8,62.8,2400,0.0,0.0,15193,-593,51,discharging,None,None
21:08:30.362,staggered,8.3,364.2,151.8,0.0,1104.8,59.0,2400,0.0,0.0,15228,-634,51,discharging,None,None
21:08:30.875,staggered,8.3,364.2,151.8,52.2,1105.1,63.9,2400,0.0,0.0,15238,-506,51,discharging,None,None
21:08:31.378,staggered,8.3,561.5,321.1,61.3,1104.8,60.6,2400,0.0,0.0,15183,-643,51,discharging,None,None
21:08:31.882,staggered,8.3,561.5,321.1,0.0,1104.4,59.0,2400,0.0,0.0,15235,-606,51,discharging,None,None
21:08:32.395,staggered,8.3,561.5,321.1,83.3,1104.4,64.5,2400,0.0,0.0,15200,-527,51,discharging,None,None
21:08:32.898,staggered,8.3,698.6,474.0,57.1,1104.0,60.6,2400,0.0,0.0,15184,-692,51,discharging,None,None
21:08:33.402,staggered,8.3,698.6,474.0,0.0,1104.0,59.0,2400,0.0,0.0,15234,-593,51,discharging,None,None
21:08:33.913,staggered,8.3,413.2,474.0,87.2,1103.8,63.9,2400,0.0,0.0,15200,-519,51,discharging,None,None
21:08:34.417,staggered,8.3,413.2,197.8,25.6,1104.0,59.5,2400,0.0,0.0,15215,-631,51,discharging,None,None
21:08:34.924,staggered,8.3,413.2,197.8,48.5,1104.1,63.9,2400,0.0,0.0,15236,-562,51,discharging,None,None
21:08:35.428,staggered,8.3,362.9,151.6,58.9,1104.0,61.7,2400,0.0,0.0,15210,-583,51,discharging,None,None
21:08:35.936,staggered,8.3,362.9,151.6,18.7,1103.9,62.2,2400,0.0,0.0,15228,-611,51,discharging,None,None
21:08:36.440,staggered,8.3,367.5,151.6,56.9,1105.1,60.0,2400,0.0,0.0,15189,-624,51,discharging,None,None
21:08:36.943,staggered,8.3,367.5,151.3,32.8,1104.8,60.0,2400,0.0,0.0,15218,-634,51,discharging,None,None
21:08:37.447,staggered,8.3,363.7,151.3,74.8,1104.8,61.7,2400,0.0,0.0,15198,-585,51,discharging,None,None
21:08:37.955,staggered,8.3,363.7,151.3,4.0,1104.8,60.0,2400,0.0,0.0,15225,-575,51,discharging,None,None
21:08:38.459,staggered,8.3,363.7,151.5,83.3,1104.8,65.0,2400,0.0,0.0,15215,-568,51,discharging,None,None
21:08:38.963,staggered,8.3,361.7,151.5,18.5,1104.6,59.5,1500,0.0,0.0,15216,-633,51,discharging,None,None
21:08:39.472,staggered,8.3,361.7,151.5,37.9,1104.6,61.7,2400,0.0,0.0,15242,-521,51,discharging,None,None
21:08:39.976,staggered,8.3,607.1,439.4,97.0,1104.4,63.4,2400,0.0,0.0,15190,-579,51,discharging,None,None
21:08:40.479,staggered,8.3,607.1,439.4,0.0,1104.4,59.0,2400,0.0,0.0,15224,-673,51,discharging,None,None
21:08:40.991,staggered,8.3,607.1,439.4,48.0,1105.3,63.4,2400,0.0,0.0,15237,-513,51,discharging,None,None
21:08:41.494,staggered,8.3,685.2,466.2,90.6,1104.9,62.2,2400,0.0,0.0,15188,-631,51,discharging,None,None
21:08:41.998,staggered,8.3,685.2,466.2,0.5,1104.2,59.5,2400,0.0,0.0,15224,-676,51,discharging,None,None
21:08:42.507,staggered,8.3,685.2,466.2,53.7,1104.2,63.9,2400,0.0,0.0,15238,-506,51,discharging,None,None
21:08:43.011,staggered,8.3,386.9,178.8,55.4,1103.9,60.0,2400,0.0,0.0,15190,-636,51,discharging,None,None
21:08:43.519,staggered,8.3,386.9,178.8,18.5,1103.9,62.8,2400,0.0,0.0,15235,-617,51,discharging,None,None
21:08:44.023,staggered,8.3,363.0,178.8,66.7,1103.7,62.8,2400,0.0,0.0,15191,-575,51,discharging,None,None
21:08:44.527,staggered,8.3,363.0,151.4,21.9,1103.7,59.5,1900,0.0,0.0,15210,-634,51,discharging,None,None
21:08:45.030,staggered,8.3,366.5,151.4,76.1,1103.5,61.7,2400,0.0,0.0,15210,-563,51,discharging,None,None
21:08:45.534,staggered,8.3,366.5,151.2,32.3,1104.4,60.6,2400,0.0,0.0,15224,-564,51,discharging,None,None
21:08:46.043,staggered,8.3,366.5,151.2,57.2,1104.4,64.5,2400,0.0,0.0,15226,-568,51,discharging,None,None
21:08:46.546,staggered,8.3,364.4,151.2,17.7,1104.5,59.5,2400,0.0,0.0,15207,-633,51,discharging,None,None
21:08:47.055,staggered,8.3,364.4,151.2,59.3,1104.6,63.9,2400,0.0,0.0,15226,-608,51,discharging,None,None
21:08:47.559,staggered,8.3,362.7,151.2,48.5,1105.8,60.0,2400,0.0,0.0,15186,-633,51,discharging,None,None
21:08:48.067,staggered,8.3,362.7,151.2,7.5,1105.8,61.1,2400,0.0,0.0,15234,-579,51,discharging,None,None
21:08:48.572,staggered,8.3,362.7,335.1,100.0,1105.8,65.0,2400,0.0,0.0,15198,-538,51,discharging,None,None
21:08:49.075,staggered,8.3,531.8,335.1,11.4,1105.1,59.5,2400,0.0,0.0,15212,-655,51,discharging,None,None
21:08:49.584,staggered,8.3,531.8,335.1,33.3,1105.5,62.2,2400,0.0,0.0,15236,-546,51,discharging,None,None
21:08:50.088,staggered,8.3,676.9,442.4,100.0,1105.5,64.5,2400,0.0,0.0,15202,-569,51,discharging,None,None
21:08:50.592,staggered,8.3,676.9,442.4,5.4,1104.8,59.5,2400,0.0,0.0,15221,-669,51,discharging,None,None
21:08:51.100,staggered,8.3,676.9,442.4,41.4,1107.9,63.4,2400,0.0,0.0,15235,-528,51,discharging,None,None
21:08:51.604,staggered,8.3,482.0,287.4,80.1,1107.9,61.7,2400,0.0,0.0,15187,-602,51,discharging,None,None
21:08:52.108,staggered,8.3,482.0,287.4,0.0,1107.2,59.5,2400,0.0,0.0,15223,-658,51,discharging,None,None
21:08:52.611,staggered,44.0,402.7,287.4,82.2,1107.2,62.2,2400,0.0,0.0,15219,-550,51,discharging,None,None
21:08:53.115,staggered,44.0,402.7,162.6,36.5,1105.3,60.6,2400,0.0,0.0,15208,-647,51,discharging,None,None
21:08:53.623,staggered,44.0,402.7,162.6,48.5,1105.3,63.9,2400,0.0,0.0,15233,-589,51,discharging,None,None
21:08:54.127,staggered,8.3,575.6,162.6,64.5,1105.1,61.7,2400,0.0,0.0,15186,-613,51,discharging,None,None
21:08:54.631,staggered,8.3,575.6,176.2,25.4,1105.8,60.0,2400,0.0,0.0,15194,-679,51,discharging,None,None
21:08:55.139,staggered,7.6,575.6,176.2,74.9,1105.8,63.9,2400,0.0,0.0,15233,-531,51,discharging,None,None
21:08:55.642,staggered,7.6,419.6,158.7,46.8,1105.5,61.7,2400,0.0,0.0,15208,-585,51,discharging,None,None
21:08:56.151,staggered,7.6,419.6,158.7,34.7,1105.5,63.9,2400,0.0,0.0,15228,-622,51,discharging,None,None
21:08:56.654,staggered,8.2,414.9,158.7,50.7,1106.7,60.0,2400,0.0,0.0,15191,-651,51,discharging,None,None
21:08:57.158,staggered,8.2,414.9,171.3,37.0,1106.2,59.5,2400,0.0,0.0,15233,-626,51,discharging,None,None
21:08:57.662,staggered,8.4,406.7,171.3,82.6,1106.2,61.7,2400,0.0,0.0,15209,-574,51,discharging,None,None
21:08:58.174,staggered,8.4,406.7,171.3,2.5,1106.2,60.0,2400,0.0,0.0,15221,-623,51,discharging,None,None
21:08:58.678,staggered,8.4,406.7,164.0,88.2,1106.2,64.5,2400,0.0,0.0,15201,-585,51,discharging,None,None
21:08:59.182,staggered,8.4,399.3,164.0,28.0,1105.0,60.0,2400,0.0,0.0,15181,-653,51,discharging,None,None
21:08:59.695,staggered,8.4,399.3,164.0,34.0,1105.0,63.4,2400,0.0,0.0,15230,-542,51,discharging,None,None
21:09:00.201,staggered,8.2,570.2,367.5,98.0,1105.1,64.5,2400,0.0,0.0,15198,-668,51,discharging,None,None
21:09:00.705,staggered,8.2,570.2,367.5,2.0,1105.1,59.5,2400,0.0,0.0,15213,-636,51,discharging,None,None
21:09:01.215,staggered,8.4,570.2,367.5,48.3,1105.1,63.4,2400,0.0,0.0,15217,-512,51,discharging,None,None
21:09:01.726,staggered,8.4,570.2,619.2,100.0,1105.1,63.9,2400,0.0,0.0,15187,-679,51,discharging,None,None
21:09:02.230,staggered,8.4,786.7,619.2,13.2,1104.4,60.0,2400,0.0,0.0,15223,-654,51,discharging,None,None
21:09:02.735,staggered,8.4,786.7,619.2,35.5,1104.4,62.8,2400,0.0,0.0,15233,-513,51,discharging,None,None
21:09:03.239,staggered,8.4,474.5,250.9,89.6,1104.5,62.2,2400,0.0,0.0,15187,-660,51,discharging,None,None
21:09:03.742,staggered,8.3,474.5,250.9,2.0,1104.7,59.5,2400,0.0,0.0,15229,-627,51,discharging,None,None
21:09:04.248,staggered,8.3,391.5,250.9,80.6,1104.7,63.9,2400,0.0,0.0,15192,-571,51,discharging,None,None
21:09:04.752,staggered,8.3,391.5,167.5,37.3,1104.7,60.0,2400,0.0,0.0,15198,-651,51,discharging,None,None
21:09:05.261,staggered,8.3,391.5,167.5,46.8,1104.1,63.9,2400,0.0,0.0,15217,-576,51,discharging,None,None
21:09:05.766,staggered,8.3,398.8,167.5,42.8,1106.5,61.7,2400,0.0,0.0,15222,-590,51,discharging,None,None
21:09:06.276,staggered,8.3,398.8,330.9,49.0,1107.5,60.6,2400,0.0,0.0,15220,-611,51,discharging,None,None
21:09:06.780,staggered,8.3,403.1,330.9,73.8,1109.3,61.1,2400,0.0,0.0,15183,-667,51,discharging,None,None
21:09:07.287,staggered,8.0,403.1,330.9,4.5,1111.2,60.0,2400,0.0,0.0,15230,-592,51,discharging,None,None
21:09:07.792,staggered,8.0,403.1,169.4,100.0,1113.1,65.0,2400,0.0,0.0,15191,-598,51,discharging,None,None
21:09:08.296,staggered,8.3,411.0,169.4,15.3,1111.6,60.0,2400,0.0,0.0,15221,-655,51,discharging,None,None
21:09:08.804,staggered,8.3,411.0,169.4,33.7,1111.0,62.8,2400,0.0,0.0,15233,-518,51,discharging,None,None
21:09:09.307,staggered,8.3,665.4,403.3,100.0,1111.0,65.0,2400,0.0,0.0,15186,-642,51,discharging,None,None
21:09:09.811,staggered,8.3,665.4,403.3,5.0,1110.6,60.0,2400,0.0,0.0,15222,-662,51,discharging,None,None
21:09:10.323,staggered,8.3,665.4,403.3,42.9,1109.8,62.8,2400,0.0,0.0,15238,-495,51,discharging,None,None
21:09:10.831,staggered,8.3,665.4,403.3,100.0,1110.1,64.5,2400,0.0,0.0,15185,-625,51,discharging,None,None
21:09:11.335,staggered,8.3,815.6,648.7,24.8,1109.2,59.5,2400,0.0,0.0,15220,-688,51,discharging,None,None
21:09:11.843,staggered,8.3,815.6,648.7,23.9,1109.2,62.8,2400,0.0,0.0,15231,-517,51,discharging,None,None
21:09:12.347,staggered,8.3,492.1,245.4,99.5,1109.2,63.9,2400,0.0,0.0,15181,-623,51,discharging,None,None
21:09:12.851,staggered,8.3,492.1,245.4,4.0,1108.1,60.0,2400,0.0,0.0,15219,-665,51,discharging,None,None
21:09:13.359,staggered,8.3,492.1,245.4,67.2,1112.1,65.0,2400,0.0,0.0,15201,-567,51,discharging,None,None
21:09:13.862,staggered,8.3,398.7,159.0,51.5,1112.2,60.6,2400,0.0,0.0,15194,-668,51,discharging,None,None
21:09:14.371,staggered,8.3,398.7,159.0,30.5,1112.2,62.8,2400,0.0,0.0,15228,-600,51,discharging,None,None
21:09:14.874,staggered,8.3,397.4,159.0,53.2,1112.0,60.0,2400,0.0,0.0,15181,-609,51,discharging,None,None
21:09:15.378,staggered,8.3,397.4,170.4,36.7,1113.0,60.0,2400,0.0,0.0,15206,-663,51,discharging,None,None
21:09:15.882,staggered,8.4,397.3,170.4,82.6,1111.1,62.2,2400,0.0,0.0,15188,-640,51,discharging,None,None
21:09:16.388,staggered,8.4,397.3,170.4,24.4,1119.8,62.8,2400,0.0,0.0,15225,-594,51,discharging,None,None
21:09:16.893,staggered,8.3,397.3,159.2,67.5,1119.0,63.9,2400,0.0,0.0,15214,-575,51,discharging,None,None
21:09:17.396,staggered,8.3,395.2,159.2,28.0,1118.7,60.0,2400,0.0,0.0,15219,-653,51,discharging,None,None
21:09:17.902,staggered,8.3,395.2,163.8,53.5,1116.8,63.4,2400,0.0,0.0,15224,-590,51,discharging,None,None
21:09:18.405,staggered,8.3,535.7,163.8,91.5,1116.4,62.8,2400,0.0,0.0,15188,-657,51,discharging,None,None
21:09:18.909,staggered,8.3,535.7,163.8,2.5,1115.6,60.0,2400,0.0,0.0,15221,-644,51,discharging,None,None
21:09:19.416,staggered,7.6,535.7,207.3,82.7,1115.6,63.9,2400,0.0,0.0,15193,-568,51,discharging,None,None
21:09:19.920,staggered,7.6,433.1,207.3,38.1,1113.7,60.6,2400,0.0,0.0,15199,-661,51,discharging,None,None
21:09:20.427,staggered,7.6,433.1,207.3,10.4,1113.7,60.0,1800,0.0,0.0,15229,-562,51,discharging,None,None
21:09:20.932,staggered,8.2,433.1,470.5,100.0,1113.2,63.9,2400,0.0,0.0,15194,-554,51,discharging,None,None
21:09:21.435,staggered,8.2,698.3,470.5,34.5,1111.7,60.0,2400,0.0,0.0,15204,-671,51,discharging,None,None
21:09:21.943,staggered,8.5,698.3,470.5,13.9,1110.3,61.1,2400,0.0,0.0,15230,-552,51,discharging,None,None
21:09:22.454,staggered,8.5,698.3,359.3,100.0,1110.3,64.5,2400,0.0,0.0,15188,-586,51,discharging,None,None
21:09:22.959,staggered,8.3,620.4,359.3,14.9,1109.0,59.5,2400,0.0,0.0,15218,-668,51,discharging,None,None
21:09:23.467,staggered,8.3,620.4,359.3,32.8,1109.0,63.4,2400,0.0,0.0,15229,-520,51,discharging,None,None
21:09:23.970,staggered,8.3,518.7,304.3,98.0,1108.1,64.5,2400,0.0,0.0,15181,-622,51,discharging,None,None
21:09:24.474,staggered,8.3,518.7,304.3,2.5,1108.6,59.5,2400,0.0,0.0,15218,-677,51,discharging,None,None
21:09:24.982,staggered,8.3,518.7,304.3,70.8,1108.2,65.0,2400,0.0,0.0,15211,-558,51,discharging,None,None
21:09:25.486,staggered,8.3,407.8,161.6,49.3,1108.6,60.6,2400,0.0,0.0,15201,-653,51,discharging,None,None
21:09:25.995,staggered,8.3,407.8,161.6,31.2,1108.0,62.8,2400,0.0,0.0,15227,-590,51,discharging,None,None
21:09:26.498,staggered,8.3,410.9,161.6,53.4,1108.0,60.6,2400,0.0,0.0,15180,-597,51,discharging,None,None
21:09:27.002,staggered,8.3,410.9,163.0,36.9,1107.1,59.5,2400,0.0,0.0,15196,-656,51,discharging,None,None
21:09:27.506,staggered,8.3,407.3,163.0,83.5,1107.1,61.1,2400,0.0,0.0,15188,-603,51,discharging,None,None
21:09:28.016,staggered,8.3,407.3,163.0,29.9,1106.7,62.8,2400,0.0,0.0,15220,-593,51,discharging,None,None
21:09:28.520,staggered,8.3,407.3,175.4,62.6,1106.4,63.9,2400,0.0,0.0,15225,-580,51,discharging,None,None
21:09:29.023,staggered,8.3,406.9,175.4,31.5,1105.6,60.0,2400,0.0,0.0,15198,-657,51,discharging,None,None
21:09:29.531,staggered,8.3,406.9,159.1,49.5,1106.1,63.9,2400,0.0,0.0,15228,-600,51,discharging,None,None
21:09:30.035,staggered,8.3,397.8,159.1,68.7,1105.4,60.6,2400,0.0,0.0,15180,-645,51,discharging,None,None
21:09:30.539,staggered,8.3,397.8,159.1,10.9,1105.4,60.0,2400,0.0,0.0,15220,-634,51,discharging,None,None
21:09:31.051,staggered,8.3,397.8,159.1,87.2,1106.6,63.4,2400,0.0,0.0,15208,-523,51,discharging,None,None
21:09:31.554,staggered,7.9,636.8,467.9,53.9,1106.4,60.0,2400,0.0,0.0,15175,-677,51,discharging,None,None
21:09:32.058,staggered,7.9,636.8,467.9,2.5,1106.0,60.0,2400,0.0,0.0,15226,-614,51,discharging,None,None
21:09:32.566,staggered,8.3,636.8,467.9,92.5,1106.0,65.0,2400,0.0,0.0,15193,-529,51,discharging,None,None
21:09:33.070,staggered,8.3,731.1,598.3,65.0,1105.1,60.6,2400,0.0,0.0,15178,-708,51,discharging,None,None
21:09:33.574,staggered,8.3,731.1,598.3,2.5,1105.1,60.0,2400,0.0,0.0,15224,-627,51,discharging,None,None
21:09:34.082,staggered,8.3,398.8,598.3,83.5,1105.0,62.8,2400,0.0,0.0,15197,-536,51,discharging,None,None
21:09:34.585,staggered,8.3,398.8,161.8,35.8,1105.0,60.6,2400,0.0,0.0,15180,-654,51,discharging,None,None
21:09:35.093,staggered,8.3,398.8,161.8,54.0,1105.6,65.0,2400,0.0,0.0,15226,-580,51,discharging,None,None
21:09:35.599,staggered,8.3,395.8,158.1,62.0,1105.6,63.4,2400,0.0,0.0,15191,-590,51,discharging,None,None
21:09:36.104,staggered,8.3,395.8,158.1,20.4,1105.1,61.7,2400,0.0,0.0,15221,-638,51,discharging,None,None
21:09:36.608,staggered,8.3,397.2,158.1,67.2,1105.5,61.1,2400,0.0,0.0,15187,-635,51,discharging,None,None
21:09:37.111,staggered,8.3,397.2,164.1,36.8,1105.8,61.1,2400,0.0,0.0,15223,-622,51,discharging,None,None
21:09:37.615,staggered,8.3,397.6,164.1,78.6,1105.8,64.5,2400,0.0,0.0,15208,-577,51,discharging,None,None
21:09:38.119,staggered,8.3,397.6,164.1,6.0,1105.3,59.5,2400,0.0,0.0,15216,-622,51,discharging,None,None
21:09:38.627,staggered,8.3,397.6,165.9,76.1,1105.3,63.9,2400,0.0,0.0,15194,-595,51,discharging,None,None
21:09:39.130,staggered,8.3,393.2,165.9,42.4,1104.6,60.6,2400,0.0,0.0,15177,-655,51,discharging,None,None
21:09:39.642,staggered,8.3,393.2,165.9,23.6,1104.6,63.4,2400,0.0,0.0,15226,-593,51,discharging,None,None
21:09:40.147,staggered,8.3,393.2,335.6,100.0,1104.6,65.5,2400,0.0,0.0,15191,-569,51,discharging,None,None
21:09:40.651,staggered,8.3,550.6,335.6,9.4,1104.4,60.0,2400,0.0,0.0,15212,-678,51,discharging,None,None
21:09:41.167,staggered,8.4,550.6,335.6,40.5,1104.2,62.8,2400,0.0,0.0,15228,-542,51,discharging,None,None
21:09:41.670,staggered,8.4,689.0,428.5,99.5,1104.2,64.5,2400,0.0,0.0,15187,-573,51,discharging,None,None
21:09:42.299,staggered,8.4,689.0,428.5,9.1,1104.4,60.0,2400,0.0,0.0,15225,-629,51,discharging,None,None
21:09:42.808,staggered,8.4,689.0,428.5,70.3,1104.4,63.9,2400,0.0,0.0,15202,-529,51,discharging,None,None
21:09:43.312,staggered,8.4,662.5,459.0,72.3,1104.4,61.1,2400,0.0,0.0,15177,-703,51,discharging,None,None
21:09:43.815,staggered,7.9,662.5,459.0,2.5,1104.2,60.0,2400,0.0,0.0,15226,-618,51,discharging,None,None
21:09:44.321,staggered,7.9,394.3,459.0,79.5,1104.2,63.9,2400,0.0,0.0,15192,-536,51,discharging,None,None
21:09:44.826,staggered,8.3,394.3,163.6,39.5,1103.5,59.0,2400,0.0,0.0,15190,-653,51,discharging,None,None
21:09:45.335,staggered,8.3,394.3,163.6,44.0,1103.7,64.5,2400,0.0,0.0,15226,-580,51,discharging,None,None
21:09:45.839,staggered,8.3,393.1,163.6,61.8,1109.5,63.4,2400,0.0,0.0,15192,-592,51,discharging,None,None
21:09:46.344,staggered,8.3,393.1,159.1,20.5,1110.0,62.2,2400,0.0,0.0,15219,-630,51,discharging,None,None
21:09:46.847,staggered,8.3,398.5,159.1,75.2,1110.0,61.1,2400,0.0,0.0,15182,-648,51,discharging,None,None
21:09:47.351,staggered,8.4,398.5,171.6,38.3,1110.0,61.1,2400,0.0,0.0,15224,-633,51,discharging,None,None
21:09:47.859,staggered,8.4,398.5,171.6,69.8,1110.0,65.0,2400,0.0,0.0,15204,-581,51,discharging,None,None
21:09:48.362,staggered,8.3,399.2,171.6,14.8,1109.5,60.6,2400,0.0,0.0,15215,-616,51,discharging,None,None
21:09:48.871,staggered,8.3,399.2,158.6,67.2,1109.1,64.5,2400,0.0,0.0,15188,-583,51,discharging,None,None
21:09:49.374,staggered,8.3,393.9,158.6,50.7,1108.5,61.7,2400,0.0,0.0,15174,-654,51,discharging,None,None
21:09:49.884,staggered,8.3,393.9,158.6,13.5,1109.4,61.7,2400,0.0,0.0,15224,-591,51,discharging,None,None
21:09:50.388,staggered,8.3,393.9,320.2,100.0,1109.4,65.5,2400,0.0,0.0,15189,-579,51,discharging,None,None
21:09:50.891,staggered,8.3,529.1,320.2,13.9,1108.9,60.0,2400,0.0,0.0,15214,-669,51,discharging,None,None
21:09:51.399,staggered,8.3,529.1,320.2,33.5,1109.8,61.7,2400,0.0,0.0,15227,-524,51,discharging,None,None
21:09:51.904,staggered,8.2,529.1,511.1,100.0,1109.8,64.5,2400,0.0,0.0,15183,-592,51,discharging,None,None
21:09:52.407,staggered,8.2,770.7,511.1,24.8,1108.1,61.7,2400,0.0,0.0,15206,-700,51,discharging,None,None
21:09:52.915,staggered,8.2,770.7,511.1,22.6,1108.0,62.8,2400,0.0,0.0,15227,-543,51,discharging,None,None
21:09:53.426,staggered,8.4,770.7,511.1,100.0,1108.0,65.5,2400,0.0,0.0,15183,-597,51,discharging,None,None
21:09:53.929,staggered,8.4,663.7,438.9,19.5,1107.0,60.0,2400,0.0,0.0,15209,-694,51,discharging,None,None
21:09:54.436,staggered,8.3,663.7,438.9,21.4,1107.0,61.7,2400,0.0,0.0,15226,-537,51,discharging,None,None
21:09:54.946,staggered,8.3,663.7,438.9,100.0,1107.0,65.0,2400,0.0,0.0,15183,-583,51,discharging,None,None
21:09:55.450,staggered,8.3,579.4,353.6,25.0,1106.5,60.6,2400,0.0,0.0,15197,-692,51,discharging,None,None
21:09:55.956,staggered,7.9,579.4,353.6,40.6,1106.8,63.9,2400,0.0,0.0,15225,-550,51,discharging,None,None
21:09:56.459,staggered,7.9,396.3,163.3,78.5,1107.0,62.2,2400,0.0,0.0,15176,-595,51,discharging,None,None
21:09:56.968,staggered,8.3,396.3,163.3,3.5,1108.3,59.0,2400,0.0,0.0,15213,-654,51,discharging,None,None
21:09:57.472,staggered,8.3,398.2,163.3,80.0,1108.6,61.1,2400,0.0,0.0,15187,-612,51,discharging,None,None
21:09:57.976,staggered,8.3,398.2,168.3,37.8,1107.7,60.6,2400,0.0,0.0,15207,-649,51,discharging,None,None
21:09:58.484,staggered,8.3,398.2,168.3,65.7,1107.7,65.0,2400,0.0,0.0,15225,-580,51,discharging,None,None
21:09:58.988,staggered,8.3,394.6,168.3,22.4,1106.3,60.6,2400,0.0,0.0,15205,-599,51,discharging,None,None
21:09:59.493,staggered,8.3,394.6,163.2,62.1,1106.3,62.8,2400,0.0,0.0,15191,-615,51,discharging,None,None
21:09:59.997,staggered,8.3,395.2,163.2,55.0,1105.6,60.0,2400,0.0,0.0,15178,-654,51,discharging,None,None
21:10:00.503,staggered,8.4,395.2,157.3,34.0,1105.8,62.8,2400,0.0,0.0,15225,-594,51,discharging,None,None
21:10:01.007,staggered,8.4,400.0,157.3,84.4,1104.9,62.8,2400,0.0,0.0,15189,-588,51,discharging,None,None
21:10:01.510,staggered,8.3,400.0,157.3,2.5,1104.9,59.5,1900,0.0,0.0,15215,-654,51,discharging,None,None
21:10:02.023,staggered,8.3,400.0,157.3,62.7,1105.8,63.9,2400,0.0,0.0,15232,-509,51,discharging,None,None
21:10:02.526,staggered,8.3,657.0,497.2,80.1,1105.4,62.2,2400,0.0,0.0,15176,-626,51,discharging,None,None
21:10:03.030,staggered,8.3,657.0,497.2,2.0,1104.9,60.0,2400,0.0,0.0,15212,-672,51,discharging,None,None
21:10:03.543,staggered,8.3,657.0,497.2,65.3,1104.9,63.4,2400,0.0,0.0,15226,-518,51,discharging,None,None
21:10:04.047,staggered,8.3,714.5,456.2,78.8,1104.2,62.2,2400,0.0,0.0,15177,-654,51,discharging,None,None
21:10:04.551,staggered,8.3,714.5,456.2,1.5,1104.2,60.6,2400,0.0,0.0,15214,-671,51,discharging,None,None
21:10:05.061,staggered,8.3,714.5,456.2,67.0,1104.2,65.5,2400,0.0,0.0,15224,-513,51,discharging,None,None
21:10:05.565,staggered,8.2,482.9,252.1,53.9,1104.2,60.6,2400,0.0,0.0,15181,-655,51,discharging,None,None
21:10:06.073,staggered,8.2,482.9,252.1,14.4,1109.7,62.2,2400,0.0,0.0,15224,-629,51,discharging,None,None
21:10:06.578,staggered,8.4,482.9,252.1,100.0,1110.0,64.5,2400,0.0,0.0,15187,-554,51,discharging,None,None
21:10:07.082,staggered,8.4,640.6,243.2,42.7,1112.6,60.6,2400,0.0,0.0,15178,-712,51,discharging,None,None
21:10:07.595,staggered,8.4,640.6,243.2,28.6,1112.6,63.4,2400,0.0,0.0,15224,-598,51,discharging,None,None
21:10:08.100,staggered,7.5,414.3,243.2,81.3,1112.6,65.0,2400,0.0,0.0,15181,-582,51,discharging,None,None
21:10:08.603,staggered,7.5,414.3,160.8,11.1,1112.6,59.5,2400,0.0,0.0,15200,-658,51,discharging,None,None
21:10:09.107,staggered,8.3,402.3,160.8,83.1,1108.5,63.9,2400,0.0,0.0,15211,-574,51,discharging,None,None
21:10:09.610,staggered,8.3,402.3,163.0,36.3,1108.5,61.1,2400,0.0,0.0,15213,-596,51,discharging,None,None
21:10:10.120,staggered,8.3,402.3,163.0,50.2,1108.4,64.5,2400,0.0,0.0,15215,-595,51,discharging,None,None
21:10:10.623,staggered,8.3,416.1,163.0,35.5,1108.4,60.0,2400,0.0,0.0,15174,-655,51,discharging,None,None
21:10:11.131,staggered,8.3,416.1,171.6,46.3,1108.5,63.4,2400,0.0,0.0,15214,-650,51,discharging,None,None
21:10:11.634,staggered,8.3,390.6,171.6,71.8,1108.5,61.1,2400,0.0,0.0,15186,-602,51,discharging,None,None
21:10:12.143,staggered,8.3,390.6,171.6,15.2,1106.4,61.1,1900,0.0,0.0,15213,-598,51,discharging,None,None
21:10:12.647,staggered,8.3,390.6,174.5,97.1,1106.6,65.0,2400,0.0,0.0,15199,-552,51,discharging,None,None
21:10:13.151,staggered,8.3,398.2,174.5,10.0,1106.3,60.0,2400,0.0,0.0,15193,-629,51,discharging,None,None
21:10:13.660,staggered,8.3,398.2,174.5,43.1,1106.3,62.8,2400,0.0,0.0,15223,-566,51,discharging,None,None
21:10:14.164,staggered,8.3,593.6,368.3,84.6,1105.8,61.7,2400,0.0,0.0,15185,-583,51,discharging,None,None
21:10:14.667,staggered,8.3,593.6,368.3,1.5,1105.8,60.0,2400,0.0,0.0,15212,-667,51,discharging,None,None
21:10:15.179,staggered,8.4,593.6,368.3,61.6,1104.6,64.5,2400,0.0,0.0,15225,-524,51,discharging,None,None
21:10:15.682,staggered,8.4,726.4,482.7,86.1,1104.6,62.2,2400,0.0,0.0,15176,-617,51,discharging,None,None
21:10:16.186,staggered,8.3,726.4,482.7,1.5,1106.5,60.0,2400,0.0,0.0,15210,-700,51,discharging,None,None
21:10:16.692,staggered,8.3,726.4,482.7,59.6,1106.5,64.5,2400,0.0,0.0,15224,-522,51,discharging,None,None
21:10:17.195,staggered,8.3,551.5,346.3,74.0,1107.1,62.2,2400,0.0,0.0,15175,-619,51,discharging,None,None
21:10:17.699,staggered,8.3,551.5,346.3,2.0,1107.1,60.0,2400,0.0,0.0,15211,-680,51,discharging,None,None
21:10:18.202,staggered,8.3,393.5,346.3,81.3,1106.4,62.8,2400,0.0,0.0,15214,-587,51,discharging,None,None
21:10:18.707,staggered,8.3,393.5,158.1,44.5,1106.4,60.6,2400,0.0,0.0,15207,-664,51,discharging,None,None
21:10:19.215,staggered,8.3,393.5,158.1,54.7,1105.2,64.5,2400,0.0,0.0,15201,-591,51,discharging,None,None
21:10:19.719,staggered,7.9,400.0,158.1,52.2,1105.2,63.9,2400,0.0,0.0,15212,-608,51,discharging,None,None
21:10:20.231,staggered,7.9,400.0,157.3,30.0,1104.8,62.2,2400,0.0,0.0,15215,-582,51,discharging,None,None
21:10:20.735,staggered,7.9,404.1,157.3,66.0,1104.8,60.6,2400,0.0,0.0,15175,-637,51,discharging,None,None
21:10:21.238,staggered,8.4,404.1,170.9,37.9,1105.0,60.6,2400,0.0,0.0,15198,-651,51,discharging,None,None
21:10:21.747,staggered,8.4,403.5,170.9,78.1,1105.0,63.9,2400,0.0,0.0,15179,-622,51,discharging,None,None
21:10:22.250,staggered,8.3,403.5,170.9,6.4,1105.0,60.0,1900,0.0,0.0,15214,-593,51,discharging,None,None
21:10:22.759,staggered,8.3,403.5,176.8,77.9,1105.4,65.0,2400,0.0,0.0,15194,-561,51,discharging,None,None
21:10:23.262,staggered,8.3,401.1,176.8,43.1,1105.2,60.6,2400,0.0,0.0,15200,-641,51,discharging,None,None
21:10:23.771,staggered,8.3,401.1,176.8,12.5,1112.7,61.1,2400,0.0,0.0,15222,-553,51,discharging,None,None
21:10:24.275,staggered,8.3,401.1,342.3,100.0,1113.6,64.5,2400,0.0,0.0,15181,-604,51,discharging,None,None
21:10:24.779,staggered,8.3,599.6,342.3,20.8,1113.6,59.5,2400,0.0,0.0,15209,-675,51,discharging,None,None
21:10:25.291,staggered,8.3,599.6,342.3,27.1,1111.7,62.2,2400,0.0,0.0,15223,-519,51,discharging,None,None
21:10:25.795,staggered,8.2,599.6,523.2,100.0,1112.2,64.5,2400,0.0,0.0,15176,-629,51,discharging,None,None
21:10:26.298,staggered,8.2,763.7,523.2,30.3,1110.9,61.1,2400,0.0,0.0,15211,-709,51,discharging,None,None
21:10:26.809,staggered,8.2,763.7,523.2,17.4,1110.5,61.7,2400,0.0,0.0,15221,-528,51,discharging,None,None
21:10:27.318,staggered,8.4,763.7,523.2,100.0,1110.5,64.5,2400,0.0,0.0,15179,-611,51,discharging,None,None
21:10:27.822,staggered,8.4,683.3,479.8,34.0,1108.8,60.0,2400,0.0,0.0,15207,-710,51,discharging,None,None
21:10:28.331,staggered,8.4,683.3,479.8,25.9,1107.9,62.2,2400,0.0,0.0,15223,-538,51,discharging,None,None
21:10:28.834,staggered,8.4,395.4,163.8,90.5,1107.4,64.5,2400,0.0,0.0,15174,-607,51,discharging,None,None
21:10:29.338,staggered,8.3,395.4,163.8,5.0,1107.4,60.0,2400,0.0,0.0,15211,-653,51,discharging,None,None
21:10:29.841,staggered,8.3,395.2,163.8,81.6,1106.5,63.4,2400,0.0,0.0,15180,-605,51,discharging,None,None
21:10:30.345,staggered,8.3,395.2,158.9,36.0,1106.5,61.7,2400,0.0,0.0,15193,-652,51,discharging,None,None
21:10:30.852,staggered,8.3,395.2,158.9,47.8,1106.4,63.9,2400,0.0,0.0,15214,-566,51,discharging,None,None
21:10:31.356,staggered,8.3,398.1,158.9,45.3,1106.8,60.0,2400,0.0,0.0,15184,-604,51,discharging,None,None
21:10:31.862,staggered,7.9,398.1,159.0,37.1,1105.8,60.6,2400,0.0,0.0,15201,-633,51,discharging,None,None
21:10:32.366,staggered,7.9,398.2,159.0,81.7,1105.8,62.8,2400,0.0,0.0,15181,-642,51,discharging,None,None
21:10:32.875,staggered,7.9,398.2,159.0,26.4,1105.8,61.1,1900,0.0,0.0,15223,-580,51,discharging,None,None
21:10:33.379,staggered,8.3,398.2,176.7,77.2,1105.2,65.0,2400,0.0,0.0,15204,-548,51,discharging,None,None
21:10:33.882,staggered,8.3,400.0,176.7,20.9,1104.5,60.0,2400,0.0,0.0,15212,-639,51,discharging,None,None
21:10:34.399,staggered,8.3,400.0,217.7,53.2,1104.5,62.8,2400,0.0,0.0,15221,-572,51,discharging,None,None
21:10:34.902,staggered,8.3,453.5,217.7,68.0,1104.2,62.2,2400,0.0,0.0,15172,-662,51,discharging,None,None
21:10:35.406,staggered,8.4,453.5,217.7,2.0,1104.2,60.0,2400,0.0,0.0,15219,-620,51,discharging,None,None
21:10:35.918,staggered,8.4,453.5,217.7,78.9,1104.2,63.9,2400,0.0,0.0,15190,-519,51,discharging,None,None
21:10:36.422,staggered,8.4,758.2,536.4,73.8,1104.0,61.7,2400,0.0,0.0,15171,-706,51,discharging,None,None
21:10:36.926,staggered,8.3,758.2,536.4,3.0,1104.2,60.0,2400,0.0,0.0,15216,-634,51,discharging,None,None
21:10:37.437,staggered,8.3,758.2,536.4,71.1,1105.8,63.9,2400,0.0,0.0,15204,-515,51,discharging,None,None
21:10:37.941,staggered,8.3,719.4,458.2,74.4,1109.7,61.1,2400,0.0,0.0,15170,-690,51,discharging,None,None
21:10:38.445,staggered,8.3,719.4,458.2,3.0,1109.7,60.0,2400,0.0,0.0,15216,-635,51,discharging,None,None
21:10:38.952,staggered,8.3,719.4,458.2,71.3,1111.6,65.0,2400,0.0,0.0,15205,-514,51,discharging,None,None
21:10:39.455,staggered,8.3,487.6,263.2,54.5,1111.0,60.6,2400,0.0,0.0,15173,-665,51,discharging,None,None
21:10:39.963,staggered,8.3,487.6,263.2,16.4,1110.4,62.2,2400,0.0,0.0,15218,-603,51,discharging,None,None
21:10:40.468,staggered,8.4,403.2,263.2,80.3,1110.4,63.9,2400,0.0,0.0,15178,-589,51,discharging,None,None
21:10:40.972,staggered,8.4,403.2,162.9,23.5,1110.1,60.0,2400,0.0,0.0,15208,-655,51,discharging,None,None
21:10:41.480,staggered,8.3,403.2,162.9,78.0,1110.1,64.5,2400,0.0,0.0,15199,-577,51,discharging,None,None
21:10:41.984,staggered,8.3,411.2,162.8,42.3,1108.9,62.2,2400,0.0,0.0,15211,-604,51,discharging,None,None
21:10:42.491,staggered,8.3,411.2,162.8,38.6,1108.9,64.5,2400,0.0,0.0,15210,-585,51,discharging,None,None
21:10:42.994,staggered,8.3,582.1,162.8,70.8,1108.0,60.0,1900,0.0,0.0,15175,-672,51,discharging,None,None
21:10:43.498,staggered,8.3,582.1,167.4,37.0,1108.0,60.6,2400,0.0,0.0,15209,-674,51,discharging,None,None
21:10:44.007,staggered,7.3,582.1,167.4,63.0,1108.0,65.5,2400,0.0,0.0,15215,-538,51,discharging,None,None
21:10:44.511,staggered,7.3,408.1,167.4,24.0,1107.4,60.0,2400,0.0,0.0,15199,-598,51,discharging,None,None
21:10:45.015,staggered,7.3,408.1,175.3,59.2,1114.6,62.8,2400,0.0,0.0,15188,-615,51,discharging,None,None
21:10:45.519,staggered,8.2,403.4,175.3,59.6,1114.6,61.1,2400,0.0,0.0,15173,-653,51,discharging,None,None
21:10:46.027,staggered,8.2,403.4,175.3,31.2,1112.5,63.4,2400,0.0,0.0,15219,-592,51,discharging,None,None
21:10:46.531,staggered,8.3,403.4,163.6,87.3,1114.4,63.9,2400,0.0,0.0,15186,-582,51,discharging,None,None
21:10:47.034,staggered,8.3,403.4,163.6,2.5,1113.4,59.5,2400,0.0,0.0,15209,-654,51,discharging,None,None
21:10:47.556,staggered,8.4,403.4,163.6,61.0,1113.8,65.0,2400,0.0,0.0,15221,-539,51,discharging,None,None
21:10:48.060,staggered,8.4,621.0,418.9,77.2,1112.8,61.7,2400,0.0,0.0,15173,-651,51,discharging,None,None
21:10:48.564,staggered,8.4,621.0,418.9,3.0,1112.8,59.5,1600,0.0,0.0,15209,-659,51,discharging,None,None
21:10:49.072,staggered,8.3,621.0,418.9,69.1,1112.7,63.9,2400,0.0,0.0,15227,-478,51,discharging,None,None
21:10:49.576,staggered,8.3,741.2,475.8,81.5,1110.7,61.7,2400,0.0,0.0,15172,-624,51,discharging,None,None
21:10:50.079,staggered,8.4,741.2,475.8,3.5,1109.5,60.0,2400,0.0,0.0,15209,-675,51,discharging,None,None
21:10:50.590,staggered,8.4,741.2,475.8,63.5,1109.5,63.9,2400,0.0,0.0,15220,-516,51,discharging,None,None
21:10:51.094,staggered,8.4,648.1,427.8,78.3,1109.3,61.1,2400,0.0,0.0,15171,-650,51,discharging,None,None
21:10:51.597,staggered,8.3,648.1,427.8,2.5,1109.1,59.0,2400,0.0,0.0,15210,-670,51,discharging,None,None
21:10:52.104,staggered,8.3,648.1,427.8,77.3,1109.1,63.9,2400,0.0,0.0,15210,-531,51,discharging,None,None
21:10:52.608,staggered,8.3,407.4,159.8,41.3,1109.0,60.0,2400,0.0,0.0,15186,-655,51,discharging,None,None
21:10:53.116,staggered,8.3,407.4,159.8,39.2,1108.7,63.4,2400,0.0,0.0,15219,-606,51,discharging,None,None
21:10:53.620,staggered,8.2,411.1,159.8,64.9,1108.7,63.4,2400,0.0,0.0,15173,-594,51,discharging,None,None
21:10:54.124,staggered,8.2,411.1,173.2,19.9,1107.0,59.5,2400,0.0,0.0,15191,-658,51,discharging,None,None
21:10:54.628,staggered,8.2,402.6,173.2,83.7,1107.0,62.2,2400,0.0,0.0,15184,-592,51,discharging,None,None
21:10:55.132,staggered,8.4,402.6,171.7,46.3,1105.5,62.8,2400,0.0,0.0,15208,-604,51,discharging,None,None
21:10:55.640,staggered,8.4,402.6,171.7,60.1,1105.5,64.5,2400,0.0,0.0,15214,-594,51,discharging,None,None
21:10:56.143,staggered,7.9,396.2,171.7,23.9,1106.2,60.0,2400,0.0,0.0,15178,-659,51,discharging,None,None
21:10:56.651,staggered,7.9,396.2,158.9,57.8,1108.3,63.9,2400,0.0,0.0,15217,-608,51,discharging,None,None
21:10:57.154,staggered,7.9,399.5,158.9,60.8,1107.5,61.1,2400,0.0,0.0,15171,-636,51,discharging,None,None
21:10:57.658,staggered,8.3,399.5,158.9,2.5,1107.5,59.5,2400,0.0,0.0,15213,-627,51,discharging,None,None
21:10:58.167,staggered,8.3,399.5,421.0,99.5,1107.5,64.5,2400,0.0,0.0,15185,-537,51,discharging,None,None
21:10:58.670,staggered,8.3,598.5,421.0,39.2,1106.8,60.0,2400,0.0,0.0,15163,-689,51,discharging,None,None
21:10:59.179,staggered,8.3,598.5,421.0,7.5,1104.8,60.6,2400,0.0,0.0,15216,-611,51,discharging,None,None
21:10:59.683,staggered,8.2,598.5,421.0,99.5,1104.8,63.9,2400,0.0,0.0,15184,-528,51,discharging,None,None
21:11:00.186,staggered,8.2,705.1,441.7,36.3,1104.6,60.0,2400,0.0,0.0,15166,-695,51,discharging,None,None
21:11:00.695,staggered,8.2,705.1,441.7,11.9,1104.6,60.0,2400,0.0,0.0,15216,-606,51,discharging,None,None
21:11:01.207,staggered,8.4,705.1,441.7,100.0,1104.6,64.5,2400,0.0,0.0,15183,-537,51,discharging,None,None
21:11:01.710,staggered,8.4,615.4,398.2,29.6,1105.3,59.5,2400,0.0,0.0,15170,-691,51,discharging,None,None
21:11:02.219,staggered,8.4,615.4,398.2,32.7,1105.2,64.5,2400,0.0,0.0,15216,-592,51,discharging,None,None
21:11:02.723,staggered,8.4,399.3,161.5,85.3,1105.1,63.4,2400,0.0,0.0,15177,-577,51,discharging,None,None
21:11:03.226,staggered,8.3,399.3,161.5,3.0,1105.5,59.5,2400,0.0,0.0,15206,-654,51,discharging,None,None
21:11:03.730,staggered,8.3,399.2,161.5,81.5,1105.5,61.7,2400,0.0,0.0,15205,-574,51,discharging,None,None
21:11:04.233,staggered,8.3,399.2,191.2,41.5,1106.5,59.5,2400,0.0,0.0,15207,-598,51,discharging,None,None
21:11:04.740,staggered,8.3,399.2,191.2,56.4,1106.5,63.4,2400,0.0,0.0,15212,-580,51,discharging,None,None
21:11:05.243,staggered,8.3,394.1,191.2,28.1,1106.1,59.0,2400,0.0,0.0,15169,-632,51,discharging,None,None
21:11:05.752,staggered,8.3,394.1,158.4,55.4,1106.1,62.8,2400,0.0,0.0,15207,-648,51,discharging,None,None
21:11:06.256,staggered,8.3,403.7,158.4,63.4,1105.9,60.0,2400,0.0,0.0,15179,-607,51,discharging,None,None
21:11:06.764,staggered,8.3,403.7,158.4,25.6,1105.9,62.8,2400,0.0,0.0,15206,-596,51,discharging,None,None
21:11:07.269,staggered,8.3,403.7,164.0,71.6,1106.8,63.4,2400,0.0,0.0,15188,-554,51,discharging,None,None
21:11:07.772,staggered,8.3,407.1,164.0,32.8,1106.8,59.5,2400,0.0,0.0,15168,-667,51,discharging,None,None
21:11:08.280,staggered,7.9,407.1,163.4,49.5,1105.8,62.8,2400,0.0,0.0,15215,-596,51,discharging,None,None
21:11:08.783,staggered,7.9,391.1,163.4,68.6,1105.8,61.1,2400,0.0,0.0,15177,-592,51,discharging,None,None
21:11:09.287,staggered,8.3,391.1,163.4,7.2,1105.6,59.0,1600,0.0,0.0,15206,-652,51,discharging,None,None
21:11:09.799,staggered,8.3,391.1,384.0,83.8,1105.8,63.9,2400,0.0,0.0,15225,-497,51,discharging,None,None
21:11:10.302,staggered,8.3,608.4,384.0,47.5,1105.6,59.5,2400,0.0,0.0,15167,-624,51,discharging,None,None
21:11:10.806,staggered,8.3,608.4,384.0,1.5,1106.3,58.4,2400,0.0,0.0,15210,-644,51,discharging,None,None
21:11:11.316,staggered,8.3,608.4,384.0,97.1,1105.9,63.9,2400,0.0,0.0,15206,-510,51,discharging,None,None
21:11:11.819,staggered,8.3,763.0,514.3,55.5,1105.4,60.6,2400,0.0,0.0,15168,-676,51,discharging,None,None
21:11:12.323,staggered,8.3,763.0,514.3,1.5,1105.4,59.0,2400,0.0,0.0,15208,-569,51,discharging,None,None
21:11:12.834,staggered,8.3,763.0,514.3,88.2,1105.4,63.9,2400,0.0,0.0,15177,-567,51,discharging,None,None
21:11:13.338,staggered,8.2,691.2,429.7,58.1,1104.5,59.5,2400,0.0,0.0,15172,-700,51,discharging,None,None
21:11:13.842,staggered,8.2,691.2,429.7,1.5,1104.5,59.5,2400,0.0,0.0,15215,-571,51,discharging,None,None
21:11:14.352,staggered,8.4,400.3,429.7,90.1,1104.4,63.4,2400,0.0,0.0,15172,-584,51,discharging,None,None
21:11:14.855,staggered,8.4,400.3,172.4,29.4,1104.7,59.5,2400,0.0,0.0,15205,-670,51,discharging,None,None
21:11:15.363,staggered,8.3,400.3,172.4,56.8,1104.7,63.4,2400,0.0,0.0,15198,-598,51,discharging,None,None
21:11:15.866,staggered,8.3,394.5,159.0,60.1,1104.2,62.8,2400,0.0,0.0,15202,-637,51,discharging,None,None
21:11:16.379,staggered,8.3,394.5,159.0,22.8,1105.1,62.2,2400,0.0,0.0,15208,-604,51,discharging,None,None
21:11:16.882,staggered,8.3,391.3,159.0,60.6,1105.4,60.6,2400,0.0,0.0,15166,-632,51,discharging,None,None
21:11:17.386,staggered,8.3,391.3,159.0,36.5,1105.4,60.0,2400,0.0,0.0,15182,-654,51,discharging,None,None
21:11:17.889,staggered,8.3,392.3,159.0,81.5,1105.2,63.4,2400,0.0,0.0,15176,-614,51,discharging,None,None
21:11:18.394,staggered,8.3,392.3,159.0,1.5,1105.1,59.5,2400,0.0,0.0,15208,-589,51,discharging,None,None
21:11:18.903,staggered,8.4,392.3,166.3,83.2,1105.1,63.4,2400,0.0,0.0,15202,-576,51,discharging,None,None
21:11:19.406,staggered,8.4,552.4,166.3,64.9,1103.8,60.6,2400,0.0,0.0,15170,-698,51,discharging,None,None
21:11:19.915,staggered,8.4,552.4,166.3,30.5,1103.8,62.2,2400,0.0,0.0,15214,-604,51,discharging,None,None
21:11:20.419,staggered,7.6,396.7,160.6,85.7,1103.3,63.9,2400,0.0,0.0,15169,-603,51,discharging,None,None
21:11:20.922,staggered,7.6,396.7,160.6,3.0,1103.1,60.0,2400,0.0,0.0,15204,-646,51,discharging,None,None
21:11:21.439,staggered,8.2,396.7,160.6,62.0,1103.1,63.4,2400,0.0,0.0,15200,-548,51,discharging,None,None
21:11:21.942,staggered,8.2,555.3,359.6,69.3,1102.9,60.6,2400,0.0,0.0,15163,-682,51,discharging,None,None
21:11:22.446,staggered,8.2,555.3,359.6,1.5,1102.9,59.0,2400,0.0,0.0,15213,-622,51,discharging,None,None
21:11:22.956,staggered,8.4,555.3,359.6,76.5,1102.9,64.5,2400,0.0,0.0,15182,-520,51,discharging,None,None
21:11:23.460,staggered,8.4,700.2,456.4,65.2,1102.6,60.0,2400,0.0,0.0,15164,-692,51,discharging,None,None
21:11:23.963,staggered,8.4,700.2,456.4,2.0,1102.8,59.5,2400,0.0,0.0,15213,-611,51,discharging,None,None
21:11:24.475,staggered,8.4,700.2,456.4,79.3,1102.8,63.9,2400,0.0,0.0,15185,-530,51,discharging,None,None
21:11:24.979,staggered,8.4,607.2,388.9,55.9,1102.8,60.0,2400,0.0,0.0,15167,-686,51,discharging,None,None
21:11:25.492,staggered,8.3,607.2,388.9,2.5,1102.8,59.5,2400,0.0,0.0,15215,-595,51,discharging,None,None
21:11:25.998,staggered,8.3,407.0,388.9,91.3,1102.6,62.8,2400,0.0,0.0,15176,-570,51,discharging,None,None
21:11:26.501,staggered,8.3,407.0,162.3,24.5,1103.0,59.5,2400,0.0,0.0,15200,-654,51,discharging,None,None
21:11:27.008,staggered,8.3,407.0,162.3,64.9,1104.7,63.9,2400,0.0,0.0,15209,-572,51,discharging,None,None
21:11:27.511,staggered,8.3,406.9,171.3,55.0,1105.2,61.7,2400,0.0,0.0,15202,-604,51,discharging,None,None
21:11:28.019,staggered,8.3,406.9,171.3,26.9,1105.2,62.2,2400,0.0,0.0,15206,-607,51,discharging,None,None
21:11:28.523,staggered,8.3,407.7,171.3,59.2,1105.2,60.6,2400,0.0,0.0,15168,-647,51,discharging,None,None
21:11:29.026,staggered,8.4,407.7,159.4,36.3,1104.9,59.5,2400,0.0,0.0,15198,-653,51,discharging,None,None
21:11:29.530,staggered,8.4,407.5,159.4,83.7,1105.7,63.9,2400,0.0,0.0,15179,-592,51,discharging,None,None
21:11:30.036,staggered,8.3,407.5,159.4,2.0,1105.6,59.5,2400,0.0,0.0,15203,-597,51,discharging,None,None
21:11:30.543,staggered,8.3,407.5,171.3,81.2,1106.1,63.9,2400,0.0,0.0,15187,-579,51,discharging,None,None
21:11:31.214,staggered,8.3,403.1,171.3,34.1,1106.3,59.5,2400,0.0,0.0,15204,-637,51,discharging,None,None
21:11:31.723,staggered,8.3,403.1,289.0,63.7,1106.3,63.4,2400,0.0,0.0,15189,-567,51,discharging,None,None
21:11:32.226,staggered,8.3,502.4,289.0,63.1,1105.2,60.0,2400,0.0,0.0,15163,-675,51,discharging,None,None
21:11:32.730,staggered,7.9,502.4,289.0,1.5,1105.4,59.0,2400,0.0,0.0,15213,-597,51,discharging,None,None
21:11:33.242,staggered,7.9,502.4,289.0,83.2,1105.4,63.4,2400,0.0,0.0,15181,-543,51,discharging,None,None
21:11:33.746,staggered,8.3,715.9,489.5,62.6,1104.9,61.1,2400,0.0,0.0,15162,-702,51,discharging,None,None
21:11:34.250,staggered,8.3,715.9,489.5,2.0,1104.6,59.5,2400,0.0,0.0,15213,-597,51,discharging,None,None
21:11:34.760,staggered,8.3,715.9,489.5,83.8,1104.6,63.4,2400,0.0,0.0,15181,-530,51,discharging,None,None
21:11:35.263,staggered,8.3,649.6,420.2,54.5,1104.0,61.7,2400,0.0,0.0,15168,-672,51,discharging,None,None
21:11:35.767,staggered,8.3,649.6,420.2,1.5,1104.0,59.0,2400,0.0,0.0,15214,-579,51,discharging,None,None
21:11:36.275,staggered,8.3,391.0,420.2,94.0,1104.7,64.5,2400,0.0,0.0,15174,-573,51,discharging,None,None
21:11:36.778,staggered,8.3,391.0,158.2,23.9,1104.7,59.5,2400,0.0,0.0,15206,-651,51,discharging,None,None
21:11:37.287,staggered,8.3,391.0,158.2,61.5,1104.5,63.9,2400,0.0,0.0,15203,-574,51,discharging,None,None
21:11:37.790,staggered,8.3,401.6,171.8,58.3,1104.5,61.1,2400,0.0,0.0,15204,-620,51,discharging,None,None
21:11:38.299,staggered,8.3,401.6,171.8,24.5,1104.0,62.8,2400,0.0,0.0,15210,-594,51,discharging,None,None
21:11:38.802,staggered,8.3,399.2,171.8,60.5,1104.0,60.0,2400,0.0,0.0,15165,-624,51,discharging,None,None
21:11:39.306,staggered,8.3,399.2,162.8,36.0,1104.2,60.0,2400,0.0,0.0,15180,-653,51,discharging,None,None
21:11:39.809,staggered,8.3,400.3,162.8,82.6,1104.2,63.4,2400,0.0,0.0,15176,-603,51,discharging,None,None
21:11:40.317,staggered,8.3,400.3,162.8,6.4,1104.5,60.0,2400,0.0,0.0,15204,-591,51,discharging,None,None
21:11:40.832,staggered,8.3,400.3,158.7,79.1,1104.9,63.4,2400,0.0,0.0,15199,-575,51,discharging,None,None
21:11:41.335,staggered,8.3,408.8,158.7,36.0,1104.7,59.0,2400,0.0,0.0,15184,-655,51,discharging,None,None
21:11:41.847,staggered,8.3,408.8,158.7,37.7,1104.7,62.2,2400,0.0,0.0,15212,-573,51,discharging,None,None
21:11:42.350,staggered,8.3,457.9,225.1,84.6,1103.8,62.2,2400,0.0,0.0,15162,-629,51,discharging,None,None
21:11:42.854,staggered,8.3,457.9,225.1,2.5,1103.3,60.6,2400,0.0,0.0,15204,-657,51,discharging,None,None
21:11:43.688,staggered,8.3,457.9,225.1,76.6,1103.3,64.5,2400,0.0,0.0,15175,-569,51,discharging,None,None
21:11:44.191,staggered,8.3,858.1,618.4,47.2,1102.8,60.6,2400,0.0,0.0,15162,-741,51,discharging,None,None
21:11:44.695,staggered,8.3,858.1,618.4,2.5,1102.8,57.9,1900,0.0,0.0,15212,-609,51,discharging,None,None
21:11:45.210,staggered,6.2,858.1,618.4,96.1,1102.8,63.9,2400,0.0,0.0,15192,-502,51,discharging,None,None
21:11:45.714,staggered,6.2,734.3,474.7,52.2,1102.8,60.0,2400,0.0,0.0,15163,-686,51,discharging,None,None
21:11:46.217,staggered,8.5,734.3,474.7,2.5,1104.2,59.0,2400,0.0,0.0,15212,-627,51,discharging,None,None
21:11:46.730,staggered,8.5,734.3,474.7,94.1,1104.2,63.9,2400,0.0,0.0,15195,-608,51,discharging,None,None
21:11:47.234,staggered,8.3,554.8,321.3,39.1,1104.0,59.5,2400,0.0,0.0,15166,-679,51,discharging,None,None
21:11:47.749,staggered,8.3,554.8,321.3,30.1,1104.0,62.8,2400,0.0,0.0,15213,-548,51,discharging,None,None
21:11:48.254,staggered,8.3,403.3,321.3,84.7,1103.8,63.4,2400,0.0,0.0,15189,-636,51,discharging,None,None
21:11:48.758,staggered,8.3,403.3,164.5,7.4,1103.8,59.0,2400,0.0,0.0,15209,-618,51,discharging,None,None
21:11:49.261,staggered,8.3,407.7,164.5,83.7,1102.9,62.2,2400,0.0,0.0,15167,-612,51,discharging,None,None
21:11:49.765,staggered,8.3,407.7,159.1,36.6,1102.9,60.0,2400,0.0,0.0,15173,-655,51,discharging,None,None
21:11:50.272,staggered,8.3,407.7,159.1,51.7,1102.9,63.4,2400,0.0,0.0,15185,-579,51,discharging,None,None
21:11:50.776,staggered,8.4,406.8,159.1,34.0,1102.9,59.5,2400,0.0,0.0,15199,-595,51,discharging,None,None
21:11:51.285,staggered,8.4,406.8,175.1,49.3,1102.6,61.1,2400,0.0,0.0,15207,-584,51,discharging,None,None
21:11:51.789,staggered,8.4,401.2,175.1,70.6,1102.6,60.0,2400,0.0,0.0,15163,-657,51,discharging,None,None
21:11:52.295,staggered,8.3,401.2,175.1,20.8,1102.4,62.2,2400,0.0,0.0,15211,-603,51,discharging,None,None
21:11:52.799,staggered,8.3,365.4,163.4,89.0,1102.4,63.9,2400,0.0,0.0,15160,-624,51,discharging,None,None
21:11:53.302,staggered,8.3,365.4,163.4,2.0,1102.4,59.0,2400,0.0,0.0,15185,-625,51,discharging,None,None
21:11:53.814,staggered,8.3,365.4,163.4,47.5,1102.4,63.4,2400,0.0,0.0,15213,-513,51,discharging,None,None
21:11:54.318,staggered,8.3,661.0,495.6,91.1,1102.4,62.2,2400,0.0,0.0,15162,-689,51,discharging,None,None
21:11:54.822,staggered,8.3,661.0,495.6,0.0,1102.4,59.5,1900,0.0,0.0,15210,-628,51,discharging,None,None
21:11:55.335,staggered,8.3,661.0,495.6,54.0,1102.4,62.2,2400,0.0,0.0,15202,-486,51,discharging,None,None
21:11:55.839,staggered,8.3,638.0,408.0,75.9,1102.4,60.0,2400,0.0,0.0,15162,-650,51,discharging,None,None
21:11:56.342,staggered,8.3,638.0,408.0,0.5,1103.8,59.0,2400,0.0,0.0,15211,-597,51,discharging,None,None
21:11:56.851,staggered,8.3,638.0,408.0,69.5,1103.8,62.8,2400,0.0,0.0,15174,-535,51,discharging,None,None
21:11:57.355,staggered,8.3,362.1,150.9,37.7,1104.0,59.5,2400,0.0,0.0,15202,-635,51,discharging,None,None
21:11:57.863,staggered,8.3,362.1,150.9,39.8,1104.0,62.8,2400,0.0,0.0,15214,-571,51,discharging,None,None
21:11:58.367,staggered,8.3,367.9,150.9,63.7,1104.4,62.2,2400,0.0,0.0,15201,-596,51,discharging,None,None
21:11:58.873,staggered,8.3,367.9,151.1,12.5,1104.7,60.6,2400,0.0,0.0,15206,-591,51,discharging,None,None
21:11:59.376,staggered,8.3,362.2,151.1,66.2,1104.2,60.0,2400,0.0,0.0,15165,-612,51,discharging,None,None
21:11:59.880,staggered,8.3,362.2,151.4,32.5,1103.5,59.5,2400,0.0,0.0,15186,-633,51,discharging,None,None
21:12:00.384,staggered,8.3,376.8,151.4,76.8,1103.5,63.4,2400,0.0,0.0,15177,-593,51,discharging,None,None
21:12:00.888,staggered,8.3,376.8,151.4,0.0,1103.7,58.4,2400,0.0,0.0,15206,-564,51,discharging,None,None
21:12:01.396,staggered,8.3,376.8,151.4,77.3,1103.7,62.8,2400,0.0,0.0,15198,-566,51,discharging,None,None
21:12:01.900,staggered,8.3,363.4,151.4,29.4,1103.8,59.5,2400,0.0,0.0,15201,-633,51,discharging,None,None
21:12:02.411,staggered,8.3,363.4,151.4,26.3,1104.0,61.7,2400,0.0,0.0,15213,-535,51,discharging,None,None
21:12:02.915,staggered,8.3,559.8,368.3,98.5,1104.0,62.2,2400,0.0,0.0,15165,-630,51,discharging,None,None
21:12:03.418,staggered,8.3,559.8,368.3,0.5,1103.5,58.4,2400,0.0,0.0,15203,-656,51,discharging,None,None
21:12:03.930,staggered,8.3,559.8,368.3,45.3,1103.5,61.7,2400,0.0,0.0,15209,-508,51,discharging,None,None
21:12:04.434,staggered,8.3,631.3,388.4,81.4,1103.3,60.6,2400,0.0,0.0,15162,-661,51,discharging,None,None
21:12:04.937,staggered,8.3,631.3,388.4,0.0,1102.8,59.0,2400,0.0,0.0,15210,-622,51,discharging,None,None
21:12:05.447,staggered,8.3,631.3,388.4,63.1,1102.8,63.4,2400,0.0,0.0,15188,-496,51,discharging,None,None
21:12:05.951,staggered,8.3,495.1,278.6,56.4,1102.8,59.5,2400,0.0,0.0,15161,-638,51,discharging,None,None
21:12:06.459,staggered,8.3,495.1,278.6,6.0,1104.0,60.0,2400,0.0,0.0,15211,-574,51,discharging,None,None
21:12:06.964,staggered,8.3,363.4,278.6,76.8,1103.8,61.1,2400,0.0,0.0,15165,-573,51,discharging,None,None
21:12:07.467,staggered,8.3,363.4,151.4,24.3,1103.8,59.0,2400,0.0,0.0,15206,-633,51,discharging,None,None
21:12:07.971,staggered,8.3,363.2,151.4,75.0,1103.8,62.8,2400,0.0,0.0,15174,-587,51,discharging,None,None
21:12:08.474,staggered,8.3,363.2,146.8,32.7,1103.6,60.0,2400,0.0,0.0,15204,-602,51,discharging,None,None
21:12:08.983,staggered,8.3,363.2,146.8,45.0,1103.6,63.4,2400,0.0,0.0,15207,-568,51,discharging,None,None
21:12:09.487,staggered,8.3,363.3,146.8,30.2,1102.6,58.4,2400,0.0,0.0,15198,-604,51,discharging,None,None
21:12:09.999,staggered,8.3,363.3,146.5,47.0,1102.6,60.6,2400,0.0,0.0,15173,-597,51,discharging,None,None
21:12:10.503,staggered,8.3,363.3,146.5,59.3,1102.6,59.0,1500,0.0,0.0,15162,-632,51,discharging,None,None
21:12:11.011,staggered,8.3,363.3,146.5,8.0,1102.6,57.9,1500,0.0,0.0,15216,-552,51,discharging,None,None
21:12:11.516,staggered,8.3,439.2,240.8,100.0,1102.6,63.4,2400,0.0,0.0,15176,-529,51,discharging,None,None
21:12:12.019,staggered,8.3,439.2,240.8,4.0,1102.6,57.9,2400,0.0,0.0,15200,-616,51,discharging,None,None
21:12:12.531,staggered,8.3,439.2,240.8,40.7,1102.6,61.1,2400,0.0,0.0,15213,-510,51,discharging,None,None
21:12:13.035,staggered,8.3,612.4,391.1,83.1,1102.6,60.0,2400,0.0,0.0,15162,-634,51,discharging,None,None
21:12:13.538,staggered,8.3,612.4,391.1,0.0,1102.6,57.9,2400,0.0,0.0,15205,-639,51,discharging,None,None
21:12:14.051,staggered,8.3,612.4,391.1,61.6,1102.4,62.2,2400,0.0,0.0,15204,-505,51,discharging,None,None
21:12:14.554,staggered,8.3,539.2,339.5,61.1,1102.4,59.0,2400,0.0,0.0,15161,-660,51,discharging,None,None
21:12:15.058,staggered,8.3,539.2,339.5,0.0,1102.4,57.3,2400,0.0,0.0,15210,-605,51,discharging,None,None
21:12:15.567,staggered,8.3,360.3,339.5,78.9,1102.4,61.1,2400,0.0,0.0,15169,-556,51,discharging,None,None
21:12:16.071,staggered,8.3,360.3,150.3,27.9,1103.2,58.4,2400,0.0,0.0,15190,-633,51,discharging,None,None
21:12:16.579,staggered,8.3,360.3,150.3,67.5,1103.6,63.4,2400,0.0,0.0,15209,-541,51,discharging,None,None
21:12:17.082,staggered,8.3,376.8,151.3,42.9,1104.7,60.0,2400,0.0,0.0,15201,-560,51,discharging,None,None
21:12:17.591,staggered,8.3,376.8,151.3,34.3,1104.7,61.7,2400,0.0,0.0,15203,-577,51,discharging,None,None
21:12:18.094,staggered,8.3,364.8,151.3,40.7,1104.7,58.4,2400,0.0,0.0,15163,-627,51,discharging,None,None
21:12:18.603,staggered,8.3,364.8,155.2,37.3,1105.0,58.4,2400,0.0,0.0,15192,-632,51,discharging,None,None
21:12:19.106,staggered,8.3,362.0,155.2,70.6,1103.8,59.5,2400,0.0,0.0,15167,-621,51,discharging,None,None
21:12:19.615,staggered,8.3,362.0,155.2,2.5,1103.8,57.9,2400,0.0,0.0,15208,-574,51,discharging,None,None
21:12:20.120,staggered,8.3,362.0,163.3,100.0,1103.8,63.4,2400,0.0,0.0,15175,-557,51,discharging,None,None
21:12:20.624,staggered,8.3,389.7,163.3,5.0,1103.5,58.4,2400,0.0,0.0,15198,-635,51,discharging,None,None
21:12:21.135,staggered,8.3,389.7,163.3,39.4,1103.5,61.1,2400,0.0,0.0,15213,-517,51,discharging,None,None
21:12:21.639,staggered,8.3,389.7,547.2,100.0,1103.5,63.9,2400,0.0,0.0,15165,-596,51,discharging,None,None
21:12:22.143,staggered,8.3,745.1,547.2,11.4,1102.8,58.4,2400,0.0,0.0,15200,-692,51,discharging,None,None
21:12:22.651,staggered,8.3,745.1,547.2,33.3,1102.8,61.7,2400,0.0,0.0,15210,-523,51,discharging,None,None
21:12:23.158,staggered,8.3,644.3,547.2,100.0,1102.8,62.8,2400,0.0,0.0,15167,-604,51,discharging,None,None
21:12:23.662,staggered,8.3,644.3,464.1,7.4,1102.6,59.0,2400,0.0,0.0,15200,-692,51,discharging,None,None
21:12:24.171,staggered,8.3,644.3,464.1,48.0,1102.8,63.4,2400,0.0,0.0,15212,-527,51,discharging,None,None
21:12:24.674,staggered,8.3,362.4,149.9,59.0,1102.8,60.0,2400,0.0,0.0,15174,-603,51,discharging,None,None
21:12:25.183,staggered,8.3,362.4,149.9,18.4,1102.6,60.6,2400,0.0,0.0,15203,-623,51,discharging,None,None
21:12:25.686,staggered,8.3,363.4,149.9,56.4,1102.6,59.0,2400,0.0,0.0,15168,-603,51,discharging,None,None
21:12:26.190,staggered,8.3,363.4,151.5,32.7,1103.4,58.4,2400,0.0,0.0,15169,-632,51,discharging,None,None
21:12:26.694,staggered,8.3,375.7,151.5,77.2,1103.4,60.0,2400,0.0,0.0,15179,-569,51,discharging,None,None
21:12:27.200,staggered,8.3,375.7,151.5,24.3,1104.2,62.2,2400,0.0,0.0,15201,-564,51,discharging,None,None
21:12:27.704,staggered,8.3,375.7,148.9,63.4,1104.2,62.8,2400,0.0,0.0,15208,-557,51,discharging,None,None
21:12:28.208,staggered,8.3,361.7,148.9,20.0,1104.0,58.4,2400,0.0,0.0,15179,-633,51,discharging,None,None
21:12:28.716,staggered,8.3,361.7,147.9,55.7,1104.4,62.8,2400,0.0,0.0,15210,-576,51,discharging,None,None
21:12:29.220,staggered,8.3,370.4,147.9,51.5,1104.5,59.0,2400,0.0,0.0,15158,-633,51,discharging,None,None
21:12:29.723,staggered,8.3,370.4,147.9,0.0,1104.9,57.9,2400,0.0,0.0,15208,-616,51,discharging,None,None
21:12:30.231,staggered,8.3,370.4,430.9,92.6,1104.9,62.8,2400,0.0,0.0,15180,-510,51,discharging,None,None
21:12:30.735,staggered,8.3,637.5,430.9,35.3,1104.0,59.0,2400,0.0,0.0,15156,-670,51,discharging,None,None
21:12:31.244,staggered,8.3,637.5,430.9,8.5,1104.2,59.5,2400,0.0,0.0,15208,-588,51,discharging,None,None
21:12:31.748,staggered,8.3,637.5,430.9,100.0,1104.2,62.8,2400,0.0,0.0,15170,-539,51,discharging,None,None
21:12:32.252,staggered,8.3,595.4,367.1,12.9,1104.5,57.9,2400,0.0,0.0,15184,-641,51,discharging,None,None
21:12:32.760,staggered,8.3,595.4,367.1,32.5,1104.5,61.1,2400,0.0,0.0,15209,-529,51,discharging,None,None
21:12:33.264,staggered,8.3,363.3,149.3,74.5,1104.0,59.5,2400,0.0,0.0,15162,-582,51,discharging,None,None
21:12:33.778,staggered,8.3,363.3,149.3,2.5,1104.0,58.4,2400,0.0,0.0,15199,-632,51,discharging,None,None
21:12:34.281,staggered,8.3,367.3,149.3,72.3,1103.3,60.0,2400,0.0,0.0,15170,-575,51,discharging,None,None
21:12:34.785,staggered,8.3,367.3,149.5,32.3,1104.2,58.4,2400,0.0,0.0,15173,-633,51,discharging,None,None
21:12:35.288,staggered,8.3,361.6,149.5,71.8,1104.4,63.4,2400,0.0,0.0,15209,-567,51,discharging,None,None
21:12:35.792,staggered,8.3,361.6,149.5,25.5,1105.0,61.1,2400,0.0,0.0,15192,-572,51,discharging,None,None
21:12:36.299,staggered,8.3,361.6,149.2,51.5,1105.2,62.8,2400,0.0,0.0,15192,-598,51,discharging,None,None
21:12:36.803,staggered,8.3,363.3,149.2,33.8,1105.2,58.4,1900,0.0,0.0,15159,-632,51,discharging,None,None
21:12:37.312,staggered,8.3,363.3,165.1,46.3,1104.0,60.0,2400,0.0,0.0,15213,-560,51,discharging,None,None
21:12:37.816,staggered,8.3,384.8,165.1,69.6,1104.0,59.0,2400,0.0,0.0,15163,-566,51,discharging,None,None
21:12:38.319,staggered,14.4,384.8,165.1,1.5,1103.3,57.9,2400,0.0,0.0,15198,-628,51,discharging,None,None
21:12:38.827,staggered,14.4,384.8,408.1,85.5,1103.6,62.8,2400,0.0,0.0,15200,-532,51,discharging,None,None
21:12:39.330,staggered,14.4,611.2,408.1,50.0,1103.6,58.4,2400,0.0,0.0,15158,-676,51,discharging,None,None
21:12:39.834,staggered,8.3,611.2,408.1,2.0,1103.3,58.4,2400,0.0,0.0,15205,-628,51,discharging,None,None
21:12:40.344,staggered,8.3,611.2,408.1,96.1,1103.6,62.8,2400,0.0,0.0,15187,-511,51,discharging,None,None
21:12:40.847,staggered,8.3,898.5,474.3,61.5,1103.1,59.0,2400,0.0,0.0,15158,-690,51,discharging,None,None
21:12:41.351,staggered,8.3,898.5,474.3,1.5,1103.5,57.9,2400,0.0,0.0,15200,-554,51,discharging,None,None
21:12:41.863,staggered,7.9,898.5,474.3,60.5,1104.4,62.8,2400,0.0,0.0,15171,-524,51,discharging,None,None
21:12:42.366,staggered,7.9,797.2,656.4,99.0,1104.4,62.8,2400,0.0,0.0,15158,-703,51,discharging,None,None
21:12:42.870,staggered,7.9,797.2,656.4,4.5,1103.9,58.4,2400,0.0,0.0,15204,-631,51,discharging,None,None
21:12:43.376,staggered,8.4,797.2,656.4,45.8,1103.9,60.6,2400,0.0,0.0,15194,-514,51,discharging,None,None
21:12:43.879,staggered,8.4,408.7,195.1,74.5,1103.9,59.5,2400,0.0,0.0,15158,-655,51,discharging,None,None
21:12:44.387,staggered,8.3,408.7,195.1,6.5,1103.9,58.4,2400,0.0,0.0,15205,-592,51,discharging,None,None
21:12:44.891,staggered,8.3,398.1,195.1,77.0,1104.1,60.0,2400,0.0,0.0,15157,-590,51,discharging,None,None
21:12:45.394,staggered,8.3,398.1,158.9,36.0,1104.1,58.4,2400,0.0,0.0,15197,-652,51,discharging,None,None
21:12:45.899,staggered,8.3,398.1,158.9,68.5,1104.1,62.8,2400,0.0,0.0,15170,-604,51,discharging,None,None
21:12:46.404,staggered,8.3,399.1,158.9,37.1,1103.7,61.7,2400,0.0,0.0,15195,-608,51,discharging,None,None
21:12:46.911,staggered,8.3,399.1,159.4,45.3,1103.7,62.2,2400,0.0,0.0,15199,-577,51,discharging,None,None
21:12:47.415,staggered,8.3,403.2,159.4,55.0,1103.2,59.0,1900,0.0,0.0,15184,-626,51,discharging,None,None
21:12:47.918,staggered,8.3,403.2,187.8,41.8,1103.9,59.5,2400,0.0,0.0,15201,-590,51,discharging,None,None
21:12:48.422,staggered,8.3,399.1,187.8,82.7,1105.3,61.1,2400,0.0,0.0,15163,-625,51,discharging,None,None
21:12:48.925,staggered,8.3,399.1,187.8,2.5,1105.8,57.9,2400,0.0,0.0,15204,-591,51,discharging,None,None
21:12:49.433,staggered,8.4,399.1,220.4,76.4,1105.8,63.4,2400,0.0,0.0,15169,-551,51,discharging,None,None
21:12:49.936,staggered,8.4,488.0,220.4,48.3,1105.6,59.0,2400,0.0,0.0,15181,-665,51,discharging,None,None
21:12:50.440,staggered,8.3,488.0,220.4,2.5,1105.6,57.9,2400,0.0,0.0,15206,-555,51,discharging,None,None
21:12:50.945,staggered,8.3,488.0,430.0,97.0,1106.2,63.4,2400,0.0,0.0,15166,-579,51,discharging,None,None
21:12:51.449,staggered,8.3,707.1,430.0,47.5,1105.4,59.5,2400,0.0,0.0,15184,-694,51,discharging,None,None
21:12:51.952,staggered,8.3,707.1,430.0,2.5,1105.1,58.4,2400,0.0,0.0,15205,-552,51,discharging,None,None
21:12:52.463,staggered,8.3,707.1,430.0,98.0,1105.1,63.9,2400,0.0,0.0,15165,-587,51,discharging,None,None
21:12:52.966,staggered,8.3,867.1,434.9,54.5,1105.1,59.5,2400,0.0,0.0,15176,-706,51,discharging,None,None
21:12:53.470,staggered,8.3,867.1,434.9,2.0,1105.1,58.4,2400,0.0,0.0,15204,-557,51,discharging,None,None
21:12:53.979,staggered,7.8,867.1,434.9,68.8,1105.7,62.2,2400,0.0,0.0,15171,-525,51,discharging,None,None
21:12:54.482,staggered,7.8,731.7,495.5,80.1,1105.0,60.6,2400,0.0,0.0,15158,-702,51,discharging,None,None
21:12:54.986,staggered,7.8,731.7,495.5,3.0,1104.8,58.4,2400,0.0,0.0,15206,-614,51,discharging,None,None
21:12:55.499,staggered,8.4,731.7,495.5,66.2,1104.8,62.8,2400,0.0,0.0,15175,-527,51,discharging,None,None
21:12:56.003,staggered,8.4,591.8,388.1,69.8,1106.6,60.0,2400,0.0,0.0,15160,-684,51,discharging,None,None
21:12:56.506,staggered,8.3,591.8,388.1,2.5,1106.6,58.4,2400,0.0,0.0,15204,-594,51,discharging,None,None
21:12:57.010,staggered,8.3,395.9,388.1,83.0,1106.2,61.1,2400,0.0,0.0,15165,-575,51,discharging,None,None
21:12:57.513,staggered,8.3,395.9,158.9,36.3,1106.2,59.0,2400,0.0,0.0,15189,-653,50,discharging,None,None
21:12:58.020,staggered,8.3,395.9,158.9,54.2,1106.2,62.2,2400,0.0,0.0,15196,-564,50,discharging,None,None
21:12:58.524,staggered,8.3,406.0,158.9,57.4,1104.5,63.4,2400,0.0,0.0,15193,-592,50,discharging,None,None
21:12:59.032,staggered,8.3,406.0,163.5,24.8,1104.5,61.1,2400,0.0,0.0,15195,-596,50,discharging,None,None
21:12:59.536,staggered,8.3,399.5,163.5,68.8,1104.7,59.5,2400,0.0,0.0,15155,-642,50,discharging,None,None
21:13:00.039,staggered,8.3,399.5,167.7,37.5,1104.5,59.5,2400,0.0,0.0,15188,-652,50,discharging,None,None
21:13:00.547,staggered,8.3,399.5,167.7,76.8,1104.5,63.4,2400,0.0,0.0,15167,-602,50,discharging,None,None
21:13:01.051,staggered,8.3,398.9,167.7,7.4,1104.0,59.0,2400,0.0,0.0,15193,-591,50,discharging,None,None
21:13:01.559,staggered,8.4,398.9,158.9,74.3,1104.0,64.5,2400,0.0,0.0,15177,-575,50,discharging,None,None
21:13:02.062,staggered,8.4,393.0,158.9,43.8,1104.8,60.0,2400,0.0,0.0,15175,-651,50,discharging,None,None
21:13:02.571,staggered,8.3,393.0,158.9,18.0,1105.2,60.6,2400,0.0,0.0,15205,-563,50,discharging,None,None
21:13:03.075,staggered,8.3,393.0,158.9,100.0,1105.2,63.4,2400,0.0,0.0,15161,-595,50,discharging,None,None
21:13:03.578,staggered,8.3,725.8,631.2,45.0,1105.2,59.0,2400,0.0,0.0,15165,-720,50,discharging,None,None
21:13:04.084,staggered,8.3,725.8,631.2,2.5,1104.8,59.5,2400,0.0,0.0,15202,-563,50,discharging,None,None
21:13:04.594,staggered,8.3,725.8,631.2,100.0,1104.8,63.9,2400,0.0,0.0,15162,-575,50,discharging,None,None
21:13:05.098,staggered,8.2,627.0,654.7,58.7,1104.1,59.5,2400,0.0,0.0,15158,-716,50,discharging,None,None
21:13:05.607,staggered,8.2,627.0,654.7,20.4,1104.1,61.7,2400,0.0,0.0,15202,-579,50,discharging,None,None
21:13:06.110,staggered,7.6,407.0,654.7,65.2,1103.7,60.0,2400,0.0,0.0,15153,-594,50,discharging,None,None
21:13:06.614,staggered,7.6,407.0,167.3,37.1,1103.7,59.5,2400,0.0,0.0,15167,-656,50,discharging,None,None
21:13:07.118,staggered,7.6,402.4,167.3,79.7,1103.7,62.8,2400,0.0,0.0,15165,-598,50,discharging,None,None
21:13:07.627,staggered,8.3,402.4,167.3,21.8,1104.0,62.8,2400,0.0,0.0,15192,-595,50,discharging,None,None
21:13:08.131,staggered,8.3,402.4,171.6,62.7,1105.3,63.4,2400,0.0,0.0,15200,-582,50,discharging,None,None
21:13:08.634,staggered,8.3,403.3,171.6,42.6,1105.3,60.6,2400,0.0,0.0,15165,-657,50,discharging,None,None
21:13:09.146,staggered,8.3,403.3,158.2,39.9,1105.3,61.7,2400,0.0,0.0,15203,-600,50,discharging,None,None
21:13:09.650,staggered,8.3,408.4,158.2,78.6,1105.3,61.1,2400,0.0,0.0,15158,-639,50,discharging,None,None
21:13:10.153,staggered,8.3,408.4,158.2,2.5,1103.7,60.0,2400,0.0,0.0,15200,-626,50,discharging,None,None
21:13:10.664,staggered,8.3,408.4,373.1,77.6,1102.9,63.4,2400,0.0,0.0,15174,-531,50,discharging,None,None
21:13:11.167,staggered,8.3,583.9,373.1,55.0,1104.0,60.0,2400,0.0,0.0,15150,-680,50,discharging,None,None
21:13:11.671,staggered,8.3,583.9,373.1,3.0,1105.2,59.0,2400,0.0,0.0,15201,-602,50,discharging,None,None
21:13:12.182,staggered,8.3,583.9,373.1,90.6,1108.7,63.4,2400,0.0,0.0,15166,-539,50,discharging,None,None
21:13:12.686,staggered,8.3,755.9,522.4,62.1,1108.7,60.6,2400,0.0,0.0,15151,-714,50,discharging,None,None
21:13:13.190,staggered,8.3,755.9,522.4,2.5,1108.7,57.9,1500,0.0,0.0,15201,-609,50,discharging,None,None
21:13:13.700,staggered,8.4,755.9,522.4,83.9,1108.7,62.8,2400,0.0,0.0,15182,-494,50,discharging,None,None
21:13:14.203,staggered,8.4,631.3,412.2,59.8,1105.6,60.0,2400,0.0,0.0,15157,-663,50,discharging,None,None
21:13:14.712,staggered,8.3,631.3,412.2,2.5,1105.6,59.0,2400,0.0,0.0,15200,-604,50,discharging,None,None
21:13:15.223,staggered,8.3,399.1,412.2,88.2,1110.9,61.7,2400,0.0,0.0,15162,-560,50,discharging,None,None
21:13:15.727,staggered,8.3,399.1,165.2,29.1,1111.9,59.0,2400,0.0,0.0,15170,-665,50,discharging,None,None
21:13:16.235,staggered,8.3,399.1,165.2,65.2,1112.2,63.9,2400,0.0,0.0,15198,-595,50,discharging,None,None
21:13:16.738,staggered,8.3,394.3,171.7,54.1,1112.2,61.7,2400,0.0,0.0,15182,-609,50,discharging,None,None
21:13:17.248,staggered,8.3,394.3,171.7,37.5,1112.2,62.8,2400,0.0,0.0,15185,-639,50,discharging,None,None
21:13:17.751,staggered,8.3,423.7,171.7,59.0,1118.5,60.6,2400,0.0,0.0,15156,-685,50,discharging,None,None
21:13:18.255,staggered,7.9,423.7,159.3,36.0,1114.9,60.0,2400,0.0,0.0,15197,-650,50,discharging,None,None
21:13:18.758,staggered,7.9,392.9,159.3,81.2,1114.9,62.8,2400,0.0,0.0,15169,-584,50,discharging,None,None
21:13:19.262,staggered,7.9,392.9,159.3,2.5,1114.9,59.0,2400,0.0,0.0,15190,-605,50,discharging,None,None
21:13:19.767,staggered,8.3,392.9,167.4,84.5,1114.9,63.9,2400,0.0,0.0,15164,-580,50,discharging,None,None
21:13:20.271,staggered,8.3,401.1,167.4,35.6,1111.7,59.5,2400,0.0,0.0,15153,-653,50,discharging,None,None
21:13:20.783,staggered,8.4,401.1,167.4,27.6,1111.7,62.2,2400,0.0,0.0,15200,-580,50,discharging,None,None
21:13:21.288,staggered,8.4,567.1,371.5,100.0,1111.7,63.9,2400,0.0,0.0,15161,-586,50,discharging,None,None
21:13:21.791,staggered,8.3,567.1,371.5,7.4,1110.3,59.0,2400,0.0,0.0,15188,-680,50,discharging,None,None
21:13:22.304,staggered,8.3,567.1,371.5,42.1,1110.3,63.4,2400,0.0,0.0,15203,-531,50,discharging,None,None
21:13:22.808,staggered,8.3,567.1,481.7,100.0,1110.3,63.9,2400,0.0,0.0,15156,-607,50,discharging,None,None
21:13:23.311,staggered,8.3,748.4,481.7,11.9,1108.2,59.5,2400,0.0,0.0,15183,-708,50,discharging,None,None
21:13:23.819,staggered,8.3,748.4,481.7,35.5,1108.2,62.8,2400,0.0,0.0,15203,-535,50,discharging,None,None
21:13:24.323,staggered,8.3,647.3,411.7,99.5,1108.2,63.9,2400,0.0,0.0,15161,-583,50,discharging,None,None
21:13:24.826,staggered,8.3,647.3,411.7,6.9,1107.9,59.5,2400,0.0,0.0,15189,-679,50,discharging,None,None
21:13:25.335,staggered,8.3,647.3,411.7,48.8,1107.9,63.9,2400,0.0,0.0,15202,-530,50,discharging,None,None
21:13:25.838,staggered,8.3,393.9,170.1,69.8,1106.3,60.0,2400,0.0,0.0,15151,-616,50,discharging,None,None
21:13:26.347,staggered,8.3,393.9,170.1,13.4,1106.3,61.1,2400,0.0,0.0,15192,-654,50,discharging,None,None
21:13:26.851,staggered,8.3,400.3,170.1,71.1,1106.3,58.4,2400,0.0,0.0,15159,-596,50,discharging,None,None
21:13:27.354,staggered,8.3,400.3,163.8,36.8,1106.3,59.5,2400,0.0,0.0,15168,-654,50,discharging,None,None
21:13:27.859,staggered,8.3,400.3,163.8,74.1,1106.3,63.9,2400,0.0,0.0,15197,-575,50,discharging,None,None
21:13:28.367,staggered,8.3,397.8,163.8,33.0,1106.3,62.2,2400,0.0,0.0,15182,-592,50,discharging,None,None
21:13:28.871,staggered,8.3,397.8,158.8,52.2,1106.3,63.4,2400,0.0,0.0,15182,-613,50,discharging,None,None
21:13:29.375,staggered,8.3,560.8,158.8,77.1,1104.7,61.1,2400,0.0,0.0,15159,-655,50,discharging,None,None
21:13:29.878,staggered,8.3,560.8,171.9,37.2,1105.4,61.1,2400,0.0,0.0,15190,-642,50,discharging,None,None
21:13:30.387,staggered,7.6,560.8,171.9,67.0,1105.4,63.9,2400,0.0,0.0,15193,-571,50,discharging,None,None
21:13:30.890,staggered,7.6,397.5,171.9,17.4,1105.4,59.0,2400,0.0,0.0,15165,-652,50,discharging,None,None
21:13:31.399,staggered,7.6,397.5,159.9,64.7,1105.4,62.2,2400,0.0,0.0,15191,-620,50,discharging,None,None
21:13:31.903,staggered,8.3,397.3,159.9,53.0,1104.0,60.0,2400,0.0,0.0,15154,-644,50,discharging,None,None
21:13:32.411,staggered,8.3,397.3,159.9,13.4,1104.0,61.1,2400,0.0,0.0,15197,-599,50,discharging,None,None
21:13:32.915,staggered,8.2,397.3,336.3,100.0,1104.0,65.0,2400,0.0,0.0,15163,-546,50,discharging,None,None
21:13:33.419,staggered,8.2,535.4,336.3,18.3,1103.8,59.5,2400,0.0,0.0,15159,-675,50,discharging,None,None
21:13:33.931,staggered,8.3,535.4,336.3,30.2,1103.5,61.7,2400,0.0,0.0,15199,-574,50,discharging,None,None
21:13:34.435,staggered,8.3,535.4,505.6,100.0,1103.5,64.5,2400,0.0,0.0,15163,-642,50,discharging,None,None
21:13:34.939,staggered,8.3,735.0,505.6,22.3,1102.4,59.5,2400,0.0,0.0,15189,-672,50,discharging,None,None
21:13:35.447,staggered,8.4,735.0,505.6,25.6,1102.4,62.2,2400,0.0,0.0,15202,-516,50,discharging,None,None
21:13:35.954,staggered,8.4,592.3,505.6,100.0,1102.4,63.9,2400,0.0,0.0,15150,-655,50,discharging,None,None
21:13:36.458,staggered,8.3,592.3,378.5,9.0,1102.4,60.0,2400,0.0,0.0,15193,-654,50,discharging,None,None
21:13:36.964,staggered,8.3,592.3,378.5,50.0,1102.4,63.4,2400,0.0,0.0,15180,-539,50,discharging,None,None
21:13:37.468,staggered,8.3,406.5,173.3,70.5,1102.4,60.6,2400,0.0,0.0,15150,-657,50,discharging,None,None
21:13:37.977,staggered,8.3,406.5,173.3,12.9,1102.4,61.1,2400,0.0,0.0,15199,-586,50,discharging,None,None
21:13:38.481,staggered,8.3,403.0,173.3,71.5,1102.4,60.6,2400,0.0,0.0,15150,-594,50,discharging,None,None
21:13:38.985,staggered,8.3,403.0,163.0,36.0,1102.4,59.5,2400,0.0,0.0,15187,-652,50,discharging,None,None
21:13:39.492,staggered,8.3,403.0,163.0,73.8,1102.4,63.9,2400,0.0,0.0,15158,-617,50,discharging,None,None
21:13:39.996,staggered,8.4,399.1,163.0,26.4,1102.4,62.2,2400,0.0,0.0,15189,-601,50,discharging,None,None
21:13:40.508,staggered,8.4,399.1,171.1,55.9,1102.4,63.4,2400,0.0,0.0,15190,-578,50,discharging,None,None
21:13:41.012,staggered,8.4,395.3,171.1,45.7,1102.8,59.5,2400,0.0,0.0,15180,-648,50,discharging,None,None
21:13:41.516,staggered,8.3,395.3,159.4,45.3,1102.8,60.6,2400,0.0,0.0,15186,-622,50,discharging,None,None
21:13:42.019,staggered,8.3,396.4,159.4,82.5,1103.3,62.2,2400,0.0,0.0,15153,-665,50,discharging,None,None
21:13:42.523,staggered,7.9,396.4,159.4,1.5,1103.3,59.5,2400,0.0,0.0,15197,-597,50,discharging,None,None
21:13:43.035,staggered,7.9,396.4,391.2,76.8,1103.3,64.5,2400,0.0,0.0,15163,-548,50,discharging,None,None
21:13:43.538,staggered,8.3,575.3,391.2,55.9,1103.3,60.6,2400,0.0,0.0,15158,-683,50,discharging,None,None
21:13:44.042,staggered,8.3,575.3,391.2,1.5,1103.1,59.0,2400,0.0,0.0,15198,-573,50,discharging,None,None
21:13:44.554,staggered,8.3,575.3,391.2,90.1,1103.1,64.5,2400,0.0,0.0,15163,-567,50,discharging,None,None
21:13:45.058,staggered,8.3,805.8,664.0,74.8,1102.8,60.6,2400,0.0,0.0,15150,-726,50,discharging,None,None
21:13:45.562,staggered,8.3,805.8,664.0,1.5,1103.0,60.0,2400,0.0,0.0,15197,-598,50,discharging,None,None
21:13:46.072,staggered,8.3,805.8,664.0,73.6,1103.0,64.5,2400,0.0,0.0,15161,-540,50,discharging,None,None
21:13:46.576,staggered,8.3,395.4,181.2,45.8,1103.0,59.5,2400,0.0,0.0,15171,-655,50,discharging,None,None
21:13:47.084,staggered,8.3,395.4,181.2,38.9,1102.6,64.5,2400,0.0,0.0,15199,-581,50,discharging,None,None
21:13:47.589,staggered,8.4,397.7,181.2,66.5,1102.6,63.4,2400,0.0,0.0,15170,-593,50,discharging,None,None
21:13:48.093,staggered,8.4,397.7,160.1,15.9,1102.6,59.5,2400,0.0,0.0,15190,-626,50,discharging,None,None
21:13:48.597,staggered,8.3,395.0,160.1,82.0,1102.6,61.1,2400,0.0,0.0,15156,-646,50,discharging,None,None
21:13:49.101,staggered,8.3,395.0,158.2,36.0,1103.3,60.6,2400,0.0,0.0,15188,-645,50,discharging,None,None
21:13:49.608,staggered,8.3,395.0,158.2,64.0,1104.5,65.0,2400,0.0,0.0,15174,-580,50,discharging,None,None
21:13:50.111,staggered,8.3,396.2,158.2,20.5,1104.7,60.0,2400,0.0,0.0,15189,-600,50,discharging,None,None
21:13:50.619,staggered,8.3,396.2,165.4,61.7,1104.7,62.2,2400,0.0,0.0,15162,-583,50,discharging,None,None
21:13:51.122,staggered,8.3,396.3,165.4,56.7,1105.4,60.0,2400,0.0,0.0,15149,-652,50,discharging,None,None
21:13:51.631,staggered,8.3,396.3,165.4,13.1,1105.4,60.6,2400,0.0,0.0,15197,-586,50,discharging,None,None
21:13:52.135,staggered,8.3,396.3,275.6,100.0,1105.4,65.0,2400,0.0,0.0,15157,-601,50,discharging,None,None
21:13:52.638,staggered,8.3,489.8,275.6,13.4,1104.9,59.5,2400,0.0,0.0,15186,-669,50,discharging,None,None
21:13:53.798,staggered,8.2,489.8,756.8,34.3,1104.7,62.2,2400,0.0,0.0,15198,-624,50,discharging,None,None
21:13:54.301,staggered,8.2,833.8,756.8,59.7,1104.7,59.5,2400,0.0,0.0,15176,-715,50,discharging,None,None
21:13:54.808,staggered,8.2,833.8,756.8,40.3,1104.7,63.9,2400,0.0,0.0,15198,-541,50,discharging,None,None
21:13:55.311,staggered,5.8,398.3,181.3,78.1,1104.3,61.7,2400,0.0,0.0,15153,-594,50,discharging,None,None
21:13:55.818,staggered,5.8,398.3,181.3,3.0,1104.0,60.0,2400,0.0,0.0,15187,-654,50,discharging,None,None
21:13:56.322,staggered,8.3,398.8,181.3,80.8,1104.0,60.6,2400,0.0,0.0,15165,-580,50,discharging,None,None
21:13:56.825,staggered,8.3,398.8,165.9,37.6,1104.5,60.0,2400,0.0,0.0,15178,-646,50,discharging,None,None
21:13:57.332,staggered,8.3,398.8,165.9,64.0,1104.5,63.4,2400,0.0,0.0,15196,-581,50,discharging,None,None
21:13:57.836,staggered,8.3,399.3,165.9,36.5,1104.5,62.8,2400,0.0,0.0,15148,-598,50,discharging,None,None
21:13:58.344,staggered,8.3,399.3,162.8,45.0,1104.5,62.8,2400,0.0,0.0,15163,-642,50,discharging,None,None
21:13:58.847,staggered,8.3,403.1,162.8,57.6,1103.8,60.6,2400,0.0,0.0,15154,-629,50,discharging,None,None
21:13:59.351,staggered,8.3,403.1,175.0,39.5,1103.8,60.6,2400,0.0,0.0,15192,-588,50,discharging,None,None
21:13:59.854,staggered,8.3,414.8,175.0,83.6,1104.5,64.5,2400,0.0,0.0,15191,-549,50,discharging,None,None
21:14:00.358,staggered,8.3,414.8,175.0,2.5,1104.5,60.0,2400,0.0,0.0,15181,-640,50,discharging,None,None
21:14:00.864,staggered,8.4,414.8,212.8,74.9,1104.9,63.4,2400,0.0,0.0,15197,-573,50,discharging,None,None
21:14:01.367,staggered,8.4,449.5,212.8,48.0,1106.8,60.0,2400,0.0,0.0,15146,-651,50,discharging,None,None
21:14:01.871,staggered,8.4,449.5,212.8,2.5,1106.6,59.0,2400,0.0,0.0,15193,-637,50,discharging,None,None
21:14:02.383,staggered,8.2,449.5,212.8,97.5,1107.0,63.4,2400,0.0,0.0,15180,-509,50,discharging,None,None
21:14:02.886,staggered,8.2,749.5,533.1,54.5,1106.2,60.0,2400,0.0,0.0,15149,-684,50,discharging,None,None
21:14:03.390,staggered,8.4,749.5,533.1,3.0,1106.2,59.0,2400,0.0,0.0,15191,-649,50,discharging,None,None
21:14:03.903,staggered,8.4,749.5,533.1,91.2,1106.4,63.9,2400,0.0,0.0,15189,-515,50,discharging,None,None
21:14:04.406,staggered,8.4,657.1,409.4,42.6,1105.9,60.0,2400,0.0,0.0,15148,-674,50,discharging,None,None
21:14:04.917,staggered,8.3,657.1,409.4,6.9,1105.5,60.0,2400,0.0,0.0,15192,-630,50,discharging,None,None
21:14:05.421,staggered,8.3,497.6,409.4,100.0,1105.5,64.5,2400,0.0,0.0,15176,-605,50,discharging,None,None
21:14:05.924,staggered,8.3,497.6,261.7,31.8,1104.8,60.0,2400,0.0,0.0,15180,-683,50,discharging,None,None
21:14:06.432,staggered,8.3,497.6,261.7,48.8,1104.8,63.9,2400,0.0,0.0,15186,-570,50,discharging,None,None
21:14:06.935,staggered,7.9,403.4,160.5,70.6,1104.5,61.7,2400,0.0,0.0,15178,-642,50,discharging,None,None
21:14:07.444,staggered,7.9,403.4,160.5,10.4,1104.9,61.1,2400,0.0,0.0,15193,-599,50,discharging,None,None
21:14:07.948,staggered,7.9,399.0,160.5,72.8,1104.5,60.6,2400,0.0,0.0,15147,-601,50,discharging,None,None
21:14:08.451,staggered,8.3,399.0,159.1,36.3,1104.5,60.0,2400,0.0,0.0,15157,-653,50,discharging,None,None
21:14:08.966,staggered,8.3,399.0,159.1,71.0,1104.5,64.5,2400,0.0,0.0,15159,-600,50,discharging,None,None
21:14:09.470,staggered,8.4,410.9,159.1,20.5,1104.2,61.1,2400,0.0,0.0,15184,-595,50,discharging,None,None
21:14:09.975,staggered,8.4,410.9,170.3,63.7,1104.0,63.9,2400,0.0,0.0,15192,-580,50,discharging,None,None
21:14:10.478,staggered,8.4,407.1,170.3,51.2,1104.0,61.1,2400,0.0,0.0,15156,-657,50,discharging,None,None
21:14:10.985,staggered,8.3,407.1,158.9,35.8,1104.8,63.4,2400,0.0,0.0,15194,-600,50,discharging,None,None
21:14:11.489,staggered,8.3,395.3,158.9,82.8,1104.7,62.2,2400,0.0,0.0,15148,-642,50,discharging,None,None
21:14:11.993,staggered,8.3,395.3,158.9,3.0,1104.5,60.6,2400,0.0,0.0,15191,-629,50,discharging,None,None
21:14:12.510,staggered,8.3,395.3,158.9,66.5,1104.5,63.9,2400,0.0,0.0,15171,-528,50,discharging,None,None
21:14:13.013,staggered,8.3,624.3,429.4,69.8,1104.5,61.1,2400,0.0,0.0,15141,-689,50,discharging,None,None
21:14:13.517,staggered,8.3,624.3,429.4,2.5,1104.5,59.5,2400,0.0,0.0,15192,-614,50,discharging,None,None
21:14:14.028,staggered,8.3,624.3,429.4,76.4,1104.0,63.9,2400,0.0,0.0,15160,-527,50,discharging,None,None
21:14:14.532,staggered,8.3,707.8,442.3,67.8,1103.8,60.6,2400,0.0,0.0,15143,-701,50,discharging,None,None
21:14:15.035,staggered,8.3,707.8,442.3,2.5,1103.8,57.9,2400,0.0,0.0,15193,-613,50,discharging,None,None
21:14:15.547,staggered,8.3,707.8,442.3,78.4,1103.8,63.9,2400,0.0,0.0,15159,-535,50,discharging,None,None
21:14:16.051,staggered,8.3,574.3,366.4,56.2,1103.6,61.1,2400,0.0,0.0,15147,-682,50,discharging,None,None
21:14:16.559,staggered,8.3,574.3,366.4,8.0,1103.6,60.6,2400,0.0,0.0,15192,-587,50,discharging,None,None
21:14:17.063,staggered,8.3,407.4,366.4,85.7,1103.6,63.4,2400,0.0,0.0,15152,-587,50,discharging,None,None
21:14:17.567,staggered,8.3,407.4,178.4,29.7,1103.6,60.0,2400,0.0,0.0,15182,-661,50,discharging,None,None
21:14:18.133,staggered,8.3,407.4,178.4,71.8,1103.7,65.5,2400,0.0,0.0,15180,-572,50,discharging,None,None
21:14:18.637,staggered,8.3,587.1,158.7,73.3,1103.9,63.4,2400,0.0,0.0,15143,-655,50,discharging,None,None
21:14:19.144,staggered,8.3,587.1,158.7,7.4,1104.0,60.6,2400,0.0,0.0,15184,-645,50,discharging,None,None
21:14:19.648,staggered,7.0,411.3,158.7,79.6,1104.0,61.1,2400,0.0,0.0,15158,-589,50,discharging,None,None
21:14:20.151,staggered,7.0,411.3,166.5,37.8,1103.8,61.1,2400,0.0,0.0,15169,-646,50,discharging,None,None
21:14:20.659,staggered,8.3,411.3,166.5,64.7,1103.8,65.0,2400,0.0,0.0,15196,-581,50,discharging,None,None
21:14:21.164,staggered,8.3,399.2,166.5,29.2,1104.0,61.1,2400,0.0,0.0,15170,-593,50,discharging,None,None
21:14:21.671,staggered,8.3,399.2,160.2,53.4,1104.0,62.8,2400,0.0,0.0,15168,-619,50,discharging,None,None
21:14:22.175,staggered,8.3,399.2,160.2,55.4,1104.0,62.2,2400,0.0,0.0,15148,-654,50,discharging,None,None
21:14:22.679,staggered,8.3,399.2,161.0,37.1,1104.0,61.7,2400,0.0,0.0,15192,-593,50,discharging,None,None
21:14:23.182,staggered,8.3,403.4,161.0,82.0,1104.0,63.4,2400,0.0,0.0,15161,-581,50,discharging,None,None
21:14:23.686,staggered,8.3,403.4,161.0,2.5,1104.0,59.5,2400,0.0,0.0,15181,-656,50,discharging,None,None
21:14:24.192,staggered,8.3,403.4,311.6,71.4,1103.8,63.4,2400,0.0,0.0,15193,-557,50,discharging,None,None
21:14:24.695,staggered,8.3,517.7,311.6,56.5,1103.3,60.6,2400,0.0,0.0,15143,-671,50,discharging,None,None
21:14:25.199,staggered,8.4,517.7,311.6,3.0,1103.3,59.5,2400,0.0,0.0,15192,-632,50,discharging,None,None
21:14:25.710,staggered,8.4,517.7,311.6,88.7,1103.3,64.5,2400,0.0,0.0,15173,-512,50,discharging,None,None
21:14:26.214,staggered,8.4,713.2,470.3,55.9,1103.3,60.6,2400,0.0,0.0,15145,-696,50,discharging,None,None
21:14:26.718,staggered,8.3,713.2,470.3,2.5,1103.3,59.5,2400,0.0,0.0,15193,-631,50,discharging,None,None
21:14:27.231,staggered,8.3,713.2,470.3,89.9,1103.3,63.9,2400,0.0,0.0,15171,-520,50,discharging,None,None
21:14:27.735,staggered,8.3,619.6,441.0,50.5,1103.1,61.7,2400,0.0,0.0,15146,-693,50,discharging,None,None
21:14:28.247,staggered,8.3,619.6,441.0,10.5,1103.1,60.6,2400,0.0,0.0,15191,-617,50,discharging,None,None
21:14:28.751,staggered,8.3,402.1,441.0,88.8,1103.1,63.9,2400,0.0,0.0,15154,-549,50,discharging,None,None
21:14:29.255,staggered,8.3,402.1,168.9,21.7,1103.1,59.5,2400,0.0,0.0,15155,-656,50,discharging,None,None
21:14:29.763,staggered,8.3,402.1,168.9,73.8,1103.5,65.0,2400,0.0,0.0,15190,-573,50,discharging,None,None
21:14:30.272,staggered,8.4,401.8,168.9,39.7,1103.3,62.8,2400,0.0,0.0,15166,-583,50,discharging,None,None
21:14:30.777,staggered,8.4,401.8,168.2,52.7,1103.3,64.5,2400,0.0,0.0,15164,-629,50,discharging,None,None
21:14:31.281,staggered,7.9,400.2,168.2,48.0,1104.7,60.6,2400,0.0,0.0,15149,-662,50,discharging,None,None
21:14:31.784,staggered,7.9,400.2,162.8,36.2,1105.7,61.1,2400,0.0,0.0,15191,-593,50,discharging,None,None
21:14:32.288,staggered,7.9,395.1,162.8,82.2,1105.4,61.7,2400,0.0,0.0,15165,-581,50,discharging,None,None
21:14:32.791,staggered,8.3,395.1,162.8,2.5,1105.2,60.0,2400,0.0,0.0,15182,-655,50,discharging,None,None
21:14:33.299,staggered,8.3,395.1,339.3,78.6,1104.7,65.0,2400,0.0,0.0,15194,-555,50,discharging,None,None
21:14:33.803,staggered,8.3,529.9,339.3,50.7,1104.5,60.6,2400,0.0,0.0,15141,-667,50,discharging,None,None
21:14:34.306,staggered,8.3,529.9,339.3,3.0,1104.2,59.5,2400,0.0,0.0,15188,-637,50,discharging,None,None
21:14:34.819,staggered,8.3,529.9,339.3,95.6,1104.2,64.5,2400,0.0,0.0,15174,-512,50,discharging,None,None
21:14:35.323,staggered,8.2,737.7,485.1,53.2,1105.0,60.6,2400,0.0,0.0,15142,-692,50,discharging,None,None
21:14:35.826,staggered,8.2,737.7,485.1,3.0,1105.0,60.0,2400,0.0,0.0,15187,-645,50,discharging,None,None
21:14:36.340,staggered,8.4,737.7,485.1,91.7,1105.0,65.0,2400,0.0,0.0,15179,-515,50,discharging,None,None
21:14:36.844,staggered,8.4,611.0,396.4,41.8,1105.0,60.0,2400,0.0,0.0,15144,-676,50,discharging,None,None
21:14:37.355,staggered,8.3,611.0,396.4,17.6,1105.4,60.6,2400,0.0,0.0,15194,-534,50,discharging,None,None
21:14:37.863,staggered,8.3,399.4,396.4,92.8,1105.4,64.5,2400,0.0,0.0,15144,-613,50,discharging,None,None
21:14:38.367,staggered,8.3,399.4,167.8,15.7,1105.0,60.0,2400,0.0,0.0,15182,-651,50,discharging,None,None
21:14:38.875,staggered,8.3,399.7,167.8,78.1,1105.0,65.0,2400,0.0,0.0,15149,-602,50,discharging,None,None
21:14:39.378,staggered,8.3,399.7,163.0,39.6,1104.7,61.7,2400,0.0,0.0,15159,-653,50,discharging,None,None
21:14:39.887,staggered,8.3,399.7,163.0,41.8,1104.7,64.5,2400,0.0,0.0,15186,-575,50,discharging,None,None
21:14:40.391,staggered,8.3,397.8,163.0,42.8,1104.2,60.0,2400,0.0,0.0,15176,-593,50,discharging,None,None
21:14:40.899,staggered,8.3,397.8,158.7,39.5,1103.8,60.6,2400,0.0,0.0,15172,-611,50,discharging,None,None
21:14:41.403,staggered,8.3,391.8,158.7,77.5,1104.2,61.1,2400,0.0,0.0,15143,-652,50,discharging,None,None
21:14:41.911,staggered,8.3,391.8,158.7,18.0,1104.2,62.8,2400,0.0,0.0,15189,-593,50,discharging,None,None
21:14:42.416,staggered,8.3,391.8,175.4,61.4,1104.2,63.9,2400,0.0,0.0,15176,-538,50,discharging,None,None
21:14:42.920,staggered,8.3,586.7,175.4,52.2,1103.8,60.6,2400,0.0,0.0,15154,-668,50,discharging,None,None
21:14:43.423,staggered,7.9,586.7,172.0,37.8,1103.8,60.6,2400,0.0,0.0,15183,-619,50,discharging,None,None
21:14:43.927,staggered,7.9,396.5,172.0,81.6,1103.1,62.8,2400,0.0,0.0,15145,-645,50,discharging,None,None
21:14:44.431,staggered,7.9,396.5,172.0,2.5,1103.1,60.0,2400,0.0,0.0,15188,-607,50,discharging,None,None
21:14:44.935,staggered,8.3,396.5,327.5,73.5,1103.1,63.4,2400,0.0,0.0,15155,-544,50,discharging,None,None
21:14:45.439,staggered,8.3,539.7,327.5,56.7,1103.1,60.6,2400,0.0,0.0,15145,-676,50,discharging,None,None
21:14:45.942,staggered,8.3,539.7,327.5,1.5,1103.5,59.5,2400,0.0,0.0,15188,-582,50,discharging,None,None
21:14:46.455,staggered,8.3,539.7,327.5,89.2,1103.5,63.9,2400,0.0,0.0,15157,-562,50,discharging,None,None
21:14:46.958,staggered,8.3,763.5,531.5,65.0,1103.1,61.1,2400,0.0,0.0,15140,-718,50,discharging,None,None
21:14:47.462,staggered,8.3,763.5,531.5,2.0,1103.1,59.5,2400,0.0,0.0,15189,-596,50,discharging,None,None
21:14:47.975,staggered,8.3,763.5,531.5,80.7,1103.6,64.5,2400,0.0,0.0,15154,-546,50,discharging,None,None
21:14:48.478,staggered,8.2,599.3,438.3,61.8,1103.3,62.2,2400,0.0,0.0,15146,-691,50,discharging,None,None
21:14:48.987,staggered,8.2,599.3,438.3,5.0,1103.3,59.5,2400,0.0,0.0,15190,-584,50,discharging,None,None
21:14:49.492,staggered,8.4,400.5,438.3,83.1,1103.3,62.8,2400,0.0,0.0,15147,-590,50,discharging,None,None
21:14:49.995,staggered,8.4,400.5,162.9,31.8,1102.9,60.0,2400,0.0,0.0,15181,-655,50,discharging,None,None
21:14:50.503,staggered,8.4,400.5,162.9,66.5,1102.9,65.5,2400,0.0,0.0,15170,-581,50,discharging,None,None
21:14:51.006,staggered,8.3,401.8,159.4,50.7,1102.7,64.5,2400,0.0,0.0,15180,-609,50,discharging,None,None
21:14:51.510,staggered,8.3,401.8,159.4,30.8,1103.1,63.4,2400,0.0,0.0,15184,-584,50,discharging,None,None
21:14:52.014,staggered,8.3,407.4,159.4,56.2,1104.3,60.6,2400,0.0,0.0,15141,-643,50,discharging,None,None
21:14:52.518,staggered,8.3,407.4,174.9,37.7,1104.3,60.6,2400,0.0,0.0,15167,-656,50,discharging,None,None
21:14:53.021,staggered,8.3,411.4,174.9,83.5,1104.3,63.9,2400,0.0,0.0,15152,-619,50,discharging,None,None
21:14:53.525,staggered,8.3,411.4,174.9,1.5,1104.3,60.0,2400,0.0,0.0,15182,-596,50,discharging,None,None
21:14:54.032,staggered,8.3,411.4,159.9,83.3,1104.3,64.5,2400,0.0,0.0,15165,-579,50,discharging,None,None
21:14:54.536,staggered,8.3,573.1,159.9,46.0,1103.8,60.0,2400,0.0,0.0,15157,-673,50,discharging,None,None
21:14:55.044,staggered,8.3,573.1,159.9,25.1,1103.6,61.7,2400,0.0,0.0,15194,-559,50,discharging,None,None
21:14:55.548,staggered,7.9,573.1,182.1,91.5,1103.6,65.0,2400,0.0,0.0,15155,-566,50,discharging,None,None
21:14:56.052,staggered,7.9,405.3,182.1,8.5,1103.6,59.5,2400,0.0,0.0,15178,-647,50,discharging,None,None
21:14:56.569,staggered,7.9,405.3,182.1,50.2,1103.6,63.4,2400,0.0,0.0,15192,-540,50,discharging,None,None
21:14:57.073,staggered,8.3,575.7,359.6,78.9,1103.8,62.8,2400,0.0,0.0,15139,-664,50,discharging,None,None
21:14:57.577,staggered,8.3,575.7,359.6,2.0,1103.8,59.5,2400,0.0,0.0,15185,-646,50,discharging,None,None
21:14:58.086,staggered,8.4,575.7,359.6,66.7,1103.8,63.4,2400,0.0,0.0,15177,-513,50,discharging,None,None
21:14:58.590,staggered,8.4,714.8,464.4,78.1,1103.6,61.7,2400,0.0,0.0,15141,-686,50,discharging,None,None
21:14:59.093,staggered,8.4,714.8,464.4,1.5,1103.3,60.0,2400,0.0,0.0,15184,-644,50,discharging,None,None
21:14:59.606,staggered,8.4,714.8,464.4,67.5,1103.3,65.0,2400,0.0,0.0,15177,-516,50,discharging,None,None
21:15:00.109,staggered,8.4,607.5,374.8,66.0,1103.1,61.7,2400,0.0,0.0,15139,-684,50,discharging,None,None
21:15:00.613,staggered,8.3,607.5,374.8,2.0,1103.1,60.0,2400,0.0,0.0,15188,-624,50,discharging,None,None
21:15:01.117,staggered,8.3,410.7,374.8,83.7,1103.5,63.4,2400,0.0,0.0,15155,-539,50,discharging,None,None
21:15:01.621,staggered,8.3,410.7,166.0,35.9,1103.7,60.6,2400,0.0,0.0,15150,-659,50,discharging,None,None
21:15:02.128,staggered,8.3,410.7,166.0,48.5,1103.6,64.5,2400,0.0,0.0,15189,-580,50,discharging,None,None
21:15:02.632,staggered,8.3,407.7,166.0,63.9,1104.0,63.9,2400,0.0,0.0,15150,-595,50,discharging,None,None
21:15:03.140,staggered,8.3,407.7,172.3,17.1,1103.8,62.2,2400,0.0,0.0,15181,-640,50,discharging,None,None
21:15:03.644,staggered,8.3,398.9,172.3,72.9,1103.8,61.7,2400,0.0,0.0,15148,-642,50,discharging,None,None
21:15:04.148,staggered,8.4,398.9,158.1,36.0,1103.4,61.1,2400,0.0,0.0,15186,-631,50,discharging,None,None
21:15:04.656,staggered,8.4,398.9,158.1,71.6,1103.4,65.0,2400,0.0,0.0,15171,-577,50,discharging,None,None
21:15:05.159,staggered,8.3,404.2,158.1,13.0,1103.1,60.0,1900,0.0,0.0,15178,-621,50,discharging,None,None
21:15:05.667,staggered,8.3,404.2,200.7,77.0,1103.1,63.4,2400,0.0,0.0,15171,-567,50,discharging,None,None
21:15:06.170,staggered,8.3,402.1,200.7,50.0,1103.1,60.0,2400,0.0,0.0,15139,-625,50,discharging,None,None
21:15:06.679,staggered,8.3,402.1,200.7,21.9,1103.1,62.8,2400,0.0,0.0,15180,-606,50,discharging,None,None
21:15:07.184,staggered,8.3,402.1,314.3,100.0,1103.1,65.5,2400,0.0,0.0,15152,-575,50,discharging,None,None
21:15:07.687,staggered,7.9,567.3,314.3,21.9,1102.9,60.0,2400,0.0,0.0,15166,-683,50,discharging,None,None
21:15:08.202,staggered,7.9,567.3,314.3,26.6,1103.6,62.2,2400,0.0,0.0,15189,-559,50,discharging,None,None
21:15:08.707,staggered,8.3,567.3,452.6,100.0,1103.6,65.5,2400,0.0,0.0,15148,-584,50,discharging,None,None
21:15:09.211,staggered,8.3,676.4,452.6,13.9,1103.6,60.6,2400,0.0,0.0,15173,-686,50,discharging,None,None
21:15:09.719,staggered,8.3,676.4,452.6,34.8,1103.6,63.4,2400,0.0,0.0,15188,-540,50,discharging,None,None
21:15:10.224,staggered,8.3,676.4,452.6,100.0,1103.4,65.0,2400,0.0,0.0,15148,-600,50,discharging,None,None
21:15:10.728,staggered,8.3,712.7,493.2,18.7,1103.4,60.0,2400,0.0,0.0,15166,-710,50,discharging,None,None
21:15:11.236,staggered,8.3,712.7,493.2,36.0,1103.4,63.4,2400,0.0,0.0,15188,-548,50,discharging,None,None
21:15:11.739,staggered,8.3,406.3,161.4,83.6,1103.4,62.2,2400,0.0,0.0,15144,-601,50,discharging,None,None
21:15:12.243,staggered,8.3,406.3,161.4,2.0,1103.1,59.5,2400,0.0,0.0,15178,-655,50,discharging,None,None
21:15:12.746,staggered,8.3,407.7,161.4,83.7,1103.1,61.7,2400,0.0,0.0,15155,-584,50,discharging,None,None
21:15:13.250,staggered,8.3,407.7,160.4,36.8,1103.1,60.6,2400,0.0,0.0,15162,-655,50,discharging,None,None
21:15:13.759,staggered,8.4,407.7,160.4,55.3,1103.1,65.0,2400,0.0,0.0,15189,-578,50,discharging,None,None
21:15:14.264,staggered,8.4,403.9,160.4,40.2,1103.1,63.4,2400,0.0,0.0,15140,-597,50,discharging,None,None
21:15:14.769,staggered,8.3,403.9,170.7,43.6,1103.1,62.8,2400,0.0,0.0,15161,-645,50,discharging,None,None
21:15:15.272,staggered,8.3,402.4,170.7,65.5,1102.9,61.1,2400,0.0,0.0,15144,-633,50,discharging,None,None
21:15:15.776,staggered,8.3,402.4,175.5,39.5,1102.9,62.8,2400,0.0,0.0,15183,-588,50,discharging,None,None
21:15:16.283,staggered,8.3,399.3,175.5,78.3,1104.8,64.5,2400,0.0,0.0,15176,-552,50,discharging,None,None
21:15:16.787,staggered,8.3,399.3,175.5,5.0,1105.0,59.5,2400,0.0,0.0,15174,-649,50,discharging,None,None
21:15:17.295,staggered,8.3,399.3,219.8,68.2,1105.9,63.4,2400,0.0,0.0,15185,-592,50,discharging,None,None
21:15:17.798,staggered,8.3,457.0,219.8,54.4,1105.9,60.6,2400,0.0,0.0,15134,-675,50,discharging,None,None
21:15:18.470,staggered,8.4,457.0,219.8,9.3,1109.7,60.0,2400,0.0,0.0,15185,-562,50,discharging,None,None
21:15:18.979,staggered,8.4,457.0,411.2,99.5,1119.5,65.5,2400,0.0,0.0,15150,-573,50,discharging,None,None
21:15:19.482,staggered,8.4,689.8,411.2,41.4,1119.5,60.6,2400,0.0,0.0,15141,-706,50,discharging,None,None
21:15:19.991,staggered,7.9,689.8,411.2,7.0,1120.0,60.0,2400,0.0,0.0,15186,-582,50,discharging,None,None
21:15:20.495,staggered,7.9,689.8,411.2,100.0,1120.0,65.0,2400,0.0,0.0,15152,-561,50,discharging,None,None
21:15:20.999,staggered,8.3,711.6,460.0,40.0,1114.4,61.1,2400,0.0,0.0,15140,-700,50,discharging,None,None
21:15:21.507,staggered,8.3,711.6,460.0,7.5,1115.3,62.2,2400,0.0,0.0,15187,-578,50,discharging,None,None
21:15:22.010,staggered,8.2,711.6,460.0,100.0,1115.3,65.5,2400,0.0,0.0,15147,-565,50,discharging,None,None
21:15:22.514,staggered,8.2,614.7,392.6,31.5,1114.9,61.7,2400,0.0,0.0,15151,-689,50,discharging,None,None
21:15:23.023,staggered,8.2,614.7,392.6,26.5,1113.6,63.9,2400,0.0,0.0,15186,-562,50,discharging,None,None
21:15:23.526,staggered,8.4,407.3,163.2,91.6,1113.6,63.9,2400,0.0,0.0,15141,-594,50,discharging,None,None
21:15:24.030,staggered,8.4,407.3,163.2,3.5,1111.3,60.0,2400,0.0,0.0,15176,-656,50,discharging,None,None
21:15:24.533,staggered,8.3,407.1,163.2,84.2,1113.1,64.5,2400,0.0,0.0,15153,-590,50,discharging,None,None
21:15:25.037,staggered,8.3,407.1,163.6,36.5,1112.8,61.7,2400,0.0,0.0,15171,-645,50,discharging,None,None
21:15:25.544,staggered,8.3,407.1,163.6,47.8,1112.8,65.5,2400,0.0,0.0,15183,-582,50,discharging,None,None
21:15:26.048,staggered,8.3,407.5,163.6,38.8,1111.2,60.6,1500,0.0,0.0,15137,-607,50,discharging,None,None
21:15:26.558,staggered,8.3,407.5,170.1,45.3,1111.2,61.7,2400,0.0,0.0,15154,-622,50,discharging,None,None
21:15:27.061,staggered,8.3,403.3,170.1,74.6,1109.8,62.2,2400,0.0,0.0,15143,-607,50,discharging,None,None
21:15:27.568,staggered,8.3,403.3,170.1,26.6,1109.8,64.5,2400,0.0,0.0,15178,-593,50,discharging,None,None
21:15:28.081,staggered,8.4,403.3,163.4,81.2,1109.8,65.5,2400,0.0,0.0,15175,-575,50,discharging,None,None
21:15:28.585,staggered,8.4,399.3,163.4,13.7,1109.2,61.7,2400,0.0,0.0,15169,-655,50,discharging,None,None
21:15:29.096,staggered,8.4,399.3,241.3,57.4,1109.1,63.4,2400,0.0,0.0,15188,-565,50,discharging,None,None
21:15:29.599,staggered,8.3,476.2,241.3,64.4,1108.9,61.1,2400,0.0,0.0,15135,-648,50,discharging,None,None
21:15:30.103,staggered,8.3,476.2,241.3,2.0,1107.9,59.5,2400,0.0,0.0,15182,-647,50,discharging,None,None
21:15:30.966,staggered,8.3,476.2,241.3,89.2,1107.9,66.1,2400,0.0,0.0,15138,-673,50,discharging,None,None
21:15:31.469,staggered,8.3,835.1,721.9,19.3,1107.2,60.6,2400,0.0,0.0,15175,-678,50,discharging,None,None
21:15:31.977,staggered,8.3,835.1,721.9,28.6,1106.9,62.8,2400,0.0,0.0,15186,-515,50,discharging,None,None
21:15:32.481,staggered,6.0,524.2,298.7,100.0,1107.3,65.0,2400,0.0,0.0,15136,-641,50,discharging,None,None
21:15:32.984,staggered,6.0,524.2,298.7,5.0,1106.6,60.6,2400,0.0,0.0,15176,-665,50,discharging,None,None
21:15:33.492,staggered,8.3,524.2,298.7,66.5,1106.6,65.5,2400,0.0,0.0,15155,-565,50,discharging,None,None
21:15:33.995,staggered,8.3,394.2,160.8,51.7,1106.3,61.1,2400,0.0,0.0,15148,-655,50,discharging,None,None
21:15:34.503,staggered,8.3,394.2,160.8,30.3,1106.3,63.4,2400,0.0,0.0,15184,-583,50,discharging,None,None
21:15:35.006,staggered,8.3,399.9,160.8,54.2,1105.6,60.0,2400,0.0,0.0,15141,-594,50,discharging,None,None
21:15:35.510,staggered,8.3,399.9,167.4,37.1,1105.4,60.6,2400,0.0,0.0,15167,-642,50,discharging,None,None
21:15:36.014,staggered,8.3,395.2,167.4,82.2,1105.9,61.7,2400,0.0,0.0,15144,-637,50,discharging,None,None
21:15:36.523,staggered,8.3,395.2,167.4,24.0,1105.9,62.2,2400,0.0,0.0,15185,-583,50,discharging,None,None
21:15:37.028,staggered,8.3,395.2,167.4,69.0,1105.9,64.5,2400,0.0,0.0,15166,-559,50,discharging,None,None
21:15:37.532,staggered,8.3,399.5,167.4,29.4,1105.9,60.0,2400,0.0,0.0,15174,-648,50,discharging,None,None
21:15:38.040,staggered,8.3,399.5,151.5,49.0,1105.4,62.2,2400,0.0,0.0,15179,-587,50,discharging,None,None
21:15:38.544,staggered,8.3,363.1,151.5,57.7,1105.4,60.0,2400,0.0,0.0,15135,-638,50,discharging,None,None
21:15:39.047,staggered,8.3,363.1,151.5,0.0,1104.5,59.5,2400,0.0,0.0,15184,-584,50,discharging,None,None
21:15:39.559,staggered,8.3,363.1,151.5,86.8,1104.5,65.0,2400,0.0,0.0,15149,-546,50,discharging,None,None
21:15:40.062,staggered,8.3,663.9,474.3,47.0,1104.5,60.6,2400,0.0,0.0,15140,-687,50,discharging,None,None
21:15:40.566,staggered,8.3,663.9,474.3,0.0,1104.5,60.0,2400,0.0,0.0,15183,-572,50,discharging,None,None
21:15:41.079,staggered,8.3,663.9,474.3,97.1,1104.5,64.5,2400,0.0,0.0,15143,-567,50,discharging,None,None
21:15:41.583,staggered,8.3,543.1,328.6,15.9,1104.7,60.0,1900,0.0,0.0,15172,-649,50,discharging,None,None
21:15:42.091,staggered,8.3,543.1,328.6,31.3,1104.2,63.4,2400,0.0,0.0,15193,-495,50,discharging,None,None
21:15:42.595,staggered,8.3,378.3,149.8,77.5,1104.2,61.7,2400,0.0,0.0,15143,-582,50,discharging,None,None
21:15:43.099,staggered,8.3,378.3,149.8,0.5,1104.2,59.5,2400,0.0,0.0,15182,-617,50,discharging,None,None
21:15:43.602,staggered,8.3,367.5,149.8,74.8,1104.2,61.1,2400,0.0,0.0,15142,-588,50,discharging,None,None
21:15:44.106,staggered,8.3,367.5,147.7,32.2,1103.8,60.0,2400,0.0,0.0,15145,-636,50,discharging,None,None
21:15:44.615,staggered,8.3,367.5,147.7,67.3,1103.8,64.5,2400,0.0,0.0,15167,-569,50,discharging,None,None
21:15:45.120,staggered,8.3,362.8,147.7,24.5,1103.3,62.8,2400,0.0,0.0,15175,-577,50,discharging,None,None
21:15:45.624,staggered,8.3,362.8,150.0,53.2,1103.3,63.9,2400,0.0,0.0,15182,-575,50,discharging,None,None
21:15:46.128,staggered,8.3,364.1,150.0,37.3,1103.3,60.6,2400,0.0,0.0,15146,-636,50,discharging,None,None
21:15:46.637,staggered,8.3,364.1,151.4,38.0,1103.3,62.8,2400,0.0,0.0,15184,-597,50,discharging,None,None
21:15:47.141,staggered,8.3,366.9,151.4,68.3,1103.5,60.6,1500,0.0,0.0,15134,-635,50,discharging,None,None
21:15:47.645,staggered,8.3,366.9,151.4,2.9,1103.5,59.0,1500,0.0,0.0,15189,-585,50,discharging,None,None
21:15:48.156,staggered,8.3,366.9,151.4,81.9,1103.5,63.9,2400,0.0,0.0,15172,-444,50,discharging,None,None
21:15:48.659,staggered,8.3,608.8,434.8,47.3,1103.1,60.0,2400,0.0,0.0,15131,-622,50,discharging,None,None
21:15:49.163,staggered,8.3,608.8,434.8,0.0,1102.9,58.4,2400,0.0,0.0,15184,-590,50,discharging,None,None
21:15:49.672,staggered,8.3,608.8,434.8,96.6,1102.9,64.5,2400,0.0,0.0,15143,-546,50,discharging,None,None
21:15:50.175,staggered,8.3,618.6,379.2,27.5,1102.9,58.4,2400,0.0,0.0,15155,-666,50,discharging,None,None
21:15:50.683,staggered,8.3,618.6,379.2,16.7,1102.9,61.1,2400,0.0,0.0,15185,-549,50,discharging,None,None
21:15:51.187,staggered,8.3,376.2,178.3,93.0,1102.9,62.8,2400,0.0,0.0,15138,-584,50,discharging,None,None
21:15:51.690,staggered,8.3,376.2,178.3,0.0,1102.9,59.5,2400,0.0,0.0,15173,-639,50,discharging,None,None
21:15:52.194,staggered,8.3,366.4,178.3,75.1,1102.9,62.2,2400,0.0,0.0,15154,-574,50,discharging,None,None
21:15:52.697,staggered,8.3,366.4,151.0,32.8,1103.3,60.6,2400,0.0,0.0,15156,-636,50,discharging,None,None
21:15:53.204,staggered,8.3,366.4,151.0,51.2,1103.3,63.4,2400,0.0,0.0,15186,-558,50,discharging,None,None
21:15:53.709,staggered,8.3,379.1,151.0,30.3,1103.3,61.1,2400,0.0,0.0,15158,-560,50,discharging,None,None
21:15:54.216,staggered,8.3,379.1,152.0,46.8,1103.1,62.2,2400,0.0,0.0,15160,-608,50,discharging,None,None
21:15:54.720,staggered,8.3,361.6,152.0,56.4,1103.1,60.6,2400,0.0,0.0,15136,-636,50,discharging,None,None
21:15:55.223,staggered,8.3,361.6,151.4,32.5,1102.9,62.2,2400,0.0,0.0,15182,-577,50,discharging,None,None
21:15:55.727,staggered,8.3,360.9,151.4,75.1,1102.9,61.7,2400,0.0,0.0,15137,-585,50,discharging,None,None
21:15:56.230,staggered,8.3,360.9,151.4,0.0,1102.9,59.5,2400,0.0,0.0,15172,-636,50,discharging,None,None
21:15:56.744,staggered,8.3,360.9,151.4,68.5,1102.9,63.9,2400,0.0,0.0,15177,-534,50,discharging,None,None
21:15:57.248,staggered,8.3,559.4,374.9,55.9,1102.6,61.1,2400,0.0,0.0,15130,-671,50,discharging,None,None
21:15:57.752,staggered,8.3,559.4,374.9,0.0,1102.6,59.5,2400,0.0,0.0,15182,-618,50,discharging,None,None
21:15:58.263,staggered,8.3,559.4,374.9,88.3,1102.6,62.8,1900,0.0,0.0,15152,-518,50,discharging,None,None
21:15:58.766,staggered,8.3,710.0,487.9,54.5,1102.6,60.6,2400,0.0,0.0,15134,-670,50,discharging,None,None
21:15:59.270,staggered,8.3,710.0,487.9,0.0,1102.6,59.5,2400,0.0,0.0,15183,-583,50,discharging,None,None
21:15:59.782,staggered,8.3,444.8,487.9,90.2,1102.6,63.9,2400,0.0,0.0,15151,-522,50,discharging,None,None
21:16:00.286,staggered,8.3,444.8,233.3,24.4,1102.6,60.6,2400,0.0,0.0,15145,-652,50,discharging,None,None
21:16:00.796,staggered,8.3,444.8,233.3,44.0,1102.6,64.5,2400,0.0,0.0,15182,-561,50,discharging,None,None
21:16:01.300,staggered,8.3,367.1,153.0,63.1,1102.6,61.7,2400,0.0,0.0,15135,-577,50,discharging,None,None
21:16:01.813,staggered,8.3,367.1,153.0,14.8,1102.6,61.1,2400,0.0,0.0,15173,-636,50,discharging,None,None
21:16:02.317,staggered,8.3,363.4,153.0,60.1,1102.6,60.6,2400,0.0,0.0,15139,-625,50,discharging,None,None
21:16:02.821,staggered,8.3,363.4,150.8,33.2,1103.1,60.6,2400,0.0,0.0,15172,-628,50,discharging,None,None
21:16:03.324,staggered,8.3,363.5,150.8,75.1,1103.1,62.8,2400,0.0,0.0,15165,-571,50,discharging,None,None
21:16:03.832,staggered,8.3,363.5,150.8,7.8,1106.8,60.6,2400,0.0,0.0,15172,-587,50,discharging,None,None
21:16:04.336,staggered,8.3,363.5,151.8,79.6,1106.8,64.5,2400,0.0,0.0,15148,-577,50,discharging,None,None
21:16:04.840,staggered,8.3,362.3,151.8,21.0,1106.2,59.5,2400,0.0,0.0,15143,-637,50,discharging,None,None
21:16:05.348,staggered,8.3,362.3,151.8,40.0,1106.2,63.9,2400,0.0,0.0,15183,-569,50,discharging,None,None
21:16:05.851,staggered,8.3,506.6,323.7,80.5,1105.8,61.1,2400,0.0,0.0,15140,-602,50,discharging,None,None
21:16:06.355,staggered,8.3,506.6,323.7,0.0,1105.8,60.0,2400,0.0,0.0,15171,-664,50,discharging,None,None
21:16:06.867,staggered,8.3,506.6,323.7,64.2,1105.4,64.5,2400,0.0,0.0,15183,-513,50,discharging,None,None
21:16:07.370,staggered,8.3,632.3,399.5,63.9,1105.4,61.1,2400,0.0,0.0,15136,-640,50,discharging,None,None
21:16:07.874,staggered,8.3,632.3,399.5,0.0,1104.8,59.0,2400,0.0,0.0,15176,-647,50,discharging,None,None
21:16:08.381,staggered,8.3,632.3,399.5,81.2,1104.8,62.8,1900,0.0,0.0,15177,-510,50,discharging,None,None
21:16:08.885,staggered,8.3,504.1,301.8,41.6,1104.9,60.6,2400,0.0,0.0,15134,-649,50,discharging,None,None
21:16:09.392,staggered,8.3,504.1,301.8,23.6,1104.9,62.8,2400,0.0,0.0,15181,-598,50,discharging,None,None
21:16:09.897,staggered,8.3,363.2,301.8,75.6,1104.9,63.9,2400,0.0,0.0,15141,-568,50,discharging,None,None
21:16:10.401,staggered,8.3,363.2,151.7,8.5,1104.7,59.5,2400,0.0,0.0,15162,-636,50,discharging,None,None
21:16:10.904,staggered,8.3,359.4,151.7,74.6,1104.3,61.1,2400,0.0,0.0,15162,-572,50,discharging,None,None
21:16:11.408,staggered,8.3,359.4,150.8,32.3,1104.3,60.0,2400,0.0,0.0,15171,-578,50,discharging,None,None
21:16:11.912,staggered,8.3,359.4,150.8,61.9,1104.5,64.5,2400,0.0,0.0,15173,-574,50,discharging,None,None
21:16:12.416,staggered,8.3,367.0,150.8,13.0,1104.3,59.5,2400,0.0,0.0,15145,-633,50,discharging,None,None
21:16:12.924,staggered,8.3,367.0,147.8,63.2,1104.3,64.5,2400,0.0,0.0,15168,-622,50,discharging,None,None
21:16:13.427,staggered,8.3,367.3,147.8,44.6,1104.2,60.0,2400,0.0,0.0,15137,-635,50,discharging,None,None
21:16:13.935,staggered,8.3,367.3,147.8,20.1,1103.6,61.1,1800,0.0,0.0,15184,-570,50,discharging,None,None
21:16:14.452,staggered,8.3,449.5,271.4,90.4,1103.6,61.7,2400,0.0,0.0,15154,-512,50,discharging,None,None
21:16:14.955,staggered,8.3,449.5,271.4,0.5,1103.6,59.0,2400,0.0,0.0,15170,-620,50,discharging,None,None
21:16:15.466,staggered,8.3,449.5,271.4,53.7,1103.6,63.9,2400,0.0,0.0,15183,-531,50,discharging,None,None
21:16:15.970,staggered,8.3,733.6,511.7,93.1,1103.6,62.8,2400,0.0,0.0,15135,-605,50,discharging,None,None
21:16:16.473,staggered,8.3,733.6,511.7,0.0,1103.6,59.0,2400,0.0,0.0,15165,-707,50,discharging,None,None
21:16:16.980,staggered,8.3,733.6,511.7,51.2,1103.6,63.9,2400,0.0,0.0,15182,-531,50,discharging,None,None
21:16:17.484,staggered,8.3,499.4,290.9,67.7,1103.6,60.6,2400,0.0,0.0,15137,-603,50,discharging,None,None
21:16:17.988,staggered,8.3,499.4,290.9,0.0,1103.3,59.5,2400,0.0,0.0,15170,-656,50,discharging,None,None
21:16:18.491,staggered,8.3,363.3,290.9,74.6,1103.3,61.1,2400,0.0,0.0,15170,-541,50,discharging,None,None
21:16:18.995,staggered,8.3,363.3,151.3,32.8,1103.3,61.1,2400,0.0,0.0,15154,-635,50,discharging,None,None
21:16:19.503,staggered,8.3,363.3,151.3,61.7,1103.7,63.9,2400,0.0,0.0,15182,-570,50,discharging,None,None
21:16:20.006,staggered,8.3,379.0,151.5,45.6,1103.8,63.4,2400,0.0,0.0,15136,-554,50,discharging,None,None
21:16:20.515,staggered,8.3,379.0,151.5,32.0,1103.8,63.4,2400,0.0,0.0,15156,-620,50,discharging,None,None
21:16:21.019,staggered,8.3,362.9,151.5,46.6,1103.5,59.5,2400,0.0,0.0,15137,-621,50,discharging,None,None
21:16:21.522,staggered,8.3,362.9,151.3,32.7,1103.5,60.6,2400,0.0,0.0,15179,-577,50,discharging,None,None
21:16:22.026,staggered,8.3,363.8,151.3,75.0,1103.5,61.1,2400,0.0,0.0,15159,-570,50,discharging,None,None
21:16:22.529,staggered,8.3,363.8,151.3,0.0,1103.5,59.0,2400,0.0,0.0,15169,-636,50,discharging,None,None
21:16:23.037,staggered,8.3,363.8,231.5,93.6,1103.5,64.5,2400,0.0,0.0,15172,-564,50,discharging,None,None
21:16:23.540,staggered,21.3,464.4,231.5,31.0,1103.5,60.0,2400,0.0,0.0,15129,-660,50,discharging,None,None
21:16:24.058,staggered,21.3,464.4,231.5,18.7,1102.8,61.7,2400,0.0,0.0,15178,-612,50,discharging,None,None
21:16:24.563,staggered,8.3,464.4,510.1,100.0,1105.6,63.9,2400,0.0,0.0,15147,-527,50,discharging,None,None
21:16:25.066,staggered,8.3,728.0,510.1,30.7,1106.5,60.6,2400,0.0,0.0,15130,-691,50,discharging,None,None
21:16:25.575,staggered,8.4,728.0,510.1,17.0,1106.5,61.7,2400,0.0,0.0,15178,-526,50,discharging,None,None
21:16:26.082,staggered,8.4,728.0,510.1,100.0,1107.0,64.5,2400,0.0,0.0,15136,-614,50,discharging,None,None
21:16:26.586,staggered,8.4,674.5,497.7,29.7,1107.0,61.1,2400,0.0,0.0,15167,-700,50,discharging,None,None
21:16:27.092,staggered,8.3,674.5,497.7,27.1,1105.3,62.8,2400,0.0,0.0,15179,-532,50,discharging,None,None
21:16:27.596,staggered,8.3,395.4,160.3,91.5,1105.3,64.5,2400,0.0,0.0,15131,-623,50,discharging,None,None
21:16:28.099,staggered,8.3,395.4,160.3,11.4,1103.9,60.0,2400,0.0,0.0,15170,-658,50,discharging,None,None
21:16:28.603,staggered,8.3,392.5,160.3,81.7,1103.9,63.4,2400,0.0,0.0,15138,-613,50,discharging,None,None
21:16:29.106,staggered,8.3,392.5,163.6,37.1,1103.9,60.0,2400,0.0,0.0,15136,-657,50,discharging,None,None
21:16:29.615,staggered,7.9,392.5,163.6,51.7,1103.9,65.0,2400,0.0,0.0,15169,-562,50,discharging,None,None
21:16:30.118,staggered,7.9,410.0,163.6,35.5,1104.2,60.6,2400,0.0,0.0,15166,-583,50,discharging,None,None
21:16:30.627,staggered,8.3,410.0,158.7,47.3,1104.2,62.2,2400,0.0,0.0,15167,-607,50,discharging,None,None
21:16:31.130,staggered,8.3,395.5,158.7,70.1,1104.2,61.1,2400,0.0,0.0,15131,-653,50,discharging,None,None
21:16:31.639,staggered,8.3,395.5,158.7,30.0,1104.2,63.4,2400,0.0,0.0,15177,-601,50,discharging,None,None
21:16:32.144,staggered,8.3,395.5,164.0,80.8,1104.2,65.0,2400,0.0,0.0,15133,-597,50,discharging,None,None
21:16:32.647,staggered,8.3,406.8,164.0,11.3,1103.8,60.6,2400,0.0,0.0,15166,-649,50,discharging,None,None
21:16:33.155,staggered,8.4,406.8,208.9,59.5,1103.9,65.0,2400,0.0,0.0,15163,-563,50,discharging,None,None
21:16:33.658,staggered,8.4,481.7,208.9,63.2,1104.1,61.7,2400,0.0,0.0,15127,-664,50,discharging,None,None
21:16:34.162,staggered,8.3,481.7,208.9,2.5,1104.1,60.0,2400,0.0,0.0,15176,-604,50,discharging,None,None
21:16:34.678,staggered,8.3,481.7,208.9,81.3,1104.1,63.9,2400,0.0,0.0,15146,-532,50,discharging,None,None
21:16:35.182,staggered,8.3,768.8,567.4,73.2,1103.9,61.7,2400,0.0,0.0,15130,-705,50,discharging,None,None
21:16:35.686,staggered,8.3,768.8,567.4,2.5,1104.8,60.0,2400,0.0,0.0,15176,-614,50,discharging,None,None
21:16:36.197,staggered,8.3,768.8,567.4,72.6,1104.8,64.5,2400,0.0,0.0,15147,-520,50,discharging,None,None
21:16:36.701,staggered,8.2,740.4,506.8,79.5,1104.3,62.2,2400,0.0,0.0,15127,-702,50,discharging,None,None
21:16:37.204,staggered,8.2,740.4,506.8,2.0,1104.3,60.0,2400,0.0,0.0,15173,-634,50,discharging,None,None
21:16:37.712,staggered,8.4,740.4,506.8,68.3,1104.3,65.0,2400,0.0,0.0,15161,-520,50,discharging,None,None
21:16:38.215,staggered,8.4,450.7,218.1,54.0,1104.3,61.1,2400,0.0,0.0,15129,-664,50,discharging,None,None
21:16:38.723,staggered,8.4,450.7,218.1,22.8,1104.3,63.4,2400,0.0,0.0,15176,-596,50,discharging,None,None
21:16:39.227,staggered,8.3,395.0,218.1,74.4,1103.7,63.4,2400,0.0,0.0,15131,-594,50,discharging,None,None
21:16:39.731,staggered,8.3,395.0,158.5,24.3,1103.7,59.5,1900,0.0,0.0,15169,-657,50,discharging,None,None
21:16:40.239,staggered,8.3,395.0,158.5,82.9,1103.7,64.5,2400,0.0,0.0,15158,-561,50,discharging,None,None
21:16:40.743,staggered,8.3,547.3,173.0,63.9,1104.6,62.2,2400,0.0,0.0,15156,-625,50,discharging,None,None
21:16:41.251,staggered,8.3,547.3,173.0,18.8,1105.0,62.8,2400,0.0,0.0,15169,-613,50,discharging,None,None
21:16:41.754,staggered,7.6,403.1,173.0,66.0,1105.0,60.6,2400,0.0,0.0,15131,-639,50,discharging,None,None
21:16:42.258,staggered,7.6,403.1,163.3,36.3,1104.8,60.0,2400,0.0,0.0,15154,-655,50,discharging,None,None
21:16:42.766,staggered,8.3,401.7,163.3,77.6,1104.8,64.5,2400,0.0,0.0,15149,-582,50,discharging,None,None
21:16:43.275,staggered,8.3,401.7,163.3,8.9,1104.3,60.0,2400,0.0,0.0,15165,-595,50,discharging,None,None
21:16:43.784,staggered,8.3,401.7,175.4,76.7,1104.3,65.0,2400,0.0,0.0,15152,-589,50,discharging,None,None
21:16:44.287,staggered,8.3,396.3,175.4,40.8,1104.1,59.5,2400,0.0,0.0,15129,-658,50,discharging,None,None
21:16:44.796,staggered,8.3,396.3,175.4,33.8,1104.6,62.8,2400,0.0,0.0,15174,-585,50,discharging,None,None
21:16:45.299,staggered,8.4,435.8,211.6,85.1,1108.8,62.8,2400,0.0,0.0,15131,-614,50,discharging,None,None
21:16:45.803,staggered,8.4,435.8,211.6,2.5,1108.4,60.0,2400,0.0,0.0,15166,-660,50,discharging,None,None
21:16:46.318,staggered,8.3,435.8,211.6,61.4,1115.0,63.9,2400,0.0,0.0,15178,-519,50,discharging,None,None
21:16:46.822,staggered,8.3,715.5,498.2,83.6,1116.8,62.2,2400,0.0,0.0,15128,-658,50,discharging,None,None
21:16:47.326,staggered,8.5,715.5,498.2,2.5,1116.8,60.6,2400,0.0,0.0,15165,-670,50,discharging,None,None
21:16:47.835,staggered,8.5,715.5,498.2,62.1,1116.8,64.5,2400,0.0,0.0,15177,-519,50,discharging,None,None
21:16:48.339,staggered,8.5,730.9,496.3,87.7,1116.8,63.4,2400,0.0,0.0,15128,-661,50,discharging,None,None
21:16:48.843,staggered,8.3,730.9,496.3,3.0,1113.6,60.6,2400,0.0,0.0,15165,-680,50,discharging,None,None
21:16:49.351,staggered,8.3,730.9,496.3,58.5,1113.6,63.9,2400,0.0,0.0,15177,-517,50,discharging,None,None
21:16:49.855,staggered,8.3,416.6,182.0,60.0,1112.1,61.7,2400,0.0,0.0,15128,-653,50,discharging,None,None
21:16:50.364,staggered,8.3,416.6,182.0,19.9,1112.1,61.1,2400,0.0,0.0,15176,-627,50,discharging,None,None
21:16:50.876,staggered,8.2,405.9,182.0,73.2,1111.8,62.2,2400,0.0,0.0,15136,-560,50,discharging,None,None
21:16:51.379,staggered,8.2,405.9,174.0,30.5,1111.7,60.0,2400,0.0,0.0,15138,-641,50,discharging,None,None
21:16:51.886,staggered,8.2,395.4,174.0,79.6,1111.7,64.5,2400,0.0,0.0,15162,-579,50,discharging,None,None
21:16:52.395,staggered,8.4,395.4,174.0,39.4,1109.8,64.5,2400,0.0,0.0,15164,-600,50,discharging,None,None
21:16:52.899,staggered,8.4,395.4,178.8,54.2,1109.8,64.5,2400,0.0,0.0,15165,-610,50,discharging,None,None
21:16:53.403,staggered,7.9,395.0,178.8,39.1,1108.8,60.6,2400,0.0,0.0,15127,-665,50,discharging,None,None
21:16:53.908,staggered,7.9,395.0,158.1,43.3,1108.3,63.4,2400,0.0,0.0,15174,-604,50,discharging,None,None
21:16:54.412,staggered,7.9,395.3,158.1,75.1,1108.3,61.7,2400,0.0,0.0,15128,-610,50,discharging,None,None
21:16:54.915,staggered,8.3,395.3,158.1,2.5,1107.3,60.0,2400,0.0,0.0,15165,-647,50,discharging,None,None
21:16:55.423,staggered,8.3,395.3,298.2,86.1,1107.3,65.5,2400,0.0,0.0,15158,-548,50,discharging,None,None
21:16:55.926,staggered,8.3,523.1,298.2,39.4,1108.4,60.6,2400,0.0,0.0,15121,-667,50,discharging,None,None
21:16:56.435,staggered,8.3,523.1,298.2,9.9,1108.4,61.1,2400,0.0,0.0,15174,-606,50,discharging,None,None
21:16:56.948,staggered,8.2,523.1,298.2,100.0,1108.4,63.9,2400,0.0,0.0,15140,-538,50,discharging,None,None
21:16:57.452,staggered,8.2,712.3,473.4,37.6,1108.4,61.1,2400,0.0,0.0,15124,-704,50,discharging,None,None
21:16:57.959,staggered,8.2,712.3,473.4,11.9,1107.5,61.1,2400,0.0,0.0,15173,-521,50,discharging,None,None
21:16:58.468,staggered,8.4,712.3,473.4,100.0,1107.5,65.0,2400,0.0,0.0,15129,-635,50,discharging,None,None
21:16:58.972,staggered,8.4,659.6,444.8,32.5,1107.0,60.6,2400,0.0,0.0,15163,-691,50,discharging,None,None
21:16:59.480,staggered,8.3,659.6,444.8,24.1,1107.0,63.9,2400,0.0,0.0,15174,-531,50,discharging,None,None
21:16:59.984,staggered,8.3,399.2,169.6,92.0,1106.8,64.5,2400,0.0,0.0,15137,-642,50,discharging,None,None
21:17:00.487,staggered,8.3,399.2,169.6,3.5,1106.8,59.5,1900,0.0,0.0,15171,-632,50,discharging,None,None
21:17:00.995,staggered,8.3,415.1,169.6,84.0,1106.8,63.9,2400,0.0,0.0,15133,-572,50,discharging,None,None
21:17:01.498,staggered,8.3,415.1,157.6,38.1,1105.8,61.1,2400,0.0,0.0,15132,-632,50,discharging,None,None
21:17:02.007,staggered,8.4,415.1,157.6,44.2,1151.0,63.9,2400,0.0,0.0,15158,-577,50,discharging,None,None
21:17:02.510,staggered,8.4,403.3,157.6,40.4,1153.6,60.6,2400,0.0,0.0,15163,-597,50,discharging,None,None
21:17:03.020,staggered,8.3,403.3,167.0,41.8,1153.7,61.1,2400,0.0,0.0,15171,-597,50,discharging,None,None
21:17:03.523,staggered,8.3,403.8,167.0,76.8,1153.9,62.2,2400,0.0,0.0,15125,-658,50,discharging,None,None
21:17:04.027,staggered,8.3,403.8,167.0,25.5,1150.7,63.4,2400,0.0,0.0,15173,-617,50,discharging,None,None
21:17:04.535,staggered,8.3,403.8,170.7,62.5,1150.7,65.0,2400,0.0,0.0,15155,-568,50,discharging,None,None
21:17:05.039,staggered,8.3,406.7,170.7,42.3,1143.0,60.6,2400,0.0,0.0,15162,-650,50,discharging,None,None
21:17:05.547,staggered,7.9,406.7,170.7,38.9,1143.0,61.7,2400,0.0,0.0,15150,-607,50,discharging,None,None
21:17:06.051,staggered,7.9,410.4,170.7,79.9,1137.3,62.2,2400,0.0,0.0,15124,-659,50,discharging,None,None
21:17:06.555,staggered,7.9,410.4,170.7,1.5,1137.3,59.5,2400,0.0,0.0,15171,-598,50,discharging,None,None
21:17:07.063,staggered,8.4,410.4,304.1,82.1,1135.8,64.5,2400,0.0,0.0,15137,-561,50,discharging,None,None
21:17:07.566,staggered,8.4,532.9,304.1,46.8,1133.7,61.7,2400,0.0,0.0,15152,-675,50,discharging,None,None
21:17:08.070,staggered,8.3,532.9,304.1,1.5,1128.4,59.5,2400,0.0,0.0,15174,-555,50,discharging,None,None
21:17:08.582,staggered,8.3,532.9,304.1,99.0,1128.8,65.0,2400,0.0,0.0,15132,-590,50,discharging,None,None
21:17:09.086,staggered,8.3,675.9,456.2,38.1,1125.9,61.1,2400,0.0,0.0,15161,-688,50,discharging,None,None
21:17:09.596,staggered,8.3,675.9,456.2,9.0,1125.9,61.1,2400,0.0,0.0,15175,-538,50,discharging,None,None
21:17:10.104,staggered,8.3,675.9,456.2,100.0,1123.6,65.0,2400,0.0,0.0,15130,-607,50,discharging,None,None
21:17:10.607,staggered,8.3,671.4,461.5,38.7,1121.2,60.6,2400,0.0,0.0,15155,-709,50,discharging,None,None
21:17:11.115,staggered,8.3,671.4,461.5,18.5,1119.6,60.6,1600,0.0,0.0,15179,-531,50,discharging,None,None
21:17:11.619,staggered,8.4,417.5,461.5,95.5,1119.9,65.0,2400,0.0,0.0,15129,-583,50,discharging,None,None
21:17:12.123,staggered,8.4,417.5,161.3,9.5,1118.8,60.0,2400,0.0,0.0,15163,-644,50,discharging,None,None
21:17:12.636,staggered,8.3,417.5,161.3,77.1,1118.8,64.5,2400,0.0,0.0,15137,-593,50,discharging,None,None
21:17:13.139,staggered,8.3,400.8,169.6,42.9,1115.8,61.7,2400,0.0,0.0,15144,-656,50,discharging,None,None
21:17:13.647,staggered,8.3,400.8,169.6,39.2,1117.6,65.5,2400,0.0,0.0,15172,-581,50,discharging,None,None
21:17:14.150,staggered,8.3,410.8,169.6,45.0,1115.1,60.6,2400,0.0,0.0,15142,-597,50,discharging,None,None
21:17:14.656,staggered,8.3,410.8,159.9,36.2,1115.1,60.0,2400,0.0,0.0,15146,-632,50,discharging,None,None
21:17:15.159,staggered,8.3,397.7,159.9,81.2,1114.7,62.8,2400,0.0,0.0,15127,-649,50,discharging,None,None
21:17:15.667,staggered,8.3,397.7,159.9,20.0,1114.7,62.8,2400,0.0,0.0,15170,-595,50,discharging,None,None
21:17:16.171,staggered,8.3,397.7,171.8,78.8,1111.4,65.0,2400,0.0,0.0,15149,-580,50,discharging,None,None
21:17:16.675,staggered,8.3,582.5,171.8,34.5,1111.4,60.6,2400,0.0,0.0,15154,-676,50,discharging,None,None
21:17:17.178,staggered,8.3,582.5,157.9,36.0,1111.7,61.1,2400,0.0,0.0,15173,-585,50,discharging,None,None
21:17:17.682,staggered,7.9,399.6,157.9,82.1,1111.7,63.4,2400,0.0,0.0,15125,-632,50,discharging,None,None
21:17:18.185,staggered,7.9,399.6,157.9,1.5,1111.4,60.0,2400,0.0,0.0,15161,-637,50,discharging,None,None
21:17:18.692,staggered,8.3,399.6,222.4,77.5,1111.4,65.0,2400,0.0,0.0,15133,-584,50,discharging,None,None
21:17:19.195,staggered,8.3,449.1,222.4,44.5,1110.6,61.1,2400,0.0,0.0,15128,-683,50,discharging,None,None
21:17:19.708,staggered,8.3,449.1,222.4,3.5,1114.1,60.6,2400,0.0,0.0,15168,-590,50,discharging,None,None
21:17:20.215,staggered,8.3,449.1,458.7,100.0,1114.1,65.0,2400,0.0,0.0,15134,-581,50,discharging,None,None
21:17:20.720,staggered,8.3,705.0,458.7,39.7,1112.4,60.6,2400,0.0,0.0,15137,-701,50,discharging,None,None
21:17:21.228,staggered,8.4,705.0,458.7,6.9,1111.7,60.6,1900,0.0,0.0,15170,-567,50,discharging,None,None
21:17:21.739,staggered,8.4,705.0,458.7,100.0,1111.7,65.0,2400,0.0,0.0,15133,-559,50,discharging,None,None
21:17:22.243,staggered,8.4,732.4,443.4,41.3,1110.7,61.1,2400,0.0,0.0,15132,-689,50,discharging,None,None
21:17:22.755,staggered,8.3,732.4,443.4,5.0,1110.7,61.1,2400,0.0,0.0,15172,-571,50,discharging,None,None
21:17:23.263,staggered,8.3,732.4,443.4,100.0,1110.7,64.5,2400,0.0,0.0,15131,-572,50,discharging,None,None
21:17:23.766,staggered,8.3,583.2,387.3,35.6,1109.8,61.1,2400,0.0,0.0,15136,-694,50,discharging,None,None
21:17:24.275,staggered,8.3,583.2,387.3,31.8,1108.3,63.9,2400,0.0,0.0,15171,-563,50,discharging,None,None
21:17:24.779,staggered,8.3,403.1,158.3,83.7,1108.2,63.9,2400,0.0,0.0,15121,-595,50,discharging,None,None
21:17:25.283,staggered,8.3,403.1,158.3,5.5,1107.8,60.0,2400,0.0,0.0,15161,-657,50,discharging,None,None
21:17:25.787,staggered,8.3,396.1,158.3,82.2,1107.8,62.2,2400,0.0,0.0,15133,-609,50,discharging,None,None
21:17:26.290,staggered,8.4,396.1,170.1,38.0,1107.2,60.6,2400,0.0,0.0,15155,-642,50,discharging,None,None
21:17:26.799,staggered,8.4,396.1,170.1,56.0,1107.2,64.5,2400,0.0,0.0,15168,-585,50,discharging,None,None
21:17:27.302,staggered,8.3,397.5,170.1,28.4,1106.4,60.6,2400,0.0,0.0,15144,-612,50,discharging,None,None
21:17:27.811,staggered,8.3,397.5,159.4,54.2,1106.4,63.4,2400,0.0,0.0,15131,-625,50,discharging,None,None
21:17:28.466,staggered,8.3,395.0,159.4,56.1,1106.3,60.6,2400,0.0,0.0,15124,-656,50,discharging,None,None
21:17:28.975,staggered,8.3,395.0,171.1,49.3,1106.8,62.8,2400,0.0,0.0,15158,-611,50,discharging,None,None
21:17:29.479,staggered,8.3,406.6,171.1,72.1,1106.8,61.7,2400,0.0,0.0,15122,-665,50,discharging,None,None
21:17:29.982,staggered,7.9,406.6,171.1,3.0,1105.8,60.6,2400,0.0,0.0,15169,-601,50,discharging,None,None
21:17:30.494,staggered,7.9,406.6,171.1,81.3,1105.8,64.5,2400,0.0,0.0,15136,-549,50,discharging,None,None
21:17:30.998,staggered,8.3,660.4,468.0,61.6,1104.7,62.2,2400,0.0,0.0,15118,-703,50,discharging,None,None
21:17:31.501,staggered,8.3,660.4,468.0,2.5,1105.2,59.5,1900,0.0,0.0,15169,-593,50,discharging,None,None
21:17:32.011,staggered,8.3,660.4,468.0,84.2,1105.2,64.5,2400,0.0,0.0,15136,-529,50,discharging,None,None
21:17:32.514,staggered,8.3,718.2,460.0,61.4,1105.0,61.7,2400,0.0,0.0,15121,-682,50,discharging,None,None
21:17:33.018,staggered,8.3,718.2,460.0,2.5,1104.7,59.5,2400,0.0,0.0,15167,-593,50,discharging,None,None
21:17:33.531,staggered,8.3,718.2,460.0,84.9,1104.7,65.0,2400,0.0,0.0,15132,-554,50,discharging,None,None
21:17:34.034,staggered,8.3,571.2,349.8,50.5,1104.7,61.1,2400,0.0,0.0,15127,-688,50,discharging,None,None
21:17:34.543,staggered,8.4,571.2,349.8,15.0,1104.7,61.7,2400,0.0,0.0,15170,-574,50,discharging,None,None
21:17:35.047,staggered,8.4,399.5,349.8,85.8,1104.7,65.0,2400,0.0,0.0,15123,-593,50,discharging,None,None
21:17:35.551,staggered,8.4,399.5,164.2,20.3,1104.7,60.6,2400,0.0,0.0,15162,-655,50,discharging,None,None
21:17:36.059,staggered,8.3,399.5,164.2,77.1,1105.1,65.0,2400,0.0,0.0,15136,-596,50,discharging,None,None
21:17:36.563,staggered,8.3,398.7,158.1,41.9,1105.1,61.7,2400,0.0,0.0,15159,-628,50,discharging,None,None
21:17:37.071,staggered,8.3,398.7,158.1,39.8,1104.7,65.0,2400,0.0,0.0,15164,-581,50,discharging,None,None
21:17:37.574,staggered,8.3,408.3,158.1,45.1,1104.7,60.6,2400,0.0,0.0,15131,-623,50,discharging,None,None
21:17:38.081,staggered,8.3,408.3,172.5,37.8,1104.0,60.0,2400,0.0,0.0,15130,-641,50,discharging,None,None
21:17:38.585,staggered,8.3,398.9,172.5,81.4,1104.0,63.4,2400,0.0,0.0,15127,-640,50,discharging,None,None
21:17:39.094,staggered,8.3,398.9,172.5,9.4,1104.0,61.1,2400,0.0,0.0,15164,-596,50,discharging,None,None
21:17:39.603,staggered,8.3,398.9,167.3,90.6,1104.0,65.5,2400,0.0,0.0,15148,-577,50,discharging,None,None
21:17:40.106,staggered,8.3,402.9,167.3,21.7,1104.2,61.1,2400,0.0,0.0,15159,-658,50,discharging,None,None
21:17:40.622,staggered,8.4,402.9,167.3,24.3,1104.2,62.2,2400,0.0,0.0,15170,-546,50,discharging,None,None
21:17:41.126,staggered,8.4,402.9,167.3,100.0,1104.4,63.9,2400,0.0,0.0,15132,-585,50,discharging,None,None
21:17:41.630,staggered,7.9,800.3,664.7,48.3,1104.6,61.1,2400,0.0,0.0,15119,-727,50,discharging,None,None
21:17:42.133,staggered,7.9,800.3,664.7,3.0,1104.7,59.5,2400,0.0,0.0,15168,-589,50,discharging,None,None
21:17:42.644,staggered,7.9,800.3,664.7,97.1,1104.7,65.0,2400,0.0,0.0,15129,-556,49,discharging,None,None
21:17:43.148,staggered,8.3,567.7,401.8,38.3,1108.6,60.6,2400,0.0,0.0,15125,-686,49,discharging,None,None
21:17:43.657,staggered,8.3,567.7,401.8,28.9,1108.6,63.9,2400,0.0,0.0,15169,-571,49,discharging,None,None
21:17:44.164,staggered,8.2,402.9,401.8,84.3,1116.2,63.9,2400,0.0,0.0,15121,-595,49,discharging,None,None
21:17:44.667,staggered,8.2,402.9,172.2,9.0,1117.3,60.0,2400,0.0,0.0,15162,-660,49,discharging,None,None
21:17:45.171,staggered,8.2,404.9,172.2,82.7,1117.3,63.4,2400,0.0,0.0,15131,-601,49,discharging,None,None
21:17:45.674,staggered,8.4,404.9,158.8,36.3,1117.3,61.1,2400,0.0,0.0,15159,-628,49,discharging,None,None
21:17:46.182,staggered,8.4,404.9,158.8,51.7,1115.9,63.9,2400,0.0,0.0,15163,-580,49,discharging,None,None
21:17:46.686,staggered,8.3,409.5,158.8,34.7,1117.1,61.1,2400,0.0,0.0,15130,-627,49,discharging,None,None
21:17:47.195,staggered,8.3,409.5,167.6,47.3,1112.5,62.2,2400,0.0,0.0,15137,-633,49,discharging,None,None
21:17:47.699,staggered,8.3,407.3,167.6,73.0,1112.5,61.7,2400,0.0,0.0,15124,-631,49,discharging,None,None
21:17:48.204,staggered,8.3,407.3,167.6,18.5,1112.2,62.2,2400,0.0,0.0,15162,-599,49,discharging,None,None
21:17:48.712,staggered,8.3,407.3,174.0,91.7,1112.2,65.0,2400,0.0,0.0,15144,-578,49,discharging,None,None
21:17:49.215,staggered,8.3,407.3,174.0,12.0,1111.1,61.1,2400,0.0,0.0,15155,-660,49,discharging,None,None
21:17:49.724,staggered,8.3,407.3,174.0,47.3,1113.0,65.0,2400,0.0,0.0,15170,-549,49,discharging,None,None
21:17:50.227,staggered,8.3,568.0,356.5,83.1,1110.8,62.8,2400,0.0,0.0,15120,-628,49,discharging,None,None
21:17:50.731,staggered,8.3,568.0,356.5,2.5,1110.8,60.6,2400,0.0,0.0,15157,-673,49,discharging,None,None
21:17:51.243,staggered,8.3,568.0,356.5,63.7,1117.4,65.0,2400,0.0,0.0,15169,-520,49,discharging,None,None
21:17:51.747,staggered,8.3,736.0,490.1,86.2,1117.7,63.4,2400,0.0,0.0,15121,-653,49,discharging,None,None
21:17:52.250,staggered,8.3,736.0,490.1,2.5,1116.2,60.0,2400,0.0,0.0,15156,-681,49,discharging,None,None
21:17:52.763,staggered,8.4,736.0,490.1,37.4,1116.2,63.4,2400,0.0,0.0,15169,-504,49,discharging,None,None
21:17:53.268,staggered,8.4,736.0,452.0,100.0,1118.2,65.5,2400,0.0,0.0,15127,-597,49,discharging,None,None
21:17:53.771,staggered,7.9,703.5,452.0,15.9,1117.9,61.1,2400,0.0,0.0,15143,-704,49,discharging,None,None
21:17:54.278,staggered,7.9,703.5,452.0,31.8,1116.7,63.9,2400,0.0,0.0,15168,-554,49,discharging,None,None
21:17:54.790,staggered,7.9,643.3,452.0,100.0,1116.7,65.0,2400,0.0,0.0,15125,-592,49,discharging,None,None
21:17:55.294,staggered,8.3,643.3,435.9,14.6,1114.7,60.0,2400,0.0,0.0,15141,-703,49,discharging,None,None
21:17:55.803,staggered,8.3,643.3,435.9,46.8,1114.7,64.5,2400,0.0,0.0,15168,-552,49,discharging,None,None
21:17:56.307,staggered,8.3,399.3,158.2,71.1,1113.2,62.2,2400,0.0,0.0,15119,-601,49,discharging,None,None
21:17:56.815,staggered,8.3,399.3,158.2,10.9,1112.4,61.7,2400,0.0,0.0,15157,-656,49,discharging,None,None
21:17:57.319,staggered,8.4,415.0,158.2,75.4,1112.2,62.2,2400,0.0,0.0,15140,-590,49,discharging,None,None
21:17:57.823,staggered,8.4,415.0,170.2,37.6,1110.8,60.6,2400,0.0,0.0,15141,-645,49,discharging,None,None
21:17:58.331,staggered,8.4,415.0,170.2,69.2,1110.8,65.0,2400,0.0,0.0,15166,-580,49,discharging,None,None
21:17:58.836,staggered,8.3,395.2,170.2,30.0,1110.5,63.4,2400,0.0,0.0,15138,-600,49,discharging,None,None
21:17:59.340,staggered,8.3,395.2,163.3,53.2,1110.4,65.0,2400,0.0,0.0,15134,-633,49,discharging,None,None
21:17:59.844,staggered,8.3,395.3,163.3,51.5,1109.5,61.7,2400,0.0,0.0,15123,-650,49,discharging,None,None
21:18:00.347,staggered,8.3,395.3,157.6,36.1,1109.5,61.1,2400,0.0,0.0,15163,-610,49,discharging,None,None
21:18:00.851,staggered,8.3,394.1,157.6,82.0,1108.2,63.4,2400,0.0,0.0,15117,-656,49,discharging,None,None
21:18:01.354,staggered,8.3,394.1,157.6,3.0,1108.0,60.0,2400,0.0,0.0,15166,-596,49,discharging,None,None
21:18:01.863,staggered,8.3,394.1,325.3,75.5,1108.0,64.5,2400,0.0,0.0,15131,-563,49,discharging,None,None
21:18:02.366,staggered,8.3,529.9,325.3,52.5,1107.5,61.1,2400,0.0,0.0,15145,-675,49,discharging,None,None
21:18:02.870,staggered,8.3,529.9,325.3,2.5,1107.0,60.0,2400,0.0,0.0,15167,-553,49,discharging,None,None
21:18:03.382,staggered,8.2,529.9,325.3,94.1,1107.0,65.0,2400,0.0,0.0,15124,-600,49,discharging,None,None
21:18:03.886,staggered,8.2,654.2,412.4,39.2,1106.2,61.1,2400,0.0,0.0,15155,-684,49,discharging,None,None
21:18:04.395,staggered,8.2,654.2,412.4,9.0,1106.2,61.1,2400,0.0,0.0,15168,-525,49,discharging,None,None
21:18:04.902,staggered,8.4,654.2,412.4,100.0,1106.2,65.5,2400,0.0,0.0,15122,-616,49,discharging,None,None
21:18:05.406,staggered,8.4,718.9,301.5,56.4,1107.7,61.1,2400,0.0,0.0,15135,-727,49,discharging,None,None
21:18:05.915,staggered,8.4,718.9,301.5,8.4,1107.3,62.8,2400,0.0,0.0,15168,-551,49,discharging,None,None
21:18:06.421,staggered,6.9,407.7,301.5,87.1,1107.3,63.9,2400,0.0,0.0,15117,-598,49,discharging,None,None
21:18:06.924,staggered,6.9,407.7,168.1,29.9,1107.2,60.6,2400,0.0,0.0,15155,-661,49,discharging,None,None
21:18:07.432,staggered,8.3,407.7,168.1,69.5,1107.2,65.0,2400,0.0,0.0,15129,-594,49,discharging,None,None
21:18:07.935,staggered,8.3,407.3,169.8,51.5,1106.8,63.4,2400,0.0,0.0,15148,-634,49,discharging,None,None
21:18:08.443,staggered,8.3,407.3,169.8,31.0,1106.8,63.9,2400,0.0,0.0,15164,-584,49,discharging,None,None
21:18:08.946,staggered,8.3,393.7,169.8,52.2,1106.7,60.6,2400,0.0,0.0,15135,-610,49,discharging,None,None
21:18:09.450,staggered,8.3,393.7,164.6,36.7,1106.7,61.1,2400,0.0,0.0,15128,-630,49,discharging,None,None
21:18:09.954,staggered,8.3,396.5,164.6,81.6,1106.4,62.8,2400,0.0,0.0,15119,-652,49,discharging,None,None
21:18:10.457,staggered,8.3,396.5,164.6,1.5,1106.4,60.6,2400,0.0,0.0,15163,-595,49,discharging,None,None
21:18:10.964,staggered,8.3,396.5,160.1,89.6,1106.4,65.5,2400,0.0,0.0,15140,-581,49,discharging,None,None
21:18:11.467,staggered,8.3,427.3,160.1,30.5,1106.0,62.2,2400,0.0,0.0,15154,-661,49,discharging,None,None
21:18:11.976,staggered,8.3,427.3,160.1,30.5,1105.4,63.4,2400,0.0,0.0,15167,-547,49,discharging,None,None
21:18:12.480,staggered,8.3,565.6,359.5,100.0,1105.4,66.1,2400,0.0,0.0,15118,-651,49,discharging,None,None
21:18:12.983,staggered,8.3,565.6,359.5,4.5,1105.2,60.6,2400,0.0,0.0,15157,-664,49,discharging,None,None
21:18:13.500,staggered,8.4,565.6,359.5,43.3,1105.2,63.4,2400,0.0,0.0,15165,-518,49,discharging,None,None
21:18:14.004,staggered,8.4,682.0,423.1,94.6,1105.1,62.8,2400,0.0,0.0,15118,-669,49,discharging,None,None
21:18:14.507,staggered,8.3,682.0,423.1,1.5,1105.1,60.0,2400,0.0,0.0,15160,-651,49,discharging,None,None
21:18:15.016,staggered,8.3,682.0,423.1,50.5,1105.1,65.0,2400,0.0,0.0,15159,-516,49,discharging,None,None
21:18:15.521,staggered,8.3,647.3,396.2,84.7,1104.6,62.8,2400,0.0,0.0,15114,-676,49,discharging,None,None
21:18:16.024,staggered,8.3,647.3,396.2,1.5,1104.6,60.0,2400,0.0,0.0,15162,-632,49,discharging,None,None
21:18:16.535,staggered,8.3,647.3,396.2,64.5,1104.6,65.0,2400,0.0,0.0,15143,-527,49,discharging,None,None
21:18:17.039,staggered,8.3,395.2,356.1,64.2,1104.6,61.1,2400,0.0,0.0,15114,-672,49,discharging,None,None
21:18:17.548,staggered,8.3,395.2,356.1,29.6,1104.6,62.8,2400,0.0,0.0,15166,-589,49,discharging,None,None
21:18:18.051,staggered,7.9,419.3,356.1,59.1,1103.9,60.6,2400,0.0,0.0,15118,-577,49,discharging,None,None
21:18:18.555,staggered,7.9,419.3,169.8,36.3,1103.9,61.1,2400,0.0,0.0,15124,-643,49,discharging,None,None
21:18:19.058,staggered,7.9,411.5,169.8,83.5,1104.4,65.5,2400,0.0,0.0,15125,-617,49,discharging,None,None
21:18:19.567,staggered,8.3,411.5,169.8,6.5,1104.4,61.1,2400,0.0,0.0,15155,-597,49,discharging,None,None
21:18:20.071,staggered,8.3,411.5,163.9,76.6,1104.6,65.0,2400,0.0,0.0,15157,-582,49,discharging,None,None
21:18:20.575,staggered,8.3,386.9,163.9,35.6,1106.5,61.1,2400,0.0,0.0,15144,-656,49,discharging,None,None
21:18:21.087,staggered,8.3,386.9,163.9,35.6,1107.8,63.9,2400,0.0,0.0,15165,-571,49,discharging,None,None
21:18:21.591,staggered,8.3,463.4,217.0,84.7,1109.2,61.7,2400,0.0,0.0,15113,-645,49,discharging,None,None
21:18:22.094,staggered,8.3,463.4,217.0,1.5,1109.0,60.6,2400,0.0,0.0,15160,-648,49,discharging,None,None
21:18:22.607,staggered,8.3,463.4,217.0,61.8,1109.0,62.2,1900,0.0,0.0,15151,-514,49,discharging,None,None
21:18:23.110,staggered,8.3,734.0,512.4,87.6,1108.3,62.8,2400,0.0,0.0,15121,-654,49,discharging,None,None
21:18:23.614,staggered,8.3,734.0,512.4,2.0,1110.2,60.6,2400,0.0,0.0,15157,-626,49,discharging,None,None
21:18:24.127,staggered,8.4,734.0,512.4,58.6,1109.0,63.9,2400,0.0,0.0,15158,-517,49,discharging,None,None
21:18:24.630,staggered,8.4,653.0,399.9,74.3,1109.0,61.7,2400,0.0,0.0,15112,-678,49,discharging,None,None
21:18:25.134,staggered,8.4,653.0,399.9,2.0,1109.0,60.6,2400,0.0,0.0,15160,-636,49,discharging,None,None
21:18:25.643,staggered,8.4,653.0,399.9,71.0,1109.0,65.0,2400,0.0,0.0,15144,-519,49,discharging,None,None
21:18:26.146,staggered,8.4,483.4,256.9,54.2,1107.6,61.7,2400,0.0,0.0,15114,-671,49,discharging,None,None
21:18:26.655,staggered,8.3,483.4,256.9,18.1,1107.6,62.2,2400,0.0,0.0,15162,-599,49,discharging,None,None
21:18:27.159,staggered,8.3,403.0,256.9,77.5,1106.4,63.9,2400,0.0,0.0,15118,-593,49,discharging,None,None
21:18:27.663,staggered,8.3,403.0,160.9,23.5,1107.6,60.0,2400,0.0,0.0,15154,-655,49,discharging,None,None
21:18:28.170,staggered,8.3,395.6,160.9,79.1,1107.6,65.0,2400,0.0,0.0,15134,-589,49,discharging,None,None
21:18:28.674,staggered,8.3,395.6,166.1,39.6,1107.6,62.2,2400,0.0,0.0,15154,-608,49,discharging,None,None
21:18:29.183,staggered,8.3,395.6,166.1,40.6,1107.1,65.0,2400,0.0,0.0,15153,-581,49,discharging,None,None
21:18:29.686,staggered,8.3,401.5,166.1,52.5,1107.6,61.7,2400,0.0,0.0,15114,-655,49,discharging,None,None
21:18:30.190,staggered,7.9,401.5,164.2,37.3,1106.9,60.6,2400,0.0,0.0,15145,-658,49,discharging,None,None
21:18:30.694,staggered,7.9,395.2,164.2,81.7,1107.8,62.8,2400,0.0,0.0,15124,-609,49,discharging,None,None
21:18:31.203,staggered,7.9,395.2,164.2,4.0,1108.1,62.2,2400,0.0,0.0,15153,-594,49,discharging,None,None
21:18:31.712,staggered,8.3,395.2,162.9,89.3,1108.1,65.0,2400,0.0,0.0,15138,-581,49,discharging,None,None
21:18:32.215,staggered,8.3,398.1,162.9,26.0,1107.1,60.0,2400,0.0,0.0,15134,-658,49,discharging,None,None
21:18:32.727,staggered,8.4,398.1,162.9,36.0,1107.1,63.4,2400,0.0,0.0,15163,-563,49,discharging,None,None
21:18:33.231,staggered,8.4,565.1,351.9,95.0,1105.3,64.5,2400,0.0,0.0,15119,-613,49,discharging,None,None
21:18:33.734,staggered,8.3,565.1,351.9,2.5,1105.5,60.6,2400,0.0,0.0,15151,-680,49,discharging,None,None
21:18:34.247,staggered,8.3,565.1,351.9,51.2,1105.5,63.4,2400,0.0,0.0,15166,-523,49,discharging,None,None
21:18:34.750,staggered,8.3,730.8,483.1,96.5,1105.5,64.5,2400,0.0,0.0,15115,-639,49,discharging,None,None
21:18:35.254,staggered,8.3,730.8,483.1,2.5,1104.8,60.0,2400,0.0,0.0,15153,-693,49,discharging,None,None
21:18:35.763,staggered,8.3,730.8,483.1,48.5,1104.8,65.0,2400,0.0,0.0,15166,-519,49,discharging,None,None
21:18:36.267,staggered,8.2,642.7,417.4,91.7,1104.3,63.4,2400,0.0,0.0,15118,-635,49,discharging,None,None
21:18:36.770,staggered,8.2,642.7,417.4,2.5,1104.3,61.1,2400,0.0,0.0,15152,-687,49,discharging,None,None
21:18:37.279,staggered,8.2,642.7,417.4,62.9,1105.5,64.5,2400,0.0,0.0,15163,-532,49,discharging,None,None
21:18:37.782,staggered,8.4,395.9,167.9,55.0,1105.5,61.1,2400,0.0,0.0,15128,-648,49,discharging,None,None
21:18:38.291,staggered,8.4,395.9,167.9,27.5,1105.5,63.9,2400,0.0,0.0,15160,-627,49,discharging,None,None
21:18:38.796,staggered,8.3,399.1,167.9,59.8,1105.5,61.7,2400,0.0,0.0,15118,-601,49,discharging,None,None
21:18:39.300,staggered,8.3,399.1,163.2,33.2,1104.8,60.6,2400,0.0,0.0,15124,-655,49,discharging,None,None
21:18:39.803,staggered,8.3,395.0,163.2,81.1,1104.8,62.8,2400,0.0,0.0,15135,-583,49,discharging,None,None
21:18:40.310,staggered,8.3,395.0,155.5,34.3,1105.0,63.4,2400,0.0,0.0,15149,-594,49,discharging,None,None
21:18:40.817,staggered,8.3,395.0,155.5,53.2,1105.0,65.0,2400,0.0,0.0,15158,-581,49,discharging,None,None
21:18:41.320,staggered,8.3,583.7,155.5,45.8,1105.0,61.1,2400,0.0,0.0,15112,-671,49,discharging,None,None
21:18:41.824,staggered,8.3,583.7,166.9,36.8,1104.6,61.1,2400,0.0,0.0,15159,-640,49,discharging,None,None
21:18:42.332,staggered,7.9,583.7,166.9,77.0,1105.3,65.0,2400,0.0,0.0,15152,-555,49,discharging,None,None
21:18:42.836,staggered,7.9,401.9,166.9,7.5,1104.3,60.0,1600,0.0,0.0,15147,-628,49,discharging,None,None
21:18:43.344,staggered,7.9,401.9,191.6,79.3,1104.3,65.0,2400,0.0,0.0,15148,-590,49,discharging,None,None
21:18:43.847,staggered,8.3,406.6,191.6,44.3,1104.2,61.1,2400,0.0,0.0,15114,-639,49,discharging,None,None
21:18:44.360,staggered,8.3,406.6,191.6,21.0,1104.2,63.9,2400,0.0,0.0,15160,-598,49,discharging,None,None
21:18:44.865,staggered,8.3,406.6,314.9,100.0,1104.2,65.5,2400,0.0,0.0,15125,-562,49,discharging,None,None
21:18:45.369,staggered,8.3,524.6,314.9,9.0,1103.9,60.6,2400,0.0,0.0,15137,-678,49,discharging,None,None
21:18:45.880,staggered,8.2,524.6,314.9,40.2,1103.9,62.8,2400,0.0,0.0,15161,-557,49,discharging,None,None
21:18:46.384,staggered,8.2,674.5,440.3,98.0,1103.9,65.0,2400,0.0,0.0,15117,-595,49,discharging,None,None
21:18:46.887,staggered,8.2,674.5,440.3,3.0,1103.9,60.6,2400,0.0,0.0,15146,-692,49,discharging,None,None
21:18:47.395,staggered,8.5,674.5,440.3,47.3,1103.9,64.5,2400,0.0,0.0,15162,-539,49,discharging,None,None
21:18:47.898,staggered,8.5,701.8,376.1,96.0,1105.3,63.9,2400,0.0,0.0,15119,-606,49,discharging,None,None
21:18:48.402,staggered,8.3,701.8,376.1,2.5,1105.5,60.6,2400,0.0,0.0,15150,-695,49,discharging,None,None
21:18:48.911,staggered,8.3,701.8,376.1,49.0,1105.8,63.4,2400,0.0,0.0,15162,-530,49,discharging,None,None
21:18:49.415,staggered,8.3,532.7,310.5,82.2,1105.8,62.8,2400,0.0,0.0,15115,-614,49,discharging,None,None
21:18:49.918,staggered,8.3,532.7,310.5,2.5,1104.8,60.0,2400,0.0,0.0,15149,-681,49,discharging,None,None
21:18:50.422,staggered,8.3,399.4,310.5,82.2,1104.6,64.5,2400,0.0,0.0,15155,-555,49,discharging,None,None
21:18:50.925,staggered,8.3,399.4,161.0,36.5,1103.7,60.6,2400,0.0,0.0,15140,-644,49,discharging,None,None
21:18:51.432,staggered,8.3,399.4,161.0,45.0,1104.1,64.5,2400,0.0,0.0,15158,-610,49,discharging,None,None
21:18:51.936,staggered,8.4,423.0,161.0,54.5,1104.6,63.9,2400,0.0,0.0,15112,-612,49,discharging,None,None
21:18:52.443,staggered,8.4,423.0,171.4,28.0,1104.8,61.1,2400,0.0,0.0,15119,-664,49,discharging,None,None
21:18:52.946,staggered,8.4,399.2,171.4,78.1,1104.6,61.7,2400,0.0,0.0,15127,-592,49,discharging,None,None
21:18:53.450,staggered,8.3,399.2,167.2,46.0,1105.1,63.4,2400,0.0,0.0,15147,-602,49,discharging,None,None
21:18:53.959,staggered,8.3,399.2,167.2,66.7,1105.1,65.0,2400,0.0,0.0,15121,-618,49,discharging,None,None
21:18:54.462,staggered,7.9,403.1,167.2,18.2,1104.4,61.1,2400,0.0,0.0,15149,-601,49,discharging,None,None
21:18:54.972,staggered,7.9,403.1,170.8,65.7,1103.7,66.1,2400,0.0,0.0,15129,-582,49,discharging,None,None
21:18:55.476,staggered,8.3,400.8,170.8,54.5,1103.7,61.7,2400,0.0,0.0,15130,-657,49,discharging,None,None
21:18:55.986,staggered,8.3,400.8,170.8,3.4,1103.5,60.6,2400,0.0,0.0,15159,-566,49,discharging,None,None
21:18:56.490,staggered,8.3,400.8,387.9,99.5,1103.5,65.5,2400,0.0,0.0,15118,-598,49,discharging,None,None
21:18:56.994,staggered,8.3,592.7,387.9,30.7,1103.2,60.6,2400,0.0,0.0,15147,-679,49,discharging,None,None
21:18:57.508,staggered,8.3,592.7,387.9,19.5,1103.2,62.8,2400,0.0,0.0,15161,-526,49,discharging,None,None
21:18:58.012,staggered,8.2,592.7,387.9,100.0,1103.2,65.0,2400,0.0,0.0,15113,-626,49,discharging,None,None
21:18:58.516,staggered,8.2,743.5,479.1,34.8,1103.2,61.1,2400,0.0,0.0,15147,-707,49,discharging,None,None
21:18:59.024,staggered,8.2,743.5,479.1,14.7,1103.2,61.7,2400,0.0,0.0,15160,-527,49,discharging,None,None
21:18:59.533,staggered,8.4,743.5,479.1,100.0,1103.2,65.5,2400,0.0,0.0,15114,-616,49,discharging,None,None
21:19:00.036,staggered,8.4,619.2,392.8,26.9,1103.6,60.6,2400,0.0,0.0,15148,-690,49,discharging,None,None
21:19:00.544,staggered,8.4,619.2,392.8,33.2,1103.6,65.0,2400,0.0,0.0,15161,-536,49,discharging,None,None
21:19:01.047,staggered,8.4,394.9,172.9,85.6,1104.1,63.9,2400,0.0,0.0,15127,-631,49,discharging,None,None
21:19:01.551,staggered,8.3,394.9,172.9,2.5,1104.1,60.6,2400,0.0,0.0,15153,-636,49,discharging,None,None
21:19:02.055,staggered,8.3,399.3,172.9,82.1,1104.4,63.4,2400,0.0,0.0,15116,-609,49,discharging,None,None
21:19:02.558,staggered,8.3,399.3,158.5,37.1,1104.4,61.1,2400,0.0,0.0,15117,-654,49,discharging,None,None
21:19:03.067,staggered,8.3,399.3,158.5,56.7,1104.4,65.0,2400,0.0,0.0,15139,-578,49,discharging,None,None
21:19:03.571,staggered,8.3,399.3,158.5,27.6,1103.9,60.6,2400,0.0,0.0,15148,-593,49,discharging,None,None
21:19:04.079,staggered,8.3,399.3,160.5,54.7,1103.7,63.4,2400,0.0,0.0,15154,-588,49,discharging,None,None
21:19:04.583,staggered,8.3,397.7,160.5,63.1,1103.7,61.7,2400,0.0,0.0,15109,-656,49,discharging,None,None
21:19:05.279,staggered,8.3,397.7,347.0,36.0,1103.7,61.7,2400,0.0,0.0,15121,-581,49,discharging,None,None
21:19:05.782,staggered,8.3,410.8,347.0,83.7,1103.7,61.1,2400,0.0,0.0,15109,-677,49,discharging,None,None
21:19:06.286,staggered,8.3,410.8,347.0,2.5,1103.2,60.6,2400,0.0,0.0,15156,-601,49,discharging,None,None
21:19:06.799,staggered,7.9,410.8,347.0,62.4,1103.2,63.9,2400,0.0,0.0,15126,-524,49,discharging,None,None
21:19:07.302,staggered,7.9,749.6,603.4,92.0,1105.0,63.4,2400,0.0,0.0,15109,-711,49,discharging,None,None
21:19:07.806,staggered,8.3,749.6,603.4,2.5,1105.0,61.1,2400,0.0,0.0,15156,-633,49,discharging,None,None
21:19:08.323,staggered,8.3,749.6,603.4,55.3,1105.5,63.9,2400,0.0,0.0,15143,-507,49,discharging,None,None
21:19:08.827,staggered,8.3,657.1,502.6,95.0,1105.3,63.9,2400,0.0,0.0,15110,-681,49,discharging,None,None
21:19:09.330,staggered,8.3,657.1,502.6,3.0,1105.3,60.6,2400,0.0,0.0,15153,-637,49,discharging,None,None
21:19:09.839,staggered,8.3,657.1,502.6,66.8,1106.1,64.5,2400,0.0,0.0,15123,-553,49,discharging,None,None
21:19:10.342,staggered,8.4,393.6,159.7,51.0,1106.0,61.7,2400,0.0,0.0,15108,-657,49,discharging,None,None
21:19:10.848,staggered,8.4,393.6,159.7,31.8,1106.0,64.5,2400,0.0,0.0,15156,-584,49,discharging,None,None
21:19:11.353,staggered,8.3,399.4,159.7,53.2,1106.0,61.1,2400,0.0,0.0,15118,-596,49,discharging,None,None
21:19:11.857,staggered,8.3,399.4,171.6,38.1,1106.1,60.6,2400,0.0,0.0,15149,-638,49,discharging,None,None
21:19:12.360,staggered,8.3,395.1,171.6,82.1,1106.1,62.8,2400,0.0,0.0,15113,-649,49,discharging,None,None
21:19:12.868,staggered,8.3,395.1,171.6,29.6,1106.1,64.5,2400,0.0,0.0,15155,-613,49,discharging,None,None
21:19:13.373,staggered,8.3,395.1,165.1,64.2,1105.4,65.0,2400,0.0,0.0,15130,-581,49,discharging,None,None
21:19:13.876,staggered,8.3,399.4,165.1,27.9,1105.0,60.0,2400,0.0,0.0,15146,-642,49,discharging,None,None
21:19:14.393,staggered,8.3,399.4,161.5,53.7,1105.0,65.0,2400,0.0,0.0,15134,-589,49,discharging,None,None
21:19:14.896,staggered,8.3,396.8,161.5,63.4,1104.9,61.7,2400,0.0,0.0,15106,-657,49,discharging,None,None
21:19:15.400,staggered,8.3,396.8,161.5,3.0,1105.4,60.6,2400,0.0,0.0,15155,-596,49,discharging,None,None
21:19:15.907,staggered,8.3,396.8,161.5,90.1,1105.4,65.0,2400,0.0,0.0,15122,-561,49,discharging,None,None
21:19:16.411,staggered,8.2,672.7,479.5,55.8,1105.1,62.8,2400,0.0,0.0,15109,-707,49,discharging,None,None
21:19:16.915,staggered,8.2,672.7,479.5,2.5,1105.1,60.6,2400,0.0,0.0,15158,-587,49,discharging,None,None
21:19:17.776,staggered,8.4,672.7,479.5,94.5,1105.1,64.5,2400,0.0,0.0,15109,-650,49,discharging,None,None
21:19:18.280,staggered,8.4,820.8,652.1,4.5,1107.3,61.1,2400,0.0,0.0,15145,-703,49,discharging,None,None
21:19:18.788,staggered,8.4,820.8,652.1,40.9,1107.8,65.0,2400,0.0,0.0,15155,-531,49,discharging,None,None
21:19:19.292,staggered,6.0,403.4,174.6,77.6,1107.9,62.2,2400,0.0,0.0,15107,-637,49,discharging,None,None
21:19:19.802,staggered,6.0,403.4,174.6,4.5,1107.6,60.0,2400,0.0,0.0,15145,-677,49,discharging,None,None
21:19:20.306,staggered,8.3,398.0,174.6,79.6,1107.4,62.2,2400,0.0,0.0,15115,-604,49,discharging,None,None
21:19:20.810,staggered,8.3,398.0,171.0,38.0,1109.9,61.1,2400,0.0,0.0,15119,-674,49,discharging,None,None
21:19:21.316,staggered,8.3,398.0,171.0,65.3,1110.1,65.5,2400,0.0,0.0,15156,-589,49,discharging,None,None
21:19:21.820,staggered,8.3,402.6,171.0,36.0,1110.1,62.8,2400,0.0,0.0,15128,-596,49,discharging,None,None
21:19:22.332,staggered,8.3,402.6,159.0,44.3,1110.1,64.5,2400,0.0,0.0,15137,-631,49,discharging,None,None
21:19:22.836,staggered,8.3,402.4,159.0,55.0,1107.8,60.6,2400,0.0,0.0,15111,-652,49,discharging,None,None
21:19:23.340,staggered,8.3,402.4,155.0,34.5,1107.8,61.7,2400,0.0,0.0,15155,-594,49,discharging,None,None
21:19:23.843,staggered,8.3,363.6,155.0,74.8,1107.5,62.8,2400,0.0,0.0,15129,-568,49,discharging,None,None
21:19:24.347,staggered,8.3,363.6,155.0,0.0,1106.9,59.5,2400,0.0,0.0,15146,-630,49,discharging,None,None
21:19:24.856,staggered,8.3,363.6,228.1,80.1,1106.9,65.5,2400,0.0,0.0,15148,-559,49,discharging,None,None
21:19:25.360,staggered,8.3,428.8,228.1,31.2,1106.2,60.6,2400,0.0,0.0,15106,-648,49,discharging,None,None
21:19:25.870,staggered,8.3,428.8,228.1,14.9,1104.8,62.2,2400,0.0,0.0,15155,-593,49,discharging,None,None
21:19:26.383,staggered,8.3,428.8,228.1,100.0,1104.8,65.5,2400,0.0,0.0,15109,-632,49,discharging,None,None
21:19:26.886,staggered,8.3,826.8,703.8,49.8,1104.3,61.1,2400,0.0,0.0,15105,-711,49,discharging,None,None
21:19:27.390,staggered,8.3,826.8,703.8,0.0,1105.1,59.5,2400,0.0,0.0,15153,-531,49,discharging,None,None
21:19:27.899,staggered,8.3,363.5,703.8,94.1,1106.2,65.0,2400,0.0,0.0,15139,-606,49,discharging,None,None
21:19:28.402,staggered,8.3,363.5,159.8,12.9,1106.0,60.0,1900,0.0,0.0,15148,-638,49,discharging,None,None
21:19:28.908,staggered,8.3,363.5,159.8,63.7,1106.0,64.5,2400,0.0,0.0,15162,-522,49,discharging,None,None
21:19:29.412,staggered,8.3,403.4,150.6,51.2,1105.7,61.7,2400,0.0,0.0,15118,-599,49,discharging,None,None
21:19:29.920,staggered,8.3,403.4,150.6,26.1,1105.7,63.4,2400,0.0,0.0,15156,-573,49,discharging,None,None
21:19:30.424,staggered,8.3,367.3,150.6,49.3,1104.6,60.6,2400,0.0,0.0,15139,-580,49,discharging,None,None
21:19:30.928,staggered,8.3,367.3,154.9,32.5,1104.6,60.0,2400,0.0,0.0,15145,-606,49,discharging,None,None
21:19:31.431,staggered,8.3,363.2,154.9,74.8,1106.1,61.1,2400,0.0,0.0,15139,-571,49,discharging,None,None
21:19:31.939,staggered,8.3,363.2,154.9,17.3,1110.0,62.8,2400,0.0,0.0,15145,-593,49,discharging,None,None
21:19:32.443,staggered,8.3,363.2,149.9,79.6,1110.0,66.1,2400,0.0,0.0,15124,-577,49,discharging,None,None
21:19:32.947,staggered,8.3,363.5,149.9,10.4,1109.1,60.6,2400,0.0,0.0,15115,-638,49,discharging,None,None
21:19:33.458,staggered,8.3,363.5,149.9,50.2,1109.1,63.4,2400,0.0,0.0,15155,-543,49,discharging,None,None
21:19:33.962,staggered,8.3,525.3,332.8,73.5,1108.1,61.7,2400,0.0,0.0,15114,-656,49,discharging,None,None
21:19:34.465,staggered,8.3,525.3,332.8,0.0,1108.1,60.0,2400,0.0,0.0,15146,-656,49,discharging,None,None
21:19:34.978,staggered,8.3,525.3,332.8,70.8,1108.1,63.9,2400,0.0,0.0,15157,-541,49,discharging,None,None
21:19:35.482,staggered,8.3,741.4,530.8,78.3,1107.6,62.2,2400,0.0,0.0,15104,-712,49,discharging,None,None
21:19:35.985,staggered,8.3,741.4,530.8,0.0,1106.9,60.0,2400,0.0,0.0,15154,-604,49,discharging,None,None
21:19:36.499,staggered,8.3,741.4,530.8,67.2,1106.9,64.5,2400,0.0,0.0,15119,-535,49,discharging,None,None
21:19:37.002,staggered,8.3,436.4,236.7,44.3,1106.4,61.1,2400,0.0,0.0,15132,-647,49,discharging,None,None
21:19:37.511,staggered,8.3,436.4,236.7,22.1,1106.9,63.4,2400,0.0,0.0,15157,-556,49,discharging,None,None
21:19:38.015,staggered,8.3,362.8,236.7,73.7,1107.9,64.5,2400,0.0,0.0,15119,-587,49,discharging,None,None
21:19:38.518,staggered,8.3,362.8,156.7,11.4,1107.9,60.0,2400,0.0,0.0,15144,-626,49,discharging,None,None
21:19:39.022,staggered,8.3,375.9,156.7,77.7,1107.2,61.7,2400,0.0,0.0,15116,-616,49,discharging,None,None
21:19:39.526,staggered,8.3,375.9,146.8,32.3,1107.2,61.1,2400,0.0,0.0,15139,-626,49,discharging,None,None
21:19:40.032,staggered,8.3,375.9,146.8,59.6,1107.2,65.5,2400,0.0,0.0,15132,-575,49,discharging,None,None
21:19:40.535,staggered,8.3,362.9,146.8,15.5,1106.9,60.6,2400,0.0,0.0,15145,-579,49,discharging,None,None
21:19:41.043,staggered,8.3,362.9,147.7,60.7,1106.5,64.5,2400,0.0,0.0,15134,-574,49,discharging,None,None
21:19:41.547,staggered,8.3,362.3,147.7,46.3,1108.4,60.0,2400,0.0,0.0,15125,-638,49,discharging,None,None
21:19:42.055,staggered,8.3,362.3,147.7,18.4,1107.9,62.2,2400,0.0,0.0,15155,-560,49,discharging,None,None
21:19:42.559,staggered,8.3,459.8,259.8,95.1,1107.9,63.9,2400,0.0,0.0,15103,-625,49,discharging,None,None
21:19:43.063,staggered,8.3,459.8,259.8,0.5,1108.5,60.0,2400,0.0,0.0,15148,-654,49,discharging,None,None
21:19:43.575,staggered,8.3,459.8,259.8,50.0,1108.5,63.4,2400,0.0,0.0,15148,-510,49,discharging,None,None
21:19:44.078,staggered,8.3,628.0,391.0,77.3,1108.1,60.6,2400,0.0,0.0,15106,-662,49,discharging,None,None
21:19:44.582,staggered,8.3,628.0,391.0,0.0,1108.1,60.0,2400,0.0,0.0,15154,-610,49,discharging,None,None
21:19:45.092,staggered,8.3,628.0,391.0,67.6,1107.7,63.9,2400,0.0,0.0,15126,-518,49,discharging,None,None
21:19:45.596,staggered,8.3,562.8,351.5,56.7,1107.1,60.6,2400,0.0,0.0,15108,-668,49,discharging,None,None
21:19:46.100,staggered,8.3,562.8,351.5,0.0,1107.0,59.5,2400,0.0,0.0,15154,-581,49,discharging,None,None
21:19:46.608,staggered,8.3,363.8,351.5,82.8,1107.0,62.8,2400,0.0,0.0,15110,-576,49,discharging,None,None
21:19:47.112,staggered,8.3,363.8,149.8,23.9,1106.6,60.6,2400,0.0,0.0,15148,-637,49,discharging,None,None
21:19:47.620,staggered,8.3,363.8,149.8,68.1,1106.6,64.5,2400,0.0,0.0,15130,-577,49,discharging,None,None
21:19:48.124,staggered,8.3,361.6,147.3,38.8,1105.8,62.2,2400,0.0,0.0,15143,-607,49,discharging,None,None
21:19:48.632,staggered,8.3,361.6,147.3,38.7,1105.8,63.9,2400,0.0,0.0,15150,-573,49,discharging,None,None
21:19:49.136,staggered,8.3,365.1,147.3,36.5,1105.6,60.0,1900,0.0,0.0,15127,-609,49,discharging,None,None
21:19:49.644,staggered,8.3,365.1,167.4,42.8,1105.6,61.1,2400,0.0,0.0,15135,-595,49,discharging,None,None
21:19:50.148,staggered,8.3,361.8,167.4,67.0,1105.3,60.6,2400,0.0,0.0,15106,-615,49,discharging,None,None
21:19:50.659,staggered,8.3,361.8,167.4,4.0,1105.3,60.6,2400,0.0,0.0,15153,-579,49,discharging,None,None
21:19:51.163,staggered,8.3,397.9,178.2,99.5,1105.3,64.5,2400,0.0,0.0,15119,-574,49,discharging,None,None
21:19:51.666,staggered,8.3,397.9,178.2,3.5,1112.5,59.5,2400,0.0,0.0,15144,-641,49,discharging,None,None
21:19:52.178,staggered,8.3,397.9,178.2,41.4,1113.0,63.9,2400,0.0,0.0,15156,-515,49,discharging,None,None
21:19:52.682,staggered,8.3,709.5,500.1,99.0,1113.0,65.0,2400,0.0,0.0,15107,-638,49,discharging,None,None
21:19:53.185,staggered,8.3,709.5,500.1,1.0,1111.8,60.0,2400,0.0,0.0,15142,-683,49,discharging,None,None
21:19:53.693,staggered,8.3,709.5,500.1,43.1,1112.8,65.0,2400,0.0,0.0,15156,-512,49,discharging,None,None
21:19:54.196,staggered,8.3,599.8,378.4,84.1,1111.6,62.2,2400,0.0,0.0,15105,-642,49,discharging,None,None
21:19:54.700,staggered,8.3,599.8,378.4,0.0,1111.6,59.5,1500,0.0,0.0,15147,-651,49,discharging,None,None
21:19:55.208,staggered,8.3,599.8,378.4,65.5,1110.6,65.0,2400,0.0,0.0,15154,-477,49,discharging,None,None
21:19:55.711,staggered,8.3,383.1,148.7,44.5,1110.6,60.0,2400,0.0,0.0,15105,-605,49,discharging,None,None
